# File produced by Open Asset Import Library (http://www.assimp.sf.net)
# (assimp v6.0.0)

mtllib ship17d.mtl

# 4464 vertex positions
v -81.3035202 32.7688675 137.977814
v -56.2481651 27.7439861 170.851334
v -54.5513611 24.8339863 139.907578
v -54.5513611 24.8339863 139.907578
v -50.0985603 22.4984722 120.013329
v -81.3035202 32.7688675 137.977814
v -50.0985603 22.4984722 120.013329
v -95.1496811 35.3176689 107.29702
v -81.3035202 32.7688675 137.977814
v -95.1496811 35.3176689 107.29702
v -50.0985603 22.4984722 120.013329
v -66.7990417 25.6496677 86.6995087
v -66.7990417 25.6496677 86.6995087
v -102.353523 36.9799881 85.588707
v -95.1496811 35.3176689 107.29702
v -102.353523 36.9799881 85.588707
v -66.7990417 25.6496677 86.6995087
v -78.3439255 25.8654289 66.7933426
v -38.8864822 16.1646328 72.9515076
v -78.3439255 25.8654289 66.7933426
v -66.7990417 25.6496677 86.6995087
v -78.3439255 25.8654289 66.7933426
v -38.8864822 16.1646328 72.9515076
v -47.8159218 17.6273556 50.7088661
v -38.8864822 16.1646328 72.9515076
v -5.57384014 12.859354 44.7695122
v -47.8159218 17.6273556 50.7088661
v -5.57384014 12.859354 44.7695122
v -38.8864822 16.1646328 72.9515076
v -10.6649599 12.4071932 67.0095062
v -50.0985603 22.4984722 120.013329
v -41.9246407 19.0546322 106.554611
v -66.7990417 25.6496677 86.6995087
v -41.9246407 19.0546322 106.554611
v -38.8864822 16.1646328 72.9515076
v -66.7990417 25.6496677 86.6995087
v -41.9246407 19.0546322 106.554611
v -29.9071198 14.6183929 98.0434875
v -38.8864822 16.1646328 72.9515076
v -8.47064018 12.2432728 92.7695847
v -38.8864822 16.1646328 72.9515076
v -29.9071198 14.6183929 98.0434875
v -38.8864822 16.1646328 72.9515076
v -8.47064018 12.2432728 92.7695847
v -10.6649599 12.4071932 67.0095062
v -9.12335968 -10.8824024 92.8298264
v -10.6649599 12.4071932 67.0095062
v -8.47064018 12.2432728 92.7695847
v -10.6649599 12.4071932 67.0095062
v -9.12335968 -10.8824024 92.8298264
v -12.7260809 -11.8911209 66.8297424
v -8.58528042 -11.3636007 44.8296738
v -10.6649599 12.4071932 67.0095062
v -12.7260809 -11.8911209 66.8297424
v -10.6649599 12.4071932 67.0095062
v -8.58528042 -11.3636007 44.8296738
v -5.57384014 12.859354 44.7695122
v -55.2738419 -0.160402209 51.1619835
v -5.57384014 12.859354 44.7695122
v -8.58528042 -11.3636007 44.8296738
v -5.57384014 12.859354 44.7695122
v -55.2738419 -0.160402209 51.1619835
v -47.8159218 17.6273556 50.7088661
v -55.2738419 -0.160402209 51.1619835
v -78.3439255 25.8654289 66.7933426
v -47.8159218 17.6273556 50.7088661
v -78.3439255 25.8654289 66.7933426
v -55.2738419 -0.160402209 51.1619835
v -83.7530441 14.3256741 68.3092651
v -78.3439255 25.8654289 66.7933426
v -83.7530441 14.3256741 68.3092651
v -102.353523 36.9799881 85.588707
v 27.4289608 23.7951946 47.679512
v 37.1750412 7.19999504 69.5750275
v 39.6000023 7.19999599 49.1999855
v 37.1750412 7.19999504 69.5750275
v 27.4289608 23.7951946 47.679512
v 21.0548801 24.7729492 72.8602295
v 21.0548801 24.7729492 72.8602295
v 29.2000008 7.19999409 95.1999893
v 37.1750412 7.19999504 69.5750275
v 29.2000008 7.19999409 95.1999893
v 21.0548801 24.7729492 72.8602295
v 16.5775204 21.9091911 94.6273499
v 11.5181608 18.2387123 112.122375
v 29.2000008 7.19999409 95.1999893
v 16.5775204 21.9091911 94.6273499
v 29.2000008 7.19999409 95.1999893
v 11.5181608 18.2387123 112.122375
v 9.45248032 7.19999218 136.759415
v 0 21.7950306 119.230453
v 9.45248032 7.19999218 136.759415
v 11.5181608 18.2387123 112.122375
v 9.45248032 7.19999218 136.759415
v 0 21.7950306 119.230453
v 0 7.1999917 148.923004
v 27.4289608 23.7951946 47.679512
v 0 32.9143906 72.2020721
v 21.0548801 24.7729492 72.8602295
v 0 28.1955872 101.127571
v 21.0548801 24.7729492 72.8602295
v 0 32.9143906 72.2020721
v 21.0548801 24.7729492 72.8602295
v 0 28.1955872 101.127571
v 16.5775204 21.9091911 94.6273499
v 0 28.1955872 101.127571
v 11.5181608 18.2387123 112.122375
v 16.5775204 21.9091911 94.6273499
v 11.5181608 18.2387123 112.122375
v 0 28.1955872 101.127571
v 0 21.7950306 119.230453
v 0 28.1955872 101.127571
v -11.5181608 18.2387123 112.122375
v 0 21.7950306 119.230453
v -9.45248032 7.19999218 136.759415
v 0 21.7950306 119.230453
v -11.5181608 18.2387123 112.122375
v 0 21.7950306 119.230453
v -9.45248032 7.19999218 136.759415
v 0 7.1999917 148.923004
v 0 32.9143906 72.2020721
v 27.4289608 23.7951946 47.679512
v 0 35.3715134 43.9355125
v -27.4289608 23.7951946 47.679512
v 0 32.9143906 72.2020721
v 0 35.3715134 43.9355125
v 0 32.9143906 72.2020721
v -27.4289608 23.7951946 47.679512
v -21.0548801 24.7729492 72.8602295
v -21.0548801 24.7729492 72.8602295
v 0 28.1955872 101.127571
v 0 32.9143906 72.2020721
v 0 28.1955872 101.127571
v -21.0548801 24.7729492 72.8602295
v -16.5775204 21.9091911 94.6273499
v -11.5181608 18.2387123 112.122375
v 0 28.1955872 101.127571
v -16.5775204 21.9091911 94.6273499
v -29.2000008 7.19999409 95.1999893
v -11.5181608 18.2387123 112.122375
v -16.5775204 21.9091911 94.6273499
v -11.5181608 18.2387123 112.122375
v -29.2000008 7.19999409 95.1999893
v -9.45248032 7.19999218 136.759415
v -27.4289608 23.7951946 47.679512
v -37.1750412 7.19999504 69.5750275
v -21.0548801 24.7729492 72.8602295
v -29.2000008 7.19999409 95.1999893
v -21.0548801 24.7729492 72.8602295
v -37.1750412 7.19999504 69.5750275
v -21.0548801 24.7729492 72.8602295
v -29.2000008 7.19999409 95.1999893
v -16.5775204 21.9091911 94.6273499
v -37.1750412 7.19999504 69.5750275
v -27.4289608 23.7951946 47.679512
v -39.6000023 7.19999599 49.1999855
v 77.0439987 25.4215946 -25.3693523
v 39.9441605 22.2090378 -43.1923943
v 39.9441605 28.209034 -43.1923943
v 39.9441605 22.2090378 -43.1923943
v 77.0439987 25.4215946 -25.3693523
v 77.0439987 19.4215984 -25.3693523
v 74.8395996 25.1003933 -19.5553551
v 77.0439987 19.4215984 -25.3693523
v 77.0439987 25.4215946 -25.3693523
v 77.0439987 19.4215984 -25.3693523
v 74.8395996 25.1003933 -19.5553551
v 74.9209595 19.0942364 -19.5162354
v 85.1879196 24.8097534 -21.456955
v 74.9209595 19.0942364 -19.5162354
v 74.8395996 25.1003933 -19.5553551
v 74.9209595 19.0942364 -19.5162354
v 85.1879196 24.8097534 -21.456955
v 85.1879196 18.8097572 -21.456955
v -16.3999996 -16.1179962 20.9599972
v -8.80000019 -11.039999 17.5599957
v -16.8000011 -9.91999912 20.9599972
v -8.80000019 -11.039999 17.5599957
v -16.3999996 -16.1179962 20.9599972
v -13.9456806 -20.0036774 19.7468758
v -13.9456806 -20.0036774 19.7468758
v -8.80000019 -22.4799976 17.5599957
v -8.80000019 -11.039999 17.5599957
v -8.80000019 -22.4799976 17.5599957
v 0 -11.5183992 16.5599957
v -8.80000019 -11.039999 17.5599957
v 0 -11.5183992 16.5599957
v -8.80000019 -22.4799976 17.5599957
v 0 -24.3804722 16.5599957
v 8.80000019 -22.4799976 17.5599957
v 0 -11.5183992 16.5599957
v 0 -24.3804722 16.5599957
v 0 -11.5183992 16.5599957
v 8.80000019 -22.4799976 17.5599957
v 8.80000019 -11.039999 17.5599957
v 16.3999996 -16.1179962 20.9599972
v 8.80000019 -11.039999 17.5599957
v 8.80000019 -22.4799976 17.5599957
v 8.80000019 -11.039999 17.5599957
v 16.3999996 -16.1179962 20.9599972
v 16.8000011 -9.91999912 20.9599972
v 8.80000019 -22.4799976 17.5599957
v 13.9456806 -20.0036774 19.7468758
v 16.3999996 -16.1179962 20.9599972
v 16.3999996 -21.397995 -8.39999962
v 26 -15.199995 -32.7999954
v 16.8000011 -15.199996 -8.39999866
v 26 -15.199995 -32.7999954
v 16.3999996 -21.397995 -8.39999962
v 25.9800816 -26.0601501 -32.3278351
v 13.9456806 -25.2836723 -9.61312008
v 25.9800816 -26.0601501 -32.3278351
v 16.3999996 -21.397995 -8.39999962
v 25.9800816 -26.0601501 -32.3278351
v 13.9456806 -25.2836723 -9.61312008
v 23.0709591 -32.2178307 -35.284874
v 8.80000019 -27.7599926 -11.7999992
v 23.0709591 -32.2178307 -35.284874
v 13.9456806 -25.2836723 -9.61312008
v 23.0709591 -32.2178307 -35.284874
v 8.80000019 -27.7599926 -11.7999992
v 11.1100798 -38.2490311 -42.902874
v 0 -29.6604729 -12.7999973
v 11.1100798 -38.2490311 -42.902874
v 8.80000019 -27.7599926 -11.7999992
v 11.1100798 -38.2490311 -42.902874
v 0 -29.6604729 -12.7999973
v 0 -39.9266281 -45.6249542
v 0 -29.6604729 -12.7999973
v -11.1100798 -38.2490311 -42.902874
v 0 -39.9266281 -45.6249542
v -11.1100798 -38.2490311 -42.902874
v 0 -29.6604729 -12.7999973
v -8.80000019 -27.7599926 -11.7999992
v -8.80000019 -27.7599926 -11.7999992
v -23.0709591 -32.2178307 -35.284874
v -11.1100798 -38.2490311 -42.902874
v -23.0709591 -32.2178307 -35.284874
v -8.80000019 -27.7599926 -11.7999992
v -13.9456806 -25.2836723 -9.61312008
v -13.9456806 -25.2836723 -9.61312008
v -25.9800816 -26.0601501 -32.3278351
v -23.0709591 -32.2178307 -35.284874
v -25.9800816 -26.0601501 -32.3278351
v -13.9456806 -25.2836723 -9.61312008
v -16.3999996 -21.397995 -8.39999962
v -16.3999996 -21.397995 -8.39999962
v -26 -15.199995 -32.7999954
v -25.9800816 -26.0601501 -32.3278351
v -26 -15.199995 -32.7999954
v -16.3999996 -21.397995 -8.39999962
v -16.8000011 -15.199996 -8.39999866
v -8.80000019 -16.3199959 -11.7999992
v -26 -15.199995 -32.7999954
v -16.8000011 -15.199996 -8.39999866
v -26 -15.199995 -32.7999954
v -8.80000019 -16.3199959 -11.7999992
v -12.7204008 -16.4032745 -43.2472763
v 0 -16.7983952 -12.7999973
v -12.7204008 -16.4032745 -43.2472763
v -8.80000019 -16.3199959 -11.7999992
v -12.7204008 -16.4032745 -43.2472763
v 0 -16.7983952 -12.7999973
v 0 -16.7983932 -46.3199959
v 0 -16.7983952 -12.7999973
v 12.7204008 -16.4032745 -43.2472763
v 0 -16.7983932 -46.3199959
v 12.7204008 -16.4032745 -43.2472763
v 0 -16.7983952 -12.7999973
v 8.80000019 -16.3199959 -11.7999992
v 8.80000019 -16.3199959 -11.7999992
v 26 -15.199995 -32.7999954
v 12.7204008 -16.4032745 -43.2472763
v 26 -15.199995 -32.7999954
v 8.80000019 -16.3199959 -11.7999992
v 16.8000011 -15.199996 -8.39999866
v -7.20000029 28.5102291 52.7112656
v -12.3456802 26.8308716 55.5563889
v -14.8000002 23.510313 57.9108696
v -14.8000002 23.510313 57.9108696
v -7.20000029 17.6301537 56.2464638
v -7.20000029 28.5102291 52.7112656
v 1.60000002 17.7761536 55.1475067
v -7.20000029 28.5102291 52.7112656
v -7.20000029 17.6301537 56.2464638
v -7.20000029 28.5102291 52.7112656
v 1.60000002 17.7761536 55.1475067
v 1.60000002 30.008709 51.1729469
v 1.60000002 17.7761536 55.1475067
v 10.4000006 28.5102291 52.7112656
v 1.60000002 30.008709 51.1729469
v 10.4000006 28.5102291 52.7112656
v 1.60000002 17.7761536 55.1475067
v 10.4000006 17.6301537 56.2464638
v 15.54568 26.8308716 55.5563889
v 10.4000006 28.5102291 52.7112656
v 10.4000006 17.6301537 56.2464638
v 10.4000006 17.6301537 56.2464638
v 18 23.510313 57.9108696
v 15.54568 26.8308716 55.5563889
v -7.20000029 17.6301537 56.2464638
v -14.8000002 23.510313 57.9108696
v -15.1999998 17.6156731 59.8261452
v 18 23.510313 57.9108696
v 10.4000006 17.6301537 56.2464638
v 18.3999996 17.6156731 59.8261452
v 26 27.5744762 -43.1999931
v 34.2044029 -26.8233528 -45.5793533
v 26 -28.3744717 -43.1999931
v 34.2044029 -26.8233528 -45.5793533
v 26 27.5744762 -43.1999931
v 34.2044029 26.0233555 -45.5793533
v 34.2044029 26.0233555 -45.5793533
v 50.0859184 -22.7482357 -51.2233429
v 34.2044029 -26.8233528 -45.5793533
v 50.0859184 -22.7482357 -51.2233429
v 34.2044029 26.0233555 -45.5793533
v 50.0859184 21.9482403 -51.2233429
v 50.0859184 21.9482403 -51.2233429
v 64.3859177 -15.7546339 -59.5233459
v 50.0859184 -22.7482357 -51.2233429
v 64.3859177 -15.7546339 -59.5233459
v 50.0859184 21.9482403 -51.2233429
v 64.3859177 14.9546394 -59.5233421
v 64.3859177 14.9546394 -59.5233421
v 70.1149597 -11.0417557 -64.0399017
v 64.3859177 -15.7546339 -59.5233459
v 70.1149597 -11.0417557 -64.0399017
v 64.3859177 14.9546394 -59.5233421
v 70.1149597 10.2417612 -64.0399017
v 74.0565643 5.04248238 -67.5190277
v 70.1149597 -11.0417557 -64.0399017
v 70.1149597 10.2417612 -64.0399017
v 70.1149597 -11.0417557 -64.0399017
v 74.0565643 5.04248238 -67.5190277
v 74.0565643 -5.84247637 -67.5190277
v 75.5804825 -0.399996877 -68.9991837
v 74.0565643 -5.84247637 -67.5190277
v 74.0565643 5.04248238 -67.5190277
v 16.3999996 -9.23799992 52.3999863
v 26 -3.0400002 27.9999924
v 16.8000011 -3.04000139 52.3999863
v 26 -3.0400002 27.9999924
v 16.3999996 -9.23799992 52.3999863
v 25.9800816 -13.9001579 28.4721508
v 13.9456806 -13.1236792 51.1868668
v 25.9800816 -13.9001579 28.4721508
v 16.3999996 -9.23799992 52.3999863
v 25.9800816 -13.9001579 28.4721508
v 13.9456806 -13.1236792 51.1868668
v 23.0709591 -20.0578384 25.5151119
v 8.80000019 -15.5999985 48.9999847
v 23.0709591 -20.0578384 25.5151119
v 13.9456806 -13.1236792 51.1868668
v 23.0709591 -20.0578384 25.5151119
v 8.80000019 -15.5999985 48.9999847
v 11.1100798 -26.089035 17.8971157
v 0 -17.5004787 47.9999924
v 11.1100798 -26.089035 17.8971157
v 8.80000019 -15.5999985 48.9999847
v 11.1100798 -26.089035 17.8971157
v 0 -17.5004787 47.9999924
v 0 -27.766634 15.1750345
v 0 -17.5004787 47.9999924
v -11.1100798 -26.089035 17.8971157
v 0 -27.766634 15.1750345
v -11.1100798 -26.089035 17.8971157
v 0 -17.5004787 47.9999924
v -8.80000019 -15.5999985 48.9999847
v -8.80000019 -15.5999985 48.9999847
v -23.0709591 -20.0578384 25.5151119
v -11.1100798 -26.089035 17.8971157
v -23.0709591 -20.0578384 25.5151119
v -8.80000019 -15.5999985 48.9999847
v -13.9456806 -13.1236792 51.1868668
v -13.9456806 -13.1236792 51.1868668
v -25.9800816 -13.9001579 28.4721508
v -23.0709591 -20.0578384 25.5151119
v -25.9800816 -13.9001579 28.4721508
v -13.9456806 -13.1236792 51.1868668
v -16.3999996 -9.23799992 52.3999863
v -16.3999996 -9.23799992 52.3999863
v -26 -3.0400002 27.9999924
v -25.9800816 -13.9001579 28.4721508
v -26 -3.0400002 27.9999924
v -16.3999996 -9.23799992 52.3999863
v -16.8000011 -3.04000139 52.3999863
v -8.80000019 -4.16000128 48.9999847
v -26 -3.0400002 27.9999924
v -16.8000011 -3.04000139 52.3999863
v -26 -3.0400002 27.9999924
v -8.80000019 -4.16000128 48.9999847
v -12.7204008 -4.24327993 17.5527172
v 0 -4.63840103 47.9999924
v -12.7204008 -4.24327993 17.5527172
v -8.80000019 -4.16000128 48.9999847
v -12.7204008 -4.24327993 17.5527172
v 0 -4.63840103 47.9999924
v 0 -4.6383996 14.4799967
v 0 -4.63840103 47.9999924
v 12.7204008 -4.24327993 17.5527172
v 0 -4.6383996 14.4799967
v 12.7204008 -4.24327993 17.5527172
v 0 -4.63840103 47.9999924
v 8.80000019 -4.16000128 48.9999847
v 8.80000019 -4.16000128 48.9999847
v 26 -3.0400002 27.9999924
v 12.7204008 -4.24327993 17.5527172
v 26 -3.0400002 27.9999924
v 8.80000019 -4.16000128 48.9999847
v 16.8000011 -3.04000139 52.3999863
v 48.156002 14.629755 43.7947159
v 52.1264 1.86359727 52.0838242
v 45.422081 14.2204742 51.3583832
v 52.1264 1.86359727 52.0838242
v 48.156002 14.629755 43.7947159
v 55.22192 2.34927773 43.7761536
v 78.8524017 13.6667147 58.5164642
v 52.1264 1.86359727 52.0838242
v 55.22192 2.34927773 43.7761536
v 52.1264 1.86359727 52.0838242
v 78.8524017 13.6667147 58.5164642
v 74.4499207 12.7699928 66.2939072
v 78.8524017 13.6667147 58.5164642
v 83.0110397 18.6021538 71.1831055
v 74.4499207 12.7699928 66.2939072
v 83.0110397 18.6021538 71.1831055
v 78.8524017 13.6667147 58.5164642
v 87.2633591 19.7302341 64.4849472
v 87.2633591 19.7302341 64.4849472
v 88.7747192 26.8066292 74.9522247
v 83.0110397 18.6021538 71.1831055
v 88.7747192 26.8066292 74.9522247
v 87.2633591 19.7302341 64.4849472
v 91.3192825 27.9122295 68.99823
v 57.9729614 0.00560378982 -86.7126236
v 50.8873596 -15.1672735 -82.8107071
v 31.0239201 -30.7515888 -72.7663116
v 31.0239201 -30.7515888 -72.7663116
v 51.7599983 13.4119997 -83.679985
v 57.9729614 0.00560378982 -86.7126236
v 51.7599983 13.4119997 -83.679985
v 31.0239201 -30.7515888 -72.7663116
v 31.0239201 29.9515953 -72.766304
v 0 -36.5575905 -69.5999908
v 31.0239201 29.9515953 -72.766304
v 31.0239201 -30.7515888 -72.7663116
v 31.0239201 29.9515953 -72.766304
v 0 -36.5575905 -69.5999908
v 0 36.7175941 -69.5999832
v 0 -36.5575905 -69.5999908
v -31.0239201 29.9515953 -72.766304
v 0 36.7175941 -69.5999832
v -31.0239201 29.9515953 -72.766304
v 0 -36.5575905 -69.5999908
v -31.0239201 -30.7515888 -72.7663116
v -31.0239201 -30.7515888 -72.7663116
v -51.7599983 13.4119997 -83.679985
v -31.0239201 29.9515953 -72.766304
v -51.7599983 13.4119997 -83.679985
v -31.0239201 -30.7515888 -72.7663116
v -50.8873596 -15.1672735 -82.8107071
v -50.8873596 -15.1672735 -82.8107071
v -57.9729614 0.00560378982 -86.7126236
v -51.7599983 13.4119997 -83.679985
v 43.2741623 28.921196 -43.5279922
v 0 36.7175941 -69.5999832
v 0 36.6319962 -33.5913506
v 0 36.7175941 -69.5999832
v 43.2741623 28.921196 -43.5279922
v 31.0239201 29.9515953 -72.766304
v 64.3769608 13.5520782 -57.7779884
v 31.0239201 29.9515953 -72.766304
v 43.2741623 28.921196 -43.5279922
v 31.0239201 29.9515953 -72.766304
v 64.3769608 13.5520782 -57.7779884
v 51.7599983 13.4119997 -83.679985
v 71.172966 0.00560281053 -64.3126297
v 51.7599983 13.4119997 -83.679985
v 64.3769608 13.5520782 -57.7779884
v 51.7599983 13.4119997 -83.679985
v 71.172966 0.00560281053 -64.3126297
v 57.9729614 0.00560378982 -86.7126236
v 71.172966 0.00560281053 -64.3126297
v 50.8873596 -15.1672735 -82.8107071
v 57.9729614 0.00560378982 -86.7126236
v 50.8873596 -15.1672735 -82.8107071
v 71.172966 0.00560281053 -64.3126297
v 62.6169624 -15.0319138 -57.7779884
v 62.6169624 -15.0319138 -57.7779884
v 31.0239201 -30.7515888 -72.7663116
v 50.8873596 -15.1672735 -82.8107071
v 31.0239201 -30.7515888 -72.7663116
v 62.6169624 -15.0319138 -57.7779884
v 43.08424 -29.1159916 -43.9812737
v 43.08424 -29.1159916 -43.9812737
v 0 -36.5575905 -69.5999908
v 31.0239201 -30.7515888 -72.7663116
v 0 -36.5575905 -69.5999908
v 43.08424 -29.1159916 -43.9812737
v 0 -36.3307114 -35.4372749
v -43.08424 -29.1159916 -43.9812737
v 0 -36.5575905 -69.5999908
v 0 -36.3307114 -35.4372749
v 0 -36.5575905 -69.5999908
v -43.08424 -29.1159916 -43.9812737
v -31.0239201 -30.7515888 -72.7663116
v -62.6169624 -15.0319138 -57.7779884
v -31.0239201 -30.7515888 -72.7663116
v -43.08424 -29.1159916 -43.9812737
v -31.0239201 -30.7515888 -72.7663116
v -62.6169624 -15.0319138 -57.7779884
v -50.8873596 -15.1672735 -82.8107071
v -71.172966 0.00560281053 -64.3126297
v -50.8873596 -15.1672735 -82.8107071
v -62.6169624 -15.0319138 -57.7779884
v -50.8873596 -15.1672735 -82.8107071
v -71.172966 0.00560281053 -64.3126297
v -57.9729614 0.00560378982 -86.7126236
v -71.172966 0.00560281053 -64.3126297
v -51.7599983 13.4119997 -83.679985
v -57.9729614 0.00560378982 -86.7126236
v -51.7599983 13.4119997 -83.679985
v -71.172966 0.00560281053 -64.3126297
v -64.3769608 13.5520782 -57.7779884
v -64.3769608 13.5520782 -57.7779884
v -31.0239201 29.9515953 -72.766304
v -51.7599983 13.4119997 -83.679985
v -31.0239201 29.9515953 -72.766304
v -64.3769608 13.5520782 -57.7779884
v -43.2741623 28.921196 -43.5279922
v -43.2741623 28.921196 -43.5279922
v 0 36.7175941 -69.5999832
v -31.0239201 29.9515953 -72.766304
v 0 36.7175941 -69.5999832
v -43.2741623 28.921196 -43.5279922
v 0 36.6319962 -33.5913506
v -114.524559 -0.399997294 -59.3919029
v -127.833611 -5.84247684 -57.5718231
v -129.194641 -0.399997205 -61.1098251
v -127.833611 -5.84247684 -57.5718231
v -114.524559 -0.399997294 -59.3919029
v -113.185844 -5.84247684 -56.693264
v -113.185844 -5.84247684 -56.693264
v -123.998962 -10.9259167 -49.408226
v -127.833611 -5.84247684 -57.5718231
v -123.998962 -10.9259167 -49.408226
v -113.185844 -5.84247684 -56.693264
v -109.448318 -10.9735155 -50.3706245
v -123.998962 -10.9259167 -49.408226
v -109.448318 -10.9735155 -50.3706245
v -117.939354 -15.2913551 -39.0696754
v -109.448318 -10.9735155 -50.3706245
v -88.5006409 -15.653594 -46.4904709
v -117.939354 -15.2913551 -39.0696754
v -88.5006409 -15.653594 -46.4904709
v -100.139366 -20.4315948 -21.6696758
v -117.939354 -15.2913551 -39.0696754
v -99.2260818 -0.399997294 -59.2193451
v -113.185844 -5.84247684 -56.693264
v -114.524559 -0.399997294 -59.3919029
v -113.185844 -5.84247684 -56.693264
v -99.2260818 -0.399997294 -59.2193451
v -97.8825607 -5.84247684 -57.2805443
v -97.8825607 -5.84247684 -57.2805443
v -109.448318 -10.9735155 -50.3706245
v -113.185844 -5.84247684 -56.693264
v -109.448318 -10.9735155 -50.3706245
v -97.8825607 -5.84247684 -57.2805443
v -94.1935959 -11.0164766 -52.6443024
v -109.448318 -10.9735155 -50.3706245
v -94.1935959 -11.0164766 -52.6443024
v -88.5006409 -15.653594 -46.4904709
v -94.1935959 -11.0164766 -52.6443024
v -79.8981628 -11.0399961 -57.859024
v -88.5006409 -15.653594 -46.4904709
v -79.8981628 -11.0399961 -57.859024
v -64.3859177 -15.7546339 -59.5233459
v -88.5006409 -15.653594 -46.4904709
v -64.3859177 -15.7546339 -59.5233459
v -72.4683228 -22.2428761 -34.350235
v -88.5006409 -15.653594 -46.4904709
v -100.139366 -20.4315948 -21.6696758
v -88.5006409 -15.653594 -46.4904709
v -72.4683228 -22.2428761 -34.350235
v -72.4683228 -22.2428761 -34.350235
v -77.1557617 -21.2634354 -12.4478378
v -100.139366 -20.4315948 -21.6696758
v -85.0879211 -0.399997145 -63.0286217
v -97.8825607 -5.84247684 -57.2805443
v -99.2260818 -0.399997294 -59.2193451
v -97.8825607 -5.84247684 -57.2805443
v -85.0879211 -0.399997145 -63.0286217
v -83.6717606 -5.84247637 -61.5093498
v -83.6717606 -5.84247637 -61.5093498
v -94.1935959 -11.0164766 -52.6443024
v -97.8825607 -5.84247684 -57.2805443
v -94.1935959 -11.0164766 -52.6443024
v -83.6717606 -5.84247637 -61.5093498
v -79.8981628 -11.0399961 -57.859024
v -74.0565643 -5.84247637 -67.5190277
v -79.8981628 -11.0399961 -57.859024
v -83.6717606 -5.84247637 -61.5093498
v -79.8981628 -11.0399961 -57.859024
v -74.0565643 -5.84247637 -67.5190277
v -70.1149597 -11.0417557 -64.0399017
v -79.8981628 -11.0399961 -57.859024
v -70.1149597 -11.0417557 -64.0399017
v -64.3859177 -15.7546339 -59.5233459
v -75.5804825 -0.399996877 -68.9991837
v -83.6717606 -5.84247637 -61.5093498
v -85.0879211 -0.399997145 -63.0286217
v -83.6717606 -5.84247637 -61.5093498
v -75.5804825 -0.399996877 -68.9991837
v -74.0565643 -5.84247637 -67.5190277
v -72.4683228 -22.2428761 -34.350235
v -64.3859177 -15.7546339 -59.5233459
v -50.0859184 -22.7482357 -51.2233429
v -50.0859184 -22.7482357 -51.2233429
v -52.4724808 -25.6103134 -24.7374344
v -72.4683228 -22.2428761 -34.350235
v -77.1557617 -21.2634354 -12.4478378
v -72.4683228 -22.2428761 -34.350235
v -52.4724808 -25.6103134 -24.7374344
v -53.3847237 -24.0062313 -13.6715174
v -77.1557617 -21.2634354 -12.4478378
v -52.4724808 -25.6103134 -24.7374344
v -53.3847237 -24.0062313 -13.6715174
v -64.8000031 -20.9611969 -9.19999886
v -77.1557617 -21.2634354 -12.4478378
v -52.4724808 -25.6103134 -24.7374344
v -50.0859184 -22.7482357 -51.2233429
v -34.2044029 -26.8233528 -45.5793533
v -52.4724808 -25.6103134 -24.7374344
v -34.2044029 -26.8233528 -45.5793533
v -31.9385586 -28.2586308 -31.4729557
v -52.4724808 -25.6103134 -24.7374344
v -31.9385586 -28.2586308 -31.4729557
v -41.814003 -26.7571125 -20.3522377
v -52.4724808 -25.6103134 -24.7374344
v -41.814003 -26.7571125 -20.3522377
v -53.3847237 -24.0062313 -13.6715174
v -34.2044029 -26.8233528 -45.5793533
v -26 -28.3744717 -43.1999931
v -31.9385586 -28.2586308 -31.4729557
v 54.5513611 24.8339863 139.907578
v 56.2481651 27.7439861 170.851334
v 81.3035202 32.7688675 137.977814
v 50.0985603 22.4984722 120.013329
v 54.5513611 24.8339863 139.907578
v 81.3035202 32.7688675 137.977814
v 95.1496811 35.3176689 107.29702
v 50.0985603 22.4984722 120.013329
v 81.3035202 32.7688675 137.977814
v 50.0985603 22.4984722 120.013329
v 95.1496811 35.3176689 107.29702
v 66.7990417 25.6496677 86.6995087
v 41.9246407 19.0546322 106.554611
v 50.0985603 22.4984722 120.013329
v 66.7990417 25.6496677 86.6995087
v 38.8864822 16.1646328 72.9515076
v 41.9246407 19.0546322 106.554611
v 66.7990417 25.6496677 86.6995087
v 29.9071198 14.6183929 98.0434875
v 41.9246407 19.0546322 106.554611
v 38.8864822 16.1646328 72.9515076
v 38.8864822 16.1646328 72.9515076
v 8.47064018 12.2432728 92.7695847
v 29.9071198 14.6183929 98.0434875
v 8.47064018 12.2432728 92.7695847
v 38.8864822 16.1646328 72.9515076
v 10.6649599 12.4071932 67.0095062
v 38.8864822 16.1646328 72.9515076
v 5.57384014 12.859354 44.7695122
v 10.6649599 12.4071932 67.0095062
v 102.353523 36.9799881 85.588707
v 66.7990417 25.6496677 86.6995087
v 95.1496811 35.3176689 107.29702
v 66.7990417 25.6496677 86.6995087
v 102.353523 36.9799881 85.588707
v 78.3439255 25.8654289 66.7933426
v 78.3439255 25.8654289 66.7933426
v 38.8864822 16.1646328 72.9515076
v 66.7990417 25.6496677 86.6995087
v 38.8864822 16.1646328 72.9515076
v 78.3439255 25.8654289 66.7933426
v 47.8159218 17.6273556 50.7088661
v 5.57384014 12.859354 44.7695122
v 38.8864822 16.1646328 72.9515076
v 47.8159218 17.6273556 50.7088661
v 10.6649599 12.4071932 67.0095062
v 9.12335968 -10.8824024 92.8298264
v 8.47064018 12.2432728 92.7695847
v 9.12335968 -10.8824024 92.8298264
v 10.6649599 12.4071932 67.0095062
v 12.7260809 -11.8911209 66.8297424
v 10.6649599 12.4071932 67.0095062
v 8.58528042 -11.3636007 44.8296738
v 12.7260809 -11.8911209 66.8297424
v 8.58528042 -11.3636007 44.8296738
v 10.6649599 12.4071932 67.0095062
v 5.57384014 12.859354 44.7695122
v 5.57384014 12.859354 44.7695122
v 55.2738419 -0.160402209 51.1619835
v 8.58528042 -11.3636007 44.8296738
v 55.2738419 -0.160402209 51.1619835
v 5.57384014 12.859354 44.7695122
v 47.8159218 17.6273556 50.7088661
v 78.3439255 25.8654289 66.7933426
v 55.2738419 -0.160402209 51.1619835
v 47.8159218 17.6273556 50.7088661
v 55.2738419 -0.160402209 51.1619835
v 78.3439255 25.8654289 66.7933426
v 83.7530441 14.3256741 68.3092651
v 83.7530441 14.3256741 68.3092651
v 78.3439255 25.8654289 66.7933426
v 102.353523 36.9799881 85.588707
v -8.47064018 12.2432728 92.7695847
v -34.5805626 -3.79880333 98.49189
v -9.12335968 -10.8824024 92.8298264
v -34.5805626 -3.79880333 98.49189
v -8.47064018 12.2432728 92.7695847
v -29.9071198 14.6183929 98.0434875
v -29.9071198 14.6183929 98.0434875
v -48.2053604 2.93007469 109.757172
v -34.5805626 -3.79880333 98.49189
v -48.2053604 2.93007469 109.757172
v -29.9071198 14.6183929 98.0434875
v -41.9246407 19.0546322 106.554611
v -41.9246407 19.0546322 106.554611
v -54.9942398 9.38231277 122.907494
v -48.2053604 2.93007469 109.757172
v -54.9942398 9.38231277 122.907494
v -41.9246407 19.0546322 106.554611
v -50.0985603 22.4984722 120.013329
v -50.0985603 22.4984722 120.013329
v -57.5024796 17.1062298 142.070053
v -54.9942398 9.38231277 122.907494
v -57.5024796 17.1062298 142.070053
v -50.0985603 22.4984722 120.013329
v -54.5513611 24.8339863 139.907578
v -57.5024796 17.1062298 142.070053
v -54.5513611 24.8339863 139.907578
v -56.2481651 27.7439861 170.851334
v -27.4289608 -9.39520073 47.679512
v -37.1750412 7.19999504 69.5750275
v -39.6000023 7.19999599 49.1999855
v -37.1750412 7.19999504 69.5750275
v -27.4289608 -9.39520073 47.679512
v -21.0548801 -10.372961 72.8602295
v -21.0548801 -10.372961 72.8602295
v -29.2000008 7.19999409 95.1999893
v -37.1750412 7.19999504 69.5750275
v -29.2000008 7.19999409 95.1999893
v -21.0548801 -10.372961 72.8602295
v -16.5775204 -7.50920248 94.6273499
v -11.5181608 -3.8387239 112.122368
v -29.2000008 7.19999409 95.1999893
v -16.5775204 -7.50920248 94.6273499
v -29.2000008 7.19999409 95.1999893
v -11.5181608 -3.8387239 112.122368
v -9.45248032 7.19999218 136.759415
v 0 -7.39504337 119.230453
v -9.45248032 7.19999218 136.759415
v -11.5181608 -3.8387239 112.122368
v -9.45248032 7.19999218 136.759415
v 0 -7.39504337 119.230453
v 0 7.1999917 148.923004
v -27.4289608 -9.39520073 47.679512
v 0 -18.5143986 72.2020645
v -21.0548801 -10.372961 72.8602295
v 0 -13.7955999 101.127571
v -21.0548801 -10.372961 72.8602295
v 0 -18.5143986 72.2020645
v -21.0548801 -10.372961 72.8602295
v 0 -13.7955999 101.127571
v -16.5775204 -7.50920248 94.6273499
v 0 -13.7955999 101.127571
v -11.5181608 -3.8387239 112.122368
v -16.5775204 -7.50920248 94.6273499
v -11.5181608 -3.8387239 112.122368
v 0 -13.7955999 101.127571
v 0 -7.39504337 119.230453
v 0 -13.7955999 101.127571
v 11.5181608 -3.8387239 112.122368
v 0 -7.39504337 119.230453
v 9.45248032 7.19999218 136.759415
v 0 -7.39504337 119.230453
v 11.5181608 -3.8387239 112.122368
v 0 -7.39504337 119.230453
v 9.45248032 7.19999218 136.759415
v 0 7.1999917 148.923004
v 0 -18.5143986 72.2020645
v -27.4289608 -9.39520073 47.679512
v 0 -20.9715176 43.9355125
v 27.4289608 -9.39520073 47.679512
v 0 -18.5143986 72.2020645
v 0 -20.9715176 43.9355125
v 0 -18.5143986 72.2020645
v 27.4289608 -9.39520073 47.679512
v 21.0548801 -10.372961 72.8602295
v 21.0548801 -10.372961 72.8602295
v 0 -13.7955999 101.127571
v 0 -18.5143986 72.2020645
v 0 -13.7955999 101.127571
v 21.0548801 -10.372961 72.8602295
v 16.5775204 -7.50920248 94.6273499
v 11.5181608 -3.8387239 112.122368
v 0 -13.7955999 101.127571
v 16.5775204 -7.50920248 94.6273499
v 29.2000008 7.19999409 95.1999893
v 11.5181608 -3.8387239 112.122368
v 16.5775204 -7.50920248 94.6273499
v 11.5181608 -3.8387239 112.122368
v 29.2000008 7.19999409 95.1999893
v 9.45248032 7.19999218 136.759415
v 27.4289608 -9.39520073 47.679512
v 37.1750412 7.19999504 69.5750275
v 21.0548801 -10.372961 72.8602295
v 29.2000008 7.19999409 95.1999893
v 21.0548801 -10.372961 72.8602295
v 37.1750412 7.19999504 69.5750275
v 21.0548801 -10.372961 72.8602295
v 29.2000008 7.19999409 95.1999893
v 16.5775204 -7.50920248 94.6273499
v 37.1750412 7.19999504 69.5750275
v 27.4289608 -9.39520073 47.679512
v 39.6000023 7.19999599 49.1999855
v 219.883911 2.51999855 24.7535915
v 205.986008 7.9735961 45.0543137
v 208.306564 2.51999664 67.9787064
v 205.986008 7.9735961 45.0543137
v 219.883911 2.51999855 24.7535915
v 212.511673 7.6550374 22.183918
v 202.134872 10.0611172 27.8175125
v 205.986008 7.9735961 45.0543137
v 212.511673 7.6550374 22.183918
v 194.216003 12.5418358 12.146637
v 202.134872 10.0611172 27.8175125
v 212.511673 7.6550374 22.183918
v 214.508957 8.24319839 -12.6779156
v 194.216003 12.5418358 12.146637
v 212.511673 7.6550374 22.183918
v 194.216003 12.5418358 12.146637
v 214.508957 8.24319839 -12.6779156
v 200.722885 12.1590366 -11.7314377
v 184.000473 14.1589565 2.71968031
v 194.216003 12.5418358 12.146637
v 200.722885 12.1590366 -11.7314377
v 200.722885 12.1590366 -11.7314377
v 171.191849 14.9410372 -7.06503725
v 184.000473 14.1589565 2.71968031
v 219.883911 2.51999855 24.7535915
v 214.508957 8.24319839 -12.6779156
v 212.511673 7.6550374 22.183918
v 214.508957 8.24319839 -12.6779156
v 219.883911 2.51999855 24.7535915
v 222.165283 2.52000022 -13.1911154
v 214.890656 2.52000189 -53.1751862
v 214.508957 8.24319839 -12.6779156
v 222.165283 2.52000022 -13.1911154
v 214.508957 8.24319839 -12.6779156
v 214.890656 2.52000189 -53.1751862
v 207.802155 8.18304062 -50.3863869
v 207.802155 8.18304062 -50.3863869
v 200.722885 12.1590366 -11.7314377
v 214.508957 8.24319839 -12.6779156
v 200.722885 12.1590366 -11.7314377
v 207.802155 8.18304062 -50.3863869
v 184.687195 12.8132782 -55.6845436
v 171.191849 14.9410372 -7.06503725
v 200.722885 12.1590366 -11.7314377
v 184.687195 12.8132782 -55.6845436
v 151.427444 15.0262384 -35.8596725
v 171.191849 14.9410372 -7.06503725
v 184.687195 12.8132782 -55.6845436
v 139.741516 11.3830404 -63.0491066
v 151.427444 15.0262384 -35.8596725
v 184.687195 12.8132782 -55.6845436
v 171.671432 10.7201614 -73.7022247
v 139.741516 11.3830404 -63.0491066
v 184.687195 12.8132782 -55.6845436
v 171.671432 10.7201614 -73.7022247
v 136.81752 2.5200026 -70.0223083
v 139.741516 11.3830404 -63.0491066
v 136.81752 2.5200026 -70.0223083
v 171.671432 10.7201614 -73.7022247
v 172.8172 2.52000332 -83.1191864
v 214.890656 2.52000189 -53.1751862
v 201.093445 8.16032124 -65.9518204
v 207.802155 8.18304062 -50.3863869
v 184.687195 12.8132782 -55.6845436
v 207.802155 8.18304062 -50.3863869
v 201.093445 8.16032124 -65.9518204
v 184.687195 12.8132782 -55.6845436
v 201.093445 8.16032124 -65.9518204
v 171.671432 10.7201614 -73.7022247
v 171.671432 10.7201614 -73.7022247
v 201.093445 8.16032124 -65.9518204
v 191.63353 7.54840183 -77.9896622
v 191.63353 7.54840183 -77.9896622
v 172.8172 2.52000332 -83.1191864
v 171.671432 10.7201614 -73.7022247
v 172.8172 2.52000332 -83.1191864
v 191.63353 7.54840183 -77.9896622
v 194.038879 2.52000332 -82.6201477
v 191.63353 7.54840183 -77.9896622
v 207.89473 2.5200026 -70.3601456
v 194.038879 2.52000332 -82.6201477
v 191.63353 7.54840183 -77.9896622
v 201.093445 8.16032124 -65.9518204
v 207.89473 2.5200026 -70.3601456
v 201.093445 8.16032124 -65.9518204
v 214.890656 2.52000189 -53.1751862
v 207.89473 2.5200026 -70.3601456
v -139.741516 11.3830404 -63.0491066
v -137.906479 3.16000175 -62.7279892
v -136.81752 2.5200026 -70.0223083
v -137.906479 3.16000175 -62.7279892
v -139.741516 11.3830404 -63.0491066
v -137.717453 9.55016136 -58.2473412
v -137.717453 9.55016136 -58.2473412
v -117.682716 3.16000152 -53.2863884
v -137.906479 3.16000175 -62.7279892
v -117.682716 3.16000152 -53.2863884
v -137.717453 9.55016136 -58.2473412
v -120.467918 8.90688038 -48.709343
v -96.2364044 23.5179977 -27.9883118
v -117.682716 3.16000152 -53.2863884
v -120.467918 8.90688038 -48.709343
v -117.682716 3.16000152 -53.2863884
v -96.2364044 23.5179977 -27.9883118
v -85.1879196 -2.39023852 -21.4569569
v -96.2364044 23.5179977 -27.9883118
v -85.1879196 18.8097572 -21.456955
v -85.1879196 -2.39023852 -21.4569569
v -85.1879196 18.8097572 -21.456955
v -96.2364044 23.5179977 -27.9883118
v -85.1879196 24.8097534 -21.456955
v -151.427444 15.0262384 -35.8596725
v -137.717453 9.55016136 -58.2473412
v -139.741516 11.3830404 -63.0491066
v -137.717453 9.55016136 -58.2473412
v -151.427444 15.0262384 -35.8596725
v -147.709122 10.6235199 -31.8119125
v -137.717453 9.55016136 -58.2473412
v -147.709122 10.6235199 -31.8119125
v -141.312973 11.5307188 -21.4054356
v -137.717453 9.55016136 -58.2473412
v -141.312973 11.5307188 -21.4054356
v -120.467918 8.90688038 -48.709343
v -141.312973 11.5307188 -21.4054356
v -120.818642 14.935998 -41.5730324
v -120.467918 8.90688038 -48.709343
v -120.467918 8.90688038 -48.709343
v -120.818642 14.935998 -41.5730324
v -96.2364044 23.5179977 -27.9883118
v -120.818642 14.935998 -41.5730324
v -106.386406 24.481514 -13.159915
v -96.2364044 23.5179977 -27.9883118
v -60.8172798 28.708952 10.3617592
v -96.2364044 23.5179977 -27.9883118
v -106.386406 24.481514 -13.159915
v -60.8172798 28.708952 10.3617592
v -85.1879196 24.8097534 -21.456955
v -96.2364044 23.5179977 -27.9883118
v -85.1879196 24.8097534 -21.456955
v -60.8172798 28.708952 10.3617592
v -74.8395996 25.1003933 -19.5553551
v -171.191849 14.9410372 -7.06503725
v -147.709122 10.6235199 -31.8119125
v -151.427444 15.0262384 -35.8596725
v -147.709122 10.6235199 -31.8119125
v -171.191849 14.9410372 -7.06503725
v -169.488403 11.6951189 -2.43087912
v -147.709122 10.6235199 -31.8119125
v -169.488403 11.6951189 -2.43087912
v -141.312973 11.5307188 -21.4054356
v -141.312973 11.5307188 -21.4054356
v -169.488403 11.6951189 -2.43087912
v -154.184875 11.7306376 10.7983189
v -149.641846 17.3757553 10.1570387
v -141.312973 11.5307188 -21.4054356
v -154.184875 11.7306376 10.7983189
v -141.312973 11.5307188 -21.4054356
v -149.641846 17.3757553 10.1570387
v -136.011688 16.5630379 -19.148077
v -120.818642 14.935998 -41.5730324
v -141.312973 11.5307188 -21.4054356
v -136.011688 16.5630379 -19.148077
v -136.011688 16.5630379 -19.148077
v -106.386406 24.481514 -13.159915
v -120.818642 14.935998 -41.5730324
v -171.191849 14.9410372 -7.06503725
v -184.000473 14.1589565 2.71968031
v -169.488403 11.6951189 -2.43087912
v -169.488403 11.6951189 -2.43087912
v -184.000473 14.1589565 2.71968031
v -182.25856 10.011198 4.42967939
v -182.25856 10.011198 4.42967939
v -172.531204 9.56775761 8.767519
v -169.488403 11.6951189 -2.43087912
v -172.531204 9.56775761 8.767519
v -154.184875 11.7306376 10.7983189
v -169.488403 11.6951189 -2.43087912
v -154.184875 11.7306376 10.7983189
v -172.531204 9.56775761 8.767519
v -160.913132 9.47599792 19.6811962
v -154.184875 11.7306376 10.7983189
v -160.913132 9.47599792 19.6811962
v -155.718735 9.24951744 29.4303913
v -155.718735 9.24951744 29.4303913
v -150.1996 15.4041557 13.7576771
v -154.184875 11.7306376 10.7983189
v -150.1996 15.4041557 13.7576771
v -149.641846 17.3757553 10.1570387
v -154.184875 11.7306376 10.7983189
v -194.216003 12.5418358 12.146637
v -182.25856 10.011198 4.42967939
v -184.000473 14.1589565 2.71968031
v -182.25856 10.011198 4.42967939
v -194.216003 12.5418358 12.146637
v -188.122086 3.15999889 7.58007812
v -174.728958 3.15999866 11.7696781
v -182.25856 10.011198 4.42967939
v -188.122086 3.15999889 7.58007812
v -182.25856 10.011198 4.42967939
v -174.728958 3.15999866 11.7696781
v -172.531204 9.56775761 8.767519
v -174.728958 3.15999866 11.7696781
v -160.913132 9.47599792 19.6811962
v -172.531204 9.56775761 8.767519
v -160.913132 9.47599792 19.6811962
v -174.728958 3.15999866 11.7696781
v -163.46312 3.15999818 21.8645573
v -163.46312 3.15999818 21.8645573
v -155.718735 9.24951744 29.4303913
v -160.913132 9.47599792 19.6811962
v -155.718735 9.24951744 29.4303913
v -163.46312 3.15999818 21.8645573
v -156.664795 3.79999757 33.1245537
v -194.216003 12.5418358 12.146637
v -199.472565 2.51999879 21.8390369
v -188.122086 3.15999889 7.58007812
v -199.472565 2.51999879 21.8390369
v -194.216003 12.5418358 12.146637
v -202.134872 10.0611172 27.8175125
v -202.134872 10.0611172 27.8175125
v -203.403671 2.51999784 42.3711929
v -199.472565 2.51999879 21.8390369
v -203.403671 2.51999784 42.3711929
v -202.134872 10.0611172 27.8175125
v -205.986008 7.9735961 45.0543137
v -203.403671 2.51999784 42.3711929
v -205.986008 7.9735961 45.0543137
v -208.306564 2.51999664 67.9787064
v -150.1996 15.4041557 13.7576771
v -155.718735 9.24951744 29.4303913
v -156.790329 11.7213564 38.9336739
v -136.590729 15.1361561 21.539917
v -150.1996 15.4041557 13.7576771
v -156.790329 11.7213564 38.9336739
v -136.590729 15.1361561 21.539917
v -149.641846 17.3757553 10.1570387
v -150.1996 15.4041557 13.7576771
v -149.641846 17.3757553 10.1570387
v -136.590729 15.1361561 21.539917
v -133.685837 24.8013515 19.9806366
v -133.685837 24.8013515 19.9806366
v -136.011688 16.5630379 -19.148077
v -149.641846 17.3757553 10.1570387
v -136.011688 16.5630379 -19.148077
v -133.685837 24.8013515 19.9806366
v -106.386406 24.481514 -13.159915
v -156.790329 11.7213564 38.9336739
v -134.921768 7.82735586 50.2316666
v -136.590729 15.1361561 21.539917
v -134.921768 7.82735586 50.2316666
v -123.248474 10.8303967 34.5098305
v -136.590729 15.1361561 21.539917
v -122.286156 24.4360714 33.819355
v -136.590729 15.1361561 21.539917
v -123.248474 10.8303967 34.5098305
v -136.590729 15.1361561 21.539917
v -122.286156 24.4360714 33.819355
v -133.685837 24.8013515 19.9806366
v -102.390884 22.7726345 25.5943146
v -133.685837 24.8013515 19.9806366
v -122.286156 24.4360714 33.819355
v -133.685837 24.8013515 19.9806366
v -102.390884 22.7726345 25.5943146
v -106.386406 24.481514 -13.159915
v -102.390884 22.7726345 25.5943146
v -84.539444 21.3907146 20.3100777
v -106.386406 24.481514 -13.159915
v -106.386406 24.481514 -13.159915
v -84.539444 21.3907146 20.3100777
v -60.8172798 28.708952 10.3617592
v -159.075195 8.18575573 53.3570251
v -134.921768 7.82735586 50.2316666
v -156.790329 11.7213564 38.9336739
v -134.921768 7.82735586 50.2316666
v -159.075195 8.18575573 53.3570251
v -140.666565 7.41527605 56.8352661
v -140.666565 7.41527605 56.8352661
v -132.419052 2.51999736 52.7759857
v -134.921768 7.82735586 50.2316666
v -132.419052 2.51999736 52.7759857
v -118.999283 3.83999753 41.903595
v -134.921768 7.82735586 50.2316666
v -134.921768 7.82735586 50.2316666
v -118.999283 3.83999753 41.903595
v -123.248474 10.8303967 34.5098305
v -118.999283 3.83999753 41.903595
v -114.076965 16.0523129 48.5424652
v -123.248474 10.8303967 34.5098305
v -123.248474 10.8303967 34.5098305
v -114.076965 16.0523129 48.5424652
v -122.286156 24.4360714 33.819355
v -99.5743256 15.3489542 42.6516762
v -122.286156 24.4360714 33.819355
v -114.076965 16.0523129 48.5424652
v -99.5743256 15.3489542 42.6516762
v -102.390884 22.7726345 25.5943146
v -122.286156 24.4360714 33.819355
v -99.5743256 15.3489542 42.6516762
v -84.539444 21.3907146 20.3100777
v -102.390884 22.7726345 25.5943146
v -159.075195 8.18575573 53.3570251
v -145.111679 6.04015541 62.0632668
v -140.666565 7.41527605 56.8352661
v -141.668076 2.51999688 62.6151047
v -140.666565 7.41527605 56.8352661
v -145.111679 6.04015541 62.0632668
v -140.666565 7.41527605 56.8352661
v -141.668076 2.51999688 62.6151047
v -136.627365 2.51999712 57.2527885
v -132.419052 2.51999736 52.7759857
v -140.666565 7.41527605 56.8352661
v -136.627365 2.51999712 57.2527885
v -145.111679 6.04015541 62.0632668
v -159.075195 8.18575573 53.3570251
v -160.417038 2.51999712 59.9231071
v -146.703522 2.51999688 64.3267899
v -145.111679 6.04015541 62.0632668
v -160.417038 2.51999712 59.9231071
v -145.111679 6.04015541 62.0632668
v -146.703522 2.51999688 64.3267899
v -141.668076 2.51999688 62.6151047
v -111.689201 5.99999666 58.2700653
v -114.076965 16.0523129 48.5424652
v -118.999283 3.83999753 41.903595
v -96.1268005 5.99999666 52.9491081
v -114.076965 16.0523129 48.5424652
v -111.689201 5.99999666 58.2700653
v -114.076965 16.0523129 48.5424652
v -96.1268005 5.99999666 52.9491081
v -99.5743256 15.3489542 42.6516762
v -96.1268005 5.99999666 52.9491081
v -79.3082428 15.0822353 36.5193558
v -99.5743256 15.3489542 42.6516762
v -84.539444 21.3907146 20.3100777
v -99.5743256 15.3489542 42.6516762
v -79.3082428 15.0822353 36.5193558
v -84.539444 21.3907146 20.3100777
v -79.3082428 15.0822353 36.5193558
v -64.2063217 18.1835155 34.7577553
v -60.8172798 28.708952 10.3617592
v -84.539444 21.3907146 20.3100777
v -64.2063217 18.1835155 34.7577553
v -79.3082428 15.0822353 36.5193558
v -96.1268005 5.99999666 52.9491081
v -75.9940796 5.99999714 49.3107872
v -75.9940796 5.99999714 49.3107872
v -64.2063217 18.1835155 34.7577553
v -79.3082428 15.0822353 36.5193558
v -64.2063217 18.1835155 34.7577553
v -75.9940796 5.99999714 49.3107872
v -56.0740776 5.99999666 52.3393478
v -56.0740776 5.99999666 52.3393478
v -49.4777603 21.1993561 31.9041538
v -64.2063217 18.1835155 34.7577553
v -49.4777603 21.1993561 31.9041538
v -60.8172798 28.708952 10.3617592
v -64.2063217 18.1835155 34.7577553
v -49.4777603 21.1993561 31.9041538
v 0 28.7887917 11.4161596
v -60.8172798 28.708952 10.3617592
v 0 28.7887917 11.4161596
v 0 33.591835 -38.7105522
v -60.8172798 28.708952 10.3617592
v -39.9441605 28.209034 -43.1923943
v -60.8172798 28.708952 10.3617592
v 0 33.591835 -38.7105522
v -39.9441605 28.209034 -43.1923943
v -74.8395996 25.1003933 -19.5553551
v -60.8172798 28.708952 10.3617592
v -39.9441605 28.209034 -43.1923943
v -77.0439987 25.4215946 -25.3693523
v -74.8395996 25.1003933 -19.5553551
v -49.4777603 21.1993561 31.9041538
v -56.0740776 5.99999666 52.3393478
v -39.2924004 14.867115 50.351265
v -39.2924004 14.867115 50.351265
v 0 18.3503952 40.5426331
v -49.4777603 21.1993561 31.9041538
v -49.4777603 21.1993561 31.9041538
v 0 18.3503952 40.5426331
v 0 28.7887917 11.4161596
v -26 -9.91999817 -3.43999958
v -16.3999996 -16.1179962 20.9599972
v -16.8000011 -9.91999912 20.9599972
v -16.3999996 -16.1179962 20.9599972
v -26 -9.91999817 -3.43999958
v -25.9800816 -20.7801571 -2.96784043
v -25.9800816 -20.7801571 -2.96784043
v -13.9456806 -20.0036774 19.7468758
v -16.3999996 -16.1179962 20.9599972
v -13.9456806 -20.0036774 19.7468758
v -25.9800816 -20.7801571 -2.96784043
v -23.0709591 -26.9378319 -5.92488003
v -23.0709591 -26.9378319 -5.92488003
v -8.80000019 -22.4799976 17.5599957
v -13.9456806 -20.0036774 19.7468758
v -8.80000019 -22.4799976 17.5599957
v -23.0709591 -26.9378319 -5.92488003
v -11.1100798 -32.9690323 -13.5428782
v -11.1100798 -32.9690323 -13.5428782
v 0 -24.3804722 16.5599957
v -8.80000019 -22.4799976 17.5599957
v 0 -24.3804722 16.5599957
v -11.1100798 -32.9690323 -13.5428782
v 0 -34.6466331 -16.2649574
v 11.1100798 -32.9690323 -13.5428782
v 0 -24.3804722 16.5599957
v 0 -34.6466331 -16.2649574
v 0 -24.3804722 16.5599957
v 11.1100798 -32.9690323 -13.5428782
v 8.80000019 -22.4799976 17.5599957
v 23.0709591 -26.9378319 -5.92488003
v 8.80000019 -22.4799976 17.5599957
v 11.1100798 -32.9690323 -13.5428782
v 8.80000019 -22.4799976 17.5599957
v 23.0709591 -26.9378319 -5.92488003
v 13.9456806 -20.0036774 19.7468758
v 25.9800816 -20.7801571 -2.96784043
v 13.9456806 -20.0036774 19.7468758
v 23.0709591 -26.9378319 -5.92488003
v 13.9456806 -20.0036774 19.7468758
v 25.9800816 -20.7801571 -2.96784043
v 16.3999996 -16.1179962 20.9599972
v 26 -9.91999817 -3.43999958
v 16.3999996 -16.1179962 20.9599972
v 25.9800816 -20.7801571 -2.96784043
v 16.3999996 -16.1179962 20.9599972
v 26 -9.91999817 -3.43999958
v 16.8000011 -9.91999912 20.9599972
v -14.8000002 23.510313 57.9108696
v -24.3999996 10.0755959 36.6203117
v -15.1999998 17.6156731 59.8261452
v -24.3999996 10.0755959 36.6203117
v -14.8000002 23.510313 57.9108696
v -24.3800793 20.5502338 33.7134323
v -12.3456802 26.8308716 55.5563889
v -24.3800793 20.5502338 33.7134323
v -14.8000002 23.510313 57.9108696
v -24.3800793 20.5502338 33.7134323
v -12.3456802 26.8308716 55.5563889
v -21.4709606 25.492712 28.998312
v -7.20000029 28.5102291 52.7112656
v -21.4709606 25.492712 28.998312
v -12.3456802 26.8308716 55.5563889
v -21.4709606 25.492712 28.998312
v -7.20000029 28.5102291 52.7112656
v -9.51008034 28.8746319 19.8894367
v 1.60000002 30.008709 51.1729469
v -9.51008034 28.8746319 19.8894367
v -7.20000029 28.5102291 52.7112656
v -9.51008034 28.8746319 19.8894367
v 1.60000002 30.008709 51.1729469
v 1.60000002 29.6289539 16.7821579
v 1.60000002 30.008709 51.1729469
v 12.7100801 28.8746319 19.8894367
v 1.60000002 29.6289539 16.7821579
v 12.7100801 28.8746319 19.8894367
v 1.60000002 30.008709 51.1729469
v 10.4000006 28.5102291 52.7112656
v 10.4000006 28.5102291 52.7112656
v 24.6709595 25.492712 28.998312
v 12.7100801 28.8746319 19.8894367
v 24.6709595 25.492712 28.998312
v 10.4000006 28.5102291 52.7112656
v 15.54568 26.8308716 55.5563889
v 15.54568 26.8308716 55.5563889
v 27.5800819 20.5502338 33.7134323
v 24.6709595 25.492712 28.998312
v 27.5800819 20.5502338 33.7134323
v 15.54568 26.8308716 55.5563889
v 18 23.510313 57.9108696
v 18 23.510313 57.9108696
v 27.6000004 10.0755959 36.6203117
v 27.5800819 20.5502338 33.7134323
v 27.6000004 10.0755959 36.6203117
v 18 23.510313 57.9108696
v 18.3999996 17.6156731 59.8261452
v 114.524559 -0.399997294 -59.3919029
v 127.833611 5.0424819 -57.5718231
v 129.194641 -0.399997205 -61.1098251
v 127.833611 5.0424819 -57.5718231
v 114.524559 -0.399997294 -59.3919029
v 113.185844 5.0424819 -56.693264
v 113.185844 5.0424819 -56.693264
v 123.998962 10.1259203 -49.408226
v 127.833611 5.0424819 -57.5718231
v 123.998962 10.1259203 -49.408226
v 113.185844 5.0424819 -56.693264
v 109.448318 10.1735201 -50.3706245
v 123.998962 10.1259203 -49.408226
v 109.448318 10.1735201 -50.3706245
v 117.939354 14.4913588 -39.0696716
v 109.448318 10.1735201 -50.3706245
v 88.5006409 14.8535976 -46.4904709
v 117.939354 14.4913588 -39.0696716
v 88.5006409 14.8535976 -46.4904709
v 100.139366 19.6315975 -21.6696758
v 117.939354 14.4913588 -39.0696716
v 99.2260818 -0.399997294 -59.2193451
v 113.185844 5.0424819 -56.693264
v 114.524559 -0.399997294 -59.3919029
v 113.185844 5.0424819 -56.693264
v 99.2260818 -0.399997294 -59.2193451
v 97.8825607 5.0424819 -57.2805443
v 97.8825607 5.0424819 -57.2805443
v 109.448318 10.1735201 -50.3706245
v 113.185844 5.0424819 -56.693264
v 109.448318 10.1735201 -50.3706245
v 97.8825607 5.0424819 -57.2805443
v 94.1935959 10.2164812 -52.6443024
v 109.448318 10.1735201 -50.3706245
v 94.1935959 10.2164812 -52.6443024
v 88.5006409 14.8535976 -46.4904709
v 94.1935959 10.2164812 -52.6443024
v 79.8981628 10.2400007 -57.859024
v 88.5006409 14.8535976 -46.4904709
v 79.8981628 10.2400007 -57.859024
v 64.3859177 14.9546394 -59.5233421
v 88.5006409 14.8535976 -46.4904709
v 64.3859177 14.9546394 -59.5233421
v 72.4683228 21.4428787 -34.3502312
v 88.5006409 14.8535976 -46.4904709
v 100.139366 19.6315975 -21.6696758
v 88.5006409 14.8535976 -46.4904709
v 72.4683228 21.4428787 -34.3502312
v 72.4683228 21.4428787 -34.3502312
v 77.1557617 20.4634361 -12.4478359
v 100.139366 19.6315975 -21.6696758
v 85.0879211 -0.399997145 -63.0286217
v 97.8825607 5.0424819 -57.2805443
v 99.2260818 -0.399997294 -59.2193451
v 97.8825607 5.0424819 -57.2805443
v 85.0879211 -0.399997145 -63.0286217
v 83.6717606 5.0424819 -61.5093498
v 83.6717606 5.0424819 -61.5093498
v 94.1935959 10.2164812 -52.6443024
v 97.8825607 5.0424819 -57.2805443
v 94.1935959 10.2164812 -52.6443024
v 83.6717606 5.0424819 -61.5093498
v 79.8981628 10.2400007 -57.859024
v 74.0565643 5.04248238 -67.5190277
v 79.8981628 10.2400007 -57.859024
v 83.6717606 5.0424819 -61.5093498
v 79.8981628 10.2400007 -57.859024
v 74.0565643 5.04248238 -67.5190277
v 70.1149597 10.2417612 -64.0399017
v 79.8981628 10.2400007 -57.859024
v 70.1149597 10.2417612 -64.0399017
v 64.3859177 14.9546394 -59.5233421
v 75.5804825 -0.399996877 -68.9991837
v 83.6717606 5.0424819 -61.5093498
v 85.0879211 -0.399997145 -63.0286217
v 83.6717606 5.0424819 -61.5093498
v 75.5804825 -0.399996877 -68.9991837
v 74.0565643 5.04248238 -67.5190277
v 72.4683228 21.4428787 -34.3502312
v 64.3859177 14.9546394 -59.5233421
v 50.0859184 21.9482403 -51.2233429
v 50.0859184 21.9482403 -51.2233429
v 52.4724808 24.8103142 -24.7374325
v 72.4683228 21.4428787 -34.3502312
v 77.1557617 20.4634361 -12.4478359
v 72.4683228 21.4428787 -34.3502312
v 52.4724808 24.8103142 -24.7374325
v 53.3847237 23.2062359 -13.6715145
v 77.1557617 20.4634361 -12.4478359
v 52.4724808 24.8103142 -24.7374325
v 53.3847237 23.2062359 -13.6715145
v 64.8000031 20.1611977 -9.19999695
v 77.1557617 20.4634361 -12.4478359
v 52.4724808 24.8103142 -24.7374325
v 50.0859184 21.9482403 -51.2233429
v 34.2044029 26.0233555 -45.5793533
v 52.4724808 24.8103142 -24.7374325
v 34.2044029 26.0233555 -45.5793533
v 31.9385586 27.4586334 -31.4729538
v 52.4724808 24.8103142 -24.7374325
v 31.9385586 27.4586334 -31.4729538
v 41.814003 25.9571133 -20.3522358
v 52.4724808 24.8103142 -24.7374325
v 41.814003 25.9571133 -20.3522358
v 53.3847237 23.2062359 -13.6715145
v 34.2044029 26.0233555 -45.5793533
v 26 27.5744762 -43.1999931
v 31.9385586 27.4586334 -31.4729538
v 31.9385586 -28.2586308 -31.4729557
v 26 27.5744762 -43.1999931
v 26 -28.3744717 -43.1999931
v 26 27.5744762 -43.1999931
v 31.9385586 -28.2586308 -31.4729557
v 31.9385586 27.4586334 -31.4729538
v 41.814003 -26.7571125 -20.3522377
v 31.9385586 27.4586334 -31.4729538
v 31.9385586 -28.2586308 -31.4729557
v 31.9385586 27.4586334 -31.4729538
v 41.814003 -26.7571125 -20.3522377
v 41.814003 25.9571133 -20.3522358
v 53.3847237 -24.0062313 -13.6715174
v 41.814003 25.9571133 -20.3522358
v 41.814003 -26.7571125 -20.3522377
v 41.814003 25.9571133 -20.3522358
v 53.3847237 -24.0062313 -13.6715174
v 53.3847237 23.2062359 -13.6715145
v 64.8000031 -20.9611969 -9.19999886
v 53.3847237 23.2062359 -13.6715145
v 53.3847237 -24.0062313 -13.6715174
v 53.3847237 23.2062359 -13.6715145
v 64.8000031 -20.9611969 -9.19999886
v 64.8000031 20.1611977 -9.19999695
v 77.1557617 -21.2634354 -12.4478378
v 64.8000031 20.1611977 -9.19999695
v 64.8000031 -20.9611969 -9.19999886
v 64.8000031 20.1611977 -9.19999695
v 77.1557617 -21.2634354 -12.4478378
v 77.1557617 20.4634361 -12.4478359
v 77.1557617 -21.2634354 -12.4478378
v 100.139366 19.6315975 -21.6696758
v 77.1557617 20.4634361 -12.4478359
v 100.139366 19.6315975 -21.6696758
v 77.1557617 -21.2634354 -12.4478378
v 100.139366 -20.4315948 -21.6696758
v 117.939354 -15.2913551 -39.0696754
v 100.139366 19.6315975 -21.6696758
v 100.139366 -20.4315948 -21.6696758
v 100.139366 19.6315975 -21.6696758
v 117.939354 -15.2913551 -39.0696754
v 117.939354 14.4913588 -39.0696716
v 117.939354 -15.2913551 -39.0696754
v 123.998962 10.1259203 -49.408226
v 117.939354 14.4913588 -39.0696716
v 123.998962 10.1259203 -49.408226
v 117.939354 -15.2913551 -39.0696754
v 123.998962 -10.9259167 -49.408226
v 127.833611 -5.84247684 -57.5718231
v 123.998962 10.1259203 -49.408226
v 123.998962 -10.9259167 -49.408226
v 123.998962 10.1259203 -49.408226
v 127.833611 -5.84247684 -57.5718231
v 127.833611 5.0424819 -57.5718231
v 129.194641 -0.399997205 -61.1098251
v 127.833611 5.0424819 -57.5718231
v 127.833611 -5.84247684 -57.5718231
v -87.2633591 19.7302341 64.4849472
v -88.7747192 26.8066292 74.9522247
v -91.3192825 27.9122295 68.99823
v -88.7747192 26.8066292 74.9522247
v -87.2633591 19.7302341 64.4849472
v -83.0110397 18.6021538 71.1831055
v -78.8524017 13.6667147 58.5164642
v -83.0110397 18.6021538 71.1831055
v -87.2633591 19.7302341 64.4849472
v -83.0110397 18.6021538 71.1831055
v -78.8524017 13.6667147 58.5164642
v -74.4499207 12.7699928 66.2939072
v -78.8524017 13.6667147 58.5164642
v -52.1264 1.86359727 52.0838242
v -74.4499207 12.7699928 66.2939072
v -52.1264 1.86359727 52.0838242
v -78.8524017 13.6667147 58.5164642
v -55.22192 2.34927773 43.7761536
v -48.156002 14.629755 43.7947159
v -52.1264 1.86359727 52.0838242
v -55.22192 2.34927773 43.7761536
v -52.1264 1.86359727 52.0838242
v -48.156002 14.629755 43.7947159
v -45.422081 14.2204742 51.3583832
v 47.5978394 8.44048214 -80.7215042
v 46.9533615 9.33528328 -114.974937
v 32.1171227 13.6201591 -71.8875046
v 46.9533615 9.33528328 -114.974937
v 47.5978394 8.44048214 -80.7215042
v 55.9282417 6.17128277 -111.884613
v 68.158165 2.83992648 -157.635498
v 46.9533615 9.33528328 -114.974937
v 55.9282417 6.17128277 -111.884613
v 46.9533615 9.33528328 -114.974937
v 68.158165 2.83992648 -157.635498
v 62.3331184 4.89344597 -159.641251
v 76.9119186 0.45544821 -190.38205
v 62.3331184 4.89344597 -159.641251
v 68.158165 2.83992648 -157.635498
v 62.3331184 4.89344597 -159.641251
v 76.9119186 0.45544821 -190.38205
v 73.3414459 1.71416783 -191.611496
v 78.3286362 -0.789751112 -198.321152
v 73.3414459 1.71416783 -191.611496
v 76.9119186 0.45544821 -190.38205
v 73.3414459 1.71416783 -191.611496
v 78.3286362 -0.789751112 -198.321152
v 76.8433609 -0.143431142 -201.782028
v 51.6751213 -3.32079554 -80.9731827
v 55.9282417 6.17128277 -111.884613
v 47.5978394 8.44048214 -80.7215042
v 55.9282417 6.17128277 -111.884613
v 51.6751213 -3.32079554 -80.9731827
v 58.9199219 -3.32079434 -110.854538
v 58.9199219 -3.32079434 -110.854538
v 68.158165 2.83992648 -157.635498
v 55.9282417 6.17128277 -111.884613
v 68.158165 2.83992648 -157.635498
v 58.9199219 -3.32079434 -110.854538
v 70.0999222 -3.3207922 -156.966934
v 70.0999222 -3.3207922 -156.966934
v 76.9119186 0.45544821 -190.38205
v 68.158165 2.83992648 -157.635498
v 76.9119186 0.45544821 -190.38205
v 70.0999222 -3.3207922 -156.966934
v 78.1020813 -3.32079077 -189.97229
v 78.1020813 -3.32079077 -189.97229
v 78.3286362 -0.789751112 -198.321152
v 76.9119186 0.45544821 -190.38205
v 78.3286362 -0.789751112 -198.321152
v 78.1020813 -3.32079077 -189.97229
v 79.8476791 -3.32079029 -200.747543
v 79.8476791 -3.32079029 -200.747543
v 76.8433609 -0.143431142 -201.782028
v 78.3286362 -0.789751112 -198.321152
v 76.8433609 -0.143431142 -201.782028
v 79.8476791 -3.32079029 -200.747543
v 78.0107193 -3.32079005 -205.17218
v 51.6751213 -3.32079554 -80.9731827
v 55.9282417 -12.8127918 -111.884613
v 58.9199219 -3.32079434 -110.854538
v 68.158165 -9.48143101 -157.635498
v 58.9199219 -3.32079434 -110.854538
v 55.9282417 -12.8127918 -111.884613
v 58.9199219 -3.32079434 -110.854538
v 68.158165 -9.48143101 -157.635498
v 70.0999222 -3.3207922 -156.966934
v 76.9119186 -7.09694958 -190.38205
v 70.0999222 -3.3207922 -156.966934
v 68.158165 -9.48143101 -157.635498
v 70.0999222 -3.3207922 -156.966934
v 76.9119186 -7.09694958 -190.38205
v 78.1020813 -3.32079077 -189.97229
v 78.3286362 -5.85183048 -198.321213
v 78.1020813 -3.32079077 -189.97229
v 76.9119186 -7.09694958 -190.38205
v 78.1020813 -3.32079077 -189.97229
v 78.3286362 -5.85183048 -198.321213
v 79.8476791 -3.32079029 -200.747543
v 76.8433609 -6.49814939 -201.781937
v 79.8476791 -3.32079029 -200.747543
v 78.3286362 -5.85183048 -198.321213
v 79.8476791 -3.32079029 -200.747543
v 76.8433609 -6.49814939 -201.781937
v 78.0107193 -3.32079005 -205.17218
v 76.8433609 -6.49814939 -201.781937
v 73.839119 -3.32079029 -202.816422
v 78.0107193 -3.32079005 -205.17218
v 73.839119 -3.32079029 -202.816422
v 76.8433609 -0.143431142 -201.782028
v 78.0107193 -3.32079005 -205.17218
v 55.9282417 -12.8127918 -111.884613
v 51.6751213 -3.32079554 -80.9731827
v 46.382 -15.4131937 -76.1733475
v 46.382 -15.4131937 -76.1733475
v 46.9533615 -15.9768715 -114.974937
v 55.9282417 -12.8127918 -111.884613
v 46.9533615 -15.9768715 -114.974937
v 68.158165 -9.48143101 -157.635498
v 55.9282417 -12.8127918 -111.884613
v 68.158165 -9.48143101 -157.635498
v 46.9533615 -15.9768715 -114.974937
v 62.3331985 -11.5350313 -159.641251
v 62.3331985 -11.5350313 -159.641251
v 76.9119186 -7.09694958 -190.38205
v 68.158165 -9.48143101 -157.635498
v 76.9119186 -7.09694958 -190.38205
v 62.3331985 -11.5350313 -159.641251
v 73.3414459 -8.35575008 -191.611496
v 73.3414459 -8.35575008 -191.611496
v 78.3286362 -5.85183048 -198.321213
v 76.9119186 -7.09694958 -190.38205
v 78.3286362 -5.85183048 -198.321213
v 73.3414459 -8.35575008 -191.611496
v 76.8433609 -6.49814939 -201.781937
v 73.3414459 -8.35575008 -191.611496
v 73.5423203 -5.85183001 -199.969223
v 76.8433609 -6.49814939 -201.781937
v 73.839119 -3.32079029 -202.816422
v 76.8433609 -6.49814939 -201.781937
v 73.5423203 -5.85183001 -199.969223
v 73.5423203 -5.85183001 -199.969223
v 68.580719 -3.32079077 -193.250656
v 73.839119 -3.32079029 -202.816422
v 68.580719 -3.32079077 -193.250656
v 73.5423203 -0.789751053 -199.969223
v 73.839119 -3.32079029 -202.816422
v 76.8433609 -0.143431142 -201.782028
v 73.839119 -3.32079029 -202.816422
v 73.5423203 -0.789751053 -199.969223
v 73.5423203 -0.789751053 -199.969223
v 73.3414459 1.71416783 -191.611496
v 76.8433609 -0.143431142 -201.782028
v 46.9533615 -15.9768715 -114.974937
v 46.382 -15.4131937 -76.1733475
v 32.1171227 -20.2616749 -71.8875046
v 32.1171227 -20.2616749 -71.8875046
v 37.9784012 -12.8127918 -118.065254
v 46.9533615 -15.9768715 -114.974937
v 56.5080833 -9.48143101 -161.646927
v 46.9533615 -15.9768715 -114.974937
v 37.9784012 -12.8127918 -118.065254
v 46.9533615 -15.9768715 -114.974937
v 56.5080833 -9.48143101 -161.646927
v 62.3331985 -11.5350313 -159.641251
v 69.7708817 -7.09694958 -192.840897
v 62.3331985 -11.5350313 -159.641251
v 56.5080833 -9.48143101 -161.646927
v 62.3331985 -11.5350313 -159.641251
v 69.7708817 -7.09694958 -192.840897
v 73.3414459 -8.35575008 -191.611496
v 73.5423203 -5.85183001 -199.969223
v 73.3414459 -8.35575008 -191.611496
v 69.7708817 -7.09694958 -192.840897
v 68.580719 -3.32079077 -193.250656
v 73.5423203 -5.85183001 -199.969223
v 69.7708817 -7.09694958 -192.840897
v 69.7708817 -7.09694958 -192.840897
v 54.5664024 -3.32079196 -162.315491
v 68.580719 -3.32079077 -193.250656
v 54.5664024 -3.32079196 -162.315491
v 69.7708817 0.4554483 -192.840897
v 68.580719 -3.32079077 -193.250656
v 73.5423203 -0.789751053 -199.969223
v 68.580719 -3.32079077 -193.250656
v 69.7708817 0.4554483 -192.840897
v 73.3414459 1.71416783 -191.611496
v 73.5423203 -0.789751053 -199.969223
v 69.7708817 0.4554483 -192.840897
v 69.7708817 0.4554483 -192.840897
v 62.3331184 4.89344597 -159.641251
v 73.3414459 1.71416783 -191.611496
v 37.9784012 -12.8127918 -118.065254
v 32.1171227 -20.2616749 -71.8875046
v 16.9653606 -16.5907135 -68.6427841
v 16.9653606 -16.5907135 -68.6427841
v 34.9868011 -3.32079387 -119.095406
v 37.9784012 -12.8127918 -118.065254
v 34.9868011 -3.32079387 -119.095406
v 56.5080833 -9.48143101 -161.646927
v 37.9784012 -12.8127918 -118.065254
v 56.5080833 -9.48143101 -161.646927
v 34.9868011 -3.32079387 -119.095406
v 54.5664024 -3.32079196 -162.315491
v 54.5664024 -3.32079196 -162.315491
v 69.7708817 -7.09694958 -192.840897
v 56.5080833 -9.48143101 -161.646927
v 34.9868011 -3.32079387 -119.095406
v 16.9653606 -16.5907135 -68.6427841
v 12.4946404 -3.32079601 -69.4463043
v 17.5793591 9.83872128 -70.0869446
v 34.9868011 -3.32079387 -119.095406
v 12.4946404 -3.32079601 -69.4463043
v 34.9868011 -3.32079387 -119.095406
v 17.5793591 9.83872128 -70.0869446
v 37.9784012 6.17128325 -118.065254
v 56.5080833 2.83992672 -161.646927
v 34.9868011 -3.32079387 -119.095406
v 37.9784012 6.17128325 -118.065254
v 34.9868011 -3.32079387 -119.095406
v 56.5080833 2.83992672 -161.646927
v 54.5664024 -3.32079196 -162.315491
v 69.7708817 0.4554483 -192.840897
v 54.5664024 -3.32079196 -162.315491
v 56.5080833 2.83992672 -161.646927
v 62.3331184 4.89344597 -159.641251
v 69.7708817 0.4554483 -192.840897
v 56.5080833 2.83992672 -161.646927
v 56.5080833 2.83992672 -161.646927
v 46.9533615 9.33528328 -114.974937
v 62.3331184 4.89344597 -159.641251
v 46.9533615 9.33528328 -114.974937
v 56.5080833 2.83992672 -161.646927
v 37.9784012 6.17128325 -118.065254
v 37.9784012 6.17128325 -118.065254
v 32.1171227 13.6201591 -71.8875046
v 46.9533615 9.33528328 -114.974937
v 32.1171227 13.6201591 -71.8875046
v 37.9784012 6.17128325 -118.065254
v 17.5793591 9.83872128 -70.0869446
v -46.9533615 9.33528328 -114.974937
v -47.5978394 8.44048214 -80.7215042
v -32.1171227 13.6201591 -71.8875046
v -47.5978394 8.44048214 -80.7215042
v -46.9533615 9.33528328 -114.974937
v -55.9282417 6.17128277 -111.884613
v -55.9282417 6.17128277 -111.884613
v -51.6751213 -3.32079554 -80.9731827
v -47.5978394 8.44048214 -80.7215042
v -51.6751213 -3.32079554 -80.9731827
v -55.9282417 6.17128277 -111.884613
v -58.9199219 -3.32079434 -110.854538
v -55.9282417 -12.8127918 -111.884613
v -51.6751213 -3.32079554 -80.9731827
v -58.9199219 -3.32079434 -110.854538
v -51.6751213 -3.32079554 -80.9731827
v -55.9282417 -12.8127918 -111.884613
v -46.382 -15.4131937 -76.1733475
v -46.9533615 -15.9768715 -114.974937
v -46.382 -15.4131937 -76.1733475
v -55.9282417 -12.8127918 -111.884613
v -46.382 -15.4131937 -76.1733475
v -46.9533615 -15.9768715 -114.974937
v -32.1171227 -20.2616749 -71.8875046
v -46.9533615 9.33528328 -114.974937
v -68.158165 2.83992648 -157.635498
v -55.9282417 6.17128277 -111.884613
v -68.158165 2.83992648 -157.635498
v -58.9199219 -3.32079434 -110.854538
v -55.9282417 6.17128277 -111.884613
v -58.9199219 -3.32079434 -110.854538
v -68.158165 2.83992648 -157.635498
v -70.0999222 -3.3207922 -156.966934
v -68.158165 -9.48143101 -157.635498
v -58.9199219 -3.32079434 -110.854538
v -70.0999222 -3.3207922 -156.966934
v -58.9199219 -3.32079434 -110.854538
v -68.158165 -9.48143101 -157.635498
v -55.9282417 -12.8127918 -111.884613
v -68.158165 -9.48143101 -157.635498
v -46.9533615 -15.9768715 -114.974937
v -55.9282417 -12.8127918 -111.884613
v -46.9533615 -15.9768715 -114.974937
v -68.158165 -9.48143101 -157.635498
v -62.3331985 -11.5350313 -159.641251
v -56.5080833 -9.48143101 -161.646927
v -46.9533615 -15.9768715 -114.974937
v -62.3331985 -11.5350313 -159.641251
v -46.9533615 -15.9768715 -114.974937
v -56.5080833 -9.48143101 -161.646927
v -37.9784012 -12.8127918 -118.065254
v -37.9784012 -12.8127918 -118.065254
v -32.1171227 -20.2616749 -71.8875046
v -46.9533615 -15.9768715 -114.974937
v -32.1171227 -20.2616749 -71.8875046
v -37.9784012 -12.8127918 -118.065254
v -16.9653606 -16.5907135 -68.6427841
v -68.158165 2.83992648 -157.635498
v -46.9533615 9.33528328 -114.974937
v -62.3331184 4.89344597 -159.641251
v -62.3331184 4.89344597 -159.641251
v -76.9119186 0.45544821 -190.38205
v -68.158165 2.83992648 -157.635498
v -76.9119186 0.45544821 -190.38205
v -70.0999222 -3.3207922 -156.966934
v -68.158165 2.83992648 -157.635498
v -70.0999222 -3.3207922 -156.966934
v -76.9119186 0.45544821 -190.38205
v -78.1020813 -3.32079077 -189.97229
v -76.9119186 -7.09694958 -190.38205
v -70.0999222 -3.3207922 -156.966934
v -78.1020813 -3.32079077 -189.97229
v -70.0999222 -3.3207922 -156.966934
v -76.9119186 -7.09694958 -190.38205
v -68.158165 -9.48143101 -157.635498
v -76.9119186 -7.09694958 -190.38205
v -62.3331985 -11.5350313 -159.641251
v -68.158165 -9.48143101 -157.635498
v -62.3331985 -11.5350313 -159.641251
v -76.9119186 -7.09694958 -190.38205
v -73.3414459 -8.35575008 -191.611496
v -69.7708817 -7.09694958 -192.840897
v -62.3331985 -11.5350313 -159.641251
v -73.3414459 -8.35575008 -191.611496
v -62.3331985 -11.5350313 -159.641251
v -69.7708817 -7.09694958 -192.840897
v -56.5080833 -9.48143101 -161.646927
v -76.9119186 0.45544821 -190.38205
v -62.3331184 4.89344597 -159.641251
v -73.3414459 1.71416783 -191.611496
v -73.3414459 1.71416783 -191.611496
v -78.3286362 -0.789751112 -198.321152
v -76.9119186 0.45544821 -190.38205
v -78.3286362 -0.789751112 -198.321152
v -78.1020813 -3.32079077 -189.97229
v -76.9119186 0.45544821 -190.38205
v -78.1020813 -3.32079077 -189.97229
v -78.3286362 -0.789751112 -198.321152
v -79.8476791 -3.32079029 -200.747543
v -78.3286362 -5.85183048 -198.321213
v -78.1020813 -3.32079077 -189.97229
v -79.8476791 -3.32079029 -200.747543
v -78.1020813 -3.32079077 -189.97229
v -78.3286362 -5.85183048 -198.321213
v -76.9119186 -7.09694958 -190.38205
v -78.3286362 -5.85183048 -198.321213
v -73.3414459 -8.35575008 -191.611496
v -76.9119186 -7.09694958 -190.38205
v -73.3414459 -8.35575008 -191.611496
v -78.3286362 -5.85183048 -198.321213
v -76.8433609 -6.49814939 -201.781937
v -73.5423203 -5.85183001 -199.969223
v -73.3414459 -8.35575008 -191.611496
v -76.8433609 -6.49814939 -201.781937
v -73.3414459 -8.35575008 -191.611496
v -73.5423203 -5.85183001 -199.969223
v -69.7708817 -7.09694958 -192.840897
v -78.3286362 -0.789751112 -198.321152
v -73.3414459 1.71416783 -191.611496
v -76.8433609 -0.143431142 -201.782028
v -76.8433609 -0.143431142 -201.782028
v -79.8476791 -3.32079029 -200.747543
v -78.3286362 -0.789751112 -198.321152
v -79.8476791 -3.32079029 -200.747543
v -76.8433609 -0.143431142 -201.782028
v -78.0107193 -3.32079005 -205.17218
v -76.8433609 -6.49814939 -201.781937
v -79.8476791 -3.32079029 -200.747543
v -78.0107193 -3.32079005 -205.17218
v -79.8476791 -3.32079029 -200.747543
v -76.8433609 -6.49814939 -201.781937
v -78.3286362 -5.85183048 -198.321213
v -73.839119 -3.32079029 -202.816422
v -76.8433609 -6.49814939 -201.781937
v -78.0107193 -3.32079005 -205.17218
v -76.8433609 -6.49814939 -201.781937
v -73.839119 -3.32079029 -202.816422
v -73.5423203 -5.85183001 -199.969223
v -68.580719 -3.32079077 -193.250656
v -73.5423203 -5.85183001 -199.969223
v -73.839119 -3.32079029 -202.816422
v -73.5423203 -5.85183001 -199.969223
v -68.580719 -3.32079077 -193.250656
v -69.7708817 -7.09694958 -192.840897
v -54.5664024 -3.32079196 -162.315491
v -69.7708817 -7.09694958 -192.840897
v -68.580719 -3.32079077 -193.250656
v -69.7708817 -7.09694958 -192.840897
v -54.5664024 -3.32079196 -162.315491
v -56.5080833 -9.48143101 -161.646927
v -34.9868011 -3.32079387 -119.095406
v -56.5080833 -9.48143101 -161.646927
v -54.5664024 -3.32079196 -162.315491
v -56.5080833 -9.48143101 -161.646927
v -34.9868011 -3.32079387 -119.095406
v -37.9784012 -12.8127918 -118.065254
v -34.9868011 -3.32079387 -119.095406
v -16.9653606 -16.5907135 -68.6427841
v -37.9784012 -12.8127918 -118.065254
v -76.8433609 -0.143431142 -201.782028
v -73.839119 -3.32079029 -202.816422
v -78.0107193 -3.32079005 -205.17218
v -73.839119 -3.32079029 -202.816422
v -76.8433609 -0.143431142 -201.782028
v -73.5423203 -0.789751053 -199.969223
v -73.5423203 -0.789751053 -199.969223
v -68.580719 -3.32079077 -193.250656
v -73.839119 -3.32079029 -202.816422
v -68.580719 -3.32079077 -193.250656
v -73.5423203 -0.789751053 -199.969223
v -69.7708817 0.4554483 -192.840897
v -69.7708817 0.4554483 -192.840897
v -54.5664024 -3.32079196 -162.315491
v -68.580719 -3.32079077 -193.250656
v -54.5664024 -3.32079196 -162.315491
v -69.7708817 0.4554483 -192.840897
v -56.5080833 2.83992672 -161.646927
v -56.5080833 2.83992672 -161.646927
v -34.9868011 -3.32079387 -119.095406
v -54.5664024 -3.32079196 -162.315491
v -34.9868011 -3.32079387 -119.095406
v -56.5080833 2.83992672 -161.646927
v -37.9784012 6.17128325 -118.065254
v -17.5793591 9.83872128 -70.0869446
v -34.9868011 -3.32079387 -119.095406
v -37.9784012 6.17128325 -118.065254
v -34.9868011 -3.32079387 -119.095406
v -17.5793591 9.83872128 -70.0869446
v -12.4946404 -3.32079601 -69.4463043
v -16.9653606 -16.5907135 -68.6427841
v -34.9868011 -3.32079387 -119.095406
v -12.4946404 -3.32079601 -69.4463043
v -73.3414459 1.71416783 -191.611496
v -73.5423203 -0.789751053 -199.969223
v -76.8433609 -0.143431142 -201.782028
v -73.5423203 -0.789751053 -199.969223
v -73.3414459 1.71416783 -191.611496
v -69.7708817 0.4554483 -192.840897
v -62.3331184 4.89344597 -159.641251
v -69.7708817 0.4554483 -192.840897
v -73.3414459 1.71416783 -191.611496
v -69.7708817 0.4554483 -192.840897
v -62.3331184 4.89344597 -159.641251
v -56.5080833 2.83992672 -161.646927
v -46.9533615 9.33528328 -114.974937
v -56.5080833 2.83992672 -161.646927
v -62.3331184 4.89344597 -159.641251
v -56.5080833 2.83992672 -161.646927
v -46.9533615 9.33528328 -114.974937
v -37.9784012 6.17128325 -118.065254
v -32.1171227 13.6201591 -71.8875046
v -37.9784012 6.17128325 -118.065254
v -46.9533615 9.33528328 -114.974937
v -37.9784012 6.17128325 -118.065254
v -32.1171227 13.6201591 -71.8875046
v -17.5793591 9.83872128 -70.0869446
v 34.5805626 -3.79880333 98.49189
v 8.47064018 12.2432728 92.7695847
v 9.12335968 -10.8824024 92.8298264
v 8.47064018 12.2432728 92.7695847
v 34.5805626 -3.79880333 98.49189
v 29.9071198 14.6183929 98.0434875
v 48.2053604 2.93007469 109.757172
v 29.9071198 14.6183929 98.0434875
v 34.5805626 -3.79880333 98.49189
v 29.9071198 14.6183929 98.0434875
v 48.2053604 2.93007469 109.757172
v 41.9246407 19.0546322 106.554611
v 54.9942398 9.38231277 122.907494
v 41.9246407 19.0546322 106.554611
v 48.2053604 2.93007469 109.757172
v 41.9246407 19.0546322 106.554611
v 54.9942398 9.38231277 122.907494
v 50.0985603 22.4984722 120.013329
v 57.5024796 17.1062298 142.070053
v 50.0985603 22.4984722 120.013329
v 54.9942398 9.38231277 122.907494
v 50.0985603 22.4984722 120.013329
v 57.5024796 17.1062298 142.070053
v 54.5513611 24.8339863 139.907578
v 54.5513611 24.8339863 139.907578
v 57.5024796 17.1062298 142.070053
v 56.2481651 27.7439861 170.851334
v -39.9441605 22.2090378 -43.1923943
v -77.0439987 25.4215946 -25.3693523
v -39.9441605 28.209034 -43.1923943
v -77.0439987 25.4215946 -25.3693523
v -39.9441605 22.2090378 -43.1923943
v -77.0439987 19.4215984 -25.3693523
v -77.0439987 19.4215984 -25.3693523
v -74.8395996 25.1003933 -19.5553551
v -77.0439987 25.4215946 -25.3693523
v -74.8395996 25.1003933 -19.5553551
v -77.0439987 19.4215984 -25.3693523
v -74.9209595 19.0942364 -19.5162354
v -74.9209595 19.0942364 -19.5162354
v -85.1879196 24.8097534 -21.456955
v -74.8395996 25.1003933 -19.5553551
v -85.1879196 24.8097534 -21.456955
v -74.9209595 19.0942364 -19.5162354
v -85.1879196 18.8097572 -21.456955
v -8.80000019 -11.039999 17.5599957
v -26 -9.91999817 -3.43999958
v -16.8000011 -9.91999912 20.9599972
v -26 -9.91999817 -3.43999958
v -8.80000019 -11.039999 17.5599957
v -12.7204008 -11.1232777 -13.8872776
v 0 -11.5183992 16.5599957
v -12.7204008 -11.1232777 -13.8872776
v -8.80000019 -11.039999 17.5599957
v -12.7204008 -11.1232777 -13.8872776
v 0 -11.5183992 16.5599957
v 0 -11.5183973 -16.9599972
v 0 -11.5183992 16.5599957
v 12.7204008 -11.1232777 -13.8872776
v 0 -11.5183973 -16.9599972
v 12.7204008 -11.1232777 -13.8872776
v 0 -11.5183992 16.5599957
v 8.80000019 -11.039999 17.5599957
v 8.80000019 -11.039999 17.5599957
v 26 -9.91999817 -3.43999958
v 12.7204008 -11.1232777 -13.8872776
v 26 -9.91999817 -3.43999958
v 8.80000019 -11.039999 17.5599957
v 16.8000011 -9.91999912 20.9599972
v -16.3999996 -21.397995 -8.39999962
v -8.80000019 -16.3199959 -11.7999992
v -16.8000011 -15.199996 -8.39999866
v -8.80000019 -16.3199959 -11.7999992
v -16.3999996 -21.397995 -8.39999962
v -13.9456806 -25.2836723 -9.61312008
v -13.9456806 -25.2836723 -9.61312008
v -8.80000019 -27.7599926 -11.7999992
v -8.80000019 -16.3199959 -11.7999992
v -8.80000019 -27.7599926 -11.7999992
v 0 -16.7983952 -12.7999973
v -8.80000019 -16.3199959 -11.7999992
v 0 -16.7983952 -12.7999973
v -8.80000019 -27.7599926 -11.7999992
v 0 -29.6604729 -12.7999973
v 8.80000019 -27.7599926 -11.7999992
v 0 -16.7983952 -12.7999973
v 0 -29.6604729 -12.7999973
v 0 -16.7983952 -12.7999973
v 8.80000019 -27.7599926 -11.7999992
v 8.80000019 -16.3199959 -11.7999992
v 16.3999996 -21.397995 -8.39999962
v 8.80000019 -16.3199959 -11.7999992
v 8.80000019 -27.7599926 -11.7999992
v 8.80000019 -16.3199959 -11.7999992
v 16.3999996 -21.397995 -8.39999962
v 16.8000011 -15.199996 -8.39999866
v 8.80000019 -27.7599926 -11.7999992
v 13.9456806 -25.2836723 -9.61312008
v 16.3999996 -21.397995 -8.39999962
v -24.3999996 10.0755959 36.6203117
v -7.20000029 17.6301537 56.2464638
v -15.1999998 17.6156731 59.8261452
v -7.20000029 17.6301537 56.2464638
v -24.3999996 10.0755959 36.6203117
v -11.1204004 7.99159718 26.3125534
v -11.1204004 7.99159718 26.3125534
v 1.60000002 17.7761536 55.1475067
v -7.20000029 17.6301537 56.2464638
v 1.60000002 17.7761536 55.1475067
v -11.1204004 7.99159718 26.3125534
v 1.60000002 7.41791725 23.2681561
v 14.3203993 7.99159718 26.3125534
v 1.60000002 17.7761536 55.1475067
v 1.60000002 7.41791725 23.2681561
v 1.60000002 17.7761536 55.1475067
v 14.3203993 7.99159718 26.3125534
v 10.4000006 17.6301537 56.2464638
v 27.6000004 10.0755959 36.6203117
v 10.4000006 17.6301537 56.2464638
v 14.3203993 7.99159718 26.3125534
v 10.4000006 17.6301537 56.2464638
v 27.6000004 10.0755959 36.6203117
v 18.3999996 17.6156731 59.8261452
v 127.833611 -5.84247684 -57.5718231
v 114.524559 -0.399997294 -59.3919029
v 129.194641 -0.399997205 -61.1098251
v 114.524559 -0.399997294 -59.3919029
v 127.833611 -5.84247684 -57.5718231
v 113.185844 -5.84247684 -56.693264
v 113.185844 -5.84247684 -56.693264
v 99.2260818 -0.399997294 -59.2193451
v 114.524559 -0.399997294 -59.3919029
v 99.2260818 -0.399997294 -59.2193451
v 113.185844 -5.84247684 -56.693264
v 97.8825607 -5.84247684 -57.2805443
v 97.8825607 -5.84247684 -57.2805443
v 85.0879211 -0.399997145 -63.0286217
v 99.2260818 -0.399997294 -59.2193451
v 85.0879211 -0.399997145 -63.0286217
v 97.8825607 -5.84247684 -57.2805443
v 83.6717606 -5.84247637 -61.5093498
v 83.6717606 -5.84247637 -61.5093498
v 75.5804825 -0.399996877 -68.9991837
v 85.0879211 -0.399997145 -63.0286217
v 75.5804825 -0.399996877 -68.9991837
v 83.6717606 -5.84247637 -61.5093498
v 74.0565643 -5.84247637 -67.5190277
v 123.998962 -10.9259167 -49.408226
v 113.185844 -5.84247684 -56.693264
v 127.833611 -5.84247684 -57.5718231
v 113.185844 -5.84247684 -56.693264
v 123.998962 -10.9259167 -49.408226
v 109.448318 -10.9735155 -50.3706245
v 109.448318 -10.9735155 -50.3706245
v 97.8825607 -5.84247684 -57.2805443
v 113.185844 -5.84247684 -56.693264
v 97.8825607 -5.84247684 -57.2805443
v 109.448318 -10.9735155 -50.3706245
v 94.1935959 -11.0164766 -52.6443024
v 94.1935959 -11.0164766 -52.6443024
v 83.6717606 -5.84247637 -61.5093498
v 97.8825607 -5.84247684 -57.2805443
v 83.6717606 -5.84247637 -61.5093498
v 94.1935959 -11.0164766 -52.6443024
v 79.8981628 -11.0399961 -57.859024
v 79.8981628 -11.0399961 -57.859024
v 74.0565643 -5.84247637 -67.5190277
v 83.6717606 -5.84247637 -61.5093498
v 74.0565643 -5.84247637 -67.5190277
v 79.8981628 -11.0399961 -57.859024
v 70.1149597 -11.0417557 -64.0399017
v 70.1149597 -11.0417557 -64.0399017
v 79.8981628 -11.0399961 -57.859024
v 64.3859177 -15.7546339 -59.5233459
v 109.448318 -10.9735155 -50.3706245
v 123.998962 -10.9259167 -49.408226
v 117.939354 -15.2913551 -39.0696754
v 88.5006409 -15.653594 -46.4904709
v 109.448318 -10.9735155 -50.3706245
v 117.939354 -15.2913551 -39.0696754
v 94.1935959 -11.0164766 -52.6443024
v 109.448318 -10.9735155 -50.3706245
v 88.5006409 -15.653594 -46.4904709
v 79.8981628 -11.0399961 -57.859024
v 94.1935959 -11.0164766 -52.6443024
v 88.5006409 -15.653594 -46.4904709
v 64.3859177 -15.7546339 -59.5233459
v 79.8981628 -11.0399961 -57.859024
v 88.5006409 -15.653594 -46.4904709
v 72.4683228 -22.2428761 -34.350235
v 64.3859177 -15.7546339 -59.5233459
v 88.5006409 -15.653594 -46.4904709
v 64.3859177 -15.7546339 -59.5233459
v 72.4683228 -22.2428761 -34.350235
v 50.0859184 -22.7482357 -51.2233429
v 52.4724808 -25.6103134 -24.7374344
v 50.0859184 -22.7482357 -51.2233429
v 72.4683228 -22.2428761 -34.350235
v 50.0859184 -22.7482357 -51.2233429
v 52.4724808 -25.6103134 -24.7374344
v 34.2044029 -26.8233528 -45.5793533
v 34.2044029 -26.8233528 -45.5793533
v 52.4724808 -25.6103134 -24.7374344
v 31.9385586 -28.2586308 -31.4729557
v 26 -28.3744717 -43.1999931
v 34.2044029 -26.8233528 -45.5793533
v 31.9385586 -28.2586308 -31.4729557
v 100.139366 -20.4315948 -21.6696758
v 88.5006409 -15.653594 -46.4904709
v 117.939354 -15.2913551 -39.0696754
v 88.5006409 -15.653594 -46.4904709
v 100.139366 -20.4315948 -21.6696758
v 72.4683228 -22.2428761 -34.350235
v 77.1557617 -21.2634354 -12.4478378
v 72.4683228 -22.2428761 -34.350235
v 100.139366 -20.4315948 -21.6696758
v 72.4683228 -22.2428761 -34.350235
v 77.1557617 -21.2634354 -12.4478378
v 52.4724808 -25.6103134 -24.7374344
v 77.1557617 -21.2634354 -12.4478378
v 53.3847237 -24.0062313 -13.6715174
v 52.4724808 -25.6103134 -24.7374344
v 41.814003 -26.7571125 -20.3522377
v 52.4724808 -25.6103134 -24.7374344
v 53.3847237 -24.0062313 -13.6715174
v 31.9385586 -28.2586308 -31.4729557
v 52.4724808 -25.6103134 -24.7374344
v 41.814003 -26.7571125 -20.3522377
v 64.8000031 -20.9611969 -9.19999886
v 53.3847237 -24.0062313 -13.6715174
v 77.1557617 -21.2634354 -12.4478378
v -16.3999996 -9.23799992 52.3999863
v -8.80000019 -4.16000128 48.9999847
v -16.8000011 -3.04000139 52.3999863
v -8.80000019 -4.16000128 48.9999847
v -16.3999996 -9.23799992 52.3999863
v -13.9456806 -13.1236792 51.1868668
v -13.9456806 -13.1236792 51.1868668
v -8.80000019 -15.5999985 48.9999847
v -8.80000019 -4.16000128 48.9999847
v -8.80000019 -15.5999985 48.9999847
v 0 -4.63840103 47.9999924
v -8.80000019 -4.16000128 48.9999847
v 0 -4.63840103 47.9999924
v -8.80000019 -15.5999985 48.9999847
v 0 -17.5004787 47.9999924
v 8.80000019 -15.5999985 48.9999847
v 0 -4.63840103 47.9999924
v 0 -17.5004787 47.9999924
v 0 -4.63840103 47.9999924
v 8.80000019 -15.5999985 48.9999847
v 8.80000019 -4.16000128 48.9999847
v 16.3999996 -9.23799992 52.3999863
v 8.80000019 -4.16000128 48.9999847
v 8.80000019 -15.5999985 48.9999847
v 8.80000019 -4.16000128 48.9999847
v 16.3999996 -9.23799992 52.3999863
v 16.8000011 -3.04000139 52.3999863
v 8.80000019 -15.5999985 48.9999847
v 13.9456806 -13.1236792 51.1868668
v 16.3999996 -9.23799992 52.3999863
v 62.6169624 -15.0319138 -57.7779884
v 71.172966 0.00560281053 -64.3126297
v 64.3769608 13.5520782 -57.7779884
v 64.3769608 13.5520782 -57.7779884
v 43.08424 -29.1159916 -43.9812737
v 62.6169624 -15.0319138 -57.7779884
v 43.08424 -29.1159916 -43.9812737
v 64.3769608 13.5520782 -57.7779884
v 43.2741623 28.921196 -43.5279922
v 43.2741623 28.921196 -43.5279922
v 0 -36.3307114 -35.4372749
v 43.08424 -29.1159916 -43.9812737
v 0 -36.3307114 -35.4372749
v 43.2741623 28.921196 -43.5279922
v 0 36.6319962 -33.5913506
v 0 36.6319962 -33.5913506
v -43.08424 -29.1159916 -43.9812737
v 0 -36.3307114 -35.4372749
v -43.08424 -29.1159916 -43.9812737
v 0 36.6319962 -33.5913506
v -43.2741623 28.921196 -43.5279922
v -64.3769608 13.5520782 -57.7779884
v -43.08424 -29.1159916 -43.9812737
v -43.2741623 28.921196 -43.5279922
v -43.08424 -29.1159916 -43.9812737
v -64.3769608 13.5520782 -57.7779884
v -71.172966 0.00560281053 -64.3126297
v -71.172966 0.00560281053 -64.3126297
v -62.6169624 -15.0319138 -57.7779884
v -43.08424 -29.1159916 -43.9812737
v -34.2044029 -26.8233528 -45.5793533
v -26 27.5744762 -43.1999931
v -26 -28.3744717 -43.1999931
v -26 27.5744762 -43.1999931
v -34.2044029 -26.8233528 -45.5793533
v -34.2044029 26.0233555 -45.5793533
v -50.0859184 -22.7482357 -51.2233429
v -34.2044029 26.0233555 -45.5793533
v -34.2044029 -26.8233528 -45.5793533
v -34.2044029 26.0233555 -45.5793533
v -50.0859184 -22.7482357 -51.2233429
v -50.0859184 21.9482403 -51.2233429
v -64.3859177 -15.7546339 -59.5233459
v -50.0859184 21.9482403 -51.2233429
v -50.0859184 -22.7482357 -51.2233429
v -50.0859184 21.9482403 -51.2233429
v -64.3859177 -15.7546339 -59.5233459
v -64.3859177 14.9546394 -59.5233421
v -70.1149597 -11.0417557 -64.0399017
v -64.3859177 14.9546394 -59.5233421
v -64.3859177 -15.7546339 -59.5233459
v -64.3859177 14.9546394 -59.5233421
v -70.1149597 -11.0417557 -64.0399017
v -70.1149597 10.2417612 -64.0399017
v -70.1149597 -11.0417557 -64.0399017
v -74.0565643 5.04248238 -67.5190277
v -70.1149597 10.2417612 -64.0399017
v -74.0565643 5.04248238 -67.5190277
v -70.1149597 -11.0417557 -64.0399017
v -74.0565643 -5.84247637 -67.5190277
v -74.0565643 -5.84247637 -67.5190277
v -75.5804825 -0.399996877 -68.9991837
v -74.0565643 5.04248238 -67.5190277
v 137.906479 3.16000175 -62.7279892
v 139.741516 11.3830404 -63.0491066
v 136.81752 2.5200026 -70.0223083
v 139.741516 11.3830404 -63.0491066
v 137.906479 3.16000175 -62.7279892
v 137.717453 9.55016136 -58.2473412
v 137.717453 9.55016136 -58.2473412
v 151.427444 15.0262384 -35.8596725
v 139.741516 11.3830404 -63.0491066
v 151.427444 15.0262384 -35.8596725
v 137.717453 9.55016136 -58.2473412
v 147.709122 10.6235199 -31.8119125
v 147.709122 10.6235199 -31.8119125
v 171.191849 14.9410372 -7.06503725
v 151.427444 15.0262384 -35.8596725
v 171.191849 14.9410372 -7.06503725
v 147.709122 10.6235199 -31.8119125
v 169.488403 11.6951189 -2.43087912
v 184.000473 14.1589565 2.71968031
v 171.191849 14.9410372 -7.06503725
v 169.488403 11.6951189 -2.43087912
v 117.682716 3.16000152 -53.2863884
v 137.717453 9.55016136 -58.2473412
v 137.906479 3.16000175 -62.7279892
v 137.717453 9.55016136 -58.2473412
v 117.682716 3.16000152 -53.2863884
v 120.467918 8.90688038 -48.709343
v 141.312973 11.5307188 -21.4054356
v 137.717453 9.55016136 -58.2473412
v 120.467918 8.90688038 -48.709343
v 147.709122 10.6235199 -31.8119125
v 137.717453 9.55016136 -58.2473412
v 141.312973 11.5307188 -21.4054356
v 141.312973 11.5307188 -21.4054356
v 169.488403 11.6951189 -2.43087912
v 147.709122 10.6235199 -31.8119125
v 169.488403 11.6951189 -2.43087912
v 141.312973 11.5307188 -21.4054356
v 154.184875 11.7306376 10.7983189
v 154.184875 11.7306376 10.7983189
v 172.531204 9.56775761 8.767519
v 169.488403 11.6951189 -2.43087912
v 172.531204 9.56775761 8.767519
v 182.25856 10.011198 4.42967939
v 169.488403 11.6951189 -2.43087912
v 184.000473 14.1589565 2.71968031
v 169.488403 11.6951189 -2.43087912
v 182.25856 10.011198 4.42967939
v 188.122086 3.15999889 7.58007812
v 184.000473 14.1589565 2.71968031
v 182.25856 10.011198 4.42967939
v 184.000473 14.1589565 2.71968031
v 188.122086 3.15999889 7.58007812
v 194.216003 12.5418358 12.146637
v 117.682716 3.16000152 -53.2863884
v 96.2364044 23.5179977 -27.9883118
v 120.467918 8.90688038 -48.709343
v 120.818642 14.935998 -41.5730324
v 120.467918 8.90688038 -48.709343
v 96.2364044 23.5179977 -27.9883118
v 120.818642 14.935998 -41.5730324
v 141.312973 11.5307188 -21.4054356
v 120.467918 8.90688038 -48.709343
v 141.312973 11.5307188 -21.4054356
v 120.818642 14.935998 -41.5730324
v 136.011688 16.5630379 -19.148077
v 149.641846 17.3757553 10.1570387
v 141.312973 11.5307188 -21.4054356
v 136.011688 16.5630379 -19.148077
v 141.312973 11.5307188 -21.4054356
v 149.641846 17.3757553 10.1570387
v 154.184875 11.7306376 10.7983189
v 96.2364044 23.5179977 -27.9883118
v 117.682716 3.16000152 -53.2863884
v 85.1879196 -2.39023852 -21.4569569
v 85.1879196 18.8097572 -21.456955
v 96.2364044 23.5179977 -27.9883118
v 85.1879196 -2.39023852 -21.4569569
v 96.2364044 23.5179977 -27.9883118
v 85.1879196 18.8097572 -21.456955
v 85.1879196 24.8097534 -21.456955
v 85.1879196 24.8097534 -21.456955
v 60.8172798 28.708952 10.3617592
v 96.2364044 23.5179977 -27.9883118
v 96.2364044 23.5179977 -27.9883118
v 60.8172798 28.708952 10.3617592
v 106.386406 24.481514 -13.159915
v 106.386406 24.481514 -13.159915
v 120.818642 14.935998 -41.5730324
v 96.2364044 23.5179977 -27.9883118
v 106.386406 24.481514 -13.159915
v 136.011688 16.5630379 -19.148077
v 120.818642 14.935998 -41.5730324
v 133.685837 24.8013515 19.9806366
v 136.011688 16.5630379 -19.148077
v 106.386406 24.481514 -13.159915
v 136.011688 16.5630379 -19.148077
v 133.685837 24.8013515 19.9806366
v 149.641846 17.3757553 10.1570387
v 136.590729 15.1361561 21.539917
v 149.641846 17.3757553 10.1570387
v 133.685837 24.8013515 19.9806366
v 149.641846 17.3757553 10.1570387
v 136.590729 15.1361561 21.539917
v 150.1996 15.4041557 13.7576771
v 149.641846 17.3757553 10.1570387
v 150.1996 15.4041557 13.7576771
v 154.184875 11.7306376 10.7983189
v 60.8172798 28.708952 10.3617592
v 85.1879196 24.8097534 -21.456955
v 74.8395996 25.1003933 -19.5553551
v 74.8395996 25.1003933 -19.5553551
v 39.9441605 28.209034 -43.1923943
v 60.8172798 28.708952 10.3617592
v 60.8172798 28.708952 10.3617592
v 39.9441605 28.209034 -43.1923943
v 0 33.591835 -38.7105522
v 0 33.591835 -38.7105522
v 0 28.7887917 11.4161596
v 60.8172798 28.708952 10.3617592
v 0 28.7887917 11.4161596
v 49.4777603 21.1993561 31.9041538
v 60.8172798 28.708952 10.3617592
v 60.8172798 28.708952 10.3617592
v 49.4777603 21.1993561 31.9041538
v 64.2063217 18.1835155 34.7577553
v 84.539444 21.3907146 20.3100777
v 60.8172798 28.708952 10.3617592
v 64.2063217 18.1835155 34.7577553
v 84.539444 21.3907146 20.3100777
v 106.386406 24.481514 -13.159915
v 60.8172798 28.708952 10.3617592
v 77.0439987 25.4215946 -25.3693523
v 39.9441605 28.209034 -43.1923943
v 74.8395996 25.1003933 -19.5553551
v 0 18.3503952 40.5426331
v 49.4777603 21.1993561 31.9041538
v 0 28.7887917 11.4161596
v 0 18.3503952 40.5426331
v 39.2924004 14.867115 50.351265
v 49.4777603 21.1993561 31.9041538
v 56.0740776 5.99999666 52.3393478
v 49.4777603 21.1993561 31.9041538
v 39.2924004 14.867115 50.351265
v 49.4777603 21.1993561 31.9041538
v 56.0740776 5.99999666 52.3393478
v 64.2063217 18.1835155 34.7577553
v 75.9940796 5.99999714 49.3107872
v 64.2063217 18.1835155 34.7577553
v 56.0740776 5.99999666 52.3393478
v 64.2063217 18.1835155 34.7577553
v 75.9940796 5.99999714 49.3107872
v 79.3082428 15.0822353 36.5193558
v 79.3082428 15.0822353 36.5193558
v 84.539444 21.3907146 20.3100777
v 64.2063217 18.1835155 34.7577553
v 99.5743256 15.3489542 42.6516762
v 84.539444 21.3907146 20.3100777
v 79.3082428 15.0822353 36.5193558
v 84.539444 21.3907146 20.3100777
v 99.5743256 15.3489542 42.6516762
v 102.390884 22.7726345 25.5943146
v 84.539444 21.3907146 20.3100777
v 102.390884 22.7726345 25.5943146
v 106.386406 24.481514 -13.159915
v 102.390884 22.7726345 25.5943146
v 133.685837 24.8013515 19.9806366
v 106.386406 24.481514 -13.159915
v 133.685837 24.8013515 19.9806366
v 102.390884 22.7726345 25.5943146
v 122.286156 24.4360714 33.819355
v 122.286156 24.4360714 33.819355
v 136.590729 15.1361561 21.539917
v 133.685837 24.8013515 19.9806366
v 96.1268005 5.99999666 52.9491081
v 79.3082428 15.0822353 36.5193558
v 75.9940796 5.99999714 49.3107872
v 79.3082428 15.0822353 36.5193558
v 96.1268005 5.99999666 52.9491081
v 99.5743256 15.3489542 42.6516762
v 96.1268005 5.99999666 52.9491081
v 114.076965 16.0523129 48.5424652
v 99.5743256 15.3489542 42.6516762
v 122.286156 24.4360714 33.819355
v 99.5743256 15.3489542 42.6516762
v 114.076965 16.0523129 48.5424652
v 102.390884 22.7726345 25.5943146
v 99.5743256 15.3489542 42.6516762
v 122.286156 24.4360714 33.819355
v 114.076965 16.0523129 48.5424652
v 96.1268005 5.99999666 52.9491081
v 111.689201 5.99999666 58.2700653
v 114.076965 16.0523129 48.5424652
v 111.689201 5.99999666 58.2700653
v 118.999283 3.83999753 41.903595
v 114.076965 16.0523129 48.5424652
v 118.999283 3.83999753 41.903595
v 123.248474 10.8303967 34.5098305
v 114.076965 16.0523129 48.5424652
v 123.248474 10.8303967 34.5098305
v 122.286156 24.4360714 33.819355
v 136.590729 15.1361561 21.539917
v 122.286156 24.4360714 33.819355
v 123.248474 10.8303967 34.5098305
v 123.248474 10.8303967 34.5098305
v 134.921768 7.82735586 50.2316666
v 136.590729 15.1361561 21.539917
v 134.921768 7.82735586 50.2316666
v 156.790329 11.7213564 38.9336739
v 136.590729 15.1361561 21.539917
v 150.1996 15.4041557 13.7576771
v 136.590729 15.1361561 21.539917
v 156.790329 11.7213564 38.9336739
v 155.718735 9.24951744 29.4303913
v 150.1996 15.4041557 13.7576771
v 156.790329 11.7213564 38.9336739
v 150.1996 15.4041557 13.7576771
v 155.718735 9.24951744 29.4303913
v 154.184875 11.7306376 10.7983189
v 118.999283 3.83999753 41.903595
v 134.921768 7.82735586 50.2316666
v 123.248474 10.8303967 34.5098305
v 118.999283 3.83999753 41.903595
v 132.419052 2.51999736 52.7759857
v 134.921768 7.82735586 50.2316666
v 132.419052 2.51999736 52.7759857
v 140.666565 7.41527605 56.8352661
v 134.921768 7.82735586 50.2316666
v 159.075195 8.18575573 53.3570251
v 134.921768 7.82735586 50.2316666
v 140.666565 7.41527605 56.8352661
v 134.921768 7.82735586 50.2316666
v 159.075195 8.18575573 53.3570251
v 156.790329 11.7213564 38.9336739
v 140.666565 7.41527605 56.8352661
v 132.419052 2.51999736 52.7759857
v 136.627365 2.51999712 57.2527885
v 141.668076 2.51999688 62.6151047
v 140.666565 7.41527605 56.8352661
v 136.627365 2.51999712 57.2527885
v 140.666565 7.41527605 56.8352661
v 141.668076 2.51999688 62.6151047
v 145.111679 6.04015541 62.0632668
v 145.111679 6.04015541 62.0632668
v 159.075195 8.18575573 53.3570251
v 140.666565 7.41527605 56.8352661
v 159.075195 8.18575573 53.3570251
v 145.111679 6.04015541 62.0632668
v 160.417038 2.51999712 59.9231071
v 145.111679 6.04015541 62.0632668
v 146.703522 2.51999688 64.3267899
v 160.417038 2.51999712 59.9231071
v 146.703522 2.51999688 64.3267899
v 145.111679 6.04015541 62.0632668
v 141.668076 2.51999688 62.6151047
v 199.472565 2.51999879 21.8390369
v 194.216003 12.5418358 12.146637
v 188.122086 3.15999889 7.58007812
v 194.216003 12.5418358 12.146637
v 199.472565 2.51999879 21.8390369
v 202.134872 10.0611172 27.8175125
v 203.403671 2.51999784 42.3711929
v 202.134872 10.0611172 27.8175125
v 199.472565 2.51999879 21.8390369
v 202.134872 10.0611172 27.8175125
v 203.403671 2.51999784 42.3711929
v 205.986008 7.9735961 45.0543137
v 205.986008 7.9735961 45.0543137
v 203.403671 2.51999784 42.3711929
v 208.306564 2.51999664 67.9787064
v 182.25856 10.011198 4.42967939
v 174.728958 3.15999866 11.7696781
v 188.122086 3.15999889 7.58007812
v 174.728958 3.15999866 11.7696781
v 182.25856 10.011198 4.42967939
v 172.531204 9.56775761 8.767519
v 160.913132 9.47599792 19.6811962
v 174.728958 3.15999866 11.7696781
v 172.531204 9.56775761 8.767519
v 174.728958 3.15999866 11.7696781
v 160.913132 9.47599792 19.6811962
v 163.46312 3.15999818 21.8645573
v 155.718735 9.24951744 29.4303913
v 163.46312 3.15999818 21.8645573
v 160.913132 9.47599792 19.6811962
v 163.46312 3.15999818 21.8645573
v 155.718735 9.24951744 29.4303913
v 156.664795 3.79999757 33.1245537
v 172.531204 9.56775761 8.767519
v 154.184875 11.7306376 10.7983189
v 160.913132 9.47599792 19.6811962
v 160.913132 9.47599792 19.6811962
v 154.184875 11.7306376 10.7983189
v 155.718735 9.24951744 29.4303913
v -205.986008 7.9735961 45.0543137
v -219.883911 2.51999855 24.7535915
v -208.306564 2.51999664 67.9787064
v -219.883911 2.51999855 24.7535915
v -205.986008 7.9735961 45.0543137
v -212.511673 7.6550374 22.183918
v -214.508957 8.24319839 -12.6779156
v -219.883911 2.51999855 24.7535915
v -212.511673 7.6550374 22.183918
v -219.883911 2.51999855 24.7535915
v -214.508957 8.24319839 -12.6779156
v -222.165283 2.52000022 -13.1911154
v -214.508957 8.24319839 -12.6779156
v -214.890656 2.52000189 -53.1751862
v -222.165283 2.52000022 -13.1911154
v -214.890656 2.52000189 -53.1751862
v -214.508957 8.24319839 -12.6779156
v -207.802155 8.18304062 -50.3863869
v -201.093445 8.16032124 -65.9518204
v -214.890656 2.52000189 -53.1751862
v -207.802155 8.18304062 -50.3863869
v -214.890656 2.52000189 -53.1751862
v -201.093445 8.16032124 -65.9518204
v -207.89473 2.5200026 -70.3601456
v -205.986008 7.9735961 45.0543137
v -202.134872 10.0611172 27.8175125
v -212.511673 7.6550374 22.183918
v -202.134872 10.0611172 27.8175125
v -194.216003 12.5418358 12.146637
v -212.511673 7.6550374 22.183918
v -194.216003 12.5418358 12.146637
v -214.508957 8.24319839 -12.6779156
v -212.511673 7.6550374 22.183918
v -214.508957 8.24319839 -12.6779156
v -194.216003 12.5418358 12.146637
v -200.722885 12.1590366 -11.7314377
v -200.722885 12.1590366 -11.7314377
v -207.802155 8.18304062 -50.3863869
v -214.508957 8.24319839 -12.6779156
v -207.802155 8.18304062 -50.3863869
v -200.722885 12.1590366 -11.7314377
v -184.687195 12.8132782 -55.6845436
v -207.802155 8.18304062 -50.3863869
v -184.687195 12.8132782 -55.6845436
v -201.093445 8.16032124 -65.9518204
v -201.093445 8.16032124 -65.9518204
v -184.687195 12.8132782 -55.6845436
v -171.671432 10.7201614 -73.7022247
v -201.093445 8.16032124 -65.9518204
v -171.671432 10.7201614 -73.7022247
v -191.63353 7.54840183 -77.9896622
v -201.093445 8.16032124 -65.9518204
v -191.63353 7.54840183 -77.9896622
v -207.89473 2.5200026 -70.3601456
v -207.89473 2.5200026 -70.3601456
v -191.63353 7.54840183 -77.9896622
v -194.038879 2.52000332 -82.6201477
v -191.63353 7.54840183 -77.9896622
v -172.8172 2.52000332 -83.1191864
v -194.038879 2.52000332 -82.6201477
v -194.216003 12.5418358 12.146637
v -184.000473 14.1589565 2.71968031
v -200.722885 12.1590366 -11.7314377
v -171.191849 14.9410372 -7.06503725
v -200.722885 12.1590366 -11.7314377
v -184.000473 14.1589565 2.71968031
v -200.722885 12.1590366 -11.7314377
v -171.191849 14.9410372 -7.06503725
v -184.687195 12.8132782 -55.6845436
v -171.191849 14.9410372 -7.06503725
v -151.427444 15.0262384 -35.8596725
v -184.687195 12.8132782 -55.6845436
v -151.427444 15.0262384 -35.8596725
v -139.741516 11.3830404 -63.0491066
v -184.687195 12.8132782 -55.6845436
v -139.741516 11.3830404 -63.0491066
v -171.671432 10.7201614 -73.7022247
v -184.687195 12.8132782 -55.6845436
v -136.81752 2.5200026 -70.0223083
v -171.671432 10.7201614 -73.7022247
v -139.741516 11.3830404 -63.0491066
v -171.671432 10.7201614 -73.7022247
v -136.81752 2.5200026 -70.0223083
v -172.8172 2.52000332 -83.1191864
v -172.8172 2.52000332 -83.1191864
v -191.63353 7.54840183 -77.9896622
v -171.671432 10.7201614 -73.7022247
v -127.833611 5.0424819 -57.5718231
v -114.524559 -0.399997294 -59.3919029
v -129.194641 -0.399997205 -61.1098251
v -114.524559 -0.399997294 -59.3919029
v -127.833611 5.0424819 -57.5718231
v -113.185844 5.0424819 -56.693264
v -113.185844 5.0424819 -56.693264
v -99.2260818 -0.399997294 -59.2193451
v -114.524559 -0.399997294 -59.3919029
v -99.2260818 -0.399997294 -59.2193451
v -113.185844 5.0424819 -56.693264
v -97.8825607 5.0424819 -57.2805443
v -97.8825607 5.0424819 -57.2805443
v -85.0879211 -0.399997145 -63.0286217
v -99.2260818 -0.399997294 -59.2193451
v -85.0879211 -0.399997145 -63.0286217
v -97.8825607 5.0424819 -57.2805443
v -83.6717606 5.0424819 -61.5093498
v -83.6717606 5.0424819 -61.5093498
v -75.5804825 -0.399996877 -68.9991837
v -85.0879211 -0.399997145 -63.0286217
v -75.5804825 -0.399996877 -68.9991837
v -83.6717606 5.0424819 -61.5093498
v -74.0565643 5.04248238 -67.5190277
v -123.998962 10.1259203 -49.408226
v -113.185844 5.0424819 -56.693264
v -127.833611 5.0424819 -57.5718231
v -113.185844 5.0424819 -56.693264
v -123.998962 10.1259203 -49.408226
v -109.448318 10.1735201 -50.3706245
v -109.448318 10.1735201 -50.3706245
v -97.8825607 5.0424819 -57.2805443
v -113.185844 5.0424819 -56.693264
v -97.8825607 5.0424819 -57.2805443
v -109.448318 10.1735201 -50.3706245
v -94.1935959 10.2164812 -52.6443024
v -94.1935959 10.2164812 -52.6443024
v -83.6717606 5.0424819 -61.5093498
v -97.8825607 5.0424819 -57.2805443
v -83.6717606 5.0424819 -61.5093498
v -94.1935959 10.2164812 -52.6443024
v -79.8981628 10.2400007 -57.859024
v -79.8981628 10.2400007 -57.859024
v -74.0565643 5.04248238 -67.5190277
v -83.6717606 5.0424819 -61.5093498
v -74.0565643 5.04248238 -67.5190277
v -79.8981628 10.2400007 -57.859024
v -70.1149597 10.2417612 -64.0399017
v -70.1149597 10.2417612 -64.0399017
v -79.8981628 10.2400007 -57.859024
v -64.3859177 14.9546394 -59.5233421
v -109.448318 10.1735201 -50.3706245
v -123.998962 10.1259203 -49.408226
v -117.939354 14.4913588 -39.0696716
v -88.5006409 14.8535976 -46.4904709
v -109.448318 10.1735201 -50.3706245
v -117.939354 14.4913588 -39.0696716
v -94.1935959 10.2164812 -52.6443024
v -109.448318 10.1735201 -50.3706245
v -88.5006409 14.8535976 -46.4904709
v -79.8981628 10.2400007 -57.859024
v -94.1935959 10.2164812 -52.6443024
v -88.5006409 14.8535976 -46.4904709
v -64.3859177 14.9546394 -59.5233421
v -79.8981628 10.2400007 -57.859024
v -88.5006409 14.8535976 -46.4904709
v -72.4683228 21.4428787 -34.3502312
v -64.3859177 14.9546394 -59.5233421
v -88.5006409 14.8535976 -46.4904709
v -64.3859177 14.9546394 -59.5233421
v -72.4683228 21.4428787 -34.3502312
v -50.0859184 21.9482403 -51.2233429
v -52.4724808 24.8103142 -24.7374325
v -50.0859184 21.9482403 -51.2233429
v -72.4683228 21.4428787 -34.3502312
v -50.0859184 21.9482403 -51.2233429
v -52.4724808 24.8103142 -24.7374325
v -34.2044029 26.0233555 -45.5793533
v -34.2044029 26.0233555 -45.5793533
v -52.4724808 24.8103142 -24.7374325
v -31.9385586 27.4586334 -31.4729538
v -26 27.5744762 -43.1999931
v -34.2044029 26.0233555 -45.5793533
v -31.9385586 27.4586334 -31.4729538
v -100.139366 19.6315975 -21.6696758
v -88.5006409 14.8535976 -46.4904709
v -117.939354 14.4913588 -39.0696716
v -88.5006409 14.8535976 -46.4904709
v -100.139366 19.6315975 -21.6696758
v -72.4683228 21.4428787 -34.3502312
v -77.1557617 20.4634361 -12.4478359
v -72.4683228 21.4428787 -34.3502312
v -100.139366 19.6315975 -21.6696758
v -72.4683228 21.4428787 -34.3502312
v -77.1557617 20.4634361 -12.4478359
v -52.4724808 24.8103142 -24.7374325
v -77.1557617 20.4634361 -12.4478359
v -53.3847237 23.2062359 -13.6715145
v -52.4724808 24.8103142 -24.7374325
v -41.814003 25.9571133 -20.3522358
v -52.4724808 24.8103142 -24.7374325
v -53.3847237 23.2062359 -13.6715145
v -31.9385586 27.4586334 -31.4729538
v -52.4724808 24.8103142 -24.7374325
v -41.814003 25.9571133 -20.3522358
v -64.8000031 20.1611977 -9.19999695
v -53.3847237 23.2062359 -13.6715145
v -77.1557617 20.4634361 -12.4478359
v -26 27.5744762 -43.1999931
v -31.9385586 -28.2586308 -31.4729557
v -26 -28.3744717 -43.1999931
v -31.9385586 -28.2586308 -31.4729557
v -26 27.5744762 -43.1999931
v -31.9385586 27.4586334 -31.4729538
v -31.9385586 27.4586334 -31.4729538
v -41.814003 -26.7571125 -20.3522377
v -31.9385586 -28.2586308 -31.4729557
v -41.814003 -26.7571125 -20.3522377
v -31.9385586 27.4586334 -31.4729538
v -41.814003 25.9571133 -20.3522358
v -41.814003 25.9571133 -20.3522358
v -53.3847237 -24.0062313 -13.6715174
v -41.814003 -26.7571125 -20.3522377
v -53.3847237 -24.0062313 -13.6715174
v -41.814003 25.9571133 -20.3522358
v -53.3847237 23.2062359 -13.6715145
v -53.3847237 23.2062359 -13.6715145
v -64.8000031 -20.9611969 -9.19999886
v -53.3847237 -24.0062313 -13.6715174
v -64.8000031 -20.9611969 -9.19999886
v -53.3847237 23.2062359 -13.6715145
v -64.8000031 20.1611977 -9.19999695
v -64.8000031 20.1611977 -9.19999695
v -77.1557617 -21.2634354 -12.4478378
v -64.8000031 -20.9611969 -9.19999886
v -77.1557617 -21.2634354 -12.4478378
v -64.8000031 20.1611977 -9.19999695
v -77.1557617 20.4634361 -12.4478359
v -100.139366 19.6315975 -21.6696758
v -77.1557617 -21.2634354 -12.4478378
v -77.1557617 20.4634361 -12.4478359
v -77.1557617 -21.2634354 -12.4478378
v -100.139366 19.6315975 -21.6696758
v -100.139366 -20.4315948 -21.6696758
v -100.139366 19.6315975 -21.6696758
v -117.939354 -15.2913551 -39.0696754
v -100.139366 -20.4315948 -21.6696758
v -117.939354 -15.2913551 -39.0696754
v -100.139366 19.6315975 -21.6696758
v -117.939354 14.4913588 -39.0696716
v -123.998962 10.1259203 -49.408226
v -117.939354 -15.2913551 -39.0696754
v -117.939354 14.4913588 -39.0696716
v -117.939354 -15.2913551 -39.0696754
v -123.998962 10.1259203 -49.408226
v -123.998962 -10.9259167 -49.408226
v -127.833611 5.0424819 -57.5718231
v -123.998962 -10.9259167 -49.408226
v -123.998962 10.1259203 -49.408226
v -123.998962 -10.9259167 -49.408226
v -127.833611 5.0424819 -57.5718231
v -127.833611 -5.84247684 -57.5718231
v -127.833611 5.0424819 -57.5718231
v -129.194641 -0.399997205 -61.1098251
v -127.833611 -5.84247684 -57.5718231
v -55.22192 2.34927773 43.7761536
v -78.8524017 13.6667147 58.5164642
v -48.156002 14.629755 43.7947159
v -78.8524017 13.6667147 58.5164642
v -87.2633591 19.7302341 64.4849472
v -48.156002 14.629755 43.7947159
v -87.2633591 19.7302341 64.4849472
v -91.3192825 27.9122295 68.99823
v -48.156002 14.629755 43.7947159
v -48.156002 14.629755 43.7947159
v -91.3192825 27.9122295 68.99823
v -45.422081 14.2204742 51.3583832
v -91.3192825 27.9122295 68.99823
v -88.7747192 26.8066292 74.9522247
v -45.422081 14.2204742 51.3583832
v 78.8524017 13.6667147 58.5164642
v 55.22192 2.34927773 43.7761536
v 48.156002 14.629755 43.7947159
v 87.2633591 19.7302341 64.4849472
v 78.8524017 13.6667147 58.5164642
v 48.156002 14.629755 43.7947159
v 91.3192825 27.9122295 68.99823
v 87.2633591 19.7302341 64.4849472
v 48.156002 14.629755 43.7947159
v 91.3192825 27.9122295 68.99823
v 48.156002 14.629755 43.7947159
v 45.422081 14.2204742 51.3583832
v 88.7747192 26.8066292 74.9522247
v 91.3192825 27.9122295 68.99823
v 45.422081 14.2204742 51.3583832
v 56.2481651 27.7439861 170.851334
v 57.5024796 17.1062298 142.070053
v 81.3035202 32.7688675 137.977814
v 57.5024796 17.1062298 142.070053
v 54.9942398 9.38231277 122.907494
v 81.3035202 32.7688675 137.977814
v 54.9942398 9.38231277 122.907494
v 95.1496811 35.3176689 107.29702
v 81.3035202 32.7688675 137.977814
v 95.1496811 35.3176689 107.29702
v 54.9942398 9.38231277 122.907494
v 74.0250473 12.2101526 89.2499847
v 74.0250473 12.2101526 89.2499847
v 102.353523 36.9799881 85.588707
v 95.1496811 35.3176689 107.29702
v 102.353523 36.9799881 85.588707
v 74.0250473 12.2101526 89.2499847
v 83.7530441 14.3256741 68.3092651
v 45.4896812 -2.36896276 72.4430313
v 83.7530441 14.3256741 68.3092651
v 74.0250473 12.2101526 89.2499847
v 83.7530441 14.3256741 68.3092651
v 45.4896812 -2.36896276 72.4430313
v 55.2738419 -0.160402209 51.1619835
v 45.4896812 -2.36896276 72.4430313
v 8.58528042 -11.3636007 44.8296738
v 55.2738419 -0.160402209 51.1619835
v 8.58528042 -11.3636007 44.8296738
v 45.4896812 -2.36896276 72.4430313
v 12.7260809 -11.8911209 66.8297424
v 54.9942398 9.38231277 122.907494
v 48.2053604 2.93007469 109.757172
v 74.0250473 12.2101526 89.2499847
v 48.2053604 2.93007469 109.757172
v 45.4896812 -2.36896276 72.4430313
v 74.0250473 12.2101526 89.2499847
v 34.5805626 -3.79880333 98.49189
v 45.4896812 -2.36896276 72.4430313
v 48.2053604 2.93007469 109.757172
v 9.12335968 -10.8824024 92.8298264
v 45.4896812 -2.36896276 72.4430313
v 34.5805626 -3.79880333 98.49189
v 45.4896812 -2.36896276 72.4430313
v 9.12335968 -10.8824024 92.8298264
v 12.7260809 -11.8911209 66.8297424
v -57.5024796 17.1062298 142.070053
v -56.2481651 27.7439861 170.851334
v -81.3035202 32.7688675 137.977814
v -54.9942398 9.38231277 122.907494
v -57.5024796 17.1062298 142.070053
v -81.3035202 32.7688675 137.977814
v -95.1496811 35.3176689 107.29702
v -54.9942398 9.38231277 122.907494
v -81.3035202 32.7688675 137.977814
v -54.9942398 9.38231277 122.907494
v -95.1496811 35.3176689 107.29702
v -74.0250473 12.2101526 89.2499847
v -48.2053604 2.93007469 109.757172
v -54.9942398 9.38231277 122.907494
v -74.0250473 12.2101526 89.2499847
v -45.4896812 -2.36896276 72.4430313
v -48.2053604 2.93007469 109.757172
v -74.0250473 12.2101526 89.2499847
v -45.4896812 -2.36896276 72.4430313
v -34.5805626 -3.79880333 98.49189
v -48.2053604 2.93007469 109.757172
v -45.4896812 -2.36896276 72.4430313
v -9.12335968 -10.8824024 92.8298264
v -34.5805626 -3.79880333 98.49189
v -9.12335968 -10.8824024 92.8298264
v -45.4896812 -2.36896276 72.4430313
v -12.7260809 -11.8911209 66.8297424
v -45.4896812 -2.36896276 72.4430313
v -8.58528042 -11.3636007 44.8296738
v -12.7260809 -11.8911209 66.8297424
v -102.353523 36.9799881 85.588707
v -74.0250473 12.2101526 89.2499847
v -95.1496811 35.3176689 107.29702
v -74.0250473 12.2101526 89.2499847
v -102.353523 36.9799881 85.588707
v -83.7530441 14.3256741 68.3092651
v -83.7530441 14.3256741 68.3092651
v -45.4896812 -2.36896276 72.4430313
v -74.0250473 12.2101526 89.2499847
v -45.4896812 -2.36896276 72.4430313
v -83.7530441 14.3256741 68.3092651
v -55.2738419 -0.160402209 51.1619835
v -8.58528042 -11.3636007 44.8296738
v -45.4896812 -2.36896276 72.4430313
v -55.2738419 -0.160402209 51.1619835
v 42.4455986 -24.3752708 -42.521595
v 0 -13.4508772 9.44447803
v 0 -21.591835 -38.7105522
v 0 -13.4508772 9.44447803
v 42.4455986 -24.3752708 -42.521595
v 60.8172798 -16.7089577 10.3617573
v 49.4777603 -9.19935989 31.9041519
v 0 -13.4508772 9.44447803
v 60.8172798 -16.7089577 10.3617573
v 49.4777603 -9.19935989 31.9041519
v 0 -1.59144139 42.386795
v 0 -13.4508772 9.44447803
v 39.2924004 -2.8671217 50.351265
v 0 -1.59144139 42.386795
v 49.4777603 -9.19935989 31.9041519
v 49.4777603 -9.19935989 31.9041519
v 56.0740776 5.99999666 52.3393478
v 39.2924004 -2.8671217 50.351265
v 56.0740776 5.99999666 52.3393478
v 49.4777603 -9.19935989 31.9041519
v 64.2063217 -6.18351984 34.7577515
v 64.2063217 -6.18351984 34.7577515
v 75.9940796 5.99999714 49.3107872
v 56.0740776 5.99999666 52.3393478
v 60.8172798 -16.7089577 10.3617573
v 42.4455986 -24.3752708 -42.521595
v 97.3987961 -17.7765541 -30.9094334
v 97.3987961 -17.7765541 -30.9094334
v 106.491676 -18.0615959 -13.4625568
v 60.8172798 -16.7089577 10.3617573
v 106.491676 -18.0615959 -13.4625568
v 84.539444 -9.39071941 20.3100758
v 60.8172798 -16.7089577 10.3617573
v 60.8172798 -16.7089577 10.3617573
v 84.539444 -9.39071941 20.3100758
v 64.2063217 -6.18351984 34.7577515
v 49.4777603 -9.19935989 31.9041519
v 60.8172798 -16.7089577 10.3617573
v 64.2063217 -6.18351984 34.7577515
v 120.751846 -12.0439949 -41.0475121
v 106.491676 -18.0615959 -13.4625568
v 97.3987961 -17.7765541 -30.9094334
v 135.689606 -11.8301573 -20.9162369
v 106.491676 -18.0615959 -13.4625568
v 120.751846 -12.0439949 -41.0475121
v 135.689606 -11.8301573 -20.9162369
v 134.073532 -15.3677568 20.204155
v 106.491676 -18.0615959 -13.4625568
v 134.073532 -15.3677568 20.204155
v 102.390884 -10.7726393 25.5943127
v 106.491676 -18.0615959 -13.4625568
v 102.390884 -10.7726393 25.5943127
v 84.539444 -9.39071941 20.3100758
v 106.491676 -18.0615959 -13.4625568
v 99.5743256 -3.34896111 42.6516762
v 84.539444 -9.39071941 20.3100758
v 102.390884 -10.7726393 25.5943127
v 84.539444 -9.39071941 20.3100758
v 99.5743256 -3.34896111 42.6516762
v 79.3082428 -3.08224058 36.519352
v 84.539444 -9.39071941 20.3100758
v 79.3082428 -3.08224058 36.519352
v 64.2063217 -6.18351984 34.7577515
v 75.9940796 5.99999714 49.3107872
v 64.2063217 -6.18351984 34.7577515
v 79.3082428 -3.08224058 36.519352
v 79.3082428 -3.08224058 36.519352
v 96.1268005 5.99999666 52.9491081
v 75.9940796 5.99999714 49.3107872
v 120.467918 -3.46687698 -48.7093468
v 120.751846 -12.0439949 -41.0475121
v 97.3987961 -17.7765541 -30.9094334
v 141.312973 -5.21071815 -21.4054356
v 120.751846 -12.0439949 -41.0475121
v 120.467918 -3.46687698 -48.7093468
v 120.751846 -12.0439949 -41.0475121
v 141.312973 -5.21071815 -21.4054356
v 135.689606 -11.8301573 -20.9162369
v 141.312973 -5.21071815 -21.4054356
v 151.251846 -11.5515985 9.39271736
v 135.689606 -11.8301573 -20.9162369
v 134.073532 -15.3677568 20.204155
v 135.689606 -11.8301573 -20.9162369
v 151.251846 -11.5515985 9.39271736
v 150.1996 -10.3641586 13.7576761
v 134.073532 -15.3677568 20.204155
v 151.251846 -11.5515985 9.39271736
v 134.073532 -15.3677568 20.204155
v 150.1996 -10.3641586 13.7576761
v 136.590729 -10.096159 21.539917
v 136.590729 -10.096159 21.539917
v 122.286156 -12.4360781 33.8193512
v 134.073532 -15.3677568 20.204155
v 102.390884 -10.7726393 25.5943127
v 134.073532 -15.3677568 20.204155
v 122.286156 -12.4360781 33.8193512
v 99.5743256 -3.34896111 42.6516762
v 102.390884 -10.7726393 25.5943127
v 122.286156 -12.4360781 33.8193512
v 117.682716 3.16000152 -53.2863884
v 120.467918 -3.46687698 -48.7093468
v 97.3987961 -17.7765541 -30.9094334
v 117.682716 3.16000152 -53.2863884
v 137.717453 -3.23015666 -58.2473412
v 120.467918 -3.46687698 -48.7093468
v 137.717453 -3.23015666 -58.2473412
v 141.312973 -5.21071815 -21.4054356
v 120.467918 -3.46687698 -48.7093468
v 137.717453 -3.23015666 -58.2473412
v 147.709122 -4.30351734 -31.8119125
v 141.312973 -5.21071815 -21.4054356
v 147.709122 -4.30351734 -31.8119125
v 169.488403 -5.37511921 -2.43087983
v 141.312973 -5.21071815 -21.4054356
v 141.312973 -5.21071815 -21.4054356
v 169.488403 -5.37511921 -2.43087983
v 154.184875 -5.41063976 10.7983179
v 151.251846 -11.5515985 9.39271736
v 141.312973 -5.21071815 -21.4054356
v 154.184875 -5.41063976 10.7983179
v 150.1996 -10.3641586 13.7576761
v 151.251846 -11.5515985 9.39271736
v 154.184875 -5.41063976 10.7983179
v 155.718735 -2.92952085 29.4303913
v 150.1996 -10.3641586 13.7576761
v 154.184875 -5.41063976 10.7983179
v 150.1996 -10.3641586 13.7576761
v 155.718735 -2.92952085 29.4303913
v 156.790329 -6.68135977 38.93367
v 136.590729 -10.096159 21.539917
v 150.1996 -10.3641586 13.7576761
v 156.790329 -6.68135977 38.93367
v 137.717453 -3.23015666 -58.2473412
v 117.682716 3.16000152 -53.2863884
v 137.906479 3.16000175 -62.7279892
v 137.906479 3.16000175 -62.7279892
v 139.741516 -5.70303631 -63.0491066
v 137.717453 -3.23015666 -58.2473412
v 151.427444 -9.34623718 -35.8596725
v 137.717453 -3.23015666 -58.2473412
v 139.741516 -5.70303631 -63.0491066
v 137.717453 -3.23015666 -58.2473412
v 151.427444 -9.34623718 -35.8596725
v 147.709122 -4.30351734 -31.8119125
v 171.191849 -9.26103783 -7.0650382
v 147.709122 -4.30351734 -31.8119125
v 151.427444 -9.34623718 -35.8596725
v 147.709122 -4.30351734 -31.8119125
v 171.191849 -9.26103783 -7.0650382
v 169.488403 -5.37511921 -2.43087983
v 171.191849 -9.26103783 -7.0650382
v 184.000473 -8.47895813 2.71967912
v 169.488403 -5.37511921 -2.43087983
v 169.488403 -5.37511921 -2.43087983
v 184.000473 -8.47895813 2.71967912
v 182.25856 -3.69119906 4.42967892
v 182.25856 -3.69119906 4.42967892
v 172.531204 -3.24775958 8.76751804
v 169.488403 -5.37511921 -2.43087983
v 172.531204 -3.24775958 8.76751804
v 154.184875 -5.41063976 10.7983179
v 169.488403 -5.37511921 -2.43087983
v 139.741516 -5.70303631 -63.0491066
v 137.906479 3.16000175 -62.7279892
v 136.81752 2.5200026 -70.0223083
v 136.81752 2.5200026 -70.0223083
v 171.671432 -5.04015589 -73.7022247
v 139.741516 -5.70303631 -63.0491066
v 139.741516 -5.70303631 -63.0491066
v 171.671432 -5.04015589 -73.7022247
v 184.687195 -7.13327599 -55.6845436
v 151.427444 -9.34623718 -35.8596725
v 139.741516 -5.70303631 -63.0491066
v 184.687195 -7.13327599 -55.6845436
v 171.191849 -9.26103783 -7.0650382
v 151.427444 -9.34623718 -35.8596725
v 184.687195 -7.13327599 -55.6845436
v 200.722885 -6.47903728 -11.7314386
v 171.191849 -9.26103783 -7.0650382
v 184.687195 -7.13327599 -55.6845436
v 171.191849 -9.26103783 -7.0650382
v 200.722885 -6.47903728 -11.7314386
v 184.000473 -8.47895813 2.71967912
v 194.216003 -6.86183882 12.146636
v 184.000473 -8.47895813 2.71967912
v 200.722885 -6.47903728 -11.7314386
v 194.216003 -6.86183882 12.146636
v 182.25856 -3.69119906 4.42967892
v 184.000473 -8.47895813 2.71967912
v 182.25856 -3.69119906 4.42967892
v 194.216003 -6.86183882 12.146636
v 188.122086 3.15999889 7.58007812
v 174.728958 3.15999866 11.7696781
v 182.25856 -3.69119906 4.42967892
v 188.122086 3.15999889 7.58007812
v 182.25856 -3.69119906 4.42967892
v 174.728958 3.15999866 11.7696781
v 172.531204 -3.24775958 8.76751804
v 171.671432 -5.04015589 -73.7022247
v 136.81752 2.5200026 -70.0223083
v 172.8172 2.52000332 -83.1191864
v 172.8172 2.52000332 -83.1191864
v 191.63353 -1.86839616 -77.9896622
v 171.671432 -5.04015589 -73.7022247
v 201.093445 -2.48031664 -65.9518204
v 171.671432 -5.04015589 -73.7022247
v 191.63353 -1.86839616 -77.9896622
v 201.093445 -2.48031664 -65.9518204
v 184.687195 -7.13327599 -55.6845436
v 171.671432 -5.04015589 -73.7022247
v 207.802155 -2.50303721 -50.3863869
v 184.687195 -7.13327599 -55.6845436
v 201.093445 -2.48031664 -65.9518204
v 207.802155 -2.50303721 -50.3863869
v 200.722885 -6.47903728 -11.7314386
v 184.687195 -7.13327599 -55.6845436
v 200.722885 -6.47903728 -11.7314386
v 207.802155 -2.50303721 -50.3863869
v 214.508957 -2.56319904 -12.6779165
v 214.508957 -2.56319904 -12.6779165
v 194.216003 -6.86183882 12.146636
v 200.722885 -6.47903728 -11.7314386
v 191.63353 -1.86839616 -77.9896622
v 172.8172 2.52000332 -83.1191864
v 194.038879 2.52000332 -82.6201477
v 207.89473 2.5200026 -70.3601456
v 191.63353 -1.86839616 -77.9896622
v 194.038879 2.52000332 -82.6201477
v 201.093445 -2.48031664 -65.9518204
v 191.63353 -1.86839616 -77.9896622
v 207.89473 2.5200026 -70.3601456
v 214.890656 2.52000189 -53.1751862
v 201.093445 -2.48031664 -65.9518204
v 207.89473 2.5200026 -70.3601456
v 201.093445 -2.48031664 -65.9518204
v 214.890656 2.52000189 -53.1751862
v 207.802155 -2.50303721 -50.3863869
v 214.890656 2.52000189 -53.1751862
v 214.508957 -2.56319904 -12.6779165
v 207.802155 -2.50303721 -50.3863869
v 214.508957 -2.56319904 -12.6779165
v 214.890656 2.52000189 -53.1751862
v 222.165283 2.52000022 -13.1911154
v 219.883911 2.51999855 24.7535915
v 214.508957 -2.56319904 -12.6779165
v 222.165283 2.52000022 -13.1911154
v 214.508957 -2.56319904 -12.6779165
v 219.883911 2.51999855 24.7535915
v 212.511673 -1.97504056 22.1839161
v 194.216003 -6.86183882 12.146636
v 214.508957 -2.56319904 -12.6779165
v 212.511673 -1.97504056 22.1839161
v 202.134872 -4.3811202 27.8175125
v 194.216003 -6.86183882 12.146636
v 212.511673 -1.97504056 22.1839161
v 199.472565 2.51999879 21.8390369
v 194.216003 -6.86183882 12.146636
v 202.134872 -4.3811202 27.8175125
v 194.216003 -6.86183882 12.146636
v 199.472565 2.51999879 21.8390369
v 188.122086 3.15999889 7.58007812
v 219.883911 2.51999855 24.7535915
v 205.986008 -2.29360151 45.0543137
v 212.511673 -1.97504056 22.1839161
v 205.986008 -2.29360151 45.0543137
v 202.134872 -4.3811202 27.8175125
v 212.511673 -1.97504056 22.1839161
v 203.403671 2.51999784 42.3711929
v 202.134872 -4.3811202 27.8175125
v 205.986008 -2.29360151 45.0543137
v 202.134872 -4.3811202 27.8175125
v 203.403671 2.51999784 42.3711929
v 199.472565 2.51999879 21.8390369
v 205.986008 -2.29360151 45.0543137
v 219.883911 2.51999855 24.7535915
v 208.306564 2.51999664 67.9787064
v 203.403671 2.51999784 42.3711929
v 205.986008 -2.29360151 45.0543137
v 208.306564 2.51999664 67.9787064
v 96.1268005 5.99999666 52.9491081
v 79.3082428 -3.08224058 36.519352
v 99.5743256 -3.34896111 42.6516762
v 114.076965 -4.05232143 48.5424652
v 96.1268005 5.99999666 52.9491081
v 99.5743256 -3.34896111 42.6516762
v 96.1268005 5.99999666 52.9491081
v 114.076965 -4.05232143 48.5424652
v 111.689201 5.99999666 58.2700653
v 111.689201 5.99999666 58.2700653
v 114.076965 -4.05232143 48.5424652
v 118.999283 3.83999753 41.903595
v 118.999283 3.83999753 41.903595
v 114.076965 -4.05232143 48.5424652
v 123.248474 -5.79040051 34.5098305
v 99.5743256 -3.34896111 42.6516762
v 122.286156 -12.4360781 33.8193512
v 114.076965 -4.05232143 48.5424652
v 123.248474 -5.79040051 34.5098305
v 114.076965 -4.05232143 48.5424652
v 122.286156 -12.4360781 33.8193512
v 122.286156 -12.4360781 33.8193512
v 136.590729 -10.096159 21.539917
v 123.248474 -5.79040051 34.5098305
v 134.921768 -2.78744173 50.2316666
v 123.248474 -5.79040051 34.5098305
v 136.590729 -10.096159 21.539917
v 134.921768 -2.78744173 50.2316666
v 118.999283 3.83999753 41.903595
v 123.248474 -5.79040051 34.5098305
v 132.419052 2.51999736 52.7759857
v 118.999283 3.83999753 41.903595
v 134.921768 -2.78744173 50.2316666
v 140.666565 -2.37528205 56.8352623
v 132.419052 2.51999736 52.7759857
v 134.921768 -2.78744173 50.2316666
v 132.419052 2.51999736 52.7759857
v 140.666565 -2.37528205 56.8352623
v 136.627365 2.51999712 57.2527885
v 140.666565 -2.37528205 56.8352623
v 141.668076 2.51999688 62.6151047
v 136.627365 2.51999712 57.2527885
v 156.790329 -6.68135977 38.93367
v 134.921768 -2.78744173 50.2316666
v 136.590729 -10.096159 21.539917
v 159.075195 -3.14576149 53.3570213
v 134.921768 -2.78744173 50.2316666
v 156.790329 -6.68135977 38.93367
v 134.921768 -2.78744173 50.2316666
v 159.075195 -3.14576149 53.3570213
v 140.666565 -2.37528205 56.8352623
v 159.075195 -3.14576149 53.3570213
v 145.111679 -1.00016248 62.0632668
v 140.666565 -2.37528205 56.8352623
v 141.668076 2.51999688 62.6151047
v 140.666565 -2.37528205 56.8352623
v 145.111679 -1.00016248 62.0632668
v 145.111679 -1.00016248 62.0632668
v 146.703522 2.51999688 64.3267899
v 141.668076 2.51999688 62.6151047
v 146.703522 2.51999688 64.3267899
v 145.111679 -1.00016248 62.0632668
v 160.417038 2.51999712 59.9231071
v 156.790329 -6.68135977 38.93367
v 160.417038 2.51999712 59.9231071
v 159.075195 -3.14576149 53.3570213
v 145.111679 -1.00016248 62.0632668
v 159.075195 -3.14576149 53.3570213
v 160.417038 2.51999712 59.9231071
v 160.417038 2.51999712 59.9231071
v 156.790329 -6.68135977 38.93367
v 156.664795 3.79999757 33.1245537
v 156.664795 3.79999757 33.1245537
v 159.075195 8.18575573 53.3570251
v 160.417038 2.51999712 59.9231071
v 159.075195 8.18575573 53.3570251
v 156.664795 3.79999757 33.1245537
v 156.790329 11.7213564 38.9336739
v 156.664795 3.79999757 33.1245537
v 155.718735 9.24951744 29.4303913
v 156.790329 11.7213564 38.9336739
v 155.718735 -2.92952085 29.4303913
v 156.664795 3.79999757 33.1245537
v 156.790329 -6.68135977 38.93367
v 155.718735 -2.92952085 29.4303913
v 163.46312 3.15999818 21.8645573
v 156.664795 3.79999757 33.1245537
v 163.46312 3.15999818 21.8645573
v 155.718735 -2.92952085 29.4303913
v 160.913132 -3.1559999 19.6811962
v 160.913132 -3.1559999 19.6811962
v 174.728958 3.15999866 11.7696781
v 163.46312 3.15999818 21.8645573
v 174.728958 3.15999866 11.7696781
v 160.913132 -3.1559999 19.6811962
v 172.531204 -3.24775958 8.76751804
v 154.184875 -5.41063976 10.7983179
v 172.531204 -3.24775958 8.76751804
v 160.913132 -3.1559999 19.6811962
v 154.184875 -5.41063976 10.7983179
v 160.913132 -3.1559999 19.6811962
v 155.718735 -2.92952085 29.4303913
v 0 -13.4508772 9.44447803
v -42.4455986 -24.3752708 -42.521595
v 0 -21.591835 -38.7105522
v -42.4455986 -24.3752708 -42.521595
v 0 -13.4508772 9.44447803
v -60.8172798 -16.7089577 10.3617573
v -42.4455986 -24.3752708 -42.521595
v -60.8172798 -16.7089577 10.3617573
v -97.3987961 -17.7765541 -30.9094334
v -106.491676 -18.0615959 -13.4625568
v -97.3987961 -17.7765541 -30.9094334
v -60.8172798 -16.7089577 10.3617573
v -106.491676 -18.0615959 -13.4625568
v -120.751846 -12.0439949 -41.0475121
v -97.3987961 -17.7765541 -30.9094334
v -120.751846 -12.0439949 -41.0475121
v -120.467918 -3.46687698 -48.7093468
v -97.3987961 -17.7765541 -30.9094334
v -120.467918 -3.46687698 -48.7093468
v -117.682716 3.16000152 -53.2863884
v -97.3987961 -17.7765541 -30.9094334
v 0 -13.4508772 9.44447803
v -49.4777603 -9.19935989 31.9041519
v -60.8172798 -16.7089577 10.3617573
v -60.8172798 -16.7089577 10.3617573
v -49.4777603 -9.19935989 31.9041519
v -64.2063217 -6.18351984 34.7577515
v -84.539444 -9.39071941 20.3100758
v -60.8172798 -16.7089577 10.3617573
v -64.2063217 -6.18351984 34.7577515
v -84.539444 -9.39071941 20.3100758
v -106.491676 -18.0615959 -13.4625568
v -60.8172798 -16.7089577 10.3617573
v -84.539444 -9.39071941 20.3100758
v -102.390884 -10.7726393 25.5943127
v -106.491676 -18.0615959 -13.4625568
v -102.390884 -10.7726393 25.5943127
v -134.073532 -15.3677568 20.204155
v -106.491676 -18.0615959 -13.4625568
v -134.073532 -15.3677568 20.204155
v -135.689606 -11.8301573 -20.9162369
v -106.491676 -18.0615959 -13.4625568
v -106.491676 -18.0615959 -13.4625568
v -135.689606 -11.8301573 -20.9162369
v -120.751846 -12.0439949 -41.0475121
v 0 -1.59144139 42.386795
v -49.4777603 -9.19935989 31.9041519
v 0 -13.4508772 9.44447803
v 0 -1.59144139 42.386795
v -39.2924004 -2.8671217 50.351265
v -49.4777603 -9.19935989 31.9041519
v -56.0740776 5.99999666 52.3393478
v -49.4777603 -9.19935989 31.9041519
v -39.2924004 -2.8671217 50.351265
v -49.4777603 -9.19935989 31.9041519
v -56.0740776 5.99999666 52.3393478
v -64.2063217 -6.18351984 34.7577515
v -75.9940796 5.99999714 49.3107872
v -64.2063217 -6.18351984 34.7577515
v -56.0740776 5.99999666 52.3393478
v -64.2063217 -6.18351984 34.7577515
v -75.9940796 5.99999714 49.3107872
v -79.3082428 -3.08224058 36.519352
v -79.3082428 -3.08224058 36.519352
v -84.539444 -9.39071941 20.3100758
v -64.2063217 -6.18351984 34.7577515
v -99.5743256 -3.34896111 42.6516762
v -84.539444 -9.39071941 20.3100758
v -79.3082428 -3.08224058 36.519352
v -84.539444 -9.39071941 20.3100758
v -99.5743256 -3.34896111 42.6516762
v -102.390884 -10.7726393 25.5943127
v -102.390884 -10.7726393 25.5943127
v -99.5743256 -3.34896111 42.6516762
v -122.286156 -12.4360781 33.8193512
v -134.073532 -15.3677568 20.204155
v -102.390884 -10.7726393 25.5943127
v -122.286156 -12.4360781 33.8193512
v -122.286156 -12.4360781 33.8193512
v -136.590729 -10.096159 21.539917
v -134.073532 -15.3677568 20.204155
v -150.1996 -10.3641586 13.7576761
v -134.073532 -15.3677568 20.204155
v -136.590729 -10.096159 21.539917
v -134.073532 -15.3677568 20.204155
v -150.1996 -10.3641586 13.7576761
v -151.251846 -11.5515985 9.39271736
v -135.689606 -11.8301573 -20.9162369
v -134.073532 -15.3677568 20.204155
v -151.251846 -11.5515985 9.39271736
v -96.1268005 5.99999666 52.9491081
v -79.3082428 -3.08224058 36.519352
v -75.9940796 5.99999714 49.3107872
v -79.3082428 -3.08224058 36.519352
v -96.1268005 5.99999666 52.9491081
v -99.5743256 -3.34896111 42.6516762
v -96.1268005 5.99999666 52.9491081
v -114.076965 -4.05232143 48.5424652
v -99.5743256 -3.34896111 42.6516762
v -122.286156 -12.4360781 33.8193512
v -99.5743256 -3.34896111 42.6516762
v -114.076965 -4.05232143 48.5424652
v -114.076965 -4.05232143 48.5424652
v -123.248474 -5.79040051 34.5098305
v -122.286156 -12.4360781 33.8193512
v -136.590729 -10.096159 21.539917
v -122.286156 -12.4360781 33.8193512
v -123.248474 -5.79040051 34.5098305
v -123.248474 -5.79040051 34.5098305
v -134.921768 -2.78744173 50.2316666
v -136.590729 -10.096159 21.539917
v -134.921768 -2.78744173 50.2316666
v -156.790329 -6.68135977 38.93367
v -136.590729 -10.096159 21.539917
v -150.1996 -10.3641586 13.7576761
v -136.590729 -10.096159 21.539917
v -156.790329 -6.68135977 38.93367
v -155.718735 -2.92952085 29.4303913
v -150.1996 -10.3641586 13.7576761
v -156.790329 -6.68135977 38.93367
v -150.1996 -10.3641586 13.7576761
v -155.718735 -2.92952085 29.4303913
v -154.184875 -5.41063976 10.7983179
v -151.251846 -11.5515985 9.39271736
v -150.1996 -10.3641586 13.7576761
v -154.184875 -5.41063976 10.7983179
v -114.076965 -4.05232143 48.5424652
v -96.1268005 5.99999666 52.9491081
v -111.689201 5.99999666 58.2700653
v -114.076965 -4.05232143 48.5424652
v -111.689201 5.99999666 58.2700653
v -118.999283 3.83999753 41.903595
v -114.076965 -4.05232143 48.5424652
v -118.999283 3.83999753 41.903595
v -123.248474 -5.79040051 34.5098305
v -118.999283 3.83999753 41.903595
v -134.921768 -2.78744173 50.2316666
v -123.248474 -5.79040051 34.5098305
v -118.999283 3.83999753 41.903595
v -132.419052 2.51999736 52.7759857
v -134.921768 -2.78744173 50.2316666
v -132.419052 2.51999736 52.7759857
v -140.666565 -2.37528205 56.8352623
v -134.921768 -2.78744173 50.2316666
v -159.075195 -3.14576149 53.3570213
v -134.921768 -2.78744173 50.2316666
v -140.666565 -2.37528205 56.8352623
v -134.921768 -2.78744173 50.2316666
v -159.075195 -3.14576149 53.3570213
v -156.790329 -6.68135977 38.93367
v -160.417038 2.51999712 59.9231071
v -156.790329 -6.68135977 38.93367
v -159.075195 -3.14576149 53.3570213
v -156.790329 -6.68135977 38.93367
v -160.417038 2.51999712 59.9231071
v -156.664795 3.79999757 33.1245537
v -156.664795 3.79999757 33.1245537
v -155.718735 -2.92952085 29.4303913
v -156.790329 -6.68135977 38.93367
v -163.46312 3.15999818 21.8645573
v -155.718735 -2.92952085 29.4303913
v -156.664795 3.79999757 33.1245537
v -155.718735 -2.92952085 29.4303913
v -163.46312 3.15999818 21.8645573
v -160.913132 -3.1559999 19.6811962
v -160.913132 -3.1559999 19.6811962
v -154.184875 -5.41063976 10.7983179
v -155.718735 -2.92952085 29.4303913
v -140.666565 -2.37528205 56.8352623
v -132.419052 2.51999736 52.7759857
v -136.627365 2.51999712 57.2527885
v -141.668076 2.51999688 62.6151047
v -140.666565 -2.37528205 56.8352623
v -136.627365 2.51999712 57.2527885
v -140.666565 -2.37528205 56.8352623
v -141.668076 2.51999688 62.6151047
v -145.111679 -1.00016248 62.0632668
v -145.111679 -1.00016248 62.0632668
v -159.075195 -3.14576149 53.3570213
v -140.666565 -2.37528205 56.8352623
v -159.075195 -3.14576149 53.3570213
v -145.111679 -1.00016248 62.0632668
v -160.417038 2.51999712 59.9231071
v -145.111679 -1.00016248 62.0632668
v -146.703522 2.51999688 64.3267899
v -160.417038 2.51999712 59.9231071
v -146.703522 2.51999688 64.3267899
v -145.111679 -1.00016248 62.0632668
v -141.668076 2.51999688 62.6151047
v -174.728958 3.15999866 11.7696781
v -160.913132 -3.1559999 19.6811962
v -163.46312 3.15999818 21.8645573
v -160.913132 -3.1559999 19.6811962
v -174.728958 3.15999866 11.7696781
v -172.531204 -3.24775958 8.76751804
v -172.531204 -3.24775958 8.76751804
v -154.184875 -5.41063976 10.7983179
v -160.913132 -3.1559999 19.6811962
v -154.184875 -5.41063976 10.7983179
v -172.531204 -3.24775958 8.76751804
v -169.488403 -5.37511921 -2.43087983
v -169.488403 -5.37511921 -2.43087983
v -141.312973 -5.21071815 -21.4054356
v -154.184875 -5.41063976 10.7983179
v -141.312973 -5.21071815 -21.4054356
v -151.251846 -11.5515985 9.39271736
v -154.184875 -5.41063976 10.7983179
v -151.251846 -11.5515985 9.39271736
v -141.312973 -5.21071815 -21.4054356
v -135.689606 -11.8301573 -20.9162369
v -141.312973 -5.21071815 -21.4054356
v -120.751846 -12.0439949 -41.0475121
v -135.689606 -11.8301573 -20.9162369
v -174.728958 3.15999866 11.7696781
v -182.25856 -3.69119906 4.42967892
v -172.531204 -3.24775958 8.76751804
v -172.531204 -3.24775958 8.76751804
v -182.25856 -3.69119906 4.42967892
v -169.488403 -5.37511921 -2.43087983
v -184.000473 -8.47895813 2.71967912
v -169.488403 -5.37511921 -2.43087983
v -182.25856 -3.69119906 4.42967892
v -184.000473 -8.47895813 2.71967912
v -171.191849 -9.26103783 -7.0650382
v -169.488403 -5.37511921 -2.43087983
v -171.191849 -9.26103783 -7.0650382
v -147.709122 -4.30351734 -31.8119125
v -169.488403 -5.37511921 -2.43087983
v -141.312973 -5.21071815 -21.4054356
v -169.488403 -5.37511921 -2.43087983
v -147.709122 -4.30351734 -31.8119125
v -147.709122 -4.30351734 -31.8119125
v -137.717453 -3.23015666 -58.2473412
v -141.312973 -5.21071815 -21.4054356
v -141.312973 -5.21071815 -21.4054356
v -137.717453 -3.23015666 -58.2473412
v -120.467918 -3.46687698 -48.7093468
v -120.751846 -12.0439949 -41.0475121
v -141.312973 -5.21071815 -21.4054356
v -120.467918 -3.46687698 -48.7093468
v -182.25856 -3.69119906 4.42967892
v -174.728958 3.15999866 11.7696781
v -188.122086 3.15999889 7.58007812
v -188.122086 3.15999889 7.58007812
v -184.000473 -8.47895813 2.71967912
v -182.25856 -3.69119906 4.42967892
v -184.000473 -8.47895813 2.71967912
v -188.122086 3.15999889 7.58007812
v -194.216003 -6.86183882 12.146636
v -184.000473 -8.47895813 2.71967912
v -194.216003 -6.86183882 12.146636
v -200.722885 -6.47903728 -11.7314386
v -200.722885 -6.47903728 -11.7314386
v -171.191849 -9.26103783 -7.0650382
v -184.000473 -8.47895813 2.71967912
v -171.191849 -9.26103783 -7.0650382
v -200.722885 -6.47903728 -11.7314386
v -184.687195 -7.13327599 -55.6845436
v -151.427444 -9.34623718 -35.8596725
v -171.191849 -9.26103783 -7.0650382
v -184.687195 -7.13327599 -55.6845436
v -147.709122 -4.30351734 -31.8119125
v -171.191849 -9.26103783 -7.0650382
v -151.427444 -9.34623718 -35.8596725
v -151.427444 -9.34623718 -35.8596725
v -137.717453 -3.23015666 -58.2473412
v -147.709122 -4.30351734 -31.8119125
v -199.472565 2.51999879 21.8390369
v -194.216003 -6.86183882 12.146636
v -188.122086 3.15999889 7.58007812
v -194.216003 -6.86183882 12.146636
v -199.472565 2.51999879 21.8390369
v -202.134872 -4.3811202 27.8175125
v -194.216003 -6.86183882 12.146636
v -202.134872 -4.3811202 27.8175125
v -212.511673 -1.97504056 22.1839161
v -214.508957 -2.56319904 -12.6779165
v -194.216003 -6.86183882 12.146636
v -212.511673 -1.97504056 22.1839161
v -194.216003 -6.86183882 12.146636
v -214.508957 -2.56319904 -12.6779165
v -200.722885 -6.47903728 -11.7314386
v -207.802155 -2.50303721 -50.3863869
v -200.722885 -6.47903728 -11.7314386
v -214.508957 -2.56319904 -12.6779165
v -200.722885 -6.47903728 -11.7314386
v -207.802155 -2.50303721 -50.3863869
v -184.687195 -7.13327599 -55.6845436
v -203.403671 2.51999784 42.3711929
v -202.134872 -4.3811202 27.8175125
v -199.472565 2.51999879 21.8390369
v -202.134872 -4.3811202 27.8175125
v -203.403671 2.51999784 42.3711929
v -205.986008 -2.29360151 45.0543137
v -202.134872 -4.3811202 27.8175125
v -205.986008 -2.29360151 45.0543137
v -212.511673 -1.97504056 22.1839161
v -205.986008 -2.29360151 45.0543137
v -219.883911 2.51999855 24.7535915
v -212.511673 -1.97504056 22.1839161
v -219.883911 2.51999855 24.7535915
v -214.508957 -2.56319904 -12.6779165
v -212.511673 -1.97504056 22.1839161
v -214.508957 -2.56319904 -12.6779165
v -219.883911 2.51999855 24.7535915
v -222.165283 2.52000022 -13.1911154
v -214.890656 2.52000189 -53.1751862
v -214.508957 -2.56319904 -12.6779165
v -222.165283 2.52000022 -13.1911154
v -214.508957 -2.56319904 -12.6779165
v -214.890656 2.52000189 -53.1751862
v -207.802155 -2.50303721 -50.3863869
v -214.890656 2.52000189 -53.1751862
v -201.093445 -2.48031664 -65.9518204
v -207.802155 -2.50303721 -50.3863869
v -184.687195 -7.13327599 -55.6845436
v -207.802155 -2.50303721 -50.3863869
v -201.093445 -2.48031664 -65.9518204
v -205.986008 -2.29360151 45.0543137
v -203.403671 2.51999784 42.3711929
v -208.306564 2.51999664 67.9787064
v -219.883911 2.51999855 24.7535915
v -205.986008 -2.29360151 45.0543137
v -208.306564 2.51999664 67.9787064
v -201.093445 -2.48031664 -65.9518204
v -214.890656 2.52000189 -53.1751862
v -207.89473 2.5200026 -70.3601456
v -191.63353 -1.86839616 -77.9896622
v -201.093445 -2.48031664 -65.9518204
v -207.89473 2.5200026 -70.3601456
v -171.671432 -5.04015589 -73.7022247
v -201.093445 -2.48031664 -65.9518204
v -191.63353 -1.86839616 -77.9896622
v -184.687195 -7.13327599 -55.6845436
v -201.093445 -2.48031664 -65.9518204
v -171.671432 -5.04015589 -73.7022247
v -171.671432 -5.04015589 -73.7022247
v -139.741516 -5.70303631 -63.0491066
v -184.687195 -7.13327599 -55.6845436
v -139.741516 -5.70303631 -63.0491066
v -151.427444 -9.34623718 -35.8596725
v -184.687195 -7.13327599 -55.6845436
v -137.717453 -3.23015666 -58.2473412
v -151.427444 -9.34623718 -35.8596725
v -139.741516 -5.70303631 -63.0491066
v -191.63353 -1.86839616 -77.9896622
v -207.89473 2.5200026 -70.3601456
v -194.038879 2.52000332 -82.6201477
v -172.8172 2.52000332 -83.1191864
v -191.63353 -1.86839616 -77.9896622
v -194.038879 2.52000332 -82.6201477
v -191.63353 -1.86839616 -77.9896622
v -172.8172 2.52000332 -83.1191864
v -171.671432 -5.04015589 -73.7022247
v -136.81752 2.5200026 -70.0223083
v -171.671432 -5.04015589 -73.7022247
v -172.8172 2.52000332 -83.1191864
v -171.671432 -5.04015589 -73.7022247
v -136.81752 2.5200026 -70.0223083
v -139.741516 -5.70303631 -63.0491066
v -137.906479 3.16000175 -62.7279892
v -139.741516 -5.70303631 -63.0491066
v -136.81752 2.5200026 -70.0223083
v -139.741516 -5.70303631 -63.0491066
v -137.906479 3.16000175 -62.7279892
v -137.717453 -3.23015666 -58.2473412
v -117.682716 3.16000152 -53.2863884
v -137.717453 -3.23015666 -58.2473412
v -137.906479 3.16000175 -62.7279892
v -137.717453 -3.23015666 -58.2473412
v -117.682716 3.16000152 -53.2863884
v -120.467918 -3.46687698 -48.7093468
v -159.075195 8.18575573 53.3570251
v -156.664795 3.79999757 33.1245537
v -160.417038 2.51999712 59.9231071
v -156.664795 3.79999757 33.1245537
v -159.075195 8.18575573 53.3570251
v -156.790329 11.7213564 38.9336739
v -155.718735 9.24951744 29.4303913
v -156.664795 3.79999757 33.1245537
v -156.790329 11.7213564 38.9336739
v -27.4289608 -9.39520073 47.679512
v -39.6000023 7.19999599 49.1999855
v -27.4289608 23.7951946 47.679512
v 0 35.3715134 43.9355125
v -27.4289608 -9.39520073 47.679512
v -27.4289608 23.7951946 47.679512
v -27.4289608 -9.39520073 47.679512
v 0 35.3715134 43.9355125
v 0 -20.9715176 43.9355125
v 0 35.3715134 43.9355125
v 27.4289608 -9.39520073 47.679512
v 0 -20.9715176 43.9355125
v 27.4289608 -9.39520073 47.679512
v 0 35.3715134 43.9355125
v 27.4289608 23.7951946 47.679512
v 27.4289608 23.7951946 47.679512
v 39.6000023 7.19999599 49.1999855
v 27.4289608 -9.39520073 47.679512
v 26 -9.91999817 -3.43999958
v 25.9800816 -20.7801571 -2.96784043
v 23.0709591 -26.9378319 -5.92488003
v 23.0709591 -26.9378319 -5.92488003
v 12.7204008 -11.1232777 -13.8872776
v 26 -9.91999817 -3.43999958
v 12.7204008 -11.1232777 -13.8872776
v 23.0709591 -26.9378319 -5.92488003
v 11.1100798 -32.9690323 -13.5428782
v 11.1100798 -32.9690323 -13.5428782
v 0 -11.5183973 -16.9599972
v 12.7204008 -11.1232777 -13.8872776
v 0 -11.5183973 -16.9599972
v 11.1100798 -32.9690323 -13.5428782
v 0 -34.6466331 -16.2649574
v -11.1100798 -32.9690323 -13.5428782
v 0 -11.5183973 -16.9599972
v 0 -34.6466331 -16.2649574
v 0 -11.5183973 -16.9599972
v -11.1100798 -32.9690323 -13.5428782
v -12.7204008 -11.1232777 -13.8872776
v -23.0709591 -26.9378319 -5.92488003
v -12.7204008 -11.1232777 -13.8872776
v -11.1100798 -32.9690323 -13.5428782
v -12.7204008 -11.1232777 -13.8872776
v -23.0709591 -26.9378319 -5.92488003
v -26 -9.91999817 -3.43999958
v -25.9800816 -20.7801571 -2.96784043
v -26 -9.91999817 -3.43999958
v -23.0709591 -26.9378319 -5.92488003
v 26 -15.199995 -32.7999954
v 25.9800816 -26.0601501 -32.3278351
v 23.0709591 -32.2178307 -35.284874
v 23.0709591 -32.2178307 -35.284874
v 12.7204008 -16.4032745 -43.2472763
v 26 -15.199995 -32.7999954
v 12.7204008 -16.4032745 -43.2472763
v 23.0709591 -32.2178307 -35.284874
v 11.1100798 -38.2490311 -42.902874
v 11.1100798 -38.2490311 -42.902874
v 0 -16.7983932 -46.3199959
v 12.7204008 -16.4032745 -43.2472763
v 0 -16.7983932 -46.3199959
v 11.1100798 -38.2490311 -42.902874
v 0 -39.9266281 -45.6249542
v -11.1100798 -38.2490311 -42.902874
v 0 -16.7983932 -46.3199959
v 0 -39.9266281 -45.6249542
v 0 -16.7983932 -46.3199959
v -11.1100798 -38.2490311 -42.902874
v -12.7204008 -16.4032745 -43.2472763
v -23.0709591 -32.2178307 -35.284874
v -12.7204008 -16.4032745 -43.2472763
v -11.1100798 -38.2490311 -42.902874
v -12.7204008 -16.4032745 -43.2472763
v -23.0709591 -32.2178307 -35.284874
v -26 -15.199995 -32.7999954
v -25.9800816 -26.0601501 -32.3278351
v -26 -15.199995 -32.7999954
v -23.0709591 -32.2178307 -35.284874
v 27.5800819 20.5502338 33.7134323
v 27.6000004 10.0755959 36.6203117
v 24.6709595 25.492712 28.998312
v 14.3203993 7.99159718 26.3125534
v 24.6709595 25.492712 28.998312
v 27.6000004 10.0755959 36.6203117
v 24.6709595 25.492712 28.998312
v 14.3203993 7.99159718 26.3125534
v 12.7100801 28.8746319 19.8894367
v 1.60000002 7.41791725 23.2681561
v 12.7100801 28.8746319 19.8894367
v 14.3203993 7.99159718 26.3125534
v 12.7100801 28.8746319 19.8894367
v 1.60000002 7.41791725 23.2681561
v 1.60000002 29.6289539 16.7821579
v 1.60000002 7.41791725 23.2681561
v -9.51008034 28.8746319 19.8894367
v 1.60000002 29.6289539 16.7821579
v -9.51008034 28.8746319 19.8894367
v 1.60000002 7.41791725 23.2681561
v -11.1204004 7.99159718 26.3125534
v -11.1204004 7.99159718 26.3125534
v -21.4709606 25.492712 28.998312
v -9.51008034 28.8746319 19.8894367
v -21.4709606 25.492712 28.998312
v -11.1204004 7.99159718 26.3125534
v -24.3999996 10.0755959 36.6203117
v -24.3999996 10.0755959 36.6203117
v -24.3800793 20.5502338 33.7134323
v -21.4709606 25.492712 28.998312
v 26 -3.0400002 27.9999924
v 25.9800816 -13.9001579 28.4721508
v 23.0709591 -20.0578384 25.5151119
v 23.0709591 -20.0578384 25.5151119
v 12.7204008 -4.24327993 17.5527172
v 26 -3.0400002 27.9999924
v 12.7204008 -4.24327993 17.5527172
v 23.0709591 -20.0578384 25.5151119
v 11.1100798 -26.089035 17.8971157
v 11.1100798 -26.089035 17.8971157
v 0 -4.6383996 14.4799967
v 12.7204008 -4.24327993 17.5527172
v 0 -4.6383996 14.4799967
v 11.1100798 -26.089035 17.8971157
v 0 -27.766634 15.1750345
v -11.1100798 -26.089035 17.8971157
v 0 -4.6383996 14.4799967
v 0 -27.766634 15.1750345
v 0 -4.6383996 14.4799967
v -11.1100798 -26.089035 17.8971157
v -12.7204008 -4.24327993 17.5527172
v -23.0709591 -20.0578384 25.5151119
v -12.7204008 -4.24327993 17.5527172
v -11.1100798 -26.089035 17.8971157
v -12.7204008 -4.24327993 17.5527172
v -23.0709591 -20.0578384 25.5151119
v -26 -3.0400002 27.9999924
v -25.9800816 -13.9001579 28.4721508
v -26 -3.0400002 27.9999924
v -23.0709591 -20.0578384 25.5151119
v 21.6987209 -12.4272728 -64.1733475
v 11.9552803 -0.471914411 -125.414131
v 16.2740002 3.84672213 -64.1733475
v 11.9552803 -0.471914411 -125.414131
v 21.6987209 -12.4272728 -64.1733475
v 15.9404011 -12.4272709 -125.414131
v 15.9404011 -12.4272709 -125.414131
v 7.63655996 -4.79063082 -186.654922
v 11.9552803 -0.471914411 -125.414131
v 7.63655996 -4.79063082 -186.654922
v 0 3.51312447 -125.414131
v 11.9552803 -0.471914411 -125.414131
v 0 9.27144146 -64.1733398
v 11.9552803 -0.471914411 -125.414131
v 0 3.51312447 -125.414131
v 11.9552803 -0.471914411 -125.414131
v 0 9.27144146 -64.1733398
v 16.2740002 3.84672213 -64.1733475
v 21.6987209 -12.4272728 -64.1733475
v 11.9552803 -24.3825474 -125.414131
v 15.9404011 -12.4272709 -125.414131
v 7.63655996 -20.0638275 -186.654922
v 15.9404011 -12.4272709 -125.414131
v 11.9552803 -24.3825474 -125.414131
v 15.9404011 -12.4272709 -125.414131
v 7.63655996 -20.0638275 -186.654922
v 10.1821604 -12.427268 -186.654922
v 7.63655996 -4.79063082 -186.654922
v 15.9404011 -12.4272709 -125.414131
v 10.1821604 -12.427268 -186.654922
v 10.1821604 -12.427268 -186.654922
v 4.5223999 -7.90486765 -230.814911
v 7.63655996 -4.79063082 -186.654922
v 4.5223999 -7.90486765 -230.814911
v 0 -2.24511147 -186.654922
v 7.63655996 -4.79063082 -186.654922
v 0 3.51312447 -125.414131
v 7.63655996 -4.79063082 -186.654922
v 0 -2.24511147 -186.654922
v 11.9552803 -24.3825474 -125.414131
v 21.6987209 -12.4272728 -64.1733475
v 16.2740002 -28.7012691 -64.1733475
v 0 -34.1259918 -64.1733475
v 11.9552803 -24.3825474 -125.414131
v 16.2740002 -28.7012691 -64.1733475
v 11.9552803 -24.3825474 -125.414131
v 0 -34.1259918 -64.1733475
v 0 -28.3676662 -125.414131
v 0 -28.3676662 -125.414131
v 7.63655996 -20.0638275 -186.654922
v 11.9552803 -24.3825474 -125.414131
v 7.63655996 -20.0638275 -186.654922
v 0 -28.3676662 -125.414131
v 0 -22.6094284 -186.654922
v 0 -22.6094284 -186.654922
v 4.5223999 -16.9496651 -230.814911
v 7.63655996 -20.0638275 -186.654922
v 4.5223999 -16.9496651 -230.814911
v 10.1821604 -12.427268 -186.654922
v 7.63655996 -20.0638275 -186.654922
v 10.1821604 -12.427268 -186.654922
v 4.5223999 -16.9496651 -230.814911
v 6.0299201 -12.4272661 -230.814911
v 4.5223999 -7.90486765 -230.814911
v 10.1821604 -12.427268 -186.654922
v 6.0299201 -12.4272661 -230.814911
v 6.0299201 -12.4272661 -230.814911
v 3.03120017 -9.39606762 -240.357224
v 4.5223999 -7.90486765 -230.814911
v 3.03120017 -9.39606762 -240.357224
v 0 -6.39734793 -230.814911
v 4.5223999 -7.90486765 -230.814911
v 0 -2.24511147 -186.654922
v 4.5223999 -7.90486765 -230.814911
v 0 -6.39734793 -230.814911
v 0 -34.1259918 -64.1733475
v -11.9552803 -24.3825474 -125.414131
v 0 -28.3676662 -125.414131
v -7.63655996 -20.0638275 -186.654922
v 0 -28.3676662 -125.414131
v -11.9552803 -24.3825474 -125.414131
v 0 -28.3676662 -125.414131
v -7.63655996 -20.0638275 -186.654922
v 0 -22.6094284 -186.654922
v -4.5223999 -16.9496651 -230.814911
v 0 -22.6094284 -186.654922
v -7.63655996 -20.0638275 -186.654922
v 0 -22.6094284 -186.654922
v -4.5223999 -16.9496651 -230.814911
v 0 -18.4571877 -230.814911
v 4.5223999 -16.9496651 -230.814911
v 0 -22.6094284 -186.654922
v 0 -18.4571877 -230.814911
v 0 -18.4571877 -230.814911
v 3.03120017 -15.4584656 -240.357224
v 4.5223999 -16.9496651 -230.814911
v 3.03120017 -15.4584656 -240.357224
v 6.0299201 -12.4272661 -230.814911
v 4.5223999 -16.9496651 -230.814911
v 6.0299201 -12.4272661 -230.814911
v 3.03120017 -15.4584656 -240.357224
v 3.80519986 -12.4272652 -243.696991
v 3.03120017 -9.39606762 -240.357224
v 6.0299201 -12.4272661 -230.814911
v 3.80519986 -12.4272652 -243.696991
v -11.9552803 -24.3825474 -125.414131
v 0 -34.1259918 -64.1733475
v -16.2740002 -28.7012691 -64.1733475
v -21.6987209 -12.4272728 -64.1733475
v -11.9552803 -24.3825474 -125.414131
v -16.2740002 -28.7012691 -64.1733475
v -11.9552803 -24.3825474 -125.414131
v -21.6987209 -12.4272728 -64.1733475
v -15.9404011 -12.4272709 -125.414131
v -15.9404011 -12.4272709 -125.414131
v -7.63655996 -20.0638275 -186.654922
v -11.9552803 -24.3825474 -125.414131
v -7.63655996 -20.0638275 -186.654922
v -15.9404011 -12.4272709 -125.414131
v -10.1821604 -12.427268 -186.654922
v -10.1821604 -12.427268 -186.654922
v -4.5223999 -16.9496651 -230.814911
v -7.63655996 -20.0638275 -186.654922
v -4.5223999 -16.9496651 -230.814911
v -10.1821604 -12.427268 -186.654922
v -6.0299201 -12.4272661 -230.814911
v -6.0299201 -12.4272661 -230.814911
v -3.03120017 -15.4584656 -240.357224
v -4.5223999 -16.9496651 -230.814911
v -3.03120017 -15.4584656 -240.357224
v 0 -18.4571877 -230.814911
v -4.5223999 -16.9496651 -230.814911
v 0 -18.4571877 -230.814911
v -3.03120017 -15.4584656 -240.357224
v 0 -16.2324657 -243.696991
v 3.03120017 -15.4584656 -240.357224
v 0 -18.4571877 -230.814911
v 0 -16.2324657 -243.696991
v 0 -16.2324657 -243.696991
v 3.80519986 -12.4272652 -243.696991
v 3.03120017 -15.4584656 -240.357224
v -21.6987209 -12.4272728 -64.1733475
v -11.9552803 -0.471914411 -125.414131
v -15.9404011 -12.4272709 -125.414131
v -7.63655996 -4.79063082 -186.654922
v -15.9404011 -12.4272709 -125.414131
v -11.9552803 -0.471914411 -125.414131
v -15.9404011 -12.4272709 -125.414131
v -7.63655996 -4.79063082 -186.654922
v -10.1821604 -12.427268 -186.654922
v -4.5223999 -7.90486765 -230.814911
v -10.1821604 -12.427268 -186.654922
v -7.63655996 -4.79063082 -186.654922
v -10.1821604 -12.427268 -186.654922
v -4.5223999 -7.90486765 -230.814911
v -6.0299201 -12.4272661 -230.814911
v -3.03120017 -9.39606762 -240.357224
v -6.0299201 -12.4272661 -230.814911
v -4.5223999 -7.90486765 -230.814911
v -6.0299201 -12.4272661 -230.814911
v -3.03120017 -9.39606762 -240.357224
v -3.80519986 -12.4272652 -243.696991
v -3.03120017 -15.4584656 -240.357224
v -6.0299201 -12.4272661 -230.814911
v -3.80519986 -12.4272652 -243.696991
v -3.80519986 -12.4272652 -243.696991
v 0 -16.2324657 -243.696991
v -3.03120017 -15.4584656 -240.357224
v 0 -16.2324657 -243.696991
v -3.80519986 -12.4272652 -243.696991
v 0 -12.4272652 -247.991058
v 3.80519986 -12.4272652 -243.696991
v 0 -16.2324657 -243.696991
v 0 -12.4272652 -247.991058
v -11.9552803 -0.471914411 -125.414131
v -21.6987209 -12.4272728 -64.1733475
v -16.2740002 3.84672213 -64.1733475
v 0 9.27144146 -64.1733398
v -11.9552803 -0.471914411 -125.414131
v -16.2740002 3.84672213 -64.1733475
v -11.9552803 -0.471914411 -125.414131
v 0 9.27144146 -64.1733398
v 0 3.51312447 -125.414131
v 0 3.51312447 -125.414131
v -7.63655996 -4.79063082 -186.654922
v -11.9552803 -0.471914411 -125.414131
v -7.63655996 -4.79063082 -186.654922
v 0 3.51312447 -125.414131
v 0 -2.24511147 -186.654922
v 0 -2.24511147 -186.654922
v -4.5223999 -7.90486765 -230.814911
v -7.63655996 -4.79063082 -186.654922
v -4.5223999 -7.90486765 -230.814911
v 0 -2.24511147 -186.654922
v 0 -6.39734793 -230.814911
v 0 -6.39734793 -230.814911
v -3.03120017 -9.39606762 -240.357224
v -4.5223999 -7.90486765 -230.814911
v -3.03120017 -9.39606762 -240.357224
v 0 -6.39734793 -230.814911
v 0 -8.62198734 -243.696991
v 0 -8.62198734 -243.696991
v -3.80519986 -12.4272652 -243.696991
v -3.03120017 -9.39606762 -240.357224
v -3.80519986 -12.4272652 -243.696991
v 0 -8.62198734 -243.696991
v 0 -12.4272652 -247.991058
v 0 -8.62198734 -243.696991
v 3.80519986 -12.4272652 -243.696991
v 0 -12.4272652 -247.991058
v 3.80519986 -12.4272652 -243.696991
v 0 -8.62198734 -243.696991
v 3.03120017 -9.39606762 -240.357224
v 0 -6.39734793 -230.814911
v 3.03120017 -9.39606762 -240.357224
v 0 -8.62198734 -243.696991
v -36.4864006 0.137445465 -125.532684
v -15.7696791 -9.51839542 -63.3931084
v -30.8788795 -4.41919661 -61.0000648
v -15.7696791 -9.51839542 -63.3931084
v -36.4864006 0.137445465 -125.532684
v -25.8777599 -3.44287348 -127.212936
v -15.2690401 0.137445614 -128.893173
v -15.7696791 -9.51839542 -63.3931084
v -25.8777599 -3.44287348 -127.212936
v -15.7696791 -9.51839542 -63.3931084
v -15.2690401 0.137445614 -128.893173
v -0.660400033 -4.41919661 -65.786232
v -15.2690401 0.137445614 -128.893173
v 4.37599993 10.8783216 -66.5839005
v -0.660400033 -4.41919661 -65.786232
v -35.9153595 10.8783216 -60.2023849
v -36.4864006 0.137445465 -125.532684
v -30.8788795 -4.41919661 -61.0000648
v -36.4864006 0.137445465 -125.532684
v -35.9153595 10.8783216 -60.2023849
v -40.0226402 10.8784037 -124.972618
v -40.0226402 10.8784037 -124.972618
v -41.1420021 3.92064714 -179.110931
v -36.4864006 0.137445465 -125.532684
v -41.1420021 3.92064714 -179.110931
v -25.8777599 -3.44287348 -127.212936
v -36.4864006 0.137445465 -125.532684
v -25.8777599 -3.44287348 -127.212936
v -41.1420021 3.92064714 -179.110931
v -34.2700005 1.60144746 -180.199417
v -27.3979187 3.92064714 -181.287811
v -25.8777599 -3.44287348 -127.212936
v -34.2700005 1.60144746 -180.199417
v -25.8777599 -3.44287348 -127.212936
v -27.3979187 3.92064714 -181.287811
v -15.2690401 0.137445614 -128.893173
v -27.3979187 3.92064714 -181.287811
v -11.7328005 10.8784037 -129.453247
v -15.2690401 0.137445614 -128.893173
v 4.37599993 10.8783216 -66.5839005
v -15.2690401 0.137445614 -128.893173
v -11.7328005 10.8784037 -129.453247
v -15.2690401 21.6192818 -128.893173
v 4.37599993 10.8783216 -66.5839005
v -11.7328005 10.8784037 -129.453247
v 4.37599993 10.8783216 -66.5839005
v -15.2690401 21.6192818 -128.893173
v -0.660400033 26.1759148 -65.7862244
v -35.9153595 10.8783216 -60.2023849
v -36.4864006 21.6192818 -125.532684
v -40.0226402 10.8784037 -124.972618
v -41.1420021 17.8360844 -179.110931
v -40.0226402 10.8784037 -124.972618
v -36.4864006 21.6192818 -125.532684
v -40.0226402 10.8784037 -124.972618
v -41.1420021 17.8360844 -179.110931
v -43.4327202 10.8784056 -178.748123
v -41.1420021 3.92064714 -179.110931
v -40.0226402 10.8784037 -124.972618
v -43.4327202 10.8784056 -178.748123
v -43.4327202 10.8784056 -178.748123
v -44.4728012 6.62728739 -217.442673
v -41.1420021 3.92064714 -179.110931
v -44.4728012 6.62728739 -217.442673
v -34.2700005 1.60144746 -180.199417
v -41.1420021 3.92064714 -179.110931
v -34.2700005 1.60144746 -180.199417
v -44.4728012 6.62728739 -217.442673
v -40.2740822 5.21024895 -218.107712
v -36.0752831 6.62728739 -218.772675
v -34.2700005 1.60144746 -180.199417
v -40.2740822 5.21024895 -218.107712
v -34.2700005 1.60144746 -180.199417
v -36.0752831 6.62728739 -218.772675
v -27.3979187 3.92064714 -181.287811
v -36.4864006 21.6192818 -125.532684
v -35.9153595 10.8783216 -60.2023849
v -30.8788795 26.1759148 -61.0000648
v -15.7696791 31.2751141 -63.3931046
v -36.4864006 21.6192818 -125.532684
v -30.8788795 26.1759148 -61.0000648
v -36.4864006 21.6192818 -125.532684
v -15.7696791 31.2751141 -63.3931046
v -25.8777599 25.1995983 -127.212936
v -25.8777599 25.1995983 -127.212936
v -41.1420021 17.8360844 -179.110931
v -36.4864006 21.6192818 -125.532684
v -41.1420021 17.8360844 -179.110931
v -25.8777599 25.1995983 -127.212936
v -34.2700005 20.155283 -180.199417
v -34.2700005 20.155283 -180.199417
v -44.4728012 15.129446 -217.442673
v -41.1420021 17.8360844 -179.110931
v -44.4728012 15.129446 -217.442673
v -43.4327202 10.8784056 -178.748123
v -41.1420021 17.8360844 -179.110931
v -43.4327202 10.8784056 -178.748123
v -44.4728012 15.129446 -217.442673
v -45.8724022 10.8784075 -217.220993
v -44.4728012 6.62728739 -217.442673
v -43.4327202 10.8784056 -178.748123
v -45.8724022 10.8784075 -217.220993
v -45.8724022 10.8784075 -217.220993
v -44.4914398 8.02904797 -226.521301
v -44.4728012 6.62728739 -217.442673
v -44.4914398 8.02904797 -226.521301
v -40.2740822 5.21024895 -218.107712
v -44.4728012 6.62728739 -217.442673
v -40.2740822 5.21024895 -218.107712
v -44.4914398 8.02904797 -226.521301
v -42.1683197 7.30144787 -230.067795
v -38.8629608 8.02904797 -227.412735
v -40.2740822 5.21024895 -218.107712
v -42.1683197 7.30144787 -230.067795
v -40.2740822 5.21024895 -218.107712
v -38.8629608 8.02904797 -227.412735
v -36.0752831 6.62728739 -218.772675
v -44.4728012 15.129446 -217.442673
v -34.2700005 20.155283 -180.199417
v -40.2740822 16.5464859 -218.107712
v -40.2740822 16.5464859 -218.107712
v -44.4914398 13.7276859 -226.521301
v -44.4728012 15.129446 -217.442673
v -44.4914398 13.7276859 -226.521301
v -45.8724022 10.8784075 -217.220993
v -44.4728012 15.129446 -217.442673
v -45.8724022 10.8784075 -217.220993
v -44.4914398 13.7276859 -226.521301
v -45.7011986 10.8784075 -229.50827
v -44.4914398 8.02904797 -226.521301
v -45.8724022 10.8784075 -217.220993
v -45.7011986 10.8784075 -229.50827
v -45.7011986 10.8784075 -229.50827
v -42.1683197 7.30144787 -230.067795
v -44.4914398 8.02904797 -226.521301
v -42.1683197 7.30144787 -230.067795
v -45.7011986 10.8784075 -229.50827
v -42.7997589 10.8784084 -234.054504
v -38.6354408 10.8784084 -230.627304
v -42.1683197 7.30144787 -230.067795
v -42.7997589 10.8784084 -234.054504
v -42.1683197 7.30144787 -230.067795
v -38.6354408 10.8784084 -230.627304
v -38.8629608 8.02904797 -227.412735
v -34.6757622 10.8784075 -218.994354
v -38.8629608 8.02904797 -227.412735
v -38.6354408 10.8784084 -230.627304
v -38.8629608 8.02904797 -227.412735
v -34.6757622 10.8784075 -218.994354
v -36.0752831 6.62728739 -218.772675
v -44.4914398 13.7276859 -226.521301
v -40.2740822 16.5464859 -218.107712
v -42.1683197 14.455286 -230.067795
v -42.1683197 14.455286 -230.067795
v -45.7011986 10.8784075 -229.50827
v -44.4914398 13.7276859 -226.521301
v -45.7011986 10.8784075 -229.50827
v -42.1683197 14.455286 -230.067795
v -42.7997589 10.8784084 -234.054504
v -42.1683197 14.455286 -230.067795
v -38.6354408 10.8784084 -230.627304
v -42.7997589 10.8784084 -234.054504
v -38.6354408 10.8784084 -230.627304
v -42.1683197 14.455286 -230.067795
v -38.8629608 13.7276859 -227.412735
v -38.8629608 13.7276859 -227.412735
v -34.6757622 10.8784075 -218.994354
v -38.6354408 10.8784084 -230.627304
v -34.6757622 10.8784075 -218.994354
v -38.8629608 13.7276859 -227.412735
v -36.0752831 15.129446 -218.772675
v -36.0752831 15.129446 -218.772675
v -25.1072006 10.8784056 -181.650604
v -34.6757622 10.8784075 -218.994354
v -25.1072006 10.8784056 -181.650604
v -36.0752831 6.62728739 -218.772675
v -34.6757622 10.8784075 -218.994354
v -36.0752831 6.62728739 -218.772675
v -25.1072006 10.8784056 -181.650604
v -27.3979187 3.92064714 -181.287811
v -11.7328005 10.8784037 -129.453247
v -27.3979187 3.92064714 -181.287811
v -25.1072006 10.8784056 -181.650604
v -27.3979187 17.8360844 -181.287811
v -11.7328005 10.8784037 -129.453247
v -25.1072006 10.8784056 -181.650604
v -11.7328005 10.8784037 -129.453247
v -27.3979187 17.8360844 -181.287811
v -15.2690401 21.6192818 -128.893173
v -40.2740822 16.5464859 -218.107712
v -38.8629608 13.7276859 -227.412735
v -42.1683197 14.455286 -230.067795
v -38.8629608 13.7276859 -227.412735
v -40.2740822 16.5464859 -218.107712
v -36.0752831 15.129446 -218.772675
v -34.2700005 20.155283 -180.199417
v -36.0752831 15.129446 -218.772675
v -40.2740822 16.5464859 -218.107712
v -36.0752831 15.129446 -218.772675
v -34.2700005 20.155283 -180.199417
v -27.3979187 17.8360844 -181.287811
v -25.1072006 10.8784056 -181.650604
v -36.0752831 15.129446 -218.772675
v -27.3979187 17.8360844 -181.287811
v -25.8777599 25.1995983 -127.212936
v -27.3979187 17.8360844 -181.287811
v -34.2700005 20.155283 -180.199417
v -27.3979187 17.8360844 -181.287811
v -25.8777599 25.1995983 -127.212936
v -15.2690401 21.6192818 -128.893173
v -15.7696791 31.2751141 -63.3931046
v -15.2690401 21.6192818 -128.893173
v -25.8777599 25.1995983 -127.212936
v -15.2690401 21.6192818 -128.893173
v -15.7696791 31.2751141 -63.3931046
v -0.660400033 26.1759148 -65.7862244
v 15.2690401 0.137445614 -128.893173
v 15.7696791 -9.51839542 -63.3931084
v 0.660400033 -4.41919661 -65.786232
v 15.7696791 -9.51839542 -63.3931084
v 15.2690401 0.137445614 -128.893173
v 25.8777599 -3.44287348 -127.212936
v 36.4864006 0.137445465 -125.532684
v 15.7696791 -9.51839542 -63.3931084
v 25.8777599 -3.44287348 -127.212936
v 15.7696791 -9.51839542 -63.3931084
v 36.4864006 0.137445465 -125.532684
v 30.8788795 -4.41919661 -61.0000648
v 36.4864006 0.137445465 -125.532684
v 35.9153595 10.8783216 -60.2023849
v 30.8788795 -4.41919661 -61.0000648
v -4.37599993 10.8783216 -66.5839005
v 15.2690401 0.137445614 -128.893173
v 0.660400033 -4.41919661 -65.786232
v 15.2690401 0.137445614 -128.893173
v -4.37599993 10.8783216 -66.5839005
v 11.7328005 10.8784037 -129.453247
v 11.7328005 10.8784037 -129.453247
v 27.3979187 3.92064714 -181.287811
v 15.2690401 0.137445614 -128.893173
v 27.3979187 3.92064714 -181.287811
v 25.8777599 -3.44287348 -127.212936
v 15.2690401 0.137445614 -128.893173
v 25.8777599 -3.44287348 -127.212936
v 27.3979187 3.92064714 -181.287811
v 34.2700005 1.60144746 -180.199417
v 41.1420021 3.92064714 -179.110931
v 25.8777599 -3.44287348 -127.212936
v 34.2700005 1.60144746 -180.199417
v 25.8777599 -3.44287348 -127.212936
v 41.1420021 3.92064714 -179.110931
v 36.4864006 0.137445465 -125.532684
v 41.1420021 3.92064714 -179.110931
v 40.0226402 10.8784037 -124.972618
v 36.4864006 0.137445465 -125.532684
v 35.9153595 10.8783216 -60.2023849
v 36.4864006 0.137445465 -125.532684
v 40.0226402 10.8784037 -124.972618
v 36.4864006 21.6192818 -125.532684
v 35.9153595 10.8783216 -60.2023849
v 40.0226402 10.8784037 -124.972618
v 35.9153595 10.8783216 -60.2023849
v 36.4864006 21.6192818 -125.532684
v 30.8788795 26.1759148 -61.0000648
v -4.37599993 10.8783216 -66.5839005
v 15.2690401 21.6192818 -128.893173
v 11.7328005 10.8784037 -129.453247
v 27.3979187 17.8360844 -181.287811
v 11.7328005 10.8784037 -129.453247
v 15.2690401 21.6192818 -128.893173
v 11.7328005 10.8784037 -129.453247
v 27.3979187 17.8360844 -181.287811
v 25.1072006 10.8784056 -181.650604
v 27.3979187 3.92064714 -181.287811
v 11.7328005 10.8784037 -129.453247
v 25.1072006 10.8784056 -181.650604
v 25.1072006 10.8784056 -181.650604
v 36.0752831 6.62728739 -218.772675
v 27.3979187 3.92064714 -181.287811
v 36.0752831 6.62728739 -218.772675
v 34.2700005 1.60144746 -180.199417
v 27.3979187 3.92064714 -181.287811
v 34.2700005 1.60144746 -180.199417
v 36.0752831 6.62728739 -218.772675
v 40.2740822 5.21024895 -218.107712
v 44.4728012 6.62728739 -217.442673
v 34.2700005 1.60144746 -180.199417
v 40.2740822 5.21024895 -218.107712
v 34.2700005 1.60144746 -180.199417
v 44.4728012 6.62728739 -217.442673
v 41.1420021 3.92064714 -179.110931
v 15.2690401 21.6192818 -128.893173
v -4.37599993 10.8783216 -66.5839005
v 0.660400033 26.1759148 -65.7862244
v 15.7696791 31.2751141 -63.3931046
v 15.2690401 21.6192818 -128.893173
v 0.660400033 26.1759148 -65.7862244
v 15.2690401 21.6192818 -128.893173
v 15.7696791 31.2751141 -63.3931046
v 25.8777599 25.1995983 -127.212936
v 25.8777599 25.1995983 -127.212936
v 27.3979187 17.8360844 -181.287811
v 15.2690401 21.6192818 -128.893173
v 27.3979187 17.8360844 -181.287811
v 25.8777599 25.1995983 -127.212936
v 34.2700005 20.155283 -180.199417
v 34.2700005 20.155283 -180.199417
v 36.0752831 15.129446 -218.772675
v 27.3979187 17.8360844 -181.287811
v 36.0752831 15.129446 -218.772675
v 25.1072006 10.8784056 -181.650604
v 27.3979187 17.8360844 -181.287811
v 25.1072006 10.8784056 -181.650604
v 36.0752831 15.129446 -218.772675
v 34.6757622 10.8784075 -218.994354
v 36.0752831 6.62728739 -218.772675
v 25.1072006 10.8784056 -181.650604
v 34.6757622 10.8784075 -218.994354
v 34.6757622 10.8784075 -218.994354
v 38.8629608 8.02904797 -227.412735
v 36.0752831 6.62728739 -218.772675
v 38.8629608 8.02904797 -227.412735
v 40.2740822 5.21024895 -218.107712
v 36.0752831 6.62728739 -218.772675
v 40.2740822 5.21024895 -218.107712
v 38.8629608 8.02904797 -227.412735
v 42.1683197 7.30144787 -230.067795
v 44.4914398 8.02904797 -226.521301
v 40.2740822 5.21024895 -218.107712
v 42.1683197 7.30144787 -230.067795
v 40.2740822 5.21024895 -218.107712
v 44.4914398 8.02904797 -226.521301
v 44.4728012 6.62728739 -217.442673
v 36.0752831 15.129446 -218.772675
v 34.2700005 20.155283 -180.199417
v 40.2740822 16.5464859 -218.107712
v 40.2740822 16.5464859 -218.107712
v 38.8629608 13.7276859 -227.412735
v 36.0752831 15.129446 -218.772675
v 38.8629608 13.7276859 -227.412735
v 34.6757622 10.8784075 -218.994354
v 36.0752831 15.129446 -218.772675
v 34.6757622 10.8784075 -218.994354
v 38.8629608 13.7276859 -227.412735
v 38.6354408 10.8784084 -230.627304
v 38.8629608 8.02904797 -227.412735
v 34.6757622 10.8784075 -218.994354
v 38.6354408 10.8784084 -230.627304
v 38.6354408 10.8784084 -230.627304
v 42.1683197 7.30144787 -230.067795
v 38.8629608 8.02904797 -227.412735
v 42.1683197 7.30144787 -230.067795
v 38.6354408 10.8784084 -230.627304
v 42.7997589 10.8784084 -234.054504
v 45.7011986 10.8784075 -229.50827
v 42.1683197 7.30144787 -230.067795
v 42.7997589 10.8784084 -234.054504
v 42.1683197 7.30144787 -230.067795
v 45.7011986 10.8784075 -229.50827
v 44.4914398 8.02904797 -226.521301
v 45.8724022 10.8784075 -217.220993
v 44.4914398 8.02904797 -226.521301
v 45.7011986 10.8784075 -229.50827
v 44.4914398 8.02904797 -226.521301
v 45.8724022 10.8784075 -217.220993
v 44.4728012 6.62728739 -217.442673
v 38.8629608 13.7276859 -227.412735
v 40.2740822 16.5464859 -218.107712
v 42.1683197 14.455286 -230.067795
v 42.1683197 14.455286 -230.067795
v 38.6354408 10.8784084 -230.627304
v 38.8629608 13.7276859 -227.412735
v 38.6354408 10.8784084 -230.627304
v 42.1683197 14.455286 -230.067795
v 42.7997589 10.8784084 -234.054504
v 42.1683197 14.455286 -230.067795
v 45.7011986 10.8784075 -229.50827
v 42.7997589 10.8784084 -234.054504
v 45.7011986 10.8784075 -229.50827
v 42.1683197 14.455286 -230.067795
v 44.4914398 13.7276859 -226.521301
v 44.4914398 13.7276859 -226.521301
v 45.8724022 10.8784075 -217.220993
v 45.7011986 10.8784075 -229.50827
v 45.8724022 10.8784075 -217.220993
v 44.4914398 13.7276859 -226.521301
v 44.4728012 15.129446 -217.442673
v 44.4728012 15.129446 -217.442673
v 43.4327202 10.8784056 -178.748123
v 45.8724022 10.8784075 -217.220993
v 43.4327202 10.8784056 -178.748123
v 44.4728012 6.62728739 -217.442673
v 45.8724022 10.8784075 -217.220993
v 44.4728012 6.62728739 -217.442673
v 43.4327202 10.8784056 -178.748123
v 41.1420021 3.92064714 -179.110931
v 40.0226402 10.8784037 -124.972618
v 41.1420021 3.92064714 -179.110931
v 43.4327202 10.8784056 -178.748123
v 41.1420021 17.8360844 -179.110931
v 40.0226402 10.8784037 -124.972618
v 43.4327202 10.8784056 -178.748123
v 40.0226402 10.8784037 -124.972618
v 41.1420021 17.8360844 -179.110931
v 36.4864006 21.6192818 -125.532684
v 40.2740822 16.5464859 -218.107712
v 44.4914398 13.7276859 -226.521301
v 42.1683197 14.455286 -230.067795
v 44.4914398 13.7276859 -226.521301
v 40.2740822 16.5464859 -218.107712
v 44.4728012 15.129446 -217.442673
v 34.2700005 20.155283 -180.199417
v 44.4728012 15.129446 -217.442673
v 40.2740822 16.5464859 -218.107712
v 44.4728012 15.129446 -217.442673
v 34.2700005 20.155283 -180.199417
v 41.1420021 17.8360844 -179.110931
v 43.4327202 10.8784056 -178.748123
v 44.4728012 15.129446 -217.442673
v 41.1420021 17.8360844 -179.110931
v 25.8777599 25.1995983 -127.212936
v 41.1420021 17.8360844 -179.110931
v 34.2700005 20.155283 -180.199417
v 41.1420021 17.8360844 -179.110931
v 25.8777599 25.1995983 -127.212936
v 36.4864006 21.6192818 -125.532684
v 15.7696791 31.2751141 -63.3931046
v 36.4864006 21.6192818 -125.532684
v 25.8777599 25.1995983 -127.212936
v 36.4864006 21.6192818 -125.532684
v 15.7696791 31.2751141 -63.3931046
v 30.8788795 26.1759148 -61.0000648

# 530 UV coordinates
vt 0.54369998 0.121900022 0
vt 0.550199986 0.100799978 0
vt 0.557200015 0.115700006 0
vt 0.563399971 0.12470001 0
vt 0.542500019 0.139699996 0
vt 0.561200023 0.144400001 0
vt 0.542900026 0.151899993 0
vt 0.559400022 0.156499982 0
vt 0.578400016 0.145699978 0
vt 0.578100026 0.158500016 0
vt 0.600300014 0.153400004 0
vt 0.593599975 0.143299997 0
vt 0.570299983 0.129700005 0
vt 0.578199983 0.131600022 0
vt 0.589900017 0.130100012 0
vt 0.750899971 0.0857999921 0
vt 0.778400004 0.110199988 0
vt 0.750999987 0.110199988 0
vt 0.778599977 0.0843999982 0
vt 0.802200019 0.0853999853 0
vt 0.80250001 0.111199975 0
vt 0.665700018 0.100399971 0
vt 0.624000013 0.136099994 0
vt 0.61559999 0.111599982 0
vt 0.666899979 0.120899975 0
vt 0.70389998 0.113900006 0
vt 0.704200029 0.100300014 0
vt 0.738300025 0.112200022 0
vt 0.345200002 0.166100025 0
vt 0.362500012 0.192399979 0
vt 0.36680001 0.170899987 0
vt 0.337099999 0.192300022 0
vt 0.352600008 0.220300019 0
vt 0.332399994 0.215300024 0
vt 0.326900005 0.234099984 0
vt 0.325399995 0.263400018 0
vt 0.3134 0.24000001 0
vt 0.3134 0.274900019 0
vt 0.3134 0.190100014 0
vt 0.3134 0.220399976 0
vt 0.299899995 0.234099984 0
vt 0.301400006 0.263400018 0
vt 0.313600004 0.160300016 0
vt 0.281399995 0.166000009 0
vt 0.289600015 0.192300022 0
vt 0.294400007 0.215300024 0
vt 0.274199992 0.220300019 0
vt 0.264299989 0.192499995 0
vt 0.259900004 0.171000004 0
vt 0.307200015 0.0205000043 0
vt 0.292600006 0.00440001488 0
vt 0.290399998 0.00669997931 0
vt 0.309399992 0.0181999803 0
vt 0.309700012 0.0227000117 0
vt 0.31189999 0.0203999877 0
vt 0.313899994 0.0263000131 0
vt 0.316000015 0.023999989 0
vt 0.171499997 0.469200015 0
vt 0.180299997 0.4745 0
vt 0.171100006 0.475700021 0
vt 0.174400002 0.464999974 0
vt 0.180299997 0.462400019 0
vt 0.189700007 0.473999977 0
vt 0.189700007 0.460300028 0
vt 0.199100003 0.462300003 0
vt 0.199100003 0.4745 0
vt 0.207900003 0.468999982 0
vt 0.208299994 0.475600004 0
vt 0.204999998 0.464900017 0
vt 0.209099993 0.46450001 0
vt 0.230000004 0.444999993 0
vt 0.214599997 0.467999995 0
vt 0.220200002 0.43900001 0
vt 0.204899997 0.461600006 0
vt 0.214699998 0.433399975 0
vt 0.199200004 0.458599985 0
vt 0.201499999 0.423799992 0
vt 0.189700007 0.457000017 0
vt 0.189700007 0.42049998 0
vt 0.177900001 0.423799992 0
vt 0.180199996 0.458700001 0
vt 0.164700001 0.433600008 0
vt 0.174500003 0.461700022 0
vt 0.159199998 0.439199984 0
vt 0.170399994 0.464600027 0
vt 0.149399996 0.445299983 0
vt 0.164800003 0.468200028 0
vt 0.278200001 0.435699999 0
vt 0.296499997 0.413399994 0
vt 0.286799997 0.439300001 0
vt 0.282400012 0.4023 0
vt 0.268900007 0.434700012 0
vt 0.268900007 0.398999989 0
vt 0.255400002 0.4023 0
vt 0.259600013 0.435699999 0
vt 0.241300002 0.413399994 0
vt 0.250999987 0.439400017 0
vt 0.504700005 0.235099971 0
vt 0.495700002 0.292599976 0
vt 0.504700005 0.29430002 0
vt 0.495700002 0.236699998 0
vt 0.477899998 0.288299978 0
vt 0.477899998 0.240999997 0
vt 0.460399985 0.280900002 0
vt 0.460399985 0.248300016 0
vt 0.452699989 0.275900006 0
vt 0.452699989 0.253300011 0
vt 0.447100013 0.25880003 0
vt 0.447100013 0.270299971 0
vt 0.444900006 0.264599979 0
vt 0.801500022 0.0376999974 0
vt 0.787 0.0457999706 0
vt 0.801900029 0.0461999774 0
vt 0.786599994 0.0364000201 0
vt 0.755400002 0.0430999994 0
vt 0.757300019 0.0523999929 0
vt 0.745299995 0.0543000102 0
vt 0.743099988 0.0461000204 0
vt 0.734099984 0.0562999845 0
vt 0.732800007 0.049399972 0
vt 0.861400008 0.320299983 0
vt 0.865700006 0.312300026 0
vt 0.877600014 0.30400002 0
vt 0.865100026 0.327400029 0
vt 0.877499998 0.336199999 0
vt 0.89410001 0.300999999 0
vt 0.893999994 0.3398 0
vt 0.910600007 0.336300015 0
vt 0.910700023 0.304099977 0
vt 0.922999978 0.327499986 0
vt 0.922399998 0.312399983 0
vt 0.926699996 0.3204 0
vt 0.853900015 0.383099973 0
vt 0.898599982 0.352500021 0
vt 0.90109998 0.390600026 0
vt 0.864799976 0.351300001 0
vt 0.825900018 0.368499994 0
vt 0.836600006 0.339900017 0
vt 0.810899973 0.359499991 0
vt 0.82160002 0.334200025 0
vt 0.804899991 0.326799989 0
vt 0.792299986 0.353299975 0
vt 0.778599977 0.314999998 0
vt 0.764100015 0.344799995 0
vt 0.754000008 0.291999996 0
vt 0.726800025 0.315900028 0
vt 0.703000009 0.275200009 0
vt 0.734399974 0.264599979 0
vt 0.698199987 0.246100008 0
vt 0.726000011 0.236999989 0
vt 0.694299996 0.226899981 0
vt 0.720899999 0.219500005 0
vt 0.717199981 0.20389998 0
vt 0.687399983 0.210799992 0
vt 0.709399998 0.174499989 0
vt 0.676500022 0.181200027 0
vt 0.712599993 0.140799999 0
vt 0.675100029 0.13349998 0
vt 0.404399991 0.308099985 0
vt 0.393099993 0.317900002 0
vt 0.389699996 0.31190002 0
vt 0.407799989 0.313600004 0
vt 0.400099993 0.325999975 0
vt 0.414299995 0.320500016 0
vt 0.40959999 0.335300028 0
vt 0.437599987 0.319400012 0
vt 0.432900012 0.34859997 0
vt 0.419200003 0.3028 0
vt 0.422899991 0.307799995 0
vt 0.429199994 0.313399971 0
vt 0.442400008 0.304099977 0
vt 0.458999991 0.299700022 0
vt 0.458200008 0.328599989 0
vt 0.458799988 0.352400005 0
vt 0.431899995 0.295000017 0
vt 0.436100006 0.299399972 0
vt 0.444700003 0.291299999 0
vt 0.451000005 0.29549998 0
vt 0.440299988 0.287299991 0
vt 0.476999998 0.305599988 0
vt 0.4815 0.333599985 0
vt 0.48300001 0.345399976 0
vt 0.472200006 0.353100002 0
vt 0.495299995 0.307699978 0
vt 0.50120002 0.321699977 0
vt 0.493600011 0.335600019 0
vt 0.504400015 0.308200002 0
vt 0.71359998 0.0694000125 0
vt 0.725199997 0.0812000036 0
vt 0.710900009 0.0813000202 0
vt 0.725300014 0.0710999966 0
vt 0.735099971 0.0796999931 0
vt 0.733399987 0.0705999732 0
vt 0.743399978 0.0776000023 0
vt 0.741999984 0.070200026 0
vt 0.754000008 0.0742999911 0
vt 0.752900004 0.0698999763 0
vt 0.769400001 0.0688999891 0
vt 0.229800001 0.029399991 0
vt 0.236699998 0.0407999754 0
vt 0.2491 0.043299973 0
vt 0.226699993 0.0332000256 0
vt 0.227400005 0.0396000147 0
vt 0.217999995 0.0406000018 0
vt 0.209999993 0.0253999829 0
vt 0.207499996 0.0325999856 0
vt 0.211199999 0.0437999964 0
vt 0.203700006 0.0480999947 0
vt 0.211600006 0.0206000209 0
vt 0.190400004 0.0159000158 0
vt 0.190200001 0.0209000111 0
vt 0.182899997 0.0314000249 0
vt 0.185399994 0.0518000126 0
vt 0.169499993 0.0515000224 0
vt 0.171399996 0.0338000059 0
vt 0.163399994 0.050999999 0
vt 0.1655 0.0306000113 0
vt 0.181199998 0.0210000277 0
vt 0.1734 0.0231000185 0
vt 0.170900002 0.0202000141 0
vt 0.180199996 0.0157999992 0
vt 0.354799986 0.0205000043 0
vt 0.351999998 0.0177999735 0
vt 0.354600012 0.0148000121 0
vt 0.352400005 0.0221999884 0
vt 0.341500014 0.0202999711 0
vt 0.342000008 0.0243999958 0
vt 0.325100005 0.0325999856 0
vt 0.317099988 0.0195000172 0
vt 0.318100005 0.0307999849 0
vt 0.318500012 0.0342000127 0
vt 0.35679999 0.0356000066 0
vt 0.353399992 0.0372999907 0
vt 0.348699987 0.0418999791 0
vt 0.34009999 0.0291000009 0
vt 0.328000009 0.0417000055 0
vt 0.301099986 0.0465999842 0
vt 0.312900007 0.0335000157 0
vt 0.362800002 0.0526000261 0
vt 0.361000001 0.0551999807 0
vt 0.351399988 0.0605999827 0
vt 0.347600013 0.0598999858 0
vt 0.344700009 0.0425999761 0
vt 0.368699998 0.0575000048 0
vt 0.367500007 0.0598000288 0
vt 0.361699998 0.0612999797 0
vt 0.354799986 0.0659999847 0
vt 0.351799995 0.070900023 0
vt 0.348100007 0.0620999932 0
vt 0.375400007 0.0602999926 0
vt 0.370299995 0.0641000271 0
vt 0.363400012 0.0647000074 0
vt 0.3574 0.0687999725 0
vt 0.353399992 0.074000001 0
vt 0.379500002 0.0670999885 0
vt 0.383899987 0.0641999841 0
vt 0.390100002 0.0703999996 0
vt 0.3926 0.067900002 0
vt 0.403299987 0.0745000243 0
vt 0.350699991 0.0760999918 0
vt 0.340600014 0.0663999915 0
vt 0.337199986 0.0622000098 0
vt 0.338999987 0.0821999907 0
vt 0.333000004 0.0737000108 0
vt 0.329699993 0.0673999786 0
vt 0.320499986 0.0608000159 0
vt 0.31189999 0.0558000207 0
vt 0.351799995 0.0839999914 0
vt 0.342099994 0.0856999755 0
vt 0.336699992 0.084800005 0
vt 0.329899997 0.0788999796 0
vt 0.323399991 0.0745999813 0
vt 0.316399992 0.0699999928 0
vt 0.344399989 0.0885999799 0
vt 0.342099994 0.0899000168 0
vt 0.338999987 0.087100029 0
vt 0.352699995 0.0885999799 0
vt 0.345200002 0.0906999707 0
vt 0.320199996 0.0813000202 0
vt 0.3125 0.0764999986 0
vt 0.306699991 0.0641999841 0
vt 0.299299985 0.0605999827 0
vt 0.3028 0.0717999935 0
vt 0.292299986 0.0705999732 0
vt 0.292100012 0.0565999746 0
vt 0.270000011 0.0382000208 0
vt 0.277399987 0.0124999881 0
vt 0.298599988 0.016200006 0
vt 0.314900011 0.0309000015 0
vt 0.284000009 0.0649999976 0
vt 0.265500009 0.05400002 0
vt 0.348800004 0.278800011 0
vt 0.378500015 0.271799982 0
vt 0.348699987 0.271799982 0
vt 0.378399998 0.278800011 0
vt 0.349599987 0.28670001 0
vt 0.377700001 0.28670001 0
vt 0.351099998 0.293799996 0
vt 0.376199991 0.293799996 0
vt 0.352699995 0.300300002 0
vt 0.374599993 0.300300002 0
vt 0.352600008 0.307099998 0
vt 0.374799997 0.307099998 0
vt 0.37439999 0.320299983 0
vt 0.352999985 0.320200026 0
vt 0.355800003 0.333500028 0
vt 0.371600002 0.333500028 0
vt 0.369300008 0.339900017 0
vt 0.358099997 0.339900017 0
vt 0.360799998 0.344699979 0
vt 0.366600007 0.344699979 0
vt 0.363700002 0.346700013 0
vt 0.74970001 0.952799976 0
vt 0.746599972 0.909099996 0
vt 0.729600012 0.964900017 0
vt 0.75880003 0.912699997 0
vt 0.771899998 0.855000019 0
vt 0.763999999 0.852500021 0
vt 0.781700015 0.811699986 0
vt 0.77700001 0.809899986 0
vt 0.786899984 0.801800013 0
vt 0.786899984 0.796199977 0
vt 0.765500009 0.953700006 0
vt 0.771300018 0.915099978 0
vt 0.779999971 0.85680002 0
vt 0.786599994 0.812900007 0
vt 0.791199982 0.800000012 0
vt 0.796400011 0.795099974 0
vt 0.783800006 0.916800022 0
vt 0.788200021 0.85799998 0
vt 0.791499972 0.813899994 0
vt 0.793099999 0.80430001 0
vt 0.796400011 0.801200032 0
vt 0.801699996 0.800000012 0
vt 0.805999994 0.796199977 0
vt 0.780300021 0.96359998 0
vt 0.796400011 0.917199969 0
vt 0.796400011 0.858299971 0
vt 0.796400011 0.814099967 0
vt 0.799700022 0.80430001 0
vt 0.806299984 0.812900007 0
vt 0.805999994 0.801800013 0
vt 0.815900028 0.809899986 0
vt 0.796400011 0.975199997 0
vt 0.809000015 0.916800022 0
vt 0.804700017 0.85799998 0
vt 0.801400006 0.813899994 0
vt 0.81279999 0.85680002 0
vt 0.811100006 0.811699986 0
vt 0.82889998 0.852500021 0
vt 0.814100027 0.984799981 0
vt 0.82160002 0.915099978 0
vt 0.831799984 0.98360002 0
vt 0.848699987 0.977599978 0
vt 0.833999991 0.912699997 0
vt 0.820900023 0.855100036 0
vt 0.846199989 0.909099996 0
vt 0.863200009 0.964900017 0
vt 0.808000028 0.137499988 0
vt 0.813799977 0.145500004 0
vt 0.808799982 0.152700007 0
vt 0.795300007 0.130100012 0
vt 0.795400023 0.160899997 0
vt 0.772000015 0.126299977 0
vt 0.771799982 0.165000021 0
vt 0.748700023 0.129800022 0
vt 0.748300016 0.160600007 0
vt 0.734899998 0.1523 0
vt 0.730099976 0.144999981 0
vt 0.735899985 0.137099981 0
vt 0.78609997 0.0304999948 0
vt 0.754899979 0.0370000005 0
vt 0.783900023 0.0156000257 0
vt 0.742200017 0.0376999974 0
vt 0.73210001 0.0336999893 0
vt 0.779900014 0.0080999732 0
vt 0.729399979 0.0273000002 0
vt 0.597800016 0.121999979 0
vt 0.616900027 0.0957000256 0
vt 0.591799974 0.0782999992 0
vt 0.632399976 0.0799000263 0
vt 0.594299972 0.0425999761 0
vt 0.632399976 0.0388000011 0
vt 0.597899973 0.0184999704 0
vt 0.633700013 0.0142999887 0
vt 0.670700014 0.0390999913 0
vt 0.672200024 0.0141999722 0
vt 0.720099986 0.0328999758 0
vt 0.705200016 0.0514000058 0
vt 0.647499979 0.0717999935 0
vt 0.667400002 0.0688999891 0
vt 0.694800019 0.0773000121 0
vt 0.214200005 0.0572999716 0
vt 0.2597 0.113099992 0
vt 0.259299994 0.0613999963 0
vt 0.195099995 0.114099979 0
vt 0.207499996 0.138100028 0
vt 0.260500014 0.150200009 0
vt 0.218799993 0.158599973 0
vt 0.1998 0.164900005 0
vt 0.191599995 0.142099977 0
vt 0.179000005 0.161899984 0
vt 0.156000003 0.07099998 0
vt 0.146400005 0.0896999836 0
vt 0.169499993 0.126699984 0
vt 0.131200001 0.0608999729 0
vt 0.114600003 0.0809000134 0
vt 0.116099998 0.124499977 0
vt 0.150099993 0.131600022 0
vt 0.153699994 0.15109998 0
vt 0.175300002 0.145200014 0
vt 0.158099994 0.165700018 0
vt 0.129500002 0.048600018 0
vt 0.105599999 0.0781000257 0
vt 0.0975999981 0.112600029 0
vt 0.0974000022 0.117399991 0
vt 0.111199997 0.128300011 0
vt 0.128199995 0.139599979 0
vt 0.133000001 0.0406000018 0
vt 0.111299999 0.037800014 0
vt 0.0993999988 0.0666000247 0
vt 0.0737999976 0.0970000029 0
vt 0.0903000012 0.112500012 0
vt 0.0854000002 0.133000016 0
vt 0.0876000002 0.143599987 0
vt 0.115199998 0.0297999978 0
vt 0.107600003 0.0329999924 0
vt 0.0938000008 0.0612000227 0
vt 0.0709000006 0.0907999873 0
vt 0.0557999983 0.100000024 0
vt 0.0592 0.104700029 0
vt 0.0703999996 0.108900011 0
vt 0.112300001 0.0221999884 0
vt 0.0749000013 0.0196999907 0
vt 0.0603 0.0379999876 0
vt 0.0394000001 0.0827999711 0
vt 0.0425999984 0.108699977 0
vt 0.0544000007 0.113499999 0
vt 0.0662999973 0.115100026 0
vt 0.0747999996 0.0067999959 0
vt 0.054299999 0.0133000016 0
vt 0.0436000004 0.0252000093 0
vt 0.0353000015 0.0410000086 0
vt 0.0241999999 0.0798000097 0
vt 0.0515000001 0.00660002232 0
vt 0.0355999991 0.0189999938 0
vt 0.0266999993 0.0367000103 0
vt 0.0144999996 0.0778999925 0
vt 0.0111999996 0.117600024 0
vt 0.0207000002 0.116400003 0
vt 0.0307 0.12440002 0
vt 0.0405000001 0.124000013 0
vt 0.0221999995 0.141300023 0
vt 0.0285999998 0.141600013 0
vt 0.0131000001 0.164499998 0
vt 0.138300002 0.156599998 0
vt 0.1417 0.171199977 0
vt 0.127100006 0.159099996 0
vt 0.123599999 0.145399988 0
vt 0.108099997 0.160000026 0
vt 0.111400001 0.166000009 0
vt 0.100699998 0.165899992 0
vt 0.105999999 0.169799984 0
vt 0.0987000018 0.174199998 0
vt 0.0833000019 0.158699989 0
vt 0.0948000029 0.170700014 0
vt 0.0918999985 0.174300015 0
vt 0.0773999989 0.165799975 0
vt 0.0775000006 0.137099981 0
vt 0.0716999993 0.158500016 0
vt 0.0688000023 0.142799973 0
vt 0.0719000027 0.132799983 0
vt 0.0754999965 0.125400007 0
vt 0.0817999989 0.121299982 0
vt 0.284099996 0.140900016 0
vt 0.271100014 0.123300016 0
vt 0.284099996 0.105700016 0
vt 0.3134 0.0934000015 0
vt 0.3134 0.153199971 0
vt 0.343100011 0.140699983 0
vt 0.342900008 0.105499983 0
vt 0.356000006 0.123099983 0
vt 0.229300007 0.474699974 0
vt 0.229300007 0.463199973 0
vt 0.233799994 0.456700027 0
vt 0.247299999 0.473800004 0
vt 0.248999998 0.450600028 0
vt 0.261099994 0.473500013 0
vt 0.261099994 0.448899984 0
vt 0.273299992 0.450600028 0
vt 0.275000006 0.473800004 0
vt 0.288399994 0.45660001 0
vt 0.292899996 0.474600017 0
vt 0.293000013 0.463 0
vt 0.832499981 0.988399982 0
vt 0.836000025 0.921400011 0
vt 0.850399971 0.985199988 0
vt 0.822899997 0.923900008 0
vt 0.821500003 0.85769999 0
vt 0.848800004 0.917599976 0
vt 0.867900014 0.980199993 0
vt 0.809700012 0.925599992 0
vt 0.804899991 0.860700011 0
vt 0.813199997 0.859399974 0
vt 0.829699993 0.855100036 0
vt 0.814499974 0.99059999 0
vt 0.796400011 0.991100013 0
vt 0.796400011 0.925999999 0
vt 0.796400011 0.861000001 0
vt 0.783100009 0.925599992 0
vt 0.787999988 0.860700011 0
vt 0.778299987 0.99059999 0
vt 0.760299981 0.988399982 0
vt 0.769900024 0.923900008 0
vt 0.779600024 0.859399974 0
vt 0.756900012 0.921400011 0
vt 0.771300018 0.857599974 0
vt 0.742399991 0.985099971 0
vt 0.724900007 0.980199993 0
vt 0.744000018 0.917599976 0
vt 0.763199985 0.855100036 0
vt 0.783699989 0.917699993 0
vt 0.796400011 0.918099999 0
vt 0.809099972 0.917699993 0
vt 0.771099985 0.916000009 0
vt 0.821699977 0.916000009 0
vt 0.834200025 0.913599968 0
vt 0.758599997 0.913599968 0
vt 0.746399999 0.909999967 0
vt 0.846400023 0.909999967 0

# 1024 vertex normals
vn 0.287400335 0.95610106 -0.057200022
vn 0.288504481 0.954614639 -0.0740010962
vn 0.287904352 0.955714405 -0.0610008761
vn 0.290410161 0.955433369 -0.0530018099
vn 0.292608798 0.955228627 -0.0438012704
vn 0.292102665 0.952708542 -0.0838007107
vn 0.304897338 0.947391689 -0.0973991007
vn 0.26871261 0.956544876 -0.113205269
vn 0.202591643 0.978959382 -0.0243989453
vn 0.179698899 0.983693898 -0.00739991106
vn 0.128802195 0.991016686 0.0360006504
vn 0.136899218 0.990294278 0.0239999071
vn 0.303307116 0.951222241 -0.0564012751
vn 0.214898616 0.976493657 -0.0166998487
vn 0.122997284 0.992377937 0.0075998744
vn 0.992440999 -0.0556022823 -0.109404504
vn 0.995726883 -0.0799021497 0.0463012457
vn 0.995979249 -0.0282994043 -0.0849982202
vn 0.996100307 -0.0847000256 0.0247000046
vn 0.974267781 -0.102196611 0.200893342
vn 0.968297303 -0.119799674 0.219199374
vn -0.296292037 0.0783979297 -0.951874375
vn -0.133400306 0.0227000955 -0.990802288
vn -0.131096512 0.0137996748 -0.991273582
vn -0.285296887 0.0952989906 -0.953689575
vn -0.488615841 0.140404597 -0.861127853
vn -0.518505275 0.132101387 -0.844808578
vn -0.562629938 0.157108396 -0.811643124
vn 0.589193761 0.801591396 0.101498947
vn 0.761266291 0.627672076 0.162792802
vn 0.798560798 0.594370723 0.0949953496
vn 0.572898567 0.800197899 0.177399561
vn 0.723326504 0.629123032 0.28461042
vn 0.585713625 0.762617707 0.27450642
vn 0.564833045 0.752843916 0.337919742
vn 0.566986918 0.73398304 0.373891383
vn 0 0.913332522 0.407214582
vn 0 0.897446692 0.441122949
vn 0 0.994764328 0.102196395
vn 0 0.964662194 0.263489693
vn -0.564833045 0.752843916 0.337919742
vn -0.566986918 0.73398304 0.373891383
vn 0 0.996242821 0.0866037607
vn -0.589193761 0.801591396 0.101498947
vn -0.572898567 0.800197899 0.177399561
vn -0.585713625 0.762617707 0.27450642
vn -0.723326504 0.629123032 0.28461042
vn -0.761266291 0.627672076 0.162792802
vn -0.798560798 0.594370723 0.0949953496
vn 0.779324949 2.73904295e-08 -0.626620054
vn 0.432997674 3.94012254e-08 -0.901395142
vn 0.996046543 0.00649965415 -0.0885952339
vn 0.985916317 0.0035000653 -0.167202756
vn 0.332708269 0.0035001277 -0.943023324
vn -0.183405161 -0.00440008054 -0.983027577
vn -0.185701206 4.29510827e-08 -0.982606351
vn 0.406516641 0.00330009498 0.913637459
vn 0.332082152 0.00159987248 0.943249106
vn 0.394021571 0.0254013482 0.918750226
vn 0.404987901 -0.00949975569 0.914272666
vn 0.207602814 -4.27590585e-08 0.978213191
vn 0 -4.37113883e-08 1
vn -0.252894968 -0.0147997458 0.967380643
vn -0.308194995 0.00859981775 0.951284409
vn -0.389981776 -0.0109995268 0.920756876
vn -0.394021571 0.0254013482 0.918750226
vn -0.366494417 -0.0583991446 0.928585708
vn 0.895585179 -0.215896413 0.388993531
vn 0.932284594 -0.0229996312 0.360993981
vn 0.933982849 -0.0602989048 0.352193505
vn 0.827709258 -0.384204268 0.409004509
vn 0.598920703 -0.695523977 0.396913648
vn 0.441399664 -0.815699399 0.373899668
vn 0.233910114 -0.913739502 0.332214296
vn 0.162694275 -0.934166968 0.317588776
vn 0 -0.949261785 0.314487308
vn 0 -0.954408884 0.298502743
vn -0.162694275 -0.934166968 0.317588776
vn -0.233910114 -0.913739502 0.332214296
vn -0.441399664 -0.815699399 0.373899668
vn -0.598920703 -0.695523977 0.396913648
vn -0.827709258 -0.384204268 0.409004509
vn -0.895585179 -0.215896413 0.388993531
vn -0.932284594 -0.0229996312 0.360993981
vn -0.933982849 -0.0602989048 0.352193505
vn 0.0844976306 0.996171951 -0.0223993231
vn 0.0999967903 0.99456799 -0.0288990252
vn 0.119698264 0.991785526 -0.0450992957
vn 0.0548981018 0.998465359 -0.00729970355
vn 0 0.99998951 -0.0045999079
vn 0 1 4.37113883e-08
vn -0.0548981018 0.998465359 -0.00729970355
vn -0.0844976306 0.996171951 -0.0223993231
vn -0.0999967903 0.99456799 -0.0288990252
vn -0.119698264 0.991785526 -0.0450992957
vn 0.252891481 0.312989354 0.91546905
vn 0.366495132 0.342495382 0.865088582
vn 0.389993697 0.294995189 0.872285962
vn 0.308193326 0.285793781 0.907380283
vn 0 0.30898881 0.951065719
vn -0.207606122 0.302308887 0.930327415
vn -0.332097024 0.289897352 0.897591889
vn -0.405001551 0.291501015 0.866603196
vn -0.406599611 0.27919966 0.869899094
vn 0.394019991 0.259713113 0.881644726
vn -0.394019991 0.259713113 0.881644726
vn -0.278509706 4.19818811e-08 -0.960433483
vn -0.297415078 4.17333688e-08 -0.954748273
vn -0.316197783 4.14687022e-08 -0.948693395
vn -0.392108172 4.02109386e-08 -0.919919133
vn -0.448013544 3.90791506e-08 -0.894026875
vn -0.542222619 3.67278297e-08 -0.840234935
vn -0.581408501 3.55640992e-08 -0.813611925
vn -0.640695751 3.35613741e-08 -0.767794847
vn -0.673598111 3.23069855e-08 -0.739097834
vn -0.679434061 3.20726414e-08 -0.733736634
vn -0.696731329 3.1355583e-08 -0.717332244
vn -0.820776105 -0.467986256 -0.327590406
vn -0.298085839 -0.941855133 -0.155092672
vn -0.823784351 -0.465891093 -0.322993845
vn -0.293893009 -0.941577435 -0.164496094
vn 0.436594665 -0.889289081 0.136198297
vn 0.432789266 -0.890177906 0.14239642
vn 0.56421411 -0.793319762 0.22870566
vn 0.678188562 -0.689488292 0.254295677
vn 0.753404737 -0.590103686 0.290101796
vn 0.807725668 -0.535916924 0.24570775
vn -0.442407459 -0.0189002771 -0.896615028
vn -0.432313353 -0.0299008787 -0.901227653
vn -0.367611825 -0.00960026775 -0.929929793
vn -0.459090114 -0.00399987493 -0.888380826
vn -0.226597354 4.25743885e-08 -0.973988533
vn 0 4.37113883e-08 -1
vn 0.226597354 4.25743885e-08 -0.973988533
vn 0.341787487 -0.00469978619 -0.939765573
vn 0.45649147 -0.00889979396 -0.889683306
vn 0.451808155 -0.0133002 -0.892015994
vn 0.461002648 -0.012900034 -0.887304962
vn 0.298305869 0.951318622 -0.0775014833
vn 0.191898778 0.981093705 -0.0250997953
vn 0.175900936 0.98440522 0.00230005523
vn 0.413992405 0.895183504 -0.165096894
vn 0.598604679 0.753305912 -0.272402078
vn 0.691913605 0.622212172 -0.366207123
vn 0.881978214 -0.00979973655 -0.471188307
vn 0.861501694 -0.00739999115 -0.50770092
vn 0.689080417 -0.633681893 -0.351589978
vn 0.598197162 -0.760396302 -0.252898812
vn 0.408692837 -0.901384175 -0.143097505
vn 0.287511885 -0.955939412 -0.0593024902
vn 0 -0.999975502 -0.00699987262
vn 0 -0.999978244 0.0065998123
vn -0.287511885 -0.955939412 -0.0593024902
vn -0.408692837 -0.901384175 -0.143097505
vn -0.598197162 -0.760396302 -0.252898812
vn -0.689080417 -0.633681893 -0.351589978
vn -0.881978214 -0.00979973655 -0.471188307
vn -0.861501694 -0.00739999115 -0.50770092
vn -0.691913605 0.622212172 -0.366207123
vn -0.598604679 0.753305912 -0.272402078
vn -0.413992405 0.895183504 -0.165096894
vn -0.298305869 0.951318622 -0.0775014833
vn -0.191898778 0.981093705 -0.0250997953
vn -0.175900936 0.98440522 0.00230005523
vn 0.0545005538 -0.46750468 -0.88230896
vn 0.0635997802 -0.617497802 -0.783997178
vn 0.0990041122 -0.524821699 -0.845435023
vn -0.00110003271 -0.627118587 -0.778923154
vn -0.0130003411 -0.858222425 -0.513113499
vn -0.0681991503 -0.829589546 -0.554193139
vn -0.0720035061 -0.936345577 -0.343616784
vn -0.158297434 -0.901185334 -0.403493464
vn -0.101798475 -0.98298502 -0.152897716
vn -0.0896026641 -0.390511602 -0.916227162
vn -0.150402188 -0.561908126 -0.813411713
vn -0.164994195 -0.765372992 -0.622078121
vn -0.301194459 -0.762285888 -0.572889447
vn -0.258106649 -0.873622417 -0.412510633
vn -0.15850693 -0.974042535 -0.161607087
vn -0.104099847 -0.98359853 0.147299737
vn -0.338989884 -0.353689402 -0.871773899
vn -0.358899504 -0.536899149 -0.763498902
vn -0.427078962 -0.59477061 -0.681066453
vn -0.344402164 -0.764504731 -0.544903398
vn -0.496786028 -0.352690011 -0.792977571
vn -0.193406895 -0.963034272 -0.187506706
vn -0.146696851 -0.989178658 -0.00239999173
vn -0.117502034 -0.967316628 0.224703833
vn -0.0842024311 -0.91042614 0.405011624
vn -0.174005479 -0.980530858 -0.0910029039
vn -0.145295218 -0.988567352 -0.0402987115
vn -0.138698176 -0.987186909 0.0788989142
vn -0.164601728 -0.983610272 -0.0736008137
vn -0.287904352 0.955714405 -0.0610008761
vn -0.288504481 0.954614639 -0.0740010962
vn -0.287400335 0.95610106 -0.057200022
vn -0.290410161 0.955433369 -0.0530018099
vn -0.292608798 0.955228627 -0.0438012704
vn -0.292102665 0.952708542 -0.0838007107
vn -0.303307116 0.951222241 -0.0564012751
vn -0.202591643 0.978959382 -0.0243989453
vn -0.214898616 0.976493657 -0.0166998487
vn -0.122997284 0.992377937 0.0075998744
vn -0.136899218 0.990294278 0.0239999071
vn -0.128802195 0.991016686 0.0360006504
vn -0.304897338 0.947391689 -0.0973991007
vn -0.26871261 0.956544876 -0.113205269
vn -0.179698899 0.983693898 -0.00739991106
vn -0.995726883 -0.0799021497 0.0463012457
vn -0.992440999 -0.0556022823 -0.109404504
vn -0.995979249 -0.0282994043 -0.0849982202
vn -0.996100307 -0.0847000256 0.0247000046
vn -0.974267781 -0.102196611 0.200893342
vn -0.968297303 -0.119799674 0.219199374
vn 0.133400306 0.0227000955 -0.990802288
vn 0.296292037 0.0783979297 -0.951874375
vn 0.131096512 0.0137996748 -0.991273582
vn 0.285296887 0.0952989906 -0.953689575
vn 0.488615841 0.140404597 -0.861127853
vn 0.518505275 0.132101387 -0.844808578
vn 0.562629938 0.157108396 -0.811643124
vn 0.225604147 -0.0198004041 0.974017799
vn 0.355109096 -0.0580015182 0.93302387
vn 0.216187879 -0.00359984045 0.976345181
vn 0.471708745 -0.0755014196 0.878516138
vn 0.67081213 -0.136202499 0.729013085
vn 0.748414397 -0.154802993 0.644912422
vn 0.865499318 -0.233799785 0.442999601
vn 0.902005792 -0.258201659 0.346002162
vn 0.933290958 -0.305797011 0.188298136
vn 0.93606925 -0.311989725 0.162594616
vn 0.938485801 -0.335194916 0.0829987153
vn -0.589193761 -0.801591396 0.101498872
vn -0.761266291 -0.627672076 0.162792742
vn -0.798560798 -0.594370723 0.0949953049
vn -0.572898567 -0.800197899 0.177399486
vn -0.723326504 -0.629123032 0.284610361
vn -0.585713625 -0.762617707 0.27450636
vn -0.564833045 -0.752843916 0.337919682
vn -0.566986918 -0.73398304 0.373891324
vn 0 -0.913332641 0.407214552
vn 0 -0.897446811 0.441122919
vn 0 -0.994764328 0.102196313
vn 0 -0.964662254 0.263489664
vn 0.564833045 -0.752843916 0.337919682
vn 0.566986918 -0.73398304 0.373891324
vn 0 -0.99624294 0.0866036788
vn 0.589193761 -0.801591396 0.101498872
vn 0.572898567 -0.800197899 0.177399486
vn 0.585713625 -0.762617707 0.27450636
vn 0.723326504 -0.629123032 0.284610361
vn 0.761266291 -0.627672076 0.162792742
vn 0.798560798 -0.594370723 0.0949953049
vn 0.558095992 0.824693978 0.0916993767
vn 0.446683437 0.887166977 0.115795732
vn 0.536193967 0.831790686 0.143598408
vn 0.371804625 0.926211357 0.0624008067
vn 0.249008253 0.967431903 0.0455015451
vn 0.224810347 0.97374469 0.0358016863
vn 0.456111848 0.889823079 -0.0133003052
vn 0.179395631 0.983675957 -0.0140996128
vn 0.11260163 0.993614197 -0.00720005948
vn 0.0758020505 0.99672693 -0.0281007141
vn 0.596795797 0.801594257 -0.0357997082
vn 0.568313777 0.805519402 -0.167803988
vn 0.375119656 0.920148194 -0.112305842
vn 0.0977976695 0.99077636 -0.0937977135
vn 0.0189992785 0.996662021 -0.0793969333
vn -0.0901960433 0.935658932 -0.341184974
vn -0.042199228 0.895383537 -0.443291783
vn -0.233799413 0.68359822 -0.691398144
vn -0.0813970193 0.722773552 -0.686274707
vn 0.340603381 0.914008915 -0.220402122
vn 0.214394405 0.830078304 -0.514786422
vn 0.249891236 0.717874706 -0.649777114
vn 0.482906431 0.789210498 -0.379405022
vn 0.884919941 0.464710444 -0.0310006738
vn 0.858411431 0.35950473 -0.365904778
vn 0.967298687 0.220699683 0.124999836
vn 0.478001803 0.841103077 -0.253100902
vn 0.430100739 0.524200916 -0.735001206
vn 0.0258002076 0.822206497 -0.56860441
vn 0.26449281 0.709780693 -0.652882099
vn 0.613205552 0.0630006045 -0.787407041
vn 0.508911252 3.76275935e-08 -0.860819042
vn 0.184793845 0.871270955 -0.454684764
vn 0.564269304 0.793256819 0.228787571
vn 0.344108313 0.92272222 0.173704237
vn -0.343285948 0.909462631 -0.234590352
vn -0.315184623 0.848658562 -0.424779207
vn -0.108903065 0.992227852 -0.0602016449
vn -0.0854996294 0.990895569 0.103999592
vn -0.0588026755 0.997645259 -0.0353015624
vn 0.451806307 0.798811018 0.397205532
vn 0.154004186 0.943625569 0.29300797
vn -0.409297258 0.910593808 0.0573996492
vn -0.621014595 0.774418116 0.120902859
vn -0.382408679 0.885920048 -0.262505859
vn 0.415410995 0.621916413 0.663817525
vn 0.160702288 0.580408216 0.798311412
vn -0.269697428 0.865991712 0.421095997
vn -0.500311971 0.747117817 0.437610477
vn -0.739003181 0.648002744 0.18430081
vn -0.592721701 0.79242897 0.144005284
vn 0.717782259 0.156796083 0.678383172
vn 0.407387912 0.271791875 0.871874034
vn -0.447516024 0.51481837 0.731226087
vn -0.723410606 0.459606647 0.515207589
vn -0.780379772 0.437988609 0.446288437
vn 0.896499455 0.120299898 0.426399708
vn 0.941600204 0.159800008 0.29640004
vn 0.936476648 0.286792785 0.201894969
vn 0.919583023 0.332193792 0.209796116
vn 0.920375466 0.349090636 0.176195294
vn -0.259308517 0.957631409 0.125304163
vn -0.368305773 0.762511909 0.531908333
vn -0.353182703 0.913555264 0.201690182
vn 0.265003979 0.883613288 0.386005878
vn -0.505518794 0.531819701 0.67942524
vn -0.387793481 0.725087762 0.569090486
vn 0.12599653 0.979672909 0.156095728
vn -0.0149001777 0.955811203 0.29360351
vn -0.0497003272 0.951406121 0.303902
vn 0.428622544 0.766040206 0.479025185
vn 0.570787191 0.555587471 0.604586363
vn -0.30599761 0.566295505 0.765293956
vn -0.420517117 0.589323878 0.689828038
vn 0.201397702 0.870489955 0.449094862
vn 0.0667969808 0.735366702 0.674369395
vn 0.483710676 0.536111712 0.691815197
vn 0.608227909 0.550625205 0.571726203
vn -0.25290674 0.682918131 0.685318172
vn 0.0248008575 0.532718301 0.845929146
vn -0.446090937 0.565388441 0.693785906
vn 0.20229426 0.763278246 0.613582551
vn 0.0358012356 0.860129654 0.508817613
vn -0.10350313 0.864525974 0.491814911
vn -0.0284005664 0.810816109 0.584611535
vn -0.171497524 0.811588168 0.558491886
vn -0.0924995542 0.906295598 0.41239804
vn -0.00489977375 0.966455281 0.256788135
vn -0.0652001798 0.997702599 0.0184000935
vn -0.0989962667 0.994962394 -0.0157993585
vn -0.040998444 0.996662021 0.0705973655
vn -0.18839626 0.892282188 0.410291851
vn -0.00360004534 0.943411708 0.331604183
vn -0.895579994 0.325592667 0.303193212
vn -0.93229568 0.133399352 0.336198449
vn -0.933988869 0.166197985 0.31629619
vn -0.827715516 0.491809189 0.270205081
vn -0.598929942 0.784139037 0.16250813
vn -0.441408426 0.89131695 0.103502013
vn -0.233895436 0.971680999 0.0335993841
vn -0.162697554 0.986585081 0.0133998394
vn 0 0.999983191 0.00579994638
vn 0 0.999939561 -0.0110003911
vn 0.162697554 0.986585081 0.0133998394
vn 0.233895436 0.971680999 0.0335993841
vn 0.441408426 0.89131695 0.103502013
vn 0.598929942 0.784139037 0.16250813
vn 0.827715516 0.491809189 0.270205081
vn 0.895579994 0.325592667 0.303193212
vn 0.93229568 0.133399352 0.336198449
vn 0.933988869 0.166197985 0.31629619
vn -0.0545005575 0.467504799 -0.88230896
vn -0.0635997802 0.617497861 -0.783997118
vn -0.0990041047 0.524821758 -0.845434964
vn 0.00110003271 0.627118587 -0.778923154
vn 0.0130003393 0.858222365 -0.513113379
vn 0.0681991503 0.829589665 -0.55419302
vn 0.0720035136 0.936345696 -0.343616694
vn 0.158297449 0.901185453 -0.403493404
vn 0.101798475 0.98298502 -0.152897626
vn 0.0896026641 0.390511662 -0.916227162
vn 0.150402173 0.561908126 -0.813411593
vn 0.164994195 0.765372992 -0.622078061
vn 0.301194429 0.762285888 -0.572889268
vn 0.258106649 0.873622417 -0.412510544
vn 0.15850693 0.974042535 -0.161606997
vn 0.104099855 0.98359853 0.147299841
vn 0.338989884 0.353689462 -0.871773958
vn 0.358899504 0.536899269 -0.763498902
vn 0.427078962 0.59477067 -0.681066394
vn 0.344402164 0.76450485 -0.544903398
vn 0.496786028 0.352690101 -0.792977571
vn 0.193406925 0.963034391 -0.187506646
vn 0.146696851 0.989178658 -0.00239990535
vn 0.117502034 0.967316628 0.224703908
vn 0.0842024237 0.910426021 0.405011594
vn 0.174005479 0.980530858 -0.0910028145
vn 0.145295218 0.988567352 -0.0402986258
vn 0.138698176 0.987186909 0.0788989961
vn 0.164601728 0.983610272 -0.0736007243
vn -0.85022682 -2.30103971e-08 0.52641654
vn -0.892115414 -1.97491428e-08 0.451807767
vn -0.801748574 -2.61246189e-08 0.597661614
vn -0.672812223 -3.23382636e-08 0.739813328
vn -0.589306831 -3.53148337e-08 0.807909429
vn -0.45611161 -3.88997456e-08 0.889922619
vn -0.410892695 -3.98509599e-08 0.911683738
vn -0.165598884 -4.31078782e-08 0.986193299
vn 0.0501022153 -4.36564882e-08 0.99874413
vn 0.31388694 -4.15022292e-08 0.949460387
vn 0.546179354 -3.66156385e-08 0.8376683
vn 0.78790158 -2.69175242e-08 0.615801215
vn 0.884829342 -2.03658086e-08 0.465915412
vn 0.915056825 -1.76298922e-08 0.403324991
vn 0.919795513 -1.71522601e-08 0.392398059
vn 0.933332741 -1.56929332e-08 0.359012544
vn -0.678188562 -0.689488292 0.254295677
vn -0.753404737 -0.590103686 0.290101796
vn -0.807725668 -0.535916924 0.24570775
vn -0.56421411 -0.793319762 0.22870566
vn -0.436594665 -0.889289081 0.136198297
vn -0.432789266 -0.890177906 0.14239642
vn 0.298085839 -0.941855133 -0.155092672
vn 0.293893009 -0.941577435 -0.164496094
vn 0.820776105 -0.467986256 -0.327590406
vn 0.823784351 -0.465891093 -0.322993845
vn 0.578810692 0.80981493 0.095801793
vn 0.0751994699 0.994492888 -0.0729994401
vn -0.0736975744 0.98956728 -0.123795867
vn 0.760396659 0.630097151 0.157399312
vn 0.697607815 0.703607798 0.135201529
vn 0.0305002853 0.995609105 -0.0885007679
vn 0.707206964 0.700306833 0.0971009806
vn 0.0507978275 0.987757683 -0.147493616
vn 0.727729917 0.685828149 -0.00700025726
vn 0.150798157 0.88628912 -0.437894523
vn 0.971847355 -1.02989031e-08 0.235611439
vn 0.984727204 -7.61036123e-09 0.174104795
vn 0.988777459 6.53033183e-09 -0.149396583
vn 0.325602382 4.13294181e-08 -0.945506871
vn 0.760396659 -0.630097151 0.157399252
vn 0.697607815 -0.703607798 0.135201469
vn 0.707207024 -0.700306892 0.0971009359
vn 0.727729917 -0.685828149 -0.00700031733
vn 0.150798157 -0.886289001 -0.437894613
vn -0.687234163 3.17535225e-08 -0.726436019
vn 0.578810692 -0.80981493 0.095801726
vn 0.0751994699 -0.994492888 -0.0729995221
vn 0.0305002853 -0.995609105 -0.0885008499
vn 0.0507978275 -0.987757683 -0.147493705
vn -0.569114447 -0.685817361 -0.453611523
vn -0.883198678 2.05006074e-08 -0.468999267
vn -0.569114447 0.68581742 -0.453611404
vn -0.0736975744 -0.98956728 -0.123795956
vn -0.563680947 -0.770173848 -0.298489898
vn -0.632998049 -0.703597665 -0.322898984
vn -0.617087185 -0.700285375 -0.35889256
vn -0.910872638 1.80391435e-08 -0.41268754
vn -0.617087185 0.700285435 -0.3588925
vn -0.7338413 -0.5784325 -0.356220067
vn -0.73384136 0.57843256 -0.356220037
vn -0.563680887 0.770173788 -0.298489809
vn -0.632998049 0.703597724 -0.322898924
vn -0.0751994699 0.994492888 -0.0729994401
vn -0.578810692 0.80981493 0.095801793
vn 0.0736975744 0.98956728 -0.123795867
vn -0.760396659 0.630097151 0.157399312
vn -0.971847355 -1.02989031e-08 0.235611439
vn -0.760396659 -0.630097151 0.157399252
vn -0.578810692 -0.80981493 0.095801726
vn -0.0751994699 -0.994492888 -0.0729995221
vn 0.0736975744 -0.98956728 -0.123795956
vn -0.697607815 0.703607798 0.135201529
vn -0.697607815 -0.703607798 0.135201469
vn -0.0305002853 -0.995609105 -0.0885008499
vn 0.632998049 -0.703597665 -0.322898984
vn 0.563680947 -0.770173848 -0.298489898
vn 0.7338413 -0.5784325 -0.356220067
vn -0.0305002853 0.995609105 -0.0885007679
vn -0.707206964 0.700306833 0.0971009806
vn -0.984727204 -7.61036123e-09 0.174104795
vn -0.707207024 -0.700306892 0.0971009359
vn -0.0507978275 -0.987757683 -0.147493705
vn 0.617087185 -0.700285375 -0.35889256
vn -0.0507978275 0.987757683 -0.147493616
vn -0.727729917 0.685828149 -0.00700025726
vn -0.988777459 6.53033183e-09 -0.149396583
vn -0.727729917 -0.685828149 -0.00700031733
vn -0.150798157 -0.886289001 -0.437894613
vn 0.569114447 -0.685817361 -0.453611523
vn -0.150798157 0.88628912 -0.437894523
vn -0.325602382 4.13294181e-08 -0.945506871
vn 0.687234163 3.17535225e-08 -0.726436019
vn 0.883198678 2.05006074e-08 -0.468999267
vn 0.910872638 1.80391435e-08 -0.41268754
vn 0.569114447 0.68581742 -0.453611404
vn 0.617087185 0.700285435 -0.3588925
vn 0.632998049 0.703597724 -0.322898924
vn 0.563680887 0.770173788 -0.298489809
vn 0.73384136 0.57843256 -0.356220037
vn -0.355109096 -0.0580015182 0.93302387
vn -0.225604147 -0.0198004041 0.974017799
vn -0.216187879 -0.00359984045 0.976345181
vn -0.471708745 -0.0755014196 0.878516138
vn -0.67081213 -0.136202499 0.729013085
vn -0.748414397 -0.154802993 0.644912422
vn -0.865499318 -0.233799785 0.442999601
vn -0.902005792 -0.258201659 0.346002162
vn -0.933290958 -0.305797011 0.188298136
vn -0.93606925 -0.311989725 0.162594616
vn -0.938485801 -0.335194916 0.0829987153
vn -0.432997674 3.94012254e-08 -0.901395142
vn -0.779324949 2.73904295e-08 -0.626620054
vn -0.996046543 0.00649965415 -0.0885952339
vn -0.985916317 0.0035000653 -0.167202756
vn -0.332708269 0.0035001277 -0.943023324
vn 0.183405161 -0.00440008054 -0.983027577
vn 0.185701206 4.29510827e-08 -0.982606351
vn 0.100000665 -0.954806209 0.279901803
vn 0.0845013484 -0.954315186 0.286604494
vn 0.119697332 -0.957178593 0.263594061
vn 0.0548975356 -0.95185709 0.30158636
vn 0 -0.952482224 0.304594249
vn 0 -0.951065719 0.30898881
vn -0.0548975356 -0.95185709 0.30158636
vn -0.0845013484 -0.954315186 0.286604494
vn -0.100000665 -0.954806209 0.279901803
vn -0.119697332 -0.957178593 0.263594061
vn -0.0635997802 -0.617497802 -0.783997178
vn -0.0545005538 -0.46750468 -0.88230896
vn -0.0990041122 -0.524821699 -0.845435023
vn 0.00110003271 -0.627118587 -0.778923154
vn 0.0896026641 -0.390511602 -0.916227162
vn 0.150402188 -0.561908126 -0.813411713
vn 0.338989884 -0.353689402 -0.871773899
vn 0.358899504 -0.536899149 -0.763498902
vn 0.496786028 -0.352690011 -0.792977571
vn 0.427078962 -0.59477061 -0.681066453
vn 0.0130003411 -0.858222425 -0.513113499
vn 0.0681991503 -0.829589546 -0.554193139
vn 0.164994195 -0.765372992 -0.622078121
vn 0.301194459 -0.762285888 -0.572889447
vn 0.344402164 -0.764504731 -0.544903398
vn 0.258106649 -0.873622417 -0.412510633
vn 0.0720035061 -0.936345577 -0.343616784
vn 0.158297434 -0.901185334 -0.403493464
vn 0.15850693 -0.974042535 -0.161607087
vn 0.193406895 -0.963034272 -0.187506706
vn 0.146696851 -0.989178658 -0.00239999173
vn 0.174005479 -0.980530858 -0.0910029039
vn 0.145295218 -0.988567352 -0.0402987115
vn 0.164601728 -0.983610272 -0.0736008137
vn 0.101798475 -0.98298502 -0.152897716
vn 0.104099847 -0.98359853 0.147299737
vn 0.117502034 -0.967316628 0.224703833
vn 0.138698176 -0.987186909 0.0788989142
vn 0.0842024311 -0.91042614 0.405011624
vn 0.622381389 -0.0382988825 0.781776547
vn 0.649990559 -0.0399994515 0.75888896
vn 0.600575447 -0.0282988753 0.799067199
vn 0.457311541 -0.0181004927 0.889122307
vn 0.328887939 -0.0139995283 0.944265306
vn 0.0736991167 -0.0195998065 0.997087955
vn -0.0684970394 -0.0196991917 0.997456849
vn -0.44041115 -0.0115003288 0.897722661
vn -0.395509779 -0.00850024913 0.91842252
vn -0.591480017 -0.0346988589 0.805572689
vn -0.591420829 -0.00750029786 0.806328297
vn -0.553974628 0.0459978506 0.831261933
vn 0.297415078 4.17333688e-08 -0.954748273
vn 0.278509706 4.19818811e-08 -0.960433483
vn 0.316197783 4.14687022e-08 -0.948693395
vn 0.392108172 4.02109386e-08 -0.919919133
vn 0.448013544 3.90791506e-08 -0.894026875
vn 0.542222619 3.67278297e-08 -0.840234935
vn 0.581408501 3.55640992e-08 -0.813611925
vn 0.640695751 3.35613741e-08 -0.767794847
vn 0.673598111 3.23069855e-08 -0.739097834
vn 0.679434061 3.20726414e-08 -0.733736634
vn 0.696731329 3.1355583e-08 -0.717332244
vn -0.858411431 0.35950473 -0.365904778
vn -0.884919941 0.464710444 -0.0310006738
vn -0.967298687 0.220699683 0.124999836
vn -0.478001803 0.841103077 -0.253100902
vn -0.564269304 0.793256819 0.228787571
vn -0.344108313 0.92272222 0.173704237
vn -0.451806307 0.798811018 0.397205532
vn -0.154004186 0.943625569 0.29300797
vn -0.373001635 0.482502043 0.792503476
vn -0.430100739 0.524200916 -0.735001206
vn -0.0258002076 0.822206497 -0.56860441
vn 0.343285948 0.909462631 -0.234590352
vn 0.409297258 0.910593808 0.0573996492
vn 0.269697428 0.865991712 0.421095997
vn 0.0476009361 0.642012537 0.765215039
vn -0.347402066 0.351102024 0.869505107
vn -0.788379014 0.0790978596 0.610083699
vn -0.26449281 0.709780693 -0.652882099
vn 0.315184623 0.848658562 -0.424779207
vn 0.382408679 0.885920048 -0.262505859
vn 0.621014595 0.774418116 0.120902859
vn -0.613205552 0.0630006045 -0.787407041
vn -0.508911252 3.76275935e-08 -0.860819042
vn -0.184793845 0.871270955 -0.454684764
vn 0.0854996294 0.990895569 0.103999592
vn 0.108903065 0.992227852 -0.0602016449
vn 0.353182703 0.913555264 0.201690182
vn 0.368305773 0.762511909 0.531908333
vn 0.592721701 0.79242897 0.144005284
vn 0.0588026755 0.997645259 -0.0353015624
vn 0.0989962667 0.994962394 -0.0157993585
vn 0.0652001798 0.997702599 0.0184000935
vn 0.00489977375 0.966455281 0.256788135
vn 0.0924995542 0.906295598 0.41239804
vn 0.10350313 0.864525974 0.491814911
vn 0.0149001777 0.955811203 0.29360351
vn 0.040998444 0.996662021 0.0705973655
vn 0.00360004534 0.943411708 0.331604183
vn 0.18839626 0.892282188 0.410291851
vn 0.171497524 0.811588168 0.558491886
vn 0.0284005664 0.810816109 0.584611535
vn -0.0358012356 0.860129654 0.508817613
vn -0.201397702 0.870489955 0.449094862
vn -0.12599653 0.979672909 0.156095728
vn 0.387793481 0.725087762 0.569090486
vn -0.20229426 0.763278246 0.613582551
vn 0.420517117 0.589323878 0.689828038
vn 0.446090937 0.565388441 0.693785906
vn 0.30599761 0.566295505 0.765293956
vn 0.505518794 0.531819701 0.67942524
vn -0.265003979 0.883613288 0.386005878
vn 0.259308517 0.957631409 0.125304163
vn 0.739003181 0.648002744 0.18430081
vn -0.570787191 0.555587471 0.604586363
vn -0.428622544 0.766040206 0.479025185
vn 0.0497003272 0.951406121 0.303902
vn -0.608227909 0.550625205 0.571726203
vn -0.483710676 0.536111712 0.691815197
vn -0.0667969808 0.735366702 0.674369395
vn 0.25290674 0.682918131 0.685318172
vn -0.0248008575 0.532718301 0.845929146
vn -0.896499455 0.120299898 0.426399708
vn -0.941600204 0.159800008 0.29640004
vn -0.936476648 0.286792785 0.201894969
vn -0.919583023 0.332193792 0.209796116
vn -0.920375466 0.349090636 0.176195294
vn 0.447516024 0.51481837 0.731226087
vn 0.500311971 0.747117817 0.437610477
vn 0.723410606 0.459606647 0.515207589
vn 0.780379772 0.437988609 0.446288437
vn -0.446683437 0.887166977 0.115795732
vn -0.558095992 0.824693978 0.0916993767
vn -0.536193967 0.831790686 0.143598408
vn -0.371804625 0.926211357 0.0624008067
vn -0.456111848 0.889823079 -0.0133003052
vn -0.596795797 0.801594257 -0.0357997082
vn -0.568313777 0.805519402 -0.167803988
vn -0.375119656 0.920148194 -0.112305842
vn -0.340603381 0.914008915 -0.220402122
vn -0.482906431 0.789210498 -0.379405022
vn -0.249008253 0.967431903 0.0455015451
vn -0.224810347 0.97374469 0.0358016863
vn -0.179395631 0.983675957 -0.0140996128
vn -0.0977976695 0.99077636 -0.0937977135
vn 0.042199228 0.895383537 -0.443291783
vn -0.214394405 0.830078304 -0.514786422
vn -0.249891236 0.717874706 -0.649777114
vn 0.0813970193 0.722773552 -0.686274707
vn -0.11260163 0.993614197 -0.00720005948
vn -0.0758020505 0.99672693 -0.0281007141
vn -0.0189992785 0.996662021 -0.0793969333
vn 0.0901960433 0.935658932 -0.341184974
vn 0.233799413 0.68359822 -0.691398144
vn 0.0635997802 0.617497861 -0.783997118
vn 0.0545005575 0.467504799 -0.88230896
vn 0.0990041047 0.524821758 -0.845434964
vn -0.00110003271 0.627118587 -0.778923154
vn -0.0896026641 0.390511662 -0.916227162
vn -0.150402173 0.561908126 -0.813411593
vn -0.338989884 0.353689462 -0.871773958
vn -0.358899504 0.536899269 -0.763498902
vn -0.496786028 0.352690101 -0.792977571
vn -0.427078962 0.59477067 -0.681066394
vn -0.0130003393 0.858222365 -0.513113379
vn -0.0681991503 0.829589665 -0.55419302
vn -0.164994195 0.765372992 -0.622078061
vn -0.301194429 0.762285888 -0.572889268
vn -0.344402164 0.76450485 -0.544903398
vn -0.258106649 0.873622417 -0.412510544
vn -0.0720035136 0.936345696 -0.343616694
vn -0.158297449 0.901185453 -0.403493404
vn -0.15850693 0.974042535 -0.161606997
vn -0.193406925 0.963034391 -0.187506646
vn -0.146696851 0.989178658 -0.00239990535
vn -0.174005479 0.980530858 -0.0910028145
vn -0.145295218 0.988567352 -0.0402986258
vn -0.164601728 0.983610272 -0.0736007243
vn -0.101798475 0.98298502 -0.152897626
vn -0.104099855 0.98359853 0.147299841
vn -0.117502034 0.967316628 0.224703908
vn -0.138698176 0.987186909 0.0788989961
vn -0.0842024237 0.910426021 0.405011594
vn 0.892115414 -1.97491428e-08 0.451807767
vn 0.85022682 -2.30103971e-08 0.52641654
vn 0.801748574 -2.61246189e-08 0.597661614
vn 0.672812223 -3.23382636e-08 0.739813328
vn 0.589306831 -3.53148337e-08 0.807909429
vn 0.45611161 -3.88997456e-08 0.889922619
vn 0.410892695 -3.98509599e-08 0.911683738
vn 0.165598884 -4.31078782e-08 0.986193299
vn -0.0501022153 -4.36564882e-08 0.99874413
vn -0.31388694 -4.15022292e-08 0.949460387
vn -0.546179354 -3.66156385e-08 0.8376683
vn -0.78790158 -2.69175242e-08 0.615801215
vn -0.87766248 -2.09499689e-08 0.479279429
vn -0.891812146 -1.97752978e-08 0.452406079
vn -0.915056825 -1.76298922e-08 0.403324991
vn -0.919795513 -1.71522601e-08 0.392398059
vn -0.933332741 -1.56929332e-08 0.359012544
vn -0.425400645 0.246100381 -0.870901167
vn -0.424593389 0.255495995 -0.868586361
vn -0.301697701 0.523696005 -0.796693802
vn -0.423407227 0.266304553 -0.865914643
vn 0.0632991716 0.927987695 -0.3671951
vn 0.286283404 0.958144367 0.00109997799
vn 0.302306831 0.95202142 0.0476011112
vn 0.424593389 0.255495995 -0.868586361
vn 0.425400645 0.246100381 -0.870901167
vn 0.301697701 0.523696005 -0.796693802
vn 0.423407227 0.266304553 -0.865914643
vn -0.0632991716 0.927987695 -0.3671951
vn -0.286283404 0.958144367 0.00109997799
vn -0.302306831 0.95202142 0.0476011112
vn 0.559318364 -0.769325137 0.308710068
vn 0.56099838 -0.780097663 0.276999146
vn 0.569387734 -0.782783091 0.25109452
vn 0.552211761 -0.802316964 0.226604775
vn 0.614779413 -0.759674609 0.21199286
vn 0.537219942 -0.824530602 0.177606553
vn 0.659606516 -0.725007117 0.19820191
vn 0.496697575 -0.856095791 0.142799243
vn 0.330889761 -0.941970646 0.0565981977
vn 0.32120356 -0.945710361 0.0496005043
vn 0.261907816 -0.964428604 -0.0358011052
vn 0.27930066 -0.960202217 -0.00170004589
vn 0.412798345 -0.901396275 0.130699426
vn 0.313786685 -0.94615972 0.0794965774
vn 0.261489809 -0.963062286 0.0642974451
vn -0.56099838 -0.780097663 0.276999146
vn -0.559318364 -0.769325137 0.308710068
vn -0.569387734 -0.782783091 0.25109452
vn -0.552211761 -0.802316964 0.226604775
vn -0.614779413 -0.759674609 0.21199286
vn -0.537219942 -0.824530602 0.177606553
vn -0.412798345 -0.901396275 0.130699426
vn -0.330889761 -0.941970646 0.0565981977
vn -0.313786685 -0.94615972 0.0794965774
vn -0.261489809 -0.963062286 0.0642974451
vn -0.27930066 -0.960202217 -0.00170004589
vn -0.261907816 -0.964428604 -0.0358011052
vn -0.659606516 -0.725007117 0.19820191
vn -0.496697575 -0.856095791 0.142799243
vn -0.32120356 -0.945710361 0.0496005043
vn -0.00309992768 -0.98917675 0.146696508
vn -0.0584977791 -0.968263149 0.242990732
vn -0.0495996699 -0.984793365 0.166498825
vn 0.0492986999 -0.969174385 0.241393566
vn 0.0539019629 -0.914133251 0.40181461
vn -0.0802999064 -0.947698772 0.308899552
vn 0.144005358 -0.908833802 0.39151454
vn 0.171497524 -0.811588287 0.558491826
vn 0.10350313 -0.864526093 0.491814792
vn 0.0284005664 -0.810816109 0.584611535
vn -0.024200758 -0.942329526 -0.333810449
vn 0.0634990036 -0.996584237 0.0527991168
vn -0.000999946846 -0.942649722 0.333782166
vn 0.347122133 -0.82355243 -0.448628604
vn 0.402517557 -0.884438515 -0.2361103
vn 0.256911308 -0.917140305 0.304713309
vn -0.154599875 -0.95949924 0.235499769
vn -0.201397732 -0.870490074 0.449094832
vn -0.0358012356 -0.860129654 0.508817554
vn -0.20229423 -0.763278186 0.613582492
vn -0.0143999411 -0.770896733 -0.636797369
vn 0.426817507 -0.861635327 -0.274611294
vn 0.671778619 -0.74017632 -0.029199101
vn 0.665584981 -0.696584225 0.267893881
vn 0.32340014 -0.77510035 0.542800128
vn 0.320895225 -0.748988807 0.579691291
vn -0.313506067 -0.592811465 -0.741814375
vn -0.501416147 -0.826926529 -0.254508197
vn -0.379302174 -0.904405057 0.195401058
vn -0.174399048 -0.932694793 0.315698206
vn 0.476825297 -0.876546502 0.065603435
vn 0.84189254 -0.522795379 0.133798793
vn 0.752074242 -0.659077346 -0.0011999876
vn -0.868469417 -0.352487534 -0.348587722
vn -0.57127434 -0.797964036 -0.192091376
vn -0.392694324 -0.909986854 0.133098036
vn -0.228393912 -0.947874546 0.222194016
vn -0.249593943 -0.847479403 0.468488544
vn -0.169198737 -0.562795818 0.809093833
vn 0.269697428 -0.865991652 0.421095878
vn -0.576766729 -0.663561702 -0.476472467
vn -0.0367991589 -0.903979063 -0.425990224
vn 0.0977976769 -0.99077636 -0.0937978104
vn 0.179395631 -0.983675957 -0.0140996994
vn -0.33699885 -0.801497221 0.4939982
vn -0.410876513 -0.272384435 0.870050251
vn 0.447516024 -0.51481843 0.731226027
vn -0.074700661 -0.756506681 -0.649705768
vn 0.199905753 -0.854124486 -0.480113804
vn 0.317994267 -0.924883246 -0.208496258
vn 0.35537985 -0.92864722 -0.106394008
vn 0.426788628 -0.904275715 -0.0116997268
vn 0.231302693 -0.763308764 -0.603207052
vn 0.444405943 -0.824110925 -0.351204693
vn 0.524211526 -0.837418258 -0.154703394
vn 0.551277161 -0.83366549 -0.0330986641
vn 0.510188401 -0.855980396 0.0836980492
vn 0.350002885 -0.934907615 0.0587004349
vn -0.650980353 -0.706478596 0.277691573
vn -0.897894561 -0.124299265 0.422297418
vn -0.162895218 -0.964771569 0.206593871
vn -0.926657915 -0.317519784 0.20121254
vn -0.306604087 -0.924812198 0.225202933
vn 0.395101905 -0.6044029 0.691803217
vn 0.41980654 -0.5777089 0.700010717
vn 0.232705563 -0.551413178 0.80111903
vn 0.453882992 -0.544979572 0.7049734
vn -0.29369694 -0.872990847 0.389395863
vn -0.591010928 -0.55561018 0.584810674
vn -0.428622544 -0.766040206 0.479025126
vn -0.608227909 -0.550625205 0.571726143
vn -0.483710676 -0.536111712 0.691815138
vn 0.28940469 -0.922614753 0.255004078
vn -0.0667969808 -0.735366702 0.674369335
vn -0.0248008575 -0.53271836 0.845929146
vn 0.897167027 -0.367386431 0.245190933
vn 0.998369038 -0.0467985459 -0.0326989815
vn 0.987501919 0.0810001567 -0.135200232
vn 0.987489343 0.0827990919 -0.134198532
vn 0.98780489 0.0816004053 -0.132600635
vn 0.723881721 -0.440388858 0.531086504
vn 0.50031203 -0.747117877 0.437610447
vn 0.0584977791 -0.968263149 0.242990732
vn 0.00309992768 -0.98917675 0.146696508
vn 0.0495996699 -0.984793365 0.166498825
vn -0.0492986999 -0.969174385 0.241393566
vn 0.024200758 -0.942329526 -0.333810449
vn -0.0634990036 -0.996584237 0.0527991168
vn -0.347122133 -0.82355243 -0.448628604
vn 0.0143999411 -0.770896733 -0.636797369
vn 0.313506067 -0.592811465 -0.741814375
vn -0.0539019629 -0.914133251 0.40181461
vn -0.10350313 -0.864526093 0.491814792
vn 0.000999946846 -0.942649722 0.333782166
vn 0.154599875 -0.95949924 0.235499769
vn -0.256911308 -0.917140305 0.304713309
vn -0.402517557 -0.884438515 -0.2361103
vn 0.0802999064 -0.947698772 0.308899552
vn -0.144005358 -0.908833802 0.39151454
vn -0.171497524 -0.811588287 0.558491826
vn -0.0284005664 -0.810816109 0.584611535
vn 0.0358012356 -0.860129654 0.508817554
vn 0.201397732 -0.870490074 0.449094832
vn -0.320895225 -0.748988807 0.579691291
vn -0.32340014 -0.77510035 0.542800128
vn -0.665584981 -0.696584225 0.267893881
vn -0.671778619 -0.74017632 -0.029199101
vn 0.20229423 -0.763278186 0.613582492
vn -0.395101905 -0.6044029 0.691803217
vn -0.453882992 -0.544979572 0.7049734
vn 0.29369694 -0.872990847 0.389395863
vn -0.752074242 -0.659077346 -0.0011999876
vn -0.84189254 -0.522795379 0.133798793
vn -0.476825297 -0.876546502 0.065603435
vn -0.41980654 -0.5777089 0.700010717
vn -0.232705563 -0.551413178 0.80111903
vn 0.591010928 -0.55561018 0.584810674
vn 0.428622544 -0.766040206 0.479025126
vn -0.28940469 -0.922614753 0.255004078
vn -0.897167027 -0.367386431 0.245190933
vn -0.998369038 -0.0467985459 -0.0326989815
vn -0.723881721 -0.440388858 0.531086504
vn -0.50031203 -0.747117877 0.437610447
vn 0.608227909 -0.550625205 0.571726143
vn 0.483710676 -0.536111712 0.691815138
vn 0.0667969808 -0.735366702 0.674369335
vn 0.0248008575 -0.53271836 0.845929146
vn -0.447516024 -0.51481843 0.731226027
vn -0.269697428 -0.865991652 0.421095878
vn 0.174399048 -0.932694793 0.315698206
vn -0.426817507 -0.861635327 -0.274611294
vn -0.0343015268 -0.628027916 0.777434468
vn 0.258400738 -0.744902074 0.615101695
vn 0.228393912 -0.947874546 0.222194016
vn 0.379302174 -0.904405057 0.195401058
vn 0.501416147 -0.826926529 -0.254508197
vn 0.362097859 -0.33929801 0.868194759
vn 0.301900387 -0.862801075 0.405500472
vn -0.179395631 -0.983675957 -0.0140996994
vn -0.0977976769 -0.99077636 -0.0937978104
vn 0.392694324 -0.909986854 0.133098036
vn 0.897894561 -0.124299265 0.422297418
vn 0.650980353 -0.706478596 0.277691573
vn -0.350002885 -0.934907615 0.0587004349
vn -0.426788628 -0.904275715 -0.0116997268
vn -0.35537985 -0.92864722 -0.106394008
vn 0.926657915 -0.317519784 0.20121254
vn 0.162895218 -0.964771569 0.206593871
vn -0.510188401 -0.855980396 0.0836980492
vn -0.551277161 -0.83366549 -0.0330986641
vn -0.524211526 -0.837418258 -0.154703394
vn -0.317994267 -0.924883246 -0.208496258
vn 0.306604087 -0.924812198 0.225202933
vn -0.444405943 -0.824110925 -0.351204693
vn -0.199905753 -0.854124486 -0.480113804
vn 0.0367991589 -0.903979063 -0.425990224
vn 0.57127434 -0.797964036 -0.192091376
vn -0.231302693 -0.763308764 -0.603207052
vn 0.074700661 -0.756506681 -0.649705768
vn 0.576766729 -0.663561702 -0.476472467
vn 0.868469417 -0.352487534 -0.348587722
vn -0.987501919 0.0810001567 -0.135200232
vn -0.987489343 0.0827990919 -0.134198532
vn -0.98780489 0.0816004053 -0.132600635
vn -0.131502137 4.3331795e-08 -0.991315961
vn -0.123997822 4.33740404e-08 -0.99228251
vn -0.129595697 4.33427658e-08 -0.991566956
vn 0.131502137 4.3331795e-08 -0.991315961
vn 0.129595697 4.33427658e-08 -0.991566956
vn 0.123997822 4.33740404e-08 -0.99228251
vn 0.683327436 -0.0110004088 -0.730029285
vn 0.743472517 -0.0303988457 -0.668075264
vn 0.642696857 -0.0254998393 -0.765696228
vn 0.478101075 -0.0266000181 -0.877901912
vn 0.34920916 -0.0392009839 -0.936224461
vn 0 -0.0317997746 -0.999494255
vn 0 -0.0300014503 -0.999549866
vn -0.34920916 -0.0392009839 -0.936224461
vn -0.478101075 -0.0266000181 -0.877901912
vn -0.642696857 -0.0254998393 -0.765696228
vn -0.683327436 -0.0110004088 -0.730029285
vn -0.743472517 -0.0303988457 -0.668075264
vn 0.743475676 -0.177494153 -0.644778848
vn 0.68331641 -0.215105101 -0.697716653
vn 0.64269352 -0.212397814 -0.736092508
vn 0.478120804 -0.246010631 -0.843136609
vn 0.349199831 -0.252099812 -0.902499497
vn 0 -0.278601915 -0.960406661
vn 0 -0.280303329 -0.959911525
vn -0.349199831 -0.252099812 -0.902499497
vn -0.478120804 -0.246010631 -0.843136609
vn -0.64269352 -0.212397814 -0.736092508
vn -0.68331641 -0.215105101 -0.697716653
vn -0.743475676 -0.177494153 -0.644778848
vn 0.995609879 4.09142542e-09 -0.0936009064
vn 0.703618824 0.703618765 -0.0992026106
vn 0 0.995609879 -0.0936008766
vn 0.703618824 -0.703618765 -0.0992026776
vn 0.700301886 0.700301826 -0.138400331
vn 0 -0.995609879 -0.093600966
vn 0.700301886 -0.700301766 -0.138400391
vn 0.98775816 6.81868695e-09 -0.155993387
vn 0.68580544 0.68580538 -0.243601874
vn 0 0.98775816 -0.155993357
vn -0.703618824 -0.703618765 -0.0992026776
vn -0.700301886 -0.700301766 -0.138400391
vn 0 -0.98775816 -0.155993447
vn 0.68580544 -0.68580538 -0.243601918
vn 0.886304736 2.02428492e-08 -0.46310243
vn -0.995609879 4.09142542e-09 -0.0936009064
vn -0.98775816 6.81868695e-09 -0.155993387
vn -0.68580544 -0.68580538 -0.243601918
vn 0 -0.886304736 -0.46310249
vn -0.703618824 0.703618765 -0.0992026106
vn -0.700301886 0.700301826 -0.138400331
vn -0.68580544 0.68580538 -0.243601874
vn -0.886304736 2.02428492e-08 -0.46310243
vn 0 0.886304855 -0.46310246
vn -0.710496604 -0.703596592 0.0120999105
vn -0.0146000851 -0.995605588 -0.0925005674
vn 0.679419458 -0.703620076 -0.208105966
vn 0.968708336 1.08492593e-08 -0.248202145
vn -0.997994602 -2.76691536e-09 0.0632996485
vn 0.679419458 0.703620076 -0.208105937
vn -0.710496604 0.703596592 0.012099972
vn -0.713317394 -0.700317025 -0.0271006916
vn -0.0243992675 -0.987770259 -0.153995425
vn 0.6700055 -0.700305641 -0.246302038
vn -0.0146000832 0.995605588 -0.0925004706
vn -0.713317394 0.700317025 -0.027100632
vn -0.999999881 -2.18556891e-11 0.000499999907
vn -0.71548903 -0.685789466 -0.13329798
vn -0.0724005848 -0.886307061 -0.457403719
vn 0.639280677 -0.685779274 -0.347889513
vn -0.0243992694 0.987770379 -0.153995335
vn -0.71548903 0.685789466 -0.13329792
vn -0.947819829 1.39354794e-08 -0.318806618
vn -0.156399056 4.31734719e-08 -0.987693965
vn 0.802906632 2.60565685e-08 -0.596104801
vn 0.951192677 1.34892284e-08 -0.308597594
vn -0.0724005774 0.886307061 -0.45740357
vn 0.639280677 0.685779274 -0.347889453
vn 0.6700055 0.7003057 -0.246301964
vn -0.679419458 -0.703620076 -0.208105966
vn 0.0146000851 -0.995605588 -0.0925005674
vn 0.710496604 -0.703596592 0.0120999105
vn 0.997994602 -2.76691536e-09 0.0632996485
vn -0.968708336 1.08492593e-08 -0.248202145
vn 0.710496604 0.703596592 0.012099972
vn -0.679419458 0.703620076 -0.208105937
vn -0.6700055 -0.700305641 -0.246302038
vn 0.0243992675 -0.987770259 -0.153995425
vn 0.713317394 -0.700317025 -0.0271006916
vn 0.0146000832 0.995605588 -0.0925004706
vn -0.6700055 0.7003057 -0.246301964
vn -0.951192677 1.34892284e-08 -0.308597594
vn -0.639280677 -0.685779274 -0.347889513
vn 0.0724005848 -0.886307061 -0.457403719
vn 0.71548903 -0.685789466 -0.13329798
vn 0.0243992694 0.987770379 -0.153995335
vn -0.639280677 0.685779274 -0.347889453
vn -0.802906632 2.60565685e-08 -0.596104801
vn 0.156399056 4.31734719e-08 -0.987693965
vn 0.947819829 1.39354794e-08 -0.318806618
vn 0.999999881 -2.18556891e-11 0.000499999907
vn 0.0724005774 0.886307061 -0.45740357
vn 0.71548903 0.685789466 -0.13329792
vn 0.713317394 0.700317025 -0.027100632

# Mesh 'lp' with 1488 faces
g lp
usemtl DefaultMaterial
f  1/1/1 2/2/2 3/3/3
f  4/3/3 5/4/4 6/1/1
f  7/4/4 8/5/5 9/1/1
f  10/5/5 11/4/4 12/6/6
f  13/6/6 14/7/7 15/5/5
f  16/7/7 17/6/6 18/8/8
f  19/9/9 20/8/8 21/6/6
f  22/8/8 23/9/9 24/10/10
f  25/9/9 26/11/11 27/10/10
f  28/11/11 29/9/9 30/12/12
f  31/4/4 32/13/13 33/6/6
f  34/13/13 35/9/9 36/6/6
f  37/13/13 38/14/14 39/9/9
f  40/15/15 41/9/9 42/14/14
f  43/9/9 44/15/15 45/12/12
f  46/16/16 47/17/17 48/18/18
f  49/17/17 50/16/16 51/19/19
f  52/20/20 53/17/17 54/19/19
f  55/17/17 56/20/20 57/21/21
f  58/22/22 59/23/23 60/24/24
f  61/23/23 62/22/22 63/25/25
f  64/22/22 65/26/26 66/25/25
f  67/26/26 68/22/22 69/27/27
f  70/26/26 71/27/27 72/28/28
f  73/29/29 74/30/30 75/31/31
f  76/30/30 77/29/29 78/32/32
f  79/32/32 80/33/33 81/30/30
f  82/33/33 83/32/32 84/34/34
f  85/35/35 86/33/33 87/34/34
f  88/33/33 89/35/35 90/36/36
f  91/37/37 92/36/36 93/35/35
f  94/36/36 95/37/37 96/38/38
f  97/29/29 98/39/39 99/32/32
f  100/40/40 101/32/32 102/39/39
f  103/32/32 104/40/40 105/34/34
f  106/40/40 107/35/35 108/34/34
f  109/35/35 110/40/40 111/37/37
f  112/40/40 113/41/41 114/37/37
f  115/42/42 116/37/37 117/41/41
f  118/37/37 119/42/42 120/38/38
f  121/39/39 122/29/29 123/43/43
f  124/44/44 125/39/39 126/43/43
f  127/39/39 128/44/44 129/45/45
f  130/45/45 131/40/40 132/39/39
f  133/40/40 134/45/45 135/46/46
f  136/41/41 137/40/40 138/46/46
f  139/47/47 140/41/41 141/46/46
f  142/41/41 143/47/47 144/42/42
f  145/44/44 146/48/48 147/45/45
f  148/47/47 149/45/45 150/48/48
f  151/45/45 152/47/47 153/46/46
f  154/48/48 155/44/44 156/49/49
f  157/50/50 158/51/51 159/52/51
f  160/51/51 161/50/50 162/53/52
f  163/54/53 164/53/52 165/50/50
f  166/53/52 167/54/53 168/55/54
f  169/56/55 170/55/54 171/54/53
f  172/55/54 173/56/55 174/57/56
f  175/58/57 176/59/58 177/60/59
f  178/59/58 179/58/57 180/61/60
f  181/61/60 182/62/61 183/59/58
f  184/62/61 185/63/62 186/59/58
f  187/63/62 188/62/61 189/64/62
f  190/65/63 191/63/62 192/64/62
f  193/63/62 194/65/63 195/66/64
f  196/67/65 197/66/64 198/65/63
f  199/66/64 200/67/65 201/68/66
f  202/65/63 203/69/67 204/67/65
f  205/70/68 206/71/69 207/72/70
f  208/71/69 209/70/68 210/73/71
f  211/74/72 212/73/71 213/70/68
f  214/73/71 215/74/72 216/75/73
f  217/76/74 218/75/73 219/74/72
f  220/75/73 221/76/74 222/77/75
f  223/78/76 224/77/75 225/76/74
f  226/77/75 227/78/76 228/79/77
f  229/78/76 230/80/78 231/79/77
f  232/80/78 233/78/76 234/81/79
f  235/81/79 236/82/80 237/80/78
f  238/82/80 239/81/79 240/83/81
f  241/83/81 242/84/82 243/82/80
f  244/84/82 245/83/81 246/85/83
f  247/85/83 248/86/84 249/84/82
f  250/86/84 251/85/83 252/87/85
f  253/88/86 254/89/87 255/90/88
f  256/89/87 257/88/86 258/91/89
f  259/92/90 260/91/89 261/88/86
f  262/91/89 263/92/90 264/93/91
f  265/92/90 266/94/92 267/93/91
f  268/94/92 269/92/90 270/95/93
f  271/95/93 272/96/94 273/94/92
f  274/96/94 275/95/93 276/97/95
f  277/62/96 278/61/97 279/58/98
f  280/58/98 281/59/99 282/62/96
f  283/63/100 284/62/96 285/59/99
f  286/62/96 287/63/100 288/64/100
f  289/63/100 290/65/101 291/64/100
f  292/65/101 293/63/100 294/66/102
f  295/69/103 296/65/101 297/66/102
f  298/66/102 299/67/104 300/69/103
f  301/59/99 302/58/98 303/60/105
f  304/67/104 305/66/102 306/68/106
f  307/98/107 308/99/108 309/100/107
f  310/99/108 311/98/107 312/101/109
f  313/101/109 314/102/110 315/99/108
f  316/102/110 317/101/109 318/103/111
f  319/103/111 320/104/112 321/102/110
f  322/104/112 323/103/111 324/105/113
f  325/105/113 326/106/114 327/104/112
f  328/106/114 329/105/113 330/107/114
f  331/108/115 332/106/114 333/107/114
f  334/106/114 335/108/115 336/109/116
f  337/110/117 338/109/116 339/108/115
f  340/70/68 341/71/69 342/72/70
f  343/71/69 344/70/68 345/73/71
f  346/74/72 347/73/71 348/70/68
f  349/73/71 350/74/72 351/75/73
f  352/76/74 353/75/73 354/74/72
f  355/75/73 356/76/74 357/77/75
f  358/78/76 359/77/75 360/76/74
f  361/77/75 362/78/76 363/79/77
f  364/78/76 365/80/78 366/79/77
f  367/80/78 368/78/76 369/81/79
f  370/81/79 371/82/80 372/80/78
f  373/82/80 374/81/79 375/83/81
f  376/83/81 377/84/82 378/82/80
f  379/84/82 380/83/81 381/85/83
f  382/85/83 383/86/84 384/84/82
f  385/86/84 386/85/83 387/87/85
f  388/88/86 389/89/87 390/90/88
f  391/89/87 392/88/86 393/91/89
f  394/92/90 395/91/89 396/88/86
f  397/91/89 398/92/90 399/93/91
f  400/92/90 401/94/92 402/93/91
f  403/94/92 404/92/90 405/95/93
f  406/95/93 407/96/94 408/94/92
f  409/96/94 410/95/93 411/97/95
f  412/111/118 413/112/119 414/113/120
f  415/112/119 416/111/118 417/114/121
f  418/115/122 419/112/119 420/114/121
f  421/112/119 422/115/122 423/116/123
f  424/115/122 425/117/124 426/116/123
f  427/117/124 428/115/122 429/118/125
f  430/118/125 431/119/126 432/117/124
f  433/119/126 434/118/125 435/120/127
f  436/121/128 437/122/129 438/123/130
f  439/123/130 440/124/131 441/121/128
f  442/124/131 443/123/130 444/125/132
f  445/126/133 446/125/132 447/123/130
f  448/125/132 449/126/133 450/127/133
f  451/126/133 452/128/134 453/127/133
f  454/128/134 455/126/133 456/129/135
f  457/129/135 458/130/136 459/128/134
f  460/130/136 461/129/135 462/131/137
f  463/131/137 464/132/138 465/130/136
f  466/133/139 467/134/140 468/135/141
f  469/134/140 470/133/139 471/136/142
f  472/137/143 473/136/142 474/133/139
f  475/136/142 476/137/143 477/138/144
f  478/139/145 479/138/144 480/137/143
f  481/138/144 482/139/145 483/140/146
f  484/139/145 485/141/147 486/140/146
f  487/141/147 488/139/145 489/142/148
f  490/142/148 491/143/149 492/141/147
f  493/143/149 494/142/148 495/144/150
f  496/144/150 497/145/151 498/143/149
f  499/145/151 500/144/150 501/146/152
f  502/147/153 503/145/151 504/146/152
f  505/145/151 506/147/153 507/148/154
f  508/149/155 509/148/154 510/147/153
f  511/148/154 512/149/155 513/150/156
f  514/151/157 515/150/156 516/149/155
f  517/150/156 518/151/157 519/152/158
f  520/151/157 521/153/159 522/152/158
f  523/153/159 524/151/157 525/154/160
f  526/154/160 527/155/161 528/153/159
f  529/155/161 530/154/160 531/156/162
f  532/156/162 533/157/163 534/155/161
f  535/157/163 536/156/162 537/158/164
f  538/159/165 539/160/166 540/161/167
f  541/160/166 542/159/165 543/162/168
f  544/162/168 545/163/169 546/160/166
f  547/163/169 548/162/168 549/164/170
f  550/163/169 551/164/170 552/165/171
f  553/164/170 554/166/172 555/165/171
f  556/166/172 557/167/173 558/165/171
f  559/168/174 560/162/168 561/159/165
f  562/162/168 563/168/174 564/169/175
f  565/169/175 566/164/170 567/162/168
f  568/164/170 569/169/175 570/170/176
f  571/164/170 572/170/176 573/166/172
f  574/170/176 575/171/177 576/166/172
f  577/171/177 578/172/178 579/166/172
f  580/172/178 581/173/179 582/166/172
f  583/167/173 584/166/172 585/173/179
f  586/173/179 587/174/180 588/167/173
f  589/175/181 590/169/175 591/168/174
f  592/169/175 593/175/181 594/176/182
f  595/176/182 596/170/176 597/169/175
f  598/170/176 599/176/182 600/171/177
f  601/177/183 602/171/177 603/176/182
f  604/171/177 605/177/183 606/178/184
f  607/171/177 608/178/184 609/172/178
f  610/179/185 611/176/182 612/175/181
f  613/176/182 614/179/185 615/177/183
f  616/173/179 617/172/178 618/180/186
f  619/180/186 620/181/187 621/173/179
f  622/174/180 623/173/179 624/181/187
f  625/182/188 626/174/180 627/181/187
f  628/182/188 629/183/189 630/174/180
f  631/181/187 632/180/186 633/184/190
f  634/181/187 635/184/190 636/185/191
f  637/181/187 638/185/191 639/186/192
f  640/181/187 641/186/192 642/182/188
f  643/184/190 644/187/193 645/185/191
f  646/3/194 647/2/195 648/1/196
f  649/4/197 650/3/194 651/1/196
f  652/5/198 653/4/197 654/1/196
f  655/4/197 656/5/198 657/6/199
f  658/13/200 659/4/197 660/6/199
f  661/9/201 662/13/200 663/6/199
f  664/14/202 665/13/200 666/9/201
f  667/9/201 668/15/203 669/14/202
f  670/15/203 671/9/201 672/12/204
f  673/9/201 674/11/205 675/12/204
f  676/7/206 677/6/199 678/5/198
f  679/6/199 680/7/206 681/8/207
f  682/8/207 683/9/201 684/6/199
f  685/9/201 686/8/207 687/10/208
f  688/11/205 689/9/201 690/10/208
f  691/17/209 692/16/210 693/18/211
f  694/16/210 695/17/209 696/19/212
f  697/17/209 698/20/213 699/19/212
f  700/20/213 701/17/209 702/21/214
f  703/23/215 704/22/216 705/24/217
f  706/22/216 707/23/215 708/25/218
f  709/26/219 710/22/216 711/25/218
f  712/22/216 713/26/219 714/27/220
f  715/27/220 716/26/219 717/28/221
f  718/188/222 719/189/223 720/190/224
f  721/189/223 722/188/222 723/191/225
f  724/191/225 725/192/226 726/189/223
f  727/192/226 728/191/225 729/193/227
f  730/193/227 731/194/228 732/192/226
f  733/194/228 734/193/227 735/195/229
f  736/195/229 737/196/230 738/194/228
f  739/196/230 740/195/229 741/197/231
f  742/196/230 743/197/231 744/198/232
f  745/44/233 746/48/234 747/49/235
f  748/48/234 749/44/233 750/45/236
f  751/45/236 752/47/237 753/48/234
f  754/47/237 755/45/236 756/46/238
f  757/41/239 758/47/237 759/46/238
f  760/47/237 761/41/239 762/42/240
f  763/37/241 764/42/240 765/41/239
f  766/42/240 767/37/241 768/38/242
f  769/44/233 770/39/243 771/45/236
f  772/40/244 773/45/236 774/39/243
f  775/45/236 776/40/244 777/46/238
f  778/40/244 779/41/239 780/46/238
f  781/41/239 782/40/244 783/37/241
f  784/40/244 785/35/245 786/37/241
f  787/36/246 788/37/241 789/35/245
f  790/37/241 791/36/246 792/38/242
f  793/39/243 794/44/233 795/43/247
f  796/29/248 797/39/243 798/43/247
f  799/39/243 800/29/248 801/32/249
f  802/32/249 803/40/244 804/39/243
f  805/40/244 806/32/249 807/34/250
f  808/35/245 809/40/244 810/34/250
f  811/33/251 812/35/245 813/34/250
f  814/35/245 815/33/251 816/36/246
f  817/29/248 818/30/252 819/32/249
f  820/33/251 821/32/249 822/30/252
f  823/32/249 824/33/251 825/34/250
f  826/30/252 827/29/248 828/31/253
f  829/199/254 830/200/255 831/201/256
f  832/200/255 833/199/254 834/202/257
f  835/203/258 836/200/255 837/202/257
f  838/204/259 839/203/258 840/202/257
f  841/205/260 842/204/259 843/202/257
f  844/204/259 845/205/260 846/206/261
f  847/207/262 848/204/259 849/206/261
f  850/206/261 851/208/263 852/207/262
f  853/199/254 854/205/260 855/202/257
f  856/205/260 857/199/254 858/209/264
f  859/210/265 860/205/260 861/209/264
f  862/205/260 863/210/265 864/211/266
f  865/211/266 866/206/261 867/205/260
f  868/206/261 869/211/266 870/212/267
f  871/208/263 872/206/261 873/212/267
f  874/213/268 875/208/263 876/212/267
f  877/214/269 878/213/268 879/212/267
f  880/215/270 881/214/269 882/212/267
f  883/215/270 884/216/271 885/214/269
f  886/216/271 887/215/270 888/217/272
f  889/210/265 890/218/273 891/211/266
f  892/212/267 893/211/266 894/218/273
f  895/212/267 896/218/273 897/215/270
f  898/215/270 899/218/273 900/219/274
f  901/219/274 902/217/272 903/215/270
f  904/217/272 905/219/274 906/220/275
f  907/219/274 908/221/276 909/220/275
f  910/219/274 911/218/273 912/221/276
f  913/218/273 914/210/265 915/221/276
f  916/222/277 917/223/278 918/224/279
f  919/223/278 920/222/277 921/225/280
f  922/225/280 923/226/281 924/223/278
f  925/226/281 926/225/280 927/227/282
f  928/228/283 929/226/281 930/227/282
f  931/226/281 932/228/283 933/229/284
f  934/228/283 935/230/285 936/229/284
f  937/230/285 938/228/283 939/231/286
f  940/232/287 941/225/280 942/222/277
f  943/225/280 944/232/287 945/233/288
f  946/225/280 947/233/288 948/234/289
f  949/225/280 950/234/289 951/227/282
f  952/234/289 953/235/290 954/227/282
f  955/227/282 956/235/290 957/228/283
f  958/235/290 959/236/291 960/228/283
f  961/237/292 962/228/283 963/236/291
f  964/237/292 965/231/286 966/228/283
f  967/231/286 968/237/292 969/238/293
f  970/239/294 971/233/288 972/232/287
f  973/233/288 974/239/294 975/240/295
f  976/233/288 977/240/295 978/234/289
f  979/234/289 980/240/295 981/241/296
f  982/242/297 983/234/289 984/241/296
f  985/234/289 986/242/297 987/243/298
f  988/235/290 989/234/289 990/243/298
f  991/243/298 992/236/291 993/235/290
f  994/239/294 995/244/299 996/240/295
f  997/240/295 998/244/299 999/245/300
f  1000/245/300 1001/246/301 1002/240/295
f  1003/246/301 1004/241/296 1005/240/295
f  1006/241/296 1007/246/301 1008/247/302
f  1009/241/296 1010/247/302 1011/248/303
f  1012/248/303 1013/249/304 1014/241/296
f  1015/249/304 1016/242/297 1017/241/296
f  1018/250/305 1019/245/300 1020/244/299
f  1021/245/300 1022/250/305 1023/251/306
f  1024/252/307 1025/245/300 1026/251/306
f  1027/245/300 1028/252/307 1029/246/301
f  1030/252/307 1031/247/302 1032/246/301
f  1033/247/302 1034/252/307 1035/253/308
f  1036/253/308 1037/248/303 1038/247/302
f  1039/248/303 1040/253/308 1041/254/309
f  1042/250/305 1043/255/310 1044/251/306
f  1045/255/310 1046/250/305 1047/256/311
f  1048/256/311 1049/257/312 1050/255/310
f  1051/257/312 1052/256/311 1053/258/313
f  1054/257/312 1055/258/313 1056/259/314
f  1057/249/304 1058/248/303 1059/260/315
f  1060/261/316 1061/249/304 1062/260/315
f  1063/261/316 1064/242/297 1065/249/304
f  1066/242/297 1067/261/316 1068/262/317
f  1069/262/317 1070/243/298 1071/242/297
f  1072/243/298 1073/262/317 1074/236/291
f  1075/260/315 1076/263/318 1077/261/316
f  1078/263/318 1079/264/319 1080/261/316
f  1081/265/320 1082/261/316 1083/264/319
f  1084/261/316 1085/265/320 1086/262/317
f  1087/266/321 1088/262/317 1089/265/320
f  1090/262/317 1091/266/321 1092/236/291
f  1093/266/321 1094/267/322 1095/236/291
f  1096/236/291 1097/267/322 1098/237/292
f  1099/268/323 1100/263/318 1101/260/315
f  1102/263/318 1103/268/323 1104/269/324
f  1105/269/324 1106/270/325 1107/263/318
f  1108/270/325 1109/271/326 1110/263/318
f  1111/263/318 1112/271/326 1113/264/319
f  1114/271/326 1115/272/327 1116/264/319
f  1117/264/319 1118/272/327 1119/265/320
f  1120/273/328 1121/265/320 1122/272/327
f  1123/273/328 1124/266/321 1125/265/320
f  1126/273/328 1127/267/322 1128/266/321
f  1129/268/323 1130/274/329 1131/269/324
f  1132/275/330 1133/269/324 1134/274/329
f  1135/269/324 1136/275/330 1137/276/331
f  1138/270/325 1139/269/324 1140/276/331
f  1141/274/329 1142/268/323 1143/277/332
f  1144/278/333 1145/274/329 1146/277/332
f  1147/274/329 1148/278/333 1149/275/330
f  1150/279/334 1151/272/327 1152/271/326
f  1153/280/335 1154/272/327 1155/279/334
f  1156/272/327 1157/280/335 1158/273/328
f  1159/280/335 1160/281/336 1161/273/328
f  1162/267/322 1163/273/328 1164/281/336
f  1165/267/322 1166/281/336 1167/282/337
f  1168/237/292 1169/267/322 1170/282/337
f  1171/281/336 1172/280/335 1173/283/338
f  1174/283/338 1175/282/337 1176/281/336
f  1177/282/337 1178/283/338 1179/284/339
f  1180/284/339 1181/285/340 1182/282/337
f  1183/285/340 1184/237/292 1185/282/337
f  1186/285/340 1187/286/341 1188/237/292
f  1189/286/341 1190/287/342 1191/237/292
f  1192/288/343 1193/237/292 1194/287/342
f  1195/288/343 1196/238/293 1197/237/292
f  1198/288/343 1199/289/344 1200/238/293
f  1201/285/340 1202/284/339 1203/290/345
f  1204/290/345 1205/291/346 1206/285/340
f  1207/285/340 1208/291/346 1209/286/341
f  1210/86/84 1211/85/83 1212/87/85
f  1213/85/83 1214/86/84 1215/84/82
f  1216/84/82 1217/83/81 1218/85/83
f  1219/83/81 1220/84/82 1221/82/80
f  1222/82/80 1223/81/79 1224/83/81
f  1225/81/79 1226/82/80 1227/80/78
f  1228/80/78 1229/78/76 1230/81/79
f  1231/78/76 1232/80/78 1233/79/77
f  1234/77/75 1235/78/76 1236/79/77
f  1237/78/76 1238/77/75 1239/76/74
f  1240/75/73 1241/76/74 1242/77/75
f  1243/76/74 1244/75/73 1245/74/72
f  1246/73/71 1247/74/72 1248/75/73
f  1249/74/72 1250/73/71 1251/70/68
f  1252/71/69 1253/70/68 1254/73/71
f  1255/70/68 1256/71/69 1257/72/70
f  1258/85/347 1259/86/348 1260/87/349
f  1261/86/348 1262/85/347 1263/84/350
f  1264/83/351 1265/84/350 1266/85/347
f  1267/84/350 1268/83/351 1269/82/352
f  1270/81/353 1271/82/352 1272/83/351
f  1273/82/352 1274/81/353 1275/80/354
f  1276/78/355 1277/80/354 1278/81/353
f  1279/80/354 1280/78/355 1281/79/356
f  1282/78/355 1283/77/357 1284/79/356
f  1285/77/357 1286/78/355 1287/76/358
f  1288/76/358 1289/75/359 1290/77/357
f  1291/75/359 1292/76/358 1293/74/360
f  1294/74/360 1295/73/361 1296/75/359
f  1297/73/361 1298/74/360 1299/70/362
f  1300/70/362 1301/71/363 1302/73/361
f  1303/71/363 1304/70/362 1305/72/364
f  1306/159/365 1307/160/366 1308/161/367
f  1309/160/366 1310/159/365 1311/162/368
f  1312/162/368 1313/163/369 1314/160/366
f  1315/163/369 1316/162/368 1317/164/370
f  1318/163/369 1319/164/370 1320/165/371
f  1321/164/370 1322/166/372 1323/165/371
f  1324/166/372 1325/167/373 1326/165/371
f  1327/168/374 1328/162/368 1329/159/365
f  1330/162/368 1331/168/374 1332/169/375
f  1333/169/375 1334/164/370 1335/162/368
f  1336/164/370 1337/169/375 1338/170/376
f  1339/164/370 1340/170/376 1341/166/372
f  1342/170/376 1343/171/377 1344/166/372
f  1345/171/377 1346/172/378 1347/166/372
f  1348/172/378 1349/173/379 1350/166/372
f  1351/167/373 1352/166/372 1353/173/379
f  1354/173/379 1355/174/380 1356/167/373
f  1357/175/381 1358/169/375 1359/168/374
f  1360/169/375 1361/175/381 1362/176/382
f  1363/176/382 1364/170/376 1365/169/375
f  1366/170/376 1367/176/382 1368/171/377
f  1369/177/383 1370/171/377 1371/176/382
f  1372/171/377 1373/177/383 1374/178/384
f  1375/171/377 1376/178/384 1377/172/378
f  1378/179/385 1379/176/382 1380/175/381
f  1381/176/382 1382/179/385 1383/177/383
f  1384/173/379 1385/172/378 1386/180/386
f  1387/180/386 1388/181/387 1389/173/379
f  1390/174/380 1391/173/379 1392/181/387
f  1393/182/388 1394/174/380 1395/181/387
f  1396/182/388 1397/183/389 1398/174/380
f  1399/181/387 1400/180/386 1401/184/390
f  1402/181/387 1403/184/390 1404/185/391
f  1405/181/387 1406/185/391 1407/186/392
f  1408/181/387 1409/186/392 1410/182/388
f  1411/184/390 1412/187/393 1413/185/391
f  1414/292/394 1415/293/395 1416/294/395
f  1417/293/395 1418/292/394 1419/295/396
f  1420/296/397 1421/295/396 1422/292/394
f  1423/295/396 1424/296/397 1425/297/398
f  1426/298/399 1427/297/398 1428/296/397
f  1429/297/398 1430/298/399 1431/299/400
f  1432/300/401 1433/299/400 1434/298/399
f  1435/299/400 1436/300/401 1437/301/402
f  1438/302/403 1439/301/402 1440/300/401
f  1441/301/402 1442/302/403 1443/303/403
f  1444/302/403 1445/304/404 1446/303/403
f  1447/304/404 1448/302/403 1449/305/404
f  1450/306/405 1451/304/404 1452/305/404
f  1453/304/404 1454/306/405 1455/307/405
f  1456/306/405 1457/308/406 1458/307/405
f  1459/308/406 1460/306/405 1461/309/406
f  1462/310/407 1463/308/406 1464/309/406
f  1465/308/406 1466/310/407 1467/311/408
f  1468/312/409 1469/311/408 1470/310/407
f  1471/118/410 1472/119/411 1473/120/412
f  1474/119/411 1475/118/410 1476/117/413
f  1477/115/414 1478/117/413 1479/118/410
f  1480/117/413 1481/115/414 1482/116/415
f  1483/115/414 1484/112/416 1485/116/415
f  1486/112/416 1487/115/414 1488/114/417
f  1489/111/418 1490/112/416 1491/114/417
f  1492/112/416 1493/111/418 1494/113/419
f  1495/313/420 1496/314/421 1497/315/422
f  1498/314/421 1499/313/420 1500/316/423
f  1501/317/424 1502/314/421 1503/316/423
f  1504/314/421 1505/317/424 1506/318/425
f  1507/319/426 1508/318/425 1509/317/424
f  1510/318/425 1511/319/426 1512/320/427
f  1513/321/428 1514/320/427 1515/319/426
f  1516/320/427 1517/321/428 1518/322/429
f  1519/323/430 1520/316/423 1521/313/420
f  1522/316/423 1523/323/430 1524/324/430
f  1525/324/430 1526/317/424 1527/316/423
f  1528/317/424 1529/324/430 1530/325/430
f  1531/325/430 1532/319/426 1533/317/424
f  1534/319/426 1535/325/430 1536/326/431
f  1537/326/431 1538/321/428 1539/319/426
f  1540/321/428 1541/326/431 1542/327/432
f  1543/327/432 1544/322/429 1545/321/428
f  1546/322/429 1547/327/432 1548/328/433
f  1549/323/430 1550/329/434 1551/324/430
f  1552/330/435 1553/324/430 1554/329/434
f  1555/324/430 1556/330/435 1557/325/430
f  1558/331/436 1559/325/430 1560/330/435
f  1561/325/430 1562/331/436 1563/326/431
f  1564/332/437 1565/326/431 1566/331/436
f  1567/326/431 1568/332/437 1569/327/432
f  1570/333/438 1571/327/432 1572/332/437
f  1573/327/432 1574/333/438 1575/328/433
f  1576/333/438 1577/334/439 1578/328/433
f  1579/334/439 1580/335/429 1581/328/433
f  1582/329/434 1583/323/430 1584/336/440
f  1585/336/440 1586/337/441 1587/329/434
f  1588/337/441 1589/330/435 1590/329/434
f  1591/330/435 1592/337/441 1593/338/442
f  1594/338/442 1595/331/436 1596/330/435
f  1597/331/436 1598/338/442 1599/339/443
f  1600/339/443 1601/332/437 1602/331/436
f  1603/332/437 1604/339/443 1605/333/438
f  1606/339/443 1607/340/444 1608/333/438
f  1609/334/439 1610/333/438 1611/340/444
f  1612/340/444 1613/341/445 1614/334/439
f  1615/341/445 1616/342/446 1617/334/439
f  1618/335/429 1619/334/439 1620/342/446
f  1621/342/446 1622/343/427 1623/335/429
f  1624/337/441 1625/336/440 1626/344/447
f  1627/344/447 1628/345/448 1629/337/441
f  1630/346/449 1631/337/441 1632/345/448
f  1633/337/441 1634/346/449 1635/338/442
f  1636/347/450 1637/338/442 1638/346/449
f  1639/338/442 1640/347/450 1641/339/443
f  1642/340/444 1643/339/443 1644/347/450
f  1645/341/445 1646/340/444 1647/347/450
f  1648/347/450 1649/348/451 1650/341/445
f  1651/348/451 1652/349/452 1653/341/445
f  1654/342/446 1655/341/445 1656/349/452
f  1657/343/427 1658/342/446 1659/349/452
f  1660/349/452 1661/350/425 1662/343/427
f  1663/345/448 1664/344/447 1665/351/453
f  1666/351/453 1667/352/451 1668/345/448
f  1669/352/451 1670/346/449 1671/345/448
f  1672/346/449 1673/352/451 1674/348/451
f  1675/348/451 1676/347/450 1677/346/449
f  1678/352/451 1679/351/453 1680/353/451
f  1681/354/454 1682/352/451 1683/353/451
f  1684/352/451 1685/354/454 1686/355/455
f  1687/356/456 1688/352/451 1689/355/455
f  1690/352/451 1691/356/456 1692/348/451
f  1693/349/452 1694/348/451 1695/356/456
f  1696/350/425 1697/349/452 1698/356/456
f  1699/356/456 1700/357/421 1701/350/425
f  1702/357/421 1703/356/456 1704/355/455
f  1705/355/455 1706/358/422 1707/357/421
f  1708/358/422 1709/355/455 1710/354/454
f  1711/314/457 1712/313/458 1713/315/459
f  1714/313/458 1715/314/457 1716/316/460
f  1717/316/460 1718/323/461 1719/313/458
f  1720/323/461 1721/316/460 1722/324/461
f  1723/329/462 1724/323/461 1725/324/461
f  1726/323/461 1727/329/462 1728/336/463
f  1729/337/464 1730/336/463 1731/329/462
f  1732/336/463 1733/337/464 1734/344/465
f  1735/314/457 1736/317/466 1737/316/460
f  1738/317/466 1739/324/461 1740/316/460
f  1741/324/461 1742/317/466 1743/325/461
f  1744/330/467 1745/324/461 1746/325/461
f  1747/324/461 1748/330/467 1749/329/462
f  1750/330/467 1751/337/464 1752/329/462
f  1753/337/464 1754/330/467 1755/338/468
f  1756/346/469 1757/337/464 1758/338/468
f  1759/337/464 1760/346/469 1761/345/470
f  1762/345/470 1763/344/465 1764/337/464
f  1765/344/465 1766/345/470 1767/351/471
f  1768/317/466 1769/314/457 1770/318/472
f  1771/318/472 1772/319/473 1773/317/466
f  1774/319/473 1775/325/461 1776/317/466
f  1777/325/461 1778/319/473 1779/326/474
f  1780/331/475 1781/325/461 1782/326/474
f  1783/325/461 1784/331/475 1785/330/467
f  1786/331/475 1787/338/468 1788/330/467
f  1789/338/468 1790/331/475 1791/339/476
f  1792/347/477 1793/338/468 1794/339/476
f  1795/338/468 1796/347/477 1797/346/469
f  1798/319/473 1799/318/472 1800/320/478
f  1801/320/478 1802/321/479 1803/319/473
f  1804/321/479 1805/326/474 1806/319/473
f  1807/326/474 1808/321/479 1809/327/480
f  1810/332/481 1811/326/474 1812/327/480
f  1813/326/474 1814/332/481 1815/331/475
f  1816/332/481 1817/339/476 1818/331/475
f  1819/339/476 1820/332/481 1821/333/482
f  1822/340/483 1823/339/476 1824/333/482
f  1825/339/476 1826/340/483 1827/347/477
f  1828/321/479 1829/320/478 1830/322/484
f  1831/322/484 1832/327/480 1833/321/479
f  1834/327/480 1835/322/484 1836/328/485
f  1837/333/482 1838/327/480 1839/328/485
f  1840/327/480 1841/333/482 1842/332/481
f  1843/334/486 1844/333/482 1845/328/485
f  1846/333/482 1847/334/486 1848/340/483
f  1849/341/487 1850/340/483 1851/334/486
f  1852/340/483 1853/341/487 1854/347/477
f  1855/348/488 1856/347/477 1857/341/487
f  1858/347/477 1859/348/488 1860/346/469
f  1861/352/488 1862/346/469 1863/348/488
f  1864/346/469 1865/352/488 1866/345/470
f  1867/352/488 1868/351/471 1869/345/470
f  1870/335/484 1871/334/486 1872/328/485
f  1873/334/486 1874/335/484 1875/342/489
f  1876/342/489 1877/341/487 1878/334/486
f  1879/341/487 1880/342/489 1881/349/490
f  1882/349/490 1883/348/488 1884/341/487
f  1885/348/488 1886/349/490 1887/356/491
f  1888/356/491 1889/352/488 1890/348/488
f  1891/352/488 1892/356/491 1893/355/492
f  1894/354/493 1895/352/488 1896/355/492
f  1897/352/488 1898/354/493 1899/353/488
f  1900/351/471 1901/352/488 1902/353/488
f  1903/343/478 1904/342/489 1905/335/484
f  1906/342/489 1907/343/478 1908/349/490
f  1909/350/472 1910/349/490 1911/343/478
f  1912/349/490 1913/350/472 1914/356/491
f  1915/357/457 1916/356/491 1917/350/472
f  1918/356/491 1919/357/457 1920/355/492
f  1921/358/459 1922/355/492 1923/357/457
f  1924/355/492 1925/358/459 1926/354/493
f  1927/189/494 1928/188/495 1929/190/496
f  1930/188/495 1931/189/494 1932/191/497
f  1933/192/498 1934/191/497 1935/189/494
f  1936/191/497 1937/192/498 1938/193/499
f  1939/194/500 1940/193/499 1941/192/498
f  1942/193/499 1943/194/500 1944/195/501
f  1945/196/502 1946/195/501 1947/194/500
f  1948/195/501 1949/196/502 1950/197/503
f  1951/197/503 1952/196/502 1953/198/504
f  1954/51/505 1955/50/506 1956/52/505
f  1957/50/506 1958/51/505 1959/53/507
f  1960/53/507 1961/54/508 1962/50/506
f  1963/54/508 1964/53/507 1965/55/509
f  1966/55/509 1967/56/510 1968/54/508
f  1969/56/510 1970/55/509 1971/57/511
f  1972/88/86 1973/89/87 1974/90/88
f  1975/89/87 1976/88/86 1977/91/89
f  1978/92/90 1979/91/89 1980/88/86
f  1981/91/89 1982/92/90 1983/93/91
f  1984/92/90 1985/94/92 1986/93/91
f  1987/94/92 1988/92/90 1989/95/93
f  1990/95/93 1991/96/94 1992/94/92
f  1993/96/94 1994/95/93 1995/97/95
f  1996/58/57 1997/59/58 1998/60/59
f  1999/59/58 2000/58/57 2001/61/60
f  2002/61/60 2003/62/61 2004/59/58
f  2005/62/61 2006/63/62 2007/59/58
f  2008/63/62 2009/62/61 2010/64/62
f  2011/65/63 2012/63/62 2013/64/62
f  2014/63/62 2015/65/63 2016/66/64
f  2017/67/65 2018/66/64 2019/65/63
f  2020/66/64 2021/67/65 2022/68/66
f  2023/65/63 2024/69/67 2025/67/65
f  2026/89/512 2027/88/513 2028/90/514
f  2029/88/513 2030/89/512 2031/91/515
f  2032/91/515 2033/92/516 2034/88/513
f  2035/92/516 2036/91/515 2037/93/517
f  2038/94/518 2039/92/516 2040/93/517
f  2041/92/516 2042/94/518 2043/95/519
f  2044/96/520 2045/95/519 2046/94/518
f  2047/95/519 2048/96/520 2049/97/521
f  2050/160/522 2051/159/523 2052/161/524
f  2053/159/523 2054/160/522 2055/162/525
f  2056/162/525 2057/168/526 2058/159/523
f  2059/168/526 2060/162/525 2061/169/527
f  2062/169/527 2063/175/528 2064/168/526
f  2065/175/528 2066/169/527 2067/176/529
f  2068/176/529 2069/179/530 2070/175/528
f  2071/179/530 2072/176/529 2073/177/531
f  2074/163/532 2075/162/525 2076/160/522
f  2077/162/525 2078/163/532 2079/164/533
f  2080/164/533 2081/169/527 2082/162/525
f  2083/169/527 2084/164/533 2085/170/534
f  2086/170/534 2087/176/529 2088/169/527
f  2089/176/529 2090/170/534 2091/171/535
f  2092/171/535 2093/177/531 2094/176/529
f  2095/177/531 2096/171/535 2097/178/536
f  2098/178/536 2099/171/535 2100/172/537
f  2101/164/533 2102/163/532 2103/165/538
f  2104/166/539 2105/164/533 2106/165/538
f  2107/170/534 2108/164/533 2109/166/539
f  2110/171/535 2111/170/534 2112/166/539
f  2113/172/537 2114/171/535 2115/166/539
f  2116/173/540 2117/172/537 2118/166/539
f  2119/172/537 2120/173/540 2121/180/541
f  2122/181/542 2123/180/541 2124/173/540
f  2125/180/541 2126/181/542 2127/184/543
f  2128/184/543 2129/181/542 2130/185/544
f  2131/187/545 2132/184/543 2133/185/544
f  2134/167/546 2135/166/539 2136/165/538
f  2137/166/539 2138/167/546 2139/173/540
f  2140/174/547 2141/173/540 2142/167/546
f  2143/173/540 2144/174/547 2145/181/542
f  2146/174/547 2147/182/548 2148/181/542
f  2149/186/549 2150/181/542 2151/182/548
f  2152/185/544 2153/181/542 2154/186/549
f  2155/183/550 2156/182/548 2157/174/547
f  2158/58/57 2159/59/58 2160/60/59
f  2161/59/58 2162/58/57 2163/61/60
f  2164/61/60 2165/62/61 2166/59/58
f  2167/62/61 2168/63/62 2169/59/58
f  2170/63/62 2171/62/61 2172/64/62
f  2173/65/63 2174/63/62 2175/64/62
f  2176/63/62 2177/65/63 2178/66/64
f  2179/67/65 2180/66/64 2181/65/63
f  2182/66/64 2183/67/65 2184/68/66
f  2185/65/63 2186/69/67 2187/67/65
f  2188/359/551 2189/360/552 2190/361/553
f  2191/361/553 2192/362/554 2193/359/551
f  2194/362/554 2195/361/553 2196/363/555
f  2197/363/555 2198/364/556 2199/362/554
f  2200/364/556 2201/363/555 2202/365/557
f  2203/365/557 2204/366/558 2205/364/556
f  2206/366/558 2207/365/557 2208/367/559
f  2209/368/560 2210/366/558 2211/367/559
f  2212/366/558 2213/368/560 2214/369/561
f  2215/369/561 2216/370/562 2217/366/558
f  2218/99/563 2219/98/564 2220/100/564
f  2221/98/564 2222/99/563 2223/101/565
f  2224/102/566 2225/101/565 2226/99/563
f  2227/101/565 2228/102/566 2229/103/567
f  2230/104/568 2231/103/567 2232/102/566
f  2233/103/567 2234/104/568 2235/105/569
f  2236/106/570 2237/105/569 2238/104/568
f  2239/105/569 2240/106/570 2241/107/570
f  2242/106/570 2243/108/571 2244/107/570
f  2245/108/571 2246/106/570 2247/109/572
f  2248/109/572 2249/110/573 2250/108/571
f  2251/223/574 2252/222/575 2253/224/576
f  2254/222/575 2255/223/574 2256/225/577
f  2257/225/577 2258/232/578 2259/222/575
f  2260/232/578 2261/225/577 2262/233/579
f  2263/233/579 2264/239/580 2265/232/578
f  2266/239/580 2267/233/579 2268/240/581
f  2269/244/582 2270/239/580 2271/240/581
f  2272/226/583 2273/225/577 2274/223/574
f  2275/225/577 2276/226/583 2277/227/584
f  2278/234/585 2279/225/577 2280/227/584
f  2281/233/579 2282/225/577 2283/234/585
f  2284/234/585 2285/240/581 2286/233/579
f  2287/240/581 2288/234/585 2289/241/586
f  2290/241/586 2291/246/587 2292/240/581
f  2293/246/587 2294/245/588 2295/240/581
f  2296/244/582 2297/240/581 2298/245/588
f  2299/251/589 2300/244/582 2301/245/588
f  2302/244/582 2303/251/589 2304/250/590
f  2305/226/583 2306/228/591 2307/227/584
f  2308/235/592 2309/227/584 2310/228/591
f  2311/235/592 2312/234/585 2313/227/584
f  2314/234/585 2315/235/592 2316/243/593
f  2317/242/594 2318/234/585 2319/243/593
f  2320/234/585 2321/242/594 2322/241/586
f  2323/228/591 2324/226/583 2325/229/595
f  2326/230/596 2327/228/591 2328/229/595
f  2329/228/591 2330/230/596 2331/231/597
f  2332/231/597 2333/237/598 2334/228/591
f  2335/228/591 2336/237/598 2337/236/599
f  2338/236/599 2339/235/592 2340/228/591
f  2341/236/599 2342/243/593 2343/235/592
f  2344/262/600 2345/243/593 2346/236/599
f  2347/243/593 2348/262/600 2349/242/594
f  2350/261/601 2351/242/594 2352/262/600
f  2353/242/594 2354/261/601 2355/249/602
f  2356/242/594 2357/249/602 2358/241/586
f  2359/237/598 2360/231/597 2361/238/603
f  2362/238/603 2363/288/604 2364/237/598
f  2365/237/598 2366/288/604 2367/287/605
f  2368/287/605 2369/286/606 2370/237/598
f  2371/286/606 2372/285/607 2373/237/598
f  2374/237/598 2375/285/607 2376/282/608
f  2377/267/609 2378/237/598 2379/282/608
f  2380/267/609 2381/236/599 2382/237/598
f  2383/289/610 2384/288/604 2385/238/603
f  2386/291/611 2387/285/607 2388/286/606
f  2389/291/611 2390/290/612 2391/285/607
f  2392/284/613 2393/285/607 2394/290/612
f  2395/285/607 2396/284/613 2397/282/608
f  2398/283/614 2399/282/608 2400/284/613
f  2401/282/608 2402/283/614 2403/281/615
f  2404/281/615 2405/267/609 2406/282/608
f  2407/273/616 2408/267/609 2409/281/615
f  2410/267/609 2411/273/616 2412/266/617
f  2413/267/609 2414/266/617 2415/236/599
f  2416/266/617 2417/262/600 2418/236/599
f  2419/262/600 2420/266/617 2421/265/618
f  2422/265/618 2423/261/601 2424/262/600
f  2425/280/619 2426/281/615 2427/283/614
f  2428/281/615 2429/280/619 2430/273/616
f  2431/280/619 2432/272/620 2433/273/616
f  2434/265/618 2435/273/616 2436/272/620
f  2437/266/617 2438/273/616 2439/265/618
f  2440/272/620 2441/280/619 2442/279/621
f  2443/272/620 2444/279/621 2445/271/622
f  2446/272/620 2447/271/622 2448/264/623
f  2449/272/620 2450/264/623 2451/265/618
f  2452/261/601 2453/265/618 2454/264/623
f  2455/264/623 2456/263/624 2457/261/601
f  2458/263/624 2459/260/625 2460/261/601
f  2461/249/602 2462/261/601 2463/260/625
f  2464/248/626 2465/249/602 2466/260/625
f  2467/249/602 2468/248/626 2469/241/586
f  2470/271/622 2471/263/624 2472/264/623
f  2473/271/622 2474/270/627 2475/263/624
f  2476/270/627 2477/269/628 2478/263/624
f  2479/268/629 2480/263/624 2481/269/628
f  2482/263/624 2483/268/629 2484/260/625
f  2485/269/628 2486/270/627 2487/276/630
f  2488/275/631 2489/269/628 2490/276/630
f  2491/269/628 2492/275/631 2493/274/632
f  2494/274/632 2495/268/629 2496/269/628
f  2497/268/629 2498/274/632 2499/277/633
f  2500/274/632 2501/278/634 2502/277/633
f  2503/278/634 2504/274/632 2505/275/631
f  2506/255/635 2507/250/590 2508/251/589
f  2509/250/590 2510/255/635 2511/256/636
f  2512/257/637 2513/256/636 2514/255/635
f  2515/256/636 2516/257/637 2517/258/638
f  2518/258/638 2519/257/637 2520/259/639
f  2521/245/588 2522/252/640 2523/251/589
f  2524/252/640 2525/245/588 2526/246/587
f  2527/247/641 2528/252/640 2529/246/587
f  2530/252/640 2531/247/641 2532/253/642
f  2533/248/626 2534/253/642 2535/247/641
f  2536/253/642 2537/248/626 2538/254/643
f  2539/246/587 2540/241/586 2541/247/641
f  2542/247/641 2543/241/586 2544/248/626
f  2545/200/644 2546/199/645 2547/201/646
f  2548/199/645 2549/200/644 2550/202/647
f  2551/205/648 2552/199/645 2553/202/647
f  2554/199/645 2555/205/648 2556/209/649
f  2557/205/648 2558/210/650 2559/209/649
f  2560/210/650 2561/205/648 2562/211/651
f  2563/218/652 2564/210/650 2565/211/651
f  2566/210/650 2567/218/652 2568/221/653
f  2569/200/644 2570/203/654 2571/202/647
f  2572/203/654 2573/204/655 2574/202/647
f  2575/204/655 2576/205/648 2577/202/647
f  2578/205/648 2579/204/655 2580/206/656
f  2581/206/656 2582/211/651 2583/205/648
f  2584/211/651 2585/206/656 2586/212/657
f  2587/211/651 2588/212/657 2589/218/652
f  2590/218/652 2591/212/657 2592/215/658
f  2593/218/652 2594/215/658 2595/219/659
f  2596/218/652 2597/219/659 2598/221/653
f  2599/221/653 2600/219/659 2601/220/660
f  2602/219/659 2603/217/661 2604/220/660
f  2605/204/655 2606/207/662 2607/206/656
f  2608/208/663 2609/206/656 2610/207/662
f  2611/206/656 2612/208/663 2613/212/657
f  2614/208/663 2615/213/664 2616/212/657
f  2617/213/664 2618/214/665 2619/212/657
f  2620/214/665 2621/215/658 2622/212/657
f  2623/216/666 2624/215/658 2625/214/665
f  2626/215/658 2627/216/666 2628/217/661
f  2629/217/661 2630/219/659 2631/215/658
f  2632/160/667 2633/159/668 2634/161/669
f  2635/159/668 2636/160/667 2637/162/670
f  2638/162/670 2639/168/671 2640/159/668
f  2641/168/671 2642/162/670 2643/169/672
f  2644/169/672 2645/175/673 2646/168/671
f  2647/175/673 2648/169/672 2649/176/674
f  2650/176/674 2651/179/675 2652/175/673
f  2653/179/675 2654/176/674 2655/177/676
f  2656/163/677 2657/162/670 2658/160/667
f  2659/162/670 2660/163/677 2661/164/678
f  2662/164/678 2663/169/672 2664/162/670
f  2665/169/672 2666/164/678 2667/170/679
f  2668/170/679 2669/176/674 2670/169/672
f  2671/176/674 2672/170/679 2673/171/680
f  2674/171/680 2675/177/676 2676/176/674
f  2677/177/676 2678/171/680 2679/178/681
f  2680/178/681 2681/171/680 2682/172/682
f  2683/164/678 2684/163/677 2685/165/683
f  2686/166/684 2687/164/678 2688/165/683
f  2689/170/679 2690/164/678 2691/166/684
f  2692/171/680 2693/170/679 2694/166/684
f  2695/172/682 2696/171/680 2697/166/684
f  2698/173/685 2699/172/682 2700/166/684
f  2701/172/682 2702/173/685 2703/180/686
f  2704/181/687 2705/180/686 2706/173/685
f  2707/180/686 2708/181/687 2709/184/688
f  2710/184/688 2711/181/687 2712/185/689
f  2713/187/690 2714/184/688 2715/185/689
f  2716/167/691 2717/166/684 2718/165/683
f  2719/166/684 2720/167/691 2721/173/685
f  2722/174/692 2723/173/685 2724/167/691
f  2725/173/685 2726/174/692 2727/181/687
f  2728/174/692 2729/182/693 2730/181/687
f  2731/186/694 2732/181/687 2733/182/693
f  2734/185/689 2735/181/687 2736/186/694
f  2737/183/695 2738/182/693 2739/174/692
f  2740/293/696 2741/292/697 2742/294/696
f  2743/292/697 2744/293/696 2745/295/698
f  2746/295/698 2747/296/699 2748/292/697
f  2749/296/699 2750/295/698 2751/297/700
f  2752/297/700 2753/298/701 2754/296/699
f  2755/298/701 2756/297/700 2757/299/702
f  2758/299/702 2759/300/703 2760/298/701
f  2761/300/703 2762/299/702 2763/301/704
f  2764/301/704 2765/302/705 2766/300/703
f  2767/302/705 2768/301/704 2769/303/705
f  2770/304/706 2771/302/705 2772/303/705
f  2773/302/705 2774/304/706 2775/305/706
f  2776/304/706 2777/306/707 2778/305/706
f  2779/306/707 2780/304/706 2781/307/707
f  2782/308/708 2783/306/707 2784/307/707
f  2785/306/707 2786/308/708 2787/309/709
f  2788/311/710 2789/309/709 2790/308/708
f  2791/309/709 2792/311/710 2793/310/711
f  2794/311/710 2795/312/712 2796/310/711
f  2797/371/713 2798/372/714 2799/373/715
f  2800/372/714 2801/374/716 2802/373/715
f  2803/374/716 2804/375/717 2805/373/715
f  2806/373/715 2807/375/717 2808/376/718
f  2809/375/717 2810/377/719 2811/376/718
f  2812/372/720 2813/371/721 2814/373/722
f  2815/374/723 2816/372/720 2817/373/722
f  2818/375/724 2819/374/723 2820/373/722
f  2821/375/724 2822/373/722 2823/376/725
f  2824/377/726 2825/375/724 2826/376/725
f  2827/378/727 2828/379/728 2829/380/729
f  2830/379/728 2831/381/730 2832/380/729
f  2833/381/730 2834/382/731 2835/380/729
f  2836/382/731 2837/381/730 2838/383/732
f  2839/383/732 2840/384/733 2841/382/731
f  2842/384/733 2843/383/732 2844/385/734
f  2845/386/735 2846/385/734 2847/383/732
f  2848/385/734 2849/386/735 2850/387/736
f  2851/386/735 2852/388/737 2853/387/736
f  2854/388/737 2855/386/735 2856/389/738
f  2857/381/730 2858/390/739 2859/383/732
f  2860/390/739 2861/386/735 2862/383/732
f  2863/391/740 2864/386/735 2865/390/739
f  2866/392/741 2867/386/735 2868/391/740
f  2869/386/735 2870/392/741 2871/389/738
f  2872/379/742 2873/378/743 2874/380/744
f  2875/381/745 2876/379/742 2877/380/744
f  2878/382/746 2879/381/745 2880/380/744
f  2881/381/745 2882/382/746 2883/383/747
f  2884/390/748 2885/381/745 2886/383/747
f  2887/386/749 2888/390/748 2889/383/747
f  2890/386/749 2891/391/750 2892/390/748
f  2893/386/749 2894/392/751 2895/391/750
f  2896/392/751 2897/386/749 2898/389/752
f  2899/386/749 2900/388/753 2901/389/752
f  2902/384/754 2903/383/747 2904/382/746
f  2905/383/747 2906/384/754 2907/385/755
f  2908/385/755 2909/386/749 2910/383/747
f  2911/386/749 2912/385/755 2913/387/756
f  2914/388/753 2915/386/749 2916/387/756
f  2917/393/757 2918/394/758 2919/395/759
f  2920/394/758 2921/393/757 2922/396/760
f  2923/397/761 2924/394/758 2925/396/760
f  2926/397/761 2927/398/762 2928/394/758
f  2929/399/763 2930/398/762 2931/397/761
f  2932/397/761 2933/400/764 2934/399/763
f  2935/400/764 2936/397/761 2937/401/765
f  2938/401/765 2939/402/766 2940/400/764
f  2941/396/760 2942/393/757 2943/403/767
f  2944/403/767 2945/404/768 2946/396/760
f  2947/404/768 2948/405/769 2949/396/760
f  2950/396/760 2951/405/769 2952/401/765
f  2953/397/761 2954/396/760 2955/401/765
f  2956/406/770 2957/404/768 2958/403/767
f  2959/407/771 2960/404/768 2961/406/770
f  2962/407/771 2963/408/772 2964/404/768
f  2965/408/772 2966/409/773 2967/404/768
f  2968/409/773 2969/405/769 2970/404/768
f  2971/410/774 2972/405/769 2973/409/773
f  2974/405/769 2975/410/774 2976/411/775
f  2977/405/769 2978/411/775 2979/401/765
f  2980/402/766 2981/401/765 2982/411/775
f  2983/411/775 2984/412/776 2985/402/766
f  2986/413/777 2987/406/770 2988/403/767
f  2989/414/778 2990/406/770 2991/413/777
f  2992/406/770 2993/414/778 2994/407/771
f  2995/414/778 2996/415/779 2997/407/771
f  2998/408/772 2999/407/771 3000/415/779
f  3001/416/780 3002/408/772 3003/415/779
f  3004/408/772 3005/416/780 3006/417/781
f  3007/417/781 3008/418/782 3009/408/772
f  3010/409/773 3011/408/772 3012/418/782
f  3013/410/774 3014/409/773 3015/418/782
f  3016/419/783 3017/413/777 3018/403/767
f  3019/419/783 3020/420/784 3021/413/777
f  3022/420/784 3023/414/778 3024/413/777
f  3025/420/784 3026/421/785 3027/414/778
f  3028/421/785 3029/422/786 3030/414/778
f  3031/414/778 3032/422/786 3033/423/787
f  3034/415/779 3035/414/778 3036/423/787
f  3037/416/780 3038/415/779 3039/423/787
f  3040/424/788 3041/416/780 3042/423/787
f  3043/416/780 3044/424/788 3045/425/789
f  3046/417/781 3047/416/780 3048/425/789
f  3049/420/784 3050/419/783 3051/426/790
f  3052/426/790 3053/427/791 3054/420/784
f  3055/428/792 3056/420/784 3057/427/791
f  3058/420/784 3059/428/792 3060/421/785
f  3061/429/793 3062/421/785 3063/428/792
f  3064/421/785 3065/429/793 3066/422/786
f  3067/429/793 3068/430/794 3069/422/786
f  3070/422/786 3071/430/794 3072/431/795
f  3073/431/795 3074/432/796 3075/422/786
f  3076/432/796 3077/423/787 3078/422/786
f  3079/427/791 3080/426/790 3081/433/797
f  3082/433/797 3083/434/798 3084/427/791
f  3085/427/791 3086/434/798 3087/435/799
f  3088/428/792 3089/427/791 3090/435/799
f  3091/429/793 3092/428/792 3093/435/799
f  3094/436/800 3095/429/793 3096/435/799
f  3097/429/793 3098/436/800 3099/430/794
f  3100/437/801 3101/430/794 3102/436/800
f  3103/437/801 3104/431/795 3105/430/794
f  3106/431/795 3107/437/801 3108/438/802
f  3109/439/803 3110/431/795 3111/438/802
f  3112/431/795 3113/439/803 3114/432/796
f  3115/434/798 3116/433/797 3117/440/804
f  3118/440/804 3119/441/805 3120/434/798
f  3121/442/806 3122/434/798 3123/441/805
f  3124/442/806 3125/435/799 3126/434/798
f  3127/443/807 3128/435/799 3129/442/806
f  3130/443/807 3131/436/800 3132/435/799
f  3133/436/800 3134/443/807 3135/444/808
f  3136/444/808 3137/437/801 3138/436/800
f  3139/441/805 3140/440/804 3141/445/809
f  3142/446/810 3143/441/805 3144/445/809
f  3145/442/806 3146/441/805 3147/446/810
f  3148/447/811 3149/442/806 3150/446/810
f  3151/442/806 3152/447/811 3153/443/807
f  3154/447/811 3155/444/808 3156/443/807
f  3157/444/808 3158/447/811 3159/448/812
f  3160/449/813 3161/444/808 3162/448/812
f  3163/444/808 3164/449/813 3165/450/814
f  3166/437/801 3167/444/808 3168/450/814
f  3169/451/815 3170/437/801 3171/450/814
f  3172/452/816 3173/437/801 3174/451/815
f  3175/437/801 3176/452/816 3177/438/802
f  3178/449/813 3179/453/817 3180/450/814
f  3181/453/817 3182/451/815 3183/450/814
f  3184/454/818 3185/451/815 3186/453/817
f  3187/451/815 3188/454/818 3189/452/816
f  3190/453/817 3191/449/813 3192/455/819
f  3193/454/818 3194/453/817 3195/455/819
f  3196/412/776 3197/411/775 3198/410/774
f  3199/456/820 3200/412/776 3201/410/774
f  3202/412/776 3203/456/820 3204/457/821
f  3205/457/821 3206/456/820 3207/458/822
f  3208/458/822 3209/456/820 3210/459/823
f  3211/410/774 3212/418/782 3213/456/820
f  3214/459/823 3215/456/820 3216/418/782
f  3217/418/782 3218/417/781 3219/459/823
f  3220/460/824 3221/459/823 3222/417/781
f  3223/460/824 3224/458/822 3225/459/823
f  3226/461/825 3227/458/822 3228/460/824
f  3229/462/826 3230/461/825 3231/460/824
f  3232/461/825 3233/462/826 3234/463/827
f  3235/462/826 3236/464/828 3237/463/827
f  3238/425/789 3239/460/824 3240/417/781
f  3241/465/829 3242/460/824 3243/425/789
f  3244/460/824 3245/465/829 3246/462/826
f  3247/465/829 3248/466/830 3249/462/826
f  3250/464/828 3251/462/826 3252/466/830
f  3253/466/830 3254/467/831 3255/464/828
f  3256/467/831 3257/466/830 3258/468/832
f  3259/425/789 3260/468/832 3261/465/829
f  3262/466/830 3263/465/829 3264/468/832
f  3265/468/832 3266/425/789 3267/469/833
f  3268/469/833 3269/470/834 3270/468/832
f  3271/470/834 3272/469/833 3273/471/835
f  3274/469/833 3275/472/836 3276/471/835
f  3277/424/788 3278/469/833 3279/425/789
f  3280/424/788 3281/473/837 3282/469/833
f  3283/473/837 3284/424/788 3285/474/838
f  3286/474/838 3287/439/803 3288/473/837
f  3289/439/803 3290/474/838 3291/432/796
f  3292/423/787 3293/432/796 3294/474/838
f  3295/423/787 3296/474/838 3297/424/788
f  3298/394/839 3299/393/840 3300/395/841
f  3301/393/840 3302/394/839 3303/396/842
f  3304/393/840 3305/396/842 3306/403/843
f  3307/404/844 3308/403/843 3309/396/842
f  3310/404/844 3311/406/845 3312/403/843
f  3313/406/845 3314/413/846 3315/403/843
f  3316/413/846 3317/419/847 3318/403/843
f  3319/394/839 3320/397/848 3321/396/842
f  3322/396/842 3323/397/848 3324/401/849
f  3325/405/850 3326/396/842 3327/401/849
f  3328/405/850 3329/404/844 3330/396/842
f  3331/405/850 3332/409/851 3333/404/844
f  3334/409/851 3335/408/852 3336/404/844
f  3337/408/852 3338/407/853 3339/404/844
f  3340/404/844 3341/407/853 3342/406/845
f  3343/398/854 3344/397/848 3345/394/839
f  3346/398/854 3347/399/855 3348/397/848
f  3349/400/856 3350/397/848 3351/399/855
f  3352/397/848 3353/400/856 3354/401/849
f  3355/402/857 3356/401/849 3357/400/856
f  3358/401/849 3359/402/857 3360/411/858
f  3361/411/858 3362/405/850 3363/401/849
f  3364/410/859 3365/405/850 3366/411/858
f  3367/405/850 3368/410/859 3369/409/851
f  3370/409/851 3371/410/859 3372/418/860
f  3373/408/852 3374/409/851 3375/418/860
f  3376/418/860 3377/417/861 3378/408/852
f  3379/416/862 3380/408/852 3381/417/861
f  3382/408/852 3383/416/862 3384/415/863
f  3385/407/853 3386/408/852 3387/415/863
f  3388/412/864 3389/411/858 3390/402/857
f  3391/411/858 3392/412/864 3393/410/859
f  3394/412/864 3395/456/865 3396/410/859
f  3397/418/860 3398/410/859 3399/456/865
f  3400/456/865 3401/459/866 3402/418/860
f  3403/417/861 3404/418/860 3405/459/866
f  3406/459/866 3407/460/867 3408/417/861
f  3409/460/867 3410/425/868 3411/417/861
f  3412/416/862 3413/417/861 3414/425/868
f  3415/424/869 3416/416/862 3417/425/868
f  3418/416/862 3419/424/869 3420/423/870
f  3421/415/863 3422/416/862 3423/423/870
f  3424/456/865 3425/412/864 3426/457/871
f  3427/456/865 3428/457/871 3429/458/872
f  3430/456/865 3431/458/872 3432/459/866
f  3433/458/872 3434/460/867 3435/459/866
f  3436/458/872 3437/461/873 3438/460/867
f  3439/461/873 3440/462/874 3441/460/867
f  3442/465/875 3443/460/867 3444/462/874
f  3445/460/867 3446/465/875 3447/425/868
f  3448/468/876 3449/425/868 3450/465/875
f  3451/425/868 3452/468/876 3453/469/877
f  3454/469/877 3455/424/869 3456/425/868
f  3457/473/878 3458/424/869 3459/469/877
f  3460/424/869 3461/473/878 3462/474/879
f  3463/474/879 3464/423/870 3465/424/869
f  3466/462/874 3467/461/873 3468/463/880
f  3469/464/881 3470/462/874 3471/463/880
f  3472/462/874 3473/464/881 3474/466/882
f  3475/466/882 3476/465/875 3477/462/874
f  3478/465/875 3479/466/882 3480/468/876
f  3481/466/882 3482/467/883 3483/468/876
f  3484/467/883 3485/466/882 3486/464/881
f  3487/439/884 3488/474/879 3489/473/878
f  3490/474/879 3491/439/884 3492/432/885
f  3493/432/885 3494/423/870 3495/474/879
f  3496/423/870 3497/432/885 3498/422/886
f  3499/422/886 3500/414/887 3501/423/870
f  3502/414/887 3503/415/863 3504/423/870
f  3505/415/863 3506/414/887 3507/407/853
f  3508/414/887 3509/406/845 3510/407/853
f  3511/439/884 3512/431/888 3513/432/885
f  3514/432/885 3515/431/888 3516/422/886
f  3517/430/889 3518/422/886 3519/431/888
f  3520/430/889 3521/429/890 3522/422/886
f  3523/429/890 3524/421/891 3525/422/886
f  3526/414/887 3527/422/886 3528/421/891
f  3529/421/891 3530/420/892 3531/414/887
f  3532/414/887 3533/420/892 3534/413/846
f  3535/406/845 3536/414/887 3537/413/846
f  3538/431/888 3539/439/884 3540/438/893
f  3541/438/893 3542/430/889 3543/431/888
f  3544/430/889 3545/438/893 3546/437/894
f  3547/430/889 3548/437/894 3549/436/895
f  3550/436/895 3551/429/890 3552/430/889
f  3553/429/890 3554/436/895 3555/435/896
f  3556/428/897 3557/429/890 3558/435/896
f  3559/421/891 3560/429/890 3561/428/897
f  3562/428/897 3563/420/892 3564/421/891
f  3565/452/898 3566/437/894 3567/438/893
f  3568/437/894 3569/452/898 3570/451/899
f  3571/437/894 3572/451/899 3573/450/900
f  3574/444/901 3575/437/894 3576/450/900
f  3577/437/894 3578/444/901 3579/436/895
f  3580/443/902 3581/436/895 3582/444/901
f  3583/436/895 3584/443/902 3585/435/896
f  3586/454/903 3587/451/899 3588/452/898
f  3589/451/899 3590/454/903 3591/453/904
f  3592/451/899 3593/453/904 3594/450/900
f  3595/453/904 3596/449/905 3597/450/900
f  3598/449/905 3599/444/901 3600/450/900
f  3601/444/901 3602/449/905 3603/448/906
f  3604/447/907 3605/444/901 3606/448/906
f  3607/444/901 3608/447/907 3609/443/902
f  3610/447/907 3611/442/908 3612/443/902
f  3613/435/896 3614/443/902 3615/442/908
f  3616/453/904 3617/454/903 3618/455/909
f  3619/449/905 3620/453/904 3621/455/909
f  3622/442/908 3623/447/907 3624/446/910
f  3625/441/911 3626/442/908 3627/446/910
f  3628/434/912 3629/442/908 3630/441/911
f  3631/435/896 3632/442/908 3633/434/912
f  3634/434/912 3635/427/913 3636/435/896
f  3637/427/913 3638/428/897 3639/435/896
f  3640/420/892 3641/428/897 3642/427/913
f  3643/441/911 3644/446/910 3645/445/914
f  3646/440/915 3647/441/911 3648/445/914
f  3649/441/911 3650/440/915 3651/434/912
f  3652/433/916 3653/434/912 3654/440/915
f  3655/434/912 3656/433/916 3657/427/913
f  3658/426/917 3659/427/913 3660/433/916
f  3661/427/913 3662/426/917 3663/420/892
f  3664/419/847 3665/420/892 3666/426/917
f  3667/420/892 3668/419/847 3669/413/846
f  3670/470/918 3671/469/877 3672/468/876
f  3673/469/877 3674/470/918 3675/471/919
f  3676/472/920 3677/469/877 3678/471/919
f  3679/475/921 3680/476/922 3681/477/923
f  3682/478/133 3683/475/921 3684/477/923
f  3685/475/921 3686/478/133 3687/479/133
f  3688/478/133 3689/480/924 3690/479/133
f  3691/480/924 3692/478/133 3693/481/925
f  3694/481/925 3695/482/926 3696/480/924
f  3697/483/927 3698/484/928 3699/485/929
f  3700/485/929 3701/486/930 3702/483/927
f  3703/486/930 3704/485/929 3705/487/931
f  3706/487/931 3707/488/932 3708/486/930
f  3709/488/932 3710/487/931 3711/489/933
f  3712/490/934 3713/488/932 3714/489/933
f  3715/488/932 3716/490/934 3717/491/935
f  3718/492/936 3719/491/935 3720/490/934
f  3721/491/935 3722/492/936 3723/493/937
f  3724/494/938 3725/493/937 3726/492/936
f  3727/483/927 3728/484/928 3729/485/929
f  3730/485/929 3731/486/930 3732/483/927
f  3733/486/930 3734/485/929 3735/487/931
f  3736/487/931 3737/488/932 3738/486/930
f  3739/488/932 3740/487/931 3741/489/933
f  3742/490/934 3743/488/932 3744/489/933
f  3745/488/932 3746/490/934 3747/491/935
f  3748/492/936 3749/491/935 3750/490/934
f  3751/491/935 3752/492/936 3753/493/937
f  3754/494/938 3755/493/937 3756/492/936
f  3757/484/939 3758/483/940 3759/485/941
f  3760/486/942 3761/485/941 3762/483/940
f  3763/485/941 3764/486/942 3765/487/943
f  3766/488/944 3767/487/943 3768/486/942
f  3769/487/943 3770/488/944 3771/489/945
f  3772/488/944 3773/490/946 3774/489/945
f  3775/490/946 3776/488/944 3777/491/947
f  3778/491/947 3779/492/948 3780/490/946
f  3781/492/948 3782/491/947 3783/493/949
f  3784/493/949 3785/494/950 3786/492/948
f  3787/483/927 3788/484/928 3789/485/929
f  3790/485/929 3791/486/930 3792/483/927
f  3793/486/930 3794/485/929 3795/487/931
f  3796/487/931 3797/488/932 3798/486/930
f  3799/488/932 3800/487/931 3801/489/933
f  3802/490/934 3803/488/932 3804/489/933
f  3805/488/932 3806/490/934 3807/491/935
f  3808/492/936 3809/491/935 3810/490/934
f  3811/491/935 3812/492/936 3813/493/937
f  3814/494/938 3815/493/937 3816/492/936
f  3817/495/951 3818/496/952 3819/497/952
f  3820/496/952 3821/495/951 3822/498/951
f  3823/498/951 3824/499/952 3825/496/952
f  3826/499/952 3827/500/953 3828/496/952
f  3829/501/953 3830/496/952 3831/500/953
f  3832/496/952 3833/501/953 3834/497/952
f  3835/495/951 3836/502/954 3837/498/951
f  3838/503/954 3839/498/951 3840/502/954
f  3841/498/951 3842/503/954 3843/504/951
f  3844/499/952 3845/498/951 3846/504/951
f  3847/504/951 3848/349/955 3849/499/952
f  3850/349/955 3851/505/953 3852/499/952
f  3853/500/953 3854/499/952 3855/505/953
f  3856/502/954 3857/495/951 3858/506/954
f  3859/507/956 3860/502/954 3861/506/954
f  3862/502/954 3863/507/956 3864/508/956
f  3865/508/956 3866/503/954 3867/502/954
f  3868/503/954 3869/508/956 3870/509/956
f  3871/509/956 3872/347/957 3873/503/954
f  3874/347/957 3875/504/951 3876/503/954
f  3877/504/951 3878/347/957 3879/341/958
f  3880/349/955 3881/504/951 3882/341/958
f  3883/341/958 3884/342/959 3885/349/955
f  3886/342/959 3887/343/960 3888/349/955
f  3889/505/953 3890/349/955 3891/343/960
f  3892/507/956 3893/510/961 3894/508/956
f  3895/511/961 3896/508/956 3897/510/961
f  3898/508/956 3899/511/961 3900/509/956
f  3901/331/962 3902/509/956 3903/511/961
f  3904/509/956 3905/331/962 3906/339/963
f  3907/347/957 3908/509/956 3909/339/963
f  3910/339/963 3911/340/964 3912/347/957
f  3913/340/964 3914/341/958 3915/347/957
f  3916/341/958 3917/340/964 3918/334/965
f  3919/342/959 3920/341/958 3921/334/965
f  3922/510/961 3923/507/956 3924/512/961
f  3925/513/966 3926/510/961 3927/512/961
f  3928/510/961 3929/513/966 3930/514/966
f  3931/514/966 3932/511/961 3933/510/961
f  3934/511/961 3935/514/966 3936/515/966
f  3937/515/966 3938/331/962 3939/511/961
f  3940/331/962 3941/515/966 3942/326/967
f  3943/326/967 3944/332/968 3945/331/962
f  3946/332/968 3947/339/963 3948/331/962
f  3949/339/963 3950/332/968 3951/333/969
f  3952/340/964 3953/339/963 3954/333/969
f  3955/333/969 3956/334/965 3957/340/964
f  3958/513/966 3959/516/970 3960/514/966
f  3961/517/970 3962/514/966 3963/516/970
f  3964/514/966 3965/517/970 3966/515/966
f  3967/319/971 3968/515/966 3969/517/970
f  3970/515/966 3971/319/971 3972/326/967
f  3973/321/972 3974/326/967 3975/319/971
f  3976/326/967 3977/321/972 3978/327/973
f  3979/332/968 3980/326/967 3981/327/973
f  3982/327/973 3983/333/969 3984/332/968
f  3985/333/969 3986/327/973 3987/328/133
f  3988/334/965 3989/333/969 3990/328/133
f  3991/516/970 3992/513/966 3993/518/970
f  3994/519/953 3995/516/970 3996/518/970
f  3997/516/970 3998/519/953 3999/520/953
f  4000/520/953 4001/517/970 4002/516/970
f  4003/517/970 4004/520/953 4005/521/953
f  4006/521/953 4007/319/971 4008/517/970
f  4009/319/971 4010/521/953 4011/320/960
f  4012/320/960 4013/321/972 4014/319/971
f  4015/321/972 4016/320/960 4017/322/974
f  4018/322/974 4019/327/973 4020/321/972
f  4021/327/973 4022/322/974 4023/328/133
f  4024/335/974 4025/334/965 4026/328/133
f  4027/334/965 4028/335/974 4029/342/959
f  4030/343/960 4031/342/959 4032/335/974
f  4033/522/975 4034/507/976 4035/512/975
f  4036/507/976 4037/522/975 4038/523/976
f  4039/524/977 4040/507/976 4041/523/976
f  4042/507/976 4043/524/977 4044/506/977
f  4045/524/977 4046/495/978 4047/506/977
f  4048/513/979 4049/522/975 4050/512/975
f  4051/522/975 4052/513/979 4053/525/979
f  4054/525/979 4055/330/975 4056/522/975
f  4057/330/975 4058/523/976 4059/522/975
f  4060/523/976 4061/330/975 4062/338/976
f  4063/346/977 4064/523/976 4065/338/976
f  4066/523/976 4067/346/977 4068/524/977
f  4069/346/977 4070/526/978 4071/524/977
f  4072/495/978 4073/524/977 4074/526/978
f  4075/527/980 4076/495/978 4077/526/978
f  4078/495/978 4079/527/980 4080/497/980
f  4081/513/979 4082/528/981 4083/525/979
f  4084/317/981 4085/525/979 4086/528/981
f  4087/525/979 4088/317/981 4089/325/979
f  4090/330/975 4091/525/979 4092/325/979
f  4093/325/979 4094/331/982 4095/330/975
f  4096/331/982 4097/338/976 4098/330/975
f  4099/338/976 4100/331/982 4101/339/983
f  4102/347/984 4103/338/976 4104/339/983
f  4105/338/976 4106/347/984 4107/346/977
f  4108/528/981 4109/513/979 4110/518/981
f  4111/519/985 4112/528/981 4113/518/981
f  4114/528/981 4115/519/985 4116/529/985
f  4117/529/985 4118/317/981 4119/528/981
f  4120/317/981 4121/529/985 4122/318/985
f  4123/318/985 4124/319/986 4125/317/981
f  4126/319/986 4127/325/979 4128/317/981
f  4129/325/979 4130/319/986 4131/326/987
f  4132/331/982 4133/325/979 4134/326/987
f  4135/326/987 4136/332/988 4137/331/982
f  4138/332/988 4139/339/983 4140/331/982
f  4141/339/983 4142/332/988 4143/333/989
f  4144/340/990 4145/339/983 4146/333/989
f  4147/339/983 4148/340/990 4149/347/984
f  4150/319/986 4151/318/985 4152/320/991
f  4153/320/991 4154/321/992 4155/319/986
f  4156/321/992 4157/326/987 4158/319/986
f  4159/326/987 4160/321/992 4161/327/993
f  4162/332/988 4163/326/987 4164/327/993
f  4165/327/993 4166/333/989 4167/332/988
f  4168/333/989 4169/327/993 4170/328/994
f  4171/334/995 4172/333/989 4173/328/994
f  4174/333/989 4175/334/995 4176/340/990
f  4177/341/996 4178/340/990 4179/334/995
f  4180/340/990 4181/341/996 4182/347/984
f  4183/321/992 4184/320/991 4185/322/997
f  4186/322/997 4187/327/993 4188/321/992
f  4189/327/993 4190/322/997 4191/328/994
f  4192/335/997 4193/334/995 4194/328/994
f  4195/334/995 4196/335/997 4197/342/998
f  4198/342/998 4199/341/996 4200/334/995
f  4201/341/996 4202/342/998 4203/349/999
f  4204/349/999 4205/348/978 4206/341/996
f  4207/348/978 4208/347/984 4209/341/996
f  4210/347/984 4211/348/978 4212/346/977
f  4213/526/978 4214/346/977 4215/348/978
f  4216/356/980 4217/526/978 4218/348/978
f  4219/526/978 4220/356/980 4221/527/980
f  4222/343/991 4223/342/998 4224/335/997
f  4225/342/998 4226/343/991 4227/349/999
f  4228/350/985 4229/349/999 4230/343/991
f  4231/349/999 4232/350/985 4233/356/980
f  4234/348/978 4235/349/999 4236/356/980
f  4237/530/985 4238/356/980 4239/350/985
f  4240/356/980 4241/530/985 4242/527/980
f  4243/501/985 4244/527/980 4245/530/985
f  4246/527/980 4247/501/985 4248/497/980
f  4249/524/1000 4250/507/1001 4251/506/1000
f  4252/507/1001 4253/524/1000 4254/523/1001
f  4255/522/1002 4256/507/1001 4257/523/1001
f  4258/507/1001 4259/522/1002 4260/512/1002
f  4261/522/1002 4262/513/1003 4263/512/1002
f  4264/495/1004 4265/524/1000 4266/506/1000
f  4267/524/1000 4268/495/1004 4269/526/1004
f  4270/526/1004 4271/346/1000 4272/524/1000
f  4273/346/1000 4274/523/1001 4275/524/1000
f  4276/523/1001 4277/346/1000 4278/338/1001
f  4279/330/1002 4280/523/1001 4281/338/1001
f  4282/523/1001 4283/330/1002 4284/522/1002
f  4285/330/1002 4286/525/1003 4287/522/1002
f  4288/513/1003 4289/522/1002 4290/525/1003
f  4291/528/1005 4292/513/1003 4293/525/1003
f  4294/513/1003 4295/528/1005 4296/518/1005
f  4297/495/1004 4298/527/1006 4299/526/1004
f  4300/356/1006 4301/526/1004 4302/527/1006
f  4303/526/1004 4304/356/1006 4305/348/1004
f  4306/346/1000 4307/526/1004 4308/348/1004
f  4309/348/1004 4310/347/1007 4311/346/1000
f  4312/347/1007 4313/338/1001 4314/346/1000
f  4315/338/1001 4316/347/1007 4317/339/1008
f  4318/331/1009 4319/338/1001 4320/339/1008
f  4321/338/1001 4322/331/1009 4323/330/1002
f  4324/527/1006 4325/495/1004 4326/497/1006
f  4327/501/1010 4328/527/1006 4329/497/1006
f  4330/527/1006 4331/501/1010 4332/530/1010
f  4333/530/1010 4334/356/1006 4335/527/1006
f  4336/356/1006 4337/530/1010 4338/350/1010
f  4339/350/1010 4340/349/1011 4341/356/1006
f  4342/349/1011 4343/348/1004 4344/356/1006
f  4345/348/1004 4346/349/1011 4347/341/1012
f  4348/347/1007 4349/348/1004 4350/341/1012
f  4351/341/1012 4352/340/1013 4353/347/1007
f  4354/340/1013 4355/339/1008 4356/347/1007
f  4357/339/1008 4358/340/1013 4359/333/1014
f  4360/332/1015 4361/339/1008 4362/333/1014
f  4363/339/1008 4364/332/1015 4365/331/1009
f  4366/349/1011 4367/350/1010 4368/343/1016
f  4369/343/1016 4370/342/1017 4371/349/1011
f  4372/342/1017 4373/341/1012 4374/349/1011
f  4375/341/1012 4376/342/1017 4377/334/1018
f  4378/340/1013 4379/341/1012 4380/334/1018
f  4381/334/1018 4382/333/1014 4383/340/1013
f  4384/333/1014 4385/334/1018 4386/328/1019
f  4387/327/1020 4388/333/1014 4389/328/1019
f  4390/333/1014 4391/327/1020 4392/332/1015
f  4393/326/1021 4394/332/1015 4395/327/1020
f  4396/332/1015 4397/326/1021 4398/331/1009
f  4399/342/1017 4400/343/1016 4401/335/1022
f  4402/335/1022 4403/334/1018 4404/342/1017
f  4405/334/1018 4406/335/1022 4407/328/1019
f  4408/322/1022 4409/327/1020 4410/328/1019
f  4411/327/1020 4412/322/1022 4413/321/1023
f  4414/321/1023 4415/326/1021 4416/327/1020
f  4417/326/1021 4418/321/1023 4419/319/1024
f  4420/319/1024 4421/325/1003 4422/326/1021
f  4423/325/1003 4424/331/1009 4425/326/1021
f  4426/331/1009 4427/325/1003 4428/330/1002
f  4429/525/1003 4430/330/1002 4431/325/1003
f  4432/317/1005 4433/525/1003 4434/325/1003
f  4435/525/1003 4436/317/1005 4437/528/1005
f  4438/320/1016 4439/321/1023 4440/322/1022
f  4441/321/1023 4442/320/1016 4443/319/1024
f  4444/318/1010 4445/319/1024 4446/320/1016
f  4447/319/1024 4448/318/1010 4449/317/1005
f  4450/325/1003 4451/319/1024 4452/317/1005
f  4453/529/1010 4454/317/1005 4455/318/1010
f  4456/317/1005 4457/529/1010 4458/528/1005
f  4459/519/1010 4460/528/1005 4461/529/1010
f  4462/528/1005 4463/519/1010 4464/518/1005

