# File produced by Open Asset Import Library (http://www.assimp.sf.net)
# (assimp v6.0.0)

mtllib ship17h.mtl

# 2772 vertex positions
v 7.38399982 130.7995 -2.22950578
v 0 145.249008 2.39199376
v 0 147.73851 -0.96200645
v 0 145.249008 2.39199376
v 7.38399982 130.7995 -2.22950578
v 5.43400002 130.916504 1.58599424
v 7.38399982 130.7995 -2.22950578
v 10.6729994 103.304504 -0.292504489
v 5.43400002 130.916504 1.58599424
v 10.6729994 103.304504 -0.292504489
v 7.38399982 130.7995 -2.22950578
v 12.6229992 103.265503 -5.05050421
v 12.6229992 103.265503 -5.05050421
v 12.8699999 77.5579987 -2.41150331
v 10.6729994 103.304504 -0.292504489
v 12.8699999 77.5579987 -2.41150331
v 12.6229992 103.265503 -5.05050421
v 14.8134995 77.7594986 -8.17700291
v 6.51949978 74.3535004 9.6394968
v 14.8134995 77.1030045 10.7314959
v 12.8699999 77.3044968 4.95949697
v 14.8134995 77.1030045 10.7314959
v 6.51949978 74.3535004 9.6394968
v 8.43700027 74.3014984 15.0279961
v 0 72.8389969 11.166997
v 8.43700027 74.3014984 15.0279961
v 6.51949978 74.3535004 9.6394968
v 8.43700027 74.3014984 15.0279961
v 0 72.8389969 11.166997
v 0 72.6310043 17.0754967
v 0 72.8389969 11.166997
v -8.43700027 74.3014984 15.0279961
v 0 72.6310043 17.0754967
v -8.43700027 74.3014984 15.0279961
v 0 72.8389969 11.166997
v -6.51949978 74.3535004 9.6394968
v -6.51949978 74.3535004 9.6394968
v -14.8134995 77.1030045 10.7314959
v -8.43700027 74.3014984 15.0279961
v -14.8134995 77.1030045 10.7314959
v -6.51949978 74.3535004 9.6394968
v -12.8699999 77.3044968 4.95949697
v 14.8134995 77.7594986 -8.17700291
v 6.51949978 74.9449997 -7.28650331
v 12.8699999 77.5579987 -2.41150331
v 6.51949978 74.9449997 -7.28650331
v 14.8134995 77.7594986 -8.17700291
v 8.43700027 75.2699966 -12.6620035
v 8.43700027 75.2699966 -12.6620035
v 0 73.5410004 -8.91150284
v 6.51949978 74.9449997 -7.28650331
v 0 73.5410004 -8.91150284
v 8.43700027 75.2699966 -12.6620035
v 0 73.7490005 -14.8200035
v -8.43700027 75.2699966 -12.6620035
v 0 73.5410004 -8.91150284
v 0 73.7490005 -14.8200035
v 0 73.5410004 -8.91150284
v -8.43700027 75.2699966 -12.6620035
v -6.51949978 74.9449997 -7.28650331
v -14.8134995 77.7594986 -8.17700291
v -6.51949978 74.9449997 -7.28650331
v -8.43700027 75.2699966 -12.6620035
v -6.51949978 74.9449997 -7.28650331
v -14.8134995 77.7594986 -8.17700291
v -12.8699999 77.5579987 -2.41150331
v -12.6229992 103.265503 -5.05050421
v -12.8699999 77.5579987 -2.41150331
v -14.8134995 77.7594986 -8.17700291
v -12.8699999 77.5579987 -2.41150331
v -12.6229992 103.265503 -5.05050421
v -10.6729994 103.304504 -0.292504489
v -7.38399982 130.7995 -2.22950578
v -10.6729994 103.304504 -0.292504489
v -12.6229992 103.265503 -5.05050421
v -10.6729994 103.304504 -0.292504489
v -7.38399982 130.7995 -2.22950578
v -5.43400002 130.916504 1.58599424
v -7.38399982 130.7995 -2.22950578
v 0 145.249008 2.39199376
v -5.43400002 130.916504 1.58599424
v 0 145.249008 2.39199376
v -7.38399982 130.7995 -2.22950578
v 0 147.73851 -0.96200645
v 18.6744995 65.8840027 2.17099714
v 22.0805016 65.715004 -2.17100286
v 22.0805016 65.715004 2.17099714
v 22.0805016 65.715004 -2.17100286
v 18.6744995 65.8840027 2.17099714
v 18.6744995 65.8840027 -2.17100286
v 12.2784996 67.5154953 2.1709969
v 18.6744995 65.8840027 -2.17100286
v 18.6744995 65.8840027 2.17099714
v 18.6744995 65.8840027 -2.17100286
v 12.2784996 67.5154953 2.1709969
v 12.2784996 67.5154953 -2.17100286
v 19.9160004 51.5580025 -2.17100215
v 12.2784996 67.5154953 -2.17100286
v 13.9815006 47.7034988 -2.17100191
v 12.2784996 67.5154953 -2.17100286
v 19.9160004 51.5580025 -2.17100215
v 18.6744995 65.8840027 -2.17100286
v 24.348999 53.1245003 -2.17100215
v 18.6744995 65.8840027 -2.17100286
v 19.9160004 51.5580025 -2.17100215
v 18.6744995 65.8840027 -2.17100286
v 24.348999 53.1245003 -2.17100215
v 22.0805016 65.715004 -2.17100286
v -12.2784996 67.5154953 2.1709969
v -18.6744995 65.8840027 -2.17100286
v -12.2784996 67.5154953 -2.17100286
v -18.6744995 65.8840027 -2.17100286
v -12.2784996 67.5154953 2.1709969
v -18.6744995 65.8840027 2.17099714
v -18.6744995 65.8840027 2.17099714
v -22.0805016 65.715004 -2.17100286
v -18.6744995 65.8840027 -2.17100286
v -22.0805016 65.715004 -2.17100286
v -18.6744995 65.8840027 2.17099714
v -22.0805016 65.715004 2.17099714
v -24.348999 53.1245003 -2.17100215
v -22.0805016 65.715004 2.17099714
v -24.348999 53.1245003 2.17099762
v -22.0805016 65.715004 2.17099714
v -24.348999 53.1245003 -2.17100215
v -22.0805016 65.715004 -2.17100286
v 3.65300012 62.2050018 -20.2150021
v 3.65300012 41.8339996 -19.6625023
v 3.65300012 65.2599945 -16.1590023
v 3.65300012 41.8339996 -19.6625023
v 3.65300012 62.2050018 -20.2150021
v 3.65300012 46.8064995 -22.3795013
v 3.65300012 60.579998 -28.2490025
v 3.65300012 46.8064995 -22.3795013
v 3.65300012 62.2050018 -20.2150021
v 3.65300012 46.8064995 -22.3795013
v 3.65300012 60.579998 -28.2490025
v 3.65300012 49.8419991 -29.8545036
v -3.65300012 46.8064995 -22.3795013
v 0 47.9309998 -30.218502
v -3.65300012 49.8419991 -29.8545036
v 0 47.9309998 -30.218502
v -3.65300012 46.8064995 -22.3795013
v 0 44.4014969 -22.7435017
v 3.65300012 46.8064995 -22.3795013
v 0 47.9309998 -30.218502
v 0 44.4014969 -22.7435017
v 0 47.9309998 -30.218502
v 3.65300012 46.8064995 -22.3795013
v 3.65300012 49.8419991 -29.8545036
v -3.65300012 41.8339996 -19.6625023
v 0 44.4014969 -22.7435017
v -3.65300012 46.8064995 -22.3795013
v 0 44.4014969 -22.7435017
v -3.65300012 41.8339996 -19.6625023
v 0 40.0659981 -20.0135021
v 3.65300012 41.8339996 -19.6625023
v 0 44.4014969 -22.7435017
v 0 40.0659981 -20.0135021
v 0 44.4014969 -22.7435017
v 3.65300012 41.8339996 -19.6625023
v 3.65300012 46.8064995 -22.3795013
v -3.65300012 41.8339996 -19.6625023
v -3.65300012 62.2050018 -20.2150021
v -3.65300012 65.2599945 -16.1590023
v -3.65300012 62.2050018 -20.2150021
v -3.65300012 41.8339996 -19.6625023
v -3.65300012 46.8064995 -22.3795013
v -3.65300012 46.8064995 -22.3795013
v -3.65300012 60.579998 -28.2490025
v -3.65300012 62.2050018 -20.2150021
v -3.65300012 60.579998 -28.2490025
v -3.65300012 46.8064995 -22.3795013
v -3.65300012 49.8419991 -29.8545036
v 7.8130002 70.4729996 -14.6640034
v 18.8174992 41.8339996 -11.7975016
v 15.8015003 71.6299973 -7.98850346
v 18.8174992 41.8339996 -11.7975016
v 7.8130002 70.4729996 -14.6640034
v 9.69800091 38.4669991 -19.0255013
v 0 69.7320023 -16.4580021
v 9.69800091 38.4669991 -19.0255013
v 7.8130002 70.4729996 -14.6640034
v 9.69800091 38.4669991 -19.0255013
v 0 69.7320023 -16.4580021
v 0 35.6785011 -21.5410023
v 0 69.7320023 -16.4580021
v -9.69800091 38.4669991 -19.0255013
v 0 35.6785011 -21.5410023
v -9.69800091 38.4669991 -19.0255013
v 0 69.7320023 -16.4580021
v -7.8130002 70.4729996 -14.6640034
v -7.8130002 70.4729996 -14.6640034
v -18.8174992 41.8339996 -11.7975016
v -9.69800091 38.4669991 -19.0255013
v -18.8174992 41.8339996 -11.7975016
v -7.8130002 70.4729996 -14.6640034
v -15.8015003 71.6299973 -7.98850346
v 5.16750002 68.9974976 -7.17600298
v 15.8015003 71.6299973 -7.98850346
v 11.4464998 69.8034973 -1.47550309
v 15.8015003 71.6299973 -7.98850346
v 5.16750002 68.9974976 -7.17600298
v 7.8130002 70.4729996 -14.6640034
v 5.16750002 68.9974976 -7.17600298
v 0 69.7320023 -16.4580021
v 7.8130002 70.4729996 -14.6640034
v 0 69.7320023 -16.4580021
v 5.16750002 68.9974976 -7.17600298
v 0 68.4514999 -8.29400253
v 0 68.4514999 -8.29400253
v -7.8130002 70.4729996 -14.6640034
v 0 69.7320023 -16.4580021
v -7.8130002 70.4729996 -14.6640034
v 0 68.4514999 -8.29400253
v -5.16750002 68.9974976 -7.17600298
v -5.16750002 68.9974976 -7.17600298
v -15.8015003 71.6299973 -7.98850346
v -7.8130002 70.4729996 -14.6640034
v -15.8015003 71.6299973 -7.98850346
v -5.16750002 68.9974976 -7.17600298
v -11.4464998 69.8034973 -1.47550309
v 18.8174992 41.8339996 -11.7975016
v 7.29299974 36.7249985 -11.5180016
v 14.8199997 40.2739983 -5.16750145
v 7.29299974 36.7249985 -11.5180016
v 18.8174992 41.8339996 -11.7975016
v 9.69800091 38.4669991 -19.0255013
v 9.69800091 38.4669991 -19.0255013
v 0 34.3979988 -13.3835011
v 7.29299974 36.7249985 -11.5180016
v 0 34.3979988 -13.3835011
v 9.69800091 38.4669991 -19.0255013
v 0 35.6785011 -21.5410023
v 0 35.6785011 -21.5410023
v -7.29299974 36.7249985 -11.5180016
v 0 34.3979988 -13.3835011
v -7.29299974 36.7249985 -11.5180016
v 0 35.6785011 -21.5410023
v -9.69800091 38.4669991 -19.0255013
v -18.8174992 41.8339996 -11.7975016
v -7.29299974 36.7249985 -11.5180016
v -9.69800091 38.4669991 -19.0255013
v -7.29299974 36.7249985 -11.5180016
v -18.8174992 41.8339996 -11.7975016
v -14.8199997 40.2739983 -5.16750145
v 14.8199997 40.2739983 -5.16750145
v 5.16750002 68.9974976 -7.17600298
v 11.4464998 69.8034973 -1.47550309
v 5.16750002 68.9974976 -7.17600298
v 14.8199997 40.2739983 -5.16750145
v 7.29299974 36.7249985 -11.5180016
v 7.29299974 36.7249985 -11.5180016
v 0 68.4514999 -8.29400253
v 5.16750002 68.9974976 -7.17600298
v 0 68.4514999 -8.29400253
v 7.29299974 36.7249985 -11.5180016
v 0 34.3979988 -13.3835011
v -7.29299974 36.7249985 -11.5180016
v 0 68.4514999 -8.29400253
v 0 34.3979988 -13.3835011
v 0 68.4514999 -8.29400253
v -7.29299974 36.7249985 -11.5180016
v -5.16750002 68.9974976 -7.17600298
v -14.8199997 40.2739983 -5.16750145
v -5.16750002 68.9974976 -7.17600298
v -7.29299974 36.7249985 -11.5180016
v -5.16750002 68.9974976 -7.17600298
v -14.8199997 40.2739983 -5.16750145
v -11.4464998 69.8034973 -1.47550309
v -18.8174992 41.8339996 -11.7975016
v -11.4464998 69.8034973 -1.47550309
v -14.8199997 40.2739983 -5.16750145
v -11.4464998 69.8034973 -1.47550309
v -18.8174992 41.8339996 -11.7975016
v -15.8015003 71.6299973 -7.98850346
v 23.4974995 -68.8349991 -3.75699687
v 38.6165009 -112.346001 -21.677494
v 30.4134998 -115.212502 -9.80849552
v 38.6165009 -112.346001 -21.677494
v 23.4974995 -68.8349991 -3.75699687
v 32.4285011 -65.5004959 -15.4179974
v 14.9694996 -128.251495 17.322506
v 38.6165009 -110.324493 19.1685047
v 30.4134998 -111.2995 6.9940052
v 38.6165009 -110.324493 19.1685047
v 14.9694996 -128.251495 17.322506
v 20.3579998 -127.218002 30.9205055
v 0 -133.744003 20.0135059
v 20.3579998 -127.218002 30.9205055
v 14.9694996 -128.251495 17.322506
v 20.3579998 -127.218002 30.9205055
v 0 -133.744003 20.0135059
v 0 -133.744003 34.7815056
v -14.9694996 -128.251495 17.322506
v 0 -133.744003 34.7815056
v 0 -133.744003 20.0135059
v 0 -133.744003 34.7815056
v -14.9694996 -128.251495 17.322506
v -20.3579998 -127.218002 30.9205055
v -14.9694996 -128.251495 17.322506
v -38.6165009 -110.324493 19.1685047
v -20.3579998 -127.218002 30.9205055
v -38.6165009 -110.324493 19.1685047
v -14.9694996 -128.251495 17.322506
v -30.4134998 -111.2995 6.9940052
v 30.4134998 -115.212502 -9.80849552
v 10.6144991 -73.911499 -14.5859966
v 23.4974995 -68.8349991 -3.75699687
v 10.6144991 -73.911499 -14.5859966
v 30.4134998 -115.212502 -9.80849552
v 12.5644999 -130.747498 -22.769495
v 12.5644999 -130.747498 -22.769495
v 0 -76.3424988 -16.8414955
v 10.6144991 -73.911499 -14.5859966
v 0 -76.3424988 -16.8414955
v 12.5644999 -130.747498 -22.769495
v 0 -135.343002 -26.1819935
v -12.5644999 -130.747498 -22.769495
v 0 -76.3424988 -16.8414955
v 0 -135.343002 -26.1819935
v 0 -76.3424988 -16.8414955
v -12.5644999 -130.747498 -22.769495
v -10.6144991 -73.911499 -14.5859966
v -30.4134998 -115.212502 -9.80849552
v -10.6144991 -73.911499 -14.5859966
v -12.5644999 -130.747498 -22.769495
v -10.6144991 -73.911499 -14.5859966
v -30.4134998 -115.212502 -9.80849552
v -23.4974995 -68.8349991 -3.75699687
v 34.5149994 -70.2324982 -3.73099685
v 25.0119991 -72.5139999 3.73100305
v 25.0119991 -72.5139999 -3.73099685
v 25.0119991 -72.5139999 3.73100305
v 34.5149994 -70.2324982 -3.73099685
v 34.5149994 -70.2324982 3.73100305
v 41.8665009 -67.7884979 -3.73099709
v 34.5149994 -70.2324982 3.73100305
v 34.5149994 -70.2324982 -3.73099685
v 34.5149994 -70.2324982 3.73100305
v 41.8665009 -67.7884979 -3.73099709
v 41.8665009 -67.7884979 3.73100281
v 41.8665009 -67.7884979 3.73100281
v 48.0805016 -93.7365036 -3.73099589
v 48.0805016 -93.7365036 3.731004
v 48.0805016 -93.7365036 -3.73099589
v 41.8665009 -67.7884979 3.73100281
v 41.8665009 -67.7884979 -3.73099709
v -34.5149994 -70.2324982 3.73100305
v -48.0805016 -93.7365036 3.731004
v -41.8665009 -67.7884979 3.73100281
v -48.0805016 -93.7365036 3.731004
v -34.5149994 -70.2324982 3.73100305
v -36.9785004 -102.725998 3.73100448
v -25.0119991 -72.5139999 3.73100305
v -36.9785004 -102.725998 3.73100448
v -34.5149994 -70.2324982 3.73100305
v -36.9785004 -102.725998 3.73100448
v -25.0119991 -72.5139999 3.73100305
v -26.4810009 -111.735001 3.73100495
v -48.0805016 -93.7365036 3.731004
v -36.9785004 -102.725998 -3.73099542
v -48.0805016 -93.7365036 -3.73099589
v -36.9785004 -102.725998 -3.73099542
v -48.0805016 -93.7365036 3.731004
v -36.9785004 -102.725998 3.73100448
v -36.9785004 -102.725998 3.73100448
v -26.4810009 -111.735001 -3.73099518
v -36.9785004 -102.725998 -3.73099542
v -26.4810009 -111.735001 -3.73099518
v -36.9785004 -102.725998 3.73100448
v -26.4810009 -111.735001 3.73100495
v -10.6080008 -71.6495056 18.1740036
v -32.4285011 -63.0825005 20.3125019
v -23.4974995 -64.5449982 8.27450275
v -32.4285011 -63.0825005 20.3125019
v -10.6080008 -71.6495056 18.1740036
v -16.3149986 -71.2009964 31.843502
v -10.6080008 -71.6495056 18.1740036
v 0 -75.7054977 35.5615044
v -16.3149986 -71.2009964 31.843502
v 0 -75.7054977 35.5615044
v -10.6080008 -71.6495056 18.1740036
v 0 -75.7054977 20.013504
v 0 -75.7054977 20.013504
v 16.3149986 -71.2009964 31.843502
v 0 -75.7054977 35.5615044
v 16.3149986 -71.2009964 31.843502
v 0 -75.7054977 20.013504
v 10.6080008 -71.6495056 18.1740036
v 10.6080008 -71.6495056 18.1740036
v 32.4285011 -63.0825005 20.3125019
v 16.3149986 -71.2009964 31.843502
v 32.4285011 -63.0825005 20.3125019
v 10.6080008 -71.6495056 18.1740036
v 23.4974995 -64.5449982 8.27450275
v -38.6165009 -112.346001 -21.677494
v -16.3670006 -71.3115005 -28.1319962
v -32.4285011 -65.5004959 -15.4179974
v -16.3670006 -71.3115005 -28.1319962
v -38.6165009 -112.346001 -21.677494
v -24.043499 -123.044998 -33.0914955
v -16.3670006 -71.3115005 -28.1319962
v -24.043499 -123.044998 -33.0914955
v -11.2644997 -129.551498 -39.1039925
v -11.2644997 -129.551498 -39.1039925
v 0 -73.911499 -32.1944962
v -16.3670006 -71.3115005 -28.1319962
v 0 -73.911499 -32.1944962
v -11.2644997 -129.551498 -39.1039925
v 0 -132.522003 -40.5664978
v 11.2644997 -129.551498 -39.1039925
v 0 -73.911499 -32.1944962
v 0 -132.522003 -40.5664978
v 0 -73.911499 -32.1944962
v 11.2644997 -129.551498 -39.1039925
v 16.3670006 -71.3115005 -28.1319962
v 11.2644997 -129.551498 -39.1039925
v 24.043499 -123.044998 -33.0914955
v 16.3670006 -71.3115005 -28.1319962
v 38.6165009 -112.346001 -21.677494
v 16.3670006 -71.3115005 -28.1319962
v 24.043499 -123.044998 -33.0914955
v 16.3670006 -71.3115005 -28.1319962
v 38.6165009 -112.346001 -21.677494
v 32.4285011 -65.5004959 -15.4179974
v 0 -87.9775009 -52.5329971
v -7.50099993 -88.1139984 -38.1744957
v -7.50099993 -91.1819992 -53.2739944
v -7.50099993 -88.1139984 -38.1744957
v 0 -87.9775009 -52.5329971
v 0 -84.9485016 -37.673996
v 0 -84.9485016 -37.673996
v -7.50099993 -83.3819962 -31.2194977
v -7.50099993 -88.1139984 -38.1744957
v -7.50099993 -83.3819962 -31.2194977
v 0 -84.9485016 -37.673996
v 0 -79.6835022 -30.5109959
v 0 -84.9485016 -37.673996
v 7.50099993 -83.3819962 -31.2194977
v 0 -79.6835022 -30.5109959
v 7.50099993 -83.3819962 -31.2194977
v 0 -84.9485016 -37.673996
v 7.50099993 -88.1139984 -38.1744957
v 0 -87.9775009 -52.5329971
v 7.50099993 -88.1139984 -38.1744957
v 0 -84.9485016 -37.673996
v 7.50099993 -88.1139984 -38.1744957
v 0 -87.9775009 -52.5329971
v 7.50099993 -91.1819992 -53.2739944
v 0 -112.846497 -56.692997
v -7.50099993 -91.1819992 -53.2739944
v -7.50099993 -109.817497 -56.2249947
v -7.50099993 -91.1819992 -53.2739944
v 0 -112.846497 -56.692997
v 0 -87.9775009 -52.5329971
v 0 -112.846497 -56.692997
v 7.50099993 -91.1819992 -53.2739944
v 0 -87.9775009 -52.5329971
v 7.50099993 -91.1819992 -53.2739944
v 0 -112.846497 -56.692997
v 7.50099993 -109.817497 -56.2249947
v -48.0805016 -93.7365036 -3.73099589
v -34.5149994 -70.2324982 -3.73099685
v -41.8665009 -67.7884979 -3.73099709
v -34.5149994 -70.2324982 -3.73099685
v -48.0805016 -93.7365036 -3.73099589
v -36.9785004 -102.725998 -3.73099542
v -36.9785004 -102.725998 -3.73099542
v -25.0119991 -72.5139999 -3.73099685
v -34.5149994 -70.2324982 -3.73099685
v -25.0119991 -72.5139999 -3.73099685
v -36.9785004 -102.725998 -3.73099542
v -26.4810009 -111.735001 -3.73099518
v 23.5299988 26.7345009 2.73649883
v 27.8199997 26.5199986 -2.73650122
v 27.8199997 26.5200005 2.73649883
v 27.8199997 26.5199986 -2.73650122
v 23.5299988 26.7345009 2.73649883
v 23.5299988 26.7345009 -2.73650122
v 15.4700003 28.7950001 2.73649883
v 23.5299988 26.7345009 -2.73650122
v 23.5299988 26.7345009 2.73649883
v 23.5299988 26.7345009 -2.73650122
v 15.4700003 28.7950001 2.73649883
v 15.4700003 28.7950001 -2.73650122
v 25.0900002 8.68400002 -2.7365005
v 15.4700003 28.7950001 -2.73650122
v 17.6085014 3.8349998 -2.73650026
v 15.4700003 28.7950001 -2.73650122
v 25.0900002 8.68400002 -2.7365005
v 23.5299988 26.7345009 -2.73650122
v 30.6800003 10.6599998 -2.7365005
v 23.5299988 26.7345009 -2.73650122
v 25.0900002 8.68400002 -2.7365005
v 23.5299988 26.7345009 -2.73650122
v 30.6800003 10.6599998 -2.7365005
v 27.8199997 26.5199986 -2.73650122
v -15.4700003 28.7950001 2.73649883
v -23.5299988 26.7345009 -2.73650122
v -15.4700003 28.7950001 -2.73650122
v -23.5299988 26.7345009 -2.73650122
v -15.4700003 28.7950001 2.73649883
v -23.5299988 26.7345009 2.73649883
v -23.5299988 26.7345009 2.73649883
v -27.8199997 26.5199986 -2.73650122
v -23.5299988 26.7345009 -2.73650122
v -27.8199997 26.5199986 -2.73650122
v -23.5299988 26.7345009 2.73649883
v -27.8199997 26.5200005 2.73649883
v -30.6800003 10.6599998 -2.7365005
v -27.8199997 26.5200005 2.73649883
v -30.6800003 10.6600008 2.73649955
v -27.8199997 26.5200005 2.73649883
v -30.6800003 10.6599998 -2.7365005
v -27.8199997 26.5199986 -2.73650122
v 4.60199976 22.0999985 -25.467001
v 4.60199976 -3.56200099 -24.7650013
v 4.60199976 25.947998 -20.3580017
v 4.60199976 -3.56200099 -24.7650013
v 4.60199976 22.0999985 -25.467001
v 4.60199976 2.7039988 -28.1970005
v 4.60199976 20.0524979 -35.593998
v 4.60199976 2.7039988 -28.1970005
v 4.60199976 22.0999985 -25.467001
v 4.60199976 2.7039988 -28.1970005
v 4.60199976 20.0524979 -35.593998
v 4.60199976 6.52599859 -37.6155014
v -4.60199976 2.7039988 -28.1970005
v 0 4.12099838 -38.064003
v -4.60199976 6.52599859 -37.6155014
v 0 4.12099838 -38.064003
v -4.60199976 2.7039988 -28.1970005
v 0 -0.331501275 -28.6520004
v 4.60199976 2.7039988 -28.1970005
v 0 4.12099838 -38.064003
v 0 -0.331501275 -28.6520004
v 0 4.12099838 -38.064003
v 4.60199976 2.7039988 -28.1970005
v 4.60199976 6.52599859 -37.6155014
v -4.60199976 -3.56200099 -24.7650013
v 0 -0.331501275 -28.6520004
v -4.60199976 2.7039988 -28.1970005
v 0 -0.331501275 -28.6520004
v -4.60199976 -3.56200099 -24.7650013
v 0 -5.79150152 -25.2134991
v 4.60199976 -3.56200099 -24.7650013
v 0 -0.331501275 -28.6520004
v 0 -5.79150152 -25.2134991
v 0 -0.331501275 -28.6520004
v 4.60199976 -3.56200099 -24.7650013
v 4.60199976 2.7039988 -28.1970005
v -4.60199976 -3.56200099 -24.7650013
v -4.60199976 22.0999985 -25.467001
v -4.60199976 25.947998 -20.3580017
v -4.60199976 22.0999985 -25.467001
v -4.60199976 -3.56200099 -24.7650013
v -4.60199976 2.7039988 -28.1970005
v -4.60199976 2.7039988 -28.1970005
v -4.60199976 20.0524979 -35.593998
v -4.60199976 22.0999985 -25.467001
v -4.60199976 20.0524979 -35.593998
v -4.60199976 2.7039988 -28.1970005
v -4.60199976 6.52599859 -37.6155014
v 9.84749985 32.5129967 -18.4730015
v 23.7054996 -3.56200075 -14.8589993
v 19.9095001 33.968998 -10.0620012
v 23.7054996 -3.56200075 -14.8589993
v 9.84749985 32.5129967 -18.4730015
v 12.2199993 -7.80650091 -23.9654999
v 0 31.5834999 -20.7285004
v 12.2199993 -7.80650091 -23.9654999
v 9.84749985 32.5129967 -18.4730015
v 12.2199993 -7.80650091 -23.9654999
v 0 31.5834999 -20.7285004
v 0 -11.3165007 -27.1439991
v 0 31.5834999 -20.7285004
v -12.2199993 -7.80650091 -23.9654999
v 0 -11.3165007 -27.1439991
v -12.2199993 -7.80650091 -23.9654999
v 0 31.5834999 -20.7285004
v -9.84749985 32.5129967 -18.4730015
v -9.84749985 32.5129967 -18.4730015
v -23.7054996 -3.56200075 -14.8589993
v -12.2199993 -7.80650091 -23.9654999
v -23.7054996 -3.56200075 -14.8589993
v -9.84749985 32.5129967 -18.4730015
v -19.9095001 33.968998 -10.0620012
v 6.51300001 30.6539993 -9.04150105
v 19.9095001 33.968998 -10.0620012
v 14.4235001 31.6679993 -1.8590014
v 19.9095001 33.968998 -10.0620012
v 6.51300001 30.6539993 -9.04150105
v 9.84749985 32.5129967 -18.4730015
v 6.51300001 30.6539993 -9.04150105
v 0 31.5834999 -20.7285004
v 9.84749985 32.5129967 -18.4730015
v 0 31.5834999 -20.7285004
v 6.51300001 30.6539993 -9.04150105
v 0 29.9715004 -10.4520006
v 0 29.9715004 -10.4520006
v -9.84749985 32.5129967 -18.4730015
v 0 31.5834999 -20.7285004
v -9.84749985 32.5129967 -18.4730015
v 0 29.9715004 -10.4520006
v -6.51300001 30.6539993 -9.04150105
v -6.51300001 30.6539993 -9.04150105
v -19.9095001 33.968998 -10.0620012
v -9.84749985 32.5129967 -18.4730015
v -19.9095001 33.968998 -10.0620012
v -6.51300001 30.6539993 -9.04150105
v -14.4235001 31.6679993 -1.8590014
v 23.7054996 -3.56200075 -14.8589993
v 9.18449974 -10.0035009 -14.5144997
v 18.6680012 -5.53150034 -6.50649977
v 9.18449974 -10.0035009 -14.5144997
v 23.7054996 -3.56200075 -14.8589993
v 12.2199993 -7.80650091 -23.9654999
v 12.2199993 -7.80650091 -23.9654999
v 0 -12.9350004 -16.8610001
v 9.18449974 -10.0035009 -14.5144997
v 0 -12.9350004 -16.8610001
v 12.2199993 -7.80650091 -23.9654999
v 0 -11.3165007 -27.1439991
v 0 -11.3165007 -27.1439991
v -9.18449974 -10.0035009 -14.5144997
v 0 -12.9350004 -16.8610001
v -9.18449974 -10.0035009 -14.5144997
v 0 -11.3165007 -27.1439991
v -12.2199993 -7.80650091 -23.9654999
v -23.7054996 -3.56200075 -14.8589993
v -9.18449974 -10.0035009 -14.5144997
v -12.2199993 -7.80650091 -23.9654999
v -9.18449974 -10.0035009 -14.5144997
v -23.7054996 -3.56200075 -14.8589993
v -18.6680012 -5.53150034 -6.50649977
v 18.6680012 -5.53150034 -6.50649977
v 6.51300001 30.6539993 -9.04150105
v 14.4235001 31.6679993 -1.8590014
v 6.51300001 30.6539993 -9.04150105
v 18.6680012 -5.53150034 -6.50649977
v 9.18449974 -10.0035009 -14.5144997
v 9.18449974 -10.0035009 -14.5144997
v 0 29.9715004 -10.4520006
v 6.51300001 30.6539993 -9.04150105
v 0 29.9715004 -10.4520006
v 9.18449974 -10.0035009 -14.5144997
v 0 -12.9350004 -16.8610001
v -9.18449974 -10.0035009 -14.5144997
v 0 29.9715004 -10.4520006
v 0 -12.9350004 -16.8610001
v 0 29.9715004 -10.4520006
v -9.18449974 -10.0035009 -14.5144997
v -6.51300001 30.6539993 -9.04150105
v -18.6680012 -5.53150034 -6.50649977
v -6.51300001 30.6539993 -9.04150105
v -9.18449974 -10.0035009 -14.5144997
v -6.51300001 30.6539993 -9.04150105
v -18.6680012 -5.53150034 -6.50649977
v -14.4235001 31.6679993 -1.8590014
v -23.7054996 -3.56200075 -14.8589993
v -14.4235001 31.6679993 -1.8590014
v -18.6680012 -5.53150034 -6.50649977
v -14.4235001 31.6679993 -1.8590014
v -23.7054996 -3.56200075 -14.8589993
v -19.9095001 33.968998 -10.0620012
v 29.4124985 -21.5085011 3.41900086
v 34.7750015 -21.7750015 -3.41899896
v 34.7750015 -21.7749996 3.41900086
v 34.7750015 -21.7750015 -3.41899896
v 29.4124985 -21.5085011 3.41900086
v 29.4124985 -21.5085011 -3.41899896
v 19.3375015 -18.9344997 3.41900086
v 29.4124985 -21.5085011 -3.41899896
v 29.4124985 -21.5085011 3.41900086
v 29.4124985 -21.5085011 -3.41899896
v 19.3375015 -18.9344997 3.41900086
v 19.3375015 -18.9344997 -3.4189992
v 31.3624992 -44.0699997 -3.418998
v 19.3375015 -18.9344997 -3.4189992
v 22.0154991 -50.1345024 -3.41899776
v 19.3375015 -18.9344997 -3.4189992
v 31.3624992 -44.0699997 -3.418998
v 29.4124985 -21.5085011 -3.41899896
v 38.3499985 -41.5999985 -3.41899824
v 29.4124985 -21.5085011 -3.41899896
v 31.3624992 -44.0699997 -3.418998
v 29.4124985 -21.5085011 -3.41899896
v 38.3499985 -41.5999985 -3.41899824
v 34.7750015 -21.7750015 -3.41899896
v -19.3375015 -18.9344997 3.41900086
v -29.4124985 -21.5085011 -3.41899896
v -19.3375015 -18.9344997 -3.4189992
v -29.4124985 -21.5085011 -3.41899896
v -19.3375015 -18.9344997 3.41900086
v -29.4124985 -21.5085011 3.41900086
v -29.4124985 -21.5085011 3.41900086
v -34.7750015 -21.7750015 -3.41899896
v -29.4124985 -21.5085011 -3.41899896
v -34.7750015 -21.7750015 -3.41899896
v -29.4124985 -21.5085011 3.41900086
v -34.7750015 -21.7749996 3.41900086
v -38.3499985 -41.5999985 -3.41899824
v -34.7750015 -21.7749996 3.41900086
v -38.3499985 -41.5999985 3.41900182
v -34.7750015 -21.7749996 3.41900086
v -38.3499985 -41.5999985 -3.41899824
v -34.7750015 -21.7750015 -3.41899896
v 5.7590003 -27.3000011 -31.8369999
v 5.7590003 -59.3775024 -30.9594975
v 5.7590003 -22.4899998 -25.4474983
v 5.7590003 -59.3775024 -30.9594975
v 5.7590003 -27.3000011 -31.8369999
v 5.7590003 -51.545002 -35.243
v 5.7590003 -29.861002 -44.4924965
v 5.7590003 -51.545002 -35.243
v 5.7590003 -27.3000011 -31.8369999
v 5.7590003 -51.545002 -35.243
v 5.7590003 -29.861002 -44.4924965
v 5.7590003 -46.7675018 -47.0144958
v -5.7590003 -51.545002 -35.243
v 0 -49.7770004 -47.5864983
v -5.7590003 -46.7675018 -47.0144958
v 0 -49.7770004 -47.5864983
v -5.7590003 -51.545002 -35.243
v 0 -55.3410034 -35.8149986
v 5.7590003 -51.545002 -35.243
v 0 -49.7770004 -47.5864983
v 0 -55.3410034 -35.8149986
v 0 -49.7770004 -47.5864983
v 5.7590003 -51.545002 -35.243
v 5.7590003 -46.7675018 -47.0144958
v -5.7590003 -59.3775024 -30.9594975
v 0 -55.3410034 -35.8149986
v -5.7590003 -51.545002 -35.243
v 0 -55.3410034 -35.8149986
v -5.7590003 -59.3775024 -30.9594975
v 0 -62.1660004 -31.5119972
v 5.7590003 -59.3775024 -30.9594975
v 0 -55.3410034 -35.8149986
v 0 -62.1660004 -31.5119972
v 0 -55.3410034 -35.8149986
v 5.7590003 -59.3775024 -30.9594975
v 5.7590003 -51.545002 -35.243
v -5.7590003 -59.3775024 -30.9594975
v -5.7590003 -27.3000011 -31.8369999
v -5.7590003 -22.4899998 -25.4474983
v -5.7590003 -27.3000011 -31.8369999
v -5.7590003 -59.3775024 -30.9594975
v -5.7590003 -51.545002 -35.243
v -5.7590003 -51.545002 -35.243
v -5.7590003 -29.861002 -44.4924965
v -5.7590003 -27.3000011 -31.8369999
v -5.7590003 -29.861002 -44.4924965
v -5.7590003 -51.545002 -35.243
v -5.7590003 -46.7675018 -47.0144958
v 12.3044996 -14.2870007 -23.0944996
v 29.6335011 -59.3840027 -18.5769978
v 24.882 -12.4605007 -12.5839996
v 29.6335011 -59.3840027 -18.5769978
v 12.3044996 -14.2870007 -23.0944996
v 15.2749996 -64.6815033 -29.958498
v 0 -15.4440012 -25.9154987
v 15.2749996 -64.6815033 -29.958498
v 12.3044996 -14.2870007 -23.0944996
v 15.2749996 -64.6815033 -29.958498
v 0 -15.4440012 -25.9154987
v 0 -69.0755005 -33.9299965
v 0 -15.4440012 -25.9154987
v -15.2749996 -64.6815033 -29.958498
v 0 -69.0755005 -33.9299965
v -15.2749996 -64.6815033 -29.958498
v 0 -15.4440012 -25.9154987
v -12.3044996 -14.2870007 -23.0944996
v -12.3044996 -14.2870007 -23.0944996
v -29.6335011 -59.3840027 -18.5769978
v -15.2749996 -64.6815033 -29.958498
v -29.6335011 -59.3840027 -18.5769978
v -12.3044996 -14.2870007 -23.0944996
v -24.882 -12.4605007 -12.5839996
v 8.13800049 -16.6075001 -11.3034992
v 24.882 -12.4605007 -12.5839996
v 18.0309982 -15.3400002 -2.32699919
v 24.882 -12.4605007 -12.5839996
v 8.13800049 -16.6075001 -11.3034992
v 12.3044996 -14.2870007 -23.0944996
v 8.13800049 -16.6075001 -11.3034992
v 0 -15.4440012 -25.9154987
v 12.3044996 -14.2870007 -23.0944996
v 0 -15.4440012 -25.9154987
v 8.13800049 -16.6075001 -11.3034992
v 0 -17.4654999 -13.0649996
v 0 -17.4654999 -13.0649996
v -12.3044996 -14.2870007 -23.0944996
v 0 -15.4440012 -25.9154987
v -12.3044996 -14.2870007 -23.0944996
v 0 -17.4654999 -13.0649996
v -8.13800049 -16.6075001 -11.3034992
v -8.13800049 -16.6075001 -11.3034992
v -24.882 -12.4605007 -12.5839996
v -12.3044996 -14.2870007 -23.0944996
v -24.882 -12.4605007 -12.5839996
v -8.13800049 -16.6075001 -11.3034992
v -18.0309982 -15.3400002 -2.32699919
v 29.6335011 -59.3840027 -18.5769978
v 11.4854994 -67.4244995 -18.1414967
v 23.3349991 -61.8345032 -8.13799763
v 11.4854994 -67.4244995 -18.1414967
v 29.6335011 -59.3840027 -18.5769978
v 15.2749996 -64.6815033 -29.958498
v 15.2749996 -64.6815033 -29.958498
v 0 -71.0905075 -21.0794964
v 11.4854994 -67.4244995 -18.1414967
v 0 -71.0905075 -21.0794964
v 15.2749996 -64.6815033 -29.958498
v 0 -69.0755005 -33.9299965
v 0 -69.0755005 -33.9299965
v -11.4854994 -67.4244995 -18.1414967
v 0 -71.0905075 -21.0794964
v -11.4854994 -67.4244995 -18.1414967
v 0 -69.0755005 -33.9299965
v -15.2749996 -64.6815033 -29.958498
v -29.6335011 -59.3840027 -18.5769978
v -11.4854994 -67.4244995 -18.1414967
v -15.2749996 -64.6815033 -29.958498
v -11.4854994 -67.4244995 -18.1414967
v -29.6335011 -59.3840027 -18.5769978
v -23.3349991 -61.8345032 -8.13799763
v 23.3349991 -61.8345032 -8.13799763
v 8.13800049 -16.6075001 -11.3034992
v 18.0309982 -15.3400002 -2.32699919
v 8.13800049 -16.6075001 -11.3034992
v 23.3349991 -61.8345032 -8.13799763
v 11.4854994 -67.4244995 -18.1414967
v 11.4854994 -67.4244995 -18.1414967
v 0 -17.4654999 -13.0649996
v 8.13800049 -16.6075001 -11.3034992
v 0 -17.4654999 -13.0649996
v 11.4854994 -67.4244995 -18.1414967
v 0 -71.0905075 -21.0794964
v -11.4854994 -67.4244995 -18.1414967
v 0 -17.4654999 -13.0649996
v 0 -71.0905075 -21.0794964
v 0 -17.4654999 -13.0649996
v -11.4854994 -67.4244995 -18.1414967
v -8.13800049 -16.6075001 -11.3034992
v -23.3349991 -61.8345032 -8.13799763
v -8.13800049 -16.6075001 -11.3034992
v -11.4854994 -67.4244995 -18.1414967
v -8.13800049 -16.6075001 -11.3034992
v -23.3349991 -61.8345032 -8.13799763
v -18.0309982 -15.3400002 -2.32699919
v -29.6335011 -59.3840027 -18.5769978
v -18.0309982 -15.3400002 -2.32699919
v -23.3349991 -61.8345032 -8.13799763
v -18.0309982 -15.3400002 -2.32699919
v -29.6335011 -59.3840027 -18.5769978
v -24.882 -12.4605007 -12.5839996
v 12.6229992 102.764999 9.39249611
v 12.8699999 77.3044968 4.95949697
v 14.8134995 77.1030045 10.7314959
v 12.8699999 77.3044968 4.95949697
v 12.6229992 102.764999 9.39249611
v 10.6729994 103.135498 4.6409955
v 7.38399982 130.429001 8.49549484
v 10.6729994 103.135498 4.6409955
v 12.6229992 102.764999 9.39249611
v 10.6729994 103.135498 4.6409955
v 7.38399982 130.429001 8.49549484
v 5.43400002 130.8125 4.69299412
v 7.38399982 130.429001 8.49549484
v 0 145.158005 4.89449358
v 5.43400002 130.8125 4.69299412
v 0 145.158005 4.89449358
v 7.38399982 130.429001 8.49549484
v 0 147.413498 8.41099358
v -7.38399982 130.429001 8.49549484
v 0 145.158005 4.89449358
v 0 147.413498 8.41099358
v 0 145.158005 4.89449358
v -7.38399982 130.429001 8.49549484
v -5.43400002 130.8125 4.69299412
v -7.38399982 130.429001 8.49549484
v -10.6729994 103.135498 4.6409955
v -5.43400002 130.8125 4.69299412
v -10.6729994 103.135498 4.6409955
v -7.38399982 130.429001 8.49549484
v -12.6229992 102.764999 9.39249611
v -12.6229992 102.764999 9.39249611
v -12.8699999 77.3044968 4.95949697
v -10.6729994 103.135498 4.6409955
v -12.8699999 77.3044968 4.95949697
v -12.6229992 102.764999 9.39249611
v -14.8134995 77.1030045 10.7314959
v 0 67.5674973 16.2369976
v -6.59100008 78.9230042 6.32449675
v 0 78.9230042 8.94399643
v -6.59100008 78.9230042 6.32449675
v 0 67.5674973 16.2369976
v -10.9654999 67.5674973 11.4854965
v -10.9654999 67.5674973 11.4854965
v -9.3210001 78.9230042 -3.44983414e-06
v -6.59100008 78.9230042 6.32449675
v -9.3210001 78.9230042 -3.44983414e-06
v -10.9654999 67.5674973 11.4854965
v -15.5024996 67.5674973 -2.95346922e-06
v -15.5024996 67.5674973 -2.95346922e-06
v -6.59100008 78.9230042 -6.32450342
v -9.3210001 78.9230042 -3.44983414e-06
v -6.59100008 78.9230042 -6.32450342
v -15.5024996 67.5674973 -2.95346922e-06
v -10.9654999 67.5674973 -11.4855022
v -10.9654999 67.5674973 -11.4855022
v 0 78.9230042 -8.94400406
v -6.59100008 78.9230042 -6.32450342
v 0 43.8359985 16.2369976
v -10.9654999 67.5674973 11.4854965
v 0 67.5674973 16.2369976
v -10.9654999 67.5674973 11.4854965
v 0 43.8359985 16.2369976
v -11.4854994 43.8359985 11.4854975
v -16.2369995 55.704998 -2.43494287e-06
v -10.9654999 67.5674973 11.4854965
v -11.4854994 43.8359985 11.4854975
v -16.2369995 55.704998 -2.43494287e-06
v -15.5024996 67.5674973 -2.95346922e-06
v -10.9654999 67.5674973 11.4854965
v -11.4854994 55.704998 -11.4855022
v -15.5024996 67.5674973 -2.95346922e-06
v -16.2369995 55.704998 -2.43494287e-06
v -15.5024996 67.5674973 -2.95346922e-06
v -11.4854994 55.704998 -11.4855022
v -10.9654999 67.5674973 -11.4855022
v 0 55.704998 -16.2370014
v -10.9654999 67.5674973 -11.4855022
v -11.4854994 55.704998 -11.4855022
v -10.9654999 67.5674973 -11.4855022
v 0 55.704998 -16.2370014
v 0 67.5674973 -16.2370033
v 0 78.9230042 -8.94400406
v -10.9654999 67.5674973 -11.4855022
v 0 67.5674973 -16.2370033
v 0 67.5674973 -16.2370033
v 6.59100008 78.9230042 -6.32450342
v 0 78.9230042 -8.94400406
v 6.59100008 78.9230042 -6.32450342
v 0 67.5674973 -16.2370033
v 10.9654999 67.5674973 -11.4855022
v 10.9654999 67.5674973 -11.4855022
v 9.3210001 78.9230042 -3.44983414e-06
v 6.59100008 78.9230042 -6.32450342
v -16.2369995 43.8359985 -1.91613231e-06
v -16.2369995 55.704998 -2.43494287e-06
v -11.4854994 43.8359985 11.4854975
v -11.4854994 43.8359985 -11.4855013
v -16.2369995 55.704998 -2.43494287e-06
v -16.2369995 43.8359985 -1.91613231e-06
v -16.2369995 55.704998 -2.43494287e-06
v -11.4854994 43.8359985 -11.4855013
v -11.4854994 55.704998 -11.4855022
v 0 43.8359985 -16.2370014
v -11.4854994 55.704998 -11.4855022
v -11.4854994 43.8359985 -11.4855013
v -11.4854994 55.704998 -11.4855022
v 0 43.8359985 -16.2370014
v 0 55.704998 -16.2370014
v 11.4854994 43.8359985 -11.4855013
v 0 55.704998 -16.2370014
v 0 43.8359985 -16.2370014
v 0 55.704998 -16.2370014
v 11.4854994 43.8359985 -11.4855013
v 11.4854994 55.704998 -11.4855022
v 10.9654999 67.5674973 -11.4855022
v 0 55.704998 -16.2370014
v 11.4854994 55.704998 -11.4855022
v 0 55.704998 -16.2370014
v 10.9654999 67.5674973 -11.4855022
v 0 67.5674973 -16.2370033
v 16.2369995 43.8359985 -1.91613231e-06
v 11.4854994 55.704998 -11.4855022
v 11.4854994 43.8359985 -11.4855013
v 11.4854994 55.704998 -11.4855022
v 16.2369995 43.8359985 -1.91613231e-06
v 16.2369995 55.704998 -2.43494287e-06
v 15.5024996 67.5674973 -2.95346922e-06
v 11.4854994 55.704998 -11.4855022
v 16.2369995 55.704998 -2.43494287e-06
v 11.4854994 55.704998 -11.4855022
v 15.5024996 67.5674973 -2.95346922e-06
v 10.9654999 67.5674973 -11.4855022
v 9.3210001 78.9230042 -3.44983414e-06
v 10.9654999 67.5674973 -11.4855022
v 15.5024996 67.5674973 -2.95346922e-06
v 15.5024996 67.5674973 -2.95346922e-06
v 6.59100008 78.9230042 6.32449675
v 9.3210001 78.9230042 -3.44983414e-06
v 6.59100008 78.9230042 6.32449675
v 15.5024996 67.5674973 -2.95346922e-06
v 10.9654999 67.5674973 11.4854965
v 10.9654999 67.5674973 11.4854965
v 0 78.9230042 8.94399643
v 6.59100008 78.9230042 6.32449675
v 0 78.9230042 8.94399643
v 10.9654999 67.5674973 11.4854965
v 0 67.5674973 16.2369976
v 10.9654999 67.5674973 11.4854965
v 0 43.8359985 16.2369976
v 0 67.5674973 16.2369976
v 11.4854994 43.8359985 11.4854975
v 16.2369995 55.704998 -2.43494287e-06
v 16.2369995 43.8359985 -1.91613231e-06
v 11.4854994 43.8359985 11.4854975
v 10.9654999 67.5674973 11.4854965
v 16.2369995 55.704998 -2.43494287e-06
v 10.9654999 67.5674973 11.4854965
v 15.5024996 67.5674973 -2.95346922e-06
v 16.2369995 55.704998 -2.43494287e-06
v 0 43.8359985 16.2369976
v 10.9654999 67.5674973 11.4854965
v 11.4854994 43.8359985 11.4854975
v 22.0805016 65.715004 2.17099714
v 24.348999 53.1245003 -2.17100215
v 24.348999 53.1245003 2.17099762
v 24.348999 53.1245003 -2.17100215
v 22.0805016 65.715004 2.17099714
v 22.0805016 65.715004 -2.17100286
v -18.6744995 65.8840027 2.17099714
v -24.348999 53.1245003 2.17099762
v -22.0805016 65.715004 2.17099714
v -24.348999 53.1245003 2.17099762
v -18.6744995 65.8840027 2.17099714
v -19.9160004 51.5580025 2.17099762
v -12.2784996 67.5154953 2.1709969
v -19.9160004 51.5580025 2.17099762
v -18.6744995 65.8840027 2.17099714
v -19.9160004 51.5580025 2.17099762
v -12.2784996 67.5154953 2.1709969
v -13.9815006 47.7035027 2.17099786
v -24.348999 53.1245003 2.17099762
v -19.9160004 51.5580025 -2.17100215
v -24.348999 53.1245003 -2.17100215
v -19.9160004 51.5580025 -2.17100215
v -24.348999 53.1245003 2.17099762
v -19.9160004 51.5580025 2.17099762
v -19.9160004 51.5580025 2.17099762
v -13.9815006 47.7034988 -2.17100191
v -19.9160004 51.5580025 -2.17100215
v -13.9815006 47.7034988 -2.17100191
v -19.9160004 51.5580025 2.17099762
v -13.9815006 47.7035027 2.17099786
v 18.8174992 42.8479996 10.0554981
v 8.05350018 70.6744995 17.5239964
v 15.8015003 72.8714981 10.6924963
v 8.05350018 70.6744995 17.5239964
v 18.8174992 42.8479996 10.0554981
v 10.0360003 38.4865036 17.0819988
v 10.0360003 38.4865036 17.0819988
v 0 69.6865005 18.9474964
v 8.05350018 70.6744995 17.5239964
v 0 69.6865005 18.9474964
v 10.0360003 38.4865036 17.0819988
v 0 35.2560005 18.9474983
v -10.0360003 38.4865036 17.0819988
v 0 69.6865005 18.9474964
v 0 35.2560005 18.9474983
v 0 69.6865005 18.9474964
v -10.0360003 38.4865036 17.0819988
v -8.05350018 70.6744995 17.5239964
v -18.8174992 42.8479996 10.0554981
v -8.05350018 70.6744995 17.5239964
v -10.0360003 38.4865036 17.0819988
v -8.05350018 70.6744995 17.5239964
v -18.8174992 42.8479996 10.0554981
v -15.8015003 72.8714981 10.6924963
v 15.8015003 72.8714981 10.6924963
v 5.04400015 70.388504 8.98949718
v 11.4464998 72.0329971 3.97799683
v 5.04400015 70.388504 8.98949718
v 15.8015003 72.8714981 10.6924963
v 8.05350018 70.6744995 17.5239964
v 8.05350018 70.6744995 17.5239964
v 0 69.6865005 10.5234966
v 5.04400015 70.388504 8.98949718
v 0 69.6865005 10.5234966
v 8.05350018 70.6744995 17.5239964
v 0 69.6865005 18.9474964
v 0 69.6865005 18.9474964
v -5.04400015 70.388504 8.98949718
v 0 69.6865005 10.5234966
v -5.04400015 70.388504 8.98949718
v 0 69.6865005 18.9474964
v -8.05350018 70.6744995 17.5239964
v -15.8015003 72.8714981 10.6924963
v -5.04400015 70.388504 8.98949718
v -8.05350018 70.6744995 17.5239964
v -5.04400015 70.388504 8.98949718
v -15.8015003 72.8714981 10.6924963
v -11.4464998 72.0329971 3.97799683
v 7.16949987 37.8300018 8.51499844
v 18.8174992 42.8479996 10.0554981
v 14.8199997 42.2825012 3.2629981
v 18.8174992 42.8479996 10.0554981
v 7.16949987 37.8300018 8.51499844
v 10.0360003 38.4865036 17.0819988
v 0 35.2560005 10.5234985
v 10.0360003 38.4865036 17.0819988
v 7.16949987 37.8300018 8.51499844
v 10.0360003 38.4865036 17.0819988
v 0 35.2560005 10.5234985
v 0 35.2560005 18.9474983
v -7.16949987 37.8300018 8.51499844
v 0 35.2560005 18.9474983
v 0 35.2560005 10.5234985
v 0 35.2560005 18.9474983
v -7.16949987 37.8300018 8.51499844
v -10.0360003 38.4865036 17.0819988
v -7.16949987 37.8300018 8.51499844
v -18.8174992 42.8479996 10.0554981
v -10.0360003 38.4865036 17.0819988
v -18.8174992 42.8479996 10.0554981
v -7.16949987 37.8300018 8.51499844
v -14.8199997 42.2825012 3.2629981
v 5.04400015 70.388504 8.98949718
v 14.8199997 42.2825012 3.2629981
v 11.4464998 72.0329971 3.97799683
v 14.8199997 42.2825012 3.2629981
v 5.04400015 70.388504 8.98949718
v 7.16949987 37.8300018 8.51499844
v 0 69.6865005 10.5234966
v 7.16949987 37.8300018 8.51499844
v 5.04400015 70.388504 8.98949718
v 7.16949987 37.8300018 8.51499844
v 0 69.6865005 10.5234966
v 0 35.2560005 10.5234985
v 0 69.6865005 10.5234966
v -7.16949987 37.8300018 8.51499844
v 0 35.2560005 10.5234985
v -7.16949987 37.8300018 8.51499844
v 0 69.6865005 10.5234966
v -5.04400015 70.388504 8.98949718
v -5.04400015 70.388504 8.98949718
v -14.8199997 42.2825012 3.2629981
v -7.16949987 37.8300018 8.51499844
v -14.8199997 42.2825012 3.2629981
v -5.04400015 70.388504 8.98949718
v -11.4464998 72.0329971 3.97799683
v -11.4464998 72.0329971 3.97799683
v -18.8174992 42.8479996 10.0554981
v -14.8199997 42.2825012 3.2629981
v -18.8174992 42.8479996 10.0554981
v -11.4464998 72.0329971 3.97799683
v -15.8015003 72.8714981 10.6924963
v 38.6165009 -110.324493 19.1685047
v 23.4974995 -64.5449982 8.27450275
v 30.4134998 -111.2995 6.9940052
v 23.4974995 -64.5449982 8.27450275
v 38.6165009 -110.324493 19.1685047
v 32.4285011 -63.0825005 20.3125019
v 10.6144991 -73.911499 -14.5859966
v 32.4285011 -65.5004959 -15.4179974
v 23.4974995 -68.8349991 -3.75699687
v 32.4285011 -65.5004959 -15.4179974
v 10.6144991 -73.911499 -14.5859966
v 16.3670006 -71.3115005 -28.1319962
v 10.6144991 -73.911499 -14.5859966
v 0 -73.911499 -32.1944962
v 16.3670006 -71.3115005 -28.1319962
v 0 -73.911499 -32.1944962
v 10.6144991 -73.911499 -14.5859966
v 0 -76.3424988 -16.8414955
v 0 -76.3424988 -16.8414955
v -16.3670006 -71.3115005 -28.1319962
v 0 -73.911499 -32.1944962
v -16.3670006 -71.3115005 -28.1319962
v 0 -76.3424988 -16.8414955
v -10.6144991 -73.911499 -14.5859966
v -10.6144991 -73.911499 -14.5859966
v -32.4285011 -65.5004959 -15.4179974
v -16.3670006 -71.3115005 -28.1319962
v -32.4285011 -65.5004959 -15.4179974
v -10.6144991 -73.911499 -14.5859966
v -23.4974995 -68.8349991 -3.75699687
v 48.0805016 -93.7365036 3.731004
v 34.5149994 -70.2324982 3.73100305
v 41.8665009 -67.7884979 3.73100281
v 34.5149994 -70.2324982 3.73100305
v 48.0805016 -93.7365036 3.731004
v 36.9785004 -102.725998 3.73100448
v 36.9785004 -102.725998 3.73100448
v 25.0119991 -72.5139999 3.73100305
v 34.5149994 -70.2324982 3.73100305
v 25.0119991 -72.5139999 3.73100305
v 36.9785004 -102.725998 3.73100448
v 26.4810009 -111.735001 3.73100495
v 36.9785004 -102.725998 -3.73099542
v 48.0805016 -93.7365036 3.731004
v 48.0805016 -93.7365036 -3.73099589
v 48.0805016 -93.7365036 3.731004
v 36.9785004 -102.725998 -3.73099542
v 36.9785004 -102.725998 3.73100448
v 26.4810009 -111.735001 -3.73099518
v 36.9785004 -102.725998 3.73100448
v 36.9785004 -102.725998 -3.73099542
v 36.9785004 -102.725998 3.73100448
v 26.4810009 -111.735001 -3.73099518
v 26.4810009 -111.735001 3.73100495
v -23.4974995 -64.5449982 8.27450275
v -38.6165009 -110.324493 19.1685047
v -30.4134998 -111.2995 6.9940052
v -38.6165009 -110.324493 19.1685047
v -23.4974995 -64.5449982 8.27450275
v -32.4285011 -63.0825005 20.3125019
v -38.6165009 -112.346001 -21.677494
v -23.4974995 -68.8349991 -3.75699687
v -30.4134998 -115.212502 -9.80849552
v -23.4974995 -68.8349991 -3.75699687
v -38.6165009 -112.346001 -21.677494
v -32.4285011 -65.5004959 -15.4179974
v 0 28.8600006 20.461998
v -8.30049992 43.1599998 7.96899796
v 0 43.1599998 11.270998
v -8.30049992 43.1599998 7.96899796
v 0 28.8600006 20.461998
v -13.8125 28.8600006 14.4689989
v -13.8125 28.8600006 14.4689989
v -11.7390003 43.1599998 -1.8865835e-06
v -8.30049992 43.1599998 7.96899796
v -11.7390003 43.1599998 -1.8865835e-06
v -13.8125 28.8600006 14.4689989
v -19.5325012 28.8600006 -1.26151076e-06
v -19.5325012 28.8600006 -1.26151076e-06
v -8.30049992 43.1599998 -7.96900177
v -11.7390003 43.1599998 -1.8865835e-06
v -8.30049992 43.1599998 -7.96900177
v -19.5325012 28.8600006 -1.26151076e-06
v -13.8125 28.8600006 -14.4690008
v -13.8125 28.8600006 -14.4690008
v 0 43.159996 -11.2710018
v -8.30049992 43.1599998 -7.96900177
v 0 -1.03999913 20.4619999
v -13.8125 28.8600006 14.4689989
v 0 28.8600006 20.461998
v -13.8125 28.8600006 14.4689989
v 0 -1.03999913 20.4619999
v -14.4689999 -1.03999937 14.4689999
v -20.4619999 13.9099998 -6.08025402e-07
v -13.8125 28.8600006 14.4689989
v -14.4689999 -1.03999937 14.4689999
v -20.4619999 13.9099998 -6.08025402e-07
v -19.5325012 28.8600006 -1.26151076e-06
v -13.8125 28.8600006 14.4689989
v -14.4689999 13.9099998 -14.4690008
v -19.5325012 28.8600006 -1.26151076e-06
v -20.4619999 13.9099998 -6.08025402e-07
v -19.5325012 28.8600006 -1.26151076e-06
v -14.4689999 13.9099998 -14.4690008
v -13.8125 28.8600006 -14.4690008
v 0 13.9099989 -20.4619999
v -13.8125 28.8600006 -14.4690008
v -14.4689999 13.9099998 -14.4690008
v -13.8125 28.8600006 -14.4690008
v 0 13.9099989 -20.4619999
v 0 28.8599987 -20.4620018
v 0 43.159996 -11.2710018
v -13.8125 28.8600006 -14.4690008
v 0 28.8599987 -20.4620018
v 0 28.8599987 -20.4620018
v 8.30049992 43.1599998 -7.96900177
v 0 43.159996 -11.2710018
v 8.30049992 43.1599998 -7.96900177
v 0 28.8599987 -20.4620018
v 13.8125 28.8600006 -14.4690008
v 13.8125 28.8600006 -14.4690008
v 11.7390003 43.1599998 -1.8865835e-06
v 8.30049992 43.1599998 -7.96900177
v -20.4619999 -1.04000008 4.54598457e-08
v -20.4619999 13.9099998 -6.08025402e-07
v -14.4689999 -1.03999937 14.4689999
v -14.4689999 -1.04000068 -14.4689999
v -20.4619999 13.9099998 -6.08025402e-07
v -20.4619999 -1.04000008 4.54598457e-08
v -20.4619999 13.9099998 -6.08025402e-07
v -14.4689999 -1.04000068 -14.4689999
v -14.4689999 13.9099998 -14.4690008
v 0 -1.04000092 -20.4619999
v -14.4689999 13.9099998 -14.4690008
v -14.4689999 -1.04000068 -14.4689999
v -14.4689999 13.9099998 -14.4690008
v 0 -1.04000092 -20.4619999
v 0 13.9099989 -20.4619999
v 14.4689999 -1.04000068 -14.4689999
v 0 13.9099989 -20.4619999
v 0 -1.04000092 -20.4619999
v 0 13.9099989 -20.4619999
v 14.4689999 -1.04000068 -14.4689999
v 14.4689999 13.9099998 -14.4690008
v 13.8125 28.8600006 -14.4690008
v 0 13.9099989 -20.4619999
v 14.4689999 13.9099998 -14.4690008
v 0 13.9099989 -20.4619999
v 13.8125 28.8600006 -14.4690008
v 0 28.8599987 -20.4620018
v 20.4619999 -1.04000008 4.54598457e-08
v 14.4689999 13.9099998 -14.4690008
v 14.4689999 -1.04000068 -14.4689999
v 14.4689999 13.9099998 -14.4690008
v 20.4619999 -1.04000008 4.54598457e-08
v 20.4619999 13.9099998 -6.08025402e-07
v 19.5325012 28.8600006 -1.26151076e-06
v 14.4689999 13.9099998 -14.4690008
v 20.4619999 13.9099998 -6.08025402e-07
v 14.4689999 13.9099998 -14.4690008
v 19.5325012 28.8600006 -1.26151076e-06
v 13.8125 28.8600006 -14.4690008
v 11.7390003 43.1599998 -1.8865835e-06
v 13.8125 28.8600006 -14.4690008
v 19.5325012 28.8600006 -1.26151076e-06
v 19.5325012 28.8600006 -1.26151076e-06
v 8.30049992 43.1599998 7.96899796
v 11.7390003 43.1599998 -1.8865835e-06
v 8.30049992 43.1599998 7.96899796
v 19.5325012 28.8600006 -1.26151076e-06
v 13.8125 28.8600006 14.4689989
v 13.8125 28.8600006 14.4689989
v 0 43.1599998 11.270998
v 8.30049992 43.1599998 7.96899796
v 0 43.1599998 11.270998
v 13.8125 28.8600006 14.4689989
v 0 28.8600006 20.461998
v 13.8125 28.8600006 14.4689989
v 0 -1.03999913 20.4619999
v 0 28.8600006 20.461998
v 14.4689999 -1.03999937 14.4689999
v 20.4619999 13.9099998 -6.08025402e-07
v 20.4619999 -1.04000008 4.54598457e-08
v 14.4689999 -1.03999937 14.4689999
v 13.8125 28.8600006 14.4689989
v 20.4619999 13.9099998 -6.08025402e-07
v 13.8125 28.8600006 14.4689989
v 19.5325012 28.8600006 -1.26151076e-06
v 20.4619999 13.9099998 -6.08025402e-07
v 0 -1.03999913 20.4619999
v 13.8125 28.8600006 14.4689989
v 14.4689999 -1.03999937 14.4689999
v 27.8199997 26.5200005 2.73649883
v 30.6800003 10.6599998 -2.7365005
v 30.6800003 10.6600008 2.73649955
v 30.6800003 10.6599998 -2.7365005
v 27.8199997 26.5200005 2.73649883
v 27.8199997 26.5199986 -2.73650122
v -23.5299988 26.7345009 2.73649883
v -30.6800003 10.6600008 2.73649955
v -27.8199997 26.5200005 2.73649883
v -30.6800003 10.6600008 2.73649955
v -23.5299988 26.7345009 2.73649883
v -25.0900002 8.68400002 2.73649979
v -15.4700003 28.7950001 2.73649883
v -25.0900002 8.68400002 2.73649979
v -23.5299988 26.7345009 2.73649883
v -25.0900002 8.68400002 2.73649979
v -15.4700003 28.7950001 2.73649883
v -17.6085014 3.83500004 2.73650002
v -30.6800003 10.6600008 2.73649955
v -25.0900002 8.68400002 -2.7365005
v -30.6800003 10.6599998 -2.7365005
v -25.0900002 8.68400002 -2.7365005
v -30.6800003 10.6600008 2.73649955
v -25.0900002 8.68400002 2.73649979
v -25.0900002 8.68400002 2.73649979
v -17.6085014 3.8349998 -2.73650026
v -25.0900002 8.68400002 -2.7365005
v -17.6085014 3.8349998 -2.73650026
v -25.0900002 8.68400002 2.73649979
v -17.6085014 3.83500004 2.73650002
v 23.7054996 -2.28799939 12.6620007
v 10.1465006 32.7665024 22.0739975
v 19.9095001 35.5419998 13.4679985
v 10.1465006 32.7665024 22.0739975
v 23.7054996 -2.28799939 12.6620007
v 12.6424999 -7.78049898 21.5214996
v 12.6424999 -7.78049898 21.5214996
v 0 31.5250015 23.8679981
v 10.1465006 32.7665024 22.0739975
v 0 31.5250015 23.8679981
v 12.6424999 -7.78049898 21.5214996
v 0 -11.8494987 23.868
v -12.6424999 -7.78049898 21.5214996
v 0 31.5250015 23.8679981
v 0 -11.8494987 23.868
v 0 31.5250015 23.8679981
v -12.6424999 -7.78049898 21.5214996
v -10.1465006 32.7665024 22.0739975
v -23.7054996 -2.28799939 12.6620007
v -10.1465006 32.7665024 22.0739975
v -12.6424999 -7.78049898 21.5214996
v -10.1465006 32.7665024 22.0739975
v -23.7054996 -2.28799939 12.6620007
v -19.9095001 35.5419998 13.4679985
v 19.9095001 35.5419998 13.4679985
v 6.35699987 32.4155006 11.322998
v 14.4235001 34.4759979 5.0179987
v 6.35699987 32.4155006 11.322998
v 19.9095001 35.5419998 13.4679985
v 10.1465006 32.7665024 22.0739975
v 10.1465006 32.7665024 22.0739975
v 0 31.5250015 13.2599983
v 6.35699987 32.4155006 11.322998
v 0 31.5250015 13.2599983
v 10.1465006 32.7665024 22.0739975
v 0 31.5250015 23.8679981
v 0 31.5250015 23.8679981
v -6.35699987 32.4155006 11.322998
v 0 31.5250015 13.2599983
v -6.35699987 32.4155006 11.322998
v 0 31.5250015 23.8679981
v -10.1465006 32.7665024 22.0739975
v -19.9095001 35.5419998 13.4679985
v -6.35699987 32.4155006 11.322998
v -10.1465006 32.7665024 22.0739975
v -6.35699987 32.4155006 11.322998
v -19.9095001 35.5419998 13.4679985
v -14.4235001 34.4759979 5.0179987
v 9.03499985 -8.60599995 10.7250004
v 23.7054996 -2.28799939 12.6620007
v 18.6680012 -2.99650002 4.11450005
v 23.7054996 -2.28799939 12.6620007
v 9.03499985 -8.60599995 10.7250004
v 12.6424999 -7.78049898 21.5214996
v 0 -11.8494997 13.2600002
v 12.6424999 -7.78049898 21.5214996
v 9.03499985 -8.60599995 10.7250004
v 12.6424999 -7.78049898 21.5214996
v 0 -11.8494997 13.2600002
v 0 -11.8494987 23.868
v -9.03499985 -8.60599995 10.7250004
v 0 -11.8494987 23.868
v 0 -11.8494997 13.2600002
v 0 -11.8494987 23.868
v -9.03499985 -8.60599995 10.7250004
v -12.6424999 -7.78049898 21.5214996
v -9.03499985 -8.60599995 10.7250004
v -23.7054996 -2.28799939 12.6620007
v -12.6424999 -7.78049898 21.5214996
v -23.7054996 -2.28799939 12.6620007
v -9.03499985 -8.60599995 10.7250004
v -18.6680012 -2.99650002 4.11450005
v 6.35699987 32.4155006 11.322998
v 18.6680012 -2.99650002 4.11450005
v 14.4235001 34.4759979 5.0179987
v 18.6680012 -2.99650002 4.11450005
v 6.35699987 32.4155006 11.322998
v 9.03499985 -8.60599995 10.7250004
v 0 31.5250015 13.2599983
v 9.03499985 -8.60599995 10.7250004
v 6.35699987 32.4155006 11.322998
v 9.03499985 -8.60599995 10.7250004
v 0 31.5250015 13.2599983
v 0 -11.8494997 13.2600002
v 0 31.5250015 13.2599983
v -9.03499985 -8.60599995 10.7250004
v 0 -11.8494997 13.2600002
v -9.03499985 -8.60599995 10.7250004
v 0 31.5250015 13.2599983
v -6.35699987 32.4155006 11.322998
v -6.35699987 32.4155006 11.322998
v -18.6680012 -2.99650002 4.11450005
v -9.03499985 -8.60599995 10.7250004
v -18.6680012 -2.99650002 4.11450005
v -6.35699987 32.4155006 11.322998
v -14.4235001 34.4759979 5.0179987
v -14.4235001 34.4759979 5.0179987
v -23.7054996 -2.28799939 12.6620007
v -18.6680012 -2.99650002 4.11450005
v -23.7054996 -2.28799939 12.6620007
v -14.4235001 34.4759979 5.0179987
v -19.9095001 35.5419998 13.4679985
v 0 -18.8499985 25.5710011
v -10.3740005 -0.974999547 9.95800018
v 0 -0.974999368 14.0854998
v -10.3740005 -0.974999547 9.95800018
v 0 -18.8499985 25.5710011
v -17.2639999 -18.8499985 18.0830002
v -17.2639999 -18.8499985 18.0830002
v -14.6769991 -0.974999964 4.2618602e-08
v -10.3740005 -0.974999547 9.95800018
v -14.6769991 -0.974999964 4.2618602e-08
v -17.2639999 -18.8499985 18.0830002
v -24.4204998 -18.8500004 8.23959681e-07
v -24.4204998 -18.8500004 8.23959681e-07
v -10.3740005 -0.975000441 -9.95800018
v -14.6769991 -0.974999964 4.2618602e-08
v -10.3740005 -0.975000441 -9.95800018
v -24.4204998 -18.8500004 8.23959681e-07
v -17.2639999 -18.8500004 -18.0829983
v -17.2639999 -18.8500004 -18.0829983
v 0 -0.97500062 -14.0854998
v -10.3740005 -0.975000441 -9.95800018
v 0 -56.2249985 25.571003
v -17.2639999 -18.8499985 18.0830002
v 0 -18.8499985 25.5710011
v -17.2639999 -18.8499985 18.0830002
v 0 -56.2249985 25.571003
v -18.0830002 -56.2249985 18.0830021
v -25.5710011 -37.5374985 1.64081621e-06
v -17.2639999 -18.8499985 18.0830002
v -18.0830002 -56.2249985 18.0830021
v -25.5710011 -37.5374985 1.64081621e-06
v -24.4204998 -18.8500004 8.23959681e-07
v -17.2639999 -18.8499985 18.0830002
v -18.0830002 -37.5374985 -18.0829983
v -24.4204998 -18.8500004 8.23959681e-07
v -25.5710011 -37.5374985 1.64081621e-06
v -24.4204998 -18.8500004 8.23959681e-07
v -18.0830002 -37.5374985 -18.0829983
v -17.2639999 -18.8500004 -18.0829983
v 0 -37.5374985 -25.5709991
v -17.2639999 -18.8500004 -18.0829983
v -18.0830002 -37.5374985 -18.0829983
v -17.2639999 -18.8500004 -18.0829983
v 0 -37.5374985 -25.5709991
v 0 -18.8500004 -25.5709991
v 0 -0.97500062 -14.0854998
v -17.2639999 -18.8500004 -18.0829983
v 0 -18.8500004 -25.5709991
v 0 -18.8500004 -25.5709991
v 10.3740005 -0.975000441 -9.95800018
v 0 -0.97500062 -14.0854998
v 10.3740005 -0.975000441 -9.95800018
v 0 -18.8500004 -25.5709991
v 17.2639999 -18.8500004 -18.0829983
v 17.2639999 -18.8500004 -18.0829983
v 14.6769991 -0.974999964 4.2618602e-08
v 10.3740005 -0.975000441 -9.95800018
v -25.5710011 -56.2250023 2.45767296e-06
v -25.5710011 -37.5374985 1.64081621e-06
v -18.0830002 -56.2249985 18.0830021
v -18.0830002 -56.2250023 -18.0829983
v -25.5710011 -37.5374985 1.64081621e-06
v -25.5710011 -56.2250023 2.45767296e-06
v -25.5710011 -37.5374985 1.64081621e-06
v -18.0830002 -56.2250023 -18.0829983
v -18.0830002 -37.5374985 -18.0829983
v 0 -56.2250023 -25.5709991
v -18.0830002 -37.5374985 -18.0829983
v -18.0830002 -56.2250023 -18.0829983
v -18.0830002 -37.5374985 -18.0829983
v 0 -56.2250023 -25.5709991
v 0 -37.5374985 -25.5709991
v 18.0830002 -56.2250023 -18.0829983
v 0 -37.5374985 -25.5709991
v 0 -56.2250023 -25.5709991
v 0 -37.5374985 -25.5709991
v 18.0830002 -56.2250023 -18.0829983
v 18.0830002 -37.5374985 -18.0829983
v 17.2639999 -18.8500004 -18.0829983
v 0 -37.5374985 -25.5709991
v 18.0830002 -37.5374985 -18.0829983
v 0 -37.5374985 -25.5709991
v 17.2639999 -18.8500004 -18.0829983
v 0 -18.8500004 -25.5709991
v 25.5710011 -56.2250023 2.45767296e-06
v 18.0830002 -37.5374985 -18.0829983
v 18.0830002 -56.2250023 -18.0829983
v 18.0830002 -37.5374985 -18.0829983
v 25.5710011 -56.2250023 2.45767296e-06
v 25.5710011 -37.5374985 1.64081621e-06
v 24.4204998 -18.8500004 8.23959681e-07
v 18.0830002 -37.5374985 -18.0829983
v 25.5710011 -37.5374985 1.64081621e-06
v 18.0830002 -37.5374985 -18.0829983
v 24.4204998 -18.8500004 8.23959681e-07
v 17.2639999 -18.8500004 -18.0829983
v 14.6769991 -0.974999964 4.2618602e-08
v 17.2639999 -18.8500004 -18.0829983
v 24.4204998 -18.8500004 8.23959681e-07
v 24.4204998 -18.8500004 8.23959681e-07
v 10.3740005 -0.974999547 9.95800018
v 14.6769991 -0.974999964 4.2618602e-08
v 10.3740005 -0.974999547 9.95800018
v 24.4204998 -18.8500004 8.23959681e-07
v 17.2639999 -18.8499985 18.0830002
v 17.2639999 -18.8499985 18.0830002
v 0 -0.974999368 14.0854998
v 10.3740005 -0.974999547 9.95800018
v 0 -0.974999368 14.0854998
v 17.2639999 -18.8499985 18.0830002
v 0 -18.8499985 25.5710011
v 17.2639999 -18.8499985 18.0830002
v 0 -56.2249985 25.571003
v 0 -18.8499985 25.5710011
v 18.0830002 -56.2249985 18.0830021
v 25.5710011 -37.5374985 1.64081621e-06
v 25.5710011 -56.2250023 2.45767296e-06
v 18.0830002 -56.2249985 18.0830021
v 17.2639999 -18.8499985 18.0830002
v 25.5710011 -37.5374985 1.64081621e-06
v 17.2639999 -18.8499985 18.0830002
v 24.4204998 -18.8500004 8.23959681e-07
v 25.5710011 -37.5374985 1.64081621e-06
v 0 -56.2249985 25.571003
v 17.2639999 -18.8499985 18.0830002
v 18.0830002 -56.2249985 18.0830021
v 34.7750015 -21.7749996 3.41900086
v 38.3499985 -41.5999985 -3.41899824
v 38.3499985 -41.5999985 3.41900182
v 38.3499985 -41.5999985 -3.41899824
v 34.7750015 -21.7749996 3.41900086
v 34.7750015 -21.7750015 -3.41899896
v -29.4124985 -21.5085011 3.41900086
v -38.3499985 -41.5999985 3.41900182
v -34.7750015 -21.7749996 3.41900086
v -38.3499985 -41.5999985 3.41900182
v -29.4124985 -21.5085011 3.41900086
v -31.3624992 -44.0699997 3.41900182
v -19.3375015 -18.9344997 3.41900086
v -31.3624992 -44.0699997 3.41900182
v -29.4124985 -21.5085011 3.41900086
v -31.3624992 -44.0699997 3.41900182
v -19.3375015 -18.9344997 3.41900086
v -22.0154991 -50.1345024 3.41900229
v -38.3499985 -41.5999985 3.41900182
v -31.3624992 -44.0699997 -3.418998
v -38.3499985 -41.5999985 -3.41899824
v -31.3624992 -44.0699997 -3.418998
v -38.3499985 -41.5999985 3.41900182
v -31.3624992 -44.0699997 3.41900182
v -31.3624992 -44.0699997 3.41900182
v -22.0154991 -50.1345024 -3.41899776
v -31.3624992 -44.0699997 -3.418998
v -22.0154991 -50.1345024 -3.41899776
v -31.3624992 -44.0699997 3.41900182
v -22.0154991 -50.1345024 3.41900229
v 29.6335011 -57.7849998 15.8340025
v 12.6814995 -13.9684992 27.5990009
v 24.882 -10.4974995 16.835001
v 12.6814995 -13.9684992 27.5990009
v 29.6335011 -57.7849998 15.8340025
v 15.8015003 -64.6490021 26.9035015
v 15.8015003 -64.6490021 26.9035015
v 0 -15.5154991 29.835001
v 12.6814995 -13.9684992 27.5990009
v 0 -15.5154991 29.835001
v 15.8015003 -64.6490021 26.9035015
v 0 -69.7385025 29.8350029
v -15.8015003 -64.6490021 26.9035015
v 0 -15.5154991 29.835001
v 0 -69.7385025 29.8350029
v 0 -15.5154991 29.835001
v -15.8015003 -64.6490021 26.9035015
v -12.6814995 -13.9684992 27.5990009
v -29.6335011 -57.7849998 15.8340025
v -12.6814995 -13.9684992 27.5990009
v -15.8015003 -64.6490021 26.9035015
v -12.6814995 -13.9684992 27.5990009
v -29.6335011 -57.7849998 15.8340025
v -24.882 -10.4974995 16.835001
v 24.882 -10.4974995 16.835001
v 7.94950008 -14.4104996 14.1505013
v 18.0309982 -11.8234997 6.26600075
v 7.94950008 -14.4104996 14.1505013
v 24.882 -10.4974995 16.835001
v 12.6814995 -13.9684992 27.5990009
v 12.6814995 -13.9684992 27.5990009
v 0 -15.5154991 16.5750008
v 7.94950008 -14.4104996 14.1505013
v 0 -15.5154991 16.5750008
v 12.6814995 -13.9684992 27.5990009
v 0 -15.5154991 29.835001
v 0 -15.5154991 29.835001
v -7.94950008 -14.4104996 14.1505013
v 0 -15.5154991 16.5750008
v -7.94950008 -14.4104996 14.1505013
v 0 -15.5154991 29.835001
v -12.6814995 -13.9684992 27.5990009
v -24.882 -10.4974995 16.835001
v -7.94950008 -14.4104996 14.1505013
v -12.6814995 -13.9684992 27.5990009
v -7.94950008 -14.4104996 14.1505013
v -24.882 -10.4974995 16.835001
v -18.0309982 -11.8234997 6.26600075
v 11.2905006 -65.6824951 13.409503
v 29.6335011 -57.7849998 15.8340025
v 23.3349991 -58.675499 5.14150238
v 29.6335011 -57.7849998 15.8340025
v 11.2905006 -65.6824951 13.409503
v 15.8015003 -64.6490021 26.9035015
v 0 -69.7385025 16.5750027
v 15.8015003 -64.6490021 26.9035015
v 11.2905006 -65.6824951 13.409503
v 15.8015003 -64.6490021 26.9035015
v 0 -69.7385025 16.5750027
v 0 -69.7385025 29.8350029
v -11.2905006 -65.6824951 13.409503
v 0 -69.7385025 29.8350029
v 0 -69.7385025 16.5750027
v 0 -69.7385025 29.8350029
v -11.2905006 -65.6824951 13.409503
v -15.8015003 -64.6490021 26.9035015
v -11.2905006 -65.6824951 13.409503
v -29.6335011 -57.7849998 15.8340025
v -15.8015003 -64.6490021 26.9035015
v -29.6335011 -57.7849998 15.8340025
v -11.2905006 -65.6824951 13.409503
v -23.3349991 -58.675499 5.14150238
v 7.94950008 -14.4104996 14.1505013
v 23.3349991 -58.675499 5.14150238
v 18.0309982 -11.8234997 6.26600075
v 23.3349991 -58.675499 5.14150238
v 7.94950008 -14.4104996 14.1505013
v 11.2905006 -65.6824951 13.409503
v 0 -15.5154991 16.5750008
v 11.2905006 -65.6824951 13.409503
v 7.94950008 -14.4104996 14.1505013
v 11.2905006 -65.6824951 13.409503
v 0 -15.5154991 16.5750008
v 0 -69.7385025 16.5750027
v 0 -15.5154991 16.5750008
v -11.2905006 -65.6824951 13.409503
v 0 -69.7385025 16.5750027
v -11.2905006 -65.6824951 13.409503
v 0 -15.5154991 16.5750008
v -7.94950008 -14.4104996 14.1505013
v -7.94950008 -14.4104996 14.1505013
v -23.3349991 -58.675499 5.14150238
v -11.2905006 -65.6824951 13.409503
v -23.3349991 -58.675499 5.14150238
v -7.94950008 -14.4104996 14.1505013
v -18.0309982 -11.8234997 6.26600075
v -18.0309982 -11.8234997 6.26600075
v -29.6335011 -57.7849998 15.8340025
v -23.3349991 -58.675499 5.14150238
v -29.6335011 -57.7849998 15.8340025
v -18.0309982 -11.8234997 6.26600075
v -24.882 -10.4974995 16.835001
v 24.348999 53.1245003 2.17099762
v 18.6744995 65.8840027 2.17099714
v 22.0805016 65.715004 2.17099714
v 18.6744995 65.8840027 2.17099714
v 24.348999 53.1245003 2.17099762
v 19.9160004 51.5580025 2.17099762
v 19.9160004 51.5580025 2.17099762
v 12.2784996 67.5154953 2.1709969
v 18.6744995 65.8840027 2.17099714
v 12.2784996 67.5154953 2.1709969
v 19.9160004 51.5580025 2.17099762
v 13.9815006 47.7035027 2.17099786
v 19.9160004 51.5580025 -2.17100215
v 24.348999 53.1245003 2.17099762
v 24.348999 53.1245003 -2.17100215
v 24.348999 53.1245003 2.17099762
v 19.9160004 51.5580025 -2.17100215
v 19.9160004 51.5580025 2.17099762
v 13.9815006 47.7034988 -2.17100191
v 19.9160004 51.5580025 2.17099762
v 19.9160004 51.5580025 -2.17100215
v 19.9160004 51.5580025 2.17099762
v 13.9815006 47.7034988 -2.17100191
v 13.9815006 47.7035027 2.17099786
v -24.348999 53.1245003 -2.17100215
v -18.6744995 65.8840027 -2.17100286
v -22.0805016 65.715004 -2.17100286
v -18.6744995 65.8840027 -2.17100286
v -24.348999 53.1245003 -2.17100215
v -19.9160004 51.5580025 -2.17100215
v -19.9160004 51.5580025 -2.17100215
v -12.2784996 67.5154953 -2.17100286
v -18.6744995 65.8840027 -2.17100286
v -12.2784996 67.5154953 -2.17100286
v -19.9160004 51.5580025 -2.17100215
v -13.9815006 47.7034988 -2.17100191
v 3.65300012 62.2050018 -20.2150021
v 0 62.7054977 -27.8460026
v 3.65300012 60.579998 -28.2490025
v 0 62.7054977 -27.8460026
v 3.65300012 62.2050018 -20.2150021
v 0 64.0055008 -19.8120022
v -3.65300012 62.2050018 -20.2150021
v 0 62.7054977 -27.8460026
v 0 64.0055008 -19.8120022
v 0 62.7054977 -27.8460026
v -3.65300012 62.2050018 -20.2150021
v -3.65300012 60.579998 -28.2490025
v 3.65300012 65.2599945 -16.1590023
v 0 64.0055008 -19.8120022
v 3.65300012 62.2050018 -20.2150021
v 0 64.0055008 -19.8120022
v 3.65300012 65.2599945 -16.1590023
v 0 67.385498 -15.7755022
v -3.65300012 65.2599945 -16.1590023
v 0 64.0055008 -19.8120022
v 0 67.385498 -15.7755022
v 0 64.0055008 -19.8120022
v -3.65300012 65.2599945 -16.1590023
v -3.65300012 62.2050018 -20.2150021
v 3.65300012 60.579998 -28.2490025
v 0 47.9309998 -30.218502
v 3.65300012 49.8419991 -29.8545036
v 0 47.9309998 -30.218502
v 3.65300012 60.579998 -28.2490025
v 0 62.7054977 -27.8460026
v -3.65300012 60.579998 -28.2490025
v 0 47.9309998 -30.218502
v 0 62.7054977 -27.8460026
v 0 47.9309998 -30.218502
v -3.65300012 60.579998 -28.2490025
v -3.65300012 49.8419991 -29.8545036
v 11.4464998 69.8034973 -1.47550309
v 18.8174992 41.8339996 -11.7975016
v 14.8199997 40.2739983 -5.16750145
v 18.8174992 41.8339996 -11.7975016
v 11.4464998 69.8034973 -1.47550309
v 15.8015003 71.6299973 -7.98850346
v 7.50099993 -88.1139984 -38.1744957
v 7.50099993 -124.052498 -37.6609955
v 7.50099993 -83.3819962 -31.2194977
v 7.50099993 -124.052498 -37.6609955
v 7.50099993 -88.1139984 -38.1744957
v 7.50099993 -116.005501 -42.5294914
v 7.50099993 -88.1139984 -38.1744957
v 7.50099993 -109.817497 -56.2249947
v 7.50099993 -116.005501 -42.5294914
v 7.50099993 -109.817497 -56.2249947
v 7.50099993 -88.1139984 -38.1744957
v 7.50099993 -91.1819992 -53.2739944
v 38.6165009 -110.324493 19.1685047
v 16.3149986 -71.2009964 31.843502
v 32.4285011 -63.0825005 20.3125019
v 16.3149986 -71.2009964 31.843502
v 38.6165009 -110.324493 19.1685047
v 20.3579998 -127.218002 30.9205055
v 20.3579998 -127.218002 30.9205055
v 0 -75.7054977 35.5615044
v 16.3149986 -71.2009964 31.843502
v 0 -75.7054977 35.5615044
v 20.3579998 -127.218002 30.9205055
v 0 -133.744003 34.7815056
v -20.3579998 -127.218002 30.9205055
v 0 -75.7054977 35.5615044
v 0 -133.744003 34.7815056
v 0 -75.7054977 35.5615044
v -20.3579998 -127.218002 30.9205055
v -16.3149986 -71.2009964 31.843502
v -38.6165009 -110.324493 19.1685047
v -16.3149986 -71.2009964 31.843502
v -20.3579998 -127.218002 30.9205055
v -16.3149986 -71.2009964 31.843502
v -38.6165009 -110.324493 19.1685047
v -32.4285011 -63.0825005 20.3125019
v 0 -112.846497 -56.692997
v 7.50099993 -116.005501 -42.5294914
v 7.50099993 -109.817497 -56.2249947
v 7.50099993 -116.005501 -42.5294914
v 0 -112.846497 -56.692997
v 0 -120.184998 -43.1924934
v 0 -120.184998 -43.1924934
v 7.50099993 -124.052498 -37.6609955
v 7.50099993 -116.005501 -42.5294914
v 7.50099993 -124.052498 -37.6609955
v 0 -120.184998 -43.1924934
v 0 -127.484505 -38.2004967
v 0 -120.184998 -43.1924934
v -7.50099993 -124.052498 -37.6609955
v 0 -127.484505 -38.2004967
v -7.50099993 -124.052498 -37.6609955
v 0 -120.184998 -43.1924934
v -7.50099993 -116.005501 -42.5294914
v 0 -112.846497 -56.692997
v -7.50099993 -116.005501 -42.5294914
v 0 -120.184998 -43.1924934
v -7.50099993 -116.005501 -42.5294914
v 0 -112.846497 -56.692997
v -7.50099993 -109.817497 -56.2249947
v 34.5149994 -70.2324982 -3.73099685
v 48.0805016 -93.7365036 -3.73099589
v 41.8665009 -67.7884979 -3.73099709
v 48.0805016 -93.7365036 -3.73099589
v 34.5149994 -70.2324982 -3.73099685
v 36.9785004 -102.725998 -3.73099542
v 25.0119991 -72.5139999 -3.73099685
v 36.9785004 -102.725998 -3.73099542
v 34.5149994 -70.2324982 -3.73099685
v 36.9785004 -102.725998 -3.73099542
v 25.0119991 -72.5139999 -3.73099685
v 26.4810009 -111.735001 -3.73099518
v -41.8665009 -67.7884979 -3.73099709
v -34.5149994 -70.2324982 3.73100305
v -41.8665009 -67.7884979 3.73100281
v -34.5149994 -70.2324982 3.73100305
v -41.8665009 -67.7884979 -3.73099709
v -34.5149994 -70.2324982 -3.73099685
v -34.5149994 -70.2324982 -3.73099685
v -25.0119991 -72.5139999 3.73100305
v -34.5149994 -70.2324982 3.73100305
v -25.0119991 -72.5139999 3.73100305
v -34.5149994 -70.2324982 -3.73099685
v -25.0119991 -72.5139999 -3.73099685
v -30.4134998 -115.212502 -9.80849552
v -24.043499 -123.044998 -33.0914955
v -38.6165009 -112.346001 -21.677494
v -24.043499 -123.044998 -33.0914955
v -30.4134998 -115.212502 -9.80849552
v -12.5644999 -130.747498 -22.769495
v -12.5644999 -130.747498 -22.769495
v -11.2644997 -129.551498 -39.1039925
v -24.043499 -123.044998 -33.0914955
v 0 -135.343002 -26.1819935
v -11.2644997 -129.551498 -39.1039925
v -12.5644999 -130.747498 -22.769495
v -11.2644997 -129.551498 -39.1039925
v 0 -135.343002 -26.1819935
v 0 -132.522003 -40.5664978
v 0 -135.343002 -26.1819935
v 11.2644997 -129.551498 -39.1039925
v 0 -132.522003 -40.5664978
v 11.2644997 -129.551498 -39.1039925
v 0 -135.343002 -26.1819935
v 12.5644999 -130.747498 -22.769495
v 11.2644997 -129.551498 -39.1039925
v 12.5644999 -130.747498 -22.769495
v 24.043499 -123.044998 -33.0914955
v 30.4134998 -115.212502 -9.80849552
v 24.043499 -123.044998 -33.0914955
v 12.5644999 -130.747498 -22.769495
v 24.043499 -123.044998 -33.0914955
v 30.4134998 -115.212502 -9.80849552
v 38.6165009 -112.346001 -21.677494
v -30.4134998 -111.2995 6.9940052
v -10.6080008 -71.6495056 18.1740036
v -23.4974995 -64.5449982 8.27450275
v -10.6080008 -71.6495056 18.1740036
v -30.4134998 -111.2995 6.9940052
v -14.9694996 -128.251495 17.322506
v -14.9694996 -128.251495 17.322506
v 0 -75.7054977 20.013504
v -10.6080008 -71.6495056 18.1740036
v 0 -75.7054977 20.013504
v -14.9694996 -128.251495 17.322506
v 0 -133.744003 20.0135059
v 14.9694996 -128.251495 17.322506
v 0 -75.7054977 20.013504
v 0 -133.744003 20.0135059
v 0 -75.7054977 20.013504
v 14.9694996 -128.251495 17.322506
v 10.6080008 -71.6495056 18.1740036
v 30.4134998 -111.2995 6.9940052
v 10.6080008 -71.6495056 18.1740036
v 14.9694996 -128.251495 17.322506
v 10.6080008 -71.6495056 18.1740036
v 30.4134998 -111.2995 6.9940052
v 23.4974995 -64.5449982 8.27450275
v 0 -65.4225006 29.0875015
v -12.493 -45.9355011 10.4910021
v 0 -45.9355011 14.8395023
v -12.493 -45.9355011 10.4910021
v 0 -65.4225006 29.0875015
v -19.7014999 -65.4225006 20.572504
v -19.7014999 -65.4225006 20.572504
v -17.6669998 -45.9355011 2.00790464e-06
v -12.493 -45.9355011 10.4910021
v -17.6669998 -45.9355011 2.00790464e-06
v -19.7014999 -65.4225006 20.572504
v -27.8590012 -65.4225006 2.85970827e-06
v -27.8590012 -65.4225006 2.85970827e-06
v -12.493 -45.9355011 -10.4909983
v -17.6669998 -45.9355011 2.00790464e-06
v -12.493 -45.9355011 -10.4909983
v -27.8590012 -65.4225006 2.85970827e-06
v -19.7014999 -65.4225006 -20.5724983
v -19.7014999 -65.4225006 -20.5724983
v 0 -45.9355011 -14.8394985
v -12.493 -45.9355011 -10.4909983
v 0 -116.076996 30.7840042
v -19.7014999 -65.4225006 20.572504
v 0 -65.4225006 29.0875015
v -19.7014999 -65.4225006 20.572504
v 0 -116.076996 30.7840042
v -21.7684994 -116.076996 21.7685051
v -19.7014999 -65.4225006 20.572504
v -21.7684994 -116.076996 21.7685051
v -30.7840004 -79.7680054 3.48677008e-06
v -30.7840004 -79.7680054 3.48677008e-06
v -27.8590012 -65.4225006 2.85970827e-06
v -19.7014999 -65.4225006 20.572504
v -21.7684994 -79.7680054 -21.7684956
v -27.8590012 -65.4225006 2.85970827e-06
v -30.7840004 -79.7680054 3.48677008e-06
v -27.8590012 -65.4225006 2.85970827e-06
v -21.7684994 -79.7680054 -21.7684956
v -19.7014999 -65.4225006 -20.5724983
v 0 -79.7680054 -30.7839966
v -19.7014999 -65.4225006 -20.5724983
v -21.7684994 -79.7680054 -21.7684956
v -19.7014999 -65.4225006 -20.5724983
v 0 -79.7680054 -30.7839966
v 0 -65.4225006 -29.0874958
v 0 -45.9355011 -14.8394985
v -19.7014999 -65.4225006 -20.5724983
v 0 -65.4225006 -29.0874958
v 0 -65.4225006 -29.0874958
v 12.493 -45.9355011 -10.4909983
v 0 -45.9355011 -14.8394985
v 0 -123.552002 21.8270054
v -21.7684994 -116.076996 21.7685051
v 0 -116.076996 30.7840042
v -21.7684994 -116.076996 21.7685051
v 0 -123.552002 21.8270054
v -15.4375 -123.552002 15.4375048
v -15.4375 -123.552002 15.4375048
v -30.7840004 -116.076996 5.07388677e-06
v -21.7684994 -116.076996 21.7685051
v -30.7840004 -116.076996 5.07388677e-06
v -30.7840004 -79.7680054 3.48677008e-06
v -21.7684994 -116.076996 21.7685051
v -21.7684994 -116.076996 -21.7684937
v -30.7840004 -79.7680054 3.48677008e-06
v -30.7840004 -116.076996 5.07388677e-06
v -30.7840004 -79.7680054 3.48677008e-06
v -21.7684994 -116.076996 -21.7684937
v -21.7684994 -79.7680054 -21.7684956
v 0 -116.077003 -30.7839947
v -21.7684994 -79.7680054 -21.7684956
v -21.7684994 -116.076996 -21.7684937
v -21.7684994 -79.7680054 -21.7684956
v 0 -116.077003 -30.7839947
v 0 -79.7680054 -30.7839966
v 21.7684994 -116.076996 -21.7684937
v 0 -79.7680054 -30.7839966
v 0 -116.077003 -30.7839947
v 0 -79.7680054 -30.7839966
v 21.7684994 -116.076996 -21.7684937
v 21.7684994 -79.7680054 -21.7684956
v 19.7014999 -65.4225006 -20.5724983
v 0 -79.7680054 -30.7839966
v 21.7684994 -79.7680054 -21.7684956
v 0 -79.7680054 -30.7839966
v 19.7014999 -65.4225006 -20.5724983
v 0 -65.4225006 -29.0874958
v 12.493 -45.9355011 -10.4909983
v 0 -65.4225006 -29.0874958
v 19.7014999 -65.4225006 -20.5724983
v 19.7014999 -65.4225006 -20.5724983
v 17.6669998 -45.9355011 2.00790464e-06
v 12.493 -45.9355011 -10.4909983
v -30.7840004 -116.076996 5.07388677e-06
v -15.4375 -123.552002 15.4375048
v -21.8269997 -123.552002 5.40062956e-06
v -21.8269997 -123.552002 5.40062956e-06
v -21.7684994 -116.076996 -21.7684937
v -30.7840004 -116.076996 5.07388677e-06
v -21.7684994 -116.076996 -21.7684937
v -21.8269997 -123.552002 5.40062956e-06
v -15.4375 -123.552002 -15.4374943
v -15.4375 -123.552002 -15.4374943
v 0 -116.077003 -30.7839947
v -21.7684994 -116.076996 -21.7684937
v 0 -116.077003 -30.7839947
v -15.4375 -123.552002 -15.4374943
v 0 -123.552002 -21.8269939
v 0 -123.552002 -21.8269939
v 21.7684994 -116.076996 -21.7684937
v 0 -116.077003 -30.7839947
v 21.7684994 -116.076996 -21.7684937
v 0 -123.552002 -21.8269939
v 15.4375 -123.552002 -15.4374943
v 15.4375 -123.552002 -15.4374943
v 30.7840004 -116.076996 5.07388677e-06
v 21.7684994 -116.076996 -21.7684937
v 30.7840004 -116.076996 5.07388677e-06
v 21.7684994 -79.7680054 -21.7684956
v 21.7684994 -116.076996 -21.7684937
v 21.7684994 -79.7680054 -21.7684956
v 30.7840004 -116.076996 5.07388677e-06
v 30.7840004 -79.7680054 3.48677008e-06
v 27.8590012 -65.4225006 2.85970827e-06
v 21.7684994 -79.7680054 -21.7684956
v 30.7840004 -79.7680054 3.48677008e-06
v 21.7684994 -79.7680054 -21.7684956
v 27.8590012 -65.4225006 2.85970827e-06
v 19.7014999 -65.4225006 -20.5724983
v 17.6669998 -45.9355011 2.00790464e-06
v 19.7014999 -65.4225006 -20.5724983
v 27.8590012 -65.4225006 2.85970827e-06
v 27.8590012 -65.4225006 2.85970827e-06
v 12.493 -45.9355011 10.4910021
v 17.6669998 -45.9355011 2.00790464e-06
v 12.493 -45.9355011 10.4910021
v 27.8590012 -65.4225006 2.85970827e-06
v 19.7014999 -65.4225006 20.572504
v 19.7014999 -65.4225006 20.572504
v 0 -45.9355011 14.8395023
v 12.493 -45.9355011 10.4910021
v 0 -45.9355011 14.8395023
v 19.7014999 -65.4225006 20.572504
v 0 -65.4225006 29.0875015
v 30.7840004 -116.076996 5.07388677e-06
v 15.4375 -123.552002 -15.4374943
v 21.8269997 -123.552002 5.40062956e-06
v 21.8269997 -123.552002 5.40062956e-06
v 21.7684994 -116.076996 21.7685051
v 30.7840004 -116.076996 5.07388677e-06
v 21.7684994 -116.076996 21.7685051
v 30.7840004 -79.7680054 3.48677008e-06
v 30.7840004 -116.076996 5.07388677e-06
v 21.7684994 -116.076996 21.7685051
v 19.7014999 -65.4225006 20.572504
v 30.7840004 -79.7680054 3.48677008e-06
v 19.7014999 -65.4225006 20.572504
v 27.8590012 -65.4225006 2.85970827e-06
v 30.7840004 -79.7680054 3.48677008e-06
v 21.7684994 -116.076996 21.7685051
v 21.8269997 -123.552002 5.40062956e-06
v 15.4375 -123.552002 15.4375048
v 15.4375 -123.552002 15.4375048
v 0 -116.076996 30.7840042
v 21.7684994 -116.076996 21.7685051
v 0 -116.076996 30.7840042
v 19.7014999 -65.4225006 20.572504
v 21.7684994 -116.076996 21.7685051
v 19.7014999 -65.4225006 20.572504
v 0 -116.076996 30.7840042
v 0 -65.4225006 29.0875015
v 0 -116.076996 30.7840042
v 15.4375 -123.552002 15.4375048
v 0 -123.552002 21.8270054
v -7.50099993 -124.052498 -37.6609955
v -7.50099993 -88.1139984 -38.1744957
v -7.50099993 -83.3819962 -31.2194977
v -7.50099993 -88.1139984 -38.1744957
v -7.50099993 -124.052498 -37.6609955
v -7.50099993 -116.005501 -42.5294914
v -7.50099993 -109.817497 -56.2249947
v -7.50099993 -88.1139984 -38.1744957
v -7.50099993 -116.005501 -42.5294914
v -7.50099993 -88.1139984 -38.1744957
v -7.50099993 -109.817497 -56.2249947
v -7.50099993 -91.1819992 -53.2739944
v 30.6800003 10.6600008 2.73649955
v 23.5299988 26.7345009 2.73649883
v 27.8199997 26.5200005 2.73649883
v 23.5299988 26.7345009 2.73649883
v 30.6800003 10.6600008 2.73649955
v 25.0900002 8.68400002 2.73649979
v 25.0900002 8.68400002 2.73649979
v 15.4700003 28.7950001 2.73649883
v 23.5299988 26.7345009 2.73649883
v 15.4700003 28.7950001 2.73649883
v 25.0900002 8.68400002 2.73649979
v 17.6085014 3.83500004 2.73650002
v 25.0900002 8.68400002 -2.7365005
v 30.6800003 10.6600008 2.73649955
v 30.6800003 10.6599998 -2.7365005
v 30.6800003 10.6600008 2.73649955
v 25.0900002 8.68400002 -2.7365005
v 25.0900002 8.68400002 2.73649979
v 17.6085014 3.8349998 -2.73650026
v 25.0900002 8.68400002 2.73649979
v 25.0900002 8.68400002 -2.7365005
v 25.0900002 8.68400002 2.73649979
v 17.6085014 3.8349998 -2.73650026
v 17.6085014 3.83500004 2.73650002
v -30.6800003 10.6599998 -2.7365005
v -23.5299988 26.7345009 -2.73650122
v -27.8199997 26.5199986 -2.73650122
v -23.5299988 26.7345009 -2.73650122
v -30.6800003 10.6599998 -2.7365005
v -25.0900002 8.68400002 -2.7365005
v -25.0900002 8.68400002 -2.7365005
v -15.4700003 28.7950001 -2.73650122
v -23.5299988 26.7345009 -2.73650122
v -15.4700003 28.7950001 -2.73650122
v -25.0900002 8.68400002 -2.7365005
v -17.6085014 3.8349998 -2.73650026
v 4.60199976 22.0999985 -25.467001
v 0 22.7304993 -35.0804977
v 4.60199976 20.0524979 -35.593998
v 0 22.7304993 -35.0804977
v 4.60199976 22.0999985 -25.467001
v 0 24.3684998 -24.960001
v -4.60199976 22.0999985 -25.467001
v 0 22.7304993 -35.0804977
v 0 24.3684998 -24.960001
v 0 22.7304993 -35.0804977
v -4.60199976 22.0999985 -25.467001
v -4.60199976 20.0524979 -35.593998
v 4.60199976 25.947998 -20.3580017
v 0 24.3684998 -24.960001
v 4.60199976 22.0999985 -25.467001
v 0 24.3684998 -24.960001
v 4.60199976 25.947998 -20.3580017
v 0 28.6259995 -19.8705006
v -4.60199976 25.947998 -20.3580017
v 0 24.3684998 -24.960001
v 0 28.6259995 -19.8705006
v 0 24.3684998 -24.960001
v -4.60199976 25.947998 -20.3580017
v -4.60199976 22.0999985 -25.467001
v 4.60199976 20.0524979 -35.593998
v 0 4.12099838 -38.064003
v 4.60199976 6.52599859 -37.6155014
v 0 4.12099838 -38.064003
v 4.60199976 20.0524979 -35.593998
v 0 22.7304993 -35.0804977
v -4.60199976 20.0524979 -35.593998
v 0 4.12099838 -38.064003
v 0 22.7304993 -35.0804977
v 0 4.12099838 -38.064003
v -4.60199976 20.0524979 -35.593998
v -4.60199976 6.52599859 -37.6155014
v 14.4235001 31.6679993 -1.8590014
v 23.7054996 -3.56200075 -14.8589993
v 18.6680012 -5.53150034 -6.50649977
v 23.7054996 -3.56200075 -14.8589993
v 14.4235001 31.6679993 -1.8590014
v 19.9095001 33.968998 -10.0620012
v 38.3499985 -41.5999985 3.41900182
v 29.4124985 -21.5085011 3.41900086
v 34.7750015 -21.7749996 3.41900086
v 29.4124985 -21.5085011 3.41900086
v 38.3499985 -41.5999985 3.41900182
v 31.3624992 -44.0699997 3.41900182
v 31.3624992 -44.0699997 3.41900182
v 19.3375015 -18.9344997 3.41900086
v 29.4124985 -21.5085011 3.41900086
v 19.3375015 -18.9344997 3.41900086
v 31.3624992 -44.0699997 3.41900182
v 22.0154991 -50.1345024 3.41900229
v 31.3624992 -44.0699997 -3.418998
v 38.3499985 -41.5999985 3.41900182
v 38.3499985 -41.5999985 -3.41899824
v 38.3499985 -41.5999985 3.41900182
v 31.3624992 -44.0699997 -3.418998
v 31.3624992 -44.0699997 3.41900182
v 22.0154991 -50.1345024 -3.41899776
v 31.3624992 -44.0699997 3.41900182
v 31.3624992 -44.0699997 -3.418998
v 31.3624992 -44.0699997 3.41900182
v 22.0154991 -50.1345024 -3.41899776
v 22.0154991 -50.1345024 3.41900229
v -38.3499985 -41.5999985 -3.41899824
v -29.4124985 -21.5085011 -3.41899896
v -34.7750015 -21.7750015 -3.41899896
v -29.4124985 -21.5085011 -3.41899896
v -38.3499985 -41.5999985 -3.41899824
v -31.3624992 -44.0699997 -3.418998
v -31.3624992 -44.0699997 -3.418998
v -19.3375015 -18.9344997 -3.4189992
v -29.4124985 -21.5085011 -3.41899896
v -19.3375015 -18.9344997 -3.4189992
v -31.3624992 -44.0699997 -3.418998
v -22.0154991 -50.1345024 -3.41899776
v 5.7590003 -27.3000011 -31.8369999
v 0 -26.5070019 -43.8554993
v 5.7590003 -29.861002 -44.4924965
v 0 -26.5070019 -43.8554993
v 5.7590003 -27.3000011 -31.8369999
v 0 -24.4660015 -31.1999989
v -5.7590003 -27.3000011 -31.8369999
v 0 -26.5070019 -43.8554993
v 0 -24.4660015 -31.1999989
v 0 -26.5070019 -43.8554993
v -5.7590003 -27.3000011 -31.8369999
v -5.7590003 -29.861002 -44.4924965
v 5.7590003 -22.4899998 -25.4474983
v 0 -24.4660015 -31.1999989
v 5.7590003 -27.3000011 -31.8369999
v 0 -24.4660015 -31.1999989
v 5.7590003 -22.4899998 -25.4474983
v 0 -19.1424999 -24.8429985
v -5.7590003 -22.4899998 -25.4474983
v 0 -24.4660015 -31.1999989
v 0 -19.1424999 -24.8429985
v 0 -24.4660015 -31.1999989
v -5.7590003 -22.4899998 -25.4474983
v -5.7590003 -27.3000011 -31.8369999
v 5.7590003 -29.861002 -44.4924965
v 0 -49.7770004 -47.5864983
v 5.7590003 -46.7675018 -47.0144958
v 0 -49.7770004 -47.5864983
v 5.7590003 -29.861002 -44.4924965
v 0 -26.5070019 -43.8554993
v -5.7590003 -29.861002 -44.4924965
v 0 -49.7770004 -47.5864983
v 0 -26.5070019 -43.8554993
v 0 -49.7770004 -47.5864983
v -5.7590003 -29.861002 -44.4924965
v -5.7590003 -46.7675018 -47.0144958
v 18.0309982 -15.3400002 -2.32699919
v 29.6335011 -59.3840027 -18.5769978
v 23.3349991 -61.8345032 -8.13799763
v 29.6335011 -59.3840027 -18.5769978
v 18.0309982 -15.3400002 -2.32699919
v 24.882 -12.4605007 -12.5839996
v 18.8174992 42.8479996 10.0554981
v 11.4464998 72.0329971 3.97799683
v 14.8199997 42.2825012 3.2629981
v 11.4464998 72.0329971 3.97799683
v 18.8174992 42.8479996 10.0554981
v 15.8015003 72.8714981 10.6924963
v -48.0805016 -93.7365036 -3.73099589
v -41.8665009 -67.7884979 3.73100281
v -48.0805016 -93.7365036 3.731004
v -41.8665009 -67.7884979 3.73100281
v -48.0805016 -93.7365036 -3.73099589
v -41.8665009 -67.7884979 -3.73099709
v 23.7054996 -2.28799939 12.6620007
v 14.4235001 34.4759979 5.0179987
v 18.6680012 -2.99650002 4.11450005
v 14.4235001 34.4759979 5.0179987
v 23.7054996 -2.28799939 12.6620007
v 19.9095001 35.5419998 13.4679985
v 29.6335011 -57.7849998 15.8340025
v 18.0309982 -11.8234997 6.26600075
v 23.3349991 -58.675499 5.14150238
v 18.0309982 -11.8234997 6.26600075
v 29.6335011 -57.7849998 15.8340025
v 24.882 -10.4974995 16.835001
v 1.54050004 141.7845 1.91749382
v 2.17750001 141.725998 3.5229938
v 1.54050004 141.673996 5.12199402
v 1.54050004 141.673996 5.12199402
v 0 141.804001 1.25449383
v 1.54050004 141.7845 1.91749382
v 0 141.804001 1.25449383
v 1.54050004 141.673996 5.12199402
v 0 141.647995 5.78499413
v -1.54050004 141.673996 5.12199402
v 0 141.804001 1.25449383
v 0 141.647995 5.78499413
v 0 141.804001 1.25449383
v -1.54050004 141.673996 5.12199402
v -1.54050004 141.7845 1.91749382
v -1.54050004 141.7845 1.91749382
v -1.54050004 141.673996 5.12199402
v -2.17750001 141.725998 3.5229938
v -7.56599998 74.5680008 -6.39600325
v -10.6990004 74.3014984 1.16349673
v -7.56599998 74.0414963 8.729496
v -7.56599998 74.0414963 8.729496
v 0 74.6785049 -9.52900314
v -7.56599998 74.5680008 -6.39600325
v 0 74.6785049 -9.52900314
v -7.56599998 74.0414963 8.729496
v 0 73.9309998 11.8624973
v 7.56599998 74.0414963 8.729496
v 0 74.6785049 -9.52900314
v 0 73.9309998 11.8624973
v 0 74.6785049 -9.52900314
v 7.56599998 74.0414963 8.729496
v 7.56599998 74.5680008 -6.39600325
v 7.56599998 74.5680008 -6.39600325
v 7.56599998 74.0414963 8.729496
v 10.6990004 74.3014984 1.16349673
v -11.4854994 43.8359985 -11.4855013
v -16.2369995 43.8359985 -1.91613231e-06
v -11.4854994 43.8359985 11.4854975
v -11.4854994 43.8359985 11.4854975
v 0 43.8359985 -16.2370014
v -11.4854994 43.8359985 -11.4855013
v 0 43.8359985 -16.2370014
v -11.4854994 43.8359985 11.4854975
v 0 43.8359985 16.2369976
v 11.4854994 43.8359985 11.4854975
v 0 43.8359985 -16.2370014
v 0 43.8359985 16.2369976
v 0 43.8359985 -16.2370014
v 11.4854994 43.8359985 11.4854975
v 11.4854994 43.8359985 -11.4855013
v 11.4854994 43.8359985 -11.4855013
v 11.4854994 43.8359985 11.4854975
v 16.2369995 43.8359985 -1.91613231e-06
v -6.59100008 78.9230042 6.32449675
v -9.3210001 78.9230042 -3.44983414e-06
v -6.59100008 78.9230042 -6.32450342
v -6.59100008 78.9230042 -6.32450342
v 0 78.9230042 8.94399643
v -6.59100008 78.9230042 6.32449675
v 0 78.9230042 8.94399643
v -6.59100008 78.9230042 -6.32450342
v 0 78.9230042 -8.94400406
v 6.59100008 78.9230042 -6.32450342
v 0 78.9230042 8.94399643
v 0 78.9230042 -8.94400406
v 0 78.9230042 8.94399643
v 6.59100008 78.9230042 -6.32450342
v 6.59100008 78.9230042 6.32449675
v 6.59100008 78.9230042 -6.32450342
v 9.3210001 78.9230042 -3.44983414e-06
v 6.59100008 78.9230042 6.32449675
v -12.493 -45.9355011 10.4910021
v -17.6669998 -45.9355011 2.00790464e-06
v -12.493 -45.9355011 -10.4909983
v -12.493 -45.9355011 -10.4909983
v 0 -45.9355011 14.8395023
v -12.493 -45.9355011 10.4910021
v 0 -45.9355011 14.8395023
v -12.493 -45.9355011 -10.4909983
v 0 -45.9355011 -14.8394985
v 12.493 -45.9355011 -10.4909983
v 0 -45.9355011 14.8395023
v 0 -45.9355011 -14.8394985
v 0 -45.9355011 14.8395023
v 12.493 -45.9355011 -10.4909983
v 12.493 -45.9355011 10.4910021
v 12.493 -45.9355011 -10.4909983
v 17.6669998 -45.9355011 2.00790464e-06
v 12.493 -45.9355011 10.4910021
v -15.4375 -123.552002 -15.4374943
v -21.8269997 -123.552002 5.40062956e-06
v -15.4375 -123.552002 15.4375048
v -15.4375 -123.552002 15.4375048
v 0 -123.552002 -21.8269939
v -15.4375 -123.552002 -15.4374943
v 0 -123.552002 -21.8269939
v -15.4375 -123.552002 15.4375048
v 0 -123.552002 21.8270054
v 15.4375 -123.552002 15.4375048
v 0 -123.552002 -21.8269939
v 0 -123.552002 21.8270054
v 0 -123.552002 -21.8269939
v 15.4375 -123.552002 15.4375048
v 15.4375 -123.552002 -15.4374943
v 15.4375 -123.552002 -15.4374943
v 15.4375 -123.552002 15.4375048
v 21.8269997 -123.552002 5.40062956e-06
v -14.4689999 -1.04000068 -14.4689999
v -20.4619999 -1.04000008 4.54598457e-08
v -14.4689999 -1.03999937 14.4689999
v -14.4689999 -1.03999937 14.4689999
v 0 -1.04000092 -20.4619999
v -14.4689999 -1.04000068 -14.4689999
v 0 -1.04000092 -20.4619999
v -14.4689999 -1.03999937 14.4689999
v 0 -1.03999913 20.4619999
v 14.4689999 -1.03999937 14.4689999
v 0 -1.04000092 -20.4619999
v 0 -1.03999913 20.4619999
v 0 -1.04000092 -20.4619999
v 14.4689999 -1.03999937 14.4689999
v 14.4689999 -1.04000068 -14.4689999
v 14.4689999 -1.04000068 -14.4689999
v 14.4689999 -1.03999937 14.4689999
v 20.4619999 -1.04000008 4.54598457e-08
v -8.30049992 43.1599998 7.96899796
v -11.7390003 43.1599998 -1.8865835e-06
v -8.30049992 43.1599998 -7.96900177
v -8.30049992 43.1599998 -7.96900177
v 0 43.1599998 11.270998
v -8.30049992 43.1599998 7.96899796
v 0 43.1599998 11.270998
v -8.30049992 43.1599998 -7.96900177
v 0 43.159996 -11.2710018
v 8.30049992 43.1599998 -7.96900177
v 0 43.1599998 11.270998
v 0 43.159996 -11.2710018
v 0 43.1599998 11.270998
v 8.30049992 43.1599998 -7.96900177
v 8.30049992 43.1599998 7.96899796
v 8.30049992 43.1599998 -7.96900177
v 11.7390003 43.1599998 -1.8865835e-06
v 8.30049992 43.1599998 7.96899796
v -18.0830002 -56.2250023 -18.0829983
v -25.5710011 -56.2250023 2.45767296e-06
v -18.0830002 -56.2249985 18.0830021
v -18.0830002 -56.2249985 18.0830021
v 0 -56.2250023 -25.5709991
v -18.0830002 -56.2250023 -18.0829983
v 0 -56.2250023 -25.5709991
v -18.0830002 -56.2249985 18.0830021
v 0 -56.2249985 25.571003
v 18.0830002 -56.2249985 18.0830021
v 0 -56.2250023 -25.5709991
v 0 -56.2249985 25.571003
v 0 -56.2250023 -25.5709991
v 18.0830002 -56.2249985 18.0830021
v 18.0830002 -56.2250023 -18.0829983
v 18.0830002 -56.2250023 -18.0829983
v 18.0830002 -56.2249985 18.0830021
v 25.5710011 -56.2250023 2.45767296e-06
v -10.3740005 -0.974999547 9.95800018
v -14.6769991 -0.974999964 4.2618602e-08
v -10.3740005 -0.975000441 -9.95800018
v -10.3740005 -0.975000441 -9.95800018
v 0 -0.974999368 14.0854998
v -10.3740005 -0.974999547 9.95800018
v 0 -0.974999368 14.0854998
v -10.3740005 -0.975000441 -9.95800018
v 0 -0.97500062 -14.0854998
v 10.3740005 -0.975000441 -9.95800018
v 0 -0.974999368 14.0854998
v 0 -0.97500062 -14.0854998
v 0 -0.974999368 14.0854998
v 10.3740005 -0.975000441 -9.95800018
v 10.3740005 -0.974999547 9.95800018
v 10.3740005 -0.975000441 -9.95800018
v 14.6769991 -0.974999964 4.2618602e-08
v 10.3740005 -0.974999547 9.95800018
v 6.51949978 74.3535004 9.6394968
v 0 108.309502 8.79449463
v 0 72.8389969 11.166997
v 0 108.309502 8.79449463
v 6.51949978 74.3535004 9.6394968
v 5.27800035 106.067001 8.00149536
v 5.43400002 130.8125 4.69299412
v 0 108.309502 8.79449463
v 5.27800035 106.067001 8.00149536
v 0 145.158005 4.89449358
v 0 108.309502 8.79449463
v 5.43400002 130.8125 4.69299412
v 0 145.158005 4.89449358
v -5.43400002 130.8125 4.69299412
v 0 108.309502 8.79449463
v 0 108.309502 8.79449463
v -5.43400002 130.8125 4.69299412
v -5.27800035 106.067001 8.00149536
v -6.51949978 74.3535004 9.6394968
v 0 108.309502 8.79449463
v -5.27800035 106.067001 8.00149536
v 0 108.309502 8.79449463
v -6.51949978 74.3535004 9.6394968
v 0 72.8389969 11.166997
v 12.8699999 77.3044968 4.95949697
v 5.27800035 106.067001 8.00149536
v 6.51949978 74.3535004 9.6394968
v 5.27800035 106.067001 8.00149536
v 12.8699999 77.3044968 4.95949697
v 10.6729994 103.135498 4.6409955
v 10.6729994 103.135498 4.6409955
v 5.43400002 130.8125 4.69299412
v 5.27800035 106.067001 8.00149536
v -5.27800035 106.067001 8.00149536
v -12.8699999 77.3044968 4.95949697
v -6.51949978 74.3535004 9.6394968
v -12.8699999 77.3044968 4.95949697
v -5.27800035 106.067001 8.00149536
v -10.6729994 103.135498 4.6409955
v -10.6729994 103.135498 4.6409955
v -5.27800035 106.067001 8.00149536
v -5.43400002 130.8125 4.69299412
v 7.56599998 74.0414963 8.729496
v 9.24300003 97.0319977 1.96299577
v 10.6990004 74.3014984 1.16349673
v 9.24300003 97.0319977 1.96299577
v 7.56599998 74.0414963 8.729496
v 6.53250027 96.7979965 8.5864954
v 1.54050004 141.673996 5.12199402
v 9.24300003 97.0319977 1.96299577
v 6.53250027 96.7979965 8.5864954
v 9.24300003 97.0319977 1.96299577
v 1.54050004 141.673996 5.12199402
v 2.17750001 141.725998 3.5229938
v 1.54050004 141.7845 1.91749382
v 9.24300003 97.0319977 1.96299577
v 2.17750001 141.725998 3.5229938
v 9.24300003 97.0319977 1.96299577
v 1.54050004 141.7845 1.91749382
v 6.53250027 97.2659988 -4.66700411
v 7.56599998 74.5680008 -6.39600325
v 9.24300003 97.0319977 1.96299577
v 6.53250027 97.2659988 -4.66700411
v 9.24300003 97.0319977 1.96299577
v 7.56599998 74.5680008 -6.39600325
v 10.6990004 74.3014984 1.16349673
v 0 73.9309998 11.8624973
v 6.53250027 96.7979965 8.5864954
v 7.56599998 74.0414963 8.729496
v 6.53250027 96.7979965 8.5864954
v 0 73.9309998 11.8624973
v 0 96.7070007 11.3359957
v 0 141.647995 5.78499413
v 6.53250027 96.7979965 8.5864954
v 0 96.7070007 11.3359957
v 6.53250027 96.7979965 8.5864954
v 0 141.647995 5.78499413
v 1.54050004 141.673996 5.12199402
v 6.53250027 97.2659988 -4.66700411
v 0 74.6785049 -9.52900314
v 7.56599998 74.5680008 -6.39600325
v 0 74.6785049 -9.52900314
v 6.53250027 97.2659988 -4.66700411
v 0 97.3570023 -7.41650438
v -6.53250027 97.2659988 -4.66700411
v 0 74.6785049 -9.52900314
v 0 97.3570023 -7.41650438
v 0 74.6785049 -9.52900314
v -6.53250027 97.2659988 -4.66700411
v -7.56599998 74.5680008 -6.39600325
v -9.24300003 97.0319977 1.96299577
v -7.56599998 74.5680008 -6.39600325
v -6.53250027 97.2659988 -4.66700411
v -7.56599998 74.5680008 -6.39600325
v -9.24300003 97.0319977 1.96299577
v -10.6990004 74.3014984 1.16349673
v -9.24300003 97.0319977 1.96299577
v -7.56599998 74.0414963 8.729496
v -10.6990004 74.3014984 1.16349673
v 6.53250027 97.2659988 -4.66700411
v 0 141.804001 1.25449383
v 0 97.3570023 -7.41650438
v 0 141.804001 1.25449383
v -6.53250027 97.2659988 -4.66700411
v 0 97.3570023 -7.41650438
v -6.53250027 97.2659988 -4.66700411
v 0 141.804001 1.25449383
v -1.54050004 141.7845 1.91749382
v -1.54050004 141.7845 1.91749382
v -9.24300003 97.0319977 1.96299577
v -6.53250027 97.2659988 -4.66700411
v -9.24300003 97.0319977 1.96299577
v -1.54050004 141.7845 1.91749382
v -2.17750001 141.725998 3.5229938
v -1.54050004 141.673996 5.12199402
v -9.24300003 97.0319977 1.96299577
v -2.17750001 141.725998 3.5229938
v -9.24300003 97.0319977 1.96299577
v -1.54050004 141.673996 5.12199402
v -6.53250027 96.7979965 8.5864954
v -7.56599998 74.0414963 8.729496
v -9.24300003 97.0319977 1.96299577
v -6.53250027 96.7979965 8.5864954
v -6.53250027 96.7979965 8.5864954
v 0 73.9309998 11.8624973
v -7.56599998 74.0414963 8.729496
v 0 73.9309998 11.8624973
v -6.53250027 96.7979965 8.5864954
v 0 96.7070007 11.3359957
v 0 141.804001 1.25449383
v 6.53250027 97.2659988 -4.66700411
v 1.54050004 141.7845 1.91749382
v -6.53250027 96.7979965 8.5864954
v 0 141.647995 5.78499413
v 0 96.7070007 11.3359957
v 0 141.647995 5.78499413
v -6.53250027 96.7979965 8.5864954
v -1.54050004 141.673996 5.12199402
v -14.8134995 77.7594986 -8.17700291
v -6.53899956 107.152496 -7.81300449
v -12.6229992 103.265503 -5.05050421
v -6.53899956 107.152496 -7.81300449
v -14.8134995 77.7594986 -8.17700291
v -8.43700027 75.2699966 -12.6620035
v -8.43700027 75.2699966 -12.6620035
v 0 108.862 -8.78150558
v -6.53899956 107.152496 -7.81300449
v 0 134.231491 -3.43850589
v -6.53899956 107.152496 -7.81300449
v 0 108.862 -8.78150558
v 0 134.231491 -3.43850589
v -7.38399982 130.7995 -2.22950578
v -6.53899956 107.152496 -7.81300449
v -7.38399982 130.7995 -2.22950578
v -12.6229992 103.265503 -5.05050421
v -6.53899956 107.152496 -7.81300449
v 0 108.862 -8.78150558
v -8.43700027 75.2699966 -12.6620035
v 0 73.7490005 -14.8200035
v 8.43700027 75.2699966 -12.6620035
v 0 108.862 -8.78150558
v 0 73.7490005 -14.8200035
v 0 108.862 -8.78150558
v 8.43700027 75.2699966 -12.6620035
v 6.53899956 107.152496 -7.81300449
v 6.53899956 107.152496 -7.81300449
v 0 134.231491 -3.43850589
v 0 108.862 -8.78150558
v 7.38399982 130.7995 -2.22950578
v 0 134.231491 -3.43850589
v 6.53899956 107.152496 -7.81300449
v 0 134.231491 -3.43850589
v 7.38399982 130.7995 -2.22950578
v 0 147.73851 -0.96200645
v -7.38399982 130.7995 -2.22950578
v 0 134.231491 -3.43850589
v 0 147.73851 -0.96200645
v 14.8134995 77.7594986 -8.17700291
v 6.53899956 107.152496 -7.81300449
v 8.43700027 75.2699966 -12.6620035
v 6.53899956 107.152496 -7.81300449
v 14.8134995 77.7594986 -8.17700291
v 12.6229992 103.265503 -5.05050421
v 12.6229992 103.265503 -5.05050421
v 7.38399982 130.7995 -2.22950578
v 6.53899956 107.152496 -7.81300449
v -6.53899956 106.444 12.4149952
v -14.8134995 77.1030045 10.7314959
v -12.6229992 102.764999 9.39249611
v -14.8134995 77.1030045 10.7314959
v -6.53899956 106.444 12.4149952
v -8.43700027 74.3014984 15.0279961
v 0 108.082001 13.500495
v -8.43700027 74.3014984 15.0279961
v -6.53899956 106.444 12.4149952
v -8.43700027 74.3014984 15.0279961
v 0 108.082001 13.500495
v 0 72.6310043 17.0754967
v 0 108.082001 13.500495
v 8.43700027 74.3014984 15.0279961
v 0 72.6310043 17.0754967
v 8.43700027 74.3014984 15.0279961
v 0 108.082001 13.500495
v 6.53899956 106.444 12.4149952
v 6.53899956 106.444 12.4149952
v 14.8134995 77.1030045 10.7314959
v 8.43700027 74.3014984 15.0279961
v -12.6229992 102.764999 9.39249611
v -7.38399982 130.429001 8.49549484
v -6.53899956 106.444 12.4149952
v -7.38399982 130.429001 8.49549484
v 0 133.763504 9.93849373
v -6.53899956 106.444 12.4149952
v -6.53899956 106.444 12.4149952
v 0 133.763504 9.93849373
v 0 108.082001 13.500495
v 0 133.763504 9.93849373
v 6.53899956 106.444 12.4149952
v 0 108.082001 13.500495
v 0 133.763504 9.93849373
v 7.38399982 130.429001 8.49549484
v 6.53899956 106.444 12.4149952
v 7.38399982 130.429001 8.49549484
v 12.6229992 102.764999 9.39249611
v 6.53899956 106.444 12.4149952
v 14.8134995 77.1030045 10.7314959
v 6.53899956 106.444 12.4149952
v 12.6229992 102.764999 9.39249611
v 0 133.763504 9.93849373
v -7.38399982 130.429001 8.49549484
v 0 147.413498 8.41099358
v 7.38399982 130.429001 8.49549484
v 0 133.763504 9.93849373
v 0 147.413498 8.41099358
v -6.51949978 74.9449997 -7.28650331
v 0 108.764503 -4.06900501
v 0 73.5410004 -8.91150284
v 0 108.764503 -4.06900501
v -6.51949978 74.9449997 -7.28650331
v -5.27800035 106.470001 -3.43200469
v -5.43400002 130.916504 1.58599424
v 0 108.764503 -4.06900501
v -5.27800035 106.470001 -3.43200469
v -5.43400002 130.916504 1.58599424
v 0 145.249008 2.39199376
v 0 108.764503 -4.06900501
v 0 108.764503 -4.06900501
v 0 145.249008 2.39199376
v 5.43400002 130.916504 1.58599424
v 0 108.764503 -4.06900501
v 5.43400002 130.916504 1.58599424
v 5.27800035 106.470001 -3.43200469
v 6.51949978 74.9449997 -7.28650331
v 0 108.764503 -4.06900501
v 5.27800035 106.470001 -3.43200469
v 0 108.764503 -4.06900501
v 6.51949978 74.9449997 -7.28650331
v 0 73.5410004 -8.91150284
v -12.8699999 77.5579987 -2.41150331
v -5.27800035 106.470001 -3.43200469
v -6.51949978 74.9449997 -7.28650331
v -5.27800035 106.470001 -3.43200469
v -12.8699999 77.5579987 -2.41150331
v -10.6729994 103.304504 -0.292504489
v -5.27800035 106.470001 -3.43200469
v -10.6729994 103.304504 -0.292504489
v -5.43400002 130.916504 1.58599424
v 5.27800035 106.470001 -3.43200469
v 12.8699999 77.5579987 -2.41150331
v 6.51949978 74.9449997 -7.28650331
v 12.8699999 77.5579987 -2.41150331
v 5.27800035 106.470001 -3.43200469
v 10.6729994 103.304504 -0.292504489
v 5.43400002 130.916504 1.58599424
v 10.6729994 103.304504 -0.292504489
v 5.27800035 106.470001 -3.43200469

# 477 UV coordinates
vt 0.621299982 0.058099985 0
vt 0.640699983 0.051299989 0
vt 0.643700004 0.055400014 0
vt 0.621999979 0.052999973 0
vt 0.587599993 0.053799987 0
vt 0.586899996 0.060100019 0
vt 0.555899978 0.053799987 0
vt 0.555400014 0.061200023 0
vt 0.692200005 0.084599972 0
vt 0.702899992 0.083599985 0
vt 0.700500011 0.090600014 0
vt 0.694500029 0.078000009 0
vt 0.684000015 0.082599998 0
vt 0.684000015 0.075399995 0
vt 0.673500001 0.077899992 0
vt 0.675800025 0.084500015 0
vt 0.665099978 0.083400011 0
vt 0.667400002 0.090499997 0
vt 0.57190001 0.605699986 0
vt 0.561200023 0.601900011 0
vt 0.569700003 0.599099994 0
vt 0.563399971 0.608599991 0
vt 0.576200008 0.618600011 0
vt 0.567700028 0.621399999 0
vt 0.530399978 0.608799994 0
vt 0.564199984 0.622099996 0
vt 0.523299992 0.621499985 0
vt 0.559899986 0.609299988 0
vt 0.532899976 0.5995 0
vt 0.559099972 0.602299988 0
vt 0.533100009 0.59740001 0
vt 0.560199976 0.591300011 0
vt 0.534099996 0.588499993 0
vt 0.559300005 0.600199997 0
vt 0.49090001 0.492500007 0
vt 0.449400008 0.484899998 0
vt 0.497799993 0.484899998 0
vt 0.458200008 0.492299974 0
vt 0.484800011 0.508300006 0
vt 0.463 0.508599997 0
vt 0.4542 0.492299974 0
vt 0.451400012 0.510699987 0
vt 0.458999991 0.508599997 0
vt 0.444499999 0.495400012 0
vt 0.437299997 0.50150001 0
vt 0.444499999 0.515599996 0
vt 0.4454 0.484899998 0
vt 0.438199997 0.486500025 0
vt 0.433200002 0.4921 0
vt 0.759899974 0.502400011 0
vt 0.787100017 0.559599996 0
vt 0.780900002 0.497799993 0
vt 0.763899982 0.568800002 0
vt 0.743399978 0.504500002 0
vt 0.743499994 0.575300008 0
vt 0.723100007 0.568800002 0
vt 0.726999998 0.502400011 0
vt 0.699999988 0.559700012 0
vt 0.705900013 0.498000026 0
vt 0.81309998 0.588200003 0
vt 0.824800014 0.568899989 0
vt 0.808399975 0.5713 0
vt 0.829599977 0.589899987 0
vt 0.825800002 0.606000006 0
vt 0.810400009 0.598800004 0
vt 0.815900028 0.619199991 0
vt 0.80400002 0.607600003 0
vt 0.796700001 0.629000008 0
vt 0.787999988 0.614899993 0
vt 0.788699985 0.573599994 0
vt 0.777199984 0.596799999 0
vt 0.796700001 0.587799996 0
vt 0.766200006 0.584399998 0
vt 0.76639998 0.608900011 0
vt 0.751800001 0.600199997 0
vt 0.760800004 0.6241 0
vt 0.744599998 0.620299995 0
vt 0.745700002 0.645200014 0
vt 0.762000024 0.645599991 0
vt 0.666599989 0.524500012 0
vt 0.648100019 0.549600005 0
vt 0.656000018 0.55340001 0
vt 0.658299983 0.5176 0
vt 0.643000007 0.547600001 0
vt 0.651499987 0.513200015 0
vt 0.643400013 0.513999999 0
vt 0.637600005 0.546999991 0
vt 0.6329 0.516099989 0
vt 0.628799975 0.546700001 0
vt 0.694000006 0.559700012 0
vt 0.683399975 0.497500002 0
vt 0.6778 0.558800012 0
vt 0.699899971 0.498000026 0
vt 0.449800014 0.308200002 0
vt 0.461699992 0.371599972 0
vt 0.442600012 0.369499981 0
vt 0.469399989 0.309800029 0
vt 0.85799998 0.442200005 0
vt 0.819199979 0.441500008 0
vt 0.829100013 0.457899988 0
vt 0.850799978 0.424499989 0
vt 0.878799975 0.438600004 0
vt 0.878700018 0.41930002 0
vt 0.899600029 0.442099988 0
vt 0.906599998 0.424300015 0
vt 0.938399971 0.440999985 0
vt 0.928600013 0.457499981 0
vt 0.654200017 0.441100001 0
vt 0.639400005 0.467199981 0
vt 0.649900019 0.471599996 0
vt 0.640799999 0.429700017 0
vt 0.632300019 0.465399981 0
vt 0.632399976 0.426400006 0
vt 0.624000013 0.429700017 0
vt 0.62529999 0.467199981 0
vt 0.610499978 0.440999985 0
vt 0.614700019 0.471599996 0
vt 0.495299995 0.451799989 0
vt 0.505400002 0.46420002 0
vt 0.495700002 0.46450001 0
vt 0.504999995 0.451499999 0
vt 0.495000005 0.441699982 0
vt 0.504700005 0.441399992 0
vt 0.491100013 0.427900016 0
vt 0.456499994 0.43870002 0
vt 0.456200004 0.42900002 0
vt 0.491400003 0.437699974 0
vt 0.490799993 0.451799989 0
vt 0.456499994 0.442700028 0
vt 0.491400003 0.441699982 0
vt 0.449000001 0.459800005 0
vt 0.4912 0.46450001 0
vt 0.441300005 0.476100028 0
vt 0.443199992 0.438799977 0
vt 0.444000006 0.459800005 0
vt 0.451999992 0.443000019 0
vt 0.435200006 0.455600023 0
vt 0.436300009 0.476100028 0
vt 0.42750001 0.471899986 0
vt 0.865100026 0.561699986 0
vt 0.834399998 0.560699999 0
vt 0.846800029 0.575899988 0
vt 0.856999993 0.544200003 0
vt 0.878799975 0.538300008 0
vt 0.879800022 0.558600008 0
vt 0.90109998 0.542100012 0
vt 0.894699991 0.560400009 0
vt 0.925199986 0.556400001 0
vt 0.914300025 0.572699994 0
vt 0.471700013 0.371599972 0
vt 0.505200028 0.319999993 0
vt 0.479400009 0.309800029 0
vt 0.494399995 0.387799978 0
vt 0.512300014 0.397400022 0
vt 0.527100027 0.324199975 0
vt 0.527100027 0.401499987 0
vt 0.541800022 0.397400022 0
vt 0.549000025 0.320100009 0
vt 0.559700012 0.387799978 0
vt 0.582499981 0.371699989 0
vt 0.574899971 0.309899986 0
vt 0.583899975 0.45480001 0
vt 0.581200004 0.433399975 0
vt 0.574000001 0.452300012 0
vt 0.592100024 0.436999977 0
vt 0.588199973 0.425100029 0
vt 0.598200023 0.426800013 0
vt 0.605400026 0.434099972 0
vt 0.600899994 0.443400025 0
vt 0.592499971 0.461099982 0
vt 0.539699972 0.467599988 0
vt 0.568000019 0.457799971 0
vt 0.543799996 0.457799971 0
vt 0.572399974 0.467599988 0
vt 0.568199992 0.477400005 0
vt 0.54369998 0.477400005 0
vt 0.335299999 0.559399992 0
vt 0.366899997 0.549400002 0
vt 0.355599999 0.541999996 0
vt 0.354000002 0.569700003 0
vt 0.380600005 0.554100007 0
vt 0.373600006 0.576700002 0
vt 0.395599991 0.556400001 0
vt 0.3935 0.580500007 0
vt 0.41170001 0.556600004 0
vt 0.318100005 0.601599991 0
vt 0.3398 0.610700011 0
vt 0.368400007 0.5977 0
vt 0.390799999 0.601900011 0
vt 0.413599998 0.602999985 0
vt 0.412800014 0.581099987 0
vt 0.427700013 0.555099994 0
vt 0.431899995 0.579100013 0
vt 0.442400008 0.551400006 0
vt 0.363499999 0.618299991 0
vt 0.388399988 0.623299986 0
vt 0.414200008 0.624500006 0
vt 0.439900011 0.621600002 0
vt 0.436300009 0.600199997 0
vt 0.464599997 0.61500001 0
vt 0.458099991 0.594199985 0
vt 0.451499999 0.573799998 0
vt 0.45570001 0.545599997 0
vt 0.470600009 0.565299988 0
vt 0.466699988 0.536900014 0
vt 0.488599986 0.554100007 0
vt 0.508599997 0.594900012 0
vt 0.487500012 0.605399996 0
vt 0.522700012 0.595499992 0
vt 0.525900006 0.6083 0
vt 0.530499995 0.599799991 0
vt 0.518000007 0.604000002 0
vt 0.51880002 0.620999992 0
vt 0.510999978 0.616699994 0
vt 0.620800018 0.515899986 0
vt 0.591700017 0.572100013 0
vt 0.612800002 0.577499986 0
vt 0.59799999 0.506099999 0
vt 0.574999988 0.569499999 0
vt 0.577199996 0.49879998 0
vt 0.555999994 0.504799992 0
vt 0.558099985 0.57100001 0
vt 0.532700002 0.513099998 0
vt 0.536800027 0.575100005 0
vt 0.676100016 0.498000026 0
vt 0.653199971 0.499499977 0
vt 0.665799975 0.510899991 0
vt 0.660899997 0.482500017 0
vt 0.643000007 0.495400012 0
vt 0.644500017 0.478200018 0
vt 0.632300019 0.497699976 0
vt 0.627699971 0.479600012 0
vt 0.610000014 0.492299974 0
vt 0.617900014 0.506799996 0
vt 0.633300006 0.580300003 0
vt 0.658100009 0.571700007 0
vt 0.644699991 0.5625 0
vt 0.646300018 0.593499988 0
vt 0.620999992 0.590799987 0
vt 0.628499985 0.606400013 0
vt 0.605000019 0.593899995 0
vt 0.607299984 0.612399995 0
vt 0.582899988 0.607899994 0
vt 0.583999991 0.591699988 0
vt 0.702600002 0.590200007 0
vt 0.726100028 0.647899985 0
vt 0.719299972 0.586699992 0
vt 0.707099974 0.657200009 0
vt 0.691799998 0.591699988 0
vt 0.691699982 0.662499994 0
vt 0.676400006 0.657200009 0
vt 0.680899978 0.590200007 0
vt 0.657400012 0.647899985 0
vt 0.664200008 0.586699992 0
vt 0.514800012 0.574999988 0
vt 0.527199984 0.513099998 0
vt 0.510999978 0.513599992 0
vt 0.531300008 0.575100005 0
vt 0.815100014 0.478699982 0
vt 0.803200006 0.542199999 0
vt 0.796000004 0.48089999 0
vt 0.822799981 0.540499985 0
vt 0.652800024 0.358299971 0
vt 0.683300018 0.359899998 0
vt 0.67110002 0.344500005 0
vt 0.660700023 0.376100004 0
vt 0.639100015 0.381399989 0
vt 0.638499975 0.361100018 0
vt 0.617200017 0.377300024 0
vt 0.624199986 0.359000027 0
vt 0.593800008 0.362200022 0
vt 0.605199993 0.346199989 0
vt 0.510200024 0.500699997 0
vt 0.496600002 0.510199994 0
vt 0.503499985 0.515500009 0
vt 0.503499985 0.495199978 0
vt 0.494700015 0.492500007 0
vt 0.488599986 0.508300006 0
vt 0.514500022 0.492200017 0
vt 0.509599984 0.485899985 0
vt 0.501600027 0.484899998 0
vt 0.485100001 0.52610001 0
vt 0.459100008 0.518599987 0
vt 0.463 0.52610001 0
vt 0.489399999 0.518599987 0
vt 0.484899998 0.511099994 0
vt 0.463200003 0.511099994 0
vt 0.575200021 0.433399975 0
vt 0.528900027 0.425199986 0
vt 0.582199991 0.425100029 0
vt 0.537699997 0.433399975 0
vt 0.543799996 0.452300012 0
vt 0.568000019 0.452300012 0
vt 0.935400009 0.478600025 0
vt 0.901899993 0.529700011 0
vt 0.927699983 0.540399998 0
vt 0.907000005 0.45660001 0
vt 0.879999995 0.523900002 0
vt 0.879899979 0.448099971 0
vt 0.852900028 0.45660001 0
vt 0.858099997 0.529799998 0
vt 0.824599981 0.478699982 0
vt 0.832300007 0.540499985 0
vt 0.528199971 0.4551 0
vt 0.510900021 0.444500029 0
vt 0.519699991 0.461199999 0
vt 0.519900024 0.43720001 0
vt 0.506399989 0.434099972 0
vt 0.513499975 0.427200019 0
vt 0.522899985 0.425199986 0
vt 0.531700015 0.433399975 0
vt 0.537800014 0.452300012 0
vt 0.587400019 0.414499998 0
vt 0.611800015 0.39200002 0
vt 0.584100008 0.395600021 0
vt 0.622600019 0.411800027 0
vt 0.632099986 0.3926 0
vt 0.640299976 0.414699972 0
vt 0.646799982 0.396700025 0
vt 0.66079998 0.402999997 0
vt 0.655900002 0.423799992 0
vt 0.676800013 0.415499985 0
vt 0.681200027 0.448400021 0
vt 0.695800006 0.435899973 0
vt 0.798300028 0.386099994 0
vt 0.828199983 0.334500015 0
vt 0.807099998 0.324999988 0
vt 0.82249999 0.408399999 0
vt 0.842299998 0.3398 0
vt 0.842299998 0.415499985 0
vt 0.862200022 0.408299983 0
vt 0.856299996 0.334500015 0
vt 0.886300027 0.386099994 0
vt 0.877399981 0.324999988 0
vt 0.796000004 0.307900012 0
vt 0.757700026 0.324500024 0
vt 0.773199975 0.331900001 0
vt 0.771700025 0.299499989 0
vt 0.740400016 0.32069999 0
vt 0.746100008 0.294399977 0
vt 0.720799983 0.319199979 0
vt 0.721099973 0.291299999 0
vt 0.697799981 0.319100022 0
vt 0.810699999 0.242600024 0
vt 0.782299995 0.237900019 0
vt 0.749000013 0.276799977 0
vt 0.72299999 0.273800015 0
vt 0.697000027 0.272700012 0
vt 0.697099984 0.290000021 0
vt 0.675100029 0.319599986 0
vt 0.806599975 0.226700008 0
vt 0.782700002 0.223800004 0
vt 0.754100025 0.233500004 0
vt 0.725700021 0.230000019 0
vt 0.697000027 0.228799999 0
vt 0.668200016 0.230099976 0
vt 0.671000004 0.273999989 0
vt 0.673099995 0.291400015 0
vt 0.655499995 0.321500003 0
vt 0.754999995 0.219500005 0
vt 0.725899994 0.216099977 0
vt 0.696099997 0.214900017 0
vt 0.666299999 0.216300011 0
vt 0.639800012 0.23360002 0
vt 0.645200014 0.277499974 0
vt 0.648199975 0.295000017 0
vt 0.637700021 0.325800002 0
vt 0.622699976 0.300499976 0
vt 0.621800005 0.334200025 0
vt 0.598500013 0.308399975 0
vt 0.637300014 0.220000029 0
vt 0.611699998 0.238499999 0
vt 0.610099971 0.225000024 0
vt 0.583199978 0.243300021 0
vt 0.587499976 0.228399992 0
vt 0.646200001 0.104399979 0
vt 0.648199975 0.103999972 0
vt 0.649299979 0.102299988 0
vt 0.644500017 0.103399992 0
vt 0.648999989 0.100300014 0
vt 0.647300005 0.09920001 0
vt 0.64410001 0.101400018 0
vt 0.645299971 0.099699974 0
vt 0.582799971 0.189400017 0
vt 0.578599989 0.199899971 0
vt 0.583000004 0.210399985 0
vt 0.593299985 0.185000002 0
vt 0.593500018 0.214600027 0
vt 0.603999972 0.210200012 0
vt 0.603799999 0.189300001 0
vt 0.608200014 0.199699998 0
vt 0.426899999 0.542699993 0
vt 0.433600008 0.5264 0
vt 0.426899999 0.510100007 0
vt 0.410600007 0.549499989 0
vt 0.410600007 0.503300011 0
vt 0.394199997 0.510100007 0
vt 0.394199997 0.542699993 0
vt 0.387499988 0.5264 0
vt 0.313199997 0.519600004 0
vt 0.307599992 0.532599986 0
vt 0.313199997 0.545700014 0
vt 0.326799989 0.514200002 0
vt 0.326799989 0.551099986 0
vt 0.340299994 0.545700014 0
vt 0.340299994 0.519600004 0
vt 0.345999986 0.532599986 0
vt 0.722000003 0.33859998 0
vt 0.706200004 0.349699974 0
vt 0.705299973 0.369000018 0
vt 0.743600011 0.342199981 0
vt 0.720000029 0.385299981 0
vt 0.741599977 0.388899982 0
vt 0.758300006 0.358500004 0
vt 0.757499993 0.377799988 0
vt 0.76819998 0.408999979 0
vt 0.737800002 0.408100009 0
vt 0.715600014 0.428900003 0
vt 0.788999975 0.431200027 0
vt 0.714600027 0.459299982 0
vt 0.735400021 0.48150003 0
vt 0.788100004 0.461700022 0
vt 0.765900016 0.482500017 0
vt 0.692300022 0.092700005 0
vt 0.684099972 0.133899987 0
vt 0.684199989 0.090699971 0
vt 0.690599978 0.131299973 0
vt 0.690999985 0.161800027 0
vt 0.684000015 0.179099977 0
vt 0.677100003 0.16170001 0
vt 0.677600026 0.131299973 0
vt 0.675999999 0.092599988 0
vt 0.701799989 0.096700013 0
vt 0.698499978 0.128099978 0
vt 0.666599989 0.096599996 0
vt 0.669700027 0.128099978 0
vt 0.623199999 0.186800003 0
vt 0.626699984 0.158599973 0
vt 0.614000022 0.182500005 0
vt 0.634500027 0.16170001 0
vt 0.649600029 0.108900011 0
vt 0.647599995 0.108200014 0
vt 0.645699978 0.107299984 0
vt 0.619199991 0.154699981 0
vt 0.605000019 0.177699983 0
vt 0.632499993 0.190500021 0
vt 0.642700016 0.164099991 0
vt 0.651499987 0.109399974 0
vt 0.596300006 0.172100008 0
vt 0.612200022 0.150099993 0
vt 0.605700016 0.144999981 0
vt 0.58829999 0.165600002 0
vt 0.599600017 0.139100015 0
vt 0.580900013 0.158599973 0
vt 0.573899984 0.15109998 0
vt 0.643999994 0.10619998 0
vt 0.642400026 0.104900002 0
vt 0.640999973 0.103399992 0
vt 0.639699996 0.101800025 0
vt 0.594200015 0.132499993 0
vt 0.567499995 0.14349997 0
vt 0.589399993 0.12559998 0
vt 0.638599992 0.100000024 0
vt 0.557799995 0.069899976 0
vt 0.594399989 0.076799989 0
vt 0.58920002 0.068799973 0
vt 0.555000007 0.07950002 0
vt 0.597299993 0.084599972 0
vt 0.628700018 0.08039999 0
vt 0.623600006 0.07160002 0
vt 0.554199994 0.090300024 0
vt 0.557799995 0.100499988 0
vt 0.596499979 0.092800021 0
vt 0.626100004 0.09009999 0
vt 0.645299971 0.078100026 0
vt 0.563000023 0.109099984 0
vt 0.593599975 0.101800025 0

# 783 vertex normals
vn 0.892707586 0.236802012 0.383403242
vn 0.874509335 0.334603608 0.351103753
vn 0.889266968 0.367286354 0.272589833
vn 0.871511042 0.2191028 0.438705534
vn 0.909840584 0.107193008 0.40087381
vn 0.930515945 0.0754013136 0.358406126
vn 0.935819864 0.0449009649 0.349607378
vn 0.946315169 0.0420006849 0.320505112
vn 0.288090199 -0.950367689 -0.117495969
vn 0.327696264 -0.935189366 -0.134298429
vn 0.328406274 -0.933617949 -0.143202692
vn 0.240699321 -0.967197239 -0.081199728
vn 0 -0.99819839 -0.0599998571
vn 0 -0.99938041 -0.0351992622
vn -0.240699321 -0.967197239 -0.081199728
vn -0.288090199 -0.950367689 -0.117495969
vn -0.327696264 -0.935189366 -0.134298429
vn -0.328406274 -0.933617949 -0.143202692
vn 0.327190459 -0.942472517 0.0684980452
vn 0.287693858 -0.956379533 0.0506989583
vn 0.327816933 -0.941548645 0.0776040554
vn 0.240490526 -0.970561743 0.0131995222
vn 0 -0.999948978 -0.0101004504
vn -0.240490526 -0.970561743 0.0131995222
vn -0.287693858 -0.956379533 0.0506989583
vn -0.327190459 -0.942472517 0.0684980452
vn -0.327816933 -0.941548645 0.0776040554
vn -0.930515945 0.0754013136 0.358406126
vn -0.935819864 0.0449009649 0.349607378
vn -0.946315169 0.0420006849 0.320505112
vn -0.909840584 0.107193008 0.40087381
vn -0.892707586 0.236802012 0.383403242
vn -0.871511042 0.2191028 0.438705534
vn -0.874509335 0.334603608 0.351103753
vn -0.889266968 0.367286354 0.272589833
vn 0.115895495 0.993261397 -4.34168363e-08
vn 0.0495984815 0.998769343 -4.36575931e-08
vn 0.182096422 0.983280659 -4.29805667e-08
vn 0.247191504 0.968966663 -4.23548769e-08
vn 0 -4.37113883e-08 -1
vn -0.247191504 0.968966663 -4.23548769e-08
vn -0.182096422 0.983280659 -4.29805667e-08
vn -0.115895495 0.993261397 -4.34168363e-08
vn -0.0495984815 0.998769343 -4.36575931e-08
vn -0.984158218 0.177292481 -7.74970044e-09
vn 1 0 0
vn -0.477791697 -0.705087781 -0.52399081
vn 0 -0.916028798 -0.401112556
vn -0.462892503 -0.821286738 -0.333494544
vn 0 -0.654907763 -0.755708814
vn 0.477791697 -0.705087781 -0.52399081
vn 0.462892503 -0.821286738 -0.333494544
vn -0.347794116 -0.475092024 -0.808286369
vn 0 -0.532818615 -0.846229494
vn 0.347794116 -0.475092024 -0.808286369
vn -1 0 0
vn 0.479913354 0.152704209 -0.863924086
vn 0.600566924 0.152191579 -0.784956753
vn 0.619015694 0.16090405 -0.768719494
vn 0.339498699 0.146699384 -0.929096341
vn 0 0.14749442 -0.989062905
vn 0 0.147606835 -0.989046216
vn -0.339498699 0.146699384 -0.929096341
vn -0.479913354 0.152704209 -0.863924086
vn -0.600566924 0.152191579 -0.784956753
vn -0.619015694 0.16090405 -0.768719494
vn -0.181496114 0.974479139 0.132097125
vn -0.230594799 0.966478229 0.112897418
vn -0.230196521 0.966085434 0.116998196
vn -0.179304659 0.975325406 0.128803313
vn -0.0454990193 0.987178743 0.152996659
vn 0.0424979441 0.987452149 0.152092576
vn 0.164991021 0.976846755 0.13619253
vn 0.199006945 0.972133815 0.123904265
vn 0.230594799 0.966478229 0.112897418
vn 0.230196521 0.966085434 0.116998196
vn 0.404602528 -0.914105713 -0.0266001262
vn 0.379598737 -0.923497021 -0.0552997813
vn 0.40570876 -0.91351974 0.0297006797
vn 0.346691489 -0.930977106 -0.114397138
vn 0.105805524 -0.984151363 -0.142307371
vn -0.115001254 -0.98271066 -0.145101547
vn -0.36261785 -0.928445756 -0.0806039348
vn -0.353289098 -0.929871321 -0.10259679
vn -0.404602528 -0.914105713 -0.0266001262
vn -0.40570876 -0.91351974 0.0297006797
vn -0.624403417 -0.156300813 0.765304148
vn -0.493710935 -0.156003416 0.855518937
vn -0.65088433 -0.166995943 0.740582168
vn -0.338412136 -0.147705257 0.929333389
vn 0 -0.147005275 0.989135802
vn 0 -0.147802487 0.989016891
vn 0.338412136 -0.147705257 0.929333389
vn 0.493710935 -0.156003416 0.855518937
vn 0.624403417 -0.156300813 0.765304148
vn 0.65088433 -0.166995943 0.740582168
vn -0.841301918 0.0224000756 0.54010123
vn -0.852587163 0.0321995392 0.52159214
vn -0.829607427 0.0126001369 0.558204949
vn 0.803793609 0.0346997529 0.593895376
vn 0.816444874 0.0467025936 0.575531662
vn 0.790557563 0.0226988066 0.611967087
vn 0.516899884 -0.833399892 -0.195599958
vn 0.59628582 -0.75998193 -0.258593827
vn 0.585604727 -0.737905979 -0.335502654
vn 0.420509398 -0.903620124 -0.0815017745
vn 0.103598855 -0.994388938 -0.0213997196
vn -0.117395222 -0.992959619 -0.0157993119
vn -0.46831584 -0.87182945 -0.143504813
vn -0.458405465 -0.881310463 -0.114701316
vn -0.59628582 -0.75998193 -0.258593827
vn -0.585604727 -0.737905979 -0.335502654
vn -0.543815196 -0.165504605 0.822723091
vn -0.427895933 -0.161998436 0.889191568
vn -0.586723685 -0.19020763 0.787131786
vn -0.296604782 -0.148302332 0.943415105
vn 0 -0.152402818 0.988318563
vn 0 -0.156398997 0.987693965
vn 0.296604782 -0.148302332 0.943415105
vn 0.427895933 -0.161998436 0.889191568
vn 0.543815196 -0.165504605 0.822723091
vn 0.586723685 -0.19020763 0.787131786
vn -0.261009812 0.965336263 -4.21961879e-08
vn -0.233395666 0.972381949 -4.2504162e-08
vn -0.288402796 0.95750922 -4.1854058e-08
vn -0.31550768 0.948923051 -4.14787458e-08
vn 0.972500682 0.232900158 -1.01803881e-08
vn 0 4.37113883e-08 1
vn -0.6292817 -0.777177393 3.39715029e-08
vn -0.636705697 -0.771106899 3.37061508e-08
vn -0.64401263 -0.765015006 3.34398678e-08
vn -0.651260614 -0.758854151 3.3170565e-08
vn 0.339893728 0.935982764 0.091698274
vn 0.373914272 0.915834904 0.146405548
vn 0.374487728 0.912070155 0.166994482
vn 0.312410593 0.94473213 0.0994033366
vn 0.11819648 0.992670476 0.0251992065
vn -0.086896643 0.995461524 0.0387984551
vn -0.326708943 0.941825747 0.0789021179
vn -0.362094849 0.922386885 0.134498045
vn -0.373914272 0.915834904 0.146405548
vn -0.374487728 0.912070155 0.166994482
vn -0.551519692 0.170606032 -0.816529036
vn -0.424598396 0.16349934 -0.890496612
vn -0.568876028 0.182292283 -0.80196619
vn -0.449782163 0.15109396 -0.880265117
vn -0.223303646 0.149502397 -0.963215768
vn 0 0.153897882 -0.98808676
vn 0 0.141393319 -0.989953518
vn 0.223303646 0.149502397 -0.963215768
vn 0.424598396 0.16349934 -0.890496612
vn 0.449782163 0.15109396 -0.880265117
vn 0.551519692 0.170606032 -0.816529036
vn 0.568876028 0.182292283 -0.80196619
vn 0 0.979917467 -0.199403599
vn -0.352113187 0.884033084 -0.307411551
vn -0.370600671 0.910201728 -0.184900388
vn 0 0.886780977 -0.462190121
vn -0.310199738 0.776199341 -0.548899531
vn 0 0.805746436 -0.592260659
vn 0.310199738 0.776199341 -0.548899531
vn 0.352113187 0.884033084 -0.307411551
vn 0.370600671 0.910201728 -0.184900388
vn 0 0.16070047 -0.987003267
vn 0.0142000178 0.160700142 -0.986901164
vn 0.00149998942 0.156398833 -0.987692952
vn 0 0.164998934 -0.986293793
vn -0.0142000178 0.160700142 -0.986901164
vn -0.00149998942 0.156398833 -0.987692952
vn 0.116400287 0.993202388 -4.34142571e-08
vn 0.0498977192 0.998754323 -4.36569394e-08
vn 0.182597727 0.983187735 -4.29765024e-08
vn 0.247708872 0.968834639 -4.23491073e-08
vn -0.247708872 0.968834639 -4.23491073e-08
vn -0.182597727 0.983187735 -4.29765024e-08
vn -0.116400287 0.993202388 -4.34142571e-08
vn -0.0498977192 0.998754323 -4.36569394e-08
vn -0.984120131 0.177503631 -7.75893039e-09
vn -0.477672219 -0.705258965 -0.523869455
vn 0 -0.915939212 -0.401317149
vn -0.461995095 -0.821791291 -0.333496392
vn 0 -0.655014336 -0.755616486
vn 0.477672219 -0.705258965 -0.523869455
vn 0.461995095 -0.821791291 -0.333496392
vn -0.348604739 -0.475306511 -0.807810962
vn 0 -0.53289026 -0.846184492
vn 0.348604739 -0.475306511 -0.807810962
vn 0.479920685 0.152606547 -0.863937259
vn 0.600687146 0.152096689 -0.784883142
vn 0.61918658 0.16089648 -0.768583357
vn 0.339587122 0.146694392 -0.929064751
vn 0 0.147592232 -0.989048302
vn 0 0.147900298 -0.989002287
vn -0.339587122 0.146694392 -0.929064751
vn -0.479920685 0.152606547 -0.863937259
vn -0.600687146 0.152096689 -0.784883142
vn -0.61918658 0.16089648 -0.768583357
vn -0.181106836 0.974536896 0.132204965
vn -0.230497524 0.966489613 0.112998739
vn -0.230099156 0.966096401 0.117099524
vn -0.179091305 0.975352705 0.128893718
vn -0.0451989509 0.987177074 0.153096393
vn 0.0424016677 0.987438858 0.152205944
vn 0.164502352 0.976913929 0.136301905
vn 0.198694527 0.972173214 0.124096543
vn 0.230497524 0.966489613 0.112998739
vn 0.230099156 0.966096401 0.117099524
vn 0.40480566 -0.914012849 -0.0267003346
vn 0.379802942 -0.923407137 -0.0554003902
vn 0.405916512 -0.913437128 0.0294012353
vn 0.346807778 -0.930920899 -0.114502534
vn 0.105801001 -0.984109282 -0.142601311
vn -0.114996247 -0.982667863 -0.145395204
vn -0.362785667 -0.928363323 -0.0807967633
vn -0.353409499 -0.929824948 -0.10260272
vn -0.40480566 -0.914012849 -0.0267003346
vn -0.405916512 -0.913437128 0.0294012353
vn -0.624630749 -0.156207666 0.765137613
vn -0.493987679 -0.155896083 0.855378747
vn -0.651011944 -0.166803032 0.740513563
vn -0.338589191 -0.147695243 0.929270387
vn 0 -0.147704676 0.989031613
vn 0.338589191 -0.147695243 0.929270387
vn 0.493987679 -0.155896083 0.855378747
vn 0.624630749 -0.156207666 0.765137613
vn 0.651011944 -0.166803032 0.740513563
vn -0.841258347 0.0222989172 0.540173233
vn -0.852518141 0.0321007036 0.521711051
vn -0.829530954 0.012500491 0.55832088
vn 0.116104335 0.993237019 -4.34157705e-08
vn 0.182404384 0.983223677 -4.29780727e-08
vn 0.247497097 0.96888864 -4.23514663e-08
vn -0.247497097 0.96888864 -4.23514663e-08
vn -0.182404384 0.983223677 -4.29780727e-08
vn -0.116104335 0.993237019 -4.34157705e-08
vn -0.477816731 -0.705124676 -0.523918271
vn 0 -0.915992081 -0.40119645
vn -0.462401003 -0.821601808 -0.333400667
vn 0.477816731 -0.705124676 -0.523918271
vn 0.462401003 -0.821601808 -0.333400667
vn -0.348004639 -0.475406379 -0.808010817
vn 0 -0.533311844 -0.845918775
vn 0.348004639 -0.475406379 -0.808010817
vn 0.479871839 0.152691007 -0.863949358
vn 0.600614071 0.15220353 -0.784918368
vn 0.339618653 0.146708027 -0.929051101
vn 0 0.147802487 -0.989016891
vn -0.339618653 0.146708027 -0.929051101
vn -0.479871839 0.152691007 -0.863949358
vn -0.600614071 0.15220353 -0.784918368
vn -0.181297898 0.974488676 0.132298425
vn -0.230709195 0.966438532 0.113004461
vn -0.230302662 0.966011226 0.117401317
vn -0.178999141 0.975395203 0.128699332
vn -0.0454016253 0.987135351 0.153305441
vn 0.0423012003 0.987428069 0.152304292
vn 0.164699182 0.976895154 0.136199281
vn 0.230709195 0.966438532 0.113004461
vn 0.230302662 0.966011226 0.117401317
vn 0.404401451 -0.914203346 -0.0263000559
vn 0.37951532 -0.923537254 -0.0552021861
vn 0.405498534 -0.913596749 0.0301999319
vn 0.346695453 -0.930987716 -0.114298448
vn 0.105895482 -0.984158039 -0.142193899
vn -0.115002923 -0.982724905 -0.145003632
vn -0.362589985 -0.928474367 -0.08039774
vn -0.353292763 -0.929880977 -0.102497868
vn -0.404401451 -0.914203346 -0.0263000559
vn -0.405498534 -0.913596749 0.0301999319
vn -0.493794292 -0.155898154 0.855490029
vn -0.650742531 -0.166810885 0.740748465
vn -0.338500649 -0.147700235 0.929301858
vn 0.338500649 -0.147700235 0.929301858
vn 0.493794292 -0.155898154 0.855490029
vn 0.650742531 -0.166810885 0.740748465
vn -0.841376603 0.0223993994 0.539985001
vn -0.852449 0.0320018642 0.521830022
vn -0.829806507 0.0128001245 0.557904422
vn 0.930697322 0.100199692 -0.351798981
vn 0.935977757 0.0691983476 -0.345191807
vn 0.946439564 0.0643026754 -0.316413224
vn 0.910070121 0.134895563 -0.391887158
vn 0.892777741 0.263093412 -0.365690887
vn 0.871673584 0.24939242 -0.421887219
vn 0.874419749 0.358408064 -0.327007383
vn 0.889094174 0.385297447 -0.247098371
vn -0.892777741 0.263093412 -0.365690887
vn -0.874419749 0.358408064 -0.327007383
vn -0.889094174 0.385297447 -0.247098371
vn -0.871673584 0.24939242 -0.421887219
vn -0.910070121 0.134895563 -0.391887158
vn -0.930697322 0.100199692 -0.351798981
vn -0.935977757 0.0691983476 -0.345191807
vn -0.946439564 0.0643026754 -0.316413224
vn -0.364617079 0.346616298 0.864240468
vn -0.516186476 0.518386483 0.681782186
vn -0.317097992 0.512496829 0.797994912
vn -0.727218747 0.237206161 0.64411664
vn -0.868118942 0.483110517 0.113902457
vn -0.952112615 0.275303632 -0.133001775
vn -0.692882836 0.49458769 -0.524686992
vn -0.587318301 0.279608697 -0.759523809
vn -0.12150275 0.529411912 -0.83961904
vn -0.389917105 0.00420022476 0.920840383
vn -0.793188334 0.0101998765 0.60889107
vn -0.999704599 0.0243001115 0.000500001246
vn -0.70870316 0.0207000617 -0.705203116
vn 0.0591022708 0.00520015648 -0.998238385
vn 0.0711981803 0.337091327 -0.938776016
vn 0.516186535 0.518386483 -0.681782246
vn 0.681405723 0.272202224 -0.679405808
vn 0.868118942 0.483110517 -0.113902502
vn -0.797291934 -2.63839279e-08 -0.603593886
vn -0.136603564 -4.33016325e-08 -0.990625799
vn 0.603593886 -3.48507356e-08 -0.797291934
vn 0.798690438 0.0204997286 -0.601392865
vn 0.990625799 -5.97113159e-09 -0.136603564
vn 0.996116102 0.0291004758 0.0831013396
vn 0.96064806 0.277713895 -0.00550028728
vn 0.692882836 0.494587749 0.524686933
vn 0.651304603 0.245501786 0.718005061
vn 0.332084984 0.499777406 0.799963832
vn 0.383609653 0.263106644 0.885222316
vn 0.389917105 0.00420022476 0.920840383
vn 0.793188334 0.0101998765 0.60889107
vn 0.984158218 0.177292481 -7.74970044e-09
vn -0.333186269 -0.94286114 4.12137666e-08
vn -0.40619415 -0.913786829 3.99428934e-08
vn -0.477120638 -0.878837943 3.84152266e-08
vn -0.544714212 -0.838621855 3.66573261e-08
vn 0.634704411 0.0383002982 0.771805286
vn 0.495709658 0.0254005324 0.868116915
vn 0.652592123 0.0494994335 0.75609082
vn 0.333117247 0.00830047205 0.942848921
vn 0 -0.0013999549 0.999999046
vn -0.333117247 0.00830047205 0.942848921
vn -0.495709658 0.0254005324 0.868116915
vn -0.634704411 0.0383002982 0.771805286
vn -0.652592123 0.0494994335 0.75609082
vn -0.230505869 0.972324729 0.0381009243
vn -0.198391989 0.979660511 0.0300987419
vn -0.228895158 0.973079383 0.0268993899
vn -0.162708029 0.986448705 0.0211009979
vn -0.0395003408 0.99920851 0.00469999621
vn 0.045702301 0.998950303 0.00310011255
vn 0.180005983 0.98343271 0.0214006696
vn 0.176397473 0.983885944 0.0291995388
vn 0.230505869 0.972324729 0.0381009243
vn 0.228895158 0.973079383 0.0268993899
vn 0.380513996 -0.920433879 -0.0895032436
vn 0.405822068 -0.906649292 -0.115306228
vn 0.40861702 -0.89753741 -0.165706858
vn 0.346004725 -0.937612891 -0.0341004282
vn 0.104097843 -0.994479477 -0.0131996842
vn -0.116197519 -0.993178785 -0.00969974976
vn -0.363688707 -0.929271162 -0.0646979511
vn -0.352401137 -0.934703052 -0.0463001095
vn -0.405822068 -0.906649292 -0.115306228
vn -0.40861702 -0.89753741 -0.165706858
vn -0.490784258 -0.0266991835 -0.87087208
vn -0.582267642 -0.0369979814 -0.812154889
vn -0.607587516 -0.0498990081 -0.792683721
vn -0.375988811 -0.00979974959 -0.926572382
vn 0 -0.00260003516 -0.999996722
vn 0.375988811 -0.00979974959 -0.926572382
vn 0.490784258 -0.0266991835 -0.87087208
vn 0.582267642 -0.0369979814 -0.812154889
vn 0.607587516 -0.0498990081 -0.792683721
vn -0.841473699 0.101996779 -0.530583382
vn -0.852701247 0.109000131 -0.510900736
vn -0.829730332 0.0950034484 -0.550020099
vn 0.803772867 0.127195686 -0.581180394
vn 0.816488266 0.136098027 -0.561091959
vn 0.790569723 0.118095458 -0.600876987
vn -0.289593756 0.954579353 0.0700984448
vn -0.359500885 0.93310231 0.00889998116
vn -0.360002995 0.93290776 -0.0090001151
vn -0.272010952 0.95983851 0.0687027201
vn -0.0820999667 0.986599624 0.140999913
vn 0.0616996214 0.989193916 0.132999137
vn 0.264413476 0.960348964 0.0884044617
vn 0.320212036 0.946735561 0.0340012386
vn 0.359500885 0.93310231 0.00889998116
vn 0.360002995 0.93290776 -0.0090001151
vn 0.636705697 -0.771106899 3.37061508e-08
vn 0.6292817 -0.777177393 3.39715029e-08
vn 0.64401263 -0.765015006 3.34398678e-08
vn 0.651260614 -0.758854151 3.3170565e-08
vn -0.803772867 0.127195686 -0.581180394
vn -0.816488266 0.136098027 -0.561091959
vn -0.790569723 0.118095458 -0.600876987
vn -0.803793609 0.0346997529 0.593895376
vn -0.816444874 0.0467025936 0.575531662
vn -0.790557563 0.0226988066 0.611967087
vn -0.365001589 0.346801549 0.864003778
vn -0.516385198 0.518585205 0.681480527
vn -0.317321271 0.512734473 0.797753453
vn -0.727278173 0.237392902 0.643980622
vn -0.867891908 0.483495504 0.11399892
vn -0.952024639 0.275607109 -0.133003458
vn -0.692764342 0.494874477 -0.524573028
vn -0.587522089 0.279710501 -0.759328604
vn -0.121602379 0.529710293 -0.839416385
vn -0.390376955 0.00419979217 0.920645654
vn -0.79310292 0.0102000646 0.609002233
vn -0.999702156 0.0244000535 0.000500000024
vn -0.70870167 0.0208000168 -0.705201626
vn 0.0592019223 0.00520012528 -0.998232484
vn 0.0712000579 0.337300241 -0.938700736
vn 0.516385198 0.518585145 -0.681480587
vn 0.681487024 0.272294819 -0.679287076
vn 0.867891908 0.483495474 -0.113998964
vn -0.797207415 -2.63888094e-08 -0.603705525
vn -0.136799842 -4.33004459e-08 -0.990598738
vn 0.603705525 -3.48470444e-08 -0.797207415
vn 0.798604608 0.0206000898 -0.601503372
vn 0.990598738 -5.97971095e-09 -0.136799842
vn 0.996105015 0.0292001516 0.08320041
vn 0.960567594 0.27799058 -0.00559982285
vn 0.692764342 0.494874507 0.524573028
vn 0.651392937 0.245597377 0.71789217
vn 0.332414985 0.499922574 0.799736023
vn 0.384008646 0.263205975 0.885019898
vn 0.390376955 0.00419979217 0.920645654
vn 0.79310292 0.0102000646 0.609002233
vn 0.984120131 0.177503631 -7.75893039e-09
vn -0.333306551 -0.942818522 4.12119086e-08
vn -0.405990005 -0.913877547 3.99468583e-08
vn -0.476608485 -0.879115701 3.84273662e-08
vn -0.543877244 -0.839164913 3.66810653e-08
vn 0.634764135 0.0382978693 0.771756411
vn 0.495785058 0.0253992733 0.868073881
vn 0.652488589 0.049399171 0.756186783
vn 0.333205909 0.00840018969 0.942816675
vn -0.333205909 0.00840018969 0.942816675
vn -0.495785058 0.0253992733 0.868073881
vn -0.634764135 0.0382978693 0.771756411
vn -0.652488589 0.049399171 0.756186783
vn -0.230296686 0.972386062 0.0377994142
vn -0.198506325 0.979631126 0.0303009208
vn -0.228596374 0.973184645 0.0255995523
vn -0.162803277 0.986419857 0.0217003953
vn -0.0393005908 0.999215007 0.00500003155
vn 0.0460016541 0.998935938 0.00330007495
vn 0.176199511 0.983897328 0.0299998745
vn 0.230296686 0.972386062 0.0377994142
vn 0.228596374 0.973184645 0.0255995523
vn 0.380507171 -0.920417368 -0.0897016451
vn 0.405692369 -0.906682968 -0.11549779
vn 0.408493012 -0.89748472 -0.166297123
vn 0.346005917 -0.93761605 -0.0340005457
vn 0.103998944 -0.994489849 -0.0131998211
vn -0.363597214 -0.929292858 -0.0648994595
vn -0.352315187 -0.934740365 -0.0462019518
vn -0.405692369 -0.906682968 -0.11549779
vn -0.408493012 -0.89748472 -0.166297123
vn -0.490709633 -0.0266005583 -0.870917022
vn -0.581910789 -0.0369007178 -0.812415063
vn -0.607196748 -0.049699761 -0.792995691
vn -0.376281202 -0.00979955122 -0.92645371
vn 0.376281202 -0.00979955122 -0.92645371
vn 0.490709633 -0.0266005583 -0.870917022
vn 0.581910789 -0.0369007178 -0.812415063
vn 0.607196748 -0.049699761 -0.792995691
vn -0.841171324 0.101896502 -0.531081855
vn -0.852410793 0.108901359 -0.511406422
vn -0.829408467 0.0950009376 -0.550505579
vn -0.364896059 0.346696287 0.864090621
vn -0.516303539 0.518503606 0.681604624
vn -0.317402154 0.512603521 0.797805429
vn -0.727107525 0.237302497 0.644206703
vn -0.867815375 0.483608574 0.114101999
vn -0.952073753 0.275392383 -0.133096337
vn -0.692587614 0.494891167 -0.524790704
vn -0.587367415 0.279684454 -0.759457886
vn -0.121598624 0.529593945 -0.839490473
vn -0.390292168 0.00419995608 0.920681477
vn -0.999707103 0.0242001731 0.000500002527
vn -0.708704591 0.020600101 -0.705204546
vn 0.0712024644 0.337211609 -0.938732505
vn 0.51630348 0.518503487 -0.681604624
vn 0.681333601 0.272313416 -0.679433584
vn 0.867815375 0.483608574 -0.114102043
vn -0.136701703 -4.33010392e-08 -0.990612268
vn 0.798607886 0.020400174 -0.601505876
vn 0.990612268 -5.97542105e-09 -0.136701703
vn 0.996113718 0.0289003998 0.0832011402
vn 0.960594714 0.277898461 -0.00549998181
vn 0.692587614 0.494891167 0.524790585
vn 0.332388401 0.499882638 0.799772024
vn 0.383889318 0.263192773 0.88507545
vn 0.390292168 0.00419995608 0.920681477
vn -0.406110644 -0.913823962 3.99445135e-08
vn -0.476882249 -0.878967226 3.84208789e-08
vn -0.544295728 -0.838893473 3.66691992e-08
vn 0.634810627 0.0384006798 0.771712959
vn 0.652802348 0.0496002138 0.755902708
vn 0.332908034 0.00830024201 0.942922771
vn -0.332908034 0.00830024201 0.942922771
vn -0.634810627 0.0384006798 0.771712959
vn -0.652802348 0.0496002138 0.755902708
vn -0.230695218 0.972279906 0.0380991697
vn -0.198506922 0.979634106 0.0302010104
vn -0.229087725 0.973047853 0.0263985433
vn -0.162496209 0.986477077 0.0213994589
vn -0.0392007828 0.999219894 0.00480005238
vn 0.0456977189 0.998950183 0.00319979666
vn 0.179909229 0.983450472 0.0214010552
vn 0.176201075 0.983906031 0.0297001395
vn 0.230695218 0.972279906 0.0380991697
vn 0.229087725 0.973047853 0.0263985433
vn 0.380482405 -0.920457363 -0.0893958211
vn 0.40562287 -0.906751156 -0.11520645
vn 0.408406943 -0.897615314 -0.165802777
vn 0.346093953 -0.937583625 -0.0339993685
vn -0.116296187 -0.993167341 -0.009699638
vn -0.352402776 -0.934707463 -0.0462003238
vn -0.40562287 -0.906751156 -0.11520645
vn -0.408406943 -0.897615314 -0.165802777
vn -0.490902871 -0.0267001931 -0.870805085
vn -0.582088172 -0.0369992852 -0.812283456
vn -0.607307971 -0.0497006886 -0.792910516
vn -0.376315743 -0.00990045443 -0.926438689
vn 0 -0.00270003406 -0.999996364
vn 0.376315743 -0.00990045443 -0.926438689
vn 0.490902871 -0.0267001931 -0.870805085
vn 0.582088172 -0.0369992852 -0.812283456
vn 0.607307971 -0.0497006886 -0.792910516
vn -0.841408372 0.101900987 -0.530705333
vn -0.852534473 0.108804375 -0.511220694
vn -0.8298527 0.095006004 -0.549834907
vn 0.40619415 -0.913786829 3.99428934e-08
vn 0.333186269 -0.94286114 4.12137666e-08
vn 0.477120638 -0.878837943 3.84152266e-08
vn 0.544714212 -0.838621855 3.66573261e-08
vn 0.415201724 0.857503533 -0.303801268
vn 0 0.983903468 -0.178700686
vn 0.480890542 0.859383047 -0.173796624
vn 0 0.87411952 -0.485710889
vn -0.415201724 0.857503533 -0.303801268
vn -0.480890542 0.859383047 -0.173796624
vn 0.332799494 0.738498867 -0.586399078
vn 0 0.766702712 -0.642002285
vn -0.332799494 0.738498867 -0.586399078
vn 0.00229998305 0.153198823 -0.988192737
vn 0 0.153199241 -0.988195419
vn 0.0211997926 0.147798508 -0.988790333
vn 0 0.158493564 -0.98736012
vn -0.00229998305 0.153198823 -0.988192737
vn -0.0211997926 0.147798508 -0.988790333
vn 0.841301918 0.0224000756 0.54010123
vn 0.852587163 0.0321995392 0.52159214
vn 0.829607427 0.0126001369 0.558204949
vn 0.544410586 0.0389007963 0.837916374
vn 0.443094581 0.0262997169 0.896089017
vn 0.563001871 0.0538002104 0.82470268
vn 0.31688562 0.00359987793 0.948456943
vn 0 -0.00679979939 0.999976873
vn 0 -0.0134000927 0.999910235
vn -0.31688562 0.00359987793 0.948456943
vn -0.443094581 0.0262997169 0.896089017
vn -0.544410586 0.0389007963 0.837916374
vn -0.563001871 0.0538002104 0.82470268
vn 0 -0.895981848 -0.444090933
vn 0.405706465 -0.726811588 -0.554208755
vn 0.366291702 -0.847980797 -0.383091301
vn 0 -0.666713059 -0.745314538
vn 0.322596043 -0.51249373 -0.795790195
vn 0 -0.564515412 -0.825422525
vn -0.322596043 -0.51249373 -0.795790195
vn -0.405706465 -0.726811588 -0.554208755
vn -0.366291702 -0.847980797 -0.383091301
vn 0.31550768 0.948923051 -4.14787458e-08
vn 0.288402796 0.95750922 -4.1854058e-08
vn 0.261009812 0.965336263 -4.21961879e-08
vn 0.233395666 0.972381949 -4.2504162e-08
vn -0.561794221 -0.818291664 0.121598795
vn -0.541071951 -0.839656472 0.0470975935
vn -0.508393526 -0.848589182 0.146398187
vn -0.494493425 -0.868488431 -0.0346994996
vn -0.377709001 -0.916921854 -0.128803045
vn 0 -0.988821745 -0.149103239
vn 0 -0.98131597 -0.192403078
vn 0.377709001 -0.916921854 -0.128803045
vn 0.494493425 -0.868488431 -0.0346994996
vn 0.541071951 -0.839656472 0.0470975935
vn 0.561794221 -0.818291664 0.121598795
vn 0.508393526 -0.848589182 0.146398187
vn 0.559993804 -0.0464995205 -0.827190876
vn 0.439180672 -0.0310986713 -0.897860467
vn 0.585278869 -0.0643977076 -0.808270752
vn 0.299093843 -0.00909985416 -0.9541803
vn 0 0.000799956033 -0.999999702
vn -0.299093843 -0.00909985416 -0.9541803
vn -0.439180672 -0.0310986713 -0.897860467
vn -0.559993804 -0.0464995205 -0.827190876
vn -0.585278869 -0.0643977076 -0.808270752
vn -0.346406579 0.388807416 0.853716195
vn -0.484804422 0.55300504 0.677606165
vn -0.27051273 0.568226755 0.777136564
vn -0.709903479 0.274501383 0.648603141
vn -0.868429482 0.482716411 0.113203831
vn -0.932281792 0.334293485 -0.138197318
vn -0.675676942 0.500582874 -0.541181564
vn -0.567503333 0.354802012 -0.743004382
vn -0.117701925 0.570509255 -0.812813282
vn -0.376118988 -0.24481231 0.893645048
vn -0.650316119 -0.418010324 0.63431567
vn -0.997063756 0.0759972334 0.00939965434
vn -0.705093861 0.0866992101 -0.703793943
vn 0.0592996217 0.0739994869 -0.99549365
vn 0.0609979592 0.410386235 -0.909869552
vn 0.484804481 0.55300504 -0.677606225
vn -0.256498396 -0.741995275 0.61939621
vn -0.513706505 -0.764709651 0.389004976
vn -0.855732977 -0.514019847 0.059202306
vn -0.719699264 -0.42999959 -0.545099378
vn -0.123406172 -0.430021554 -0.894344687
vn 0.545099437 -0.42999962 -0.719699204
vn 0.795438766 0.0858041421 -0.599929154
vn 0.66188544 0.336792558 -0.669685304
vn 0.868429482 0.482716382 -0.113203868
vn -0.638314486 -0.7647174 -0.0881019682
vn -0.389004916 -0.764709651 -0.513706446
vn 0.0881020054 -0.764717519 -0.638314486
vn 0.513706446 -0.764709651 -0.389004886
vn 0.894344687 -0.430021524 -0.123406149
vn 0.991376162 0.090897806 0.0943977237
vn 0.941286623 0.337595195 0.00299994275
vn 0.675676942 0.500582933 0.541181505
vn 0.633215785 0.29190734 0.716817915
vn 0.305205911 0.539510489 0.784715116
vn 0.377712637 0.305910259 0.873929203
vn 0.638314545 -0.76471746 0.0881020427
vn 0.716784775 -0.415491164 0.559988141
vn 0.389004976 -0.764709711 0.513706565
vn 0.356096387 -0.390396059 0.848991454
vn 0.256308377 -0.742124259 0.619320273
vn 0.405990005 -0.913877547 3.99468583e-08
vn 0.333306551 -0.942818522 4.12119086e-08
vn 0.476608485 -0.879115701 3.84273662e-08
vn 0.543877244 -0.839164913 3.66810653e-08
vn 0.480772346 0.859450519 -0.173790053
vn 0 0.874185562 -0.485592037
vn -0.480772346 0.859450519 -0.173790053
vn 0.332700461 0.738700926 -0.586200833
vn 0 0.767023146 -0.641619444
vn -0.332700461 0.738700926 -0.586200833
vn 0.000500005204 0.153101549 -0.98821032
vn 0 0.153101578 -0.988210559
vn 0.0191006213 0.147804767 -0.988832176
vn 0 0.158298567 -0.987391293
vn -0.000500005204 0.153101549 -0.98821032
vn -0.0191006213 0.147804767 -0.988832176
vn 0.841258347 0.0222989172 0.540173233
vn 0.852518141 0.0321007036 0.521711051
vn 0.829530954 0.012500491 0.55832088
vn 0.406110644 -0.913823962 3.99445135e-08
vn 0.476882249 -0.878967226 3.84208789e-08
vn 0.544295728 -0.838893473 3.66691992e-08
vn 0.414894819 0.857689261 -0.303696275
vn 0 0.983938634 -0.17850706
vn 0.48119539 0.859191716 -0.173898354
vn 0 0.874251604 -0.485473156
vn -0.414894819 0.857689261 -0.303696275
vn -0.48119539 0.859191716 -0.173898354
vn 0.33230567 0.738712549 -0.586409986
vn -0.33230567 0.738712549 -0.586409986
vn 0.00210008188 0.152905896 -0.988238513
vn 0 0.152906239 -0.988240719
vn 0.0211007707 0.147505343 -0.988836169
vn -0.00210008188 0.152905896 -0.988238513
vn -0.0211007707 0.147505343 -0.988836169
vn 0.841376603 0.0223993994 0.539985001
vn 0.852449 0.0320018642 0.521830022
vn 0.829806507 0.0128001245 0.557904422
vn 0.841473699 0.101996779 -0.530583382
vn 0.852701247 0.109000131 -0.510900736
vn 0.829730332 0.0950034484 -0.550020099
vn -0.972500682 0.232900158 -1.01803881e-08
vn 0.841171324 0.101896502 -0.531081855
vn 0.852410793 0.108901359 -0.511406422
vn 0.829408467 0.0950009376 -0.550505579
vn 0.841408372 0.101900987 -0.530705333
vn 0.852534473 0.108804375 -0.511220694
vn 0.8298527 0.095006004 -0.549834907
vn 0.00140000507 0.999403715 0.0345000811
vn 0.0048999642 0.999392688 0.0344997011
vn 0.00020000161 0.999408126 0.0344002359
vn 0 0.999408126 0.0344002359
vn -0.00020000161 0.999408126 0.0344002359
vn -0.00140000507 0.999403715 0.0345000811
vn -0.0048999642 0.999392688 0.0344997011
vn 0.000599996478 -0.999394119 -0.0347997509
vn 0.00109999301 -0.999393702 -0.034799736
vn 0.000399997662 -0.999394238 -0.0347997546
vn 0 -0.999390841 -0.0348996334
vn -0.000399997662 -0.999394238 -0.0347997546
vn -0.000599996478 -0.999394119 -0.0347997509
vn -0.00109999301 -0.999393702 -0.034799736
vn 0 -1 4.37113883e-08
vn 0 1 -4.37113883e-08
vn -0.325498134 -0.0636996701 -0.943394601
vn 0 -0.0903013572 -0.995914519
vn 0 -0.0666982606 -0.99777329
vn -0.42100969 -0.08440198 -0.903120816
vn -0.360989928 -0.11319688 -0.9256742
vn 0 -0.105304301 -0.994440138
vn 0.360989928 -0.11319688 -0.9256742
vn 0.42100969 -0.08440198 -0.903120816
vn 0.325498134 -0.0636996701 -0.943394601
vn -0.561220407 -0.0608022474 -0.825430036
vn -0.558500409 -0.0814001039 -0.825500667
vn 0.561220407 -0.0608022474 -0.825430036
vn 0.558500409 -0.0814001039 -0.825500667
vn 0.796663105 0.0403981544 0.603072047
vn 0.993967712 0.109596439 0.00409986172
vn 0.997954309 0.0638970733 0.00209990097
vn 0.604828298 0.079903774 0.79233712
vn 0.793845832 0.134607807 0.593034208
vn 0.987752676 0.155908316 0.00610031886
vn 0.794117332 0.175703809 -0.58181268
vn 0.604887903 0.134997264 -0.784784317
vn 0.796715021 0.082401529 -0.598711252
vn 0.384896904 0.0221998598 0.922692537
vn 0.386305213 0.0673009455 0.919912457
vn 0.387600452 0.113600172 0.914801061
vn 0 0.0936999992 -0.995600462
vn 0 0.142303273 -0.989823103
vn -0.604887903 0.134997264 -0.784784317
vn -0.796715021 0.082401529 -0.598711252
vn -0.993967712 0.109596439 0.00409986172
vn -0.997954309 0.0638970733 0.00209990097
vn -0.796663105 0.0403981544 0.603072047
vn 0 0.192095339 -0.98137635
vn -0.794117332 0.175703809 -0.58181268
vn -0.987752676 0.155908316 0.00610031886
vn -0.793845832 0.134607807 0.593034208
vn -0.604828298 0.079903774 0.79233712
vn -0.384896904 0.0221998598 0.922692537
vn -0.386305213 0.0673009455 0.919912457
vn -0.387600452 0.113600172 0.914801061
vn -0.505796731 0.152898967 -0.848994434
vn -0.362317622 0.179308668 -0.91464448
vn -0.493074805 0.164691553 -0.854256392
vn -0.313402921 0.163101494 -0.935508788
vn 0 0.179008618 -0.983847618
vn 0 0.202496439 -0.979283035
vn -0.333592743 0.191895768 -0.922979891
vn 0 0.169505 -0.985529363
vn 0.313402921 0.163101494 -0.935508788
vn 0.362317622 0.179308668 -0.91464448
vn 0.333592743 0.191895768 -0.922979891
vn 0 0.180302024 -0.983611286
vn 0.505796731 0.152898967 -0.848994434
vn 0.493074805 0.164691553 -0.854256392
vn -0.361981571 0.115094177 0.925052881
vn -0.505293608 0.0932988599 0.857889116
vn -0.49249652 0.104699299 0.863993883
vn -0.313313693 0.0974042937 0.944641173
vn 0 0.110003516 0.993931293
vn 0 0.100295775 0.994957685
vn 0.313313693 0.0974042937 0.944641173
vn 0.361981571 0.115094177 0.925052881
vn 0.505293608 0.0932988599 0.857889116
vn -0.333099782 0.126999974 0.934299529
vn 0 0.13360472 0.991034806
vn 0.333099782 0.126999974 0.934299529
vn 0.49249652 0.104699299 0.863993883
vn 0 0.111199841 0.993798137
vn 0.325509787 -0.129503846 0.936628103
vn 0 -0.159597099 0.987182319
vn 0 -0.136197433 0.990681708
vn 0.420811683 -0.147204056 0.895124853
vn 0.360511273 -0.177405491 0.915728629
vn 0 -0.174395636 0.984675646
vn -0.360511273 -0.177405491 0.915728629
vn -0.420811683 -0.147204056 0.895124853
vn -0.325509787 -0.129503846 0.936628103
vn 0.560887754 -0.118397377 0.819382131
vn 0.55761838 -0.138704538 0.818427026
vn -0.560887754 -0.118397377 0.819382131
vn -0.55761838 -0.138704538 0.818427026

# Mesh 'PipelineFBX' with 924 faces
g PipelineFBX
usemtl DefaultMaterial
f  1/1/1 2/2/2 3/3/3
f  4/2/2 5/1/1 6/4/4
f  7/1/1 8/5/5 9/4/4
f  10/5/5 11/1/1 12/6/6
f  13/6/6 14/7/7 15/5/5
f  16/7/7 17/6/6 18/8/8
f  19/9/9 20/10/10 21/11/11
f  22/10/10 23/9/9 24/12/12
f  25/13/13 26/12/12 27/9/9
f  28/12/12 29/13/13 30/14/14
f  31/13/13 32/15/15 33/14/14
f  34/15/15 35/13/13 36/16/16
f  37/16/16 38/17/17 39/15/15
f  40/17/17 41/16/16 42/18/18
f  43/10/19 44/9/20 45/11/21
f  46/9/20 47/10/19 48/12/22
f  49/12/22 50/13/23 51/9/20
f  52/13/23 53/12/22 54/14/14
f  55/15/24 56/13/23 57/14/14
f  58/13/23 59/15/24 60/16/25
f  61/17/26 62/16/25 63/15/24
f  64/16/25 65/17/26 66/18/27
f  67/6/28 68/7/29 69/8/30
f  70/7/29 71/6/28 72/5/31
f  73/1/32 74/5/31 75/6/28
f  76/5/31 77/1/32 78/4/33
f  79/1/32 80/2/34 81/4/33
f  82/2/34 83/1/32 84/3/35
f  85/19/36 86/20/37 87/21/37
f  88/20/37 89/19/36 90/22/38
f  91/23/39 92/22/38 93/19/36
f  94/22/38 95/23/39 96/24/39
f  97/25/40 98/26/40 99/27/40
f  100/26/40 101/25/40 102/28/40
f  103/29/40 104/28/40 105/25/40
f  106/28/40 107/29/40 108/30/40
f  109/23/41 110/22/42 111/24/41
f  112/22/42 113/23/41 114/19/43
f  115/19/43 116/20/44 117/22/42
f  118/20/44 119/19/43 120/21/44
f  121/31/45 122/32/45 123/33/45
f  124/32/45 125/31/45 126/34/45
f  127/35/46 128/36/46 129/37/46
f  130/36/46 131/35/46 132/38/46
f  133/39/46 134/38/46 135/35/46
f  136/38/46 137/39/46 138/40/46
f  139/41/47 140/42/48 141/43/49
f  142/42/48 143/41/47 144/44/50
f  145/45/51 146/42/48 147/44/50
f  148/42/48 149/45/51 150/46/52
f  151/47/53 152/44/50 153/41/47
f  154/44/50 155/47/53 156/48/54
f  157/49/55 158/44/50 159/48/54
f  160/44/50 161/49/55 162/45/51
f  163/36/56 164/35/56 165/37/56
f  166/35/56 167/36/56 168/38/56
f  169/38/56 170/39/56 171/35/56
f  172/39/56 173/38/56 174/40/56
f  175/50/57 176/51/58 177/52/59
f  178/51/58 179/50/57 180/53/60
f  181/54/61 182/53/60 183/50/57
f  184/53/60 185/54/61 186/55/62
f  187/54/61 188/56/63 189/55/62
f  190/56/63 191/54/61 192/57/64
f  193/57/64 194/58/65 195/56/63
f  196/58/65 197/57/64 198/59/66
f  199/60/67 200/61/68 201/62/69
f  202/61/68 203/60/67 204/63/70
f  205/60/67 206/64/71 207/63/70
f  208/64/71 209/60/67 210/65/72
f  211/65/72 212/66/73 213/64/71
f  214/66/73 215/65/72 216/67/74
f  217/67/74 218/68/75 219/66/73
f  220/68/75 221/67/74 222/69/76
f  223/70/77 224/71/78 225/72/79
f  226/71/78 227/70/77 228/73/80
f  229/73/80 230/74/81 231/71/78
f  232/74/81 233/73/80 234/75/82
f  235/75/82 236/76/83 237/74/81
f  238/76/83 239/75/82 240/77/84
f  241/78/85 242/76/83 243/77/84
f  244/76/83 245/78/85 246/79/86
f  247/80/87 248/81/88 249/82/89
f  250/81/88 251/80/87 252/83/90
f  253/83/90 254/84/91 255/81/88
f  256/84/91 257/83/90 258/85/92
f  259/86/93 260/84/91 261/85/92
f  262/84/91 263/86/93 264/87/94
f  265/88/95 266/87/94 267/86/93
f  268/87/94 269/88/95 270/89/96
f  271/90/97 272/91/97 273/92/98
f  274/91/97 275/90/97 276/93/99
f  277/94/100 278/95/100 279/96/101
f  280/95/100 281/94/100 282/97/102
f  283/98/103 284/99/104 285/100/105
f  286/99/104 287/98/103 288/101/106
f  289/102/107 290/101/106 291/98/103
f  292/101/106 293/102/107 294/103/108
f  295/104/109 296/103/108 297/102/107
f  298/103/108 299/104/109 300/105/110
f  301/104/109 302/106/111 303/105/110
f  304/106/111 305/104/109 306/107/112
f  307/108/113 308/109/114 309/110/115
f  310/109/114 311/108/113 312/111/116
f  313/111/116 314/112/117 315/109/114
f  316/112/117 317/111/116 318/113/118
f  319/114/119 320/112/117 321/113/118
f  322/112/117 323/114/119 324/115/120
f  325/116/121 326/115/120 327/114/119
f  328/115/120 329/116/121 330/117/122
f  331/118/123 332/119/124 333/120/124
f  334/119/124 335/118/123 336/121/125
f  337/122/126 338/121/125 339/118/123
f  340/121/125 341/122/126 342/123/126
f  343/124/127 344/125/127 345/126/127
f  346/125/127 347/124/127 348/127/127
f  349/128/128 350/129/128 351/130/128
f  352/129/128 353/128/128 354/131/128
f  355/132/128 356/131/128 357/128/128
f  358/131/128 359/132/128 360/133/128
f  361/134/129 362/135/130 363/136/129
f  364/135/130 365/134/129 366/137/131
f  367/137/131 368/138/132 369/135/130
f  370/138/132 371/137/131 372/139/132
f  373/140/133 374/141/134 375/142/135
f  376/141/134 377/140/133 378/143/136
f  379/140/133 380/144/137 381/143/136
f  382/144/137 383/140/133 384/145/138
f  385/145/138 386/146/139 387/144/137
f  388/146/139 389/145/138 390/147/140
f  391/147/140 392/148/141 393/146/139
f  394/148/141 395/147/140 396/149/142
f  397/150/143 398/151/144 399/152/145
f  400/151/144 401/150/143 402/153/146
f  403/151/144 404/153/146 405/154/147
f  406/154/147 407/155/148 408/151/144
f  409/155/148 410/154/147 411/156/149
f  412/157/150 413/155/148 414/156/149
f  415/155/148 416/157/150 417/158/151
f  418/157/150 419/159/152 420/158/151
f  421/160/153 422/158/151 423/159/152
f  424/158/151 425/160/153 426/161/154
f  427/162/155 428/163/156 429/164/157
f  430/163/156 431/162/155 432/165/158
f  433/165/158 434/166/159 435/163/156
f  436/166/159 437/165/158 438/167/160
f  439/165/158 440/168/161 441/167/160
f  442/168/161 443/165/158 444/169/162
f  445/162/155 446/169/162 447/165/158
f  448/169/162 449/162/155 450/170/163
f  451/171/164 452/172/165 453/173/166
f  454/172/165 455/171/164 456/174/167
f  457/171/164 458/175/168 459/174/167
f  460/175/168 461/171/164 462/176/169
f  463/129/40 464/128/40 465/130/40
f  466/128/40 467/129/40 468/131/40
f  469/131/40 470/132/40 471/128/40
f  472/132/40 473/131/40 474/133/40
f  475/19/170 476/20/171 477/21/171
f  478/20/171 479/19/170 480/22/172
f  481/23/173 482/22/172 483/19/170
f  484/22/172 485/23/173 486/24/173
f  487/25/40 488/26/40 489/27/40
f  490/26/40 491/25/40 492/28/40
f  493/29/40 494/28/40 495/25/40
f  496/28/40 497/29/40 498/30/40
f  499/23/174 500/22/175 501/24/174
f  502/22/175 503/23/174 504/19/176
f  505/19/176 506/20/177 507/22/175
f  508/20/177 509/19/176 510/21/177
f  511/31/178 512/32/178 513/33/178
f  514/32/178 515/31/178 516/34/178
f  517/35/46 518/36/46 519/37/46
f  520/36/46 521/35/46 522/38/46
f  523/39/46 524/38/46 525/35/46
f  526/38/46 527/39/46 528/40/46
f  529/41/179 530/42/180 531/43/181
f  532/42/180 533/41/179 534/44/182
f  535/45/183 536/42/180 537/44/182
f  538/42/180 539/45/183 540/46/184
f  541/47/185 542/44/182 543/41/179
f  544/44/182 545/47/185 546/48/186
f  547/49/187 548/44/182 549/48/186
f  550/44/182 551/49/187 552/45/183
f  553/36/56 554/35/56 555/37/56
f  556/35/56 557/36/56 558/38/56
f  559/38/56 560/39/56 561/35/56
f  562/39/56 563/38/56 564/40/56
f  565/50/188 566/51/189 567/52/190
f  568/51/189 569/50/188 570/53/191
f  571/54/192 572/53/191 573/50/188
f  574/53/191 575/54/192 576/55/193
f  577/54/192 578/56/194 579/55/193
f  580/56/194 581/54/192 582/57/195
f  583/57/195 584/58/196 585/56/194
f  586/58/196 587/57/195 588/59/197
f  589/60/198 590/61/199 591/62/200
f  592/61/199 593/60/198 594/63/201
f  595/60/198 596/64/202 597/63/201
f  598/64/202 599/60/198 600/65/203
f  601/65/203 602/66/204 603/64/202
f  604/66/204 605/65/203 606/67/205
f  607/67/205 608/68/206 609/66/204
f  610/68/206 611/67/205 612/69/207
f  613/70/208 614/71/209 615/72/210
f  616/71/209 617/70/208 618/73/211
f  619/73/211 620/74/212 621/71/209
f  622/74/212 623/73/211 624/75/213
f  625/75/213 626/76/214 627/74/212
f  628/76/214 629/75/213 630/77/215
f  631/78/216 632/76/214 633/77/215
f  634/76/214 635/78/216 636/79/217
f  637/80/218 638/81/219 639/82/220
f  640/81/219 641/80/218 642/83/221
f  643/83/221 644/84/91 645/81/219
f  646/84/91 647/83/221 648/85/222
f  649/86/223 650/84/91 651/85/222
f  652/84/91 653/86/223 654/87/224
f  655/88/225 656/87/224 657/86/223
f  658/87/224 659/88/225 660/89/226
f  661/90/227 662/91/227 663/92/228
f  664/91/227 665/90/227 666/93/229
f  667/19/230 668/20/37 669/21/37
f  670/20/37 671/19/230 672/22/231
f  673/23/232 674/22/231 675/19/230
f  676/22/231 677/23/232 678/24/232
f  679/25/40 680/26/40 681/27/40
f  682/26/40 683/25/40 684/28/40
f  685/29/40 686/28/40 687/25/40
f  688/28/40 689/29/40 690/30/40
f  691/23/233 692/22/234 693/24/233
f  694/22/234 695/23/233 696/19/235
f  697/19/235 698/20/44 699/22/234
f  700/20/44 701/19/235 702/21/44
f  703/31/178 704/32/178 705/33/178
f  706/32/178 707/31/178 708/34/178
f  709/35/46 710/36/46 711/37/46
f  712/36/46 713/35/46 714/38/46
f  715/39/46 716/38/46 717/35/46
f  718/38/46 719/39/46 720/40/46
f  721/41/236 722/42/237 723/43/238
f  724/42/237 725/41/236 726/44/182
f  727/45/239 728/42/237 729/44/182
f  730/42/237 731/45/239 732/46/240
f  733/47/241 734/44/182 735/41/236
f  736/44/182 737/47/241 738/48/242
f  739/49/243 740/44/182 741/48/242
f  742/44/182 743/49/243 744/45/239
f  745/36/56 746/35/56 747/37/56
f  748/35/56 749/36/56 750/38/56
f  751/38/56 752/39/56 753/35/56
f  754/39/56 755/38/56 756/40/56
f  757/50/244 758/51/245 759/52/59
f  760/51/245 761/50/244 762/53/246
f  763/54/61 764/53/246 765/50/244
f  766/53/246 767/54/61 768/55/247
f  769/54/61 770/56/248 771/55/247
f  772/56/248 773/54/61 774/57/249
f  775/57/249 776/58/250 777/56/248
f  778/58/250 779/57/249 780/59/66
f  781/60/251 782/61/252 783/62/253
f  784/61/252 785/60/251 786/63/254
f  787/60/251 788/64/255 789/63/254
f  790/64/255 791/60/251 792/65/256
f  793/65/256 794/66/257 795/64/255
f  796/66/257 797/65/256 798/67/74
f  799/67/74 800/68/258 801/66/257
f  802/68/258 803/67/74 804/69/259
f  805/70/260 806/71/261 807/72/262
f  808/71/261 809/70/260 810/73/263
f  811/73/263 812/74/264 813/71/261
f  814/74/264 815/73/263 816/75/265
f  817/75/265 818/76/266 819/74/264
f  820/76/266 821/75/265 822/77/267
f  823/78/268 824/76/266 825/77/267
f  826/76/266 827/78/268 828/79/269
f  829/80/87 830/81/270 831/82/271
f  832/81/270 833/80/87 834/83/272
f  835/83/272 836/84/91 837/81/270
f  838/84/91 839/83/272 840/85/92
f  841/86/273 842/84/91 843/85/92
f  844/84/91 845/86/273 846/87/274
f  847/88/95 848/87/274 849/86/273
f  850/87/274 851/88/95 852/89/275
f  853/90/276 854/91/276 855/92/277
f  856/91/276 857/90/276 858/93/278
f  859/6/279 860/7/280 861/8/281
f  862/7/280 863/6/279 864/5/282
f  865/1/283 866/5/282 867/6/279
f  868/5/282 869/1/283 870/4/284
f  871/1/283 872/2/285 873/4/284
f  874/2/285 875/1/283 876/3/286
f  877/1/287 878/2/288 879/3/289
f  880/2/288 881/1/287 882/4/290
f  883/1/287 884/5/291 885/4/290
f  886/5/291 887/1/287 888/6/292
f  889/6/292 890/7/293 891/5/291
f  892/7/293 893/6/292 894/8/294
f  895/177/295 896/178/296 897/179/297
f  898/178/296 899/177/295 900/180/298
f  901/180/298 902/181/299 903/178/296
f  904/181/299 905/180/298 906/182/300
f  907/182/300 908/183/301 909/181/299
f  910/183/301 911/182/300 912/184/302
f  913/184/302 914/185/303 915/183/301
f  916/186/304 917/180/298 918/177/295
f  919/180/298 920/186/304 921/187/305
f  922/188/306 923/180/298 924/187/305
f  925/188/306 926/182/300 927/180/298
f  928/189/307 929/182/300 930/188/306
f  931/182/300 932/189/307 933/184/302
f  934/190/308 935/184/302 936/189/307
f  937/184/302 938/190/308 939/191/309
f  940/185/303 941/184/302 942/191/309
f  943/191/309 944/192/310 945/185/303
f  946/192/310 947/191/309 948/193/311
f  949/193/311 950/194/312 951/192/310
f  952/195/56 953/188/306 954/187/305
f  955/196/313 956/188/306 957/195/56
f  958/188/306 959/196/313 960/189/307
f  961/197/314 962/189/307 963/196/313
f  964/189/307 965/197/314 966/190/308
f  967/198/315 968/190/308 969/197/314
f  970/190/308 971/198/315 972/199/316
f  973/193/311 974/190/308 975/199/316
f  976/190/308 977/193/311 978/191/309
f  979/200/317 980/199/316 981/198/315
f  982/199/316 983/200/317 984/201/318
f  985/202/319 986/199/316 987/201/318
f  988/199/316 989/202/319 990/193/311
f  991/194/312 992/193/311 993/202/319
f  994/202/319 995/203/320 996/194/312
f  997/203/320 998/202/319 999/204/321
f  1000/204/321 1001/205/322 1002/203/320
f  1003/205/322 1004/204/321 1005/206/323
f  1006/204/321 1007/207/324 1008/206/323
f  1009/208/325 1010/201/318 1011/200/317
f  1012/208/325 1013/204/321 1014/201/318
f  1015/204/321 1016/202/319 1017/201/318
f  1018/207/324 1019/204/321 1020/208/325
f  1021/32/326 1022/31/326 1023/33/326
f  1024/31/326 1025/32/326 1026/34/326
f  1027/28/128 1028/29/128 1029/30/128
f  1030/29/128 1031/28/128 1032/25/128
f  1033/26/128 1034/25/128 1035/28/128
f  1036/25/128 1037/26/128 1038/27/128
f  1039/209/327 1040/210/328 1041/211/327
f  1042/210/328 1043/209/327 1044/212/329
f  1045/212/329 1046/213/330 1047/210/328
f  1048/213/330 1049/212/329 1050/214/330
f  1051/215/331 1052/216/332 1053/217/333
f  1054/216/332 1055/215/331 1056/218/334
f  1057/218/334 1058/219/335 1059/216/332
f  1060/219/335 1061/218/334 1062/220/128
f  1063/221/336 1064/219/335 1065/220/128
f  1066/219/335 1067/221/336 1068/222/337
f  1069/223/338 1070/222/337 1071/221/336
f  1072/222/337 1073/223/338 1074/224/339
f  1075/225/340 1076/226/341 1077/227/342
f  1078/226/341 1079/225/340 1080/228/343
f  1081/228/343 1082/229/344 1083/226/341
f  1084/229/344 1085/228/343 1086/230/345
f  1087/230/345 1088/231/346 1089/229/344
f  1090/231/346 1091/230/345 1092/232/347
f  1093/233/348 1094/231/346 1095/232/347
f  1096/231/346 1097/233/348 1098/234/349
f  1099/235/350 1100/236/351 1101/237/352
f  1102/236/351 1103/235/350 1104/238/353
f  1105/239/354 1106/238/353 1107/235/350
f  1108/238/353 1109/239/354 1110/240/355
f  1111/241/356 1112/240/355 1113/239/354
f  1114/240/355 1115/241/356 1116/242/357
f  1117/241/356 1118/243/358 1119/242/357
f  1120/243/358 1121/241/356 1122/244/359
f  1123/245/360 1124/246/361 1125/247/362
f  1126/246/361 1127/245/360 1128/248/363
f  1129/249/364 1130/248/363 1131/245/360
f  1132/248/363 1133/249/364 1134/250/40
f  1135/249/364 1136/251/365 1137/250/40
f  1138/251/365 1139/249/364 1140/252/366
f  1141/252/366 1142/253/367 1143/251/365
f  1144/253/367 1145/252/366 1146/254/368
f  1147/255/369 1148/256/369 1149/257/370
f  1150/256/369 1151/255/369 1152/258/371
f  1153/259/372 1154/260/372 1155/261/373
f  1156/260/372 1157/259/372 1158/262/374
f  1159/263/375 1160/264/376 1161/265/377
f  1162/264/376 1163/263/375 1164/266/378
f  1165/263/375 1166/267/379 1167/266/378
f  1168/267/379 1169/263/375 1170/268/380
f  1171/268/380 1172/269/381 1173/267/379
f  1174/269/381 1175/268/380 1176/270/382
f  1177/270/382 1178/271/383 1179/269/381
f  1180/271/383 1181/270/382 1182/272/384
f  1183/129/128 1184/128/128 1185/130/128
f  1186/128/128 1187/129/128 1188/131/128
f  1189/131/128 1190/132/128 1191/128/128
f  1192/132/128 1193/131/128 1194/133/128
f  1195/135/385 1196/134/386 1197/136/386
f  1198/134/386 1199/135/385 1200/137/387
f  1201/138/388 1202/137/387 1203/135/385
f  1204/137/387 1205/138/388 1206/139/388
f  1207/260/389 1208/259/389 1209/261/390
f  1210/259/389 1211/260/389 1212/262/391
f  1213/95/392 1214/94/392 1215/96/393
f  1216/94/392 1217/95/392 1218/97/394
f  1219/177/395 1220/178/396 1221/179/397
f  1222/178/396 1223/177/395 1224/180/398
f  1225/180/398 1226/181/399 1227/178/396
f  1228/181/399 1229/180/398 1230/182/400
f  1231/182/400 1232/183/401 1233/181/399
f  1234/183/401 1235/182/400 1236/184/402
f  1237/184/402 1238/185/403 1239/183/401
f  1240/186/404 1241/180/398 1242/177/395
f  1243/180/398 1244/186/404 1245/187/405
f  1246/188/406 1247/180/398 1248/187/405
f  1249/188/406 1250/182/400 1251/180/398
f  1252/189/407 1253/182/400 1254/188/406
f  1255/182/400 1256/189/407 1257/184/402
f  1258/190/408 1259/184/402 1260/189/407
f  1261/184/402 1262/190/408 1263/191/409
f  1264/185/403 1265/184/402 1266/191/409
f  1267/191/409 1268/192/410 1269/185/403
f  1270/192/410 1271/191/409 1272/193/411
f  1273/193/411 1274/194/412 1275/192/410
f  1276/195/56 1277/188/406 1278/187/405
f  1279/196/413 1280/188/406 1281/195/56
f  1282/188/406 1283/196/413 1284/189/407
f  1285/197/414 1286/189/407 1287/196/413
f  1288/189/407 1289/197/414 1290/190/408
f  1291/198/415 1292/190/408 1293/197/414
f  1294/190/408 1295/198/415 1296/199/416
f  1297/193/411 1298/190/408 1299/199/416
f  1300/190/408 1301/193/411 1302/191/409
f  1303/200/417 1304/199/416 1305/198/415
f  1306/199/416 1307/200/417 1308/201/418
f  1309/202/419 1310/199/416 1311/201/418
f  1312/199/416 1313/202/419 1314/193/411
f  1315/194/412 1316/193/411 1317/202/419
f  1318/202/419 1319/203/420 1320/194/412
f  1321/203/420 1322/202/419 1323/204/421
f  1324/204/421 1325/205/422 1326/203/420
f  1327/205/422 1328/204/421 1329/206/423
f  1330/204/421 1331/207/424 1332/206/423
f  1333/208/425 1334/201/418 1335/200/417
f  1336/208/425 1337/204/421 1338/201/418
f  1339/204/421 1340/202/419 1341/201/418
f  1342/207/424 1343/204/421 1344/208/425
f  1345/32/426 1346/31/426 1347/33/426
f  1348/31/426 1349/32/426 1350/34/426
f  1351/28/128 1352/29/128 1353/30/128
f  1354/29/128 1355/28/128 1356/25/128
f  1357/26/128 1358/25/128 1359/28/128
f  1360/25/128 1361/26/128 1362/27/128
f  1363/209/427 1364/210/428 1365/211/427
f  1366/210/428 1367/209/427 1368/212/429
f  1369/212/429 1370/213/430 1371/210/428
f  1372/213/430 1373/212/429 1374/214/430
f  1375/215/431 1376/216/432 1377/217/433
f  1378/216/432 1379/215/431 1380/218/434
f  1381/218/434 1382/219/335 1383/216/432
f  1384/219/335 1385/218/434 1386/220/128
f  1387/221/435 1388/219/335 1389/220/128
f  1390/219/335 1391/221/435 1392/222/436
f  1393/223/437 1394/222/436 1395/221/435
f  1396/222/436 1397/223/437 1398/224/438
f  1399/225/439 1400/226/440 1401/227/441
f  1402/226/440 1403/225/439 1404/228/442
f  1405/228/442 1406/229/443 1407/226/440
f  1408/229/443 1409/228/442 1410/230/444
f  1411/230/444 1412/231/346 1413/229/443
f  1414/231/346 1415/230/444 1416/232/445
f  1417/233/446 1418/231/346 1419/232/445
f  1420/231/346 1421/233/446 1422/234/447
f  1423/235/448 1424/236/449 1425/237/450
f  1426/236/449 1427/235/448 1428/238/451
f  1429/239/452 1430/238/451 1431/235/448
f  1432/238/451 1433/239/452 1434/240/355
f  1435/241/453 1436/240/355 1437/239/452
f  1438/240/355 1439/241/453 1440/242/454
f  1441/241/453 1442/243/455 1443/242/454
f  1444/243/455 1445/241/453 1446/244/456
f  1447/245/457 1448/246/458 1449/247/459
f  1450/246/458 1451/245/457 1452/248/460
f  1453/249/364 1454/248/460 1455/245/457
f  1456/248/460 1457/249/364 1458/250/40
f  1459/249/364 1460/251/461 1461/250/40
f  1462/251/461 1463/249/364 1464/252/462
f  1465/252/462 1466/253/463 1467/251/461
f  1468/253/463 1469/252/462 1470/254/464
f  1471/255/465 1472/256/465 1473/257/466
f  1474/256/465 1475/255/465 1476/258/467
f  1477/177/468 1478/178/469 1479/179/470
f  1480/178/469 1481/177/468 1482/180/471
f  1483/180/471 1484/181/472 1485/178/469
f  1486/181/472 1487/180/471 1488/182/473
f  1489/182/473 1490/183/474 1491/181/472
f  1492/183/474 1493/182/473 1494/184/475
f  1495/184/475 1496/185/476 1497/183/474
f  1498/186/477 1499/180/471 1500/177/468
f  1501/180/471 1502/186/477 1503/187/405
f  1504/188/478 1505/180/471 1506/187/405
f  1507/188/478 1508/182/473 1509/180/471
f  1510/189/479 1511/182/473 1512/188/478
f  1513/182/473 1514/189/479 1515/184/475
f  1516/190/408 1517/184/475 1518/189/479
f  1519/184/475 1520/190/408 1521/191/480
f  1522/185/476 1523/184/475 1524/191/480
f  1525/191/480 1526/192/481 1527/185/476
f  1528/192/481 1529/191/480 1530/193/482
f  1531/193/482 1532/194/483 1533/192/481
f  1534/195/56 1535/188/478 1536/187/405
f  1537/196/413 1538/188/478 1539/195/56
f  1540/188/478 1541/196/413 1542/189/479
f  1543/197/484 1544/189/479 1545/196/413
f  1546/189/479 1547/197/484 1548/190/408
f  1549/198/415 1550/190/408 1551/197/484
f  1552/190/408 1553/198/415 1554/199/485
f  1555/193/482 1556/190/408 1557/199/485
f  1558/190/408 1559/193/482 1560/191/480
f  1561/200/486 1562/199/485 1563/198/415
f  1564/199/485 1565/200/486 1566/201/487
f  1567/202/488 1568/199/485 1569/201/487
f  1570/199/485 1571/202/488 1572/193/482
f  1573/194/483 1574/193/482 1575/202/488
f  1576/202/488 1577/203/489 1578/194/483
f  1579/203/489 1580/202/488 1581/204/321
f  1582/204/321 1583/205/490 1584/203/489
f  1585/205/490 1586/204/321 1587/206/491
f  1588/204/321 1589/207/492 1590/206/491
f  1591/208/425 1592/201/487 1593/200/486
f  1594/208/425 1595/204/321 1596/201/487
f  1597/204/321 1598/202/488 1599/201/487
f  1600/207/492 1601/204/321 1602/208/425
f  1603/32/426 1604/31/426 1605/33/426
f  1606/31/426 1607/32/426 1608/34/426
f  1609/28/128 1610/29/128 1611/30/128
f  1612/29/128 1613/28/128 1614/25/128
f  1615/26/128 1616/25/128 1617/28/128
f  1618/25/128 1619/26/128 1620/27/128
f  1621/209/427 1622/210/493 1623/211/427
f  1624/210/493 1625/209/427 1626/212/494
f  1627/212/494 1628/213/495 1629/210/493
f  1630/213/495 1631/212/494 1632/214/495
f  1633/215/496 1634/216/332 1635/217/497
f  1636/216/332 1637/215/496 1638/218/498
f  1639/218/498 1640/219/335 1641/216/332
f  1642/219/335 1643/218/498 1644/220/128
f  1645/221/499 1646/219/335 1647/220/128
f  1648/219/335 1649/221/499 1650/222/337
f  1651/223/500 1652/222/337 1653/221/499
f  1654/222/337 1655/223/500 1656/224/501
f  1657/225/502 1658/226/503 1659/227/504
f  1660/226/503 1661/225/502 1662/228/505
f  1663/228/505 1664/229/506 1665/226/503
f  1666/229/506 1667/228/505 1668/230/507
f  1669/230/507 1670/231/508 1671/229/506
f  1672/231/508 1673/230/507 1674/232/509
f  1675/233/510 1676/231/508 1677/232/509
f  1678/231/508 1679/233/510 1680/234/511
f  1681/235/512 1682/236/513 1683/237/514
f  1684/236/513 1685/235/512 1686/238/515
f  1687/239/354 1688/238/515 1689/235/512
f  1690/238/515 1691/239/354 1692/240/516
f  1693/241/356 1694/240/516 1695/239/354
f  1696/240/516 1697/241/356 1698/242/517
f  1699/241/356 1700/243/518 1701/242/517
f  1702/243/518 1703/241/356 1704/244/519
f  1705/245/520 1706/246/521 1707/247/522
f  1708/246/521 1709/245/520 1710/248/523
f  1711/249/524 1712/248/523 1713/245/520
f  1714/248/523 1715/249/524 1716/250/40
f  1717/249/524 1718/251/525 1719/250/40
f  1720/251/525 1721/249/524 1722/252/526
f  1723/252/526 1724/253/527 1725/251/525
f  1726/253/527 1727/252/526 1728/254/528
f  1729/255/529 1730/256/529 1731/257/530
f  1732/256/529 1733/255/529 1734/258/531
f  1735/29/128 1736/28/128 1737/30/128
f  1738/28/128 1739/29/128 1740/25/128
f  1741/25/128 1742/26/128 1743/28/128
f  1744/26/128 1745/25/128 1746/27/128
f  1747/210/532 1748/209/533 1749/211/533
f  1750/209/533 1751/210/532 1752/212/534
f  1753/213/535 1754/212/534 1755/210/532
f  1756/212/534 1757/213/535 1758/214/535
f  1759/29/40 1760/28/40 1761/30/40
f  1762/28/40 1763/29/40 1764/25/40
f  1765/25/40 1766/26/40 1767/28/40
f  1768/26/40 1769/25/40 1770/27/40
f  1771/273/536 1772/274/537 1773/275/538
f  1774/274/537 1775/273/536 1776/276/539
f  1777/277/540 1778/274/537 1779/276/539
f  1780/274/537 1781/277/540 1782/278/541
f  1783/279/542 1784/276/539 1785/273/536
f  1786/276/539 1787/279/542 1788/280/543
f  1789/281/544 1790/276/539 1791/280/543
f  1792/276/539 1793/281/544 1794/277/540
f  1795/282/545 1796/283/546 1797/284/547
f  1798/283/546 1799/282/545 1800/285/548
f  1801/286/549 1802/283/546 1803/285/548
f  1804/283/546 1805/286/549 1806/287/550
f  1807/91/551 1808/90/551 1809/92/552
f  1810/90/551 1811/91/551 1812/93/553
f  1813/288/46 1814/289/46 1815/290/46
f  1816/289/46 1817/288/46 1818/291/46
f  1819/288/46 1820/292/46 1821/291/46
f  1822/292/46 1823/288/46 1824/293/46
f  1825/294/554 1826/295/555 1827/296/556
f  1828/295/555 1829/294/554 1830/297/557
f  1831/297/557 1832/298/558 1833/295/555
f  1834/298/558 1835/297/557 1836/299/559
f  1837/300/560 1838/298/558 1839/299/559
f  1840/298/558 1841/300/560 1842/301/561
f  1843/302/562 1844/301/561 1845/300/560
f  1846/301/561 1847/302/562 1848/303/563
f  1849/304/564 1850/305/565 1851/306/566
f  1852/305/565 1853/304/564 1854/307/567
f  1855/307/567 1856/308/568 1857/305/565
f  1858/308/568 1859/307/567 1860/309/569
f  1861/307/567 1862/310/570 1863/309/569
f  1864/310/570 1865/307/567 1866/311/571
f  1867/304/564 1868/311/571 1869/307/567
f  1870/311/571 1871/304/564 1872/312/572
f  1873/128/40 1874/129/40 1875/130/40
f  1876/129/40 1877/128/40 1878/131/40
f  1879/132/40 1880/131/40 1881/128/40
f  1882/131/40 1883/132/40 1884/133/40
f  1885/122/573 1886/121/574 1887/123/573
f  1888/121/574 1889/122/573 1890/118/575
f  1891/118/575 1892/119/576 1893/121/574
f  1894/119/576 1895/118/575 1896/120/576
f  1897/313/577 1898/314/578 1899/315/579
f  1900/314/578 1901/313/577 1902/316/580
f  1903/316/580 1904/317/581 1905/314/578
f  1906/318/582 1907/317/581 1908/316/580
f  1909/317/581 1910/318/582 1911/319/583
f  1912/318/582 1913/320/584 1914/319/583
f  1915/320/584 1916/318/582 1917/321/585
f  1918/320/584 1919/321/585 1920/322/586
f  1921/323/587 1922/322/586 1923/321/585
f  1924/322/586 1925/323/587 1926/324/588
f  1927/325/589 1928/326/590 1929/327/591
f  1930/326/590 1931/325/589 1932/328/592
f  1933/328/592 1934/329/593 1935/326/590
f  1936/329/593 1937/328/592 1938/330/40
f  1939/331/594 1940/329/593 1941/330/40
f  1942/329/593 1943/331/594 1944/332/595
f  1945/333/596 1946/332/595 1947/331/594
f  1948/332/595 1949/333/596 1950/334/597
f  1951/335/598 1952/336/599 1953/337/600
f  1954/336/599 1955/335/598 1956/338/601
f  1957/338/601 1958/339/602 1959/336/599
f  1960/339/602 1961/338/601 1962/340/603
f  1963/340/603 1964/341/604 1965/339/602
f  1966/341/604 1967/340/603 1968/342/605
f  1969/342/605 1970/343/606 1971/341/604
f  1972/344/607 1973/338/601 1974/335/598
f  1975/338/601 1976/344/607 1977/345/608
f  1978/338/601 1979/345/608 1980/346/609
f  1981/346/609 1982/340/603 1983/338/601
f  1984/347/610 1985/340/603 1986/346/609
f  1987/340/603 1988/347/610 1989/342/605
f  1990/348/611 1991/342/605 1992/347/610
f  1993/342/605 1994/348/611 1995/349/612
f  1996/343/606 1997/342/605 1998/349/612
f  1999/349/612 2000/350/613 2001/343/606
f  2002/351/614 2003/345/608 2004/344/607
f  2005/345/608 2006/351/614 2007/352/615
f  2008/352/615 2009/353/616 2010/345/608
f  2011/353/616 2012/346/609 2013/345/608
f  2014/354/617 2015/346/609 2016/353/616
f  2017/346/609 2018/354/617 2019/347/610
f  2020/355/618 2021/347/610 2022/354/617
f  2023/347/610 2024/355/618 2025/348/611
f  2026/356/619 2027/348/611 2028/355/618
f  2029/348/611 2030/356/619 2031/357/620
f  2032/358/621 2033/348/611 2034/357/620
f  2035/348/611 2036/358/621 2037/349/612
f  2038/350/613 2039/349/612 2040/358/621
f  2041/358/621 2042/359/622 2043/350/613
f  2044/353/616 2045/352/615 2046/360/623
f  2047/360/623 2048/354/617 2049/353/616
f  2050/354/617 2051/360/623 2052/361/624
f  2053/361/624 2054/355/618 2055/354/617
f  2056/355/618 2057/361/624 2058/362/625
f  2059/362/625 2060/356/619 2061/355/618
f  2062/356/619 2063/362/625 2064/363/626
f  2065/363/626 2066/364/627 2067/356/619
f  2068/364/627 2069/357/620 2070/356/619
f  2071/357/620 2072/364/627 2073/365/628
f  2074/366/629 2075/357/620 2076/365/628
f  2077/357/620 2078/366/629 2079/358/621
f  2080/359/622 2081/358/621 2082/366/629
f  2083/366/629 2084/367/630 2085/359/622
f  2086/367/630 2087/366/629 2088/368/631
f  2089/368/631 2090/369/632 2091/367/630
f  2092/369/632 2093/368/631 2094/370/633
f  2095/364/627 2096/363/626 2097/371/634
f  2098/371/634 2099/372/635 2100/364/627
f  2101/372/635 2102/365/628 2103/364/627
f  2104/372/635 2105/368/631 2106/365/628
f  2107/368/631 2108/366/629 2109/365/628
f  2110/372/635 2111/371/634 2112/373/636
f  2113/373/636 2114/374/637 2115/372/635
f  2116/374/637 2117/368/631 2118/372/635
f  2119/368/631 2120/374/637 2121/370/633
f  2122/374/637 2123/373/636 2124/375/638
f  2125/289/56 2126/288/56 2127/290/56
f  2128/288/56 2129/289/56 2130/291/56
f  2131/292/56 2132/288/56 2133/291/56
f  2134/288/56 2135/292/56 2136/293/56
f  2137/29/128 2138/28/128 2139/30/128
f  2140/28/128 2141/29/128 2142/25/128
f  2143/25/128 2144/26/128 2145/28/128
f  2146/26/128 2147/25/128 2148/27/128
f  2149/210/639 2150/209/640 2151/211/640
f  2152/209/640 2153/210/639 2154/212/641
f  2155/213/642 2156/212/641 2157/210/639
f  2158/212/641 2159/213/642 2160/214/642
f  2161/29/40 2162/28/40 2163/30/40
f  2164/28/40 2165/29/40 2166/25/40
f  2167/25/40 2168/26/40 2169/28/40
f  2170/26/40 2171/25/40 2172/27/40
f  2173/273/536 2174/274/537 2175/275/643
f  2176/274/537 2177/273/536 2178/276/644
f  2179/277/540 2180/274/537 2181/276/644
f  2182/274/537 2183/277/540 2184/278/645
f  2185/279/646 2186/276/644 2187/273/536
f  2188/276/644 2189/279/646 2190/280/647
f  2191/281/648 2192/276/644 2193/280/647
f  2194/276/644 2195/281/648 2196/277/540
f  2197/282/649 2198/283/650 2199/284/651
f  2200/283/650 2201/282/649 2202/285/652
f  2203/286/653 2204/283/650 2205/285/652
f  2206/283/650 2207/286/653 2208/287/654
f  2209/91/655 2210/90/655 2211/92/656
f  2212/90/655 2213/91/655 2214/93/657
f  2215/29/128 2216/28/128 2217/30/128
f  2218/28/128 2219/29/128 2220/25/128
f  2221/25/128 2222/26/128 2223/28/128
f  2224/26/128 2225/25/128 2226/27/128
f  2227/210/658 2228/209/640 2229/211/640
f  2230/209/640 2231/210/658 2232/212/659
f  2233/213/660 2234/212/659 2235/210/658
f  2236/212/659 2237/213/660 2238/214/660
f  2239/29/40 2240/28/40 2241/30/40
f  2242/28/40 2243/29/40 2244/25/40
f  2245/25/40 2246/26/40 2247/28/40
f  2248/26/40 2249/25/40 2250/27/40
f  2251/273/661 2252/274/662 2253/275/663
f  2254/274/662 2255/273/661 2256/276/664
f  2257/277/665 2258/274/662 2259/276/664
f  2260/274/662 2261/277/665 2262/278/666
f  2263/279/667 2264/276/664 2265/273/661
f  2266/276/664 2267/279/667 2268/280/543
f  2269/281/668 2270/276/664 2271/280/543
f  2272/276/664 2273/281/668 2274/277/665
f  2275/282/669 2276/283/670 2277/284/671
f  2278/283/670 2279/282/669 2280/285/652
f  2281/286/672 2282/283/670 2283/285/652
f  2284/283/670 2285/286/672 2286/287/673
f  2287/91/674 2288/90/674 2289/92/675
f  2290/90/674 2291/91/674 2292/93/676
f  2293/256/677 2294/255/677 2295/257/678
f  2296/255/677 2297/256/677 2298/258/679
f  2299/125/680 2300/124/680 2301/126/680
f  2302/124/680 2303/125/680 2304/127/680
f  2305/256/681 2306/255/681 2307/257/682
f  2308/255/681 2309/256/681 2310/258/683
f  2311/256/684 2312/255/684 2313/257/685
f  2314/255/684 2315/256/684 2316/258/686
f  2317/376/687 2318/377/688 2319/378/689
f  2320/378/689 2321/379/690 2322/376/687
f  2323/379/690 2324/378/689 2325/380/690
f  2326/381/691 2327/379/690 2328/380/690
f  2329/379/690 2330/381/691 2331/382/692
f  2332/382/692 2333/381/691 2334/383/693
f  2335/384/694 2336/385/695 2337/386/696
f  2338/386/696 2339/387/697 2340/384/694
f  2341/387/697 2342/386/696 2343/388/697
f  2344/389/698 2345/387/697 2346/388/697
f  2347/387/697 2348/389/698 2349/390/699
f  2350/390/699 2351/389/698 2352/391/700
f  2353/392/701 2354/393/701 2355/394/701
f  2356/394/701 2357/395/701 2358/392/701
f  2359/395/701 2360/394/701 2361/396/701
f  2362/397/701 2363/395/701 2364/396/701
f  2365/395/701 2366/397/701 2367/398/701
f  2368/398/701 2369/397/701 2370/399/701
f  2371/400/702 2372/401/702 2373/402/702
f  2374/402/702 2375/403/702 2376/400/702
f  2377/403/702 2378/402/702 2379/404/702
f  2380/405/702 2381/403/702 2382/404/702
f  2383/403/702 2384/405/702 2385/406/702
f  2386/405/702 2387/407/702 2388/406/702
f  2389/408/702 2390/409/702 2391/410/702
f  2392/410/702 2393/411/702 2394/408/702
f  2395/411/702 2396/410/702 2397/412/702
f  2398/413/702 2399/411/702 2400/412/702
f  2401/411/702 2402/413/702 2403/414/702
f  2404/413/702 2405/415/702 2406/414/702
f  2407/416/701 2408/417/701 2409/418/701
f  2410/418/701 2411/419/701 2412/416/701
f  2413/419/701 2414/418/701 2415/420/701
f  2416/421/701 2417/419/701 2418/420/701
f  2419/419/701 2420/421/701 2421/422/701
f  2422/422/701 2423/421/701 2424/423/701
f  2425/392/701 2426/393/701 2427/394/701
f  2428/394/701 2429/395/701 2430/392/701
f  2431/395/701 2432/394/701 2433/396/701
f  2434/397/701 2435/395/701 2436/396/701
f  2437/395/701 2438/397/701 2439/398/701
f  2440/398/701 2441/397/701 2442/399/701
f  2443/400/702 2444/401/702 2445/402/702
f  2446/402/702 2447/403/702 2448/400/702
f  2449/403/702 2450/402/702 2451/404/702
f  2452/405/702 2453/403/702 2454/404/702
f  2455/403/702 2456/405/702 2457/406/702
f  2458/405/702 2459/407/702 2460/406/702
f  2461/392/701 2462/393/701 2463/394/701
f  2464/394/701 2465/395/701 2466/392/701
f  2467/395/701 2468/394/701 2469/396/701
f  2470/397/701 2471/395/701 2472/396/701
f  2473/395/701 2474/397/701 2475/398/701
f  2476/398/701 2477/397/701 2478/399/701
f  2479/400/702 2480/401/702 2481/402/702
f  2482/402/702 2483/403/702 2484/400/702
f  2485/403/702 2486/402/702 2487/404/702
f  2488/405/702 2489/403/702 2490/404/702
f  2491/403/702 2492/405/702 2493/406/702
f  2494/405/702 2495/407/702 2496/406/702
f  2497/424/703 2498/425/704 2499/426/705
f  2500/425/704 2501/424/703 2502/427/706
f  2503/428/707 2504/425/704 2505/427/706
f  2506/429/708 2507/425/704 2508/428/707
f  2509/429/708 2510/430/709 2511/425/704
f  2512/425/704 2513/430/709 2514/431/710
f  2515/432/711 2516/425/704 2517/431/710
f  2518/425/704 2519/432/711 2520/426/705
f  2521/433/712 2522/427/706 2523/424/703
f  2524/427/706 2525/433/712 2526/434/713
f  2527/434/713 2528/428/707 2529/427/706
f  2530/431/710 2531/435/714 2532/432/711
f  2533/435/714 2534/431/710 2535/436/715
f  2536/436/715 2537/431/710 2538/430/709
f  2539/437/716 2540/438/717 2541/439/718
f  2542/438/717 2543/437/716 2544/440/719
f  2545/441/720 2546/438/717 2547/440/719
f  2548/438/717 2549/441/720 2550/442/721
f  2551/443/722 2552/438/717 2553/442/721
f  2554/438/717 2555/443/722 2556/444/723
f  2557/445/724 2558/438/717 2559/444/723
f  2560/438/717 2561/445/724 2562/439/718
f  2563/446/725 2564/440/719 2565/437/716
f  2566/440/719 2567/446/725 2568/447/726
f  2569/448/727 2570/440/719 2571/447/726
f  2572/440/719 2573/448/727 2574/441/720
f  2575/444/723 2576/449/728 2577/445/724
f  2578/449/728 2579/444/723 2580/450/729
f  2581/451/730 2582/449/728 2583/450/729
f  2584/449/728 2585/451/730 2586/452/731
f  2587/453/732 2588/452/731 2589/451/730
f  2590/452/731 2591/453/732 2592/454/733
f  2593/453/732 2594/455/734 2595/454/733
f  2596/444/723 2597/456/735 2598/450/729
f  2599/456/735 2600/451/730 2601/450/729
f  2602/451/730 2603/456/735 2604/457/736
f  2605/457/736 2606/453/732 2607/451/730
f  2608/453/732 2609/457/736 2610/458/737
f  2611/459/738 2612/453/732 2613/458/737
f  2614/453/732 2615/459/738 2616/460/739
f  2617/455/734 2618/453/732 2619/460/739
f  2620/460/739 2621/461/740 2622/455/734
f  2623/461/740 2624/460/739 2625/462/741
f  2626/456/735 2627/444/723 2628/443/722
f  2629/460/739 2630/463/742 2631/462/741
f  2632/463/742 2633/460/739 2634/459/738
f  2635/464/743 2636/465/744 2637/466/745
f  2638/465/744 2639/464/743 2640/467/746
f  2641/467/746 2642/468/747 2643/465/744
f  2644/469/748 2645/465/744 2646/468/747
f  2647/469/748 2648/470/749 2649/465/744
f  2650/470/749 2651/466/745 2652/465/744
f  2653/468/747 2654/467/746 2655/471/750
f  2656/472/751 2657/468/747 2658/471/750
f  2659/468/747 2660/472/751 2661/473/752
f  2662/473/752 2663/469/748 2664/468/747
f  2665/474/753 2666/469/748 2667/473/752
f  2668/469/748 2669/474/753 2670/475/754
f  2671/470/749 2672/469/748 2673/475/754
f  2674/476/755 2675/473/752 2676/472/751
f  2677/473/752 2678/476/755 2679/477/756
f  2680/477/756 2681/474/753 2682/473/752
f  2683/465/757 2684/464/758 2685/466/759
f  2686/464/758 2687/465/757 2688/467/760
f  2689/468/761 2690/467/760 2691/465/757
f  2692/467/760 2693/468/761 2694/471/762
f  2695/468/761 2696/472/763 2697/471/762
f  2698/472/763 2699/468/761 2700/473/764
f  2701/473/764 2702/476/765 2703/472/763
f  2704/466/759 2705/470/766 2706/465/757
f  2707/470/766 2708/469/767 2709/465/757
f  2710/465/757 2711/469/767 2712/468/761
f  2713/469/767 2714/473/764 2715/468/761
f  2716/469/767 2717/474/768 2718/473/764
f  2719/474/768 2720/477/769 2721/473/764
f  2722/476/765 2723/473/764 2724/477/769
f  2725/469/767 2726/470/766 2727/475/770
f  2728/474/768 2729/469/767 2730/475/770
f  2731/432/771 2732/425/772 2733/426/773
f  2734/425/772 2735/432/771 2736/431/774
f  2737/430/775 2738/425/772 2739/431/774
f  2740/430/775 2741/429/776 2742/425/772
f  2743/425/772 2744/429/776 2745/428/777
f  2746/425/772 2747/428/777 2748/427/778
f  2749/424/779 2750/425/772 2751/427/778
f  2752/425/772 2753/424/779 2754/426/773
f  2755/435/780 2756/431/774 2757/432/771
f  2758/431/774 2759/435/780 2760/436/781
f  2761/431/774 2762/436/781 2763/430/775
f  2764/427/778 2765/433/782 2766/424/779
f  2767/433/782 2768/427/778 2769/434/783
f  2770/428/777 2771/434/783 2772/427/778

