# File produced by Open Asset Import Library (http://www.assimp.sf.net)
# (assimp v6.0.0)

mtllib CargoHaulerShort.mtl

# 2820 vertex positions
v -2.7349999 -11.7500019 37.8250008
v 2.7349999 -3.75000191 40.3250008
v -2.7349999 -3.75000191 40.3250008
v 2.7349999 -3.75000191 40.3250008
v -2.7349999 -11.7500019 37.8250008
v 2.7349999 -11.7500019 37.8250008
v 2.7349999 -11.7500019 37.8250008
v 2.7349999 -3.75000119 26.0749989
v 2.7349999 -3.75000191 40.3250008
v 2.7349999 -3.75000119 26.0749989
v 2.7349999 -11.7500019 37.8250008
v 2.7349999 -11.7500019 26.0749989
v -6.26500034 -13.4849997 12.8250008
v 0 -10.8950024 55.0750008
v 0 -10.8950005 12.8250008
v 0 -10.8950024 55.0750008
v -6.26500034 -13.4849997 12.8250008
v -6.26500034 -13.4850025 55.0750008
v -8.8550005 -19.75 12.8249989
v -6.26500034 -13.4850025 55.0750008
v -6.26500034 -13.4849997 12.8250008
v -6.26500034 -13.4850025 55.0750008
v -8.8550005 -19.75 12.8249989
v -8.8550005 -19.7500038 55.0750008
v -6.26500034 -26.0149994 12.8249989
v -8.8550005 -19.7500038 55.0750008
v -8.8550005 -19.75 12.8249989
v -8.8550005 -19.7500038 55.0750008
v -6.26500034 -26.0149994 12.8249989
v -6.26500034 -26.0150013 55.0750008
v 0 -28.6049995 12.8249989
v -6.26500034 -26.0150013 55.0750008
v -6.26500034 -26.0149994 12.8249989
v -6.26500034 -26.0150013 55.0750008
v 0 -28.6049995 12.8249989
v 0 -28.6050014 55.0750008
v 6.26500034 -26.0149994 12.8249989
v 0 -28.6050014 55.0750008
v 0 -28.6049995 12.8249989
v 0 -28.6050014 55.0750008
v 6.26500034 -26.0149994 12.8249989
v 6.26500034 -26.0150013 55.0750008
v 8.8550005 -19.75 12.8249989
v 6.26500034 -26.0150013 55.0750008
v 6.26500034 -26.0149994 12.8249989
v 6.26500034 -26.0150013 55.0750008
v 8.8550005 -19.75 12.8249989
v 8.8550005 -19.7500038 55.0750008
v 6.26500034 -13.4849997 12.8250008
v 8.8550005 -19.7500038 55.0750008
v 8.8550005 -19.75 12.8249989
v 8.8550005 -19.7500038 55.0750008
v 6.26500034 -13.4849997 12.8250008
v 6.26500034 -13.4850025 55.0750008
v 0 -10.8950005 12.8250008
v 6.26500034 -13.4850025 55.0750008
v 6.26500034 -13.4849997 12.8250008
v 6.26500034 -13.4850025 55.0750008
v 0 -10.8950005 12.8250008
v 0 -10.8950024 55.0750008
v 5.26000023 -24.8750038 55.0750008
v -4.93499994 -24.8750038 57.4599991
v -4.93499994 -24.8750038 55.0750008
v -4.93499994 -24.8750038 57.4599991
v 5.26000023 -24.8750038 55.0750008
v 5.26000023 -24.8750038 57.4599991
v 5.33500004 -2.35999703 -66.3450012
v 6.12999964 6.20500278 -68.6750031
v 5.33500004 6.54500294 -66.3450012
v 6.12999964 6.20500278 -68.6750031
v 5.33500004 -2.35999703 -66.3450012
v 6.12999964 -2.20499706 -68.6750031
v 7.4000001 -0.174996838 -72.4250031
v 6.12999964 6.20500278 -68.6750031
v 6.12999964 -2.20499706 -68.6750031
v 6.12999964 6.20500278 -68.6750031
v 7.4000001 -0.174996838 -72.4250031
v 7.4000001 4.17500305 -72.4250031
v 13.7600002 -7.26499796 -45.1749992
v 14.0599995 8.37000084 -19.4150009
v 14.0599995 -8.36999893 -19.4150009
v 14.0599995 8.37000084 -19.4150009
v 13.7600002 -7.26499796 -45.1749992
v 13.7600002 8.37000275 -45.1749992
v 13.7600002 -7.26499796 -45.1749992
v 5.88000011 4.62000275 -68.7750015
v 13.7600002 8.37000275 -45.1749992
v 5.88000011 4.62000275 -68.7750015
v 13.7600002 -7.26499796 -45.1749992
v 5.88000011 -0.869997025 -68.7750015
v -6.12999964 6.20500278 -68.6750031
v -5.33500004 -2.35999703 -66.3450012
v -5.33500004 6.54500294 -66.3450012
v -5.33500004 -2.35999703 -66.3450012
v -6.12999964 6.20500278 -68.6750031
v -6.12999964 -2.20499706 -68.6750031
v -6.12999964 6.20500278 -68.6750031
v -7.4000001 -0.174996838 -72.4250031
v -6.12999964 -2.20499706 -68.6750031
v -7.4000001 -0.174996838 -72.4250031
v -6.12999964 6.20500278 -68.6750031
v -7.4000001 4.17500305 -72.4250031
v -7.4000001 4.17500305 -72.4250031
v -5.51000023 -0.174996689 -75.9100037
v -7.4000001 -0.174996838 -72.4250031
v -5.51000023 -0.174996689 -75.9100037
v -7.4000001 4.17500305 -72.4250031
v -5.51000023 4.17500305 -75.9100037
v 0 4.17500305 -76.5749969
v -5.51000023 -0.174996689 -75.9100037
v -5.51000023 4.17500305 -75.9100037
v -5.51000023 -0.174996689 -75.9100037
v 0 4.17500305 -76.5749969
v 0 -0.174996659 -76.5749969
v 5.51000023 4.17500305 -75.9100037
v 0 -0.174996659 -76.5749969
v 0 4.17500305 -76.5749969
v 0 -0.174996659 -76.5749969
v 5.51000023 4.17500305 -75.9100037
v 5.51000023 -0.174996689 -75.9100037
v 5.51000023 4.17500305 -75.9100037
v 7.4000001 -0.174996838 -72.4250031
v 5.51000023 -0.174996689 -75.9100037
v 7.4000001 -0.174996838 -72.4250031
v 5.51000023 4.17500305 -75.9100037
v 7.4000001 4.17500305 -72.4250031
v -26.4999981 7.03499699 72.5750046
v -27.0000019 -1.32500339 78.5749969
v -27.0000019 3.82499647 78.5749969
v -27.0000019 -1.32500339 78.5749969
v -26.4999981 7.03499699 72.5750046
v -26.4999981 -4.53500319 72.5750046
v -26.4999981 7.03499699 72.5750046
v -25.5 -4.53500271 60.5750008
v -26.4999981 -4.53500319 72.5750046
v -25.5 -4.53500271 60.5750008
v -26.4999981 7.03499699 72.5750046
v -25.5 7.03499699 60.5750008
v 13 -1.48500061 14.0750008
v 5 3.98499918 14.0750008
v 13 3.98499918 14.0750008
v 5 3.98499918 14.0750008
v 13 -1.48500061 14.0750008
v 5 -1.48500061 14.0750008
v 13.7700005 8.47999859 37.8349991
v 10.7749996 1.24999857 32.5650024
v 10.7749996 1.24999833 37.8349991
v 10.7749996 1.24999857 32.5650024
v 13.7700005 8.47999859 37.8349991
v 13.7700005 8.47999859 32.5650024
v 21 11.4749985 37.8349991
v 13.7700005 8.47999859 32.5650024
v 13.7700005 8.47999859 37.8349991
v 13.7700005 8.47999859 32.5650024
v 21 11.4749985 37.8349991
v 21 11.4749985 32.5650024
v 28.2299995 8.47999859 37.8349991
v 21 11.4749985 32.5650024
v 21 11.4749985 37.8349991
v 21 11.4749985 32.5650024
v 28.2299995 8.47999859 37.8349991
v 28.2299995 8.47999859 32.5650024
v 31.2249985 1.24999833 37.8349991
v 28.2299995 8.47999859 32.5650024
v 28.2299995 8.47999859 37.8349991
v 28.2299995 8.47999859 32.5650024
v 31.2249985 1.24999833 37.8349991
v 31.2249985 1.24999857 32.5650024
v 28.2299995 -5.98000145 37.8349991
v 31.2249985 1.24999857 32.5650024
v 31.2249985 1.24999833 37.8349991
v 31.2249985 1.24999857 32.5650024
v 28.2299995 -5.98000145 37.8349991
v 28.2299995 -5.98000145 32.5650024
v 21 -8.97500134 37.8349991
v 28.2299995 -5.98000145 32.5650024
v 28.2299995 -5.98000145 37.8349991
v 28.2299995 -5.98000145 32.5650024
v 21 -8.97500134 37.8349991
v 21 -8.97500134 32.5650024
v 13.7700005 -5.98000145 37.8349991
v 21 -8.97500134 32.5650024
v 21 -8.97500134 37.8349991
v 21 -8.97500134 32.5650024
v 13.7700005 -5.98000145 37.8349991
v 13.7700005 -5.98000145 32.5650024
v 10.7749996 1.24999833 37.8349991
v 13.7700005 -5.98000145 32.5650024
v 13.7700005 -5.98000145 37.8349991
v 13.7700005 -5.98000145 32.5650024
v 10.7749996 1.24999833 37.8349991
v 10.7749996 1.24999857 32.5650024
v 10.7749996 1.24999976 5.56500006
v 13.7700005 -5.9800005 10.835
v 10.7749996 1.24999952 10.835
v 13.7700005 -5.9800005 10.835
v 10.7749996 1.24999976 5.56500006
v 13.7700005 -5.9800005 5.56499958
v 13.7700005 -5.9800005 5.56499958
v 21 -8.97500038 10.8349991
v 13.7700005 -5.9800005 10.835
v 21 -8.97500038 10.8349991
v 13.7700005 -5.9800005 5.56499958
v 21 -8.97500038 5.56499958
v 21 -8.97500038 5.56499958
v 28.2299995 -5.9800005 10.835
v 21 -8.97500038 10.8349991
v 28.2299995 -5.9800005 10.835
v 21 -8.97500038 5.56499958
v 28.2299995 -5.9800005 5.56499958
v 28.2299995 -5.9800005 5.56499958
v 31.2249985 1.24999952 10.835
v 28.2299995 -5.9800005 10.835
v 31.2249985 1.24999952 10.835
v 28.2299995 -5.9800005 5.56499958
v 31.2249985 1.24999976 5.56500006
v 31.2249985 1.24999976 5.56500006
v 28.2299995 8.47999859 10.835
v 31.2249985 1.24999952 10.835
v 28.2299995 8.47999859 10.835
v 31.2249985 1.24999976 5.56500006
v 28.2299995 8.47999954 5.56500053
v 28.2299995 8.47999954 5.56500053
v 21 11.4749994 10.835001
v 28.2299995 8.47999859 10.835
v 21 11.4749994 10.835001
v 28.2299995 8.47999954 5.56500053
v 21 11.4749994 5.56500053
v 21 11.4749994 5.56500053
v 13.7700005 8.47999859 10.835
v 21 11.4749994 10.835001
v 13.7700005 8.47999859 10.835
v 21 11.4749994 5.56500053
v 13.7700005 8.47999954 5.56500053
v 13.7700005 8.47999954 5.56500053
v 10.7749996 1.24999952 10.835
v 13.7700005 8.47999859 10.835
v 10.7749996 1.24999952 10.835
v 13.7700005 8.47999954 5.56500053
v 10.7749996 1.24999976 5.56500006
v 15.875 6.18499804 45.4599991
v 26.1249981 -4.01000214 45.4599991
v 26.1249981 6.18499804 45.4599991
v 26.1249981 -4.01000214 45.4599991
v 15.875 6.18499804 45.4599991
v 15.875 -4.01000214 45.4599991
v 10.6399994 5.97000217 -51.1749992
v 19.6849995 3.00000191 -41.4449997
v 18.0349998 3.00000191 -47.6749992
v 19.6849995 3.00000191 -41.4449997
v 10.6399994 5.97000217 -51.1749992
v 12.9749994 5.9700017 -38.0950012
v 12.9749994 5.9700017 -38.0950012
v 20.8100014 3.00000143 -34.6300011
v 19.6849995 3.00000191 -41.4449997
v 12.9749994 5.9700017 -38.0950012
v 13.1300001 5.9700017 -31.2099991
v 20.8100014 3.00000143 -34.6300011
v 13.1300001 5.9700017 -31.2099991
v 20.6350002 3.00000119 -27.7249985
v 20.8100014 3.00000143 -34.6300011
v 12.4899998 5.97000074 -20.6750011
v 20.6350002 3.00000119 -27.7249985
v 13.1300001 5.9700017 -31.2099991
v 20.6350002 3.00000119 -27.7249985
v 12.4899998 5.97000074 -20.6750011
v 19.4250011 3.00000072 -17.6750011
v 8.38999939 -3.5349977 -53.9699974
v 15.7150002 -1.80999804 -48.7199974
v 10.4850006 -4.18499804 -47.170002
v 15.7150002 -1.80999804 -48.7199974
v 8.38999939 -3.5349977 -53.9699974
v 13.3200006 -1.15999758 -55.6800003
v 13.3200006 -1.15999758 -55.6800003
v 15.7150002 2.50000215 -48.7199974
v 15.7150002 -1.80999804 -48.7199974
v 15.7150002 2.50000215 -48.7199974
v 13.3200006 -1.15999758 -55.6800003
v 13.3200006 2.50000238 -55.6800003
v 13.3200006 2.50000238 -55.6800003
v 10.4850006 4.87500191 -47.170002
v 15.7150002 2.50000215 -48.7199974
v 10.4850006 4.87500191 -47.170002
v 13.3200006 2.50000238 -55.6800003
v 8.38999939 4.87500191 -53.9699974
v 19.6849995 3.00000191 -41.4449997
v 18.0349998 -2.24999809 -47.6749992
v 18.0349998 3.00000191 -47.6749992
v 18.0349998 -2.24999809 -47.6749992
v 19.6849995 3.00000191 -41.4449997
v 19.6999989 -3.09499812 -41.3850021
v 20.8100014 3.00000143 -34.6300011
v 19.6999989 -3.09499812 -41.3850021
v 19.6849995 3.00000191 -41.4449997
v 19.6999989 -3.09499812 -41.3850021
v 20.8100014 3.00000143 -34.6300011
v 20.8150005 -3.76999855 -34.6150017
v 20.6350002 3.00000119 -27.7249985
v 20.8150005 -3.76999855 -34.6150017
v 20.8100014 3.00000143 -34.6300011
v 20.8150005 -3.76999855 -34.6150017
v 20.6350002 3.00000119 -27.7249985
v 20.6350002 -3.99999881 -27.7249985
v 20.6350002 3.00000119 -27.7249985
v 19.4250011 -3.99999905 -17.6750011
v 20.6350002 -3.99999881 -27.7249985
v 19.4250011 -3.99999905 -17.6750011
v 20.6350002 3.00000119 -27.7249985
v 19.4250011 3.00000072 -17.6750011
v 8.02000046 -2.46499729 -62.0899963
v 15.4949989 -1.67999756 -57.1749992
v 10.6349993 -3.61499786 -53.4250031
v 15.4949989 -1.67999756 -57.1749992
v 8.02000046 -2.46499729 -62.0899963
v 12.8699999 -0.594997168 -65.0449982
v 8.02000046 -2.46499729 -62.0899963
v 10.1750002 0.385002941 -67.625
v 12.8699999 -0.594997168 -65.0449982
v 10.1750002 0.385002941 -67.625
v 8.02000046 -2.46499729 -62.0899963
v 7.06000042 -1.08499718 -64.6500015
v 15.4949989 2.68000245 -57.1749992
v 10.6349993 -3.61499786 -53.4250031
v 15.4949989 -1.67999756 -57.1749992
v 10.6349993 -3.61499786 -53.4250031
v 15.4949989 2.68000245 -57.1749992
v 10.6349993 5.36500216 -53.4250031
v -6.15499973 2.46000409 -94.5749969
v -7.06499958 1.77000403 -94.5749969
v -6.85999966 2.44500422 -94.5749969
v -7.06499958 1.77000403 -94.5749969
v -6.15499973 2.46000409 -94.5749969
v -5.92500019 1.79000401 -94.5749969
v -5.92500019 1.79000401 -94.5749969
v -6.48500013 1.36500406 -94.5749969
v -7.06499958 1.77000403 -94.5749969
v 6.85999966 2.44500327 -72.5750046
v 6.15499973 2.46000361 -84.5749969
v 6.15499973 2.46000314 -72.5750046
v 6.15499973 2.46000361 -84.5749969
v 6.85999966 2.44500327 -72.5750046
v 6.85999966 2.44500375 -84.5749969
v 7.06499958 1.77000308 -72.5750046
v 6.85999966 2.44500375 -84.5749969
v 6.85999966 2.44500327 -72.5750046
v 6.85999966 2.44500375 -84.5749969
v 7.06499958 1.77000308 -72.5750046
v 7.06499958 1.77000368 -84.5749969
v 6.48500013 1.36500323 -72.5750046
v 7.06499958 1.77000368 -84.5749969
v 7.06499958 1.77000308 -72.5750046
v 7.06499958 1.77000368 -84.5749969
v 6.48500013 1.36500323 -72.5750046
v 6.48500013 1.36500371 -84.5749969
v 5.92500019 1.79000306 -72.5750046
v 6.48500013 1.36500371 -84.5749969
v 6.48500013 1.36500323 -72.5750046
v 6.48500013 1.36500371 -84.5749969
v 5.92500019 1.79000306 -72.5750046
v 5.92500019 1.79000366 -84.5749969
v 6.15499973 2.46000314 -72.5750046
v 5.92500019 1.79000366 -84.5749969
v 5.92500019 1.79000306 -72.5750046
v 5.92500019 1.79000366 -84.5749969
v 6.15499973 2.46000314 -72.5750046
v 6.15499973 2.46000361 -84.5749969
v -13.5649996 -6.68999863 -31.2999992
v -18.2699986 -7.04999876 -29.9250011
v -18.2699986 -4.71999884 -29.9250011
v -18.2699986 -7.04999876 -29.9250011
v -13.5649996 -6.68999863 -31.2999992
v -13.3900003 -10.2999983 -31.2449989
v -13.3900003 -10.2999983 -31.2449989
v -13.5649996 -6.68999863 -31.2999992
v -9.35999966 -10.664999 -32.1150017
v -15.7150002 -1.80999804 -48.7199974
v -8.38999939 -3.5349977 -53.9699974
v -10.4850006 -4.18499804 -47.170002
v -8.38999939 -3.5349977 -53.9699974
v -15.7150002 -1.80999804 -48.7199974
v -13.3200006 -1.15999758 -55.6800003
v -15.7150002 2.50000215 -48.7199974
v -13.3200006 -1.15999758 -55.6800003
v -15.7150002 -1.80999804 -48.7199974
v -13.3200006 -1.15999758 -55.6800003
v -15.7150002 2.50000215 -48.7199974
v -13.3200006 2.50000238 -55.6800003
v -10.4850006 4.87500191 -47.170002
v -13.3200006 2.50000238 -55.6800003
v -15.7150002 2.50000215 -48.7199974
v -13.3200006 2.50000238 -55.6800003
v -10.4850006 4.87500191 -47.170002
v -8.38999939 4.87500191 -53.9699974
v -15.4949989 2.68000245 -57.1749992
v -12.8699999 -0.594997168 -65.0449982
v -15.4949989 -1.67999756 -57.1749992
v -12.8699999 -0.594997168 -65.0449982
v -15.4949989 2.68000245 -57.1749992
v -12.8699999 2.7100029 -65.0449982
v -12.8699999 2.7100029 -65.0449982
v -10.1750002 0.385002941 -67.625
v -12.8699999 -0.594997168 -65.0449982
v -10.1750002 0.385002941 -67.625
v -12.8699999 2.7100029 -65.0449982
v -10.1750002 2.67500305 -67.625
v -7.06499958 4.36000299 -64.6549988
v -10.1750002 0.385002941 -67.625
v -10.1750002 2.67500305 -67.625
v -10.1750002 0.385002941 -67.625
v -7.06499958 4.36000299 -64.6549988
v -7.06000042 -1.08499718 -64.6500015
v 0 10.000001 -11.1749992
v 6.18499994 7.4350009 -19.1750011
v 0 10.000001 -19.1750011
v 6.18499994 7.4350009 -19.1750011
v 0 10.000001 -11.1749992
v 6.18499994 7.4350009 -11.1750002
v 6.18499994 7.4350009 -11.1750002
v 8.75 1.25000083 -19.1750011
v 6.18499994 7.4350009 -19.1750011
v 8.75 1.25000083 -19.1750011
v 6.18499994 7.4350009 -11.1750002
v 8.75 1.25000048 -11.1750002
v 8.75 1.25000048 -11.1750002
v 6.18499994 -4.93499947 -19.1750011
v 8.75 1.25000083 -19.1750011
v 6.18499994 -4.93499947 -19.1750011
v 8.75 1.25000048 -11.1750002
v 6.18499994 -4.93499994 -11.1750002
v 6.18499994 -4.93499994 -11.1750002
v 0 -7.49999952 -19.1750011
v 6.18499994 -4.93499947 -19.1750011
v 0 -7.49999952 -19.1750011
v 6.18499994 -4.93499994 -11.1750002
v 0 -7.49999952 -11.1750002
v 0 -7.49999952 -11.1750002
v -6.18499994 -4.93499947 -19.1750011
v 0 -7.49999952 -19.1750011
v -6.18499994 -4.93499947 -19.1750011
v 0 -7.49999952 -11.1750002
v -6.18499994 -4.93499994 -11.1750002
v -6.18499994 -4.93499994 -11.1750002
v -8.75 1.25000083 -19.1750011
v -6.18499994 -4.93499947 -19.1750011
v -8.75 1.25000083 -19.1750011
v -6.18499994 -4.93499994 -11.1750002
v -8.75 1.25000048 -11.1750002
v -8.75 1.25000048 -11.1750002
v -6.18499994 7.4350009 -19.1750011
v -8.75 1.25000083 -19.1750011
v -6.18499994 7.4350009 -19.1750011
v -8.75 1.25000048 -11.1750002
v -6.18499994 7.4350009 -11.1750002
v -6.18499994 7.4350009 -11.1750002
v 0 10.000001 -19.1750011
v -6.18499994 7.4350009 -19.1750011
v 0 10.000001 -19.1750011
v -6.18499994 7.4350009 -11.1750002
v 0 10.000001 -11.1749992
v -15.875 -4.01000214 45.4599991
v -15.875 6.18499804 43.0750008
v -15.875 6.18499804 45.4599991
v -15.875 6.18499804 43.0750008
v -15.875 -4.01000214 45.4599991
v -15.875 -4.01000214 43.0750008
v -26.1249981 -4.01000214 45.4599991
v -15.875 -4.01000214 43.0750008
v -15.875 -4.01000214 45.4599991
v -15.875 -4.01000214 43.0750008
v -26.1249981 -4.01000214 45.4599991
v -26.1249981 -4.01000214 43.0750008
v 2.7349999 -11.7500019 26.0749989
v -2.7349999 -3.75000119 26.0749989
v 2.7349999 -3.75000119 26.0749989
v -2.7349999 -3.75000119 26.0749989
v 2.7349999 -11.7500019 26.0749989
v -2.7349999 -11.7500019 26.0749989
v 0 -9.52500248 44.5650024
v -7.23000002 -12.5200014 49.8349991
v 0 -9.52500248 49.8349991
v -7.23000002 -12.5200014 49.8349991
v 0 -9.52500248 44.5650024
v -7.23000002 -12.5200014 44.5650024
v -7.23000002 -12.5200014 44.5650024
v -10.2250004 -19.7500019 49.8349991
v -7.23000002 -12.5200014 49.8349991
v -10.2250004 -19.7500019 49.8349991
v -7.23000002 -12.5200014 44.5650024
v -10.2250004 -19.7500019 44.5650024
v -10.2250004 -19.7500019 44.5650024
v -7.23000002 -26.9800034 49.8349991
v -10.2250004 -19.7500019 49.8349991
v -7.23000002 -26.9800034 49.8349991
v -10.2250004 -19.7500019 44.5650024
v -7.23000002 -26.9800034 44.5650024
v -7.23000002 -26.9800034 44.5650024
v 0 -29.9750023 49.8349991
v -7.23000002 -26.9800034 49.8349991
v 0 -29.9750023 49.8349991
v -7.23000002 -26.9800034 44.5650024
v 0 -29.9750023 44.5650024
v 0 -29.9750023 44.5650024
v 7.23000002 -26.9800034 49.8349991
v 0 -29.9750023 49.8349991
v 7.23000002 -26.9800034 49.8349991
v 0 -29.9750023 44.5650024
v 7.23000002 -26.9800034 44.5650024
v 7.23000002 -26.9800034 44.5650024
v 10.2250004 -19.7500019 49.8349991
v 7.23000002 -26.9800034 49.8349991
v 10.2250004 -19.7500019 49.8349991
v 7.23000002 -26.9800034 44.5650024
v 10.2250004 -19.7500019 44.5650024
v 10.2250004 -19.7500019 44.5650024
v 7.23000002 -12.5200014 49.8349991
v 10.2250004 -19.7500019 49.8349991
v 7.23000002 -12.5200014 49.8349991
v 10.2250004 -19.7500019 44.5650024
v 7.23000002 -12.5200014 44.5650024
v 7.23000002 -12.5200014 44.5650024
v 0 -9.52500248 49.8349991
v 7.23000002 -12.5200014 49.8349991
v 0 -9.52500248 49.8349991
v 7.23000002 -12.5200014 44.5650024
v 0 -9.52500248 44.5650024
v 5.26000023 -24.8750038 57.4599991
v -4.93499994 -14.6250029 57.4599991
v -4.93499994 -24.8750038 57.4599991
v -4.93499994 -14.6250029 57.4599991
v 5.26000023 -24.8750038 57.4599991
v 5.26000023 -14.6250029 57.4599991
v -12.4899998 5.97000074 -20.6750011
v -20.6350002 3.00000119 -27.7249985
v -19.4250011 3.00000072 -17.6750011
v -20.6350002 3.00000119 -27.7249985
v -12.4899998 5.97000074 -20.6750011
v -13.1300001 5.9700017 -31.2099991
v -20.6350002 3.00000119 -27.7249985
v -13.1300001 5.9700017 -31.2099991
v -20.8100014 3.00000143 -34.6300011
v -13.1300001 5.9700017 -31.2099991
v -12.9749994 5.9700017 -38.0950012
v -20.8100014 3.00000143 -34.6300011
v -20.8100014 3.00000143 -34.6300011
v -12.9749994 5.9700017 -38.0950012
v -19.6849995 3.00000191 -41.4449997
v -12.9749994 5.9700017 -38.0950012
v -18.0349998 3.00000191 -47.6749992
v -19.6849995 3.00000191 -41.4449997
v -18.0349998 3.00000191 -47.6749992
v -12.9749994 5.9700017 -38.0950012
v -10.6399994 5.97000217 -51.1749992
v 27.0000019 -1.32500339 78.5749969
v 26.4999981 7.03499699 72.5750046
v 27.0000019 3.82499647 78.5749969
v 26.4999981 7.03499699 72.5750046
v 27.0000019 -1.32500339 78.5749969
v 26.4999981 -4.53500319 72.5750046
v 25.5 -4.53500271 60.5750008
v 26.4999981 7.03499699 72.5750046
v 26.4999981 -4.53500319 72.5750046
v 26.4999981 7.03499699 72.5750046
v 25.5 -4.53500271 60.5750008
v 25.5 7.03499699 60.5750008
v -13.7600002 -7.26499796 -45.1749992
v -5.88000011 4.62000275 -68.7750015
v -5.88000011 -0.869997025 -68.7750015
v -5.88000011 4.62000275 -68.7750015
v -13.7600002 -7.26499796 -45.1749992
v -13.7600002 8.37000275 -45.1749992
v -13.7600002 -7.26499796 -45.1749992
v -14.0599995 8.37000084 -19.4150009
v -13.7600002 8.37000275 -45.1749992
v -14.0599995 8.37000084 -19.4150009
v -13.7600002 -7.26499796 -45.1749992
v -14.0599995 -8.36999893 -19.4150009
v -14.0599995 -8.36999893 -19.4150009
v -8.96500015 11.6450005 -19.1750011
v -14.0599995 8.37000084 -19.4150009
v -8.96500015 11.6450005 -19.1750011
v -14.0599995 -8.36999893 -19.4150009
v -8.96500015 -11.6449986 -19.1750011
v 8.96500015 -11.6449986 -19.1750011
v -8.96500015 11.6450005 -19.1750011
v -8.96500015 -11.6449986 -19.1750011
v -8.96500015 11.6450005 -19.1750011
v 8.96500015 -11.6449986 -19.1750011
v 8.96500015 11.6450005 -19.1750011
v 14.0599995 -8.36999893 -19.4150009
v 8.96500015 11.6450005 -19.1750011
v 8.96500015 -11.6449986 -19.1750011
v 8.96500015 11.6450005 -19.1750011
v 14.0599995 -8.36999893 -19.4150009
v 14.0599995 8.37000084 -19.4150009
v 21.5 3.82499623 82.5749969
v 27.0000019 -1.32500339 78.5749969
v 27.0000019 3.82499647 78.5749969
v 27.0000019 -1.32500339 78.5749969
v 21.5 3.82499623 82.5749969
v 21.5 -1.32500362 82.5749969
v 20.5 -4.53500319 77.2400055
v 27.0000019 -1.32500339 78.5749969
v 21.5 -1.32500362 82.5749969
v 27.0000019 -1.32500339 78.5749969
v 20.5 -4.53500319 77.2400055
v 26.4999981 -4.53500319 72.5750046
v 20.5 -4.53500319 77.2400055
v 25.5 -4.53500271 60.5750008
v 26.4999981 -4.53500319 72.5750046
v 25.5 -4.53500271 60.5750008
v 20.5 -4.53500319 77.2400055
v 12.5 -4.53500271 59.5749969
v 20.5 -4.53500319 77.2400055
v 6.5 -4.53500271 62.7349968
v 12.5 -4.53500271 59.5749969
v 6.5 3.82499623 84.0749969
v 21.5 -1.32500362 82.5749969
v 21.5 3.82499623 82.5749969
v 21.5 -1.32500362 82.5749969
v 6.5 3.82499623 84.0749969
v 6.5 -1.32500362 84.0749969
v 6.5 -1.32500362 84.0749969
v 20.5 -4.53500319 77.2400055
v 21.5 -1.32500362 82.5749969
v 20.5 -4.53500319 77.2400055
v 6.5 -1.32500362 84.0749969
v 6.5 -4.53500319 79.2949982
v 6.5 -4.53500271 62.7349968
v 20.5 -4.53500319 77.2400055
v 6.5 -4.53500319 79.2949982
v 6.5 -4.53500319 79.2949982
v 0 -4.53500319 64.0749969
v 6.5 -4.53500271 62.7349968
v 0 -4.53500319 64.0749969
v 6.5 -4.53500319 79.2949982
v 0 -4.53500366 81.2399979
v -6.5 -4.53500319 79.2949982
v 0 -4.53500319 64.0749969
v 0 -4.53500366 81.2399979
v 0 -4.53500319 64.0749969
v -6.5 -4.53500319 79.2949982
v -6.5 -4.53500271 62.7349968
v 0 3.82499623 86.0750046
v 6.5 -1.32500362 84.0749969
v 6.5 3.82499623 84.0749969
v 6.5 -1.32500362 84.0749969
v 0 3.82499623 86.0750046
v 0 -1.32500374 86.0750046
v 0 -4.53500366 81.2399979
v 6.5 -1.32500362 84.0749969
v 0 -1.32500374 86.0750046
v 6.5 -1.32500362 84.0749969
v 0 -4.53500366 81.2399979
v 6.5 -4.53500319 79.2949982
v -6.5 3.82499623 84.0749969
v 0 -1.32500374 86.0750046
v 0 3.82499623 86.0750046
v 0 -1.32500374 86.0750046
v -6.5 3.82499623 84.0749969
v -6.5 -1.32500362 84.0749969
v -6.5 -1.32500362 84.0749969
v 0 -4.53500366 81.2399979
v 0 -1.32500374 86.0750046
v 0 -4.53500366 81.2399979
v -6.5 -1.32500362 84.0749969
v -6.5 -4.53500319 79.2949982
v -6.5 -1.32500362 84.0749969
v -20.5 -4.53500319 77.2400055
v -6.5 -4.53500319 79.2949982
v -20.5 -4.53500319 77.2400055
v -6.5 -4.53500271 62.7349968
v -6.5 -4.53500319 79.2949982
v -6.5 -4.53500271 62.7349968
v -20.5 -4.53500319 77.2400055
v -12.5 -4.53500271 59.5749969
v -20.5 -4.53500319 77.2400055
v -25.5 -4.53500271 60.5750008
v -12.5 -4.53500271 59.5749969
v -25.5 -4.53500271 60.5750008
v -20.5 -4.53500319 77.2400055
v -26.4999981 -4.53500319 72.5750046
v -20.5 -4.53500319 77.2400055
v -27.0000019 -1.32500339 78.5749969
v -26.4999981 -4.53500319 72.5750046
v -6.5 3.82499623 84.0749969
v -21.5 -1.32500362 82.5749969
v -6.5 -1.32500362 84.0749969
v -20.5 -4.53500319 77.2400055
v -6.5 -1.32500362 84.0749969
v -21.5 -1.32500362 82.5749969
v -27.0000019 -1.32500339 78.5749969
v -20.5 -4.53500319 77.2400055
v -21.5 -1.32500362 82.5749969
v -21.5 -1.32500362 82.5749969
v -27.0000019 3.82499647 78.5749969
v -27.0000019 -1.32500339 78.5749969
v -27.0000019 3.82499647 78.5749969
v -21.5 -1.32500362 82.5749969
v -21.5 3.82499623 82.5749969
v -21.5 -1.32500362 82.5749969
v -6.5 3.82499623 84.0749969
v -21.5 3.82499623 82.5749969
v 15.875 6.18499804 43.0750008
v 15.875 -4.01000214 45.4599991
v 15.875 6.18499804 45.4599991
v 15.875 -4.01000214 45.4599991
v 15.875 6.18499804 43.0750008
v 15.875 -4.01000214 43.0750008
v 15.875 -4.01000214 43.0750008
v 26.1249981 -4.01000214 45.4599991
v 15.875 -4.01000214 45.4599991
v 26.1249981 -4.01000214 45.4599991
v 15.875 -4.01000214 43.0750008
v 26.1249981 -4.01000214 43.0750008
v 12.6949997 -10.2999992 -23.3649998
v 18.2699986 -7.04999876 -29.9250011
v 17.5750008 -7.04999924 -22.9249992
v 18.2699986 -7.04999876 -29.9250011
v 12.6949997 -10.2999992 -23.3649998
v 13.3900003 -10.2999983 -31.2449989
v 10.04 -10.5599995 -23.5400009
v 13.3900003 -10.2999983 -31.2449989
v 12.6949997 -10.2999992 -23.3649998
v 13.3900003 -10.2999983 -31.2449989
v 10.04 -10.5599995 -23.5400009
v 9.35999966 -10.664999 -32.1150017
v 12.8699999 -0.594997168 -65.0449982
v 15.4949989 2.68000245 -57.1749992
v 15.4949989 -1.67999756 -57.1749992
v 15.4949989 2.68000245 -57.1749992
v 12.8699999 -0.594997168 -65.0449982
v 12.8699999 2.7100029 -65.0449982
v 10.1750002 0.385002941 -67.625
v 12.8699999 2.7100029 -65.0449982
v 12.8699999 -0.594997168 -65.0449982
v 12.8699999 2.7100029 -65.0449982
v 10.1750002 0.385002941 -67.625
v 10.1750002 2.67500305 -67.625
v 10.1750002 0.385002941 -67.625
v 7.06499958 4.36000299 -64.6549988
v 10.1750002 2.67500305 -67.625
v 7.06499958 4.36000299 -64.6549988
v 10.1750002 0.385002941 -67.625
v 7.06000042 -1.08499718 -64.6500015
v 15.5 9.67999649 86.4400024
v 21.5 7.24999619 76.8349991
v 15.5 9.7349968 76.8349991
v 21.5 7.24999619 76.8349991
v 15.5 9.67999649 86.4400024
v 21.4599991 7.20999622 86.4400024
v 23.9300003 1.24999619 86.4400024
v 21.5 7.24999619 76.8349991
v 21.4599991 7.20999622 86.4400024
v 21.5 7.24999619 76.8349991
v 23.9300003 1.24999619 86.4400024
v 23.9850006 1.24999666 76.8349991
v 23.9300003 1.24999619 86.4400024
v 21.5 -4.75000334 76.8349991
v 23.9850006 1.24999666 76.8349991
v 21.5 -4.75000334 76.8349991
v 23.9300003 1.24999619 86.4400024
v 21.4599991 -4.71000385 86.4400024
v 21.4599991 -4.71000385 86.4400024
v 15.5 -7.23500395 76.8349991
v 21.5 -4.75000334 76.8349991
v 15.5 9.67999649 86.4400024
v 19.5349998 5.28499603 94.5649948
v 21.4599991 7.20999622 86.4400024
v 21.1899986 1.24999595 94.5749969
v 21.4599991 7.20999622 86.4400024
v 19.5349998 5.28499603 94.5649948
v 21.4599991 7.20999622 86.4400024
v 21.1899986 1.24999595 94.5749969
v 23.9300003 1.24999619 86.4400024
v 21.1899986 1.24999595 94.5749969
v 21.4599991 -4.71000385 86.4400024
v 23.9300003 1.24999619 86.4400024
v 21.4599991 -4.71000385 86.4400024
v 21.1899986 1.24999595 94.5749969
v 19.5349998 -2.78500414 94.5649948
v 19.5349998 -2.78500414 94.5649948
v 15.5 -7.18000364 86.4400024
v 21.4599991 -4.71000385 86.4400024
v 15.5 -7.23500395 76.8349991
v 21.4599991 -4.71000385 86.4400024
v 15.5 -7.18000364 86.4400024
v 15.5 -7.18000364 86.4400024
v 9.5 -4.75000334 76.8349991
v 15.5 -7.23500395 76.8349991
v 19.5349998 5.28499603 94.5649948
v 15.5 9.67999649 86.4400024
v 15.5 6.95499563 94.5649948
v 15.5 -7.18000364 86.4400024
v 19.5349998 -2.78500414 94.5649948
v 15.5 -4.45500422 94.5649948
v 15.5 -4.45500422 94.5649948
v 9.53999996 -4.71000385 86.4400024
v 15.5 -7.18000364 86.4400024
v 9.5 -4.75000334 76.8349991
v 15.5 -7.18000364 86.4400024
v 9.53999996 -4.71000385 86.4400024
v 7.06999969 1.24999619 86.4400024
v 9.5 -4.75000334 76.8349991
v 9.53999996 -4.71000385 86.4400024
v 9.5 -4.75000334 76.8349991
v 7.06999969 1.24999619 86.4400024
v 7.01500034 1.24999666 76.8349991
v 7.06999969 1.24999619 86.4400024
v 9.5 7.24999619 76.8349991
v 7.01500034 1.24999666 76.8349991
v 9.5 7.24999619 76.8349991
v 7.06999969 1.24999619 86.4400024
v 9.53999996 7.20999622 86.4400024
v 9.53999996 7.20999622 86.4400024
v 15.5 9.7349968 76.8349991
v 9.5 7.24999619 76.8349991
v 15.5 9.7349968 76.8349991
v 9.53999996 7.20999622 86.4400024
v 15.5 9.67999649 86.4400024
v 9.53999996 -4.71000385 86.4400024
v 15.5 -4.45500422 94.5649948
v 11.4650002 -2.78500414 94.5649948
v 11.4650002 -2.78500414 94.5649948
v 7.06999969 1.24999619 86.4400024
v 9.53999996 -4.71000385 86.4400024
v 7.06999969 1.24999619 86.4400024
v 11.4650002 -2.78500414 94.5649948
v 9.80999947 1.24999595 94.5749969
v 11.4650002 5.28499603 94.5649948
v 7.06999969 1.24999619 86.4400024
v 9.80999947 1.24999595 94.5749969
v 7.06999969 1.24999619 86.4400024
v 11.4650002 5.28499603 94.5649948
v 9.53999996 7.20999622 86.4400024
v 15.5 6.95499563 94.5649948
v 9.53999996 7.20999622 86.4400024
v 11.4650002 5.28499603 94.5649948
v 9.53999996 7.20999622 86.4400024
v 15.5 6.95499563 94.5649948
v 15.5 9.67999649 86.4400024
v 23.289999 -2.13500357 79.4599991
v 20.9950008 -7.6200037 86.8950043
v 24.4049988 -1.91000342 79.0799942
v 20.9950008 -7.6200037 86.8950043
v 23.289999 -2.13500357 79.4599991
v 20.1199989 -7.40000391 86.6699982
v 20.1199989 -7.40000391 86.6699982
v 19.7299995 -9.18000317 88.2300034
v 20.9950008 -7.6200037 86.8950043
v 19.7299995 -9.18000317 88.2300034
v 20.1199989 -7.40000391 86.6699982
v 19.2200012 -8.49000359 88.2350006
v 17.4250011 -9.32000351 89.1549988
v 19.7299995 -9.18000317 88.2300034
v 19.2200012 -8.49000359 88.2350006
v 19.7299995 -9.18000317 88.2300034
v 17.4250011 -9.32000351 89.1549988
v 17.6149998 -10.2050037 89.1049957
v 17.4250011 -9.32000351 89.1549988
v 15.5 -10.425004 89.2900009
v 17.6149998 -10.2050037 89.1049957
v 15.5 -10.425004 89.2900009
v 17.4250011 -9.32000351 89.1549988
v 15.5 -9.52000427 89.3300018
v 13.5749998 -9.32000351 89.1549988
v 15.5 -10.425004 89.2900009
v 15.5 -9.52000427 89.3300018
v 15.5 -10.425004 89.2900009
v 13.5749998 -9.32000351 89.1549988
v 13.3849993 -10.2050037 89.1049957
v 12.0100002 -8.77000427 88.6349945
v 13.3849993 -10.2050037 89.1049957
v 13.5749998 -9.32000351 89.1549988
v 13.3849993 -10.2050037 89.1049957
v 12.0100002 -8.77000427 88.6349945
v 11.5950003 -9.58000374 88.5699997
v 11.21 -8.07500362 87.6949997
v 11.5950003 -9.58000374 88.5699997
v 12.0100002 -8.77000427 88.6349945
v 11.5950003 -9.58000374 88.5699997
v 11.21 -8.07500362 87.6949997
v 10.3950005 -8.64500427 87.7699966
v 11.21 -8.07500362 87.6949997
v 6.36499977 -3.81000328 76.3450012
v 10.3950005 -8.64500427 87.7699966
v 6.36499977 -3.81000328 76.3450012
v 11.21 -8.07500362 87.6949997
v 7.11499977 -3.3050034 76.375
v -6.15499973 2.46000314 -72.5750046
v -5.92500019 1.79000401 -94.5749969
v -6.15499973 2.46000409 -94.5749969
v -5.92500019 1.79000401 -94.5749969
v -6.15499973 2.46000314 -72.5750046
v -5.92500019 1.79000306 -72.5750046
v -5.92500019 1.79000306 -72.5750046
v -6.48500013 1.36500406 -94.5749969
v -5.92500019 1.79000401 -94.5749969
v -6.48500013 1.36500406 -94.5749969
v -5.92500019 1.79000306 -72.5750046
v -6.48500013 1.36500323 -72.5750046
v -6.48500013 1.36500323 -72.5750046
v -7.06499958 1.77000403 -94.5749969
v -6.48500013 1.36500406 -94.5749969
v -7.06499958 1.77000403 -94.5749969
v -6.48500013 1.36500323 -72.5750046
v -7.06499958 1.77000308 -72.5750046
v -7.06499958 1.77000308 -72.5750046
v -6.85999966 2.44500422 -94.5749969
v -7.06499958 1.77000403 -94.5749969
v -6.85999966 2.44500422 -94.5749969
v -7.06499958 1.77000308 -72.5750046
v -6.85999966 2.44500327 -72.5750046
v -6.85999966 2.44500327 -72.5750046
v -6.15499973 2.46000409 -94.5749969
v -6.85999966 2.44500422 -94.5749969
v -6.15499973 2.46000409 -94.5749969
v -6.85999966 2.44500327 -72.5750046
v -6.15499973 2.46000314 -72.5750046
v -18.2699986 -7.04999876 -29.9250011
v -12.6949997 -10.2999992 -23.3649998
v -17.5750008 -7.04999924 -22.9249992
v -12.6949997 -10.2999992 -23.3649998
v -18.2699986 -7.04999876 -29.9250011
v -13.3900003 -10.2999983 -31.2449989
v -13.3900003 -10.2999983 -31.2449989
v -10.04 -10.5599995 -23.5400009
v -12.6949997 -10.2999992 -23.3649998
v -10.04 -10.5599995 -23.5400009
v -13.3900003 -10.2999983 -31.2449989
v -9.35999966 -10.664999 -32.1150017
v -15.5 9.67999649 86.4400024
v -19.5349998 5.28499603 94.5649948
v -15.5 6.95499563 94.5649948
v -19.5349998 5.28499603 94.5649948
v -15.5 9.67999649 86.4400024
v -21.4599991 7.20999622 86.4400024
v -21.4599991 7.20999622 86.4400024
v -21.1899986 1.24999595 94.5749969
v -19.5349998 5.28499603 94.5649948
v -21.1899986 1.24999595 94.5749969
v -21.4599991 7.20999622 86.4400024
v -23.9300003 1.24999619 86.4400024
v -21.4599991 -4.71000385 86.4400024
v -21.1899986 1.24999595 94.5749969
v -23.9300003 1.24999619 86.4400024
v -21.1899986 1.24999595 94.5749969
v -21.4599991 -4.71000385 86.4400024
v -19.5349998 -2.78500414 94.5649948
v -15.5 -7.18000364 86.4400024
v -19.5349998 -2.78500414 94.5649948
v -21.4599991 -4.71000385 86.4400024
v -19.5349998 -2.78500414 94.5649948
v -15.5 -7.18000364 86.4400024
v -15.5 -4.45500422 94.5649948
v -15.5 9.7349968 76.8349991
v -21.4599991 7.20999622 86.4400024
v -15.5 9.67999649 86.4400024
v -21.4599991 7.20999622 86.4400024
v -15.5 9.7349968 76.8349991
v -21.5 7.24999619 76.8349991
v -21.5 7.24999619 76.8349991
v -23.9300003 1.24999619 86.4400024
v -21.4599991 7.20999622 86.4400024
v -23.9300003 1.24999619 86.4400024
v -21.5 7.24999619 76.8349991
v -23.9850006 1.24999666 76.8349991
v -21.5 -4.75000334 76.8349991
v -23.9300003 1.24999619 86.4400024
v -23.9850006 1.24999666 76.8349991
v -23.9300003 1.24999619 86.4400024
v -21.5 -4.75000334 76.8349991
v -21.4599991 -4.71000385 86.4400024
v -21.5 -4.75000334 76.8349991
v -15.5 -7.18000364 86.4400024
v -21.4599991 -4.71000385 86.4400024
v -15.5 -7.18000364 86.4400024
v -21.5 -4.75000334 76.8349991
v -15.5 -7.23500395 76.8349991
v -15.5 -7.23500395 76.8349991
v -9.53999996 -4.71000385 86.4400024
v -15.5 -7.18000364 86.4400024
v -9.53999996 -4.71000385 86.4400024
v -15.5 -4.45500422 94.5649948
v -15.5 -7.18000364 86.4400024
v -15.5 -4.45500422 94.5649948
v -9.53999996 -4.71000385 86.4400024
v -11.4650002 -2.78500414 94.5649948
v -7.06999969 1.24999619 86.4400024
v -11.4650002 -2.78500414 94.5649948
v -9.53999996 -4.71000385 86.4400024
v -11.4650002 -2.78500414 94.5649948
v -7.06999969 1.24999619 86.4400024
v -9.80999947 1.24999595 94.5749969
v -7.06999969 1.24999619 86.4400024
v -11.4650002 5.28499603 94.5649948
v -9.80999947 1.24999595 94.5749969
v -11.4650002 5.28499603 94.5649948
v -7.06999969 1.24999619 86.4400024
v -9.53999996 7.20999622 86.4400024
v -9.53999996 7.20999622 86.4400024
v -15.5 6.95499563 94.5649948
v -11.4650002 5.28499603 94.5649948
v -9.53999996 -4.71000385 86.4400024
v -15.5 -7.23500395 76.8349991
v -9.5 -4.75000334 76.8349991
v -9.5 -4.75000334 76.8349991
v -7.06999969 1.24999619 86.4400024
v -9.53999996 -4.71000385 86.4400024
v -7.06999969 1.24999619 86.4400024
v -9.5 -4.75000334 76.8349991
v -7.01500034 1.24999666 76.8349991
v -9.5 7.24999619 76.8349991
v -7.06999969 1.24999619 86.4400024
v -7.01500034 1.24999666 76.8349991
v -7.06999969 1.24999619 86.4400024
v -9.5 7.24999619 76.8349991
v -9.53999996 7.20999622 86.4400024
v -9.5 7.24999619 76.8349991
v -15.5 9.67999649 86.4400024
v -9.53999996 7.20999622 86.4400024
v -15.5 6.95499563 94.5649948
v -9.53999996 7.20999622 86.4400024
v -15.5 9.67999649 86.4400024
v -15.5 9.67999649 86.4400024
v -9.5 7.24999619 76.8349991
v -15.5 9.7349968 76.8349991
v -20.6350002 -3.99999881 -27.7249985
v -12.4899998 -6.96999931 -20.6750011
v -19.4250011 -3.99999905 -17.6750011
v -12.4899998 -6.96999931 -20.6750011
v -20.6350002 -3.99999881 -27.7249985
v -13.1600008 -6.91499853 -30.0049992
v -13.1600008 -6.91499853 -30.0049992
v -20.6350002 -3.99999881 -27.7249985
v -20.8150005 -3.76999855 -34.6150017
v -13.1600008 -6.91499853 -30.0049992
v -20.8150005 -3.76999855 -34.6150017
v -12.9899998 -6.26499891 -38.0400009
v -12.9899998 -6.26499891 -38.0400009
v -20.8150005 -3.76999855 -34.6150017
v -19.6999989 -3.09499812 -41.3850021
v -18.0349998 -2.24999809 -47.6749992
v -12.9899998 -6.26499891 -38.0400009
v -19.6999989 -3.09499812 -41.3850021
v -12.9899998 -6.26499891 -38.0400009
v -18.0349998 -2.24999809 -47.6749992
v -10.6399994 -4.21999788 -51.1749992
v -8.02000046 -2.46499729 -62.0899963
v -10.1750002 0.385002941 -67.625
v -7.06000042 -1.08499718 -64.6500015
v -10.1750002 0.385002941 -67.625
v -8.02000046 -2.46499729 -62.0899963
v -12.8699999 -0.594997168 -65.0449982
v -8.02000046 -2.46499729 -62.0899963
v -15.4949989 -1.67999756 -57.1749992
v -12.8699999 -0.594997168 -65.0449982
v -15.4949989 -1.67999756 -57.1749992
v -8.02000046 -2.46499729 -62.0899963
v -10.6349993 -3.61499786 -53.4250031
v -11.21 -8.07500362 87.6949997
v -6.36499977 -3.81000328 76.3450012
v -7.11499977 -3.3050034 76.375
v -6.36499977 -3.81000328 76.3450012
v -11.21 -8.07500362 87.6949997
v -10.3950005 -8.64500427 87.7699966
v -11.21 -8.07500362 87.6949997
v -11.5950003 -9.58000374 88.5699997
v -10.3950005 -8.64500427 87.7699966
v -11.5950003 -9.58000374 88.5699997
v -11.21 -8.07500362 87.6949997
v -12.0100002 -8.77000427 88.6349945
v -12.0100002 -8.77000427 88.6349945
v -13.3849993 -10.2050037 89.1049957
v -11.5950003 -9.58000374 88.5699997
v -13.3849993 -10.2050037 89.1049957
v -12.0100002 -8.77000427 88.6349945
v -13.5749998 -9.32000351 89.1549988
v -13.5749998 -9.32000351 89.1549988
v -15.5 -10.425004 89.2900009
v -13.3849993 -10.2050037 89.1049957
v -15.5 -10.425004 89.2900009
v -13.5749998 -9.32000351 89.1549988
v -15.5 -9.52000427 89.3300018
v -17.4250011 -9.32000351 89.1549988
v -15.5 -10.425004 89.2900009
v -15.5 -9.52000427 89.3300018
v -15.5 -10.425004 89.2900009
v -17.4250011 -9.32000351 89.1549988
v -17.6149998 -10.2050037 89.1049957
v -17.4250011 -9.32000351 89.1549988
v -19.7299995 -9.18000317 88.2300034
v -17.6149998 -10.2050037 89.1049957
v -19.7299995 -9.18000317 88.2300034
v -17.4250011 -9.32000351 89.1549988
v -19.2200012 -8.49000359 88.2350006
v -20.1199989 -7.40000391 86.6699982
v -19.7299995 -9.18000317 88.2300034
v -19.2200012 -8.49000359 88.2350006
v -19.7299995 -9.18000317 88.2300034
v -20.1199989 -7.40000391 86.6699982
v -20.9950008 -7.6200037 86.8950043
v -23.289999 -2.13500357 79.4599991
v -20.9950008 -7.6200037 86.8950043
v -20.1199989 -7.40000391 86.6699982
v -20.9950008 -7.6200037 86.8950043
v -23.289999 -2.13500357 79.4599991
v -24.4049988 -1.91000342 79.0799942
v -13.7700005 -5.9800005 10.835
v -10.7749996 1.24999976 5.56500006
v -10.7749996 1.24999952 10.835
v -10.7749996 1.24999976 5.56500006
v -13.7700005 -5.9800005 10.835
v -13.7700005 -5.9800005 5.56499958
v -21 -8.97500038 10.8349991
v -13.7700005 -5.9800005 5.56499958
v -13.7700005 -5.9800005 10.835
v -13.7700005 -5.9800005 5.56499958
v -21 -8.97500038 10.8349991
v -21 -8.97500038 5.56499958
v -28.2299995 -5.9800005 10.835
v -21 -8.97500038 5.56499958
v -21 -8.97500038 10.8349991
v -21 -8.97500038 5.56499958
v -28.2299995 -5.9800005 10.835
v -28.2299995 -5.9800005 5.56499958
v -31.2249985 1.24999952 10.835
v -28.2299995 -5.9800005 5.56499958
v -28.2299995 -5.9800005 10.835
v -28.2299995 -5.9800005 5.56499958
v -31.2249985 1.24999952 10.835
v -31.2249985 1.24999976 5.56500006
v -28.2299995 8.47999859 10.835
v -31.2249985 1.24999976 5.56500006
v -31.2249985 1.24999952 10.835
v -31.2249985 1.24999976 5.56500006
v -28.2299995 8.47999859 10.835
v -28.2299995 8.47999954 5.56500053
v -21 11.4749994 10.835001
v -28.2299995 8.47999954 5.56500053
v -28.2299995 8.47999859 10.835
v -28.2299995 8.47999954 5.56500053
v -21 11.4749994 10.835001
v -21 11.4749994 5.56500053
v -13.7700005 8.47999859 10.835
v -21 11.4749994 5.56500053
v -21 11.4749994 10.835001
v -21 11.4749994 5.56500053
v -13.7700005 8.47999859 10.835
v -13.7700005 8.47999954 5.56500053
v -10.7749996 1.24999952 10.835
v -13.7700005 8.47999954 5.56500053
v -13.7700005 8.47999859 10.835
v -13.7700005 8.47999954 5.56500053
v -10.7749996 1.24999952 10.835
v -10.7749996 1.24999976 5.56500006
v -26.1249981 6.18499804 43.0750008
v -15.875 6.18499804 45.4599991
v -15.875 6.18499804 43.0750008
v -15.875 6.18499804 45.4599991
v -26.1249981 6.18499804 43.0750008
v -26.1249981 6.18499804 45.4599991
v 5.26000023 -14.6250029 57.4599991
v -4.93499994 -14.6250029 55.0750008
v -4.93499994 -14.6250029 57.4599991
v -4.93499994 -14.6250029 55.0750008
v 5.26000023 -14.6250029 57.4599991
v 5.26000023 -14.6250029 55.0750008
v 5.26000023 -24.8750038 57.4599991
v 5.26000023 -14.6250029 55.0750008
v 5.26000023 -14.6250029 57.4599991
v 5.26000023 -14.6250029 55.0750008
v 5.26000023 -24.8750038 57.4599991
v 5.26000023 -24.8750038 55.0750008
v -6.18499994 7.43499756 53.5749969
v 0 9.99999714 65.5749969
v 0 9.99999809 53.5749969
v 0 9.99999714 65.5749969
v -6.18499994 7.43499756 53.5749969
v -6.18499994 7.43499708 65.5749969
v -8.75 1.24999774 53.5749969
v -6.18499994 7.43499708 65.5749969
v -6.18499994 7.43499756 53.5749969
v -6.18499994 7.43499708 65.5749969
v -8.75 1.24999774 53.5749969
v -8.75 1.24999714 65.5749969
v -6.18499994 -4.93500233 53.5749969
v -8.75 1.24999714 65.5749969
v -8.75 1.24999774 53.5749969
v -8.75 1.24999714 65.5749969
v -6.18499994 -4.93500233 53.5749969
v -6.18499994 -4.93500328 65.5749969
v -3.34500003 -6.82000303 65.5749969
v -6.18499994 -4.93500328 65.5749969
v -6.18499994 -4.93500233 53.5749969
v 0 -7.50000238 53.5749969
v -3.34500003 -6.82000303 65.5749969
v -6.18499994 -4.93500233 53.5749969
v 0 -7.50000238 53.5749969
v 0 -7.50000334 65.5749969
v -3.34500003 -6.82000303 65.5749969
v 0 -7.50000334 65.5749969
v 0 -7.50000238 53.5749969
v 2.84500003 -6.82000303 65.5749969
v 0 -7.50000238 53.5749969
v 6.18499994 -4.93500233 53.5749969
v 2.84500003 -6.82000303 65.5749969
v 2.84500003 -6.82000303 65.5749969
v 6.18499994 -4.93500233 53.5749969
v 6.18499994 -4.93500328 65.5749969
v 8.75 1.24999774 53.5749969
v 6.18499994 -4.93500328 65.5749969
v 6.18499994 -4.93500233 53.5749969
v 6.18499994 -4.93500328 65.5749969
v 8.75 1.24999774 53.5749969
v 8.75 1.24999714 65.5749969
v 6.18499994 7.43499756 53.5749969
v 8.75 1.24999714 65.5749969
v 8.75 1.24999774 53.5749969
v 8.75 1.24999714 65.5749969
v 6.18499994 7.43499756 53.5749969
v 6.18499994 7.43499708 65.5749969
v 0 9.99999809 53.5749969
v 6.18499994 7.43499708 65.5749969
v 6.18499994 7.43499756 53.5749969
v 6.18499994 7.43499708 65.5749969
v 0 9.99999809 53.5749969
v 0 9.99999714 65.5749969
v -20.6350002 3.00000119 -27.7249985
v -19.4250011 -3.99999905 -17.6750011
v -19.4250011 3.00000072 -17.6750011
v -19.4250011 -3.99999905 -17.6750011
v -20.6350002 3.00000119 -27.7249985
v -20.6350002 -3.99999881 -27.7249985
v -20.6350002 3.00000119 -27.7249985
v -20.8150005 -3.76999855 -34.6150017
v -20.6350002 -3.99999881 -27.7249985
v -20.8150005 -3.76999855 -34.6150017
v -20.6350002 3.00000119 -27.7249985
v -20.8100014 3.00000143 -34.6300011
v -20.8100014 3.00000143 -34.6300011
v -19.6999989 -3.09499812 -41.3850021
v -20.8150005 -3.76999855 -34.6150017
v -19.6999989 -3.09499812 -41.3850021
v -20.8100014 3.00000143 -34.6300011
v -19.6849995 3.00000191 -41.4449997
v -19.6849995 3.00000191 -41.4449997
v -18.0349998 -2.24999809 -47.6749992
v -19.6999989 -3.09499812 -41.3850021
v -18.0349998 -2.24999809 -47.6749992
v -19.6849995 3.00000191 -41.4449997
v -18.0349998 3.00000191 -47.6749992
v -19.4250011 -3.99999905 -17.6750011
v -12.4899998 5.97000074 -20.6750011
v -19.4250011 3.00000072 -17.6750011
v -12.4899998 5.97000074 -20.6750011
v -19.4250011 -3.99999905 -17.6750011
v -12.4899998 -6.96999931 -20.6750011
v -25.5 7.03499699 60.5750008
v -12.5 -4.53500271 59.5749969
v -25.5 -4.53500271 60.5750008
v -12.5 -4.53500271 59.5749969
v -25.5 7.03499699 60.5750008
v -12.5 7.03499746 59.5749969
v -6.5 7.03499699 62.7349968
v -12.5 -4.53500271 59.5749969
v -12.5 7.03499746 59.5749969
v -12.5 -4.53500271 59.5749969
v -6.5 7.03499699 62.7349968
v -6.5 -4.53500271 62.7349968
v -6.5 7.03499699 62.7349968
v 0 -4.53500319 64.0749969
v -6.5 -4.53500271 62.7349968
v 0 -4.53500319 64.0749969
v -6.5 7.03499699 62.7349968
v 0 7.03499699 64.0749969
v 6.5 7.03499699 62.7349968
v 0 -4.53500319 64.0749969
v 0 7.03499699 64.0749969
v 0 -4.53500319 64.0749969
v 6.5 7.03499699 62.7349968
v 6.5 -4.53500271 62.7349968
v 6.5 7.03499699 62.7349968
v 12.5 -4.53500271 59.5749969
v 6.5 -4.53500271 62.7349968
v 12.5 -4.53500271 59.5749969
v 6.5 7.03499699 62.7349968
v 12.5 7.03499746 59.5749969
v 25.5 7.03499699 60.5750008
v 12.5 -4.53500271 59.5749969
v 12.5 7.03499746 59.5749969
v 12.5 -4.53500271 59.5749969
v 25.5 7.03499699 60.5750008
v 25.5 -4.53500271 60.5750008
v -13 3.98499894 25.8250008
v -5 -1.48500121 28.3250008
v -5 3.98499894 28.3250008
v -5 -1.48500121 28.3250008
v -13 3.98499894 25.8250008
v -13 -1.48500109 25.8250008
v -13 -1.48500109 25.8250008
v -5 -1.48500061 14.0750008
v -5 -1.48500121 28.3250008
v -5 -1.48500061 14.0750008
v -13 -1.48500109 25.8250008
v -13 -1.48500061 14.0750008
v 15.875 6.18499804 45.4599991
v 26.1249981 6.18499804 43.0750008
v 15.875 6.18499804 43.0750008
v 26.1249981 6.18499804 43.0750008
v 15.875 6.18499804 45.4599991
v 26.1249981 6.18499804 45.4599991
v 13.3049994 -6.6899991 -23.3400002
v 17.5750008 -7.04999924 -22.9249992
v 17.5750008 -4.71999884 -22.9249992
v 17.5750008 -7.04999924 -22.9249992
v 13.3049994 -6.6899991 -23.3400002
v 12.6949997 -10.2999992 -23.3649998
v 12.6949997 -10.2999992 -23.3649998
v 13.3049994 -6.6899991 -23.3400002
v 10.04 -10.5599995 -23.5400009
v 5.08500004 -0.939997077 -66.1849976
v 9.39000034 0.700002909 -66.4950027
v 6.54999971 -0.939997196 -64.0049973
v 9.39000034 0.700002909 -66.4950027
v 5.08500004 -0.939997077 -66.1849976
v 6.6500001 0.700003088 -70.5800018
v 6.6500001 0.700003088 -70.5800018
v 9.39000034 2.45000291 -66.4950027
v 9.39000034 0.700002909 -66.4950027
v 9.39000034 2.45000291 -66.4950027
v 6.6500001 0.700003088 -70.5800018
v 6.59499979 2.45000315 -70.6600037
v 5.09000015 4.09000301 -66.1750031
v 9.39000034 2.45000291 -66.4950027
v 6.59499979 2.45000315 -70.6600037
v 9.39000034 2.45000291 -66.4950027
v 5.09000015 4.09000301 -66.1750031
v 6.54999971 4.09000301 -64.0049973
v 12.4899998 -6.96999931 -20.6750011
v 20.6350002 -3.99999881 -27.7249985
v 19.4250011 -3.99999905 -17.6750011
v 20.6350002 -3.99999881 -27.7249985
v 12.4899998 -6.96999931 -20.6750011
v 13.1600008 -6.91499853 -30.0049992
v 20.6350002 -3.99999881 -27.7249985
v 13.1600008 -6.91499853 -30.0049992
v 20.8150005 -3.76999855 -34.6150017
v 20.8150005 -3.76999855 -34.6150017
v 13.1600008 -6.91499853 -30.0049992
v 12.9899998 -6.26499891 -38.0400009
v 20.8150005 -3.76999855 -34.6150017
v 12.9899998 -6.26499891 -38.0400009
v 19.6999989 -3.09499812 -41.3850021
v 12.9899998 -6.26499891 -38.0400009
v 18.0349998 -2.24999809 -47.6749992
v 19.6999989 -3.09499812 -41.3850021
v 18.0349998 -2.24999809 -47.6749992
v 12.9899998 -6.26499891 -38.0400009
v 10.6399994 -4.21999788 -51.1749992
v 12.4899998 5.97000074 -20.6750011
v 19.4250011 -3.99999905 -17.6750011
v 19.4250011 3.00000072 -17.6750011
v 19.4250011 -3.99999905 -17.6750011
v 12.4899998 5.97000074 -20.6750011
v 12.4899998 -6.96999931 -20.6750011
v 7.06499958 1.77000368 -84.5749969
v 6.15499973 2.46000361 -84.5749969
v 6.85999966 2.44500375 -84.5749969
v 6.15499973 2.46000361 -84.5749969
v 7.06499958 1.77000368 -84.5749969
v 6.48500013 1.36500371 -84.5749969
v 6.48500013 1.36500371 -84.5749969
v 5.92500019 1.79000366 -84.5749969
v 6.15499973 2.46000361 -84.5749969
v -17.5750008 -7.04999924 -22.9249992
v -13.3049994 -6.6899991 -23.3400002
v -17.5750008 -4.71999884 -22.9249992
v -13.3049994 -6.6899991 -23.3400002
v -17.5750008 -7.04999924 -22.9249992
v -12.6949997 -10.2999992 -23.3649998
v -13.3049994 -6.6899991 -23.3400002
v -12.6949997 -10.2999992 -23.3649998
v -10.04 -10.5599995 -23.5400009
v -9.39000034 0.700002909 -66.4950027
v -5.08500004 -0.939997077 -66.1849976
v -6.54999971 -0.939997196 -64.0049973
v -5.08500004 -0.939997077 -66.1849976
v -9.39000034 0.700002909 -66.4950027
v -6.6500001 0.700003088 -70.5800018
v -9.39000034 2.45000291 -66.4950027
v -6.6500001 0.700003088 -70.5800018
v -9.39000034 0.700002909 -66.4950027
v -6.6500001 0.700003088 -70.5800018
v -9.39000034 2.45000291 -66.4950027
v -6.59499979 2.45000315 -70.6600037
v -9.39000034 2.45000291 -66.4950027
v -5.09000015 4.09000301 -66.1750031
v -6.59499979 2.45000315 -70.6600037
v -5.09000015 4.09000301 -66.1750031
v -9.39000034 2.45000291 -66.4950027
v -6.54999971 4.09000301 -64.0049973
v -8.02000046 5.28000259 -62.0899963
v -15.4949989 2.68000245 -57.1749992
v -10.6349993 5.36500216 -53.4250031
v -15.4949989 2.68000245 -57.1749992
v -8.02000046 5.28000259 -62.0899963
v -12.8699999 2.7100029 -65.0449982
v -8.02000046 5.28000259 -62.0899963
v -10.1750002 2.67500305 -67.625
v -12.8699999 2.7100029 -65.0449982
v -10.1750002 2.67500305 -67.625
v -8.02000046 5.28000259 -62.0899963
v -7.06499958 4.36000299 -64.6549988
v -14.7349997 7.51499987 0.825000346
v -12.1449995 1.24999821 43.0750008
v -12.1449995 1.25 0.825000107
v -12.1449995 1.24999821 43.0750008
v -14.7349997 7.51499987 0.825000346
v -14.7349997 7.51499748 43.0750008
v -21 10.1049995 0.825000465
v -14.7349997 7.51499748 43.0750008
v -14.7349997 7.51499987 0.825000346
v -14.7349997 7.51499748 43.0750008
v -21 10.1049995 0.825000465
v -21 10.1049976 43.0750008
v -27.2649994 7.51499987 0.825000346
v -21 10.1049976 43.0750008
v -21 10.1049995 0.825000465
v -21 10.1049976 43.0750008
v -27.2649994 7.51499987 0.825000346
v -27.2649994 7.51499748 43.0750008
v -29.8550014 1.25 0.825000107
v -27.2649994 7.51499748 43.0750008
v -27.2649994 7.51499987 0.825000346
v -27.2649994 7.51499748 43.0750008
v -29.8550014 1.25 0.825000107
v -29.8550014 1.24999821 43.0750008
v -27.2649994 -5.01499987 0.824999809
v -29.8550014 1.24999821 43.0750008
v -29.8550014 1.25 0.825000107
v -29.8550014 1.24999821 43.0750008
v -27.2649994 -5.01499987 0.824999809
v -27.2649994 -5.01500177 43.0750008
v -21 -7.60500002 0.82499963
v -27.2649994 -5.01500177 43.0750008
v -27.2649994 -5.01499987 0.824999809
v -27.2649994 -5.01500177 43.0750008
v -21 -7.60500002 0.82499963
v -21 -7.60500193 43.0750008
v -14.7349997 -5.01499987 0.824999809
v -21 -7.60500193 43.0750008
v -21 -7.60500002 0.82499963
v -21 -7.60500193 43.0750008
v -14.7349997 -5.01499987 0.824999809
v -14.7349997 -5.01500177 43.0750008
v -12.1449995 1.25 0.825000107
v -14.7349997 -5.01500177 43.0750008
v -14.7349997 -5.01499987 0.824999809
v -14.7349997 -5.01500177 43.0750008
v -12.1449995 1.25 0.825000107
v -12.1449995 1.24999821 43.0750008
v -26.1249981 -4.01000214 43.0750008
v -26.1249981 6.18499804 45.4599991
v -26.1249981 6.18499804 43.0750008
v -26.1249981 6.18499804 45.4599991
v -26.1249981 -4.01000214 43.0750008
v -26.1249981 -4.01000214 45.4599991
v 7.23000002 -12.5200014 22.8349991
v 0 -9.52500153 17.5650005
v 0 -9.52500153 22.8349991
v 0 -9.52500153 17.5650005
v 7.23000002 -12.5200014 22.8349991
v 7.23000002 -12.5200014 17.5650005
v 10.2250004 -19.7500019 22.8349991
v 7.23000002 -12.5200014 17.5650005
v 7.23000002 -12.5200014 22.8349991
v 7.23000002 -12.5200014 17.5650005
v 10.2250004 -19.7500019 22.8349991
v 10.2250004 -19.7500019 17.5649986
v 7.23000002 -26.9800014 22.8349991
v 10.2250004 -19.7500019 17.5649986
v 10.2250004 -19.7500019 22.8349991
v 10.2250004 -19.7500019 17.5649986
v 7.23000002 -26.9800014 22.8349991
v 7.23000002 -26.9800014 17.5649986
v 0 -29.9750004 22.8349991
v 7.23000002 -26.9800014 17.5649986
v 7.23000002 -26.9800014 22.8349991
v 7.23000002 -26.9800014 17.5649986
v 0 -29.9750004 22.8349991
v 0 -29.9750004 17.5649986
v -7.23000002 -26.9800014 22.8349991
v 0 -29.9750004 17.5649986
v 0 -29.9750004 22.8349991
v 0 -29.9750004 17.5649986
v -7.23000002 -26.9800014 22.8349991
v -7.23000002 -26.9800014 17.5649986
v -10.2250004 -19.7500019 22.8349991
v -7.23000002 -26.9800014 17.5649986
v -7.23000002 -26.9800014 22.8349991
v -7.23000002 -26.9800014 17.5649986
v -10.2250004 -19.7500019 22.8349991
v -10.2250004 -19.7500019 17.5649986
v -7.23000002 -12.5200014 22.8349991
v -10.2250004 -19.7500019 17.5649986
v -10.2250004 -19.7500019 22.8349991
v -10.2250004 -19.7500019 17.5649986
v -7.23000002 -12.5200014 22.8349991
v -7.23000002 -12.5200014 17.5650005
v 0 -9.52500153 22.8349991
v -7.23000002 -12.5200014 17.5650005
v -7.23000002 -12.5200014 22.8349991
v -7.23000002 -12.5200014 17.5650005
v 0 -9.52500153 22.8349991
v 0 -9.52500153 17.5650005
v -4.93499994 -24.8750038 55.0750008
v -4.93499994 -14.6250029 57.4599991
v -4.93499994 -14.6250029 55.0750008
v -4.93499994 -14.6250029 57.4599991
v -4.93499994 -24.8750038 55.0750008
v -4.93499994 -24.8750038 57.4599991
v 5.88000011 -0.869997025 -68.7750015
v -5.88000011 4.62000275 -68.7750015
v 5.88000011 4.62000275 -68.7750015
v -5.88000011 4.62000275 -68.7750015
v 5.88000011 -0.869997025 -68.7750015
v -5.88000011 -0.869997025 -68.7750015
v 3.2249999 -3.88499689 -65.9199982
v -5.88000011 -0.869997025 -68.7750015
v 5.88000011 -0.869997025 -68.7750015
v -5.88000011 -0.869997025 -68.7750015
v 3.2249999 -3.88499689 -65.9199982
v -3.2249999 -3.88499689 -65.9199982
v -5.48500013 -3.72999716 -64.4599991
v -5.88000011 -0.869997025 -68.7750015
v -3.2249999 -3.88499689 -65.9199982
v -5.88000011 -0.869997025 -68.7750015
v -5.48500013 -3.72999716 -64.4599991
v -13.7600002 -7.26499796 -45.1749992
v -5.48500013 -3.72999716 -64.4599991
v -3.95499992 -8.46999836 -59.4900017
v -13.7600002 -7.26499796 -45.1749992
v -8.96500015 -10.6349974 -45.1749992
v -13.7600002 -7.26499796 -45.1749992
v -3.95499992 -8.46999836 -59.4900017
v -8.96500015 -10.6349974 -45.1749992
v -14.0599995 -8.36999893 -19.4150009
v -13.7600002 -7.26499796 -45.1749992
v 5.88000011 -0.869997025 -68.7750015
v 5.48500013 -3.72999716 -64.4599991
v 3.2249999 -3.88499689 -65.9199982
v 3.2249999 -3.88499689 -65.9199982
v 5.48500013 -3.72999716 -64.4599991
v 3.95499992 -8.46999836 -59.4900017
v -3.95499992 -8.46999836 -59.4900017
v 3.2249999 -3.88499689 -65.9199982
v 3.95499992 -8.46999836 -59.4900017
v 3.2249999 -3.88499689 -65.9199982
v -3.95499992 -8.46999836 -59.4900017
v -3.2249999 -3.88499689 -65.9199982
v -5.48500013 -3.72999716 -64.4599991
v -3.2249999 -3.88499689 -65.9199982
v -3.95499992 -8.46999836 -59.4900017
v 5.48500013 -3.72999716 -64.4599991
v 5.88000011 -0.869997025 -68.7750015
v 13.7600002 -7.26499796 -45.1749992
v 3.95499992 -8.46999836 -59.4900017
v 5.48500013 -3.72999716 -64.4599991
v 13.7600002 -7.26499796 -45.1749992
v 13.7600002 -7.26499796 -45.1749992
v 8.96500015 -10.6349974 -45.1749992
v 3.95499992 -8.46999836 -59.4900017
v 8.96500015 -10.6349974 -45.1749992
v -3.95499992 -8.46999836 -59.4900017
v 3.95499992 -8.46999836 -59.4900017
v -3.95499992 -8.46999836 -59.4900017
v 8.96500015 -10.6349974 -45.1749992
v -8.96500015 -10.6349974 -45.1749992
v 8.96500015 -10.6349974 -45.1749992
v -8.96500015 -11.6449986 -19.1750011
v -8.96500015 -10.6349974 -45.1749992
v -14.0599995 -8.36999893 -19.4150009
v -8.96500015 -10.6349974 -45.1749992
v -8.96500015 -11.6449986 -19.1750011
v 14.0599995 -8.36999893 -19.4150009
v 8.96500015 -10.6349974 -45.1749992
v 13.7600002 -7.26499796 -45.1749992
v 8.96500015 -10.6349974 -45.1749992
v 14.0599995 -8.36999893 -19.4150009
v 8.96500015 -11.6449986 -19.1750011
v -8.96500015 -11.6449986 -19.1750011
v 8.96500015 -10.6349974 -45.1749992
v 8.96500015 -11.6449986 -19.1750011
v -18.0349998 3.00000191 -47.6749992
v -10.6399994 -4.21999788 -51.1749992
v -18.0349998 -2.24999809 -47.6749992
v -10.6399994 -4.21999788 -51.1749992
v -18.0349998 3.00000191 -47.6749992
v -10.6399994 5.97000217 -51.1749992
v -13 -1.48500061 14.0750008
v -5 3.98499918 14.0750008
v -5 -1.48500061 14.0750008
v -5 3.98499918 14.0750008
v -13 -1.48500061 14.0750008
v -13 3.98499918 14.0750008
v 5 -1.48500121 28.3250008
v 13 3.98499894 25.8250008
v 5 3.98499894 28.3250008
v 13 3.98499894 25.8250008
v 5 -1.48500121 28.3250008
v 13 -1.48500109 25.8250008
v 5 -1.48500061 14.0750008
v 13 -1.48500109 25.8250008
v 5 -1.48500121 28.3250008
v 13 -1.48500109 25.8250008
v 5 -1.48500061 14.0750008
v 13 -1.48500061 14.0750008
v 12.1449995 1.24999821 43.0750008
v 14.7349997 7.51499987 0.825000346
v 12.1449995 1.25 0.825000107
v 14.7349997 7.51499987 0.825000346
v 12.1449995 1.24999821 43.0750008
v 14.7349997 7.51499748 43.0750008
v 14.7349997 7.51499748 43.0750008
v 21 10.1049995 0.825000465
v 14.7349997 7.51499987 0.825000346
v 21 10.1049995 0.825000465
v 14.7349997 7.51499748 43.0750008
v 21 10.1049976 43.0750008
v 21 10.1049976 43.0750008
v 27.2649994 7.51499987 0.825000346
v 21 10.1049995 0.825000465
v 27.2649994 7.51499987 0.825000346
v 21 10.1049976 43.0750008
v 27.2649994 7.51499748 43.0750008
v 27.2649994 7.51499748 43.0750008
v 29.8550014 1.25 0.825000107
v 27.2649994 7.51499987 0.825000346
v 29.8550014 1.25 0.825000107
v 27.2649994 7.51499748 43.0750008
v 29.8550014 1.24999821 43.0750008
v 29.8550014 1.24999821 43.0750008
v 27.2649994 -5.01499987 0.824999809
v 29.8550014 1.25 0.825000107
v 27.2649994 -5.01499987 0.824999809
v 29.8550014 1.24999821 43.0750008
v 27.2649994 -5.01500177 43.0750008
v 27.2649994 -5.01500177 43.0750008
v 21 -7.60500002 0.82499963
v 27.2649994 -5.01499987 0.824999809
v 21 -7.60500002 0.82499963
v 27.2649994 -5.01500177 43.0750008
v 21 -7.60500193 43.0750008
v 21 -7.60500193 43.0750008
v 14.7349997 -5.01499987 0.824999809
v 21 -7.60500002 0.82499963
v 14.7349997 -5.01499987 0.824999809
v 21 -7.60500193 43.0750008
v 14.7349997 -5.01500177 43.0750008
v 14.7349997 -5.01500177 43.0750008
v 12.1449995 1.25 0.825000107
v 14.7349997 -5.01499987 0.824999809
v 12.1449995 1.25 0.825000107
v 14.7349997 -5.01500177 43.0750008
v 12.1449995 1.24999821 43.0750008
v 26.1249981 6.18499804 45.4599991
v 26.1249981 -4.01000214 43.0750008
v 26.1249981 6.18499804 43.0750008
v 26.1249981 -4.01000214 43.0750008
v 26.1249981 6.18499804 45.4599991
v 26.1249981 -4.01000214 45.4599991
v 17.5750008 -7.04999924 -22.9249992
v 18.2699986 -4.71999884 -29.9250011
v 17.5750008 -4.71999884 -22.9249992
v 18.2699986 -4.71999884 -29.9250011
v 17.5750008 -7.04999924 -22.9249992
v 18.2699986 -7.04999876 -29.9250011
v 10.6399994 -4.21999788 -51.1749992
v 18.0349998 3.00000191 -47.6749992
v 18.0349998 -2.24999809 -47.6749992
v 18.0349998 3.00000191 -47.6749992
v 10.6399994 -4.21999788 -51.1749992
v 10.6399994 5.97000217 -51.1749992
v 15.4949989 2.68000245 -57.1749992
v 8.02000046 5.28000259 -62.0899963
v 10.6349993 5.36500216 -53.4250031
v 8.02000046 5.28000259 -62.0899963
v 15.4949989 2.68000245 -57.1749992
v 12.8699999 2.7100029 -65.0449982
v 10.1750002 2.67500305 -67.625
v 8.02000046 5.28000259 -62.0899963
v 12.8699999 2.7100029 -65.0449982
v 8.02000046 5.28000259 -62.0899963
v 10.1750002 2.67500305 -67.625
v 7.06499958 4.36000299 -64.6549988
v -10.7749996 1.24999857 32.5650024
v -13.7700005 8.47999859 37.8349991
v -10.7749996 1.24999833 37.8349991
v -13.7700005 8.47999859 37.8349991
v -10.7749996 1.24999857 32.5650024
v -13.7700005 8.47999859 32.5650024
v -13.7700005 8.47999859 32.5650024
v -21 11.4749985 37.8349991
v -13.7700005 8.47999859 37.8349991
v -21 11.4749985 37.8349991
v -13.7700005 8.47999859 32.5650024
v -21 11.4749985 32.5650024
v -21 11.4749985 32.5650024
v -28.2299995 8.47999859 37.8349991
v -21 11.4749985 37.8349991
v -28.2299995 8.47999859 37.8349991
v -21 11.4749985 32.5650024
v -28.2299995 8.47999859 32.5650024
v -28.2299995 8.47999859 32.5650024
v -31.2249985 1.24999833 37.8349991
v -28.2299995 8.47999859 37.8349991
v -31.2249985 1.24999833 37.8349991
v -28.2299995 8.47999859 32.5650024
v -31.2249985 1.24999857 32.5650024
v -31.2249985 1.24999857 32.5650024
v -28.2299995 -5.98000145 37.8349991
v -31.2249985 1.24999833 37.8349991
v -28.2299995 -5.98000145 37.8349991
v -31.2249985 1.24999857 32.5650024
v -28.2299995 -5.98000145 32.5650024
v -28.2299995 -5.98000145 32.5650024
v -21 -8.97500134 37.8349991
v -28.2299995 -5.98000145 37.8349991
v -21 -8.97500134 37.8349991
v -28.2299995 -5.98000145 32.5650024
v -21 -8.97500134 32.5650024
v -21 -8.97500134 32.5650024
v -13.7700005 -5.98000145 37.8349991
v -21 -8.97500134 37.8349991
v -13.7700005 -5.98000145 37.8349991
v -21 -8.97500134 32.5650024
v -13.7700005 -5.98000145 32.5650024
v -13.7700005 -5.98000145 32.5650024
v -10.7749996 1.24999833 37.8349991
v -13.7700005 -5.98000145 37.8349991
v -10.7749996 1.24999833 37.8349991
v -13.7700005 -5.98000145 32.5650024
v -10.7749996 1.24999857 32.5650024
v 0 -0.849996805 -74.8399963
v -3 -2.05999684 -72.125
v -3.08999991 -0.669996738 -74.9000015
v -3 -2.05999684 -72.125
v 0 -0.849996805 -74.8399963
v 0 -2.05999684 -72.4250031
v 0 -2.92499709 -69.6100006
v -3 -2.05999684 -72.125
v 0 -2.05999684 -72.4250031
v -3 -2.05999684 -72.125
v 0 -2.92499709 -69.6100006
v -3.5 -2.92499709 -69.6100006
v 3.08999991 -0.669996738 -74.9000015
v 0 -2.05999684 -72.4250031
v 0 -0.849996805 -74.8399963
v 0 -2.05999684 -72.4250031
v 3.08999991 -0.669996738 -74.9000015
v 3 -2.05999684 -72.125
v 3 -2.05999684 -72.125
v 0 -2.92499709 -69.6100006
v 0 -2.05999684 -72.4250031
v 0 -2.92499709 -69.6100006
v 3 -2.05999684 -72.125
v 3.5 -2.92499709 -69.6100006
v 3.5 -4.08999681 -63.9249992
v 0 -2.92499709 -69.6100006
v 3.5 -2.92499709 -69.6100006
v 0 -2.92499709 -69.6100006
v 3.5 -4.08999681 -63.9249992
v 0 -4.08999681 -63.9249992
v 0 -4.08999681 -63.9249992
v -3.5 -2.92499709 -69.6100006
v 0 -2.92499709 -69.6100006
v -3.5 -2.92499709 -69.6100006
v 0 -4.08999681 -63.9249992
v -3.5 -4.08999681 -63.9249992
v -4 -1.03999722 -63.9249992
v -3.5 -2.92499709 -69.6100006
v -3.5 -4.08999681 -63.9249992
v -3.5 -2.92499709 -69.6100006
v -4 -1.03999722 -63.9249992
v -4 -0.869996965 -69.6100006
v -3 -2.05999684 -72.125
v -3.5 -2.92499709 -69.6100006
v -4 -0.869996965 -69.6100006
v -3 -2.05999684 -72.125
v -4 -0.869996965 -69.6100006
v -3.08999991 -0.669996738 -74.9000015
v 3.5 -2.92499709 -69.6100006
v 4 -1.03999722 -63.9249992
v 3.5 -4.08999681 -63.9249992
v 4 -1.03999722 -63.9249992
v 3.5 -2.92499709 -69.6100006
v 4 -0.869996965 -69.6100006
v 3.5 -2.92499709 -69.6100006
v 3 -2.05999684 -72.125
v 4 -0.869996965 -69.6100006
v 3 -2.05999684 -72.125
v 3.08999991 -0.669996738 -74.9000015
v 4 -0.869996965 -69.6100006
v -18.2699986 -4.71999884 -29.9250011
v -17.5750008 -7.04999924 -22.9249992
v -17.5750008 -4.71999884 -22.9249992
v -17.5750008 -7.04999924 -22.9249992
v -18.2699986 -4.71999884 -29.9250011
v -18.2699986 -7.04999876 -29.9250011
v -10.6349993 -3.61499786 -53.4250031
v -15.4949989 2.68000245 -57.1749992
v -15.4949989 -1.67999756 -57.1749992
v -15.4949989 2.68000245 -57.1749992
v -10.6349993 -3.61499786 -53.4250031
v -10.6349993 5.36500216 -53.4250031
v -26.1249981 -4.01000214 45.4599991
v -15.875 6.18499804 45.4599991
v -26.1249981 6.18499804 45.4599991
v -15.875 6.18499804 45.4599991
v -26.1249981 -4.01000214 45.4599991
v -15.875 -4.01000214 45.4599991
v 7.23000002 -12.5200014 49.8349991
v 7.23000002 -26.9800034 49.8349991
v 10.2250004 -19.7500019 49.8349991
v 0 -9.52500248 49.8349991
v 7.23000002 -26.9800034 49.8349991
v 7.23000002 -12.5200014 49.8349991
v 7.23000002 -26.9800034 49.8349991
v 0 -9.52500248 49.8349991
v 0 -29.9750023 49.8349991
v 0 -9.52500248 49.8349991
v -7.23000002 -26.9800034 49.8349991
v 0 -29.9750023 49.8349991
v -7.23000002 -26.9800034 49.8349991
v 0 -9.52500248 49.8349991
v -7.23000002 -12.5200014 49.8349991
v -7.23000002 -26.9800034 49.8349991
v -7.23000002 -12.5200014 49.8349991
v -10.2250004 -19.7500019 49.8349991
v 7.23000002 -26.9800034 44.5650024
v 7.23000002 -12.5200014 44.5650024
v 10.2250004 -19.7500019 44.5650024
v 0 -29.9750023 44.5650024
v 7.23000002 -12.5200014 44.5650024
v 7.23000002 -26.9800034 44.5650024
v 7.23000002 -12.5200014 44.5650024
v 0 -29.9750023 44.5650024
v 0 -9.52500248 44.5650024
v 0 -29.9750023 44.5650024
v -7.23000002 -12.5200014 44.5650024
v 0 -9.52500248 44.5650024
v -7.23000002 -12.5200014 44.5650024
v 0 -29.9750023 44.5650024
v -7.23000002 -26.9800034 44.5650024
v -7.23000002 -12.5200014 44.5650024
v -7.23000002 -26.9800034 44.5650024
v -10.2250004 -19.7500019 44.5650024
v -6.26500034 -26.0150013 55.0750008
v -6.26500034 -13.4850025 55.0750008
v -8.8550005 -19.7500038 55.0750008
v -6.26500034 -26.0150013 55.0750008
v 0 -10.8950024 55.0750008
v -6.26500034 -13.4850025 55.0750008
v 0 -10.8950024 55.0750008
v -6.26500034 -26.0150013 55.0750008
v 0 -28.6050014 55.0750008
v 6.26500034 -26.0150013 55.0750008
v 0 -10.8950024 55.0750008
v 0 -28.6050014 55.0750008
v 0 -10.8950024 55.0750008
v 6.26500034 -26.0150013 55.0750008
v 6.26500034 -13.4850025 55.0750008
v 6.26500034 -13.4850025 55.0750008
v 6.26500034 -26.0150013 55.0750008
v 8.8550005 -19.7500038 55.0750008
v -6.26500034 -13.4849997 12.8250008
v -6.26500034 -26.0149994 12.8249989
v -8.8550005 -19.75 12.8249989
v -6.26500034 -13.4849997 12.8250008
v 0 -28.6049995 12.8249989
v -6.26500034 -26.0149994 12.8249989
v 0 -28.6049995 12.8249989
v -6.26500034 -13.4849997 12.8250008
v 0 -10.8950005 12.8250008
v 0 -10.8950005 12.8250008
v 6.26500034 -26.0149994 12.8249989
v 0 -28.6049995 12.8249989
v 6.26500034 -26.0149994 12.8249989
v 0 -10.8950005 12.8250008
v 6.26500034 -13.4849997 12.8250008
v 6.26500034 -26.0149994 12.8249989
v 6.26500034 -13.4849997 12.8250008
v 8.8550005 -19.75 12.8249989
v -7.23000002 -26.9800014 22.8349991
v -7.23000002 -12.5200014 22.8349991
v -10.2250004 -19.7500019 22.8349991
v -7.23000002 -26.9800014 22.8349991
v 0 -9.52500153 22.8349991
v -7.23000002 -12.5200014 22.8349991
v 0 -9.52500153 22.8349991
v -7.23000002 -26.9800014 22.8349991
v 0 -29.9750004 22.8349991
v 7.23000002 -26.9800014 22.8349991
v 0 -9.52500153 22.8349991
v 0 -29.9750004 22.8349991
v 0 -9.52500153 22.8349991
v 7.23000002 -26.9800014 22.8349991
v 7.23000002 -12.5200014 22.8349991
v 7.23000002 -12.5200014 22.8349991
v 7.23000002 -26.9800014 22.8349991
v 10.2250004 -19.7500019 22.8349991
v -7.23000002 -12.5200014 17.5650005
v -7.23000002 -26.9800014 17.5649986
v -10.2250004 -19.7500019 17.5649986
v -7.23000002 -12.5200014 17.5650005
v 0 -29.9750004 17.5649986
v -7.23000002 -26.9800014 17.5649986
v 0 -29.9750004 17.5649986
v -7.23000002 -12.5200014 17.5650005
v 0 -9.52500153 17.5650005
v 7.23000002 -12.5200014 17.5650005
v 0 -29.9750004 17.5649986
v 0 -9.52500153 17.5650005
v 0 -29.9750004 17.5649986
v 7.23000002 -12.5200014 17.5650005
v 7.23000002 -26.9800014 17.5649986
v 7.23000002 -26.9800014 17.5649986
v 7.23000002 -12.5200014 17.5650005
v 10.2250004 -19.7500019 17.5649986
v -8.75 1.24999774 53.5749969
v -6.18499994 7.43499994 -6.17499924
v -8.75 1.25000024 -6.17499971
v -6.18499994 7.43499994 -6.17499924
v -8.75 1.24999774 53.5749969
v -6.18499994 7.43499756 53.5749969
v -6.18499994 7.43499756 53.5749969
v 0 10 -6.17499924
v -6.18499994 7.43499994 -6.17499924
v 0 10 -6.17499924
v -6.18499994 7.43499756 53.5749969
v 0 9.99999809 53.5749969
v 0 9.99999809 53.5749969
v 6.18499994 7.43499994 -6.17499924
v 0 10 -6.17499924
v 6.18499994 7.43499994 -6.17499924
v 0 9.99999809 53.5749969
v 6.18499994 7.43499756 53.5749969
v 6.18499994 7.43499756 53.5749969
v 8.75 1.25000024 -6.17499971
v 6.18499994 7.43499994 -6.17499924
v 8.75 1.25000024 -6.17499971
v 6.18499994 7.43499756 53.5749969
v 8.75 1.24999774 53.5749969
v -6.18499994 -4.93499994 -6.17500019
v -8.75 1.24999774 53.5749969
v -8.75 1.25000024 -6.17499971
v -8.75 1.24999774 53.5749969
v -6.18499994 -4.93499994 -6.17500019
v -6.18499994 -4.93500233 53.5749969
v 0 -7.50000048 -6.17500019
v -6.18499994 -4.93500233 53.5749969
v -6.18499994 -4.93499994 -6.17500019
v -6.18499994 -4.93500233 53.5749969
v 0 -7.50000048 -6.17500019
v 0 -7.50000238 53.5749969
v 6.18499994 -4.93499994 -6.17500019
v 0 -7.50000238 53.5749969
v 0 -7.50000048 -6.17500019
v 0 -7.50000238 53.5749969
v 6.18499994 -4.93499994 -6.17500019
v 6.18499994 -4.93500233 53.5749969
v 8.75 1.25000024 -6.17499971
v 6.18499994 -4.93500233 53.5749969
v 6.18499994 -4.93499994 -6.17500019
v 6.18499994 -4.93500233 53.5749969
v 8.75 1.25000024 -6.17499971
v 8.75 1.24999774 53.5749969
v 6.18499994 7.43499994 -6.17499924
v -6.18499994 7.43499994 -6.17499924
v 0 10 -6.17499924
v 6.18499994 7.43499994 -6.17499924
v -8.75 1.25000024 -6.17499971
v -6.18499994 7.43499994 -6.17499924
v -8.75 1.25000024 -6.17499971
v 6.18499994 7.43499994 -6.17499924
v 8.75 1.25000024 -6.17499971
v 8.75 1.25000024 -6.17499971
v -6.18499994 -4.93499994 -6.17500019
v -8.75 1.25000024 -6.17499971
v -6.18499994 -4.93499994 -6.17500019
v 8.75 1.25000024 -6.17499971
v 6.18499994 -4.93499994 -6.17500019
v -6.18499994 -4.93499994 -6.17500019
v 6.18499994 -4.93499994 -6.17500019
v 0 -7.50000048 -6.17500019
v 0 -7.50000334 65.5749969
v 2.84500003 -6.82000303 65.5749969
v -3.34500003 -6.82000303 65.5749969
v 6.18499994 -4.93500328 65.5749969
v -3.34500003 -6.82000303 65.5749969
v 2.84500003 -6.82000303 65.5749969
v -3.34500003 -6.82000303 65.5749969
v 6.18499994 -4.93500328 65.5749969
v -6.18499994 -4.93500328 65.5749969
v 8.75 1.24999714 65.5749969
v -6.18499994 -4.93500328 65.5749969
v 6.18499994 -4.93500328 65.5749969
v -6.18499994 -4.93500328 65.5749969
v 8.75 1.24999714 65.5749969
v -8.75 1.24999714 65.5749969
v 8.75 1.24999714 65.5749969
v -6.18499994 7.43499708 65.5749969
v -8.75 1.24999714 65.5749969
v -6.18499994 7.43499708 65.5749969
v 8.75 1.24999714 65.5749969
v 6.18499994 7.43499708 65.5749969
v 6.18499994 7.43499708 65.5749969
v 0 9.99999714 65.5749969
v -6.18499994 7.43499708 65.5749969
v 28.2299995 -5.98000145 37.8349991
v 13.7700005 -5.98000145 37.8349991
v 21 -8.97500134 37.8349991
v 28.2299995 -5.98000145 37.8349991
v 10.7749996 1.24999833 37.8349991
v 13.7700005 -5.98000145 37.8349991
v 10.7749996 1.24999833 37.8349991
v 28.2299995 -5.98000145 37.8349991
v 31.2249985 1.24999833 37.8349991
v 28.2299995 8.47999859 37.8349991
v 10.7749996 1.24999833 37.8349991
v 31.2249985 1.24999833 37.8349991
v 10.7749996 1.24999833 37.8349991
v 28.2299995 8.47999859 37.8349991
v 13.7700005 8.47999859 37.8349991
v 13.7700005 8.47999859 37.8349991
v 28.2299995 8.47999859 37.8349991
v 21 11.4749985 37.8349991
v 13.7700005 -5.98000145 32.5650024
v 28.2299995 -5.98000145 32.5650024
v 21 -8.97500134 32.5650024
v 13.7700005 -5.98000145 32.5650024
v 31.2249985 1.24999857 32.5650024
v 28.2299995 -5.98000145 32.5650024
v 31.2249985 1.24999857 32.5650024
v 13.7700005 -5.98000145 32.5650024
v 10.7749996 1.24999857 32.5650024
v 13.7700005 8.47999859 32.5650024
v 31.2249985 1.24999857 32.5650024
v 10.7749996 1.24999857 32.5650024
v 31.2249985 1.24999857 32.5650024
v 13.7700005 8.47999859 32.5650024
v 28.2299995 8.47999859 32.5650024
v 28.2299995 8.47999859 32.5650024
v 13.7700005 8.47999859 32.5650024
v 21 11.4749985 32.5650024
v 13.7700005 8.47999859 10.835
v 28.2299995 8.47999859 10.835
v 21 11.4749994 10.835001
v 10.7749996 1.24999952 10.835
v 28.2299995 8.47999859 10.835
v 13.7700005 8.47999859 10.835
v 28.2299995 8.47999859 10.835
v 10.7749996 1.24999952 10.835
v 31.2249985 1.24999952 10.835
v 10.7749996 1.24999952 10.835
v 28.2299995 -5.9800005 10.835
v 31.2249985 1.24999952 10.835
v 28.2299995 -5.9800005 10.835
v 10.7749996 1.24999952 10.835
v 13.7700005 -5.9800005 10.835
v 28.2299995 -5.9800005 10.835
v 13.7700005 -5.9800005 10.835
v 21 -8.97500038 10.8349991
v 28.2299995 8.47999954 5.56500053
v 13.7700005 8.47999954 5.56500053
v 21 11.4749994 5.56500053
v 31.2249985 1.24999976 5.56500006
v 13.7700005 8.47999954 5.56500053
v 28.2299995 8.47999954 5.56500053
v 13.7700005 8.47999954 5.56500053
v 31.2249985 1.24999976 5.56500006
v 10.7749996 1.24999976 5.56500006
v 31.2249985 1.24999976 5.56500006
v 13.7700005 -5.9800005 5.56499958
v 10.7749996 1.24999976 5.56500006
v 13.7700005 -5.9800005 5.56499958
v 31.2249985 1.24999976 5.56500006
v 28.2299995 -5.9800005 5.56499958
v 13.7700005 -5.9800005 5.56499958
v 28.2299995 -5.9800005 5.56499958
v 21 -8.97500038 5.56499958
v 14.7349997 7.51499748 43.0750008
v 27.2649994 7.51499748 43.0750008
v 21 10.1049976 43.0750008
v 12.1449995 1.24999821 43.0750008
v 27.2649994 7.51499748 43.0750008
v 14.7349997 7.51499748 43.0750008
v 27.2649994 7.51499748 43.0750008
v 12.1449995 1.24999821 43.0750008
v 29.8550014 1.24999821 43.0750008
v 12.1449995 1.24999821 43.0750008
v 27.2649994 -5.01500177 43.0750008
v 29.8550014 1.24999821 43.0750008
v 27.2649994 -5.01500177 43.0750008
v 12.1449995 1.24999821 43.0750008
v 14.7349997 -5.01500177 43.0750008
v 27.2649994 -5.01500177 43.0750008
v 14.7349997 -5.01500177 43.0750008
v 21 -7.60500193 43.0750008
v 27.2649994 7.51499987 0.825000346
v 14.7349997 7.51499987 0.825000346
v 21 10.1049995 0.825000465
v 29.8550014 1.25 0.825000107
v 14.7349997 7.51499987 0.825000346
v 27.2649994 7.51499987 0.825000346
v 14.7349997 7.51499987 0.825000346
v 29.8550014 1.25 0.825000107
v 12.1449995 1.25 0.825000107
v 27.2649994 -5.01499987 0.824999809
v 12.1449995 1.25 0.825000107
v 29.8550014 1.25 0.825000107
v 12.1449995 1.25 0.825000107
v 27.2649994 -5.01499987 0.824999809
v 14.7349997 -5.01499987 0.824999809
v 14.7349997 -5.01499987 0.824999809
v 27.2649994 -5.01499987 0.824999809
v 21 -7.60500002 0.82499963
v 13.5649996 -6.68999863 -31.2999992
v 13.3900003 -10.2999983 -31.2449989
v 9.35999966 -10.664999 -32.1150017
v 13.5649996 -6.68999863 -31.2999992
v 18.2699986 -7.04999876 -29.9250011
v 13.3900003 -10.2999983 -31.2449989
v 18.2699986 -7.04999876 -29.9250011
v 13.5649996 -6.68999863 -31.2999992
v 18.2699986 -4.71999884 -29.9250011
v -13.7700005 -5.98000145 37.8349991
v -28.2299995 -5.98000145 37.8349991
v -21 -8.97500134 37.8349991
v -10.7749996 1.24999833 37.8349991
v -28.2299995 -5.98000145 37.8349991
v -13.7700005 -5.98000145 37.8349991
v -28.2299995 -5.98000145 37.8349991
v -10.7749996 1.24999833 37.8349991
v -31.2249985 1.24999833 37.8349991
v -10.7749996 1.24999833 37.8349991
v -28.2299995 8.47999859 37.8349991
v -31.2249985 1.24999833 37.8349991
v -28.2299995 8.47999859 37.8349991
v -10.7749996 1.24999833 37.8349991
v -13.7700005 8.47999859 37.8349991
v -28.2299995 8.47999859 37.8349991
v -13.7700005 8.47999859 37.8349991
v -21 11.4749985 37.8349991
v -28.2299995 -5.98000145 32.5650024
v -13.7700005 -5.98000145 32.5650024
v -21 -8.97500134 32.5650024
v -31.2249985 1.24999857 32.5650024
v -13.7700005 -5.98000145 32.5650024
v -28.2299995 -5.98000145 32.5650024
v -13.7700005 -5.98000145 32.5650024
v -31.2249985 1.24999857 32.5650024
v -10.7749996 1.24999857 32.5650024
v -31.2249985 1.24999857 32.5650024
v -13.7700005 8.47999859 32.5650024
v -10.7749996 1.24999857 32.5650024
v -13.7700005 8.47999859 32.5650024
v -31.2249985 1.24999857 32.5650024
v -28.2299995 8.47999859 32.5650024
v -13.7700005 8.47999859 32.5650024
v -28.2299995 8.47999859 32.5650024
v -21 11.4749985 32.5650024
v 19.5349998 5.28499603 94.5649948
v 15.5 6.95499563 94.5649948
v 11.4650002 5.28499603 94.5649948
v 9.80999947 1.24999595 94.5749969
v 19.5349998 5.28499603 94.5649948
v 11.4650002 5.28499603 94.5649948
v 19.5349998 5.28499603 94.5649948
v 9.80999947 1.24999595 94.5749969
v 21.1899986 1.24999595 94.5749969
v 11.4650002 -2.78500414 94.5649948
v 21.1899986 1.24999595 94.5749969
v 9.80999947 1.24999595 94.5749969
v 21.1899986 1.24999595 94.5749969
v 11.4650002 -2.78500414 94.5649948
v 19.5349998 -2.78500414 94.5649948
v 15.5 -4.45500422 94.5649948
v 19.5349998 -2.78500414 94.5649948
v 11.4650002 -2.78500414 94.5649948
v 24.3249989 -3.65000319 76.3249969
v 24.4049988 -1.91000342 79.0799942
v 20.9950008 -7.6200037 86.8950043
v 20.9950008 -7.6200037 86.8950043
v 22.1900005 -6.65000296 75.8300018
v 24.3249989 -3.65000319 76.3249969
v 22.1300011 -4.91000319 70.8600006
v 24.3249989 -3.65000319 76.3249969
v 22.1900005 -6.65000296 75.8300018
v 24.3249989 -3.65000319 76.3249969
v 22.1300011 -4.91000319 70.8600006
v 22.9249992 -4.27500296 71.1800003
v 22.3500004 -4.23000288 69.9850006
v 22.9249992 -4.27500296 71.1800003
v 22.1300011 -4.91000319 70.8600006
v 22.1300011 -4.91000319 70.8600006
v 19.2849998 -4.51000309 66.9899979
v 22.3500004 -4.23000288 69.9850006
v 22.1900005 -6.65000296 75.8300018
v 20.9950008 -7.6200037 86.8950043
v 19.7299995 -9.18000317 88.2300034
v 19.7299995 -9.18000317 88.2300034
v 19.1000004 -8.61500263 75.5049973
v 22.1900005 -6.65000296 75.8300018
v 19.0799999 -6.41500282 70.090004
v 22.1900005 -6.65000296 75.8300018
v 19.1000004 -8.61500263 75.5049973
v 22.1900005 -6.65000296 75.8300018
v 19.0799999 -6.41500282 70.090004
v 22.1300011 -4.91000319 70.8600006
v 19.2849998 -4.51000309 66.9899979
v 22.1300011 -4.91000319 70.8600006
v 19.0799999 -6.41500282 70.090004
v 15.5 -6.94500303 69.8199997
v 19.2849998 -4.51000309 66.9899979
v 19.0799999 -6.41500282 70.090004
v 19.2849998 -4.51000309 66.9899979
v 15.5 -6.94500303 69.8199997
v 15.5 -4.49500322 65.9449997
v 15.5 -6.94500303 69.8199997
v 11.7150002 -4.5150032 67
v 15.5 -4.49500322 65.9449997
v 19.1000004 -8.61500263 75.5049973
v 19.7299995 -9.18000317 88.2300034
v 17.6149998 -10.2050037 89.1049957
v 17.6149998 -10.2050037 89.1049957
v 15.5 -9.29500294 75.3949966
v 19.1000004 -8.61500263 75.5049973
v 15.5 -6.94500303 69.8199997
v 19.1000004 -8.61500263 75.5049973
v 15.5 -9.29500294 75.3949966
v 19.1000004 -8.61500263 75.5049973
v 15.5 -6.94500303 69.8199997
v 19.0799999 -6.41500282 70.090004
v 15.5 -9.29500294 75.3949966
v 17.6149998 -10.2050037 89.1049957
v 15.5 -10.425004 89.2900009
v 13.3849993 -10.2050037 89.1049957
v 15.5 -9.29500294 75.3949966
v 15.5 -10.425004 89.2900009
v 15.5 -9.29500294 75.3949966
v 13.3849993 -10.2050037 89.1049957
v 11.9000006 -8.61500263 75.5049973
v 11.9000006 -8.61500263 75.5049973
v 15.5 -6.94500303 69.8199997
v 15.5 -9.29500294 75.3949966
v 15.5 -6.94500303 69.8199997
v 11.9000006 -8.61500263 75.5049973
v 11.9200001 -6.41500282 70.090004
v 11.7150002 -4.5150032 67
v 15.5 -6.94500303 69.8199997
v 11.9200001 -6.41500282 70.090004
v 8.86999989 -4.91000319 70.8600006
v 11.7150002 -4.5150032 67
v 11.9200001 -6.41500282 70.090004
v 11.7150002 -4.5150032 67
v 8.86999989 -4.91000319 70.8600006
v 8.61499977 -4.23000288 70.0600052
v 7.97000027 -4.1400032 71.1399994
v 8.61499977 -4.23000288 70.0600052
v 8.86999989 -4.91000319 70.8600006
v 8.86999989 -4.91000319 70.8600006
v 6.36499977 -3.81000328 76.3450012
v 7.97000027 -4.1400032 71.1399994
v 11.5950003 -9.58000374 88.5699997
v 11.9000006 -8.61500263 75.5049973
v 13.3849993 -10.2050037 89.1049957
v 11.9000006 -8.61500263 75.5049973
v 11.5950003 -9.58000374 88.5699997
v 8.81000042 -6.65000296 75.8300018
v 8.81000042 -6.65000296 75.8300018
v 11.9200001 -6.41500282 70.090004
v 11.9000006 -8.61500263 75.5049973
v 11.9200001 -6.41500282 70.090004
v 8.81000042 -6.65000296 75.8300018
v 8.86999989 -4.91000319 70.8600006
v 6.36499977 -3.81000328 76.3450012
v 8.86999989 -4.91000319 70.8600006
v 8.81000042 -6.65000296 75.8300018
v 8.81000042 -6.65000296 75.8300018
v 10.3950005 -8.64500427 87.7699966
v 6.36499977 -3.81000328 76.3450012
v 10.3950005 -8.64500427 87.7699966
v 8.81000042 -6.65000296 75.8300018
v 11.5950003 -9.58000374 88.5699997
v -15.5 6.95499563 94.5649948
v -19.5349998 5.28499603 94.5649948
v -11.4650002 5.28499603 94.5649948
v -21.1899986 1.24999595 94.5749969
v -11.4650002 5.28499603 94.5649948
v -19.5349998 5.28499603 94.5649948
v -11.4650002 5.28499603 94.5649948
v -21.1899986 1.24999595 94.5749969
v -9.80999947 1.24999595 94.5749969
v -21.1899986 1.24999595 94.5749969
v -11.4650002 -2.78500414 94.5649948
v -9.80999947 1.24999595 94.5749969
v -11.4650002 -2.78500414 94.5649948
v -21.1899986 1.24999595 94.5749969
v -19.5349998 -2.78500414 94.5649948
v -19.5349998 -2.78500414 94.5649948
v -15.5 -4.45500422 94.5649948
v -11.4650002 -2.78500414 94.5649948
v -24.4049988 -1.91000342 79.0799942
v -24.3249989 -3.65000319 76.3249969
v -20.9950008 -7.6200037 86.8950043
v -22.1900005 -6.65000296 75.8300018
v -20.9950008 -7.6200037 86.8950043
v -24.3249989 -3.65000319 76.3249969
v -20.9950008 -7.6200037 86.8950043
v -22.1900005 -6.65000296 75.8300018
v -19.7299995 -9.18000317 88.2300034
v -19.1000004 -8.61500263 75.5049973
v -19.7299995 -9.18000317 88.2300034
v -22.1900005 -6.65000296 75.8300018
v -19.7299995 -9.18000317 88.2300034
v -19.1000004 -8.61500263 75.5049973
v -17.6149998 -10.2050037 89.1049957
v -15.5 -9.29500294 75.3949966
v -17.6149998 -10.2050037 89.1049957
v -19.1000004 -8.61500263 75.5049973
v -17.6149998 -10.2050037 89.1049957
v -15.5 -9.29500294 75.3949966
v -15.5 -10.425004 89.2900009
v -15.5 -9.29500294 75.3949966
v -13.3849993 -10.2050037 89.1049957
v -15.5 -10.425004 89.2900009
v -24.3249989 -3.65000319 76.3249969
v -22.1300011 -4.91000319 70.8600006
v -22.1900005 -6.65000296 75.8300018
v -19.0799999 -6.41500282 70.090004
v -22.1900005 -6.65000296 75.8300018
v -22.1300011 -4.91000319 70.8600006
v -22.1900005 -6.65000296 75.8300018
v -19.0799999 -6.41500282 70.090004
v -19.1000004 -8.61500263 75.5049973
v -15.5 -6.94500303 69.8199997
v -19.1000004 -8.61500263 75.5049973
v -19.0799999 -6.41500282 70.090004
v -19.1000004 -8.61500263 75.5049973
v -15.5 -6.94500303 69.8199997
v -15.5 -9.29500294 75.3949966
v -15.5 -6.94500303 69.8199997
v -11.9000006 -8.61500263 75.5049973
v -15.5 -9.29500294 75.3949966
v -13.3849993 -10.2050037 89.1049957
v -15.5 -9.29500294 75.3949966
v -11.9000006 -8.61500263 75.5049973
v -11.9000006 -8.61500263 75.5049973
v -11.5950003 -9.58000374 88.5699997
v -13.3849993 -10.2050037 89.1049957
v -11.5950003 -9.58000374 88.5699997
v -11.9000006 -8.61500263 75.5049973
v -8.81000042 -6.65000296 75.8300018
v -8.81000042 -6.65000296 75.8300018
v -10.3950005 -8.64500427 87.7699966
v -11.5950003 -9.58000374 88.5699997
v -22.1300011 -4.91000319 70.8600006
v -24.3249989 -3.65000319 76.3249969
v -22.9249992 -4.27500296 71.1800003
v -22.9249992 -4.27500296 71.1800003
v -22.3500004 -4.23000288 69.9850006
v -22.1300011 -4.91000319 70.8600006
v -19.2849998 -4.51000309 66.9899979
v -22.1300011 -4.91000319 70.8600006
v -22.3500004 -4.23000288 69.9850006
v -22.1300011 -4.91000319 70.8600006
v -19.2849998 -4.51000309 66.9899979
v -19.0799999 -6.41500282 70.090004
v -19.2849998 -4.51000309 66.9899979
v -15.5 -6.94500303 69.8199997
v -19.0799999 -6.41500282 70.090004
v -15.5 -6.94500303 69.8199997
v -19.2849998 -4.51000309 66.9899979
v -15.5 -4.49500322 65.9449997
v -11.7150002 -4.5150032 67
v -15.5 -6.94500303 69.8199997
v -15.5 -4.49500322 65.9449997
v -15.5 -6.94500303 69.8199997
v -11.7150002 -4.5150032 67
v -11.9200001 -6.41500282 70.090004
v -11.9000006 -8.61500263 75.5049973
v -15.5 -6.94500303 69.8199997
v -11.9200001 -6.41500282 70.090004
v -11.9200001 -6.41500282 70.090004
v -8.81000042 -6.65000296 75.8300018
v -11.9000006 -8.61500263 75.5049973
v -8.81000042 -6.65000296 75.8300018
v -11.9200001 -6.41500282 70.090004
v -8.86999989 -4.91000319 70.8600006
v -8.86999989 -4.91000319 70.8600006
v -6.36499977 -3.81000328 76.3450012
v -8.81000042 -6.65000296 75.8300018
v -10.3950005 -8.64500427 87.7699966
v -8.81000042 -6.65000296 75.8300018
v -6.36499977 -3.81000328 76.3450012
v -11.7150002 -4.5150032 67
v -8.86999989 -4.91000319 70.8600006
v -11.9200001 -6.41500282 70.090004
v -8.86999989 -4.91000319 70.8600006
v -11.7150002 -4.5150032 67
v -8.61499977 -4.23000288 70.0600052
v -8.61499977 -4.23000288 70.0600052
v -7.97000027 -4.1400032 71.1399994
v -8.86999989 -4.91000319 70.8600006
v -6.36499977 -3.81000328 76.3450012
v -8.86999989 -4.91000319 70.8600006
v -7.97000027 -4.1400032 71.1399994
v 6.18499994 7.4350009 -11.1750002
v 0 10.000001 -11.1749992
v -6.18499994 7.4350009 -11.1750002
v -6.18499994 7.4350009 -11.1750002
v 8.75 1.25000048 -11.1750002
v 6.18499994 7.4350009 -11.1750002
v 8.75 1.25000048 -11.1750002
v -6.18499994 7.4350009 -11.1750002
v -8.75 1.25000048 -11.1750002
v -6.18499994 -4.93499994 -11.1750002
v 8.75 1.25000048 -11.1750002
v -8.75 1.25000048 -11.1750002
v 8.75 1.25000048 -11.1750002
v -6.18499994 -4.93499994 -11.1750002
v 6.18499994 -4.93499994 -11.1750002
v -6.18499994 -4.93499994 -11.1750002
v 0 -7.49999952 -11.1750002
v 6.18499994 -4.93499994 -11.1750002
v -27.2649994 7.51499748 43.0750008
v -14.7349997 7.51499748 43.0750008
v -21 10.1049976 43.0750008
v -27.2649994 7.51499748 43.0750008
v -12.1449995 1.24999821 43.0750008
v -14.7349997 7.51499748 43.0750008
v -12.1449995 1.24999821 43.0750008
v -27.2649994 7.51499748 43.0750008
v -29.8550014 1.24999821 43.0750008
v -27.2649994 -5.01500177 43.0750008
v -12.1449995 1.24999821 43.0750008
v -29.8550014 1.24999821 43.0750008
v -12.1449995 1.24999821 43.0750008
v -27.2649994 -5.01500177 43.0750008
v -14.7349997 -5.01500177 43.0750008
v -14.7349997 -5.01500177 43.0750008
v -27.2649994 -5.01500177 43.0750008
v -21 -7.60500193 43.0750008
v -14.7349997 7.51499987 0.825000346
v -27.2649994 7.51499987 0.825000346
v -21 10.1049995 0.825000465
v -14.7349997 7.51499987 0.825000346
v -29.8550014 1.25 0.825000107
v -27.2649994 7.51499987 0.825000346
v -29.8550014 1.25 0.825000107
v -14.7349997 7.51499987 0.825000346
v -12.1449995 1.25 0.825000107
v -12.1449995 1.25 0.825000107
v -27.2649994 -5.01499987 0.824999809
v -29.8550014 1.25 0.825000107
v -27.2649994 -5.01499987 0.824999809
v -12.1449995 1.25 0.825000107
v -14.7349997 -5.01499987 0.824999809
v -27.2649994 -5.01499987 0.824999809
v -14.7349997 -5.01499987 0.824999809
v -21 -7.60500002 0.82499963
v -28.2299995 8.47999859 10.835
v -13.7700005 8.47999859 10.835
v -21 11.4749994 10.835001
v -28.2299995 8.47999859 10.835
v -10.7749996 1.24999952 10.835
v -13.7700005 8.47999859 10.835
v -10.7749996 1.24999952 10.835
v -28.2299995 8.47999859 10.835
v -31.2249985 1.24999952 10.835
v -28.2299995 -5.9800005 10.835
v -10.7749996 1.24999952 10.835
v -31.2249985 1.24999952 10.835
v -10.7749996 1.24999952 10.835
v -28.2299995 -5.9800005 10.835
v -13.7700005 -5.9800005 10.835
v -13.7700005 -5.9800005 10.835
v -28.2299995 -5.9800005 10.835
v -21 -8.97500038 10.8349991
v -13.7700005 8.47999954 5.56500053
v -28.2299995 8.47999954 5.56500053
v -21 11.4749994 5.56500053
v -13.7700005 8.47999954 5.56500053
v -31.2249985 1.24999976 5.56500006
v -28.2299995 8.47999954 5.56500053
v -31.2249985 1.24999976 5.56500006
v -13.7700005 8.47999954 5.56500053
v -10.7749996 1.24999976 5.56500006
v -13.7700005 -5.9800005 5.56499958
v -31.2249985 1.24999976 5.56500006
v -10.7749996 1.24999976 5.56500006
v -31.2249985 1.24999976 5.56500006
v -13.7700005 -5.9800005 5.56499958
v -28.2299995 -5.9800005 5.56499958
v -28.2299995 -5.9800005 5.56499958
v -13.7700005 -5.9800005 5.56499958
v -21 -8.97500038 5.56499958
v 0 7.01000023 -6.17499924
v 4.07500029 5.32500029 -11.1750002
v 0 7.01000118 -11.1750002
v 4.07500029 5.32500029 -11.1750002
v 0 7.01000023 -6.17499924
v 4.07500029 5.32500029 -6.17499924
v 5.75999975 1.25000024 -6.17499971
v 4.07500029 5.32500029 -11.1750002
v 4.07500029 5.32500029 -6.17499924
v 4.07500029 5.32500029 -11.1750002
v 5.75999975 1.25000024 -6.17499971
v 5.75999975 1.25000048 -11.1750002
v 5.75999975 1.25000024 -6.17499971
v 4.07500029 -2.82499933 -11.1750002
v 5.75999975 1.25000048 -11.1750002
v 4.07500029 -2.82499933 -11.1750002
v 5.75999975 1.25000024 -6.17499971
v 4.07500029 -2.82499981 -6.17499971
v 4.07500029 -2.82499981 -6.17499971
v 0 -4.50999975 -11.1750002
v 4.07500029 -2.82499933 -11.1750002
v 0 -4.50999975 -11.1750002
v 4.07500029 -2.82499981 -6.17499971
v 0 -4.50999975 -6.17500019
v 0 -4.50999975 -6.17500019
v -4.07500029 -2.82499933 -11.1750002
v 0 -4.50999975 -11.1750002
v -4.07500029 -2.82499933 -11.1750002
v 0 -4.50999975 -6.17500019
v -4.07500029 -2.82499981 -6.17499971
v -4.07500029 -2.82499981 -6.17499971
v -5.75999975 1.25000048 -11.1750002
v -4.07500029 -2.82499933 -11.1750002
v -5.75999975 1.25000048 -11.1750002
v -4.07500029 -2.82499981 -6.17499971
v -5.75999975 1.25000024 -6.17499971
v -5.75999975 1.25000024 -6.17499971
v -4.07500029 5.32500029 -11.1750002
v -5.75999975 1.25000048 -11.1750002
v -4.07500029 5.32500029 -11.1750002
v -5.75999975 1.25000024 -6.17499971
v -4.07500029 5.32500029 -6.17499924
v -4.07500029 5.32500029 -6.17499924
v 0 7.01000118 -11.1750002
v -4.07500029 5.32500029 -11.1750002
v 0 7.01000118 -11.1750002
v -4.07500029 5.32500029 -6.17499924
v 0 7.01000023 -6.17499924
v 4.17499971 -2.20499682 -70.7900009
v 7.4000001 -0.174996838 -72.4250031
v 6.12999964 -2.20499706 -68.6750031
v 7.4000001 -0.174996838 -72.4250031
v 4.17499971 -2.20499682 -70.7900009
v 5.51000023 -0.174996689 -75.9100037
v 0 -2.20499682 -71.5250015
v 5.51000023 -0.174996689 -75.9100037
v 4.17499971 -2.20499682 -70.7900009
v 5.51000023 -0.174996689 -75.9100037
v 0 -2.20499682 -71.5250015
v 0 -0.174996659 -76.5749969
v 0 -2.20499682 -71.5250015
v -5.51000023 -0.174996689 -75.9100037
v 0 -0.174996659 -76.5749969
v -5.51000023 -0.174996689 -75.9100037
v 0 -2.20499682 -71.5250015
v -4.17499971 -2.20499682 -70.7900009
v -4.17499971 -2.20499682 -70.7900009
v -7.4000001 -0.174996838 -72.4250031
v -5.51000023 -0.174996689 -75.9100037
v 6.12999964 -2.20499706 -68.6750031
v 5.33500004 -2.35999703 -66.3450012
v 4.17499971 -2.20499682 -70.7900009
v 5.33500004 -2.35999703 -66.3450012
v 0 -2.45499706 -66.9749985
v 4.17499971 -2.20499682 -70.7900009
v 4.17499971 -2.20499682 -70.7900009
v 0 -2.45499706 -66.9749985
v 0 -2.20499682 -71.5250015
v 0 -2.45499706 -66.9749985
v -4.17499971 -2.20499682 -70.7900009
v 0 -2.20499682 -71.5250015
v 0 -2.45499706 -66.9749985
v -5.33500004 -2.35999703 -66.3450012
v -4.17499971 -2.20499682 -70.7900009
v -5.33500004 -2.35999703 -66.3450012
v -6.12999964 -2.20499706 -68.6750031
v -4.17499971 -2.20499682 -70.7900009
v -7.4000001 -0.174996838 -72.4250031
v -4.17499971 -2.20499682 -70.7900009
v -6.12999964 -2.20499706 -68.6750031
v 6.5 7.03499699 62.7349968
v 20.5 7.03499603 77.2400055
v 12.5 7.03499746 59.5749969
v 20.5 7.03499603 77.2400055
v 6.5 7.03499699 62.7349968
v 6.5 7.03499603 79.2949982
v 6.5 3.82499623 84.0749969
v 20.5 7.03499603 77.2400055
v 6.5 7.03499603 79.2949982
v 20.5 7.03499603 77.2400055
v 6.5 3.82499623 84.0749969
v 21.5 3.82499623 82.5749969
v 27.0000019 3.82499647 78.5749969
v 20.5 7.03499603 77.2400055
v 21.5 3.82499623 82.5749969
v 20.5 7.03499603 77.2400055
v 27.0000019 3.82499647 78.5749969
v 26.4999981 7.03499699 72.5750046
v 25.5 7.03499699 60.5750008
v 20.5 7.03499603 77.2400055
v 26.4999981 7.03499699 72.5750046
v 20.5 7.03499603 77.2400055
v 25.5 7.03499699 60.5750008
v 12.5 7.03499746 59.5749969
v 0 7.03499699 64.0749969
v 6.5 7.03499603 79.2949982
v 6.5 7.03499699 62.7349968
v 6.5 7.03499603 79.2949982
v 0 7.03499699 64.0749969
v 0 7.03499603 81.2399979
v 0 7.03499603 81.2399979
v 6.5 3.82499623 84.0749969
v 6.5 7.03499603 79.2949982
v 6.5 3.82499623 84.0749969
v 0 7.03499603 81.2399979
v 0 3.82499623 86.0750046
v 0 7.03499603 81.2399979
v -6.5 3.82499623 84.0749969
v 0 3.82499623 86.0750046
v -6.5 3.82499623 84.0749969
v 0 7.03499603 81.2399979
v -6.5 7.03499603 79.2949982
v -20.5 7.03499603 77.2400055
v -6.5 3.82499623 84.0749969
v -6.5 7.03499603 79.2949982
v -6.5 3.82499623 84.0749969
v -20.5 7.03499603 77.2400055
v -21.5 3.82499623 82.5749969
v -20.5 7.03499603 77.2400055
v -27.0000019 3.82499647 78.5749969
v -21.5 3.82499623 82.5749969
v 0 7.03499699 64.0749969
v -6.5 7.03499603 79.2949982
v 0 7.03499603 81.2399979
v -6.5 7.03499603 79.2949982
v 0 7.03499699 64.0749969
v -6.5 7.03499699 62.7349968
v -6.5 7.03499699 62.7349968
v -20.5 7.03499603 77.2400055
v -6.5 7.03499603 79.2949982
v -20.5 7.03499603 77.2400055
v -6.5 7.03499699 62.7349968
v -12.5 7.03499746 59.5749969
v -25.5 7.03499699 60.5750008
v -20.5 7.03499603 77.2400055
v -12.5 7.03499746 59.5749969
v -20.5 7.03499603 77.2400055
v -25.5 7.03499699 60.5750008
v -26.4999981 7.03499699 72.5750046
v -27.0000019 3.82499647 78.5749969
v -20.5 7.03499603 77.2400055
v -26.4999981 7.03499699 72.5750046
v 8.96500015 11.6450024 -45.1749992
v -8.96500015 11.6450005 -19.1750011
v 8.96500015 11.6450005 -19.1750011
v -8.96500015 11.6450005 -19.1750011
v 8.96500015 11.6450024 -45.1749992
v -8.96500015 11.6450024 -45.1749992
v -8.96500015 11.6450024 -45.1749992
v -14.0599995 8.37000084 -19.4150009
v -8.96500015 11.6450005 -19.1750011
v -14.0599995 8.37000084 -19.4150009
v -8.96500015 11.6450024 -45.1749992
v -13.7600002 8.37000275 -45.1749992
v -3 7.89500332 -65.6750031
v -13.7600002 8.37000275 -45.1749992
v -8.96500015 11.6450024 -45.1749992
v -13.7600002 8.37000275 -45.1749992
v -3 7.89500332 -65.6750031
v -5.88000011 4.62000275 -68.7750015
v -3 7.89500332 -65.6750031
v 5.88000011 4.62000275 -68.7750015
v -5.88000011 4.62000275 -68.7750015
v 14.0599995 8.37000084 -19.4150009
v 8.96500015 11.6450024 -45.1749992
v 8.96500015 11.6450005 -19.1750011
v 8.96500015 11.6450024 -45.1749992
v 14.0599995 8.37000084 -19.4150009
v 13.7600002 8.37000275 -45.1749992
v 13.7600002 8.37000275 -45.1749992
v 3 7.89500332 -65.6750031
v 8.96500015 11.6450024 -45.1749992
v 3 7.89500332 -65.6750031
v -8.96500015 11.6450024 -45.1749992
v 8.96500015 11.6450024 -45.1749992
v -8.96500015 11.6450024 -45.1749992
v 3 7.89500332 -65.6750031
v -3 7.89500332 -65.6750031
v 5.88000011 4.62000275 -68.7750015
v -3 7.89500332 -65.6750031
v 3 7.89500332 -65.6750031
v 3 7.89500332 -65.6750031
v 13.7600002 8.37000275 -45.1749992
v 5.88000011 4.62000275 -68.7750015
v 4.375 -5.10000277 67.7750015
v 4.375 -4.53500319 65.5749969
v 4.375 -4.53500319 69.1500015
v 4.375 -4.53500319 65.5749969
v 4.375 -5.10000277 67.7750015
v 4.375 -5.45000267 65.5749969
v 4.375 -5.10000277 67.7750015
v 2.25 -6.75000334 65.5749969
v 4.375 -5.45000267 65.5749969
v 2.25 -6.75000334 65.5749969
v 4.375 -5.10000277 67.7750015
v 2.25 -6.15000296 69.375
v -2.25 -6.15000296 69.375
v 2.25 -6.75000334 65.5749969
v 2.25 -6.15000296 69.375
v 2.25 -6.75000334 65.5749969
v -2.25 -6.15000296 69.375
v -2.25 -6.75000334 65.5749969
v 4.375 -4.53500319 69.1500015
v 2.25 -6.15000296 69.375
v 4.375 -5.10000277 67.7750015
v 2.25 -6.15000296 69.375
v 4.375 -4.53500319 69.1500015
v 2.25 -4.53500319 72.7900009
v 2.25 -4.53500319 72.7900009
v -2.25 -6.15000296 69.375
v 2.25 -6.15000296 69.375
v -2.25 -6.15000296 69.375
v 2.25 -4.53500319 72.7900009
v -2.25 -4.53500319 72.7900009
v -4.375 -4.53500319 69.1500015
v -2.25 -6.15000296 69.375
v -2.25 -4.53500319 72.7900009
v -2.25 -6.15000296 69.375
v -4.375 -4.53500319 69.1500015
v -4.375 -5.10000277 67.7750015
v -4.375 -5.10000277 67.7750015
v -2.25 -6.75000334 65.5749969
v -2.25 -6.15000296 69.375
v -2.25 -6.75000334 65.5749969
v -4.375 -5.10000277 67.7750015
v -4.375 -5.45000267 65.5749969
v -4.375 -5.10000277 67.7750015
v -4.375 -4.53500319 65.5749969
v -4.375 -5.45000267 65.5749969
v -4.375 -4.53500319 65.5749969
v -4.375 -5.10000277 67.7750015
v -4.375 -4.53500319 69.1500015
v 5 3.98499918 14.0750008
v 13 3.98499894 25.8250008
v 13 3.98499918 14.0750008
v 13 3.98499894 25.8250008
v 5 3.98499918 14.0750008
v 5 3.98499894 28.3250008
v -2.7349999 -11.7500019 37.8250008
v -2.7349999 -3.75000119 26.0749989
v -2.7349999 -11.7500019 26.0749989
v -2.7349999 -3.75000119 26.0749989
v -2.7349999 -11.7500019 37.8250008
v -2.7349999 -3.75000191 40.3250008
v -13 3.98499894 25.8250008
v -5 3.98499918 14.0750008
v -13 3.98499918 14.0750008
v -5 3.98499918 14.0750008
v -13 3.98499894 25.8250008
v -5 3.98499894 28.3250008
v -4.17499971 6.20500278 -70.7900009
v -7.4000001 4.17500305 -72.4250031
v -6.12999964 6.20500278 -68.6750031
v -7.4000001 4.17500305 -72.4250031
v -4.17499971 6.20500278 -70.7900009
v -5.51000023 4.17500305 -75.9100037
v 0 6.20500278 -71.5250015
v -5.51000023 4.17500305 -75.9100037
v -4.17499971 6.20500278 -70.7900009
v -5.51000023 4.17500305 -75.9100037
v 0 6.20500278 -71.5250015
v 0 4.17500305 -76.5749969
v 0 6.20500278 -71.5250015
v 5.51000023 4.17500305 -75.9100037
v 0 4.17500305 -76.5749969
v 5.51000023 4.17500305 -75.9100037
v 0 6.20500278 -71.5250015
v 4.17499971 6.20500278 -70.7900009
v 4.17499971 6.20500278 -70.7900009
v 7.4000001 4.17500305 -72.4250031
v 5.51000023 4.17500305 -75.9100037
v -6.12999964 6.20500278 -68.6750031
v -5.33500004 6.54500294 -66.3450012
v -4.17499971 6.20500278 -70.7900009
v -5.33500004 6.54500294 -66.3450012
v 0 6.45500278 -66.9749985
v -4.17499971 6.20500278 -70.7900009
v -4.17499971 6.20500278 -70.7900009
v 0 6.45500278 -66.9749985
v 0 6.20500278 -71.5250015
v 0 6.45500278 -66.9749985
v 4.17499971 6.20500278 -70.7900009
v 0 6.20500278 -71.5250015
v 0 6.45500278 -66.9749985
v 5.33500004 6.54500294 -66.3450012
v 4.17499971 6.20500278 -70.7900009
v 5.33500004 6.54500294 -66.3450012
v 6.12999964 6.20500278 -68.6750031
v 4.17499971 6.20500278 -70.7900009
v 7.4000001 4.17500305 -72.4250031
v 4.17499971 6.20500278 -70.7900009
v 6.12999964 6.20500278 -68.6750031

# 532 UV coordinates
vt 0.590200007 0.100100003 0
vt 0.533399999 0.1162 0
vt 0.542900026 0.0852999985 0
vt 0.58069998 0.130999997 0
vt 0.533900023 0.200399995 0
vt 0.581099987 0.200399995 0
vt 0.688600004 0.941399992 0
vt 0.937900007 0.981400013 0
vt 0.688600004 0.981400013 0
vt 0.937900007 0.941399992 0
vt 0.688600004 0.90140003 0
vt 0.937900007 0.90140003 0
vt 0.688600004 0.861400008 0
vt 0.937900007 0.861400008 0
vt 0.688600004 0.821399987 0
vt 0.937900007 0.821399987 0
vt 0.688600004 0.781400025 0
vt 0.937900007 0.781400025 0
vt 0.688600004 0.741400003 0
vt 0.937900007 0.741400003 0
vt 0.688600004 0.701399982 0
vt 0.937900007 0.701399982 0
vt 0.688600004 0.66140002 0
vt 0.937900007 0.66140002 0
vt 0.109300002 0.245700002 0
vt 0.123400003 0.305900007 0
vt 0.109300002 0.305900007 0
vt 0.123400003 0.245700002 0
vt 0.379999995 0.878899992 0
vt 0.394499987 0.828700006 0
vt 0.379900008 0.826699972 0
vt 0.394699991 0.878000021 0
vt 0.418199986 0.86619997 0
vt 0.418099999 0.840699971 0
vt 0.829400003 0.341300011 0
vt 0.98210001 0.433299989 0
vt 0.982599974 0.334800005 0
vt 0.82950002 0.433299989 0
vt 0.682500005 0.411300004 0
vt 0.682500005 0.379000008 0
vt 0.441799998 0.86619997 0
vt 0.441700011 0.840799987 0
vt 0.474700004 0.840799987 0
vt 0.474900007 0.86619997 0
vt 0.507700026 0.840799987 0
vt 0.5079 0.866299987 0
vt 0.531400025 0.866299987 0
vt 0.531300008 0.840799987 0
vt 0.00760000013 0.5255 0
vt 0.0568999983 0.56099999 0
vt 0.0264999997 0.56099999 0
vt 0.0759999976 0.5255 0
vt 0.0760999992 0.454299986 0
vt 0.00769999996 0.45449999 0
vt 0.534099996 0.232800007 0
vt 0.58130002 0.232800007 0
vt 0.342299998 0.979200006 0
vt 0.389999986 0.948099971 0
vt 0.390100002 0.979200006 0
vt 0.342200011 0.948199987 0
vt 0.294499993 0.979300022 0
vt 0.294499993 0.948199987 0
vt 0.246800005 0.979399979 0
vt 0.246700004 0.948300004 0
vt 0.199000001 0.979399979 0
vt 0.199000001 0.948300004 0
vt 0.151199996 0.979399979 0
vt 0.151199996 0.948300004 0
vt 0.103500001 0.979399979 0
vt 0.103399999 0.948400021 0
vt 0.0557000004 0.979499996 0
vt 0.0557000004 0.948400021 0
vt 0.00789999962 0.979499996 0
vt 0.00789999962 0.948400021 0
vt 0.188500002 0.305900007 0
vt 0.128000006 0.245700002 0
vt 0.128000006 0.305900007 0
vt 0.188500002 0.245700002 0
vt 0.33070001 0.185399994 0
vt 0.384299994 0.243699998 0
vt 0.347000003 0.232199997 0
vt 0.409099996 0.202800006 0
vt 0.424199998 0.252900004 0
vt 0.456900001 0.207699999 0
vt 0.46509999 0.256000012 0
vt 0.512499988 0.210199997 0
vt 0.525300026 0.256099999 0
vt 0.916999996 0.116800003 0
vt 0.963100016 0.144199997 0
vt 0.957499981 0.1087 0
vt 0.920899987 0.151199996 0
vt 0.9648 0.170200005 0
vt 0.922399998 0.173299998 0
vt 0.965699971 0.206100002 0
vt 0.924700022 0.207800001 0
vt 0.373299986 0.324099988 0
vt 0.335799992 0.292199999 0
vt 0.334899992 0.322899997 0
vt 0.374599993 0.288399994 0
vt 0.414299995 0.325399995 0
vt 0.415499985 0.285699993 0
vt 0.45539999 0.326700002 0
vt 0.456499994 0.285600007 0
vt 0.516700029 0.287400007 0
vt 0.515600026 0.328399986 0
vt 0.435099989 0.0192000009 0
vt 0.478300005 0.0500999987 0
vt 0.488799989 0.0137 0
vt 0.428900003 0.0538000017 0
vt 0.407299995 0.0463000014 0
vt 0.417100012 0.0214000009 0
vt 0.48300001 0.0863000005 0
vt 0.521200001 0.0513000004 0
vt 0.484299988 0.0606999993 0
vt 0.51849997 0.104099996 0
vt 0.416799992 0.966499984 0
vt 0.416799992 0.973200023 0
vt 0.414299995 0.969799995 0
vt 0.420700014 0.967800021 0
vt 0.420700014 0.971899986 0
vt 0.385199994 0.907999992 0
vt 0.314399987 0.903800011 0
vt 0.385199994 0.903800011 0
vt 0.314399987 0.907999992 0
vt 0.385199994 0.912100017 0
vt 0.314399987 0.912100017 0
vt 0.385199994 0.916299999 0
vt 0.314399987 0.916299999 0
vt 0.385199994 0.920400023 0
vt 0.314399987 0.920400023 0
vt 0.385199994 0.924600005 0
vt 0.314399987 0.924600005 0
vt 0.895799994 0.0527000017 0
vt 0.916499972 0.0731000006 0
vt 0.906099975 0.0820000023 0
vt 0.91140002 0.0383000001 0
vt 0.897000015 0.0185000002 0
vt 0.477100015 0.0864000022 0
vt 0.42899999 0.0644999966 0
vt 0.478399992 0.060800001 0
vt 0.428000003 0.0839999989 0
vt 0.406599998 0.0692000017 0
vt 0.405900002 0.0825999975 0
vt 0.435799986 0.180399999 0
vt 0.462399989 0.158399999 0
vt 0.461699992 0.171800002 0
vt 0.437299997 0.148399994 0
vt 0.654500008 0.114 0
vt 0.607299984 0.153600007 0
vt 0.607299984 0.114 0
vt 0.654500008 0.153600007 0
vt 0.607299984 0.193100005 0
vt 0.654500008 0.193100005 0
vt 0.607299984 0.232700005 0
vt 0.654500008 0.232700005 0
vt 0.607299984 0.272199988 0
vt 0.654500008 0.272199988 0
vt 0.607299984 0.311699986 0
vt 0.654500008 0.311699986 0
vt 0.607299984 0.351300001 0
vt 0.654500008 0.351300001 0
vt 0.607299984 0.390799999 0
vt 0.654500008 0.390799999 0
vt 0.607299984 0.430400014 0
vt 0.654500008 0.430400014 0
vt 0.193100005 0.245700002 0
vt 0.207200006 0.305900007 0
vt 0.193100005 0.305900007 0
vt 0.207200006 0.245700002 0
vt 0.128000006 0.242200002 0
vt 0.188500002 0.228100002 0
vt 0.188500002 0.242200002 0
vt 0.128000006 0.228100002 0
vt 0.419200003 0.392199993 0
vt 0.449299991 0.510200024 0
vt 0.419200003 0.49090001 0
vt 0.449400008 0.372900009 0
vt 0.555499971 0.372900009 0
vt 0.555499971 0.510200024 0
vt 0.585699975 0.392199993 0
vt 0.585699975 0.49090001 0
vt 0.381900012 0.60680002 0
vt 0.409500003 0.560000002 0
vt 0.420399994 0.589299977 0
vt 0.374199986 0.578000009 0
vt 0.368400007 0.542500019 0
vt 0.404700011 0.517099977 0
vt 0.400200009 0.445899993 0
vt 0.322699994 0.438499987 0
vt 0.28670001 0.456900001 0
vt 0.290699989 0.620299995 0
vt 0.286799997 0.589699984 0
vt 0.286199987 0.554899991 0
vt 0.247999996 0.464700013 0
vt 0.247999996 0.564999998 0
vt 0.209700003 0.555199981 0
vt 0.209199995 0.457199991 0
vt 0.248600006 0.626699984 0
vt 0.247799993 0.597199976 0
vt 0.205200002 0.620999992 0
vt 0.209199995 0.589999974 0
vt 0.127599999 0.543200016 0
vt 0.173199996 0.439099997 0
vt 0.0961000025 0.446700007 0
vt 0.0913999975 0.517700016 0
vt 0.0868000016 0.560500026 0
vt 0.1215 0.578800023 0
vt 0.0746000037 0.590499997 0
vt 0.114399999 0.607500017 0
vt 0.966499984 0.0388999991 0
vt 0.924499989 0.0733999982 0
vt 0.966400027 0.0733999982 0
vt 0.919399977 0.0384999998 0
vt 0.966899991 0.0232999995 0
vt 0.916499972 0.0143999998 0
vt 0.789300025 0.0384999998 0
vt 0.860499978 0.0461000018 0
vt 0.841499984 0.0110999998 0
vt 0.809499979 0.070100002 0
vt 0.825600028 0.102399997 0
vt 0.877099991 0.0834999979 0
vt 0.891099989 0.122900002 0
vt 0.835799992 0.136299998 0
vt 0.898599982 0.164199993 0
vt 0.767099977 0.0974000022 0
vt 0.778299987 0.122900002 0
vt 0.787500024 0.150000006 0
vt 0.842999995 0.1708 0
vt 0.901000023 0.205899999 0
vt 0.752099991 0.0758000016 0
vt 0.792900026 0.176799998 0
vt 0.845399976 0.206 0
vt 0.843400002 0.241600007 0
vt 0.898199975 0.246999994 0
vt 0.892400026 0.287400007 0
vt 0.836700022 0.27700001 0
vt 0.883099973 0.325199991 0
vt 0.826200008 0.312900007 0
vt 0.795300007 0.205500007 0
vt 0.794399977 0.233899996 0
vt 0.788699985 0.261000007 0
vt 0.779200017 0.2861 0
vt 0.555299997 0.680400014 0
vt 0.607900023 0.66079998 0
vt 0.549499989 0.676400006 0
vt 0.609700024 0.666000009 0
vt 0.620500028 0.657299995 0
vt 0.622500002 0.66170001 0
vt 0.63499999 0.655200005 0
vt 0.632099986 0.650399983 0
vt 0.640999973 0.643599987 0
vt 0.644999981 0.646700025 0
vt 0.650600016 0.634800017 0
vt 0.645500004 0.633300006 0
vt 0.65079999 0.622699976 0
vt 0.645500004 0.623099983 0
vt 0.647300005 0.612999976 0
vt 0.641900003 0.6153 0
vt 0.609799981 0.54549998 0
vt 0.614799976 0.54369998 0
vt 0.558600008 0.96359998 0
vt 0.4287 0.967800021 0
vt 0.4287 0.96359998 0
vt 0.558600008 0.967800021 0
vt 0.4287 0.971899986 0
vt 0.558600008 0.971899986 0
vt 0.4287 0.976100028 0
vt 0.558600008 0.976100028 0
vt 0.4287 0.980300009 0
vt 0.558600008 0.980300009 0
vt 0.4287 0.984399974 0
vt 0.558600008 0.984399974 0
vt 0.128000006 0.323399991 0
vt 0.188500002 0.309300005 0
vt 0.188500002 0.323399991 0
vt 0.128000006 0.309300005 0
vt 0.00630000001 0.284299999 0
vt 0.0768000036 0.323900014 0
vt 0.00639999984 0.324099988 0
vt 0.076700002 0.284099996 0
vt 0.00620000018 0.244499996 0
vt 0.0766000003 0.244299993 0
vt 0.00609999988 0.204699993 0
vt 0.0764999986 0.204500005 0
vt 0.0763999969 0.184200004 0
vt 0.00600000005 0.164100006 0
vt 0.0763999969 0.164000005 0
vt 0.0763000026 0.146599993 0
vt 0.00590000022 0.123999998 0
vt 0.0763000026 0.123800002 0
vt 0.00579999993 0.0842000023 0
vt 0.0762000009 0.0839999989 0
vt 0.0057000001 0.0443999991 0
vt 0.0760999992 0.0441999994 0
vt 0.0055999998 0.0046000001 0
vt 0.0759999976 0.00439999998 0
vt 0.533800006 0.288399994 0
vt 0.577199996 0.348100007 0
vt 0.532700002 0.329400003 0
vt 0.579200029 0.272300005 0
vt 0.0797000006 0.353899986 0
vt 0.157100007 0.421600014 0
vt 0.0797000006 0.421999991 0
vt 0.156900004 0.353500009 0
vt 0.197099999 0.353399992 0
vt 0.1972 0.421499997 0
vt 0.236399993 0.421499997 0
vt 0.236399993 0.353300005 0
vt 0.275700003 0.353300005 0
vt 0.275599986 0.421499997 0
vt 0.315699995 0.421499997 0
vt 0.315800011 0.353300005 0
vt 0.39289999 0.353300005 0
vt 0.392800003 0.421499997 0
vt 0.987900019 0.0533999987 0
vt 0.971899986 0.0729999989 0
vt 0.983500004 0.0807000026 0
vt 0.972000003 0.0386000015 0
vt 0.979600012 0.0248000007 0
vt 0.935299993 0.221499994 0
vt 0.947700024 0.246099994 0
vt 0.950600028 0.221499994 0
vt 0.919099987 0.246000007 0
vt 0.947700024 0.256599993 0
vt 0.918500006 0.256500006 0
vt 0.935299993 0.281100005 0
vt 0.950500011 0.281100005 0
vt 0.302399993 0.915000021 0
vt 0.302399993 0.921700001 0
vt 0.300000012 0.91839999 0
vt 0.306400001 0.916299999 0
vt 0.306400001 0.920400023 0
vt 0.433699995 0.133200005 0
vt 0.476999998 0.0993999988 0
vt 0.487100005 0.137500003 0
vt 0.427899987 0.0969000012 0
vt 0.407499999 0.1052 0
vt 0.416700006 0.130799994 0
vt 0.680800021 0.506399989 0
vt 0.649900019 0.581799984 0
vt 0.648100019 0.508700013 0
vt 0.681999981 0.583000004 0
vt 0.705200016 0.524800003 0
vt 0.70630002 0.564300001 0
vt 0.713400006 0.578700006 0
vt 0.832400024 0.632499993 0
vt 0.752699971 0.565900028 0
vt 0.835799992 0.597299993 0
vt 0.986699998 0.63319999 0
vt 0.712499976 0.510299981 0
vt 0.751999974 0.522599995 0
vt 0.832199991 0.455199987 0
vt 0.835799992 0.490399987 0
vt 0.989000022 0.597199976 0
vt 0.986599982 0.454299986 0
vt 0.988900006 0.4903 0
vt 0.32190001 0.321999997 0
vt 0.274399996 0.278200001 0
vt 0.32280001 0.291299999 0
vt 0.272700012 0.337900013 0
vt 0.966199994 0.0766000003 0
vt 0.924399972 0.0901999995 0
vt 0.966300011 0.0901999995 0
vt 0.924399972 0.0766000003 0
vt 0.100599997 0.0460000001 0
vt 0.118199997 0.0637999997 0
vt 0.0998999998 0.0643000007 0
vt 0.116599999 0.0460000001 0
vt 0.134000003 0.0460000001 0
vt 0.134000003 0.0666999966 0
vt 0.0998999998 0.0277999993 0
vt 0.118199997 0.0283000004 0
vt 0.134000003 0.0253999997 0
vt 0.168200001 0.0253999997 0
vt 0.168200001 0.0460000001 0
vt 0.168200001 0.0666999966 0
vt 0.1646 0.0846000016 0
vt 0.131500006 0.0789000019 0
vt 0.118000001 0.0678000003 0
vt 0.100400001 0.072800003 0
vt 0.1646 0.00749999983 0
vt 0.131500006 0.0131000001 0
vt 0.118000001 0.0241999999 0
vt 0.100400001 0.0193000007 0
vt 0.0649999976 0.932099998 0
vt 0.0311999992 0.850899994 0
vt 0.0311999992 0.898500025 0
vt 0.112800002 0.932099998 0
vt 0.0649999976 0.817300022 0
vt 0.112800002 0.817300022 0
vt 0.146500006 0.898500025 0
vt 0.146500006 0.850899994 0
vt 0.165299997 0.899299979 0
vt 0.199100003 0.818199992 0
vt 0.165299997 0.851800025 0
vt 0.199100003 0.933000028 0
vt 0.246900007 0.818199992 0
vt 0.280699998 0.851800025 0
vt 0.246900007 0.933000028 0
vt 0.280699998 0.899299979 0
vt 0.599399984 0.983900011 0
vt 0.667900026 0.95569998 0
vt 0.639500022 0.983900011 0
vt 0.667900026 0.915700018 0
vt 0.571099997 0.95569998 0
vt 0.571099997 0.915700018 0
vt 0.639500022 0.887499988 0
vt 0.599399984 0.887499988 0
vt 0.57130003 0.843500018 0
vt 0.639699996 0.871699989 0
vt 0.599600017 0.871699989 0
vt 0.668099999 0.843500018 0
vt 0.57130003 0.803499997 0
vt 0.668099999 0.803499997 0
vt 0.599600017 0.775300026 0
vt 0.639699996 0.775300026 0
vt 0.472900003 0.799199998 0
vt 0.116700001 0.75999999 0
vt 0.116700001 0.799199998 0
vt 0.472900003 0.75999999 0
vt 0.116700001 0.720899999 0
vt 0.472900003 0.720899999 0
vt 0.116700001 0.681699991 0
vt 0.472900003 0.681699991 0
vt 0.116700001 0.642499983 0
vt 0.472900003 0.642499983 0
vt 0.00639999984 0.720799983 0
vt 0.0344999991 0.787699997 0
vt 0.00630000001 0.75999999 0
vt 0.0744000003 0.787699997 0
vt 0.0346000008 0.693099976 0
vt 0.102700002 0.75999999 0
vt 0.074500002 0.693099976 0
vt 0.102700002 0.720899999 0
vt 0.0904000029 0.167999998 0
vt 0.0903000012 0.150600001 0
vt 0.0988000035 0.186299995 0
vt 0.0965000018 0.128700003 0
vt 0.113499999 0.200200006 0
vt 0.128199995 0.1052 0
vt 0.1523 0.206300005 0
vt 0.184 0.182899997 0
vt 0.166999996 0.111400001 0
vt 0.190200001 0.143600002 0
vt 0.715499997 0.125300005 0
vt 0.701699972 0.147 0
vt 0.707000017 0.172299996 0
vt 0.728500009 0.186399996 0
vt 0.740499973 0.119999997 0
vt 0.753400028 0.181500003 0
vt 0.761900008 0.1338 0
vt 0.76730001 0.160500005 0
vt 0.50880003 0.640200019 0
vt 0.516900003 0.657800019 0
vt 0.578599989 0.653699994 0
vt 0.520500004 0.621699989 0
vt 0.493499994 0.605199993 0
vt 0.490999997 0.611100018 0
vt 0.487100005 0.603399992 0
vt 0.483999997 0.576699972 0
vt 0.592199981 0.648899972 0
vt 0.532299995 0.603999972 0
vt 0.503199995 0.586499989 0
vt 0.514199972 0.567700028 0
vt 0.491600007 0.553499997 0
vt 0.50940001 0.53670001 0
vt 0.604600012 0.640399992 0
vt 0.54369998 0.586399972 0
vt 0.612500012 0.630299985 0
vt 0.618399978 0.618799984 0
vt 0.554700017 0.568499982 0
vt 0.52640003 0.549799979 0
vt 0.539099991 0.532999992 0
vt 0.535300016 0.527899981 0
vt 0.543500006 0.527199984 0
vt 0.577700019 0.531400025 0
vt 0.621399999 0.6074 0
vt 0.565699995 0.550199986 0
vt 0.621500015 0.597100019 0
vt 0.741299987 0.204400003 0
vt 0.768999994 0.232600003 0
vt 0.768999994 0.272500008 0
vt 0.702099979 0.204400003 0
vt 0.741299987 0.300700009 0
vt 0.702099979 0.300700009 0
vt 0.674399972 0.232600003 0
vt 0.674399972 0.272500008 0
vt 0.984000027 0.755999982 0
vt 0.95660001 0.784099996 0
vt 0.95660001 0.755999982 0
vt 0.984000027 0.784099996 0
vt 0.984000027 0.812099993 0
vt 0.95660001 0.812099993 0
vt 0.95660001 0.840200007 0
vt 0.984000027 0.840200007 0
vt 0.95660001 0.868200004 0
vt 0.984000027 0.868200004 0
vt 0.95660001 0.896200001 0
vt 0.984000027 0.896200001 0
vt 0.95660001 0.924300015 0
vt 0.984000027 0.924300015 0
vt 0.95660001 0.952300012 0
vt 0.984000027 0.952300012 0
vt 0.95660001 0.980400026 0
vt 0.984000027 0.980400026 0
vt 0.441599995 0.916800022 0
vt 0.420599997 0.92930001 0
vt 0.429800004 0.904600024 0
vt 0.433499992 0.949000001 0
vt 0.466399997 0.921000004 0
vt 0.466399997 0.952799976 0
vt 0.499300003 0.949199975 0
vt 0.4912 0.916899979 0
vt 0.512199998 0.9296 0
vt 0.434399992 0.890799999 0
vt 0.466399997 0.894299984 0
vt 0.498400003 0.890999973 0
vt 0.503000021 0.904900014 0
vt 0.274500012 0.237900004 0
vt 0.280800015 0.225899994 0
vt 0.275599986 0.246800005 0
vt 0.275299996 0.224700004 0
vt 0.26030001 0.2227 0
vt 0.259900004 0.245299995 0
vt 0.233799994 0.245299995 0
vt 0.2333 0.222800002 0
vt 0.26030001 0.267699987 0
vt 0.2333 0.267500013 0
vt 0.218099996 0.246900007 0
vt 0.2192 0.237900004 0
vt 0.218400002 0.224800006 0
vt 0.212899998 0.225999996 0

# 570 vertex normals
vn 0 -0.298292071 0.954474509
vn 0.447205931 -0.266803533 0.853711247
vn 0.894404292 -0.133400634 0.426902026
vn 0.89442718 1.95483256e-08 -0.44721359
vn 0.44721359 3.90966512e-08 -0.89442718
vn -0.603530347 0.797339976 3.48528388e-08
vn -0.382021964 0.924153209 4.03960172e-08
vn -0.797339976 0.603530347 2.63811479e-08
vn -0.990639329 0.136505425 5.96684124e-09
vn -0.990639329 -0.136505425 -5.96684124e-09
vn -0.797339976 -0.603530347 -2.63811479e-08
vn -0.603530347 -0.797339976 -3.48528388e-08
vn -0.136505425 -0.990639329 -4.33022187e-08
vn 0.136505425 -0.990639329 -4.33022187e-08
vn 0.603530347 -0.797339976 -3.48528388e-08
vn 0.797339976 -0.603530347 -2.63811479e-08
vn 0.990639329 -0.136505425 -5.96684124e-09
vn 0.990639329 0.136505425 5.96684124e-09
vn 0.797339976 0.603530347 2.63811479e-08
vn 0.603530347 0.797339976 3.48528388e-08
vn 0.382021964 0.924153209 4.03960172e-08
vn 0 -1 -4.37113883e-08
vn 0.94642967 -1.41148488e-08 0.3229101
vn 0.946806848 -1.40664245e-08 0.321802288
vn 0.947152376 -1.4021909e-08 0.320783913
vn 0.986092269 7.264775e-09 -0.166198686
vn 0.999932706 5.0706872e-10 -0.0116003798
vn 0.948523164 1.38437359e-08 -0.31670776
vn -0.946806848 -1.40664245e-08 0.321802288
vn -0.94642967 -1.41148488e-08 0.3229101
vn -0.998240054 -2.59218913e-09 0.0593023822
vn -0.97372967 9.95338567e-09 -0.227706939
vn -0.562200606 3.61493591e-08 -0.827000856
vn -0.0401996598 4.3676053e-08 -0.999191642
vn 0.0401996598 4.3676053e-08 -0.999191642
vn 0.562200606 3.61493591e-08 -0.827000856
vn 0.87905103 2.08384279e-08 -0.476727664
vn -0.996549189 3.62822417e-09 -0.0830040947
vn 0 -0.447213531 -0.89442718
vn 0 4.37113883e-08 -1
vn 0 -0.89442718 -0.44721362
vn -0.797159255 0.603769124 2.6391584e-08
vn -0.923876703 0.38269034 1.67279275e-08
vn -0.603769124 0.797159255 3.48449376e-08
vn -0.136799842 0.990598738 4.33004459e-08
vn 0.136799842 0.990598738 4.33004459e-08
vn 0.603769124 0.797159255 3.48449376e-08
vn 0.797159255 0.603769124 2.6391584e-08
vn 0.990598738 0.136799842 5.9797105e-09
vn 0.990598738 -0.136799842 -5.9797105e-09
vn 0.797159255 -0.603769124 -2.6391584e-08
vn 0.603769124 -0.797159255 -3.48449376e-08
vn 0.136799842 -0.990598738 -4.33004459e-08
vn -0.136799842 -0.990598738 -4.33004459e-08
vn -0.603769124 -0.797159255 -3.48449376e-08
vn -0.797159255 -0.603769124 -2.6391584e-08
vn -0.923876703 -0.38269034 -1.67279275e-08
vn 0 -4.37113883e-08 1
vn 0.395412832 0.914229631 -0.0885028318
vn 0.38960731 0.917517245 -0.0798014626
vn 0.414786279 0.903270245 -0.109796338
vn 0.370500892 0.927702248 -0.0458000712
vn 0.366705269 0.930113435 -0.0204002541
vn 0.360301554 0.932803988 0.007700074
vn 0.366696477 0.929991066 0.0254997946
vn 0.367885679 0.92926383 0.0335987322
vn 0.376588732 0.925272346 0.0452986844
vn 0.360282511 -0.910355747 -0.203590155
vn 0.647201002 -0.707201123 -0.284600466
vn 0.356315166 -0.91333884 -0.197108433
vn 0.874527931 -0.35181129 -0.333810717
vn 0.883294404 0.356897771 -0.303998053
vn 0.667922378 0.709623694 -0.224307477
vn 0.387010723 0.913425267 -0.126003444
vn 0.396087915 0.910072148 -0.121996231
vn 0.974311888 0.000200012248 -0.225202724
vn 0.966678262 -9.99865588e-05 -0.255994231
vn 0.966678262 1.11898633e-08 -0.255994231
vn 0.981020451 0.000400016812 -0.193904057
vn 0.99494642 0.000700036995 -0.100404687
vn 0.999307692 0.000400004676 -0.0372002833
vn 0.99735409 0.000199987626 0.072696656
vn 0.99733901 -3.18668469e-09 0.0729028508
vn 0.992833674 -5.22368859e-09 0.119504057
vn 0.132696509 -0.934575498 -0.330091387
vn 0.233210385 -0.951042295 -0.20280908
vn 0.22880435 -0.953618109 -0.195603773
vn 0.162701339 -0.932307661 -0.323002696
vn 0.028399514 -0.893184721 -0.448792338
vn -0.0279009696 -0.884230733 -0.466216236
vn 0.61090374 -3.46065185e-08 0.791704834
vn 0.400005519 0.916512728 4.00620443e-08
vn 0.0212994255 0.999773085 4.37014691e-08
vn 0.774398148 0.632698536 2.76561334e-08
vn 0.995419621 -0.0956018791 -4.17889146e-09
vn 0.841525912 -0.540216684 -2.36136195e-08
vn 0.216591641 -0.976262271 -4.26737756e-08
vn -0.255103648 -0.96691376 -4.2265146e-08
vn -0.861777306 -0.507286668 -2.21742038e-08
vn -0.998264015 -0.0588978752 -2.57450794e-09
vn -0.945815265 0.324705243 1.41933159e-08
vn -0.257503569 -0.0178002045 -0.966113329
vn -0.279511333 -0.0141005283 -0.960038841
vn -0.280487597 4.1956703e-08 -0.959857583
vn -0.245906547 -0.0267006662 -0.968925774
vn -0.213101089 -0.0252000876 -0.976705074
vn -0.647201002 -0.707201123 -0.284600466
vn -0.360282511 -0.910355747 -0.203590155
vn -0.356315166 -0.91333884 -0.197108433
vn -0.874527931 -0.35181129 -0.333810717
vn -0.883294404 0.356897771 -0.303998053
vn -0.667922378 0.709623694 -0.224307477
vn -0.387010723 0.913425267 -0.126003444
vn -0.396087915 0.910072148 -0.121996231
vn -0.94862324 1.3830622e-08 -0.31640777
vn -0.88595283 2.02722621e-08 -0.463775307
vn -0.797979474 2.63441766e-08 -0.602684557
vn -0.691488266 3.15765725e-08 -0.722387731
vn 0.690670669 3.16107354e-08 -0.723169386
vn 0.690618396 3.16129274e-08 -0.723219335
vn 0.383102417 0.923705816 4.03764595e-08
vn 0.603880823 0.797074616 3.48412428e-08
vn 0.797074616 0.603880823 2.6396469e-08
vn 0.990585148 0.136897951 5.98399907e-09
vn 0.990585148 -0.136897951 -5.98399907e-09
vn 0.797074616 -0.603880823 -2.6396469e-08
vn 0.603880823 -0.797074616 -3.48412428e-08
vn 0.136897951 -0.990585148 -4.32998561e-08
vn -0.136897951 -0.990585148 -4.32998561e-08
vn -0.603880823 -0.797074616 -3.48412428e-08
vn -0.797074616 -0.603880823 -2.6396469e-08
vn -0.990585148 -0.136897951 -5.98399907e-09
vn -0.990585148 0.136897951 5.98399907e-09
vn -0.797074616 0.603880823 2.6396469e-08
vn -0.603880823 0.797074616 3.48412428e-08
vn -0.383102417 0.923705816 4.03764595e-08
vn 1 0 0
vn -0.38269034 0.923876703 4.03839309e-08
vn -0.990598738 0.136799842 5.9797105e-09
vn -0.990598738 -0.136799842 -5.9797105e-09
vn 0.38269034 0.923876703 4.03839309e-08
vn -0.367885679 0.92926383 0.0335987322
vn -0.366696477 0.929991066 0.0254997946
vn -0.376588732 0.925272346 0.0452986844
vn -0.360301554 0.932803988 0.007700074
vn -0.366705269 0.930113435 -0.0204002541
vn -0.374884009 0.925160587 -0.0594974235
vn -0.370189667 0.925574124 -0.0791977495
vn -0.381692797 0.920482695 -0.0837983787
vn -0.400705516 0.913412631 -0.071500957
vn 0.996549189 3.62822417e-09 -0.0830040947
vn -0.986092269 7.264775e-09 -0.166198686
vn -0.948523164 1.38437359e-08 -0.31670776
vn -0.999932706 5.0706872e-10 -0.0116003798
vn -0.0470995381 -4.36628795e-08 0.998890221
vn -0.023500558 -4.36993126e-08 0.999723792
vn 0.0156996362 -4.37060024e-08 0.999876797
vn 0.0314002149 -4.3689834e-08 0.999506891
vn 0.0470995381 -4.36628795e-08 0.998890221
vn 0.438794017 -3.92785147e-08 0.898587704
vn 0.520484328 -0.478385597 0.707278728
vn 0.588207364 -3.53498457e-08 0.808710158
vn 0.271298975 -0.396798551 0.876896739
vn 0.102396861 -0.962270439 0.252092212
vn 0.171604544 -0.960125446 0.220705807
vn 0.165096223 -4.31115588e-08 0.986277461
vn 0.18679516 -0.539386034 0.821078718
vn 0.0514971092 -0.971545458 0.231186956
vn 0 -0.923670471 0.383187711
vn -0.0514971092 -0.971545458 0.231186956
vn 0.101998411 -4.34834142e-08 0.994784534
vn -0.0685034245 -0.382419169 0.921446025
vn -0.197808206 -4.2847681e-08 0.980240703
vn -0.160200328 -0.621201336 0.767101526
vn -0.102396861 -0.962270439 0.252092212
vn -0.171604544 -0.960125446 0.220705807
vn -0.463107169 -0.62760967 0.625809729
vn -0.338285387 -0.328185916 0.881962061
vn -0.588207364 -3.53498457e-08 0.808710158
vn -0.356203228 -4.08442915e-08 0.934408486
vn -1 0 0
vn 0.407791018 -0.912280023 0.038099125
vn 0.547398686 -0.835298061 0.0512998439
vn 0.550105512 -0.83330822 0.0546005033
vn 0.250003844 -0.968014896 0.0211002789
vn 0.0930039585 -0.995642424 0.00680024642
vn 0.0891008601 -0.996009588 0.00510000624
vn 0.88595283 2.02722621e-08 -0.463775307
vn 0.94862324 1.3830622e-08 -0.31640777
vn 0.797979474 2.63441766e-08 -0.602684557
vn 0.691488266 3.15765725e-08 -0.722387731
vn -0.690670669 3.16107354e-08 -0.723169386
vn -0.690618396 3.16129274e-08 -0.723219335
vn 0.378203332 0.91310811 0.152301401
vn 0.707094848 0.707094848 0.00579998875
vn 0.382599622 0.923899055 0.00530003523
vn 0.747702718 0.634602308 0.195500746
vn 0.993696988 -4.90003194e-09 0.112099655
vn 0.999983728 -2.49150839e-10 0.00569990743
vn 0.797109365 -0.603807092 0.00580004137
vn 0.695509076 -0.699409187 0.164602131
vn 0.136797592 -0.990582526 0.00569985621
vn 0.573584139 0.756079078 0.315191329
vn 0.948051453 -1.39053471e-08 0.318117261
vn 0.573584139 -0.756079078 0.315191269
vn -0.00319991144 -0.98637265 0.164495379
vn -0.707094848 -0.707094848 0.00579992775
vn 0.365292192 0.882581115 0.295993716
vn -0.129899129 -0.940093815 0.315197885
vn -0.635008276 -0.747409701 0.195302516
vn -0.986326277 -7.2038282e-09 0.164804399
vn -0.999983728 -2.49150839e-10 0.00569990743
vn -0.797109365 0.603807092 0.00580009446
vn -0.595642269 0.786555827 0.162911579
vn -0.382720113 0.923848569 0.00540032424
vn -0.378409326 0.913022459 0.152303785
vn -0.756822646 -0.572317123 0.315709412
vn -0.94768858 -1.39525058e-08 0.319196135
vn -0.756822646 0.572317123 0.315709472
vn -0.365487069 0.882568777 0.29578957
vn 0.0449011698 0.797220767 0.602015734
vn 0.0212989543 0.755962908 0.654267907
vn 0.0441981442 0.79736644 0.601874709
vn 0.220895469 0.670686245 0.708085537
vn 0.346099734 0.368499726 0.862799346
vn 0.487604946 0.354603559 0.797808051
vn 0.229906484 0.0500013679 0.971927404
vn 0.233392939 -0.00479989732 0.972370565
vn 0 -0.0404992141 0.999179482
vn 0 -0.0442010425 0.999022663
vn -0.166593969 -0.0226992201 0.985764265
vn -0.224098295 0.0119998669 0.97449261
vn -0.412774831 0.114992961 0.903544962
vn -0.388792604 0.264694959 0.882483244
vn -0.480296165 0.566295445 0.669794679
vn -0.365606606 0.614811063 0.698812604
vn -0.487508148 0.728212178 0.481708109
vn -0.502096057 0.716894269 0.483696193
vn 0.945815265 0.324705243 1.41933159e-08
vn 0.998264015 -0.0588978752 -2.57450794e-09
vn 0.861777306 -0.507286668 -2.21742038e-08
vn 0.255103648 -0.96691376 -4.2265146e-08
vn -0.216591641 -0.976262271 -4.26737756e-08
vn -0.841525912 -0.540216684 -2.36136195e-08
vn -0.995419621 -0.0956018791 -4.17889146e-09
vn -0.774398148 0.632698536 2.76561334e-08
vn -0.400005519 0.916512728 4.00620443e-08
vn -0.0212994255 0.999773085 4.37014691e-08
vn -0.547398686 -0.835298061 0.0512998439
vn -0.407791018 -0.912280023 0.038099125
vn -0.550105512 -0.83330822 0.0546005033
vn -0.250003844 -0.968014896 0.0211002789
vn -0.0930039585 -0.995642424 0.00680024642
vn -0.0891008601 -0.996009588 0.00510000624
vn -0.374912024 0.905028939 0.200906485
vn -0.573584139 0.756079078 0.315191329
vn -0.365292192 0.882581115 0.295993716
vn -0.695509076 0.699409187 0.164602175
vn -0.948051453 -1.39053471e-08 0.318117261
vn -0.993696988 -4.90003194e-09 0.112099655
vn -0.747702777 -0.634602368 0.195500687
vn -0.573584139 -0.756079078 0.315191269
vn -0.134894744 -0.977361977 0.16299361
vn 0.129899129 -0.940093815 0.315197885
vn 0.595642269 -0.786555827 0.162911519
vn 0.756822646 -0.572317123 0.315709412
vn 0.986326277 -7.2038282e-09 0.164804399
vn 0.94768858 -1.39525058e-08 0.319196135
vn 0.756822646 0.572317123 0.315709472
vn 0.635008276 0.747409701 0.195302576
vn 0.365487069 0.882568777 0.29578957
vn 0.380707592 0.918918371 0.10320209
vn -0.368003219 -0.929708242 0.0147000877
vn -0.36730814 -0.929520667 0.0328006893
vn -0.376588732 -0.925272346 0.0452985987
vn -0.354511172 -0.93462944 -0.0281009283
vn -0.355196804 -0.930891633 -0.0852992684
vn -0.341899186 -0.925597727 -0.162399665
vn -0.344900995 -0.921002626 -0.181100562
vn -0.335299671 -0.918999076 -0.207399845
vn -0.340994984 -0.917686462 -0.203897059
vn -0.132696509 -0.934575498 -0.330091387
vn -0.028399514 -0.893184721 -0.448792338
vn 0.0279009696 -0.884230733 -0.466216236
vn -0.162701339 -0.932307661 -0.323002696
vn -0.233210385 -0.951042295 -0.20280908
vn -0.22880435 -0.953618109 -0.195603773
vn 0.480296165 0.566295445 0.669794679
vn 0.487508148 0.728212178 0.481708109
vn 0.502096057 0.716894269 0.483696193
vn 0.365606606 0.614811063 0.698812604
vn 0.388792604 0.264694959 0.882483244
vn 0.412774831 0.114992961 0.903544962
vn 0.224098295 0.0119998669 0.97449261
vn 0.166593969 -0.0226992201 0.985764265
vn -0.229906484 0.0500013679 0.971927404
vn -0.233392939 -0.00479989732 0.972370565
vn -0.346099734 0.368499726 0.862799346
vn -0.487604946 0.354603559 0.797808051
vn -0.220895469 0.670686245 0.708085537
vn -0.0212989543 0.755962908 0.654267907
vn -0.0449011698 0.797220767 0.602015734
vn -0.0441981442 0.79736644 0.601874709
vn 0.923876703 -0.38269034 -1.67279275e-08
vn 0.923876703 0.38269034 1.67279275e-08
vn 0 1 4.37113883e-08
vn -0.740974307 -0.671376765 -0.0144995283
vn -0.771921575 -0.635717809 -2.77881078e-08
vn -0.383108318 -0.923520088 -0.0184004437
vn 0.00879967865 -0.999663532 -0.024399152
vn 0.0169992447 -0.999855459 -4.37050716e-08
vn 0.371394217 -0.928385615 -0.0128998412
vn 0.636695862 -0.77099508 -0.0135999462
vn 0.819283605 -0.573388517 -2.50636063e-08
vn -0.99735409 0.000199987626 0.072696656
vn -0.992833674 -5.22368859e-09 0.119504057
vn -0.99733901 -3.18668469e-09 0.0729028508
vn -0.999307692 0.000400004676 -0.0372002833
vn -0.99494642 0.000700036995 -0.100404687
vn -0.981020451 0.000400016812 -0.193904057
vn -0.974311888 0.000200012248 -0.225202724
vn -0.966678262 -9.99865588e-05 -0.255994231
vn -0.966678262 1.11898633e-08 -0.255994231
vn 0.39700684 -4.01190015e-08 0.917815685
vn -0.0766965076 4.35826379e-08 -0.997054517
vn 0.202592373 4.28049489e-08 -0.979263127
vn 0.337299079 4.11497858e-08 -0.941397429
vn -0.337299079 4.11497858e-08 -0.941397429
vn -0.202592373 4.28049489e-08 -0.979263127
vn 0.0766965076 4.35826379e-08 -0.997054517
vn -0.298292071 -4.17214139e-08 0.954474628
vn -0.266803503 -0.447205931 0.853711247
vn -0.133400619 -0.894404173 0.426901966
vn -0.0862964839 0.00449977256 0.996259391
vn -0.0963039547 0.00470014988 0.995340884
vn -0.0967012942 -4.35065282e-08 0.995313406
vn -0.0810986087 0.00679984037 0.996682942
vn -0.0661998093 0.0042999438 0.997797072
vn 0.332897633 -0.916093588 -0.223498479
vn 0.582274199 -0.712968349 -0.390682697
vn 0.332882792 -0.916052699 -0.223688483
vn 0.775901973 -0.35630092 -0.520601392
vn 0.694826841 0.547421217 -0.466417998
vn 0.694815516 0.54761219 -0.466210395
vn 0.332801342 0.916103661 -0.223600835
vn 0.33269006 0.916072667 -0.22389327
vn 0.36730814 -0.929520667 0.0328006893
vn 0.368003219 -0.929708242 0.0147000877
vn 0.376588732 -0.925272346 0.0452985987
vn 0.354511172 -0.93462944 -0.0281009283
vn 0.355196804 -0.930891633 -0.0852992684
vn 0.341899186 -0.925597727 -0.162399665
vn 0.344900995 -0.921002626 -0.181100562
vn 0.335299671 -0.918999076 -0.207399845
vn 0.340994984 -0.917686462 -0.203897059
vn -0.39700684 -4.01190015e-08 0.917815685
vn 0.0963039547 0.00470014988 0.995340884
vn 0.0862964839 0.00449977256 0.996259391
vn 0.0967012942 -4.35065282e-08 0.995313406
vn 0.0810986087 0.00679984037 0.996682942
vn 0.0661998093 0.0042999438 0.997797072
vn -0.582274199 -0.712968349 -0.390682697
vn -0.332897633 -0.916093588 -0.223498479
vn -0.332882792 -0.916052699 -0.223688483
vn -0.775901973 -0.35630092 -0.520601392
vn -0.694826841 0.547421217 -0.466417998
vn -0.694815516 0.54761219 -0.466210395
vn -0.332801342 0.916103661 -0.223600835
vn -0.33269006 0.916072667 -0.22389327
vn -0.309995502 0.919686615 -0.24099645
vn -0.400997341 0.906793952 -0.130099103
vn -0.400803506 0.906908035 -0.129901096
vn -0.346710414 0.911027312 -0.223206624
vn -0.212205768 0.91342479 -0.347309411
vn -0.134602562 0.915717542 -0.378607213
vn 0.924153209 0.382021964 1.66987117e-08
vn 0.136505425 0.990639329 4.33022187e-08
vn -0.136505425 0.990639329 4.33022187e-08
vn 0.924153209 -0.382021964 -1.66987117e-08
vn 0.230205357 -0.498911589 -0.835519493
vn -0.221205398 -0.632715404 -0.74211812
vn 0.133200154 -0.769500852 -0.624600768
vn -0.200197861 -0.771591842 -0.603793681
vn -0.523096144 -0.713594735 -0.465996563
vn -0.6104967 -0.737096071 -0.289798468
vn -0.247101337 -0.875004709 -0.416302294
vn -0.348790318 -0.929474115 -0.120096691
vn -0.557105422 -0.829608083 -0.0372003987
vn 0.523096144 -0.713594735 -0.465996563
vn 0.344594657 -0.836887062 -0.425293446
vn 0.6104967 -0.737096071 -0.289798468
vn 0.249086797 -0.961749017 -0.113994002
vn -0.186406404 -0.98173368 -0.0381013565
vn 0.557105422 -0.829608083 -0.0372003987
vn 0.280995339 -0.958984077 -0.0372994244
vn -0.427789718 3.9509775e-08 -0.903878331
vn 0.266803503 -0.447205931 0.853711247
vn 0.298292071 -4.17214139e-08 0.954474628
vn 0.133400619 -0.894404173 0.426901966
vn -0.924153209 0.382021964 1.66987117e-08
vn -0.924153209 -0.382021964 -1.66987117e-08
vn 0.995107174 -4.3187165e-09 0.0988007039
vn 0.427789718 3.9509775e-08 -0.903878331
vn 0.400997341 0.906793952 -0.130099103
vn 0.309995502 0.919686615 -0.24099645
vn 0.400803506 0.906908035 -0.129901096
vn 0.346710414 0.911027312 -0.223206624
vn 0.212205768 0.91342479 -0.347309411
vn 0.134602562 0.915717542 -0.378607213
vn -0.0148994634 -0.89416784 -0.447483897
vn -0.0295000896 -0.92480284 -0.37930119
vn -0.0434011742 -0.89382422 -0.4463121
vn 0.00870010071 -0.921910703 -0.387304515
vn 0 -0.964712918 -0.263303578
vn -0.618411362 -0.754313886 -0.220404088
vn 0.0440000519 -0.893500984 -0.446900547
vn 0.0246990658 -0.934164643 -0.355986536
vn 0.733393133 -0.646393955 -0.210498065
vn 0.414590746 -0.891480088 -0.182695955
vn 0 -0.979630828 -0.200806364
vn -0.646109462 -0.747710943 -0.153202266
vn -0.979754567 -0.199190766 -0.0200990774
vn -0.945375979 -0.290092647 -0.148696244
vn -0.923772693 -0.314490706 -0.218493551
vn -0.901481867 -0.397992015 -0.170096606
vn 0.979754567 -0.199190766 -0.0200990774
vn 0.945375979 -0.290092647 -0.148696244
vn 0.923772693 -0.314490706 -0.218493551
vn 0.901481867 -0.397992015 -0.170096606
vn -0.995107174 -4.3187165e-09 0.0988007039
vn -0.61090374 -3.46065185e-08 0.791704834
vn -0.923705816 0.383102417 1.6745938e-08
vn -0.136897951 0.990585148 4.32998561e-08
vn 0.136897951 0.990585148 4.32998561e-08
vn 0.923705816 0.383102417 1.6745938e-08
vn -0.923705816 -0.383102417 -1.6745938e-08
vn 0.923705816 -0.383102417 -1.6745938e-08
vn 0.257503569 -0.0178002045 -0.966113329
vn 0.245906547 -0.0267006662 -0.968925774
vn 0.213101089 -0.0252000876 -0.976705074
vn 0.279511333 -0.0141005283 -0.960038841
vn 0.280487597 4.1956703e-08 -0.959857583
vn 0 0.00169995392 0.99999851
vn 0 0.00119995547 0.999999225
vn 0 0.000799956033 0.999999702
vn 0 -0.000800043461 0.999999702
vn 0 -0.00170004123 0.99999851
vn 0 -0.00120004278 0.999999225
vn 0.822607577 -0.568305254 -0.0186001956
vn 0.93185699 -0.318385273 0.173991933
vn 0.855322421 -0.511613429 0.0817021132
vn 0.680903256 -0.719003439 -0.139300704
vn 0.610901713 -0.729802012 -0.306900889
vn 0.661012232 -0.718613267 -0.216004044
vn 0.588699698 -0.703299701 -0.398499846
vn 0.329211533 -0.808428407 -0.487917155
vn 0.594082057 -0.803775668 -0.0317990743
vn 0.345819652 -0.911851764 -0.221212611
vn 0.371808499 -0.840919197 -0.393208981
vn 0 -0.890249074 -0.455474019
vn -0.000100002668 -0.845222592 -0.534414351
vn -0.332211345 -0.805927515 -0.490016788
vn 0.235108882 -0.968736649 -0.0792030394
vn 0 -0.981784582 -0.189997062
vn 0 -0.99670583 -0.0811005235
vn -0.197995931 -0.976579905 -0.0841983184
vn -0.327298313 -0.917595208 -0.225598887
vn -0.371793896 -0.840886116 -0.39329356
vn -0.604907811 -0.727709353 -0.323304206
vn -0.5954234 -0.695827305 -0.401615828
vn -0.673197508 -0.694397509 -0.254199117
vn -0.733418405 -0.666916728 -0.131603345
vn -0.484180033 -0.872164011 -0.0699971467
vn -0.621035218 -0.766043365 -0.165809438
vn -0.678907692 -0.733508289 -0.0324003994
vn -0.93185699 -0.318385273 0.173991933
vn -0.822607577 -0.568305254 -0.0186001956
vn -0.855322421 -0.511613429 0.0817021132
vn -0.680903256 -0.719003439 -0.139300704
vn -0.594082057 -0.803775668 -0.0317990743
vn -0.345819652 -0.911851764 -0.221212611
vn -0.235108882 -0.968736649 -0.0792030394
vn 0.197995931 -0.976579905 -0.0841983184
vn -0.610901713 -0.729802012 -0.306900889
vn -0.371808499 -0.840919197 -0.393208981
vn 0.327298313 -0.917595208 -0.225598887
vn 0.484180033 -0.872164011 -0.0699971467
vn 0.621035218 -0.766043365 -0.165809438
vn 0.678907692 -0.733508289 -0.0324003994
vn -0.661012232 -0.718613267 -0.216004044
vn -0.588699698 -0.703299701 -0.398499846
vn -0.329211533 -0.808428407 -0.487917155
vn 0.000100002668 -0.845222592 -0.534414351
vn 0.332211345 -0.805927515 -0.490016788
vn 0.371793896 -0.840886116 -0.39329356
vn 0.604907811 -0.727709353 -0.323304206
vn 0.733418405 -0.666916728 -0.131603345
vn 0.5954234 -0.695827305 -0.401615828
vn 0.673197508 -0.694397509 -0.254199117
vn 0.707106769 0.707106769 3.09086161e-08
vn 0.797291934 -0.603593946 -2.63839262e-08
vn 0.603593946 -0.797291934 -3.48507392e-08
vn -0.603593946 -0.797291934 -3.48507392e-08
vn -0.797291934 -0.603593946 -2.63839262e-08
vn -0.797291934 0.603593946 2.63839262e-08
vn -0.603593946 0.797291934 3.48507392e-08
vn 0.162198246 -0.969489455 -0.183798045
vn 0.401082754 -0.86946255 -0.288387626
vn 0.216896206 -0.955383182 -0.20049651
vn 0.182600424 -0.927602112 -0.325900763
vn 0 -0.964629769 -0.263608158
vn 0 -0.927827001 -0.373010844
vn -0.182600424 -0.927602112 -0.325900763
vn -0.162198246 -0.969489455 -0.183798045
vn -0.401082754 -0.86946255 -0.288387626
vn 0.0375000313 -0.99830085 -0.0446000807
vn 0 -0.998856902 -0.0477979854
vn -0.0375000313 -0.99830085 -0.0446000807
vn -0.216896206 -0.955383182 -0.20049651
vn 0.102396861 0.962270439 0.252092272
vn 0.0514971092 0.971545458 0.231187046
vn 0.116398856 0.833191812 0.540594757
vn 0.188301504 0.856706917 0.480203867
vn 0.325888693 0.840170979 0.433485031
vn 0.171604544 0.960125446 0.220705912
vn 0 0.923670411 0.383187741
vn 0 0.833110332 0.553106904
vn -0.116398856 0.833191812 0.540594757
vn -0.0514971092 0.971545458 0.231187046
vn -0.102396861 0.962270439 0.252092272
vn -0.188301504 0.856706917 0.480203867
vn -0.325888693 0.840170979 0.433485031
vn -0.171604544 0.960125446 0.220705912
vn 0.288095802 0.953786075 -0.0853987113
vn -0.18699263 0.982361257 4.29403784e-08
vn 0.28179276 0.959475279 4.19399981e-08
vn -0.287991375 0.95047158 -0.116896458
vn -0.552387416 0.833580971 -0.00329988822
vn -0.556715906 0.804522991 -0.206905872
vn -0.234404117 0.844114721 -0.482208431
vn -0.294102401 0.780606449 -0.551504493
vn 0.194600821 0.759103298 -0.621202648
vn 0.552387416 0.833580971 -0.00329988822
vn 0.556715906 0.804522991 -0.206905872
vn 0.233006001 0.902423203 -0.362409264
vn 0.823787749 -0.551791787 0.129998028
vn 0.805572748 -0.541981637 0.239391878
vn 0.87094909 -0.485271633 0.077195473
vn 0.26860562 -0.95141989 0.150503099
vn 0.35959506 -0.887487769 0.288195997
vn -0.257306159 -0.920422137 0.294307023
vn -0.356680214 -0.922748864 0.145991862
vn 0.206007421 -0.884631813 0.418314993
vn -0.310815394 -0.859242558 0.406320095
vn -0.805572748 -0.541981637 0.239391878
vn -0.823787749 -0.551791787 0.129998028
vn -0.87094909 -0.485271633 0.077195473
vn -0.167195514 0.965674043 -0.198794603
vn -0.401082754 0.86946255 -0.288387567
vn -0.246292189 0.942070127 -0.227692708
vn -0.182600424 0.927602112 -0.325900674
vn 0 0.964629769 -0.263608098
vn 0 0.927827001 -0.373010814
vn 0.182600424 0.927602112 -0.325900674
vn 0.167195514 0.965674043 -0.198794603
vn 0.401082754 0.86946255 -0.288387567
vn -0.053002093 0.994539201 -0.0899035037
vn 0 0.997917652 -0.0645010918
vn 0.053002093 0.994539201 -0.0899035037
vn 0.246292189 0.942070127 -0.227692708

# Mesh 'PipelineFBX0' with 920 faces
g PipelineFBX0
usemtl DefaultMaterial
f  1/1/1 2/2/2 3/3/1
f  4/2/2 5/1/1 6/4/3
f  7/4/3 8/5/4 9/2/2
f  10/5/4 11/4/3 12/6/5
f  13/7/6 14/8/7 15/9/7
f  16/8/7 17/7/6 18/10/8
f  19/11/9 20/10/8 21/7/6
f  22/10/8 23/11/9 24/12/10
f  25/13/11 26/12/10 27/11/9
f  28/12/10 29/13/11 30/14/12
f  31/15/13 32/14/12 33/13/11
f  34/14/12 35/15/13 36/16/14
f  37/17/15 38/16/14 39/15/13
f  40/16/14 41/17/15 42/18/16
f  43/19/17 44/18/16 45/17/15
f  46/18/16 47/19/17 48/20/18
f  49/21/19 50/20/18 51/19/17
f  52/20/18 53/21/19 54/22/20
f  55/23/21 56/22/20 57/21/19
f  58/22/20 59/23/21 60/24/21
f  61/25/22 62/26/22 63/27/22
f  64/26/22 65/25/22 66/28/22
f  67/29/23 68/30/24 69/31/23
f  70/30/24 71/29/23 72/32/24
f  73/33/25 74/30/24 75/32/24
f  76/30/24 77/33/25 78/34/25
f  79/35/26 80/36/27 81/37/27
f  82/36/27 83/35/26 84/38/26
f  85/35/26 86/39/28 87/38/26
f  88/39/28 89/35/26 90/40/28
f  91/30/29 92/29/30 93/31/30
f  94/29/30 95/30/29 96/32/29
f  97/30/29 98/33/31 99/32/29
f  100/33/31 101/30/29 102/34/32
f  103/34/32 104/41/33 105/33/31
f  106/41/33 107/34/32 108/42/33
f  109/43/34 110/41/33 111/42/33
f  112/41/33 113/43/34 114/44/35
f  115/45/36 116/44/35 117/43/34
f  118/44/35 119/45/36 120/46/36
f  121/45/36 122/47/37 123/46/36
f  124/47/37 125/45/36 126/48/37
f  127/49/38 128/50/38 129/51/38
f  130/50/38 131/49/38 132/52/38
f  133/49/38 134/53/38 135/52/38
f  136/53/38 137/49/38 138/54/38
f  139/6/39 140/55/40 141/56/40
f  142/55/40 143/6/39 144/5/41
f  145/57/42 146/58/43 147/59/43
f  148/58/43 149/57/42 150/60/44
f  151/61/45 152/60/44 153/57/42
f  154/60/44 155/61/45 156/62/46
f  157/63/47 158/62/46 159/61/45
f  160/62/46 161/63/47 162/64/48
f  163/65/49 164/64/48 165/63/47
f  166/64/48 167/65/49 168/66/50
f  169/67/51 170/66/50 171/65/49
f  172/66/50 173/67/51 174/68/52
f  175/69/53 176/68/52 177/67/51
f  178/68/52 179/69/53 180/70/54
f  181/71/55 182/70/54 183/69/53
f  184/70/54 185/71/55 186/72/56
f  187/73/57 188/72/56 189/71/55
f  190/72/56 191/73/57 192/74/57
f  193/58/57 194/57/56 195/59/57
f  196/57/56 197/58/57 198/60/55
f  199/60/55 200/61/54 201/57/56
f  202/61/54 203/60/55 204/62/53
f  205/62/53 206/63/52 207/61/54
f  208/63/52 209/62/53 210/64/51
f  211/64/51 212/65/50 213/63/52
f  214/65/50 215/64/51 216/66/49
f  217/66/49 218/67/48 219/65/50
f  220/67/48 221/66/49 222/68/47
f  223/68/47 224/69/46 225/67/48
f  226/69/46 227/68/47 228/70/45
f  229/70/45 230/71/44 231/69/46
f  232/71/44 233/70/45 234/72/42
f  235/72/42 236/73/43 237/71/44
f  238/73/43 239/72/42 240/74/43
f  241/75/58 242/76/58 243/77/58
f  244/76/58 245/75/58 246/78/58
f  247/79/59 248/80/60 249/81/61
f  250/80/60 251/79/59 252/82/62
f  253/82/62 254/83/63 255/80/60
f  256/82/62 257/84/64 258/83/63
f  259/84/64 260/85/65 261/83/63
f  262/86/66 263/85/65 264/84/64
f  265/85/65 266/86/66 267/87/67
f  268/88/68 269/89/69 270/90/70
f  271/89/69 272/88/68 273/91/71
f  274/91/71 275/92/72 276/89/69
f  277/92/72 278/91/71 279/93/73
f  280/93/73 281/94/74 282/92/72
f  283/94/74 284/93/73 285/95/75
f  286/96/76 287/97/77 288/98/78
f  289/97/77 290/96/76 291/99/79
f  292/100/80 293/99/79 294/96/76
f  295/99/79 296/100/80 297/101/81
f  298/102/82 299/101/81 300/100/80
f  301/101/81 302/102/82 303/103/83
f  304/102/82 305/104/84 306/103/83
f  307/104/84 308/102/82 309/105/84
f  310/106/85 311/107/86 312/108/87
f  313/107/86 314/106/85 315/109/88
f  316/106/85 317/110/89 318/109/88
f  319/110/89 320/106/85 321/111/90
f  322/112/91 323/113/91 324/114/91
f  325/113/91 326/112/91 327/115/91
f  328/116/40 329/117/40 330/118/40
f  331/117/40 332/116/40 333/119/40
f  334/119/40 335/120/40 336/117/40
f  337/121/92 338/122/93 339/123/93
f  340/122/93 341/121/92 342/124/94
f  343/125/95 344/124/94 345/121/92
f  346/124/94 347/125/95 348/126/96
f  349/127/97 350/126/96 351/125/95
f  352/126/96 353/127/97 354/128/98
f  355/129/99 356/128/98 357/127/97
f  358/128/98 359/129/99 360/130/100
f  361/131/101 362/130/100 363/129/99
f  364/130/100 365/131/101 366/132/101
f  367/133/102 368/134/103 369/135/104
f  370/134/103 371/133/102 372/136/105
f  373/136/105 374/133/102 375/137/106
f  376/89/107 377/88/108 378/90/109
f  379/88/108 380/89/107 381/91/110
f  382/92/111 383/91/110 384/89/107
f  385/91/110 386/92/111 387/93/112
f  388/94/113 389/93/112 390/92/111
f  391/93/112 392/94/113 393/95/114
f  394/138/115 395/139/116 396/140/115
f  397/139/116 398/138/115 399/141/117
f  400/141/117 401/142/118 402/139/116
f  403/142/118 404/141/117 405/143/118
f  406/144/119 407/145/119 408/146/120
f  409/145/119 410/144/119 411/147/119
f  412/148/121 413/149/122 414/150/121
f  415/149/122 416/148/121 417/151/123
f  418/151/123 419/152/124 420/149/122
f  421/152/124 422/151/123 423/153/125
f  424/153/125 425/154/126 426/152/124
f  427/154/126 428/153/125 429/155/127
f  430/155/127 431/156/128 432/154/126
f  433/156/128 434/155/127 435/157/129
f  436/157/129 437/158/130 438/156/128
f  439/158/130 440/157/129 441/159/131
f  442/159/131 443/160/132 444/158/130
f  445/160/132 446/159/131 447/161/133
f  448/161/133 449/162/134 450/160/132
f  451/162/134 452/161/133 453/163/135
f  454/163/135 455/164/136 456/162/134
f  457/164/136 458/163/135 459/165/136
f  460/166/137 461/167/137 462/168/137
f  463/167/137 464/166/137 465/169/137
f  466/170/22 467/171/22 468/172/22
f  469/171/22 470/170/22 471/173/22
f  472/6/5 473/55/40 474/5/4
f  475/55/40 476/6/5 477/56/40
f  478/58/138 479/57/44 480/59/138
f  481/57/44 482/58/138 483/60/42
f  484/60/42 485/61/139 486/57/44
f  487/61/139 488/60/42 489/62/140
f  490/62/140 491/63/56 492/61/139
f  493/63/56 494/62/140 495/64/55
f  496/64/55 497/65/54 498/63/56
f  499/65/54 500/64/55 501/66/53
f  502/66/53 503/67/52 504/65/54
f  505/67/52 506/66/53 507/68/51
f  508/68/51 509/69/50 510/67/52
f  511/69/50 512/68/51 513/70/49
f  514/70/49 515/71/48 516/69/50
f  517/71/48 518/70/49 519/72/47
f  520/72/47 521/73/141 522/71/48
f  523/73/141 524/72/47 525/74/141
f  526/76/58 527/75/58 528/77/58
f  529/75/58 530/76/58 531/78/58
f  532/86/142 533/85/143 534/87/144
f  535/85/143 536/86/142 537/84/145
f  538/85/143 539/84/145 540/83/146
f  541/84/145 542/82/147 543/83/146
f  544/83/146 545/82/147 546/80/148
f  547/82/147 548/81/149 549/80/148
f  550/81/149 551/82/147 552/79/150
f  553/50/151 554/49/151 555/51/151
f  556/49/151 557/50/151 558/52/151
f  559/53/151 560/49/151 561/52/151
f  562/49/151 563/53/151 564/54/151
f  565/35/152 566/39/153 567/40/153
f  568/39/153 569/35/152 570/38/152
f  571/35/152 572/36/154 573/38/152
f  574/36/154 575/35/152 576/37/154
f  577/174/155 578/175/156 579/176/155
f  580/175/156 581/174/155 582/177/156
f  583/178/157 584/175/156 585/177/156
f  586/175/156 587/178/157 588/179/158
f  589/180/159 590/179/158 591/178/157
f  592/179/158 593/180/159 594/181/159
f  595/182/160 596/183/161 597/184/162
f  598/183/161 599/182/160 600/185/163
f  601/186/164 602/183/161 603/185/163
f  604/183/161 605/186/164 606/187/165
f  607/186/164 608/188/22 609/187/165
f  610/188/22 611/186/164 612/189/22
f  613/186/164 614/190/22 615/189/22
f  616/191/166 617/185/163 618/182/160
f  619/185/163 620/191/166 621/192/167
f  622/192/167 623/186/164 624/185/163
f  625/186/164 626/192/167 627/193/168
f  628/190/22 629/186/164 630/193/168
f  631/193/168 632/194/22 633/190/22
f  634/194/22 635/193/168 636/195/169
f  637/196/170 638/194/22 639/195/169
f  640/194/22 641/196/170 642/197/22
f  643/198/171 644/192/167 645/191/166
f  646/192/167 647/198/171 648/199/172
f  649/195/169 650/192/167 651/199/172
f  652/192/167 653/195/169 654/193/168
f  655/200/173 656/199/172 657/198/171
f  658/199/172 659/200/173 660/201/174
f  661/201/174 662/195/169 663/199/172
f  664/195/169 665/201/174 666/196/170
f  667/201/174 668/202/175 669/196/170
f  670/202/175 671/197/22 672/196/170
f  673/197/22 674/202/175 675/203/22
f  676/202/175 677/204/22 678/203/22
f  679/204/22 680/202/175 681/205/176
f  682/202/175 683/206/177 684/205/176
f  685/200/173 686/207/178 687/201/174
f  688/202/175 689/201/174 690/207/178
f  691/206/177 692/202/175 693/207/178
f  694/207/178 695/208/179 696/206/177
f  697/208/179 698/207/178 699/209/180
f  700/207/178 701/200/173 702/209/180
f  703/167/181 704/166/181 705/168/181
f  706/166/181 707/167/181 708/169/181
f  709/171/22 710/170/22 711/172/22
f  712/170/22 713/171/22 714/173/22
f  715/210/182 716/211/183 717/212/184
f  718/211/183 719/210/182 720/213/185
f  721/214/186 722/213/185 723/210/182
f  724/213/185 725/214/186 726/215/187
f  727/139/188 728/138/189 729/140/189
f  730/138/189 731/139/188 732/141/190
f  733/142/191 734/141/190 735/139/188
f  736/141/190 737/142/191 738/143/191
f  739/145/192 740/144/192 741/146/193
f  742/144/192 743/145/192 744/147/192
f  745/216/194 746/217/195 747/218/196
f  748/217/195 749/216/194 750/219/197
f  751/220/198 752/217/195 753/219/197
f  754/217/195 755/220/198 756/221/199
f  757/220/198 758/222/200 759/221/199
f  760/222/200 761/220/198 762/223/201
f  763/223/201 764/224/202 765/222/200
f  766/216/194 767/225/203 768/219/197
f  769/226/204 770/219/197 771/225/203
f  772/219/197 773/226/204 774/220/198
f  775/226/204 776/223/201 777/220/198
f  778/223/201 779/226/204 780/227/205
f  781/227/205 782/228/206 783/223/201
f  784/224/202 785/223/201 786/228/206
f  787/228/206 788/229/207 789/224/202
f  790/225/203 791/216/194 792/230/208
f  793/228/206 794/227/205 795/231/209
f  796/231/209 797/232/210 798/228/206
f  799/229/207 800/228/206 801/232/210
f  802/233/211 803/229/207 804/232/210
f  805/229/207 806/233/211 807/234/212
f  808/233/211 809/235/213 810/234/212
f  811/235/213 812/233/211 813/236/214
f  814/236/214 815/237/215 816/235/213
f  817/237/215 818/236/214 819/238/216
f  820/232/210 821/231/209 822/239/217
f  823/239/217 824/233/211 825/232/210
f  826/233/211 827/239/217 828/240/218
f  829/241/219 830/233/211 831/240/218
f  832/233/211 833/241/219 834/236/214
f  835/242/220 836/236/214 837/241/219
f  838/236/214 839/242/220 840/238/216
f  841/243/221 842/244/222 843/245/223
f  844/244/222 845/243/221 846/246/224
f  847/246/224 848/247/225 849/244/222
f  850/247/225 851/246/224 852/248/226
f  853/249/227 854/247/225 855/248/226
f  856/247/225 857/249/227 858/250/228
f  859/249/227 860/251/229 861/250/228
f  862/251/229 863/249/227 864/252/230
f  865/253/231 866/251/229 867/252/230
f  868/251/229 869/253/231 870/254/232
f  871/255/233 872/254/232 873/253/231
f  874/254/232 875/255/233 876/256/234
f  877/257/235 878/256/234 879/255/233
f  880/256/234 881/257/235 882/258/236
f  883/257/235 884/259/237 885/258/236
f  886/259/237 887/257/235 888/260/238
f  889/261/239 890/262/240 891/263/239
f  892/262/240 893/261/239 894/264/241
f  895/264/241 896/265/242 897/262/240
f  898/265/242 899/264/241 900/266/243
f  901/266/243 902/267/244 903/265/242
f  904/267/244 905/266/243 906/268/245
f  907/268/245 908/269/246 909/267/244
f  910/269/246 911/268/245 912/270/247
f  913/270/247 914/271/248 915/269/246
f  916/271/248 917/270/247 918/272/248
f  919/211/249 920/210/250 921/212/251
f  922/210/250 923/211/249 924/213/252
f  925/213/252 926/214/253 927/210/250
f  928/214/253 929/213/252 930/215/254
f  931/216/255 932/225/256 933/230/257
f  934/225/256 935/216/255 936/219/258
f  937/219/258 938/226/259 939/225/256
f  940/226/259 941/219/258 942/220/260
f  943/223/261 944/226/259 945/220/260
f  946/226/259 947/223/261 948/227/262
f  949/228/263 950/227/262 951/223/261
f  952/227/262 953/228/263 954/231/264
f  955/218/215 956/219/258 957/216/255
f  958/219/258 959/218/215 960/217/213
f  961/217/213 962/220/260 963/219/258
f  964/220/260 965/217/213 966/221/212
f  967/222/207 968/220/260 969/221/212
f  970/220/260 971/222/207 972/223/261
f  973/222/207 974/228/263 975/223/261
f  976/228/263 977/222/207 978/224/202
f  979/224/202 980/232/265 981/228/263
f  982/232/265 983/231/264 984/228/263
f  985/231/264 986/232/265 987/239/266
f  988/233/267 989/239/266 990/232/265
f  991/239/266 992/233/267 993/240/268
f  994/233/267 995/241/269 996/240/268
f  997/241/269 998/233/267 999/236/270
f  1000/236/270 1001/242/271 1002/241/269
f  1003/232/265 1004/224/202 1005/229/200
f  1006/229/200 1007/233/267 1008/232/265
f  1009/233/267 1010/229/200 1011/234/199
f  1012/235/195 1013/233/267 1014/234/199
f  1015/233/267 1016/235/195 1017/236/270
f  1018/235/195 1019/238/272 1020/236/270
f  1021/242/271 1022/236/270 1023/238/272
f  1024/238/272 1025/235/195 1026/237/196
f  1027/85/273 1028/86/274 1029/87/275
f  1030/86/274 1031/85/273 1032/84/276
f  1033/84/276 1034/85/273 1035/83/277
f  1036/84/276 1037/83/277 1038/82/278
f  1039/82/278 1040/83/277 1041/80/279
f  1042/81/280 1043/82/278 1044/80/279
f  1045/82/278 1046/81/280 1047/79/281
f  1048/106/282 1049/110/283 1050/111/284
f  1051/110/283 1052/106/282 1053/109/285
f  1054/106/282 1055/107/286 1056/109/285
f  1057/107/286 1058/106/282 1059/108/287
f  1060/257/288 1061/259/289 1062/260/290
f  1063/259/289 1064/257/288 1065/258/291
f  1066/257/288 1067/256/292 1068/258/291
f  1069/256/292 1070/257/288 1071/255/293
f  1072/255/293 1073/254/294 1074/256/292
f  1075/254/294 1076/255/293 1077/253/295
f  1078/253/295 1079/251/229 1080/254/294
f  1081/251/229 1082/253/295 1083/252/230
f  1084/249/296 1085/251/229 1086/252/230
f  1087/251/229 1088/249/296 1089/250/297
f  1090/249/296 1091/247/298 1092/250/297
f  1093/247/298 1094/249/296 1095/248/299
f  1096/246/300 1097/247/298 1098/248/299
f  1099/247/298 1100/246/300 1101/244/301
f  1102/243/302 1103/244/301 1104/246/300
f  1105/244/301 1106/243/302 1107/245/303
f  1108/57/51 1109/58/304 1110/59/304
f  1111/58/304 1112/57/51 1113/60/52
f  1114/61/53 1115/60/52 1116/57/51
f  1117/60/52 1118/61/53 1119/62/54
f  1120/63/55 1121/62/54 1122/61/53
f  1123/62/54 1124/63/55 1125/64/56
f  1126/65/140 1127/64/56 1128/63/55
f  1129/64/56 1130/65/140 1131/66/139
f  1132/67/42 1133/66/139 1134/65/140
f  1135/66/139 1136/67/42 1137/68/44
f  1138/69/45 1139/68/44 1140/67/42
f  1141/68/44 1142/69/45 1143/70/46
f  1144/71/47 1145/70/46 1146/69/45
f  1147/70/46 1148/71/47 1149/72/48
f  1150/73/305 1151/72/48 1152/71/47
f  1153/72/48 1154/73/305 1155/74/305
f  1156/273/306 1157/274/306 1158/275/306
f  1159/274/306 1160/273/306 1161/276/306
f  1162/166/306 1163/167/306 1164/168/306
f  1165/167/306 1166/166/306 1167/169/306
f  1168/170/137 1169/171/137 1170/172/137
f  1171/171/137 1172/170/137 1173/173/137
f  1174/277/135 1175/278/136 1176/279/136
f  1177/278/136 1178/277/135 1179/280/134
f  1180/281/133 1181/280/134 1182/277/135
f  1183/280/134 1184/281/133 1185/282/132
f  1186/283/307 1187/282/132 1188/281/133
f  1189/282/132 1190/283/307 1191/284/308
f  1192/285/309 1193/284/308 1194/283/307
f  1195/286/310 1196/285/309 1197/283/307
f  1198/286/310 1199/287/311 1200/285/309
f  1201/287/311 1202/286/310 1203/288/312
f  1204/286/310 1205/289/313 1206/288/312
f  1207/288/312 1208/289/313 1209/290/314
f  1210/291/125 1211/290/314 1212/289/313
f  1213/290/314 1214/291/125 1215/292/124
f  1216/293/123 1217/292/124 1218/291/125
f  1219/292/124 1220/293/123 1221/294/122
f  1222/295/121 1223/294/122 1224/293/123
f  1225/294/122 1226/295/121 1227/296/121
f  1228/102/315 1229/104/316 1230/105/316
f  1231/104/316 1232/102/315 1233/103/317
f  1234/102/315 1235/101/318 1236/103/317
f  1237/101/318 1238/102/315 1239/100/319
f  1240/100/319 1241/99/320 1242/101/318
f  1243/99/320 1244/100/319 1245/96/321
f  1246/96/321 1247/97/322 1248/99/320
f  1249/97/322 1250/96/321 1251/98/323
f  1252/297/324 1253/298/324 1254/299/324
f  1255/298/324 1256/297/324 1257/300/324
f  1258/301/325 1259/302/326 1260/303/325
f  1261/302/326 1262/301/325 1263/304/326
f  1264/305/327 1265/302/326 1266/304/326
f  1267/302/326 1268/305/327 1269/306/327
f  1270/305/327 1271/307/40 1272/306/327
f  1273/307/40 1274/305/327 1275/308/40
f  1276/309/328 1277/307/40 1278/308/40
f  1279/307/40 1280/309/328 1281/310/328
f  1282/309/328 1283/311/329 1284/310/328
f  1285/311/329 1286/309/328 1287/312/329
f  1288/313/330 1289/311/329 1290/312/329
f  1291/311/329 1292/313/330 1293/314/330
f  1294/1/331 1295/2/332 1296/3/331
f  1297/2/332 1298/1/331 1299/4/333
f  1300/4/333 1301/5/41 1302/2/332
f  1303/5/41 1304/4/333 1305/6/39
f  1306/274/306 1307/273/306 1308/275/306
f  1309/273/306 1310/274/306 1311/276/306
f  1312/315/334 1313/316/335 1314/317/336
f  1315/316/335 1316/315/334 1317/318/337
f  1318/318/337 1319/315/334 1320/319/338
f  1321/320/339 1322/321/340 1323/322/341
f  1324/321/340 1325/320/339 1326/323/342
f  1327/323/342 1328/324/343 1329/321/340
f  1330/324/343 1331/323/342 1332/325/344
f  1333/326/345 1334/324/343 1335/325/344
f  1336/324/343 1337/326/345 1338/327/346
f  1339/86/347 1340/85/348 1341/87/349
f  1342/85/348 1343/86/347 1344/84/350
f  1345/85/348 1346/84/350 1347/83/351
f  1348/83/351 1349/84/350 1350/82/352
f  1351/83/351 1352/82/352 1353/80/353
f  1354/82/352 1355/81/354 1356/80/353
f  1357/81/354 1358/82/352 1359/79/355
f  1360/298/356 1361/297/356 1362/299/356
f  1363/297/356 1364/298/356 1365/300/356
f  1366/328/40 1367/329/40 1368/330/40
f  1369/329/40 1370/328/40 1371/331/40
f  1372/331/40 1373/332/40 1374/329/40
f  1375/316/357 1376/315/358 1377/317/359
f  1378/315/358 1379/316/357 1380/318/360
f  1381/315/358 1382/318/360 1383/319/361
f  1384/321/362 1385/320/363 1386/322/364
f  1387/320/363 1388/321/362 1389/323/365
f  1390/324/366 1391/323/365 1392/321/362
f  1393/323/365 1394/324/366 1395/325/367
f  1396/324/366 1397/326/368 1398/325/367
f  1399/326/368 1400/324/366 1401/327/369
f  1402/333/370 1403/334/371 1404/335/372
f  1405/334/371 1406/333/370 1407/336/373
f  1408/333/370 1409/337/374 1410/336/373
f  1411/337/374 1412/333/370 1413/338/375
f  1414/7/19 1415/8/376 1416/9/376
f  1417/8/376 1418/7/19 1419/10/20
f  1420/11/377 1421/10/20 1422/7/19
f  1423/10/20 1424/11/377 1425/12/378
f  1426/13/6 1427/12/378 1428/11/377
f  1429/12/378 1430/13/6 1431/14/8
f  1432/15/9 1433/14/8 1434/13/6
f  1435/14/8 1436/15/9 1437/16/10
f  1438/17/11 1439/16/10 1440/15/9
f  1441/16/10 1442/17/11 1443/18/12
f  1444/19/13 1445/18/12 1446/17/11
f  1447/18/12 1448/19/13 1449/20/14
f  1450/21/15 1451/20/14 1452/19/13
f  1453/20/14 1454/21/15 1455/22/16
f  1456/23/379 1457/22/16 1458/21/15
f  1459/22/16 1460/23/379 1461/24/379
f  1462/25/181 1463/26/181 1464/27/181
f  1465/26/181 1466/25/181 1467/28/181
f  1468/57/47 1469/58/141 1470/59/141
f  1471/58/141 1472/57/47 1473/60/48
f  1474/61/49 1475/60/48 1476/57/47
f  1477/60/48 1478/61/49 1479/62/50
f  1480/63/51 1481/62/50 1482/61/49
f  1483/62/50 1484/63/51 1485/64/52
f  1486/65/53 1487/64/52 1488/63/51
f  1489/64/52 1490/65/53 1491/66/54
f  1492/67/55 1493/66/54 1494/65/53
f  1495/66/54 1496/67/55 1497/68/56
f  1498/69/140 1499/68/56 1500/67/55
f  1501/68/56 1502/69/140 1503/70/139
f  1504/71/42 1505/70/139 1506/69/140
f  1507/70/139 1508/71/42 1509/72/44
f  1510/73/138 1511/72/44 1512/71/42
f  1513/72/44 1514/73/138 1515/74/138
f  1516/273/181 1517/274/181 1518/275/181
f  1519/274/181 1520/273/181 1521/276/181
f  1522/339/380 1523/340/40 1524/341/40
f  1525/340/40 1526/339/380 1527/342/381
f  1528/343/382 1529/342/381 1530/339/380
f  1531/342/381 1532/343/382 1533/344/383
f  1534/345/384 1535/342/381 1536/344/383
f  1537/342/381 1538/345/384 1539/346/385
f  1540/345/384 1541/347/386 1542/346/385
f  1543/348/387 1544/346/385 1545/347/386
f  1546/348/387 1547/349/388 1548/346/385
f  1549/339/380 1550/350/389 1551/343/382
f  1552/343/382 1553/350/389 1554/351/390
f  1555/347/386 1556/343/382 1557/351/390
f  1558/343/382 1559/347/386 1560/344/383
f  1561/345/384 1562/344/383 1563/347/386
f  1564/350/389 1565/339/380 1566/352/391
f  1567/351/390 1568/350/389 1569/352/391
f  1570/352/391 1571/353/392 1572/351/390
f  1573/353/392 1574/347/386 1575/351/390
f  1576/347/386 1577/353/392 1578/348/387
f  1579/353/392 1580/354/393 1581/348/387
f  1582/349/388 1583/348/387 1584/354/393
f  1585/355/394 1586/353/392 1587/352/391
f  1588/353/392 1589/355/394 1590/356/395
f  1591/354/393 1592/353/392 1593/356/395
f  1594/357/396 1595/358/396 1596/359/396
f  1597/358/396 1598/357/396 1599/360/396
f  1600/6/39 1601/55/40 1602/5/41
f  1603/55/40 1604/6/39 1605/56/40
f  1606/2/397 1607/1/398 1608/3/398
f  1609/1/398 1610/2/397 1611/4/399
f  1612/5/41 1613/4/399 1614/2/397
f  1615/4/399 1616/5/41 1617/6/39
f  1618/8/400 1619/7/8 1620/9/400
f  1621/7/8 1622/8/400 1623/10/6
f  1624/10/6 1625/11/378 1626/7/8
f  1627/11/378 1628/10/6 1629/12/377
f  1630/12/377 1631/13/20 1632/11/378
f  1633/13/20 1634/12/377 1635/14/19
f  1636/14/19 1637/15/18 1638/13/20
f  1639/15/18 1640/14/19 1641/16/17
f  1642/16/17 1643/17/16 1644/15/18
f  1645/17/16 1646/16/17 1647/18/15
f  1648/18/15 1649/19/14 1650/17/16
f  1651/19/14 1652/18/15 1653/20/13
f  1654/20/13 1655/21/12 1656/19/14
f  1657/21/12 1658/20/13 1659/22/11
f  1660/22/11 1661/23/401 1662/21/12
f  1663/23/401 1664/22/11 1665/24/401
f  1666/26/137 1667/25/137 1668/27/137
f  1669/25/137 1670/26/137 1671/28/137
f  1672/361/402 1673/362/402 1674/363/402
f  1675/362/402 1676/361/402 1677/364/402
f  1678/358/403 1679/357/403 1680/359/403
f  1681/357/403 1682/358/403 1683/360/403
f  1684/334/404 1685/333/405 1686/335/406
f  1687/333/405 1688/334/404 1689/336/407
f  1690/337/408 1691/333/405 1692/336/407
f  1693/333/405 1694/337/408 1695/338/409
f  1696/58/305 1697/57/48 1698/59/305
f  1699/57/48 1700/58/305 1701/60/47
f  1702/60/47 1703/61/46 1704/57/48
f  1705/61/46 1706/60/47 1707/62/45
f  1708/62/45 1709/63/44 1710/61/46
f  1711/63/44 1712/62/45 1713/64/42
f  1714/64/42 1715/65/139 1716/63/44
f  1717/65/139 1718/64/42 1719/66/140
f  1720/66/140 1721/67/56 1722/65/139
f  1723/67/56 1724/66/140 1725/68/55
f  1726/68/55 1727/69/54 1728/67/56
f  1729/69/54 1730/68/55 1731/70/53
f  1732/70/53 1733/71/52 1734/69/54
f  1735/71/52 1736/70/53 1737/72/51
f  1738/72/51 1739/73/304 1740/71/52
f  1741/73/304 1742/72/51 1743/74/304
f  1744/365/410 1745/366/411 1746/367/412
f  1747/366/411 1748/365/410 1749/368/413
f  1750/369/414 1751/366/411 1752/368/413
f  1753/366/411 1754/369/414 1755/370/415
f  1756/371/416 1757/368/413 1758/365/410
f  1759/368/413 1760/371/416 1761/372/417
f  1762/372/417 1763/369/414 1764/368/413
f  1765/369/414 1766/372/417 1767/373/418
f  1768/374/419 1769/369/414 1770/373/418
f  1771/369/414 1772/374/419 1773/375/420
f  1774/375/420 1775/370/415 1776/369/414
f  1777/370/415 1778/375/420 1779/376/421
f  1780/377/422 1781/370/415 1782/376/421
f  1783/370/415 1784/377/422 1785/378/423
f  1786/379/424 1787/370/415 1788/378/423
f  1789/379/424 1790/378/423 1791/380/425
f  1792/373/418 1793/381/426 1794/374/419
f  1795/381/426 1796/373/418 1797/382/427
f  1798/373/418 1799/383/428 1800/382/427
f  1801/383/428 1802/384/429 1803/382/427
f  1804/362/430 1805/361/430 1806/363/430
f  1807/361/430 1808/362/430 1809/364/430
f  1810/113/431 1811/112/431 1812/114/431
f  1813/112/431 1814/113/431 1815/115/431
f  1816/76/58 1817/75/58 1818/77/58
f  1819/75/58 1820/76/58 1821/78/58
f  1822/385/58 1823/386/58 1824/387/58
f  1825/388/58 1826/386/58 1827/385/58
f  1828/386/58 1829/388/58 1830/389/58
f  1831/388/58 1832/390/58 1833/389/58
f  1834/390/58 1835/388/58 1836/391/58
f  1837/390/58 1838/391/58 1839/392/58
f  1840/393/40 1841/394/40 1842/395/40
f  1843/396/40 1844/394/40 1845/393/40
f  1846/394/40 1847/396/40 1848/397/40
f  1849/396/40 1850/398/40 1851/397/40
f  1852/398/40 1853/396/40 1854/399/40
f  1855/398/40 1856/399/40 1857/400/40
f  1858/401/58 1859/402/58 1860/403/58
f  1861/401/58 1862/404/58 1863/402/58
f  1864/404/58 1865/401/58 1866/405/58
f  1867/406/58 1868/404/58 1869/405/58
f  1870/404/58 1871/406/58 1872/407/58
f  1873/407/58 1874/406/58 1875/408/58
f  1876/409/40 1877/410/40 1878/411/40
f  1879/409/40 1880/412/40 1881/410/40
f  1882/412/40 1883/409/40 1884/413/40
f  1885/413/40 1886/414/40 1887/412/40
f  1888/414/40 1889/413/40 1890/415/40
f  1891/414/40 1892/415/40 1893/416/40
f  1894/386/58 1895/385/58 1896/387/58
f  1897/386/58 1898/388/58 1899/385/58
f  1900/388/58 1901/386/58 1902/389/58
f  1903/390/58 1904/388/58 1905/389/58
f  1906/388/58 1907/390/58 1908/391/58
f  1909/391/58 1910/390/58 1911/392/58
f  1912/394/40 1913/393/40 1914/395/40
f  1915/394/40 1916/396/40 1917/393/40
f  1918/396/40 1919/394/40 1920/397/40
f  1921/398/40 1922/396/40 1923/397/40
f  1924/396/40 1925/398/40 1926/399/40
f  1927/399/40 1928/398/40 1929/400/40
f  1930/417/432 1931/418/134 1932/419/432
f  1933/418/134 1934/417/432 1935/420/135
f  1936/420/135 1937/421/433 1938/418/134
f  1939/421/433 1940/420/135 1941/422/434
f  1942/422/434 1943/423/122 1944/421/433
f  1945/423/122 1946/422/434 1947/424/123
f  1948/424/123 1949/425/435 1950/423/122
f  1951/425/435 1952/424/123 1953/426/435
f  1954/418/131 1955/417/436 1956/419/436
f  1957/417/436 1958/418/131 1959/420/130
f  1960/421/129 1961/420/130 1962/418/131
f  1963/420/130 1964/421/129 1965/422/128
f  1966/423/127 1967/422/128 1968/421/129
f  1969/422/128 1970/423/127 1971/424/126
f  1972/425/437 1973/424/126 1974/423/127
f  1975/424/126 1976/425/437 1977/426/437
f  1978/427/40 1979/428/40 1980/429/40
f  1981/427/40 1982/430/40 1983/428/40
f  1984/430/40 1985/427/40 1986/431/40
f  1987/431/40 1988/432/40 1989/430/40
f  1990/432/40 1991/431/40 1992/433/40
f  1993/432/40 1994/433/40 1995/434/40
f  1996/435/58 1997/436/58 1998/437/58
f  1999/438/58 2000/437/58 2001/436/58
f  2002/437/58 2003/438/58 2004/439/58
f  2005/440/58 2006/439/58 2007/438/58
f  2008/439/58 2009/440/58 2010/441/58
f  2011/440/58 2012/442/58 2013/441/58
f  2014/442/58 2015/440/58 2016/443/58
f  2017/443/58 2018/444/58 2019/442/58
f  2020/386/58 2021/385/58 2022/387/58
f  2023/386/58 2024/388/58 2025/385/58
f  2026/388/58 2027/386/58 2028/389/58
f  2029/390/58 2030/388/58 2031/389/58
f  2032/388/58 2033/390/58 2034/391/58
f  2035/391/58 2036/390/58 2037/392/58
f  2038/394/40 2039/393/40 2040/395/40
f  2041/394/40 2042/396/40 2043/393/40
f  2044/396/40 2045/394/40 2046/397/40
f  2047/398/40 2048/396/40 2049/397/40
f  2050/396/40 2051/398/40 2052/399/40
f  2053/399/40 2054/398/40 2055/400/40
f  2056/385/58 2057/386/58 2058/387/58
f  2059/388/58 2060/386/58 2061/385/58
f  2062/386/58 2063/388/58 2064/389/58
f  2065/388/58 2066/390/58 2067/389/58
f  2068/390/58 2069/388/58 2070/391/58
f  2071/390/58 2072/391/58 2073/392/58
f  2074/393/40 2075/394/40 2076/395/40
f  2077/396/40 2078/394/40 2079/393/40
f  2080/394/40 2081/396/40 2082/397/40
f  2083/396/40 2084/398/40 2085/397/40
f  2086/398/40 2087/396/40 2088/399/40
f  2089/398/40 2090/399/40 2091/400/40
f  2092/402/58 2093/401/58 2094/403/58
f  2095/404/58 2096/401/58 2097/402/58
f  2098/401/58 2099/404/58 2100/405/58
f  2101/404/58 2102/406/58 2103/405/58
f  2104/406/58 2105/404/58 2106/407/58
f  2107/406/58 2108/407/58 2109/408/58
f  2110/410/40 2111/409/40 2112/411/40
f  2113/412/40 2114/409/40 2115/410/40
f  2116/409/40 2117/412/40 2118/413/40
f  2119/414/40 2120/413/40 2121/412/40
f  2122/413/40 2123/414/40 2124/415/40
f  2125/415/40 2126/414/40 2127/416/40
f  2128/133/438 2129/136/439 2130/137/440
f  2131/133/438 2132/134/441 2133/136/439
f  2134/134/441 2135/133/438 2136/135/442
f  2137/385/58 2138/386/58 2139/387/58
f  2140/388/58 2141/386/58 2142/385/58
f  2143/386/58 2144/388/58 2145/389/58
f  2146/388/58 2147/390/58 2148/389/58
f  2149/390/58 2150/388/58 2151/391/58
f  2152/390/58 2153/391/58 2154/392/58
f  2155/393/40 2156/394/40 2157/395/40
f  2158/396/40 2159/394/40 2160/393/40
f  2161/394/40 2162/396/40 2163/397/40
f  2164/396/40 2165/398/40 2166/397/40
f  2167/398/40 2168/396/40 2169/399/40
f  2170/398/40 2171/399/40 2172/400/40
f  2173/445/443 2174/446/58 2175/447/444
f  2176/448/445 2177/445/443 2178/447/444
f  2179/445/443 2180/448/445 2181/449/446
f  2182/450/447 2183/449/446 2184/448/445
f  2185/449/446 2186/450/447 2187/451/448
f  2188/452/58 2189/451/448 2190/450/447
f  2191/453/449 2192/454/450 2193/455/451
f  2194/455/451 2195/456/452 2196/453/449
f  2197/457/453 2198/453/449 2199/456/452
f  2200/453/449 2201/457/453 2202/458/454
f  2203/459/455 2204/458/454 2205/457/453
f  2206/457/453 2207/460/456 2208/459/455
f  2209/456/452 2210/455/451 2211/461/457
f  2212/461/457 2213/462/458 2214/456/452
f  2215/463/459 2216/456/452 2217/462/458
f  2218/456/452 2219/463/459 2220/457/453
f  2221/460/456 2222/457/453 2223/463/459
f  2224/464/460 2225/460/456 2226/463/459
f  2227/460/456 2228/464/460 2229/465/461
f  2230/464/460 2231/466/462 2232/465/461
f  2233/462/458 2234/461/457 2235/467/463
f  2236/467/463 2237/468/464 2238/462/458
f  2239/464/460 2240/462/458 2241/468/464
f  2242/462/458 2243/464/460 2244/463/459
f  2245/468/464 2246/467/463 2247/469/465
f  2248/470/466 2249/468/464 2250/469/465
f  2251/468/464 2252/470/466 2253/471/467
f  2254/471/467 2255/464/460 2256/468/464
f  2257/464/460 2258/471/467 2259/472/468
f  2260/466/462 2261/464/460 2262/472/468
f  2263/473/469 2264/466/462 2265/472/468
f  2266/466/462 2267/473/469 2268/474/470
f  2269/475/471 2270/474/470 2271/473/469
f  2272/473/469 2273/476/472 2274/475/471
f  2275/477/473 2276/471/467 2277/470/466
f  2278/471/467 2279/477/473 2280/478/474
f  2281/478/474 2282/472/468 2283/471/467
f  2284/472/468 2285/478/474 2286/473/469
f  2287/476/472 2288/473/469 2289/478/474
f  2290/478/474 2291/479/475 2292/476/472
f  2293/479/475 2294/478/474 2295/477/473
f  2296/446/58 2297/445/444 2298/447/443
f  2299/449/58 2300/447/443 2301/445/444
f  2302/447/443 2303/449/58 2304/448/58
f  2305/449/58 2306/450/447 2307/448/58
f  2308/450/447 2309/449/58 2310/451/448
f  2311/451/448 2312/452/58 2313/450/447
f  2314/454/476 2315/453/477 2316/455/478
f  2317/456/479 2318/455/478 2319/453/477
f  2320/455/478 2321/456/479 2322/461/480
f  2323/462/481 2324/461/480 2325/456/479
f  2326/461/480 2327/462/481 2328/467/482
f  2329/468/464 2330/467/482 2331/462/481
f  2332/467/482 2333/468/464 2334/469/465
f  2335/468/464 2336/470/483 2337/469/465
f  2338/453/477 2339/457/484 2340/456/479
f  2341/463/485 2342/456/479 2343/457/484
f  2344/456/479 2345/463/485 2346/462/481
f  2347/464/460 2348/462/481 2349/463/485
f  2350/462/481 2351/464/460 2352/468/464
f  2353/464/460 2354/471/486 2355/468/464
f  2356/470/483 2357/468/464 2358/471/486
f  2359/471/486 2360/477/487 2361/470/483
f  2362/477/487 2363/471/486 2364/478/488
f  2365/478/488 2366/479/489 2367/477/487
f  2368/457/484 2369/453/477 2370/458/490
f  2371/458/490 2372/459/491 2373/457/484
f  2374/460/492 2375/457/484 2376/459/491
f  2377/457/484 2378/460/492 2379/463/485
f  2380/460/492 2381/464/460 2382/463/485
f  2383/464/460 2384/460/492 2385/465/493
f  2386/466/494 2387/464/460 2388/465/493
f  2389/464/460 2390/466/494 2391/472/495
f  2392/471/486 2393/464/460 2394/472/495
f  2395/472/495 2396/478/488 2397/471/486
f  2398/478/488 2399/472/495 2400/473/496
f  2401/473/496 2402/476/497 2403/478/488
f  2404/479/489 2405/478/488 2406/476/497
f  2407/466/494 2408/473/496 2409/472/495
f  2410/473/496 2411/466/494 2412/474/498
f  2413/474/498 2414/475/499 2415/473/496
f  2416/476/497 2417/473/496 2418/475/499
f  2419/480/58 2420/481/58 2421/482/58
f  2422/482/58 2423/483/58 2424/480/58
f  2425/483/58 2426/482/58 2427/484/58
f  2428/485/58 2429/483/58 2430/484/58
f  2431/483/58 2432/485/58 2433/486/58
f  2434/485/58 2435/487/58 2436/486/58
f  2437/401/58 2438/402/58 2439/403/58
f  2440/401/58 2441/404/58 2442/402/58
f  2443/404/58 2444/401/58 2445/405/58
f  2446/406/58 2447/404/58 2448/405/58
f  2449/404/58 2450/406/58 2451/407/58
f  2452/407/58 2453/406/58 2454/408/58
f  2455/409/40 2456/410/40 2457/411/40
f  2458/409/40 2459/412/40 2460/410/40
f  2461/412/40 2462/409/40 2463/413/40
f  2464/413/40 2465/414/40 2466/412/40
f  2467/414/40 2468/413/40 2469/415/40
f  2470/414/40 2471/415/40 2472/416/40
f  2473/386/58 2474/385/58 2475/387/58
f  2476/386/58 2477/388/58 2478/385/58
f  2479/388/58 2480/386/58 2481/389/58
f  2482/390/58 2483/388/58 2484/389/58
f  2485/388/58 2486/390/58 2487/391/58
f  2488/391/58 2489/390/58 2490/392/58
f  2491/394/40 2492/393/40 2493/395/40
f  2494/394/40 2495/396/40 2496/393/40
f  2497/396/40 2498/394/40 2499/397/40
f  2500/398/40 2501/396/40 2502/397/40
f  2503/396/40 2504/398/40 2505/399/40
f  2506/399/40 2507/398/40 2508/400/40
f  2509/488/377 2510/489/500 2511/490/378
f  2512/489/500 2513/488/377 2514/491/500
f  2515/492/137 2516/489/500 2517/491/500
f  2518/489/500 2519/492/137 2520/493/137
f  2521/492/137 2522/494/501 2523/493/137
f  2524/494/501 2525/492/137 2526/495/502
f  2527/495/502 2528/496/14 2529/494/501
f  2530/496/14 2531/495/502 2532/497/13
f  2533/497/13 2534/498/503 2535/496/14
f  2536/498/503 2537/497/13 2538/499/504
f  2539/499/504 2540/500/10 2541/498/503
f  2542/500/10 2543/499/504 2544/501/9
f  2545/501/9 2546/502/505 2547/500/10
f  2548/502/505 2549/501/9 2550/503/506
f  2551/503/506 2552/504/378 2553/502/505
f  2554/504/378 2555/503/506 2556/505/377
f  2557/506/507 2558/507/508 2559/508/509
f  2560/507/508 2561/506/507 2562/509/510
f  2563/510/511 2564/509/510 2565/506/507
f  2566/509/510 2567/510/511 2568/511/512
f  2569/510/511 2570/512/513 2571/511/512
f  2572/512/513 2573/510/511 2574/513/514
f  2575/513/514 2576/514/515 2577/512/513
f  2578/508/509 2579/515/516 2580/506/507
f  2581/515/516 2582/516/517 2583/506/507
f  2584/506/507 2585/516/517 2586/510/511
f  2587/516/517 2588/513/514 2589/510/511
f  2590/516/517 2591/517/518 2592/513/514
f  2593/517/518 2594/518/519 2595/513/514
f  2596/514/515 2597/513/514 2598/518/519
f  2599/190/306 2600/186/520 2601/189/306
f  2602/186/520 2603/190/306 2604/193/521
f  2605/192/522 2606/186/520 2607/193/521
f  2608/186/520 2609/192/522 2610/185/523
f  2611/183/524 2612/186/520 2613/185/523
f  2614/186/520 2615/183/524 2616/187/525
f  2617/188/306 2618/186/520 2619/187/525
f  2620/186/520 2621/188/306 2622/189/306
f  2623/194/306 2624/193/521 2625/190/306
f  2626/193/521 2627/194/306 2628/195/526
f  2629/195/526 2630/192/522 2631/193/521
f  2632/192/522 2633/195/526 2634/199/527
f  2635/195/526 2636/201/528 2637/199/527
f  2638/201/528 2639/195/526 2640/196/529
f  2641/202/530 2642/201/528 2643/196/529
f  2644/201/528 2645/202/530 2646/207/531
f  2647/202/530 2648/206/532 2649/207/531
f  2650/194/306 2651/196/529 2652/195/526
f  2653/196/529 2654/194/306 2655/197/306
f  2656/197/306 2657/202/530 2658/196/529
f  2659/202/530 2660/197/306 2661/203/306
f  2662/204/306 2663/202/530 2664/203/306
f  2665/202/530 2666/204/306 2667/205/533
f  2668/206/532 2669/202/530 2670/205/533
f  2671/348/534 2672/356/535 2673/354/536
f  2674/356/535 2675/348/534 2676/353/537
f  2677/353/537 2678/355/538 2679/356/535
f  2680/355/538 2681/353/537 2682/352/539
f  2683/343/540 2684/352/539 2685/353/537
f  2686/352/539 2687/343/540 2688/339/541
f  2689/343/540 2690/342/542 2691/339/541
f  2692/349/543 2693/348/534 2694/354/536
f  2695/348/534 2696/349/543 2697/346/544
f  2698/346/544 2699/344/545 2700/348/534
f  2701/344/545 2702/353/537 2703/348/534
f  2704/353/537 2705/344/545 2706/343/540
f  2707/342/542 2708/343/540 2709/344/545
f  2710/344/545 2711/346/544 2712/342/542
f  2713/519/546 2714/520/137 2715/521/547
f  2716/520/137 2717/519/546 2718/522/548
f  2719/519/546 2720/523/549 2721/522/548
f  2722/523/549 2723/519/546 2724/524/550
f  2725/525/551 2726/523/549 2727/524/550
f  2728/523/549 2729/525/551 2730/526/552
f  2731/521/547 2732/524/550 2733/519/546
f  2734/524/550 2735/521/547 2736/527/553
f  2737/527/553 2738/525/551 2739/524/550
f  2740/525/551 2741/527/553 2742/528/554
f  2743/529/555 2744/525/551 2745/528/554
f  2746/525/551 2747/529/555 2748/530/556
f  2749/530/556 2750/526/552 2751/525/551
f  2752/526/552 2753/530/556 2754/531/557
f  2755/530/556 2756/532/181 2757/531/557
f  2758/532/181 2759/530/556 2760/529/555

# Mesh 'PipelineFBX1' with 20 faces
g PipelineFBX1
usemtl DefaultMaterial
f  2761/5/306 2762/4/306 2763/6/306
f  2764/4/306 2765/5/306 2766/2/306
f  2767/4/181 2768/5/181 2769/6/181
f  2770/5/181 2771/4/181 2772/2/181
f  2773/4/306 2774/5/306 2775/6/306
f  2776/5/306 2777/4/306 2778/2/306
f  2779/513/558 2780/514/559 2781/518/560
f  2782/514/559 2783/513/558 2784/512/561
f  2785/510/562 2786/512/561 2787/513/558
f  2788/512/561 2789/510/562 2790/511/563
f  2791/510/562 2792/509/564 2793/511/563
f  2794/509/564 2795/510/562 2796/506/565
f  2797/506/565 2798/507/566 2799/509/564
f  2800/518/560 2801/517/567 2802/513/558
f  2803/517/567 2804/516/568 2805/513/558
f  2806/513/558 2807/516/568 2808/510/562
f  2809/516/568 2810/506/565 2811/510/562
f  2812/516/568 2813/515/569 2814/506/565
f  2815/515/569 2816/508/570 2817/506/565
f  2818/507/566 2819/506/565 2820/508/570

