# File produced by Open Asset Import Library (http://www.assimp.sf.net)
# (assimp v6.0.0)

mtllib ship11b.mtl

# 2013 vertex positions
v -46.9080009 2.59799838 35.2560005
v -31.7999992 2.5979991 24.5880013
v -16.6920013 2.59799933 13.9260006
v 57.6660042 -5.29800224 54.0900002
v 65.9820023 5.61599827 44.6760025
v 57.6660042 0.797997713 54.0900002
v 65.9820023 5.61599827 44.6760025
v 57.6660042 -5.29800224 54.0900002
v 65.9820023 -10.1160021 44.6759987
v -46.9080009 -7.92600203 35.2560005
v -16.6920013 2.59799933 13.9260006
v -46.9080009 2.59799838 35.2560005
v -16.6920013 2.59799933 13.9260006
v -46.9080009 -7.92600203 35.2560005
v -16.6920013 -7.9260006 13.9259996
v -65.9820023 -10.1160021 44.6759987
v -80.0160065 5.61599922 17.8619995
v -80.0160065 -10.1160002 17.8619995
v -80.0160065 5.61599922 17.8619995
v -65.9820023 -10.1160021 44.6759987
v -65.9820023 5.61599827 44.6760025
v -80.0160065 5.61599922 17.8619995
v -72.9959946 5.61599874 31.2660007
v -65.9820023 5.61599827 44.6760025
v 65.9820023 5.61599827 44.6760025
v 39.9660034 0.797998071 44.1840019
v 57.6660042 0.797997713 54.0900002
v 65.9820023 5.61599827 44.6760025
v 80.0160065 -10.1160002 17.8619995
v 80.0160065 5.61599922 17.8619995
v 80.0160065 -10.1160002 17.8619995
v 65.9820023 5.61599827 44.6760025
v 65.9820023 -10.1160021 44.6759987
v 65.9820023 5.61599827 44.6760025
v 72.9959946 5.61599874 31.2660007
v 80.0160065 5.61599922 17.8619995
v -23.7000027 3.08400249 -56.4420052
v -24.1860008 -3.44999814 -48.6120033
v -23.7000027 -2.12399745 -56.4420052
v -24.1860008 -3.44999814 -48.6120033
v -23.7000027 3.08400249 -56.4420052
v -24.1860008 4.41000223 -48.6120033
v -24.2040005 5.03400135 -32.0219994
v -24.1860008 -3.44999814 -48.6120033
v -24.1860008 4.41000223 -48.6120033
v -24.1860008 -3.44999814 -48.6120033
v -24.2040005 5.03400135 -32.0219994
v -24.2040005 -4.07399893 -32.0219994
v -23.8920021 4.99800158 -27.2700005
v -24.2040005 -4.07399893 -32.0219994
v -24.2040005 5.03400135 -32.0219994
v -24.2040005 -4.07399893 -32.0219994
v -23.8920021 4.99800158 -27.2700005
v -23.8920021 -4.03799915 -27.2700005
v -16.8000011 7.19999886 24.2580013
v 16.8000011 -14.4000006 24.2580013
v 16.8000011 7.19999886 24.2580013
v 16.8000011 -14.4000006 24.2580013
v -16.8000011 7.19999886 24.2580013
v -16.8000011 -14.4000006 24.2580013
v -16.8000011 -14.4000006 24.2580013
v 8.40000057 -19.2000008 24.2579994
v 16.8000011 -14.4000006 24.2580013
v 8.40000057 -19.2000008 24.2579994
v -16.8000011 -14.4000006 24.2580013
v -8.40000057 -19.2000008 24.2579994
v -44.1720009 -10.1160011 31.6560001
v -39.9660034 0.797998071 44.1840019
v -39.9660034 -5.29800224 44.1840019
v -39.9660034 0.797998071 44.1840019
v -44.1720009 -10.1160011 31.6560001
v -44.1720009 5.61599874 31.6560001
v -44.1720009 -10.1160011 31.6560001
v -44.9939995 5.61599922 21.0600014
v -44.1720009 5.61599874 31.6560001
v -44.9939995 5.61599922 21.0600014
v -44.1720009 -10.1160011 31.6560001
v -44.9939995 -10.1160011 21.0599995
v -41.5140038 -10.1160002 18.6000004
v -44.9939995 5.61599922 21.0600014
v -44.9939995 -10.1160011 21.0599995
v -44.9939995 5.61599922 21.0600014
v -41.5140038 -10.1160002 18.6000004
v -41.5140038 5.61599922 18.6000004
v -40.0740013 -10.1160002 14.3999996
v -41.5140038 5.61599922 18.6000004
v -41.5140038 -10.1160002 18.6000004
v -41.5140038 5.61599922 18.6000004
v -40.0740013 -10.1160002 14.3999996
v -40.0740013 5.6159997 14.4000006
v -42.0720024 -10.1160002 9.7680006
v -40.0740013 5.6159997 14.4000006
v -40.0740013 -10.1160002 14.3999996
v -40.0740013 5.6159997 14.4000006
v -42.0720024 -10.1160002 9.7680006
v -42.0720024 5.6159997 9.7680006
v -45.6720009 -10.1160002 7.42799997
v -42.0720024 5.6159997 9.7680006
v -42.0720024 -10.1160002 9.7680006
v -42.0720024 5.6159997 9.7680006
v -45.6720009 -10.1160002 7.42799997
v -45.6720009 5.6159997 7.42800093
v -87.4320068 -7.04400158 26.6640015
v -75.4020004 2.46599793 49.3740005
v -87.4320068 2.53799891 26.6640015
v -75.4020004 2.46599793 49.3740005
v -87.4320068 -7.04400158 26.6640015
v -75.4020004 -6.97200203 49.3740005
v -67.4100037 -3.19800258 55.9020042
v -75.4020004 2.46599793 49.3740005
v -75.4020004 -6.97200203 49.3740005
v -75.4020004 2.46599793 49.3740005
v -67.4100037 -3.19800258 55.9020042
v -67.4100037 -1.30800247 55.9020042
v -36.8580017 -6.29400158 28.1639996
v -35.237999 0.50999862 32.4840012
v -36.8580017 0.59399879 28.1639996
v -35.237999 0.50999862 32.4840012
v -36.8580017 -6.29400158 28.1639996
v -35.237999 -6.21000147 32.4840012
v -31.5900002 -4.08000231 42.3600006
v -35.237999 0.50999862 32.4840012
v -35.237999 -6.21000147 32.4840012
v -35.237999 0.50999862 32.4840012
v -31.5900002 -4.08000231 42.3600006
v -31.5900002 -1.62000191 42.3600006
v -25.5060024 -1.62000191 39.2399979
v -31.5900002 -4.08000231 42.3600006
v -25.5060024 -4.08000183 39.2399979
v -31.5900002 -4.08000231 42.3600006
v -25.5060024 -1.62000191 39.2399979
v -31.5900002 -1.62000191 42.3600006
v -16.6920013 2.59799933 13.9260006
v -50.208004 2.59800005 1.28400016
v -46.9080009 2.59799838 35.2560005
v -16.6920013 2.59799933 13.9260006
v -27.1920033 2.59800076 -17.9460011
v -50.208004 2.59800005 1.28400016
v -87.4320068 2.53799891 26.6640015
v -66.0960083 4.40999842 44.4780006
v -79.314003 4.40999937 18.8400021
v -66.0960083 4.40999842 44.4780006
v -87.4320068 2.53799891 26.6640015
v -75.4020004 2.46599793 49.3740005
v -67.4100037 -1.30800247 55.9020042
v -66.0960083 4.40999842 44.4780006
v -75.4020004 2.46599793 49.3740005
v -66.0960083 4.40999842 44.4780006
v -67.4100037 -1.30800247 55.9020042
v -58.2540054 -0.0300023202 53.0460052
v 24.1860008 4.41000223 -48.6120033
v 31.9800014 3.10800219 -45.6420021
v 23.7000027 3.08400249 -56.4420052
v 31.9800014 3.10800219 -45.6420021
v 24.1860008 4.41000223 -48.6120033
v 28.3260021 4.72200203 -43.9080048
v 31.9800014 4.9080019 -35.262001
v 31.9800014 3.10800219 -45.6420021
v 28.3260021 4.72200203 -43.9080048
v 31.9800014 3.10800219 -45.6420021
v 31.9800014 4.9080019 -35.262001
v 36.9000015 2.97600174 -35.6220016
v 32.7719994 4.90800142 -28.1220016
v 36.9000015 2.97600174 -35.6220016
v 31.9800014 4.9080019 -35.262001
v 36.9000015 2.97600174 -35.6220016
v 32.7719994 4.90800142 -28.1220016
v 37.8000031 2.9760015 -27.342001
v 31.3499985 4.90800047 -12.5400009
v 37.8000031 2.9760015 -27.342001
v 32.7719994 4.90800142 -28.1220016
v 37.8000031 2.9760015 -27.342001
v 31.3499985 4.90800047 -12.5400009
v 36.9000015 2.97600079 -10.5419998
v 24.2040005 5.03400135 -32.0219994
v 28.3260021 4.72200203 -43.9080048
v 24.1860008 4.41000223 -48.6120033
v 28.3260021 4.72200203 -43.9080048
v 24.2040005 5.03400135 -32.0219994
v 31.9800014 4.9080019 -35.262001
v 31.9800014 4.9080019 -35.262001
v 24.2040005 5.03400135 -32.0219994
v 32.7719994 4.90800142 -28.1220016
v 32.7719994 4.90800142 -28.1220016
v 24.2040005 5.03400135 -32.0219994
v 23.8920021 4.99800158 -27.2700005
v 32.7719994 4.90800142 -28.1220016
v 23.8920021 4.99800158 -27.2700005
v 31.3499985 4.90800047 -12.5400009
v 31.3499985 4.90800047 -12.5400009
v 23.8920021 4.99800158 -27.2700005
v 23.1000004 4.90800047 -15.0419998
v 31.9800014 3.10800219 -45.6420021
v 23.7000027 -2.12399745 -56.4420052
v 23.7000027 3.08400249 -56.4420052
v 23.7000027 -2.12399745 -56.4420052
v 31.9800014 3.10800219 -45.6420021
v 31.9800014 -2.14799809 -45.6420021
v 31.9800014 3.10800219 -45.6420021
v 36.9000015 -2.01599836 -35.6220016
v 31.9800014 -2.14799809 -45.6420021
v 36.9000015 -2.01599836 -35.6220016
v 31.9800014 3.10800219 -45.6420021
v 36.9000015 2.97600174 -35.6220016
v 36.9000015 2.97600174 -35.6220016
v 37.8000031 -2.01599884 -27.342001
v 36.9000015 -2.01599836 -35.6220016
v 37.8000031 -2.01599884 -27.342001
v 36.9000015 2.97600174 -35.6220016
v 37.8000031 2.9760015 -27.342001
v 37.8000031 2.9760015 -27.342001
v 36.9000015 -2.01599956 -10.5419998
v 37.8000031 -2.01599884 -27.342001
v 36.9000015 -2.01599956 -10.5419998
v 37.8000031 2.9760015 -27.342001
v 36.9000015 2.97600079 -10.5419998
v 26.4900036 6.04200172 -36.1740036
v 10.8960009 6.04200172 -35.526001
v 26.406002 6.04200125 -25.2900009
v 10.8960009 6.04200172 -35.526001
v 26.4900036 6.04200172 -36.1740036
v 13.3920002 6.0420022 -42.0299988
v 26.394001 6.0420022 -46.5660019
v 13.3920002 6.0420022 -42.0299988
v 26.4900036 6.04200172 -36.1740036
v 13.3920002 6.0420022 -42.0299988
v 26.394001 6.0420022 -46.5660019
v 16.3560009 6.04200268 -51.5219994
v 24.3599987 6.04200268 -61.2420006
v 16.3560009 6.04200268 -51.5219994
v 26.394001 6.0420022 -46.5660019
v 16.3560009 6.04200268 -51.5219994
v 24.3599987 6.04200268 -61.2420006
v 18.4559994 6.04200268 -60.4139977
v 24.3599987 6.04200268 -61.2420006
v 21.2999992 6.04200315 -72.3420029
v 18.4559994 6.04200268 -60.4139977
v 31.9800014 -2.14799809 -45.6420021
v 24.1860008 -3.44999814 -48.6120033
v 23.7000027 -2.12399745 -56.4420052
v 24.1860008 -3.44999814 -48.6120033
v 31.9800014 -2.14799809 -45.6420021
v 28.3260021 -3.76199865 -43.9080048
v 28.3260021 -3.76199865 -43.9080048
v 24.2040005 -4.07399893 -32.0219994
v 24.1860008 -3.44999814 -48.6120033
v 24.2040005 -4.07399893 -32.0219994
v 28.3260021 -3.76199865 -43.9080048
v 31.9800014 -3.947999 -35.2620049
v 24.2040005 -4.07399893 -32.0219994
v 31.9800014 -3.947999 -35.2620049
v 32.7719994 -3.94799924 -28.1220016
v 24.2040005 -4.07399893 -32.0219994
v 32.7719994 -3.94799924 -28.1220016
v 23.8920021 -4.03799915 -27.2700005
v 23.8920021 -4.03799915 -27.2700005
v 32.7719994 -3.94799924 -28.1220016
v 31.3499985 -3.94799972 -12.5400009
v 23.8920021 -4.03799915 -27.2700005
v 31.3499985 -3.94799972 -12.5400009
v 23.1000004 -3.94799972 -15.0420008
v 31.9800014 -2.14799809 -45.6420021
v 31.9800014 -3.947999 -35.2620049
v 28.3260021 -3.76199865 -43.9080048
v 31.9800014 -3.947999 -35.2620049
v 31.9800014 -2.14799809 -45.6420021
v 36.9000015 -2.01599836 -35.6220016
v 36.9000015 -2.01599836 -35.6220016
v 32.7719994 -3.94799924 -28.1220016
v 31.9800014 -3.947999 -35.2620049
v 32.7719994 -3.94799924 -28.1220016
v 36.9000015 -2.01599836 -35.6220016
v 37.8000031 -2.01599884 -27.342001
v 37.8000031 -2.01599884 -27.342001
v 31.3499985 -3.94799972 -12.5400009
v 32.7719994 -3.94799924 -28.1220016
v 31.3499985 -3.94799972 -12.5400009
v 37.8000031 -2.01599884 -27.342001
v 36.9000015 -2.01599956 -10.5419998
v 0 -17.1000023 18.5580006
v 5.03999996 -21.4800034 18.5580006
v 6.68400002 -17.1000023 18.5580006
v 5.03999996 -21.4800034 18.5580006
v 0 -17.1000023 18.5580006
v 0 -23.9400005 18.5580006
v 0 -17.1000023 18.5580006
v -5.03999996 -21.4800034 18.5580006
v 0 -23.9400005 18.5580006
v -5.03999996 -21.4800034 18.5580006
v 0 -17.1000023 18.5580006
v -6.68400002 -17.1000023 18.5580006
v -16.5 7.20000172 -34.5419998
v 0 -13.9199991 -37.8420029
v -16.5 -13.9199991 -34.5419998
v 0 -13.9199991 -37.8420029
v -16.5 7.20000172 -34.5419998
v 0 7.20000172 -37.8419991
v 0 7.20000172 -37.8419991
v 16.5 -13.9199991 -34.5419998
v 0 -13.9199991 -37.8420029
v 16.5 -13.9199991 -34.5419998
v 0 7.20000172 -37.8419991
v 16.5 7.20000172 -34.5419998
v -16.6920013 -7.9260006 13.9259996
v -50.208004 -7.9260006 1.28399968
v -27.1920033 -7.92600012 -17.9460011
v -50.208004 -7.9260006 1.28399968
v -16.6920013 -7.9260006 13.9259996
v -46.9080009 -7.92600203 35.2560005
v -33.6000023 -13.3499994 -22.2420025
v -18.6240025 -13.3500013 19.5539989
v -27.0000019 -13.3500013 15.5579996
v -18.6240025 -13.3500013 19.5539989
v -33.6000023 -13.3499994 -22.2420025
v -16.7520008 -13.3499994 -31.2780018
v -20.4000015 13.3499994 18.7080002
v -31.0739994 12.9900007 -7.77599955
v -27.0000019 10.2299995 15.5580015
v -31.0739994 12.9900007 -7.77599955
v -20.4000015 13.3499994 18.7080002
v -22.1340008 18.7500019 -11.6999989
v -22.1340008 18.7500019 -11.6999989
v -33.6000023 12.9900007 -22.2420006
v -31.0739994 12.9900007 -7.77599955
v -33.6000023 12.9900007 -22.2420006
v -22.1340008 18.7500019 -11.6999989
v -23.25 18.7500019 -27.7919998
v -13.1879997 18.7500019 -15.6240005
v -23.25 18.7500019 -27.7919998
v -22.1340008 18.7500019 -11.6999989
v -23.25 18.7500019 -27.7919998
v -13.1879997 18.7500019 -15.6240005
v -12.9000006 18.7500019 -33.3419991
v -13.8000011 13.3499994 21.8580017
v -22.1340008 18.7500019 -11.6999989
v -20.4000015 13.3499994 18.7080002
v -22.1340008 18.7500019 -11.6999989
v -13.8000011 13.3499994 21.8580017
v -13.1879997 18.7500019 -15.6240005
v 0 5.39399958 24.2580013
v -4.90800047 1.80599856 34.2780037
v 0 3.02999878 34.2780037
v -4.90800047 1.80599856 34.2780037
v 0 5.39399958 24.2580013
v -7.05000019 3.85199904 24.2580013
v -7.05000019 3.85199904 24.2580013
v -8.50200081 -1.54800165 34.2780037
v -4.90800047 1.80599856 34.2780037
v -8.50200081 -1.54800165 34.2780037
v -7.05000019 3.85199904 24.2580013
v -12.21 -0.360001087 24.2580013
v -12.21 -0.360001087 24.2580013
v -9.81600094 -6.12000132 34.2780037
v -8.50200081 -1.54800165 34.2780037
v -9.81600094 -6.12000132 34.2780037
v -12.21 -0.360001087 24.2580013
v -14.1000004 -6.12000132 24.2580013
v -12.21 -11.8800011 24.2580013
v -9.81600094 -6.12000132 34.2780037
v -14.1000004 -6.12000132 24.2580013
v -9.81600094 -6.12000132 34.2780037
v -12.21 -11.8800011 24.2580013
v -8.50200081 -10.6920023 34.2780037
v -7.05000019 -16.0920029 24.2580013
v -8.50200081 -10.6920023 34.2780037
v -12.21 -11.8800011 24.2580013
v -8.50200081 -10.6920023 34.2780037
v -7.05000019 -16.0920029 24.2580013
v -4.90800047 -14.0460014 34.2780037
v 0 -17.6340027 24.2580013
v -4.90800047 -14.0460014 34.2780037
v -7.05000019 -16.0920029 24.2580013
v -4.90800047 -14.0460014 34.2780037
v 0 -17.6340027 24.2580013
v 0 -15.2700024 34.2780037
v 0 -17.6340027 24.2580013
v 4.90800047 -14.0460014 34.2780037
v 0 -15.2700024 34.2780037
v 4.90800047 -14.0460014 34.2780037
v 0 -17.6340027 24.2580013
v 7.05000019 -16.0920029 24.2580013
v 7.05000019 -16.0920029 24.2580013
v 8.50200081 -10.6920023 34.2780037
v 4.90800047 -14.0460014 34.2780037
v 8.50200081 -10.6920023 34.2780037
v 7.05000019 -16.0920029 24.2580013
v 12.21 -11.8800011 24.2580013
v 12.21 -11.8800011 24.2580013
v 9.81600094 -6.12000132 34.2780037
v 8.50200081 -10.6920023 34.2780037
v 9.81600094 -6.12000132 34.2780037
v 12.21 -11.8800011 24.2580013
v 14.1000004 -6.12000132 24.2580013
v 12.21 -0.360001087 24.2580013
v 9.81600094 -6.12000132 34.2780037
v 14.1000004 -6.12000132 24.2580013
v 9.81600094 -6.12000132 34.2780037
v 12.21 -0.360001087 24.2580013
v 8.50200081 -1.54800165 34.2780037
v 7.05000019 3.85199904 24.2580013
v 8.50200081 -1.54800165 34.2780037
v 12.21 -0.360001087 24.2580013
v 8.50200081 -1.54800165 34.2780037
v 7.05000019 3.85199904 24.2580013
v 4.90800047 1.80599856 34.2780037
v 0 5.39399958 24.2580013
v 4.90800047 1.80599856 34.2780037
v 7.05000019 3.85199904 24.2580013
v 4.90800047 1.80599856 34.2780037
v 0 5.39399958 24.2580013
v 0 3.02999878 34.2780037
v -32.3100014 -7.46999979 -14.8500013
v -55.4640007 -5.29799986 -5.82600021
v -33.2940025 -5.29799891 -20.4780006
v -55.4640007 -5.29799986 -5.82600021
v -32.3100014 -7.46999979 -14.8500013
v -54.0720062 -7.63200092 0.0779996663
v 35.237999 0.50999862 32.4840012
v 25.5060024 -1.62000191 39.2399979
v 31.5900002 -1.62000191 42.3600006
v 25.5060024 -1.62000191 39.2399979
v 35.237999 0.50999862 32.4840012
v 23.2320004 0.509998918 25.8480015
v 36.8580017 0.59399879 28.1639996
v 23.2320004 0.509998918 25.8480015
v 35.237999 0.50999862 32.4840012
v 23.2320004 0.509998918 25.8480015
v 36.8580017 0.59399879 28.1639996
v 21.1499996 0.599999249 17.0760002
v 31.578001 5.61600065 -11.3999996
v 45.6720009 -10.1160002 7.42799997
v 45.6720009 5.6159997 7.42800093
v 45.6720009 -10.1160002 7.42799997
v 31.578001 5.61600065 -11.3999996
v 31.578001 -10.1160002 -11.4000006
v 32.1840019 5.61600065 -14.9279995
v 31.578001 -10.1160002 -11.4000006
v 31.578001 5.61600065 -11.3999996
v 31.578001 -10.1160002 -11.4000006
v 32.1840019 5.61600065 -14.9279995
v 32.1840019 -10.1159992 -14.9280014
v 67.4100037 -1.30800247 55.9020042
v 58.2540054 -4.48200274 53.0460052
v 67.4100037 -3.19800258 55.9020042
v 58.2540054 -4.48200274 53.0460052
v 67.4100037 -1.30800247 55.9020042
v 58.2540054 -0.0300023202 53.0460052
v 21.1499996 -6.30000067 17.0759983
v 23.2320004 0.509998918 25.8480015
v 21.1499996 0.599999249 17.0760002
v 23.2320004 0.509998918 25.8480015
v 21.1499996 -6.30000067 17.0759983
v 23.2320004 -6.21000147 25.8480015
v 25.5060024 -4.08000183 39.2399979
v 23.2320004 0.509998918 25.8480015
v 23.2320004 -6.21000147 25.8480015
v 23.2320004 0.509998918 25.8480015
v 25.5060024 -4.08000183 39.2399979
v 25.5060024 -1.62000191 39.2399979
v 31.7999992 2.5979991 24.5880013
v 46.9080009 2.59799838 35.2560005
v 50.208004 2.59800005 1.28400016
v 50.208004 2.59800005 1.28400016
v 16.6920013 2.59799933 13.9260006
v 31.7999992 2.5979991 24.5880013
v 16.6920013 2.59799933 13.9260006
v 50.208004 2.59800005 1.28400016
v 27.1920033 2.59800076 -17.9460011
v 66.0960083 4.40999842 44.4780006
v 87.4320068 2.53799891 26.6640015
v 79.314003 4.40999937 18.8400021
v 87.4320068 2.53799891 26.6640015
v 66.0960083 4.40999842 44.4780006
v 75.4020004 2.46599793 49.3740005
v 66.0960083 4.40999842 44.4780006
v 67.4100037 -1.30800247 55.9020042
v 75.4020004 2.46599793 49.3740005
v 67.4100037 -1.30800247 55.9020042
v 66.0960083 4.40999842 44.4780006
v 58.2540054 -0.0300023202 53.0460052
v 87.4320068 -7.04400158 26.6640015
v 66.0960083 -8.91600132 44.4780006
v 79.314003 -8.91600132 18.8400021
v 66.0960083 -8.91600132 44.4780006
v 87.4320068 -7.04400158 26.6640015
v 75.4020004 -6.97200203 49.3740005
v 67.4100037 -3.19800258 55.9020042
v 66.0960083 -8.91600132 44.4780006
v 75.4020004 -6.97200203 49.3740005
v 66.0960083 -8.91600132 44.4780006
v 67.4100037 -3.19800258 55.9020042
v 58.2540054 -4.48200274 53.0460052
v 25.5060024 -4.08000183 39.2399979
v 35.237999 -6.21000147 32.4840012
v 31.5900002 -4.08000231 42.3600006
v 35.237999 -6.21000147 32.4840012
v 25.5060024 -4.08000183 39.2399979
v 23.2320004 -6.21000147 25.8480015
v 23.2320004 -6.21000147 25.8480015
v 36.8580017 -6.29400158 28.1639996
v 35.237999 -6.21000147 32.4840012
v 36.8580017 -6.29400158 28.1639996
v 23.2320004 -6.21000147 25.8480015
v 21.1499996 -6.30000067 17.0759983
v 55.4640007 1.09800041 -5.82600021
v 54.0720062 -7.63200092 0.0779996663
v 55.4640007 -5.29799986 -5.82600021
v 54.0720062 -7.63200092 0.0779996663
v 55.4640007 1.09800041 -5.82600021
v 54.0720062 3.43200016 0.0780001506
v -23.7000027 -2.12399745 -56.4420052
v -31.9800014 3.10800219 -45.6420021
v -23.7000027 3.08400249 -56.4420052
v -31.9800014 3.10800219 -45.6420021
v -23.7000027 -2.12399745 -56.4420052
v -31.9800014 -2.14799809 -45.6420021
v -36.9000015 -2.01599836 -35.6220016
v -31.9800014 3.10800219 -45.6420021
v -31.9800014 -2.14799809 -45.6420021
v -31.9800014 3.10800219 -45.6420021
v -36.9000015 -2.01599836 -35.6220016
v -36.9000015 2.97600174 -35.6220016
v -37.8000031 -2.01599884 -27.342001
v -36.9000015 2.97600174 -35.6220016
v -36.9000015 -2.01599836 -35.6220016
v -36.9000015 2.97600174 -35.6220016
v -37.8000031 -2.01599884 -27.342001
v -37.8000031 2.9760015 -27.342001
v -36.9000015 -2.01599956 -10.5419998
v -37.8000031 2.9760015 -27.342001
v -37.8000031 -2.01599884 -27.342001
v -37.8000031 2.9760015 -27.342001
v -36.9000015 -2.01599956 -10.5419998
v -36.9000015 2.97600079 -10.5419998
v -31.9800014 3.10800219 -45.6420021
v -24.1860008 4.41000223 -48.6120033
v -23.7000027 3.08400249 -56.4420052
v -24.1860008 4.41000223 -48.6120033
v -31.9800014 3.10800219 -45.6420021
v -28.3260021 4.72200203 -43.9080048
v -28.3260021 4.72200203 -43.9080048
v -24.2040005 5.03400135 -32.0219994
v -24.1860008 4.41000223 -48.6120033
v -24.2040005 5.03400135 -32.0219994
v -28.3260021 4.72200203 -43.9080048
v -31.9800014 4.9080019 -35.262001
v -24.2040005 5.03400135 -32.0219994
v -31.9800014 4.9080019 -35.262001
v -32.7719994 4.90800142 -28.1220016
v -24.2040005 5.03400135 -32.0219994
v -32.7719994 4.90800142 -28.1220016
v -23.8920021 4.99800158 -27.2700005
v -23.8920021 4.99800158 -27.2700005
v -32.7719994 4.90800142 -28.1220016
v -31.3499985 4.90800047 -12.5400009
v -23.8920021 4.99800158 -27.2700005
v -31.3499985 4.90800047 -12.5400009
v -23.1000004 4.90800047 -15.0419998
v -31.9800014 3.10800219 -45.6420021
v -31.9800014 4.9080019 -35.262001
v -28.3260021 4.72200203 -43.9080048
v -31.9800014 4.9080019 -35.262001
v -31.9800014 3.10800219 -45.6420021
v -36.9000015 2.97600174 -35.6220016
v -36.9000015 2.97600174 -35.6220016
v -32.7719994 4.90800142 -28.1220016
v -31.9800014 4.9080019 -35.262001
v -32.7719994 4.90800142 -28.1220016
v -36.9000015 2.97600174 -35.6220016
v -37.8000031 2.9760015 -27.342001
v -37.8000031 2.9760015 -27.342001
v -31.3499985 4.90800047 -12.5400009
v -32.7719994 4.90800142 -28.1220016
v -31.3499985 4.90800047 -12.5400009
v -37.8000031 2.9760015 -27.342001
v -36.9000015 2.97600079 -10.5419998
v -39.9660034 -5.29800224 44.1840019
v -57.6660042 0.797997713 54.0900002
v -57.6660042 -5.29800224 54.0900002
v -57.6660042 0.797997713 54.0900002
v -39.9660034 -5.29800224 44.1840019
v -39.9660034 0.797998071 44.1840019
v -80.0160065 -10.1160002 17.8619995
v -32.1840019 5.61600065 -14.9279995
v -32.1840019 -10.1159992 -14.9280014
v -32.1840019 5.61600065 -14.9279995
v -80.0160065 -10.1160002 17.8619995
v -80.0160065 5.61599922 17.8619995
v -79.314003 4.40999937 18.8400021
v -87.4320068 -7.04400158 26.6640015
v -87.4320068 2.53799891 26.6640015
v -87.4320068 -7.04400158 26.6640015
v -79.314003 4.40999937 18.8400021
v -79.314003 -8.91600132 18.8400021
v -39.9660034 0.797998071 44.1840019
v -65.9820023 5.61599827 44.6760025
v -57.6660042 0.797997713 54.0900002
v -65.9820023 5.61599827 44.6760025
v -39.9660034 0.797998071 44.1840019
v -44.1720009 5.61599874 31.6560001
v -44.1720009 5.61599874 31.6560001
v -44.9939995 5.61599922 21.0600014
v -65.9820023 5.61599827 44.6760025
v -65.9820023 5.61599827 44.6760025
v -44.9939995 5.61599922 21.0600014
v -80.0160065 5.61599922 17.8619995
v 23.1000004 -14.4000006 9.55799961
v 16.8000011 7.19999886 24.2580013
v 16.8000011 -14.4000006 24.2580013
v 16.8000011 7.19999886 24.2580013
v 23.1000004 -14.4000006 9.55799961
v 23.1000004 7.19999981 9.55800056
v 16.5 -13.9199991 -34.5419998
v 23.1000004 7.19999981 9.55800056
v 23.1000004 -14.4000006 9.55799961
v 23.1000004 7.19999981 9.55800056
v 16.5 -13.9199991 -34.5419998
v 16.5 7.20000172 -34.5419998
v -10.8960009 6.04200172 -35.526001
v -26.4900036 6.04200172 -36.1740036
v -26.406002 6.04200125 -25.2900009
v -26.4900036 6.04200172 -36.1740036
v -10.8960009 6.04200172 -35.526001
v -13.3920002 6.0420022 -42.0299988
v -13.3920002 6.0420022 -42.0299988
v -26.394001 6.0420022 -46.5660019
v -26.4900036 6.04200172 -36.1740036
v -26.394001 6.0420022 -46.5660019
v -13.3920002 6.0420022 -42.0299988
v -16.3560009 6.04200268 -51.5219994
v -16.3560009 6.04200268 -51.5219994
v -24.3599987 6.04200268 -61.2420006
v -26.394001 6.0420022 -46.5660019
v -24.3599987 6.04200268 -61.2420006
v -16.3560009 6.04200268 -51.5219994
v -18.4559994 6.04200268 -60.4139977
v -21.2999992 6.04200315 -72.3420029
v -24.3599987 6.04200268 -61.2420006
v -18.4559994 6.04200268 -60.4139977
v -24.1860008 -3.44999814 -48.6120033
v -31.9800014 -2.14799809 -45.6420021
v -23.7000027 -2.12399745 -56.4420052
v -31.9800014 -2.14799809 -45.6420021
v -24.1860008 -3.44999814 -48.6120033
v -28.3260021 -3.76199865 -43.9080048
v -31.9800014 -3.947999 -35.2620049
v -31.9800014 -2.14799809 -45.6420021
v -28.3260021 -3.76199865 -43.9080048
v -31.9800014 -2.14799809 -45.6420021
v -31.9800014 -3.947999 -35.2620049
v -36.9000015 -2.01599836 -35.6220016
v -32.7719994 -3.94799924 -28.1220016
v -36.9000015 -2.01599836 -35.6220016
v -31.9800014 -3.947999 -35.2620049
v -36.9000015 -2.01599836 -35.6220016
v -32.7719994 -3.94799924 -28.1220016
v -37.8000031 -2.01599884 -27.342001
v -31.3499985 -3.94799972 -12.5400009
v -37.8000031 -2.01599884 -27.342001
v -32.7719994 -3.94799924 -28.1220016
v -37.8000031 -2.01599884 -27.342001
v -31.3499985 -3.94799972 -12.5400009
v -36.9000015 -2.01599956 -10.5419998
v -24.2040005 -4.07399893 -32.0219994
v -28.3260021 -3.76199865 -43.9080048
v -24.1860008 -3.44999814 -48.6120033
v -28.3260021 -3.76199865 -43.9080048
v -24.2040005 -4.07399893 -32.0219994
v -31.9800014 -3.947999 -35.2620049
v -31.9800014 -3.947999 -35.2620049
v -24.2040005 -4.07399893 -32.0219994
v -32.7719994 -3.94799924 -28.1220016
v -32.7719994 -3.94799924 -28.1220016
v -24.2040005 -4.07399893 -32.0219994
v -23.8920021 -4.03799915 -27.2700005
v -32.7719994 -3.94799924 -28.1220016
v -23.8920021 -4.03799915 -27.2700005
v -31.3499985 -3.94799972 -12.5400009
v -31.3499985 -3.94799972 -12.5400009
v -23.8920021 -4.03799915 -27.2700005
v -23.1000004 -3.94799972 -15.0420008
v 26.4900036 -8.14199924 -36.1740036
v 26.406002 6.04200125 -25.2900009
v 26.406002 -8.14199924 -25.2900009
v 26.406002 6.04200125 -25.2900009
v 26.4900036 -8.14199924 -36.1740036
v 26.4900036 6.04200172 -36.1740036
v 26.394001 -6.58199883 -46.3860016
v 26.4900036 6.04200172 -36.1740036
v 26.4900036 -8.14199924 -36.1740036
v 26.4900036 6.04200172 -36.1740036
v 26.394001 -6.58199883 -46.3860016
v 26.394001 6.0420022 -46.5660019
v 24.3599987 -2.15999722 -61.2420006
v 26.394001 6.0420022 -46.5660019
v 26.394001 -6.58199883 -46.3860016
v 26.394001 6.0420022 -46.5660019
v 24.3599987 -2.15999722 -61.2420006
v 24.3599987 6.04200268 -61.2420006
v 21.2999992 3.04200339 -72.3420029
v 24.3599987 6.04200268 -61.2420006
v 24.3599987 -2.15999722 -61.2420006
v 24.3599987 6.04200268 -61.2420006
v 21.2999992 3.04200339 -72.3420029
v 21.2999992 6.04200315 -72.3420029
v 24.3599987 -2.15999722 -61.2420006
v 20.0460014 0.606002927 -67.0920029
v 21.2999992 3.04200339 -72.3420029
v 20.0460014 0.606002927 -67.0920029
v 24.3599987 -2.15999722 -61.2420006
v 21.2520027 -2.33999753 -60.7920036
v 20.1660023 0.798002839 -64.7639999
v 20.0460014 0.606002927 -67.0920029
v 21.2520027 -2.33999753 -60.7920036
v 20.0460014 0.606002927 -67.0920029
v 20.1660023 0.798002839 -64.7639999
v 20.0220013 3.23400307 -66.9780045
v 20.1660023 0.798002839 -64.7639999
v 18.4559994 1.75200272 -60.4139977
v 20.0220013 3.23400307 -66.9780045
v 18.4559994 1.75200272 -60.4139977
v 20.1660023 0.798002839 -64.7639999
v 19.0380001 -1.59599745 -60.6960068
v 19.0380001 -1.59599745 -60.6960068
v 16.3560009 0.28200227 -51.5219994
v 18.4559994 1.75200272 -60.4139977
v 24.3599987 -2.15999722 -61.2420006
v 22.6260014 -6.43799829 -48.2460022
v 21.2520027 -2.33999753 -60.7920036
v 17.1780014 -4.63199806 -51.1020012
v 21.2520027 -2.33999753 -60.7920036
v 22.6260014 -6.43799829 -48.2460022
v 21.2520027 -2.33999753 -60.7920036
v 17.1780014 -4.63199806 -51.1020012
v 19.0380001 -1.59599745 -60.6960068
v 19.0380001 -1.59599745 -60.6960068
v 20.1660023 0.798002839 -64.7639999
v 21.2520027 -2.33999753 -60.7920036
v 22.6260014 -6.43799829 -48.2460022
v 24.3599987 -2.15999722 -61.2420006
v 26.394001 -6.58199883 -46.3860016
v 26.394001 -6.58199883 -46.3860016
v 22.2360001 -8.14199924 -38.0760002
v 22.6260014 -6.43799829 -48.2460022
v 14.8260002 -6.4559989 -42.75
v 22.6260014 -6.43799829 -48.2460022
v 22.2360001 -8.14199924 -38.0760002
v 22.6260014 -6.43799829 -48.2460022
v 14.8260002 -6.4559989 -42.75
v 17.1780014 -4.63199806 -51.1020012
v 13.3920002 -1.04999816 -42.0300026
v 17.1780014 -4.63199806 -51.1020012
v 14.8260002 -6.4559989 -42.75
v 17.1780014 -4.63199806 -51.1020012
v 13.3920002 -1.04999816 -42.0300026
v 16.3560009 0.28200227 -51.5219994
v 16.3560009 0.28200227 -51.5219994
v 19.0380001 -1.59599745 -60.6960068
v 17.1780014 -4.63199806 -51.1020012
v 22.2360001 -8.14199924 -38.0760002
v 26.394001 -6.58199883 -46.3860016
v 26.4900036 -8.14199924 -36.1740036
v 22.2360001 -8.14199924 -38.0760002
v 26.4900036 -8.14199924 -36.1740036
v 26.406002 -8.14199924 -25.2900009
v 10.5840006 -8.14199924 -34.7159996
v 22.2360001 -8.14199924 -38.0760002
v 26.406002 -8.14199924 -25.2900009
v 13.3920002 -8.14199924 -42.0300026
v 22.2360001 -8.14199924 -38.0760002
v 10.5840006 -8.14199924 -34.7159996
v -16.5 -13.9199991 -34.5419998
v -23.1000004 7.19999981 9.55800056
v -16.5 7.20000172 -34.5419998
v -23.1000004 7.19999981 9.55800056
v -16.5 -13.9199991 -34.5419998
v -23.1000004 -14.4000006 9.55799961
v -23.1000004 -14.4000006 9.55799961
v -16.8000011 7.19999886 24.2580013
v -23.1000004 7.19999981 9.55800056
v -16.8000011 7.19999886 24.2580013
v -23.1000004 -14.4000006 9.55799961
v -16.8000011 -14.4000006 24.2580013
v -38.7960014 -3.81600142 27.2579994
v -39.3840027 -2.64000154 31.8720016
v -39.2820015 -2.6400013 27.2579994
v -39.3840027 -2.64000154 31.8720016
v -38.7960014 -3.81600142 27.2579994
v -38.9040031 -3.81600189 31.9440002
v -40.2600021 -3.81600189 35.7960014
v -39.3840027 -2.64000154 31.8720016
v -38.9040031 -3.81600189 31.9440002
v -39.3840027 -2.64000154 31.8720016
v -40.2600021 -3.81600189 35.7960014
v -40.6860008 -2.64000177 35.5559998
v -40.2600021 -3.81600189 35.7960014
v -43.2180023 -2.64000177 39.4500008
v -40.6860008 -2.64000177 35.5559998
v -43.2180023 -2.64000177 39.4500008
v -40.2600021 -3.81600189 35.7960014
v -42.8999977 -3.81600213 39.8160057
v -39.2399979 -4.30200195 36.3780022
v -42.8999977 -3.81600213 39.8160057
v -40.2600021 -3.81600189 35.7960014
v -42.8999977 -3.81600213 39.8160057
v -39.2399979 -4.30200195 36.3780022
v -42.1200027 -4.30200195 40.6980057
v -37.6199989 -4.30200148 27.2579994
v -38.9040031 -3.81600189 31.9440002
v -38.7960014 -3.81600142 27.2579994
v -38.9040031 -3.81600189 31.9440002
v -37.6199989 -4.30200148 27.2579994
v -37.7400017 -4.30200148 32.118
v -37.7400017 -4.30200148 32.118
v -40.2600021 -3.81600189 35.7960014
v -38.9040031 -3.81600189 31.9440002
v -40.2600021 -3.81600189 35.7960014
v -37.7400017 -4.30200148 32.118
v -39.2399979 -4.30200195 36.3780022
v -36.576004 -3.81600189 32.2859993
v -39.2399979 -4.30200195 36.3780022
v -37.7400017 -4.30200148 32.118
v -39.2399979 -4.30200195 36.3780022
v -36.576004 -3.81600189 32.2859993
v -38.220005 -3.81600189 36.9540024
v -38.220005 -3.81600189 36.9540024
v -42.1200027 -4.30200195 40.6980057
v -39.2399979 -4.30200195 36.3780022
v -42.1200027 -4.30200195 40.6980057
v -38.220005 -3.81600189 36.9540024
v -41.340004 -3.81600213 41.5740013
v -37.7939987 -2.64000177 37.1940002
v -41.340004 -3.81600213 41.5740013
v -38.220005 -3.81600189 36.9540024
v -41.340004 -3.81600213 41.5740013
v -37.7939987 -2.64000177 37.1940002
v -41.0220032 -2.64000177 41.9400024
v -37.7939987 -2.64000177 37.1940002
v -41.340004 -1.46400189 41.5740013
v -41.0220032 -2.64000177 41.9400024
v -36.4440041 -3.81600142 27.2579994
v -37.7400017 -4.30200148 32.118
v -37.6199989 -4.30200148 27.2579994
v -37.7400017 -4.30200148 32.118
v -36.4440041 -3.81600142 27.2579994
v -36.576004 -3.81600189 32.2859993
v -35.958004 -2.6400013 27.2579994
v -36.576004 -3.81600189 32.2859993
v -36.4440041 -3.81600142 27.2579994
v -36.576004 -3.81600189 32.2859993
v -35.958004 -2.6400013 27.2579994
v -36.0960007 -2.64000154 32.3580017
v -37.7939987 -2.64000177 37.1940002
v -36.576004 -3.81600189 32.2859993
v -36.0960007 -2.64000154 32.3580017
v -36.576004 -3.81600189 32.2859993
v -37.7939987 -2.64000177 37.1940002
v -38.220005 -3.81600189 36.9540024
v -35.958004 -2.6400013 27.2579994
v -36.576004 -1.46400142 32.2859993
v -36.0960007 -2.64000154 32.3580017
v -36.576004 -1.46400142 32.2859993
v -37.7939987 -2.64000177 37.1940002
v -36.0960007 -2.64000154 32.3580017
v -37.7939987 -2.64000177 37.1940002
v -36.576004 -1.46400142 32.2859993
v -38.220005 -1.46400166 36.9540024
v -41.340004 -1.46400189 41.5740013
v -37.7939987 -2.64000177 37.1940002
v -38.220005 -1.46400166 36.9540024
v -38.220005 -1.46400166 36.9540024
v -42.1200027 -0.978001833 40.6980057
v -41.340004 -1.46400189 41.5740013
v -42.1200027 -0.978001833 40.6980057
v -38.220005 -1.46400166 36.9540024
v -39.2399979 -0.978001654 36.3780022
v -39.2399979 -0.978001654 36.3780022
v -42.8999977 -1.46400177 39.8160057
v -42.1200027 -0.978001833 40.6980057
v -42.8999977 -1.46400177 39.8160057
v -39.2399979 -0.978001654 36.3780022
v -40.2600021 -1.46400154 35.7960014
v -40.2600021 -1.46400154 35.7960014
v -43.2180023 -2.64000177 39.4500008
v -42.8999977 -1.46400177 39.8160057
v -36.576004 -1.46400142 32.2859993
v -35.958004 -2.6400013 27.2579994
v -36.4440041 -1.46400118 27.2579994
v -36.4440041 -1.46400118 27.2579994
v -37.7400017 -0.978001475 32.118
v -36.576004 -1.46400142 32.2859993
v -39.2399979 -0.978001654 36.3780022
v -36.576004 -1.46400142 32.2859993
v -37.7400017 -0.978001475 32.118
v -36.576004 -1.46400142 32.2859993
v -39.2399979 -0.978001654 36.3780022
v -38.220005 -1.46400166 36.9540024
v -37.7400017 -0.978001475 32.118
v -36.4440041 -1.46400118 27.2579994
v -37.6199989 -0.978001237 27.2579994
v -37.6199989 -0.978001237 27.2579994
v -38.9040031 -1.46400142 31.9440002
v -37.7400017 -0.978001475 32.118
v -40.2600021 -1.46400154 35.7960014
v -37.7400017 -0.978001475 32.118
v -38.9040031 -1.46400142 31.9440002
v -37.7400017 -0.978001475 32.118
v -40.2600021 -1.46400154 35.7960014
v -39.2399979 -0.978001654 36.3780022
v -38.9040031 -1.46400142 31.9440002
v -37.6199989 -0.978001237 27.2579994
v -38.7960014 -1.46400118 27.2579994
v -38.7960014 -1.46400118 27.2579994
v -39.3840027 -2.64000154 31.8720016
v -38.9040031 -1.46400142 31.9440002
v -39.3840027 -2.64000154 31.8720016
v -40.2600021 -1.46400154 35.7960014
v -38.9040031 -1.46400142 31.9440002
v -40.2600021 -1.46400154 35.7960014
v -39.3840027 -2.64000154 31.8720016
v -40.6860008 -2.64000177 35.5559998
v -43.2180023 -2.64000177 39.4500008
v -40.2600021 -1.46400154 35.7960014
v -40.6860008 -2.64000177 35.5559998
v -39.3840027 -2.64000154 31.8720016
v -38.7960014 -1.46400118 27.2579994
v -39.2820015 -2.6400013 27.2579994
v -55.4640007 1.09800041 -5.82600021
v -32.3100014 3.24600077 -14.8439999
v -33.2940025 1.098001 -20.4780006
v -32.3100014 3.24600077 -14.8439999
v -55.4640007 1.09800041 -5.82600021
v -54.0720062 3.43200016 0.0780001506
v 44.1720009 5.61599874 31.6560001
v 39.9660034 -5.29800224 44.1840019
v 39.9660034 0.797998071 44.1840019
v 39.9660034 -5.29800224 44.1840019
v 44.1720009 5.61599874 31.6560001
v 44.1720009 -10.1160011 31.6560001
v 44.9939995 5.61599922 21.0600014
v 44.1720009 -10.1160011 31.6560001
v 44.1720009 5.61599874 31.6560001
v 44.1720009 -10.1160011 31.6560001
v 44.9939995 5.61599922 21.0600014
v 44.9939995 -10.1160011 21.0599995
v 44.9939995 5.61599922 21.0600014
v 41.5140038 -10.1160002 18.6000004
v 44.9939995 -10.1160011 21.0599995
v 41.5140038 -10.1160002 18.6000004
v 44.9939995 5.61599922 21.0600014
v 41.5140038 5.61599922 18.6000004
v 41.5140038 5.61599922 18.6000004
v 40.0740013 -10.1160002 14.3999996
v 41.5140038 -10.1160002 18.6000004
v 40.0740013 -10.1160002 14.3999996
v 41.5140038 5.61599922 18.6000004
v 40.0740013 5.6159997 14.4000006
v 40.0740013 5.6159997 14.4000006
v 42.0720024 -10.1160002 9.7680006
v 40.0740013 -10.1160002 14.3999996
v 42.0720024 -10.1160002 9.7680006
v 40.0740013 5.6159997 14.4000006
v 42.0720024 5.6159997 9.7680006
v 42.0720024 5.6159997 9.7680006
v 45.6720009 -10.1160002 7.42799997
v 42.0720024 -10.1160002 9.7680006
v 45.6720009 -10.1160002 7.42799997
v 42.0720024 5.6159997 9.7680006
v 45.6720009 5.6159997 7.42800093
v 75.4020004 2.46599793 49.3740005
v 87.4320068 -7.04400158 26.6640015
v 87.4320068 2.53799891 26.6640015
v 87.4320068 -7.04400158 26.6640015
v 75.4020004 2.46599793 49.3740005
v 75.4020004 -6.97200203 49.3740005
v 75.4020004 2.46599793 49.3740005
v 67.4100037 -3.19800258 55.9020042
v 75.4020004 -6.97200203 49.3740005
v 67.4100037 -3.19800258 55.9020042
v 75.4020004 2.46599793 49.3740005
v 67.4100037 -1.30800247 55.9020042
v 35.237999 0.50999862 32.4840012
v 36.8580017 -6.29400158 28.1639996
v 36.8580017 0.59399879 28.1639996
v 36.8580017 -6.29400158 28.1639996
v 35.237999 0.50999862 32.4840012
v 35.237999 -6.21000147 32.4840012
v 35.237999 0.50999862 32.4840012
v 31.5900002 -4.08000231 42.3600006
v 35.237999 -6.21000147 32.4840012
v 31.5900002 -4.08000231 42.3600006
v 35.237999 0.50999862 32.4840012
v 31.5900002 -1.62000191 42.3600006
v 31.5900002 -4.08000231 42.3600006
v 25.5060024 -1.62000191 39.2399979
v 25.5060024 -4.08000183 39.2399979
v 25.5060024 -1.62000191 39.2399979
v 31.5900002 -4.08000231 42.3600006
v 31.5900002 -1.62000191 42.3600006
v 39.9660034 -5.29800224 44.1840019
v 65.9820023 -10.1160021 44.6759987
v 57.6660042 -5.29800224 54.0900002
v 65.9820023 -10.1160021 44.6759987
v 39.9660034 -5.29800224 44.1840019
v 44.1720009 -10.1160011 31.6560001
v 44.1720009 -10.1160011 31.6560001
v 44.9939995 -10.1160011 21.0599995
v 65.9820023 -10.1160021 44.6759987
v 65.9820023 -10.1160021 44.6759987
v 44.9939995 -10.1160011 21.0599995
v 80.0160065 -10.1160002 17.8619995
v 44.9939995 -10.1160011 21.0599995
v 45.6720009 -10.1160002 7.42799997
v 80.0160065 -10.1160002 17.8619995
v 32.1840019 -10.1159992 -14.9280014
v 80.0160065 -10.1160002 17.8619995
v 45.6720009 -10.1160002 7.42799997
v 31.578001 -10.1160002 -11.4000006
v 32.1840019 -10.1159992 -14.9280014
v 45.6720009 -10.1160002 7.42799997
v 41.5140038 -10.1160002 18.6000004
v 45.6720009 -10.1160002 7.42799997
v 44.9939995 -10.1160011 21.0599995
v 45.6720009 -10.1160002 7.42799997
v 41.5140038 -10.1160002 18.6000004
v 42.0720024 -10.1160002 9.7680006
v 40.0740013 -10.1160002 14.3999996
v 42.0720024 -10.1160002 9.7680006
v 41.5140038 -10.1160002 18.6000004
v 13.1879997 18.7500019 -15.6240005
v 23.25 18.7500019 -27.7919998
v 12.9000006 18.7500019 -33.3419991
v 23.25 18.7500019 -27.7919998
v 13.1879997 18.7500019 -15.6240005
v 22.1340008 18.7500019 -11.6999989
v 22.1340008 18.7500019 -11.6999989
v 33.6000023 12.9900007 -22.2420006
v 23.25 18.7500019 -27.7919998
v 33.6000023 12.9900007 -22.2420006
v 22.1340008 18.7500019 -11.6999989
v 31.0739994 12.9900007 -7.77599955
v 20.4000015 13.3499994 18.7080002
v 31.0739994 12.9900007 -7.77599955
v 22.1340008 18.7500019 -11.6999989
v 31.0739994 12.9900007 -7.77599955
v 20.4000015 13.3499994 18.7080002
v 27.0000019 10.2299995 15.5580015
v 13.8000011 13.3499994 21.8580017
v 22.1340008 18.7500019 -11.6999989
v 13.1879997 18.7500019 -15.6240005
v 22.1340008 18.7500019 -11.6999989
v 13.8000011 13.3499994 21.8580017
v 20.4000015 13.3499994 18.7080002
v 39.3840027 -2.64000154 31.8720016
v 38.7960014 -3.81600142 27.2579994
v 39.2820015 -2.6400013 27.2579994
v 38.7960014 -3.81600142 27.2579994
v 39.3840027 -2.64000154 31.8720016
v 38.9040031 -3.81600189 31.9440002
v 38.9040031 -3.81600189 31.9440002
v 37.6199989 -4.30200148 27.2579994
v 38.7960014 -3.81600142 27.2579994
v 37.6199989 -4.30200148 27.2579994
v 38.9040031 -3.81600189 31.9440002
v 37.7400017 -4.30200148 32.118
v 37.7400017 -4.30200148 32.118
v 36.4440041 -3.81600142 27.2579994
v 37.6199989 -4.30200148 27.2579994
v 36.4440041 -3.81600142 27.2579994
v 37.7400017 -4.30200148 32.118
v 36.576004 -3.81600189 32.2859993
v 36.576004 -3.81600189 32.2859993
v 35.958004 -2.6400013 27.2579994
v 36.4440041 -3.81600142 27.2579994
v 39.3840027 -2.64000154 31.8720016
v 40.2600021 -3.81600189 35.7960014
v 38.9040031 -3.81600189 31.9440002
v 40.2600021 -3.81600189 35.7960014
v 37.7400017 -4.30200148 32.118
v 38.9040031 -3.81600189 31.9440002
v 37.7400017 -4.30200148 32.118
v 40.2600021 -3.81600189 35.7960014
v 39.2399979 -4.30200195 36.3780022
v 39.2399979 -4.30200195 36.3780022
v 36.576004 -3.81600189 32.2859993
v 37.7400017 -4.30200148 32.118
v 36.576004 -3.81600189 32.2859993
v 39.2399979 -4.30200195 36.3780022
v 38.220005 -3.81600189 36.9540024
v 37.7939987 -2.64000177 37.1940002
v 36.576004 -3.81600189 32.2859993
v 38.220005 -3.81600189 36.9540024
v 36.576004 -3.81600189 32.2859993
v 37.7939987 -2.64000177 37.1940002
v 36.0960007 -2.64000154 32.3580017
v 35.958004 -2.6400013 27.2579994
v 36.576004 -3.81600189 32.2859993
v 36.0960007 -2.64000154 32.3580017
v 36.576004 -1.46400142 32.2859993
v 35.958004 -2.6400013 27.2579994
v 36.0960007 -2.64000154 32.3580017
v 35.958004 -2.6400013 27.2579994
v 36.576004 -1.46400142 32.2859993
v 36.4440041 -1.46400118 27.2579994
v 40.2600021 -3.81600189 35.7960014
v 39.3840027 -2.64000154 31.8720016
v 40.6860008 -2.64000177 35.5559998
v 43.2180023 -2.64000177 39.4500008
v 40.2600021 -3.81600189 35.7960014
v 40.6860008 -2.64000177 35.5559998
v 40.2600021 -3.81600189 35.7960014
v 43.2180023 -2.64000177 39.4500008
v 42.8999977 -3.81600213 39.8160057
v 42.8999977 -3.81600213 39.8160057
v 39.2399979 -4.30200195 36.3780022
v 40.2600021 -3.81600189 35.7960014
v 39.2399979 -4.30200195 36.3780022
v 42.8999977 -3.81600213 39.8160057
v 42.1200027 -4.30200195 40.6980057
v 42.1200027 -4.30200195 40.6980057
v 38.220005 -3.81600189 36.9540024
v 39.2399979 -4.30200195 36.3780022
v 38.220005 -3.81600189 36.9540024
v 42.1200027 -4.30200195 40.6980057
v 41.340004 -3.81600213 41.5740013
v 41.340004 -3.81600213 41.5740013
v 37.7939987 -2.64000177 37.1940002
v 38.220005 -3.81600189 36.9540024
v 37.7939987 -2.64000177 37.1940002
v 41.340004 -3.81600213 41.5740013
v 41.0220032 -2.64000177 41.9400024
v 41.340004 -1.46400189 41.5740013
v 37.7939987 -2.64000177 37.1940002
v 41.0220032 -2.64000177 41.9400024
v 37.7939987 -2.64000177 37.1940002
v 41.340004 -1.46400189 41.5740013
v 38.220005 -1.46400166 36.9540024
v 36.576004 -1.46400142 32.2859993
v 37.7939987 -2.64000177 37.1940002
v 38.220005 -1.46400166 36.9540024
v 37.7939987 -2.64000177 37.1940002
v 36.576004 -1.46400142 32.2859993
v 36.0960007 -2.64000154 32.3580017
v 42.1200027 -0.978001833 40.6980057
v 38.220005 -1.46400166 36.9540024
v 41.340004 -1.46400189 41.5740013
v 38.220005 -1.46400166 36.9540024
v 42.1200027 -0.978001833 40.6980057
v 39.2399979 -0.978001654 36.3780022
v 39.2399979 -0.978001654 36.3780022
v 36.576004 -1.46400142 32.2859993
v 38.220005 -1.46400166 36.9540024
v 36.576004 -1.46400142 32.2859993
v 39.2399979 -0.978001654 36.3780022
v 37.7400017 -0.978001475 32.118
v 37.7400017 -0.978001475 32.118
v 36.4440041 -1.46400118 27.2579994
v 36.576004 -1.46400142 32.2859993
v 36.4440041 -1.46400118 27.2579994
v 37.7400017 -0.978001475 32.118
v 37.6199989 -0.978001237 27.2579994
v 38.9040031 -1.46400142 31.9440002
v 37.6199989 -0.978001237 27.2579994
v 37.7400017 -0.978001475 32.118
v 37.6199989 -0.978001237 27.2579994
v 38.9040031 -1.46400142 31.9440002
v 38.7960014 -1.46400118 27.2579994
v 42.8999977 -1.46400177 39.8160057
v 39.2399979 -0.978001654 36.3780022
v 42.1200027 -0.978001833 40.6980057
v 39.2399979 -0.978001654 36.3780022
v 42.8999977 -1.46400177 39.8160057
v 40.2600021 -1.46400154 35.7960014
v 40.2600021 -1.46400154 35.7960014
v 37.7400017 -0.978001475 32.118
v 39.2399979 -0.978001654 36.3780022
v 37.7400017 -0.978001475 32.118
v 40.2600021 -1.46400154 35.7960014
v 38.9040031 -1.46400142 31.9440002
v 40.2600021 -1.46400154 35.7960014
v 39.3840027 -2.64000154 31.8720016
v 38.9040031 -1.46400142 31.9440002
v 39.3840027 -2.64000154 31.8720016
v 38.7960014 -1.46400118 27.2579994
v 38.9040031 -1.46400142 31.9440002
v 38.7960014 -1.46400118 27.2579994
v 39.3840027 -2.64000154 31.8720016
v 39.2820015 -2.6400013 27.2579994
v 43.2180023 -2.64000177 39.4500008
v 40.2600021 -1.46400154 35.7960014
v 42.8999977 -1.46400177 39.8160057
v 40.2600021 -1.46400154 35.7960014
v 43.2180023 -2.64000177 39.4500008
v 40.6860008 -2.64000177 35.5559998
v 39.3840027 -2.64000154 31.8720016
v 40.2600021 -1.46400154 35.7960014
v 40.6860008 -2.64000177 35.5559998
v 55.4640007 1.09800041 -5.82600021
v 33.2940025 -5.29799891 -20.4780006
v 33.2940025 1.098001 -20.4780006
v 33.2940025 -5.29799891 -20.4780006
v 55.4640007 1.09800041 -5.82600021
v 55.4640007 -5.29799986 -5.82600021
v -32.1840019 5.61600065 -14.9279995
v -31.578001 -10.1160002 -11.4000006
v -32.1840019 -10.1159992 -14.9280014
v -31.578001 -10.1160002 -11.4000006
v -32.1840019 5.61600065 -14.9279995
v -31.578001 5.61600065 -11.3999996
v -31.578001 5.61600065 -11.3999996
v -45.6720009 -10.1160002 7.42799997
v -31.578001 -10.1160002 -11.4000006
v -45.6720009 -10.1160002 7.42799997
v -31.578001 5.61600065 -11.3999996
v -45.6720009 5.6159997 7.42800093
v -25.5060024 -4.08000183 39.2399979
v -23.2320004 0.509998918 25.8480015
v -25.5060024 -1.62000191 39.2399979
v -23.2320004 0.509998918 25.8480015
v -25.5060024 -4.08000183 39.2399979
v -23.2320004 -6.21000147 25.8480015
v -21.1499996 -6.30000067 17.0759983
v -23.2320004 0.509998918 25.8480015
v -23.2320004 -6.21000147 25.8480015
v -23.2320004 0.509998918 25.8480015
v -21.1499996 -6.30000067 17.0759983
v -21.1499996 0.599999249 17.0760002
v -25.5060024 -1.62000191 39.2399979
v -35.237999 0.50999862 32.4840012
v -31.5900002 -1.62000191 42.3600006
v -35.237999 0.50999862 32.4840012
v -25.5060024 -1.62000191 39.2399979
v -23.2320004 0.509998918 25.8480015
v -23.2320004 0.509998918 25.8480015
v -36.8580017 0.59399879 28.1639996
v -35.237999 0.50999862 32.4840012
v -36.8580017 0.59399879 28.1639996
v -23.2320004 0.509998918 25.8480015
v -21.1499996 0.599999249 17.0760002
v -26.406002 6.04200125 -25.2900009
v -26.4900036 -8.14199924 -36.1740036
v -26.406002 -8.14199924 -25.2900009
v -26.4900036 -8.14199924 -36.1740036
v -26.406002 6.04200125 -25.2900009
v -26.4900036 6.04200172 -36.1740036
v -26.4900036 6.04200172 -36.1740036
v -26.394001 -6.58199883 -46.3860016
v -26.4900036 -8.14199924 -36.1740036
v -26.394001 -6.58199883 -46.3860016
v -26.4900036 6.04200172 -36.1740036
v -26.394001 6.0420022 -46.5660019
v -26.394001 6.0420022 -46.5660019
v -24.3599987 -2.15999722 -61.2420006
v -26.394001 -6.58199883 -46.3860016
v -24.3599987 -2.15999722 -61.2420006
v -26.394001 6.0420022 -46.5660019
v -24.3599987 6.04200268 -61.2420006
v -24.3599987 6.04200268 -61.2420006
v -21.2999992 3.04200339 -72.3420029
v -24.3599987 -2.15999722 -61.2420006
v -21.2999992 3.04200339 -72.3420029
v -24.3599987 6.04200268 -61.2420006
v -21.2999992 6.04200315 -72.3420029
v -20.0460014 0.606002927 -67.0920029
v -24.3599987 -2.15999722 -61.2420006
v -21.2999992 3.04200339 -72.3420029
v -24.3599987 -2.15999722 -61.2420006
v -20.0460014 0.606002927 -67.0920029
v -21.2520027 -2.33999753 -60.7920036
v -22.6260014 -6.43799829 -48.2460022
v -24.3599987 -2.15999722 -61.2420006
v -21.2520027 -2.33999753 -60.7920036
v -24.3599987 -2.15999722 -61.2420006
v -22.6260014 -6.43799829 -48.2460022
v -26.394001 -6.58199883 -46.3860016
v -22.2360001 -8.14199924 -38.0760002
v -26.394001 -6.58199883 -46.3860016
v -22.6260014 -6.43799829 -48.2460022
v -26.394001 -6.58199883 -46.3860016
v -22.2360001 -8.14199924 -38.0760002
v -26.4900036 -8.14199924 -36.1740036
v -26.4900036 -8.14199924 -36.1740036
v -22.2360001 -8.14199924 -38.0760002
v -26.406002 -8.14199924 -25.2900009
v -22.2360001 -8.14199924 -38.0760002
v -10.5840006 -8.14199924 -34.7159996
v -26.406002 -8.14199924 -25.2900009
v -20.0460014 0.606002927 -67.0920029
v -20.1660023 0.798002839 -64.7639999
v -21.2520027 -2.33999753 -60.7920036
v -20.1660023 0.798002839 -64.7639999
v -19.0380001 -1.59599745 -60.6960068
v -21.2520027 -2.33999753 -60.7920036
v -17.1780014 -4.63199806 -51.1020012
v -21.2520027 -2.33999753 -60.7920036
v -19.0380001 -1.59599745 -60.6960068
v -21.2520027 -2.33999753 -60.7920036
v -17.1780014 -4.63199806 -51.1020012
v -22.6260014 -6.43799829 -48.2460022
v -14.8260002 -6.4559989 -42.75
v -22.6260014 -6.43799829 -48.2460022
v -17.1780014 -4.63199806 -51.1020012
v -22.6260014 -6.43799829 -48.2460022
v -14.8260002 -6.4559989 -42.75
v -22.2360001 -8.14199924 -38.0760002
v -20.1660023 0.798002839 -64.7639999
v -20.0460014 0.606002927 -67.0920029
v -20.0220013 3.23400307 -66.9780045
v -18.4559994 1.75200272 -60.4139977
v -20.1660023 0.798002839 -64.7639999
v -20.0220013 3.23400307 -66.9780045
v -20.1660023 0.798002839 -64.7639999
v -18.4559994 1.75200272 -60.4139977
v -19.0380001 -1.59599745 -60.6960068
v -16.3560009 0.28200227 -51.5219994
v -19.0380001 -1.59599745 -60.6960068
v -18.4559994 1.75200272 -60.4139977
v -19.0380001 -1.59599745 -60.6960068
v -16.3560009 0.28200227 -51.5219994
v -17.1780014 -4.63199806 -51.1020012
v -13.3920002 -1.04999816 -42.0300026
v -17.1780014 -4.63199806 -51.1020012
v -16.3560009 0.28200227 -51.5219994
v -17.1780014 -4.63199806 -51.1020012
v -13.3920002 -1.04999816 -42.0300026
v -14.8260002 -6.4559989 -42.75
v -22.2360001 -8.14199924 -38.0760002
v -13.3920002 -8.14199924 -42.0300026
v -10.5840006 -8.14199924 -34.7159996
v 23.8920021 4.99800158 -27.2700005
v 24.2040005 -4.07399893 -32.0219994
v 23.8920021 -4.03799915 -27.2700005
v 24.2040005 -4.07399893 -32.0219994
v 23.8920021 4.99800158 -27.2700005
v 24.2040005 5.03400135 -32.0219994
v 24.2040005 5.03400135 -32.0219994
v 24.1860008 -3.44999814 -48.6120033
v 24.2040005 -4.07399893 -32.0219994
v 24.1860008 -3.44999814 -48.6120033
v 24.2040005 5.03400135 -32.0219994
v 24.1860008 4.41000223 -48.6120033
v 23.7000027 3.08400249 -56.4420052
v 24.1860008 -3.44999814 -48.6120033
v 24.1860008 4.41000223 -48.6120033
v 24.1860008 -3.44999814 -48.6120033
v 23.7000027 3.08400249 -56.4420052
v 23.7000027 -2.12399745 -56.4420052
v 20.0220013 3.23400307 -66.9780045
v 21.2999992 3.04200339 -72.3420029
v 20.0460014 0.606002927 -67.0920029
v 21.2999992 3.04200339 -72.3420029
v 20.0220013 3.23400307 -66.9780045
v 21.2999992 6.04200315 -72.3420029
v 21.2999992 6.04200315 -72.3420029
v 20.0220013 3.23400307 -66.9780045
v 18.4559994 6.04200268 -60.4139977
v 20.0220013 3.23400307 -66.9780045
v 18.4559994 1.75200272 -60.4139977
v 18.4559994 6.04200268 -60.4139977
v 18.4559994 1.75200272 -60.4139977
v 16.3560009 6.04200268 -51.5219994
v 18.4559994 6.04200268 -60.4139977
v 16.3560009 6.04200268 -51.5219994
v 18.4559994 1.75200272 -60.4139977
v 16.3560009 0.28200227 -51.5219994
v 16.3560009 0.28200227 -51.5219994
v 13.3920002 6.0420022 -42.0299988
v 16.3560009 6.04200268 -51.5219994
v 13.3920002 6.0420022 -42.0299988
v 16.3560009 0.28200227 -51.5219994
v 13.3920002 -1.04999816 -42.0300026
v 13.3920002 6.0420022 -42.0299988
v 13.3920002 -1.04999816 -42.0300026
v 10.8960009 6.04200172 -35.526001
v 10.8960009 6.04200172 -35.526001
v 13.3920002 -1.04999816 -42.0300026
v 10.5840006 -8.14199924 -34.7159996
v 10.5840006 -8.14199924 -34.7159996
v 13.3920002 -1.04999816 -42.0300026
v 13.3920002 -8.14199924 -42.0300026
v -66.0960083 -8.91600132 44.4780006
v -87.4320068 -7.04400158 26.6640015
v -79.314003 -8.91600132 18.8400021
v -87.4320068 -7.04400158 26.6640015
v -66.0960083 -8.91600132 44.4780006
v -75.4020004 -6.97200203 49.3740005
v -66.0960083 -8.91600132 44.4780006
v -67.4100037 -3.19800258 55.9020042
v -75.4020004 -6.97200203 49.3740005
v -67.4100037 -3.19800258 55.9020042
v -66.0960083 -8.91600132 44.4780006
v -58.2540054 -4.48200274 53.0460052
v 13.7040005 7.19999981 15.8580008
v -13.7040005 10.5 15.8580008
v -13.7040005 7.19999981 15.8580008
v -13.7040005 10.5 15.8580008
v 13.7040005 7.19999981 15.8580008
v 13.7040005 10.5 15.8580008
v 13.2659998 15.3000011 -10.842
v -13.7040005 10.5 15.8580008
v 13.7040005 10.5 15.8580008
v -13.7040005 10.5 15.8580008
v 13.2659998 15.3000011 -10.842
v -13.2659998 15.3000011 -10.842
v 12.9840002 15.3000011 -28.3379993
v -13.2659998 15.3000011 -10.842
v 13.2659998 15.3000011 -10.842
v -13.2659998 15.3000011 -10.842
v 12.9840002 15.3000011 -28.3379993
v -12.9840002 15.3000011 -28.3379993
v 0 15.3000011 -32.1420021
v -12.9840002 15.3000011 -28.3379993
v 12.9840002 15.3000011 -28.3379993
v 0 7.20000124 -32.1420021
v -12.9840002 15.3000011 -28.3379993
v 0 15.3000011 -32.1420021
v -12.9840002 15.3000011 -28.3379993
v 0 7.20000124 -32.1420021
v -12.9840002 7.20000124 -28.3379993
v 12.9840002 7.20000124 -28.3379993
v 0 15.3000011 -32.1420021
v 12.9840002 15.3000011 -28.3379993
v 0 15.3000011 -32.1420021
v 12.9840002 7.20000124 -28.3379993
v 0 7.20000124 -32.1420021
v -35.237999 -6.21000147 32.4840012
v -25.5060024 -4.08000183 39.2399979
v -31.5900002 -4.08000231 42.3600006
v -25.5060024 -4.08000183 39.2399979
v -35.237999 -6.21000147 32.4840012
v -23.2320004 -6.21000147 25.8480015
v -36.8580017 -6.29400158 28.1639996
v -23.2320004 -6.21000147 25.8480015
v -35.237999 -6.21000147 32.4840012
v -23.2320004 -6.21000147 25.8480015
v -36.8580017 -6.29400158 28.1639996
v -21.1499996 -6.30000067 17.0759983
v -54.0720062 -7.63200092 0.0779996663
v -55.4640007 1.09800041 -5.82600021
v -55.4640007 -5.29799986 -5.82600021
v -55.4640007 1.09800041 -5.82600021
v -54.0720062 -7.63200092 0.0779996663
v -54.0720062 3.43200016 0.0780001506
v 57.6660042 0.797997713 54.0900002
v 39.9660034 -5.29800224 44.1840019
v 57.6660042 -5.29800224 54.0900002
v 39.9660034 -5.29800224 44.1840019
v 57.6660042 0.797997713 54.0900002
v 39.9660034 0.797998071 44.1840019
v 32.1840019 5.61600065 -14.9279995
v 80.0160065 -10.1160002 17.8619995
v 32.1840019 -10.1159992 -14.9280014
v 80.0160065 -10.1160002 17.8619995
v 32.1840019 5.61600065 -14.9279995
v 80.0160065 5.61599922 17.8619995
v 87.4320068 -7.04400158 26.6640015
v 79.314003 4.40999937 18.8400021
v 87.4320068 2.53799891 26.6640015
v 79.314003 4.40999937 18.8400021
v 87.4320068 -7.04400158 26.6640015
v 79.314003 -8.91600132 18.8400021
v 16.6920013 2.59799933 13.9260006
v 46.9080009 -7.92600203 35.2560005
v 46.9080009 2.59799838 35.2560005
v 46.9080009 -7.92600203 35.2560005
v 16.6920013 2.59799933 13.9260006
v 16.6920013 -7.9260006 13.9259996
v 16.6920013 -7.9260006 13.9259996
v 50.208004 -7.9260006 1.28399968
v 46.9080009 -7.92600203 35.2560005
v 50.208004 -7.9260006 1.28399968
v 16.6920013 -7.9260006 13.9259996
v 27.1920033 -7.92600012 -17.9460011
v 18.6240025 -13.3500013 19.5539989
v 33.6000023 -13.3499994 -22.2420025
v 27.0000019 -13.3500013 15.5579996
v 33.6000023 -13.3499994 -22.2420025
v 18.6240025 -13.3500013 19.5539989
v 16.7520008 -13.3499994 -31.2780018
v 55.4640007 -5.29799986 -5.82600021
v 32.3100014 -7.46999979 -14.8500013
v 33.2940025 -5.29799891 -20.4780006
v 32.3100014 -7.46999979 -14.8500013
v 55.4640007 -5.29799986 -5.82600021
v 54.0720062 -7.63200092 0.0779996663
v 16.8000011 7.19999886 24.2580013
v -23.1000004 7.19999981 9.55800056
v -16.8000011 7.19999886 24.2580013
v -23.1000004 7.19999981 9.55800056
v 16.8000011 7.19999886 24.2580013
v 23.1000004 7.19999981 9.55800056
v 16.5 7.20000172 -34.5419998
v -23.1000004 7.19999981 9.55800056
v 23.1000004 7.19999981 9.55800056
v -23.1000004 7.19999981 9.55800056
v 16.5 7.20000172 -34.5419998
v -16.5 7.20000172 -34.5419998
v 16.5 7.20000172 -34.5419998
v 0 7.20000172 -37.8419991
v -16.5 7.20000172 -34.5419998
v -65.9820023 5.61599827 44.6760025
v -57.6660042 -5.29800224 54.0900002
v -57.6660042 0.797997713 54.0900002
v -57.6660042 -5.29800224 54.0900002
v -65.9820023 5.61599827 44.6760025
v -65.9820023 -10.1160021 44.6759987
v -58.2540054 -4.48200274 53.0460052
v -67.4100037 -1.30800247 55.9020042
v -67.4100037 -3.19800258 55.9020042
v -67.4100037 -1.30800247 55.9020042
v -58.2540054 -4.48200274 53.0460052
v -58.2540054 -0.0300023202 53.0460052
v -21.2999992 3.04200339 -72.3420029
v -20.0220013 3.23400307 -66.9780045
v -20.0460014 0.606002927 -67.0920029
v -20.0220013 3.23400307 -66.9780045
v -21.2999992 3.04200339 -72.3420029
v -21.2999992 6.04200315 -72.3420029
v -20.0220013 3.23400307 -66.9780045
v -21.2999992 6.04200315 -72.3420029
v -18.4559994 6.04200268 -60.4139977
v -18.4559994 1.75200272 -60.4139977
v -20.0220013 3.23400307 -66.9780045
v -18.4559994 6.04200268 -60.4139977
v -16.3560009 6.04200268 -51.5219994
v -18.4559994 1.75200272 -60.4139977
v -18.4559994 6.04200268 -60.4139977
v -18.4559994 1.75200272 -60.4139977
v -16.3560009 6.04200268 -51.5219994
v -16.3560009 0.28200227 -51.5219994
v -13.3920002 6.0420022 -42.0299988
v -16.3560009 0.28200227 -51.5219994
v -16.3560009 6.04200268 -51.5219994
v -16.3560009 0.28200227 -51.5219994
v -13.3920002 6.0420022 -42.0299988
v -13.3920002 -1.04999816 -42.0300026
v -13.3920002 -1.04999816 -42.0300026
v -13.3920002 6.0420022 -42.0299988
v -10.8960009 6.04200172 -35.526001
v -13.3920002 -1.04999816 -42.0300026
v -10.8960009 6.04200172 -35.526001
v -10.5840006 -8.14199924 -34.7159996
v -13.3920002 -1.04999816 -42.0300026
v -10.5840006 -8.14199924 -34.7159996
v -13.3920002 -8.14199924 -42.0300026
v -65.9820023 -10.1160021 44.6759987
v -39.9660034 -5.29800224 44.1840019
v -57.6660042 -5.29800224 54.0900002
v -39.9660034 -5.29800224 44.1840019
v -65.9820023 -10.1160021 44.6759987
v -44.1720009 -10.1160011 31.6560001
v -44.9939995 -10.1160011 21.0599995
v -44.1720009 -10.1160011 31.6560001
v -65.9820023 -10.1160021 44.6759987
v -44.9939995 -10.1160011 21.0599995
v -65.9820023 -10.1160021 44.6759987
v -80.0160065 -10.1160002 17.8619995
v -45.6720009 -10.1160002 7.42799997
v -44.9939995 -10.1160011 21.0599995
v -80.0160065 -10.1160002 17.8619995
v -45.6720009 -10.1160002 7.42799997
v -41.5140038 -10.1160002 18.6000004
v -44.9939995 -10.1160011 21.0599995
v -41.5140038 -10.1160002 18.6000004
v -45.6720009 -10.1160002 7.42799997
v -42.0720024 -10.1160002 9.7680006
v -42.0720024 -10.1160002 9.7680006
v -40.0740013 -10.1160002 14.3999996
v -41.5140038 -10.1160002 18.6000004
v -80.0160065 -10.1160002 17.8619995
v -32.1840019 -10.1159992 -14.9280014
v -45.6720009 -10.1160002 7.42799997
v -32.1840019 -10.1159992 -14.9280014
v -31.578001 -10.1160002 -11.4000006
v -45.6720009 -10.1160002 7.42799997
v -33.2940025 -5.29799891 -20.4780006
v -55.4640007 1.09800041 -5.82600021
v -33.2940025 1.098001 -20.4780006
v -55.4640007 1.09800041 -5.82600021
v -33.2940025 -5.29799891 -20.4780006
v -55.4640007 -5.29799986 -5.82600021
v 39.9660034 0.797998071 44.1840019
v 65.9820023 5.61599827 44.6760025
v 44.1720009 5.61599874 31.6560001
v 44.9939995 5.61599922 21.0600014
v 44.1720009 5.61599874 31.6560001
v 65.9820023 5.61599827 44.6760025
v 80.0160065 5.61599922 17.8619995
v 44.9939995 5.61599922 21.0600014
v 65.9820023 5.61599827 44.6760025
v 45.6720009 5.6159997 7.42800093
v 44.9939995 5.61599922 21.0600014
v 80.0160065 5.61599922 17.8619995
v 45.6720009 5.6159997 7.42800093
v 41.5140038 5.61599922 18.6000004
v 44.9939995 5.61599922 21.0600014
v 41.5140038 5.61599922 18.6000004
v 45.6720009 5.6159997 7.42800093
v 42.0720024 5.6159997 9.7680006
v 42.0720024 5.6159997 9.7680006
v 40.0740013 5.6159997 14.4000006
v 41.5140038 5.61599922 18.6000004
v 80.0160065 5.61599922 17.8619995
v 32.1840019 5.61600065 -14.9279995
v 45.6720009 5.6159997 7.42800093
v 32.1840019 5.61600065 -14.9279995
v 31.578001 5.61600065 -11.3999996
v 45.6720009 5.6159997 7.42800093
v 18.6240025 -13.3500013 19.5539989
v 27.0000019 -13.3500013 15.5579996
v 27.0000019 10.2299995 15.5580015
v 27.0000019 10.2299995 15.5580015
v 13.8000011 6.87599945 21.8580017
v 18.6240025 -13.3500013 19.5539989
v 18.6240025 -13.3500013 19.5539989
v 13.8000011 6.87599945 21.8580017
v 13.8000011 -13.3500013 21.8580017
v 13.8000011 6.87599945 21.8580017
v 27.0000019 10.2299995 15.5580015
v 13.8000011 13.3499994 21.8580017
v 27.0000019 10.2299995 15.5580015
v 20.4000015 13.3499994 18.7080002
v 13.8000011 13.3499994 21.8580017
v 32.3100014 3.24600077 -14.8439999
v 55.4640007 1.09800041 -5.82600021
v 33.2940025 1.098001 -20.4780006
v 55.4640007 1.09800041 -5.82600021
v 32.3100014 3.24600077 -14.8439999
v 54.0720062 3.43200016 0.0780001506
v 23.1000004 -14.4000006 9.55799961
v 16.8000011 -14.4000006 24.2580013
v 8.40000057 -19.2000008 24.2579994
v 15.1200008 -19.1999989 -24.5460014
v 23.1000004 -14.4000006 9.55799961
v 8.40000057 -19.2000008 24.2579994
v 15.1200008 -19.1999989 -24.5460014
v 16.5 -13.9199991 -34.5419998
v 23.1000004 -14.4000006 9.55799961
v 0 -19.1999989 -26.9760017
v 16.5 -13.9199991 -34.5419998
v 15.1200008 -19.1999989 -24.5460014
v 16.5 -13.9199991 -34.5419998
v 0 -19.1999989 -26.9760017
v 0 -13.9199991 -37.8420029
v 0 -19.1999989 -26.9760017
v -16.5 -13.9199991 -34.5419998
v 0 -13.9199991 -37.8420029
v -16.5 -13.9199991 -34.5419998
v 0 -19.1999989 -26.9760017
v -15.1200008 -19.1999989 -24.5460014
v -23.1000004 -14.4000006 9.55799961
v -16.5 -13.9199991 -34.5419998
v -15.1200008 -19.1999989 -24.5460014
v 15.1200008 -19.1999989 -24.5460014
v 8.40000057 -19.2000008 24.2579994
v 0 -19.1999989 -26.9760017
v 8.40000057 -19.2000008 24.2579994
v -8.40000057 -19.2000008 24.2579994
v 0 -19.1999989 -26.9760017
v -8.40000057 -19.2000008 24.2579994
v -15.1200008 -19.1999989 -24.5460014
v 0 -19.1999989 -26.9760017
v -23.1000004 -14.4000006 9.55799961
v -15.1200008 -19.1999989 -24.5460014
v -8.40000057 -19.2000008 24.2579994
v -16.8000011 -14.4000006 24.2580013
v -23.1000004 -14.4000006 9.55799961
v -8.40000057 -19.2000008 24.2579994
v -31.578001 5.61600065 -11.3999996
v -32.1840019 5.61600065 -14.9279995
v -45.6720009 5.6159997 7.42800093
v -32.1840019 5.61600065 -14.9279995
v -80.0160065 5.61599922 17.8619995
v -45.6720009 5.6159997 7.42800093
v -44.9939995 5.61599922 21.0600014
v -45.6720009 5.6159997 7.42800093
v -80.0160065 5.61599922 17.8619995
v -41.5140038 5.61599922 18.6000004
v -45.6720009 5.6159997 7.42800093
v -44.9939995 5.61599922 21.0600014
v -45.6720009 5.6159997 7.42800093
v -41.5140038 5.61599922 18.6000004
v -42.0720024 5.6159997 9.7680006
v -40.0740013 5.6159997 14.4000006
v -42.0720024 5.6159997 9.7680006
v -41.5140038 5.61599922 18.6000004
v -14.8260002 -6.4559989 -42.75
v -13.3920002 -8.14199924 -42.0300026
v -22.2360001 -8.14199924 -38.0760002
v -14.8260002 -6.4559989 -42.75
v -13.3920002 -1.04999816 -42.0300026
v -13.3920002 -8.14199924 -42.0300026
v 13.3920002 -8.14199924 -42.0300026
v 14.8260002 -6.4559989 -42.75
v 22.2360001 -8.14199924 -38.0760002
v 13.3920002 -1.04999816 -42.0300026
v 14.8260002 -6.4559989 -42.75
v 13.3920002 -8.14199924 -42.0300026
v -12.9000006 7.02600193 -33.3419991
v -16.7520008 -13.3499994 -31.2780018
v -33.6000023 -13.3499994 -22.2420025
v -33.6000023 12.9900007 -22.2420006
v -12.9000006 7.02600193 -33.3419991
v -33.6000023 -13.3499994 -22.2420025
v -33.6000023 12.9900007 -22.2420006
v -12.9000006 18.7500019 -33.3419991
v -12.9000006 7.02600193 -33.3419991
v -33.6000023 12.9900007 -22.2420006
v -23.25 18.7500019 -27.7919998
v -12.9000006 18.7500019 -33.3419991
v -13.1879997 18.7500019 -15.6240005
v -13.8000011 13.3499994 21.8580017
v -13.8000011 6.87599945 21.8580017
v -13.1879997 18.7500019 -15.6240005
v -13.8000011 6.87599945 21.8580017
v -12.9000006 7.02600193 -33.3419991
v -12.9000006 7.02600193 -33.3419991
v -12.9000006 18.7500019 -33.3419991
v -13.1879997 18.7500019 -15.6240005
v -13.8000011 6.87599945 21.8580017
v -18.6240025 -13.3500013 19.5539989
v -13.8000011 -13.3500013 21.8580017
v -27.0000019 -13.3500013 15.5579996
v -18.6240025 -13.3500013 19.5539989
v -13.8000011 6.87599945 21.8580017
v -13.8000011 6.87599945 21.8580017
v -27.0000019 10.2299995 15.5580015
v -27.0000019 -13.3500013 15.5579996
v -27.0000019 10.2299995 15.5580015
v -13.8000011 6.87599945 21.8580017
v -13.8000011 13.3499994 21.8580017
v -20.4000015 13.3499994 18.7080002
v -27.0000019 10.2299995 15.5580015
v -13.8000011 13.3499994 21.8580017
v -27.0000019 10.2299995 15.5580015
v -31.0739994 12.9900007 -7.77599955
v -27.0000019 -13.3500013 15.5579996
v -31.0739994 12.9900007 -7.77599955
v -33.6000023 -13.3499994 -22.2420025
v -27.0000019 -13.3500013 15.5579996
v -33.6000023 -13.3499994 -22.2420025
v -31.0739994 12.9900007 -7.77599955
v -33.6000023 12.9900007 -22.2420006
v 8.50200081 -10.6920023 34.2780037
v 9.81600094 -6.12000132 34.2780037
v 8.50200081 -1.54800165 34.2780037
v 8.50200081 -1.54800165 34.2780037
v 4.90800047 -14.0460014 34.2780037
v 8.50200081 -10.6920023 34.2780037
v 4.90800047 -14.0460014 34.2780037
v 8.50200081 -1.54800165 34.2780037
v 4.90800047 1.80599856 34.2780037
v 4.90800047 1.80599856 34.2780037
v 0 -15.2700024 34.2780037
v 4.90800047 -14.0460014 34.2780037
v 0 -15.2700024 34.2780037
v 4.90800047 1.80599856 34.2780037
v 0 3.02999878 34.2780037
v -4.90800047 1.80599856 34.2780037
v 0 -15.2700024 34.2780037
v 0 3.02999878 34.2780037
v 0 -15.2700024 34.2780037
v -4.90800047 1.80599856 34.2780037
v -4.90800047 -14.0460014 34.2780037
v -8.50200081 -1.54800165 34.2780037
v -4.90800047 -14.0460014 34.2780037
v -4.90800047 1.80599856 34.2780037
v -4.90800047 -14.0460014 34.2780037
v -8.50200081 -1.54800165 34.2780037
v -8.50200081 -10.6920023 34.2780037
v -8.50200081 -10.6920023 34.2780037
v -8.50200081 -1.54800165 34.2780037
v -9.81600094 -6.12000132 34.2780037
v 16.7520008 -13.3499994 -31.2780018
v 12.9000006 7.02600193 -33.3419991
v 33.6000023 -13.3499994 -22.2420025
v 12.9000006 7.02600193 -33.3419991
v 33.6000023 12.9900007 -22.2420006
v 33.6000023 -13.3499994 -22.2420025
v 12.9000006 18.7500019 -33.3419991
v 33.6000023 12.9900007 -22.2420006
v 12.9000006 7.02600193 -33.3419991
v 23.25 18.7500019 -27.7919998
v 33.6000023 12.9900007 -22.2420006
v 12.9000006 18.7500019 -33.3419991
v 13.8000011 13.3499994 21.8580017
v 13.1879997 18.7500019 -15.6240005
v 13.8000011 6.87599945 21.8580017
v 13.8000011 6.87599945 21.8580017
v 13.1879997 18.7500019 -15.6240005
v 12.9000006 7.02600193 -33.3419991
v 12.9000006 18.7500019 -33.3419991
v 12.9000006 7.02600193 -33.3419991
v 13.1879997 18.7500019 -15.6240005
v 31.0739994 12.9900007 -7.77599955
v 27.0000019 10.2299995 15.5580015
v 27.0000019 -13.3500013 15.5579996
v 33.6000023 -13.3499994 -22.2420025
v 31.0739994 12.9900007 -7.77599955
v 27.0000019 -13.3500013 15.5579996
v 31.0739994 12.9900007 -7.77599955
v 33.6000023 -13.3499994 -22.2420025
v 33.6000023 12.9900007 -22.2420006
v -13.2840004 -17.7960014 7.7579999
v -8.23200035 -21.8580017 13.4220009
v -10.1880007 -17.2740021 13.3320007
v -8.23200035 -21.8580017 13.4220009
v -13.2840004 -17.7960014 7.7579999
v -10.8540001 -23.2380009 4.6439991
v -5.67600012 -27.4320011 4.75799894
v -8.23200035 -21.8580017 13.4220009
v -10.8540001 -23.2380009 4.6439991
v -8.23200035 -21.8580017 13.4220009
v -5.67600012 -27.4320011 4.75799894
v -4.00199986 -25.0020027 13.4820004
v -8.23200035 -21.8580017 13.4220009
v -4.00199986 -25.0020027 13.4820004
v -5.03999996 -21.4800034 18.5580006
v -6.68400002 -17.1000023 18.5580006
v -8.23200035 -21.8580017 13.4220009
v -5.03999996 -21.4800034 18.5580006
v -6.68400002 -17.1000023 18.5580006
v -10.1880007 -17.2740021 13.3320007
v -8.23200035 -21.8580017 13.4220009
v -10.8540001 -23.2380009 4.6439991
v -13.2840004 -17.7960014 7.7579999
v -13.71 -17.8320007 1.79999924
v -13.71 -17.8320007 1.79999924
v -10.224 -23.0280018 -4.12200117
v -10.8540001 -23.2380009 4.6439991
v -5.16000032 -26.5020008 -3.70200133
v -10.8540001 -23.2380009 4.6439991
v -10.224 -23.0280018 -4.12200117
v -10.8540001 -23.2380009 4.6439991
v -5.16000032 -26.5020008 -3.70200133
v -5.67600012 -27.4320011 4.75799894
v -5.16000032 -26.5020008 -3.70200133
v 0 -28.8060017 4.72199869
v -5.67600012 -27.4320011 4.75799894
v 0 -28.8060017 4.72199869
v -4.00199986 -25.0020027 13.4820004
v -5.67600012 -27.4320011 4.75799894
v -4.00199986 -25.0020027 13.4820004
v 0 -28.8060017 4.72199869
v 0 -26.4300022 13.5179996
v -4.00199986 -25.0020027 13.4820004
v 0 -26.4300022 13.5179996
v 0 -23.9400005 18.5580006
v -4.00199986 -25.0020027 13.4820004
v 0 -23.9400005 18.5580006
v -5.03999996 -21.4800034 18.5580006
v -10.224 -23.0280018 -4.12200117
v -13.71 -17.8320007 1.79999924
v -13.1940002 -17.3100014 -5.04600096
v -13.1940002 -17.3100014 -5.04600096
v -8.22599983 -23.0699997 -13.7160015
v -10.224 -23.0280018 -4.12200117
v -8.22599983 -23.0699997 -13.7160015
v -5.16000032 -26.5020008 -3.70200133
v -10.224 -23.0280018 -4.12200117
v -5.16000032 -26.5020008 -3.70200133
v -8.22599983 -23.0699997 -13.7160015
v -4.09800053 -25.698 -12.7920017
v 0 -26.2740021 -12.630002
v -5.16000032 -26.5020008 -3.70200133
v -4.09800053 -25.698 -12.7920017
v -5.16000032 -26.5020008 -3.70200133
v 0 -26.2740021 -12.630002
v 0 -27.9599991 -3.39000106
v 0 -28.8060017 4.72199869
v -5.16000032 -26.5020008 -3.70200133
v 0 -27.9599991 -3.39000106
v -8.22599983 -23.0699997 -13.7160015
v -13.1940002 -17.3100014 -5.04600096
v -11.5740013 -17.1000004 -15.4260006
v -6.78599977 -22.2000008 -20.1120014
v -8.22599983 -23.0699997 -13.7160015
v -11.5740013 -17.1000004 -15.4260006
v -6.78599977 -22.2000008 -20.1120014
v -4.09800053 -25.698 -12.7920017
v -8.22599983 -23.0699997 -13.7160015
v -4.09800053 -25.698 -12.7920017
v -6.78599977 -22.2000008 -20.1120014
v 0 -23.5319996 -22.5660019
v 0 -26.2740021 -12.630002
v -4.09800053 -25.698 -12.7920017
v 0 -23.5319996 -22.5660019
v 4.09800053 -25.698 -12.7920017
v 0 -26.2740021 -12.630002
v 0 -23.5319996 -22.5660019
v 5.16000032 -26.5020008 -3.70200133
v 0 -26.2740021 -12.630002
v 4.09800053 -25.698 -12.7920017
v 0 -26.2740021 -12.630002
v 5.16000032 -26.5020008 -3.70200133
v 0 -27.9599991 -3.39000106
v 5.16000032 -26.5020008 -3.70200133
v 0 -28.8060017 4.72199869
v 0 -27.9599991 -3.39000106
v -6.78599977 -22.2000008 -20.1120014
v -11.5740013 -17.1000004 -15.4260006
v -9.5880003 -16.4939976 -24.5220013
v -4.38600016 -20.4360008 -25.9200039
v -6.78599977 -22.2000008 -20.1120014
v -9.5880003 -16.4939976 -24.5220013
v -6.78599977 -22.2000008 -20.1120014
v -4.38600016 -20.4360008 -25.9200039
v 0 -23.5319996 -22.5660019
v -4.38600016 -20.4360008 -25.9200039
v 0 -19.8299999 -28.8420029
v 0 -23.5319996 -22.5660019
v 0 -19.8299999 -28.8420029
v 4.38600016 -20.4360008 -25.9200039
v 0 -23.5319996 -22.5660019
v 4.38600016 -20.4360008 -25.9200039
v 6.78599977 -22.2000008 -20.1120014
v 0 -23.5319996 -22.5660019
v 6.78599977 -22.2000008 -20.1120014
v 4.09800053 -25.698 -12.7920017
v 0 -23.5319996 -22.5660019
v 4.09800053 -25.698 -12.7920017
v 6.78599977 -22.2000008 -20.1120014
v 8.22599983 -23.0699997 -13.7160015
v 8.22599983 -23.0699997 -13.7160015
v 5.16000032 -26.5020008 -3.70200133
v 4.09800053 -25.698 -12.7920017
v -4.58400011 -15.2339983 -31.2480011
v -4.38600016 -20.4360008 -25.9200039
v -9.5880003 -16.4939976 -24.5220013
v -4.58400011 -15.2339983 -31.2480011
v 0 -19.8299999 -28.8420029
v -4.38600016 -20.4360008 -25.9200039
v 0 -19.8299999 -28.8420029
v -4.58400011 -15.2339983 -31.2480011
v 0 -14.2799988 -33.7019997
v 4.58400011 -15.2339983 -31.2480011
v 0 -19.8299999 -28.8420029
v 0 -14.2799988 -33.7019997
v 0 -19.8299999 -28.8420029
v 4.58400011 -15.2339983 -31.2480011
v 4.38600016 -20.4360008 -25.9200039
v 4.38600016 -20.4360008 -25.9200039
v 4.58400011 -15.2339983 -31.2480011
v 9.5880003 -16.4939976 -24.5220013
v 6.78599977 -22.2000008 -20.1120014
v 4.38600016 -20.4360008 -25.9200039
v 9.5880003 -16.4939976 -24.5220013
v 11.5740013 -17.1000004 -15.4260006
v 6.78599977 -22.2000008 -20.1120014
v 9.5880003 -16.4939976 -24.5220013
v 11.5740013 -17.1000004 -15.4260006
v 8.22599983 -23.0699997 -13.7160015
v 6.78599977 -22.2000008 -20.1120014
v 13.1940002 -17.3100014 -5.04600096
v 8.22599983 -23.0699997 -13.7160015
v 11.5740013 -17.1000004 -15.4260006
v 8.22599983 -23.0699997 -13.7160015
v 13.1940002 -17.3100014 -5.04600096
v 10.224 -23.0280018 -4.12200117
v 5.16000032 -26.5020008 -3.70200133
v 8.22599983 -23.0699997 -13.7160015
v 10.224 -23.0280018 -4.12200117
v 10.8540001 -23.2380009 4.6439991
v 5.16000032 -26.5020008 -3.70200133
v 10.224 -23.0280018 -4.12200117
v 5.16000032 -26.5020008 -3.70200133
v 10.8540001 -23.2380009 4.6439991
v 5.67600012 -27.4320011 4.75799894
v 0 -28.8060017 4.72199869
v 5.16000032 -26.5020008 -3.70200133
v 5.67600012 -27.4320011 4.75799894
v 4.00199986 -25.0020027 13.4820004
v 0 -28.8060017 4.72199869
v 5.67600012 -27.4320011 4.75799894
v 0 -28.8060017 4.72199869
v 4.00199986 -25.0020027 13.4820004
v 0 -26.4300022 13.5179996
v 13.71 -17.8320007 1.79999924
v 10.224 -23.0280018 -4.12200117
v 13.1940002 -17.3100014 -5.04600096
v 10.224 -23.0280018 -4.12200117
v 13.71 -17.8320007 1.79999924
v 10.8540001 -23.2380009 4.6439991
v 13.2840004 -17.7960014 7.7579999
v 10.8540001 -23.2380009 4.6439991
v 13.71 -17.8320007 1.79999924
v 13.2840004 -17.7960014 7.7579999
v 8.23200035 -21.8580017 13.4220009
v 10.8540001 -23.2380009 4.6439991
v 8.23200035 -21.8580017 13.4220009
v 5.67600012 -27.4320011 4.75799894
v 10.8540001 -23.2380009 4.6439991
v 5.67600012 -27.4320011 4.75799894
v 8.23200035 -21.8580017 13.4220009
v 4.00199986 -25.0020027 13.4820004
v 4.00199986 -25.0020027 13.4820004
v 8.23200035 -21.8580017 13.4220009
v 5.03999996 -21.4800034 18.5580006
v 0 -23.9400005 18.5580006
v 4.00199986 -25.0020027 13.4820004
v 5.03999996 -21.4800034 18.5580006
v 0 -23.9400005 18.5580006
v 0 -26.4300022 13.5179996
v 4.00199986 -25.0020027 13.4820004
v 8.23200035 -21.8580017 13.4220009
v 13.2840004 -17.7960014 7.7579999
v 10.1880007 -17.2740021 13.3320007
v 8.23200035 -21.8580017 13.4220009
v 10.1880007 -17.2740021 13.3320007
v 6.68400002 -17.1000023 18.5580006
v 5.03999996 -21.4800034 18.5580006
v 8.23200035 -21.8580017 13.4220009
v 6.68400002 -17.1000023 18.5580006

# 409 UV coordinates
vt 0.800700009 0.835300028 0
vt 0.871299982 0.835300028 0
vt 0.941799998 0.835300028 0
vt 0.665000021 0.567900002 0
vt 0.612299979 0.520699978 0
vt 0.639299989 0.571200013 0
vt 0.670000017 0.519400001 0
vt 0.800700009 0.846599996 0
vt 0.941600025 0.886600018 0
vt 0.800599992 0.886600018 0
vt 0.941799998 0.846599996 0
vt 0.619400024 0.403699994 0
vt 0.680299997 0.407400012 0
vt 0.688000023 0.407999992 0
vt 0.682900012 0.463400006 0
vt 0.677900016 0.51880002 0
vt 0.750999987 0.581200004 0
vt 0.672999978 0.566699982 0
vt 0.419800013 0.0283000004 0
vt 0.394499987 0.0577999987 0
vt 0.400000006 0.0280000009 0
vt 0.424400002 0.0582999997 0
vt 0.425799996 0.121399999 0
vt 0.391200006 0.120899998 0
vt 0.425399989 0.139599994 0
vt 0.391000003 0.138999999 0
vt 0.162 0.884199977 0
vt 0.289799988 0.801999986 0
vt 0.289799988 0.884199977 0
vt 0.162 0.801999986 0
vt 0.2579 0.783699989 0
vt 0.193900004 0.783699989 0
vt 0.922399998 0.561699986 0
vt 0.963999987 0.611999989 0
vt 0.940800011 0.611999989 0
vt 0.982299984 0.561699986 0
vt 0.982299984 0.521300018 0
vt 0.922399998 0.521300018 0
vt 0.922399998 0.504999995 0
vt 0.982299984 0.504999995 0
vt 0.922399998 0.488099992 0
vt 0.982299984 0.488099992 0
vt 0.922399998 0.469000012 0
vt 0.982299984 0.469000012 0
vt 0.922399998 0.452600002 0
vt 0.982299984 0.452600002 0
vt 0.489300013 0.145999998 0
vt 0.5255 0.0482000001 0
vt 0.52579999 0.145999998 0
vt 0.489600003 0.0482000001 0
vt 0.504000008 0.00889999978 0
vt 0.511200011 0.00889999978 0
vt 0.0375000015 0.792299986 0
vt 0.0102000004 0.809400022 0
vt 0.0104999999 0.791499972 0
vt 0.0355999991 0.809499979 0
vt 0.0285 0.84920001 0
vt 0.0189999994 0.849399984 0
vt 0.065700002 0.867699981 0
vt 0.0401000008 0.857299984 0
vt 0.066200003 0.858399987 0
vt 0.0395999998 0.866599977 0
vt 0.86559999 0.7227 0
vt 0.979700029 0.713500023 0
vt 0.482800007 0.180099994 0
vt 0.439799994 0.0832000002 0
vt 0.441300005 0.193000004 0
vt 0.480399996 0.0822999999 0
vt 0.467099994 0.0425999984 0
vt 0.430799991 0.0366999991 0
vt 0.388300002 0.057500001 0
vt 0.357300013 0.0666000023 0
vt 0.391299993 0.0272000004 0
vt 0.371699989 0.0746999979 0
vt 0.356299996 0.106600001 0
vt 0.336299986 0.103699997 0
vt 0.351599991 0.133399993 0
vt 0.331 0.135100007 0
vt 0.353199989 0.193000004 0
vt 0.33039999 0.199300006 0
vt 0.385100007 0.1206 0
vt 0.385199994 0.138799995 0
vt 0.385199994 0.185499996 0
vt 0.304899991 0.0606999993 0
vt 0.325199991 0.00910000037 0
vt 0.305400014 0.00889999978 0
vt 0.324800014 0.060899999 0
vt 0.324000001 0.103399999 0
vt 0.305000007 0.103200004 0
vt 0.323700011 0.135100007 0
vt 0.304699987 0.134900004 0
vt 0.323100001 0.199100003 0
vt 0.304100007 0.198899999 0
vt 0.836499989 0.275900006 0
vt 0.826300025 0.248099998 0
vt 0.816799998 0.282200009 0
vt 0.83950001 0.248799995 0
vt 0.855300009 0.269600004 0
vt 0.858399987 0.248500004 0
vt 0.880699992 0.257299989 0
vt 0.875699997 0.247099996 0
vt 0.898999989 0.245199993 0
vt 0.575800002 0.687399983 0
vt 0.595600009 0.70630002 0
vt 0.584399998 0.718999982 0
vt 0.600300014 0.687399983 0
vt 0.595600009 0.668500006 0
vt 0.584399998 0.655799985 0
vt 0.143999994 0.433200002 0
vt 0.208000004 0.513599992 0
vt 0.143999994 0.513599992 0
vt 0.208000004 0.433200002 0
vt 0.272100002 0.513599992 0
vt 0.272100002 0.433200002 0
vt 0.755500019 0.159799993 0
vt 0.784300029 0.326200008 0
vt 0.755500019 0.305700004 0
vt 0.824599981 0.136899993 0
vt 0.612900019 0.208499998 0
vt 0.620700002 0.155499995 0
vt 0.625400007 0.200100005 0
vt 0.600300014 0.1523 0
vt 0.619700015 0.127499998 0
vt 0.593900025 0.122299999 0
vt 0.582799971 0.149800003 0
vt 0.570800006 0.119000003 0
vt 0.602400005 0.217399999 0
vt 0.0100999996 0.212699994 0
vt 0.054299999 0.219099998 0
vt 0.0427000001 0.234500006 0
vt 0.0264999997 0.190699995 0
vt 0.0675000027 0.205899999 0
vt 0.0439999998 0.172299996 0
vt 0.0824000016 0.195600003 0
vt 0.0628999993 0.159099996 0
vt 0.0843999982 0.150800005 0
vt 0.0992000028 0.188899994 0
vt 0.109399997 0.146400005 0
vt 0.117600001 0.185299993 0
vt 0.136800006 0.145099998 0
vt 0.136800006 0.184300005 0
vt 0.156000003 0.185299993 0
vt 0.164199993 0.146400005 0
vt 0.174400002 0.188899994 0
vt 0.189199999 0.150800005 0
vt 0.191200003 0.195600003 0
vt 0.210700005 0.159099996 0
vt 0.229599997 0.172299996 0
vt 0.206100002 0.205899999 0
vt 0.247099996 0.190699995 0
vt 0.219300002 0.219099998 0
vt 0.263500005 0.212699994 0
vt 0.230900005 0.234500006 0
vt 0.133399993 0.980199993 0
vt 0.0410000011 0.958700001 0
vt 0.142100006 0.958700001 0
vt 0.0329999998 0.98210001 0
vt 0.0467000008 0.809499979 0
vt 0.0661000013 0.850700021 0
vt 0.0395999998 0.8495 0
vt 0.0987000018 0.809499979 0
vt 0.0487000011 0.792100012 0
vt 0.122500002 0.784399986 0
vt 0.982299984 0.363099992 0
vt 0.922399998 0.363099992 0
vt 0.982299984 0.3495 0
vt 0.922399998 0.3495 0
vt 0.470299989 0.0286999997 0
vt 0.431800008 0.0286999997 0
vt 0.467999995 0.0355999991 0
vt 0.437099993 0.0126 0
vt 0.131400004 0.792200029 0
vt 0.125499994 0.835099995 0
vt 0.150299996 0.810699999 0
vt 0.107699998 0.816999972 0
vt 0.0754000023 0.857800007 0
vt 0.0819000006 0.864600003 0
vt 0.0322999991 0.926199973 0
vt 0.0092000002 0.959500015 0
vt 0.0322999991 0.950600028 0
vt 0.0092000002 0.917400002 0
vt 0.75150001 0.591499984 0
vt 0.671400011 0.600099981 0
vt 0.675700009 0.577300012 0
vt 0.747300029 0.614300013 0
vt 0.689999998 0.400099993 0
vt 0.910700023 0.340200007 0
vt 0.910700023 0.400099993 0
vt 0.689999998 0.340200007 0
vt 0.515100002 0.215800002 0
vt 0.535000026 0.158000007 0
vt 0.550700009 0.190799996 0
vt 0.493200004 0.170000002 0
vt 0.770399988 0.529699981 0
vt 0.791800022 0.494800001 0
vt 0.0966999978 0.549300015 0
vt 0.0144999996 0.610199988 0
vt 0.0966999978 0.610199988 0
vt 0.0144999996 0.549300015 0
vt 0.0948999971 0.379599988 0
vt 0.0144999996 0.379599988 0
vt 0.947300017 0.266600013 0
vt 0.988699973 0.320600003 0
vt 0.988699973 0.266600013 0
vt 0.947300017 0.320600003 0
vt 0.908500016 0.272500008 0
vt 0.907800019 0.320600003 0
vt 0.851499975 0.289400011 0
vt 0.851400018 0.320600003 0
vt 0.807699978 0.309199989 0
vt 0.807699978 0.320600003 0
vt 0.896700025 0.0518000014 0
vt 0.92110002 0.0348999985 0
vt 0.924799979 0.0126 0
vt 0.907000005 0.0579000004 0
vt 0.921299994 0.0438000001 0
vt 0.930299997 0.0351000018 0
vt 0.927999973 0.0610000007 0
vt 0.915199995 0.0610999987 0
vt 0.926100016 0.0964000002 0
vt 0.883099973 0.102499999 0
vt 0.907199979 0.0989999995 0
vt 0.867200017 0.103600003 0
vt 0.870100021 0.139400005 0
vt 0.903400004 0.132499993 0
vt 0.924799979 0.1347 0
vt 0.852400005 0.140100002 0
vt 0.837300003 0.1787 0
vt 0.906499982 0.167699993 0
vt 0.906899989 0.137899995 0
vt 0.275999993 0.0379999988 0
vt 0.257499993 0.0340999998 0
vt 0.275599986 0.0331999995 0
vt 0.257699996 0.0388999991 0
vt 0.241300002 0.0388000011 0
vt 0.241500005 0.0340000018 0
vt 0.223199993 0.0335000008 0
vt 0.222499996 0.0383000001 0
vt 0.240899995 0.0436000004 0
vt 0.221100003 0.0430999994 0
vt 0.276499987 0.0428999998 0
vt 0.257999986 0.0436000004 0
vt 0.258300006 0.0483000018 0
vt 0.240500003 0.0483000018 0
vt 0.219799995 0.0480000004 0
vt 0.2403 0.0529999994 0
vt 0.2192 0.0529999994 0
vt 0.219799995 0.0581 0
vt 0.27700001 0.0478999987 0
vt 0.277200013 0.0529999994 0
vt 0.258399993 0.0529999994 0
vt 0.258300006 0.0577000007 0
vt 0.240500003 0.0577999987 0
vt 0.221100003 0.063000001 0
vt 0.240899995 0.0625 0
vt 0.222499996 0.0676999986 0
vt 0.241300002 0.0672999993 0
vt 0.223199993 0.0724999979 0
vt 0.27700001 0.0582000017 0
vt 0.257999986 0.0623999983 0
vt 0.276499987 0.0631999969 0
vt 0.257699996 0.0671999976 0
vt 0.275999993 0.0680000037 0
vt 0.257499993 0.0719999969 0
vt 0.241500005 0.0720999986 0
vt 0.275599986 0.0728999972 0
vt 0.0410000011 0.91930002 0
vt 0.133399993 0.897700012 0
vt 0.142100006 0.91930002 0
vt 0.0329999998 0.895900011 0
vt 0.8204 0.450100005 0
vt 0.913200021 0.407999992 0
vt 0.907500029 0.421200007 0
vt 0.808300018 0.494800001 0
vt 0.826499999 0.465700001 0
vt 0.822399974 0.484800011 0
vt 0.0410000011 0.926199973 0
vt 0.142100006 0.950600028 0
vt 0.142100006 0.926199973 0
vt 0.0410000011 0.950600028 0
vt 0.966000021 0.0421999991 0
vt 0.966400027 0.0211999994 0
vt 0.95599997 0.0412000008 0
vt 0.977800012 0.0218000002 0
vt 0.975399971 0.068400003 0
vt 0.959100008 0.0675000027 0
vt 0.97359997 0.103100002 0
vt 0.951600015 0.101899996 0
vt 0.971599996 0.140900001 0
vt 0.944599986 0.139400005 0
vt 0.970200002 0.167300001 0
vt 0.916100025 0.167699993 0
vt 0.917599976 0.137999997 0
vt 0.885399997 0.50120002 0
vt 0.833500028 0.507399976 0
vt 0.833500028 0.50120002 0
vt 0.885399997 0.507399976 0
vt 0.884599984 0.558799982 0
vt 0.834399998 0.558799982 0
vt 0.884000003 0.591899991 0
vt 0.834999979 0.591899991 0
vt 0.859600008 0.598500013 0
vt 0.859000027 0.613399982 0
vt 0.832599998 0.6074 0
vt 0.886699975 0.608200014 0
vt 0.0896999985 0.64289999 0
vt 0.0135000004 0.671000004 0
vt 0.0255999994 0.64289999 0
vt 0.1017 0.671000004 0
vt 0.0891000032 0.755200028 0
vt 0.0261000004 0.755200028 0
vt 0.057599999 0.761500001 0
vt 0.623899996 0.286199987 0
vt 0.623899996 0.2509 0
vt 0.534200013 0.250999987 0
vt 0.546999991 0.306600004 0
vt 0.624000013 0.306600004 0
vt 0.522300005 0.306699991 0
vt 0.522300005 0.278800011 0
vt 0.299199998 0.713 0
vt 0.276600003 0.769699991 0
vt 0.239600003 0.768599987 0
vt 0.263700008 0.584500015 0
vt 0.279500008 0.544399977 0
vt 0.207900003 0.574100018 0
vt 0.208100006 0.524399996 0
vt 0.136800006 0.543200016 0
vt 0.151899993 0.583899975 0
vt 0.114699997 0.712899983 0
vt 0.175300002 0.768599987 0
vt 0.139200002 0.770200014 0
vt 0.892099977 0.0249000005 0
vt 0.898199975 0.0303000007 0
vt 0.872799993 0.0538000017 0
vt 0.906499982 0.00870000012 0
vt 0.815999985 0.0449000001 0
vt 0.824500024 0.1237 0
vt 0.755500019 0.146599993 0
vt 0.723999977 0.0513999984 0
vt 0.801999986 0.00249999994 0
vt 0.759599984 0.0164999999 0
vt 0.574699998 0.149800003 0
vt 0.594299972 0.217399999 0
vt 0.583199978 0.222399995 0
vt 0.541700006 0.128099993 0
vt 0.562699974 0.119000003 0
vt 0.641900003 0.305599988 0
vt 0.632600009 0.216299996 0
vt 0.731999993 0.306100011 0
vt 0.731999993 0.159400001 0
vt 0.630400002 0.1602 0
vt 0.165299997 0.213100001 0
vt 0.166999996 0.231199995 0
vt 0.158800006 0.247299999 0
vt 0.154300004 0.198100001 0
vt 0.143000007 0.257299989 0
vt 0.136800006 0.189999998 0
vt 0.1237 0.258399993 0
vt 0.106299996 0.25029999 0
vt 0.117600001 0.191 0
vt 0.0952000022 0.235200003 0
vt 0.101800002 0.201000005 0
vt 0.0935999975 0.217099994 0
vt 0.64380002 0.622300029 0
vt 0.623899996 0.650699973 0
vt 0.619199991 0.632499993 0
vt 0.658999979 0.642199993 0
vt 0.659099996 0.666599989 0
vt 0.625400007 0.67110002 0
vt 0.603399992 0.662999988 0
vt 0.59740001 0.645399988 0
vt 0.6699 0.619099975 0
vt 0.692700028 0.643999994 0
vt 0.690400004 0.666999996 0
vt 0.659500003 0.687399983 0
vt 0.62650001 0.687399983 0
vt 0.605199993 0.687399983 0
vt 0.699100018 0.620100021 0
vt 0.729200006 0.653800011 0
vt 0.723800004 0.671800017 0
vt 0.7227 0.687399983 0
vt 0.68870002 0.687399983 0
vt 0.74150002 0.629999995 0
vt 0.753199995 0.660600007 0
vt 0.760100007 0.687399983 0
vt 0.723800004 0.703000009 0
vt 0.690400004 0.707799971 0
vt 0.777999997 0.644400001 0
vt 0.775900006 0.67019999 0
vt 0.786499977 0.687399983 0
vt 0.775900006 0.704599977 0
vt 0.753199995 0.71420002 0
vt 0.729200006 0.721000016 0
vt 0.80430001 0.668099999 0
vt 0.813899994 0.687399983 0
vt 0.80430001 0.706700027 0
vt 0.777999997 0.730400026 0
vt 0.74150002 0.744799972 0
vt 0.699100018 0.754700005 0
vt 0.692700028 0.730799973 0
vt 0.658999979 0.732599974 0
vt 0.659099996 0.708199978 0
vt 0.625400007 0.703700006 0
vt 0.6699 0.755699992 0
vt 0.643700004 0.752499998 0
vt 0.623899996 0.723999977 0
vt 0.603399992 0.711799979 0
vt 0.619199991 0.742299974 0
vt 0.59740001 0.729300022 0

# 504 vertex normals
vn 0 -1 -4.37113883e-08
vn 0.749502182 -2.89370252e-08 0.662001908
vn 0.57667923 -3.57109151e-08 0.816970587
vn -0.885993958 -2.02688302e-08 0.463696808
vn -0.178396896 0.930883765 0.318794459
vn 0.885993958 -2.02688302e-08 0.463696808
vn 0.998082399 -2.70568701e-09 0.0618989132
vn 0.999503791 -1.37691414e-09 0.0315001234
vn 0.999777377 9.22289412e-10 -0.0210995208
vn 0.999062181 1.89263116e-09 -0.0432983562
vn 0.997852802 2.86296031e-09 -0.0654968992
vn 0 -4.37113883e-08 1
vn 0.979936957 8.71200712e-09 -0.199307516
vn 0.947991014 1.3913203e-08 -0.318296969
vn 0.905156076 -1.85808098e-08 0.425079376
vn 0.731567144 -2.98010843e-08 0.681769371
vn 0.859997392 -2.23058496e-08 0.510298431
vn 0.995986938 -3.91211818e-09 0.0894988328
vn 0.986160576 7.24705895e-09 -0.165793374
vn 0.825093806 2.46967478e-08 -0.564995766
vn 0.695817769 3.13943183e-08 -0.718218386
vn 0.984569371 7.64925456e-09 -0.174994558
vn -0.88368088 -2.04608579e-08 0.468089908
vn -0.773498237 -2.7704214e-08 0.63379854
vn -0.632589579 -3.38539081e-08 0.774487197
vn -0.936333179 -1.5347613e-08 0.351112425
vn -0.937197566 -1.52464921e-08 0.34879908
vn -0.938055933 -1.51452824e-08 0.346483678
vn 0.45631054 -3.88952941e-08 0.889820635
vn 0 1 4.37113883e-08
vn -0.15560542 0.98433429 0.0829029381
vn -0.0625023022 0.960035384 0.272810102
vn -0.151800737 0.985304773 0.0783004239
vn -0.0552022532 0.959539115 0.276111305
vn 0.0334999487 0.892198563 0.450399309
vn 0.0153006967 0.893440664 0.448920518
vn 0.155699521 0.97269696 -0.172099411
vn 0.295190811 0.934570968 -0.198593765
vn 0.227190658 0.957760513 -0.176292703
vn 0.146105319 0.980435729 -0.131904751
vn 0.217399314 0.972896814 -0.0787997097
vn 0.359587371 0.929667234 -0.0800971389
vn 0.189299211 0.981895924 -0.00679992978
vn 0.347195119 0.937786758 0.00339999353
vn 0.173892036 0.984654963 0.0146993715
vn 0.323102057 0.946205974 0.0173001513
vn 0 0.999904752 -0.0138000222
vn 0.00629978068 0.999965072 0.00549985142
vn -0.00219993759 0.999971688 0.00719983969
vn 0.849757493 2.30434889e-08 -0.527173638
vn 0.793619215 2.65946483e-08 -0.60841465
vn 0.942470372 1.4612259e-08 -0.334289491
vn 0.975070834 9.69926539e-09 -0.221893355
vn 0.998519123 2.37794517e-09 -0.0544010438
vn 0.999999881 1.74845537e-11 -0.00039999999
vn 0.99856782 -2.33848407e-09 0.0534982756
vn 0.295190781 -0.934570909 -0.19859384
vn 0.155699521 -0.97269696 -0.172099486
vn 0.227190644 -0.957760513 -0.176292777
vn 0.146105319 -0.980435729 -0.13190484
vn 0 -0.999904752 -0.0138001097
vn 0.217399314 -0.972896814 -0.0787997842
vn 0.189299211 -0.981895924 -0.00680001546
vn 0.00629978068 -0.999965072 0.00549976435
vn 0.173892036 -0.984654963 0.0146992858
vn -0.00219993759 -0.999971688 0.00719975214
vn 0.359587371 -0.929667234 -0.0800972208
vn 0.347195119 -0.937786758 0.0033999111
vn 0.323102057 -0.946205974 0.0173000675
vn -0.196096867 4.28627054e-08 -0.980584443
vn -0.0664990991 4.36146266e-08 -0.997786462
vn 0.0664990991 4.36146266e-08 -0.997786462
vn 0.196096867 4.28627054e-08 -0.980584443
vn -0.357802689 0.91520679 0.18540141
vn -0.493324578 0.85644269 0.152107611
vn -0.491186887 0.850877345 0.186395064
vn -0.255893558 0.960675836 0.107797325
vn -0.492290795 0.868283749 0.0610988885
vn -0.161906973 0.986742496 0.0112005258
vn 0.0210006591 0.998631299 0.0479015447
vn -0.0112999063 0.986791909 0.161598712
vn -0.221706629 0.947428346 0.23070696
vn -0.376600713 0.890501738 0.255300522
vn -0.235904709 0.945818841 0.223104507
vn -0.501080573 0.817268252 0.284588993
vn -0.74169445 0.584395647 0.329197586
vn -0.820454836 0.442729563 0.361724198
vn -0.923378348 -1.67804064e-08 0.383890986
vn -0.919496357 -1.71828791e-08 0.393098474
vn -0.820454776 -0.442729563 0.361724138
vn -0.74169445 -0.584395647 0.329197526
vn -0.501080573 -0.817268252 0.284588933
vn -0.376600742 -0.890501857 0.255300462
vn 0 -0.971629798 0.236507207
vn 0 -0.973285913 0.229596645
vn 0.376600742 -0.890501857 0.255300462
vn 0.501080573 -0.817268252 0.284588933
vn 0.74169445 -0.584395647 0.329197526
vn 0.820454776 -0.442729563 0.361724138
vn 0.923378348 -1.67804064e-08 0.383890986
vn 0.919496357 -1.71828791e-08 0.393098474
vn 0.820454836 0.442729563 0.361724198
vn 0.74169445 0.584395647 0.329197586
vn 0.501080573 0.817268252 0.284588993
vn 0.376600713 0.890501738 0.255300522
vn 0.221706629 0.947428346 0.23070696
vn 0.235904709 0.945818841 0.223104507
vn -0.210607588 -0.924433172 -0.317911476
vn -0.211203054 -0.923713267 -0.319604635
vn -0.210011303 -0.925149739 -0.316217035
vn -0.0653019622 0.990329742 0.122403726
vn -0.0930976793 0.980175614 0.174895689
vn -0.0910963193 0.979860485 0.17769286
vn -0.0376016572 0.997043967 0.0670030043
vn -0.00859967526 0.999862194 0.0141995056
vn -0.00819993299 0.999891877 0.012199943
vn -0.929144084 -1.61608664e-08 0.369717568
vn -0.984569371 7.64925456e-09 -0.174994558
vn -0.99560982 -4.09142631e-09 0.0936009288
vn -0.985565662 7.4000801e-09 -0.169294104
vn -0.297808051 -4.17280148e-08 0.954625785
vn -0.972978652 -1.00927373e-08 0.230894938
vn -0.979936957 -8.71200712e-09 0.199307516
vn -0.985889316 -7.31720684e-09 0.167398185
vn 0.0625023022 0.960035384 0.272810102
vn 0.15560542 0.98433429 0.0829029381
vn 0.151800737 0.985304773 0.0783004239
vn 0.0552022532 0.959539115 0.276111305
vn -0.0334999487 0.892198563 0.450399309
vn -0.0153006967 0.893440664 0.448920518
vn 0.15560542 -0.98433429 0.0829028487
vn 0.0626019314 -0.960029542 0.272808373
vn 0.151800737 -0.985304773 0.078300342
vn 0.0552022532 -0.959539115 0.276111215
vn -0.0332002789 -0.892207563 0.45040375
vn -0.0146994889 -0.893468916 0.448884338
vn -0.0930976793 -0.980175614 0.174895585
vn -0.0653019622 -0.990329742 0.122403637
vn -0.0910963342 -0.979860604 0.177692801
vn -0.0376016572 -0.997043967 0.0670029148
vn -0.00859967526 -0.999862194 0.0141994199
vn -0.00819993299 -0.999891877 0.0121998573
vn 0.973308265 -1.00318491e-08 0.229501948
vn -0.793619215 2.65946483e-08 -0.60841465
vn -0.849757493 2.30434889e-08 -0.527173638
vn -0.942470372 1.4612259e-08 -0.334289491
vn -0.975070834 9.69926539e-09 -0.221893355
vn -0.998519123 2.37794517e-09 -0.0544010438
vn -0.999999881 1.74845537e-11 -0.00039999999
vn -0.99856782 -2.33848407e-09 0.0534982756
vn -0.295190811 0.934570968 -0.198593765
vn -0.155699521 0.97269696 -0.172099411
vn -0.227190658 0.957760513 -0.176292703
vn -0.146105319 0.980435729 -0.131904751
vn -0.217399314 0.972896814 -0.0787997097
vn -0.189299211 0.981895924 -0.00679992978
vn -0.00629978068 0.999965072 0.00549985142
vn -0.173892036 0.984654963 0.0146993715
vn 0.00219993759 0.999971688 0.00719983969
vn -0.359587371 0.929667234 -0.0800971389
vn -0.347195119 0.937786758 0.00339999353
vn -0.323102057 0.946205974 0.0173001513
vn 0.488408446 -3.81432166e-08 0.872615099
vn -0.565407872 3.60536454e-08 -0.824811459
vn -0.693935633 3.14738138e-08 -0.720037043
vn 0.178806365 0.933933139 0.309511036
vn 0.0909037888 0.983341038 0.157406613
vn 0.178396896 0.930883765 0.318794459
vn 0.0910004526 0.984104931 0.152500823
vn 0.975339651 -9.64749347e-09 0.220708951
vn 0.919145048 -1.72187598e-08 0.393919289
vn 0.99942863 -1.47748702e-09 0.033800967
vn 0.988987625 6.46920428e-09 -0.147998154
vn -0.155699521 -0.97269696 -0.172099486
vn -0.295190781 -0.934570909 -0.19859384
vn -0.227190644 -0.957760513 -0.176292777
vn -0.146105319 -0.980435729 -0.13190484
vn -0.217399314 -0.972896814 -0.0787997842
vn -0.359587371 -0.929667234 -0.0800972208
vn -0.189299211 -0.981895924 -0.00680001546
vn -0.347195119 -0.937786758 0.0033999111
vn -0.173892036 -0.984654963 0.0146992858
vn -0.323102057 -0.946205974 0.0173000675
vn -0.00629978068 -0.999965072 0.00549976435
vn 0.00219993759 -0.999971688 0.00719975214
vn 0.999998033 -8.74226108e-11 0.00199999637
vn 0.999970257 -3.3656769e-10 0.00769977085
vn 0.999993503 1.57359972e-10 -0.00359997619
vn 0.998662472 -0.000699971337 -0.0516980551
vn 0.995533705 -0.000700019591 -0.0944031999
vn 0.983646512 -0.000600020518 -0.180108503
vn 0.974725544 9.76537962e-09 -0.223405853
vn 0.964026153 1.16188037e-08 -0.265807241
vn 0.0260000266 -0.930800974 -0.36460045
vn -0.670617759 -0.700418532 -0.244306505
vn -0.00820019189 -0.906321168 -0.422509909
vn -0.322709084 -0.881924748 -0.343609691
vn -0.913431585 -0.333411545 -0.233408123
vn -0.978497386 -0.167399555 -0.120499685
vn -0.935386002 -0.198597014 -0.292595625
vn -0.782883346 -0.485089689 -0.389591753
vn -0.947933733 -0.169506028 -0.2696096
vn -0.0492020547 -0.966940403 -0.250210494
vn -0.67589283 -0.652793169 -0.342096478
vn 0.0740032047 -0.976042271 -0.204608917
vn -0.0010000217 -0.996721566 -0.0809017941
vn -0.477210134 -0.831117749 -0.285506099
vn -0.930191517 -0.194198221 -0.311497211
vn 0.0339013115 -0.996538639 -0.0759029835
vn -0.988987625 6.46920428e-09 -0.147998154
vn -0.99942863 -1.47748702e-09 0.033800967
vn -0.975339651 -9.64749347e-09 0.220708951
vn -0.919145048 -1.72187598e-08 0.393919289
vn -0.797860622 -0.602570176 -0.0180991329
vn -0.908678591 -0.382990956 -0.166196093
vn -0.923981607 -0.381892383 -0.0203996114
vn -0.636080861 -0.764677048 -0.103296928
vn -0.674475014 -0.662775397 -0.325287968
vn -0.828386426 -0.383393735 -0.408393353
vn -0.775657535 -0.37607944 -0.506872416
vn -0.509728789 -0.792044759 -0.335918993
vn 0.00709967827 -0.999854624 -0.0154993413
vn 0.114304759 -0.990441322 0.0772031769
vn -0.137303308 -0.990523875 -0.00320012053
vn 0.00299989968 -0.999766529 -0.0213993285
vn 0.732304513 -0.665404201 0.144800887
vn 0.573183656 -0.762578249 0.299891412
vn 0.664005518 -0.597305 0.44980371
vn 0.892982543 -1.96741095e-08 0.450091153
vn 0.826876283 -2.45825795e-08 0.562383831
vn 0.664005518 0.59730494 0.449803799
vn 0.604015231 -0.796820104 0.0156003609
vn 0.999646127 -1.16277654e-09 0.0266012251
vn 0.983391166 -7.93354538e-09 0.181498379
vn 0.732304573 0.665404201 0.144800961
vn 0.573183596 0.762578189 0.299891472
vn 0.114304781 0.990441382 0.0772032812
vn 0.00709967827 0.999854624 -0.0154992528
vn -0.509728789 0.792044759 -0.335918963
vn -0.674475014 0.662775457 -0.325287908
vn -0.775657535 0.3760795 -0.506872356
vn 0.604015231 0.796820104 0.0156004298
vn 0.00299989968 0.999766529 -0.0213992428
vn -0.137303308 0.990523875 -0.00320003391
vn -0.636080861 0.764677048 -0.103296861
vn -0.797860622 0.602570176 -0.0180990808
vn -0.908678591 0.382990986 -0.166196063
vn -0.828386426 0.383393764 -0.408393323
vn -0.923981607 0.381892383 -0.0203995779
vn -0.209098741 0.925294459 -0.316398054
vn -0.209009737 0.925343156 -0.316314697
vn -0.20909211 0.925265253 -0.316488057
vn -0.970873356 1.04729603e-08 -0.239593431
vn -0.947991014 1.3913203e-08 -0.318296969
vn -0.987326205 6.9371815e-09 -0.158704206
vn -0.905156076 -1.85808098e-08 0.425079376
vn -0.731567144 -2.98010843e-08 0.681769371
vn -0.859997392 -2.23058496e-08 0.510298431
vn -0.995986938 -3.91211818e-09 0.0894988328
vn -0.986160576 7.24705895e-09 -0.165793374
vn -0.825093806 2.46967478e-08 -0.564995766
vn -0.695817769 3.13943183e-08 -0.718218386
vn 0.773498237 -2.7704214e-08 0.63379854
vn 0.88368088 -2.04608579e-08 0.468089908
vn 0.632589579 -3.38539081e-08 0.774487197
vn 0.937197566 -1.52464921e-08 0.34879908
vn 0.936333179 -1.5347613e-08 0.351112425
vn 0.938055933 -1.51452824e-08 0.346483678
vn -0.45631054 -3.88952941e-08 0.889820635
vn -0.178806379 -0.933933258 0.309511006
vn -0.0909037888 -0.983341038 0.157406524
vn -0.178396896 -0.930883765 0.318794429
vn -0.0910004526 -0.984104931 0.152500719
vn -0.0210006591 0.998631299 0.0479015447
vn 0.161906973 0.986742496 0.0112005258
vn 0.255893558 0.960675836 0.107797325
vn 0.492290795 0.868283749 0.0610988885
vn 0.493324578 0.85644269 0.152107611
vn 0.357802689 0.91520679 0.18540141
vn 0.491186887 0.850877345 0.186395064
vn 0.0112999063 0.986791909 0.161598712
vn 0.908678591 -0.382990956 -0.166196093
vn 0.797860622 -0.602570176 -0.0180991329
vn 0.923981607 -0.381892383 -0.0203996114
vn 0.636080861 -0.764677048 -0.103296928
vn 0.137303308 -0.990523875 -0.00320012053
vn -0.00299989968 -0.999766529 -0.0213993285
vn -0.604015231 -0.796820104 0.0156003609
vn -0.732304513 -0.665404201 0.144800887
vn -0.999646127 -1.16277654e-09 0.0266012251
vn 0.674475014 -0.662775397 -0.325287968
vn -0.00709967827 -0.999854624 -0.0154993413
vn -0.573183656 -0.762578249 0.299891412
vn -0.892982543 -1.96741095e-08 0.450091153
vn -0.983391166 -7.93354538e-09 0.181498379
vn -0.732304573 0.665404201 0.144800961
vn -0.604015231 0.796820104 0.0156004298
vn 0.828386426 -0.383393735 -0.408393353
vn 0.775657535 -0.37607944 -0.506872416
vn 0.509728789 -0.792044759 -0.335918993
vn -0.114304759 -0.990441322 0.0772031769
vn -0.664005518 -0.597305 0.44980371
vn -0.826876283 -2.45825795e-08 0.562383831
vn -0.664005518 0.59730494 0.449803799
vn -0.573183596 0.762578189 0.299891472
vn -0.114304781 0.990441382 0.0772032812
vn -0.00709967827 0.999854624 -0.0154992528
vn -0.00299989968 0.999766529 -0.0213992428
vn 0.137303308 0.990523875 -0.00320003391
vn 0.636080861 0.764677048 -0.103296861
vn 0.797860622 0.602570176 -0.0180990808
vn 0.509728789 0.792044759 -0.335918963
vn 0.674475014 0.662775457 -0.325287908
vn 0.908678591 0.382990986 -0.166196063
vn 0.923981607 0.381892383 -0.0203995779
vn 0.775657535 0.3760795 -0.506872356
vn 0.828386426 0.383393764 -0.408393323
vn 0.551372886 3.64666164e-08 -0.834258914
vn 0.985565662 7.4000801e-09 -0.169294104
vn 0.99560982 -4.09142631e-09 0.0936009288
vn 0.929144084 -1.61608664e-08 0.369717568
vn 0.985889316 -7.31720684e-09 0.167398185
vn 0.979936957 -8.71200712e-09 0.199307516
vn 0.972978652 -1.00927373e-08 0.230894938
vn 0.0930976793 0.980175614 0.174895689
vn 0.0653019622 0.990329742 0.122403726
vn 0.0910963193 0.979860485 0.17769286
vn 0.0376016572 0.997043967 0.0670030043
vn 0.00859967526 0.999862194 0.0141995056
vn 0.00819993299 0.999891877 0.012199943
vn -0.999970257 -3.3656769e-10 0.00769977085
vn -0.999998033 -8.74226108e-11 0.00199999637
vn -0.999993503 1.57359972e-10 -0.00359997619
vn -0.998662472 -0.000699971337 -0.0516980551
vn -0.995533705 -0.000700019591 -0.0944031999
vn -0.983646512 -0.000600020518 -0.180108503
vn -0.974725544 9.76537962e-09 -0.223405853
vn -0.964026153 1.16188037e-08 -0.265807241
vn 0.670617759 -0.700418532 -0.244306505
vn -0.0260000266 -0.930800974 -0.36460045
vn 0.00820019189 -0.906321168 -0.422509909
vn 0.322709084 -0.881924748 -0.343609691
vn 0.0492020547 -0.966940403 -0.250210494
vn -0.0740032047 -0.976042271 -0.204608917
vn 0.0010000217 -0.996721566 -0.0809017941
vn -0.0339013115 -0.996538639 -0.0759029835
vn 0.913431585 -0.333411545 -0.233408123
vn 0.782883346 -0.485089689 -0.389591753
vn 0.67589283 -0.652793169 -0.342096478
vn 0.477210134 -0.831117749 -0.285506099
vn 0.978497386 -0.167399555 -0.120499685
vn 0.935386002 -0.198597014 -0.292595625
vn 0.947933733 -0.169506028 -0.2696096
vn 0.930191517 -0.194198221 -0.311497211
vn -0.997852802 2.86296031e-09 -0.0654968992
vn -0.999062181 1.89263116e-09 -0.0432983562
vn -0.999777377 9.22289412e-10 -0.0210995208
vn -0.999503791 -1.37691414e-09 0.0315001234
vn -0.998082399 -2.70568701e-09 0.0618989132
vn -0.972737491 0.000200017836 -0.231908947
vn -0.972765148 0.000599988678 -0.231791705
vn -0.97276473 0.00119996665 -0.231791615
vn -0.972765446 -0.000199982736 -0.231791764
vn -0.972883463 -9.99881959e-05 -0.231296077
vn -0.973051369 1.00793418e-08 -0.230588466
vn -0.967541873 1.10463461e-08 -0.252710938
vn -0.961301029 1.20424994e-08 -0.275500268
vn -0.939190507 1.50103379e-08 -0.343396515
vn -0.933605611 1.56618842e-08 -0.358302176
vn -0.933572233 1.56656945e-08 -0.358389318
vn -0.0626019314 -0.960029542 0.272808373
vn -0.15560542 -0.98433429 0.0829028487
vn -0.151800737 -0.985304773 0.078300342
vn -0.0552022532 -0.959539115 0.276111215
vn 0.0332002789 -0.892207563 0.45040375
vn 0.0146994889 -0.893468916 0.448884338
vn 0 0.641511261 0.767113566
vn 0 0.992966413 0.118396051
vn 0 0.998246014 0.0592027716
vn 0.0888978988 0.94867754 -0.303492785
vn -0.198799059 0.707096517 -0.678596675
vn 0.0919042826 0.326715261 -0.940643728
vn -0.0971965939 4.35044214e-08 -0.995265186
vn -0.281186283 4.19477715e-08 -0.959653258
vn 0.281186283 4.19477715e-08 -0.959653258
vn 0.0653019622 -0.990329742 0.122403637
vn 0.0930976793 -0.980175614 0.174895585
vn 0.0910963342 -0.979860604 0.177692801
vn 0.0376016572 -0.997043967 0.0670029148
vn 0.00859967526 -0.999862194 0.0141994199
vn 0.00819993299 -0.999891877 0.0121998573
vn -0.973308265 -1.00318491e-08 0.229501948
vn -0.488408446 -3.81432166e-08 0.872615099
vn 0.565407872 3.60536454e-08 -0.824811459
vn 0.693935633 3.14738138e-08 -0.720037043
vn -0.57667923 -3.57109151e-08 0.816970587
vn 0.210607588 -0.924433172 -0.317911476
vn 0.211203054 -0.923713267 -0.319604635
vn 0.210011303 -0.925149739 -0.316217035
vn -0.749502182 -2.89370252e-08 0.662001908
vn 0.297808051 -4.17280148e-08 0.954625785
vn 0.972765148 0.000599988678 -0.231791705
vn 0.972737491 0.000200017836 -0.231908947
vn 0.97276473 0.00119996665 -0.231791615
vn 0.972765446 -0.000199982736 -0.231791764
vn 0.972883463 -9.99881959e-05 -0.231296077
vn 0.973051369 1.00793418e-08 -0.230588466
vn 0.967541873 1.10463461e-08 -0.252710938
vn 0.961301029 1.20424994e-08 -0.275500268
vn 0.939190507 1.50103379e-08 -0.343396515
vn 0.933605611 1.56618842e-08 -0.358302176
vn 0.933572233 1.56656945e-08 -0.358389318
vn 0.0909037888 -0.983341038 0.157406524
vn 0.178806379 -0.933933258 0.309511006
vn 0.178396896 -0.930883765 0.318794429
vn 0.0910004526 -0.984104931 0.152500719
vn -0.551372886 3.64666164e-08 -0.834258914
vn -0.179198697 0.936893284 0.30019787
vn -0.0910004526 0.984104931 0.152500823
vn 0.430779576 -3.94476523e-08 0.902457178
vn 0.430616677 -3.94510558e-08 0.902534902
vn 0.430698127 -3.94493505e-08 0.90249604
vn 0.430818468 -3.94468422e-08 0.902438641
vn 0.430981278 -3.94434423e-08 0.902360797
vn 0.209098741 0.925294459 -0.316398054
vn 0.209009737 0.925343156 -0.316314697
vn 0.20909211 0.925265253 -0.316488057
vn 0.600886643 -0.798182189 0.0428990051
vn 0.485277981 -0.849261522 0.207990542
vn 0.216011226 -0.974150658 0.0661033988
vn 0.360485733 -0.920363605 -0.151594043
vn 0.381688118 -0.841573715 -0.382188112
vn 0 -0.964904368 -0.262601256
vn 0 -0.899410486 -0.437105119
vn -0.381688118 -0.841573715 -0.382188112
vn -0.360485733 -0.920363605 -0.151594043
vn -0.600886643 -0.798182189 0.0428990051
vn -0.216011226 -0.974150658 0.0661033988
vn -0.485277981 -0.849261522 0.207990542
vn 0.069201991 -0.341509819 -0.937327027
vn -0.328589976 -0.593281925 -0.734877706
vn 0.448692948 3.90642576e-08 -0.893685997
vn -0.069201991 -0.341509819 -0.937327027
vn 0.328589976 -0.593281925 -0.734877706
vn -0.448692948 3.90642576e-08 -0.893685997
vn -0.472590506 3.85220638e-08 -0.88128221
vn -0.472590506 0.000100036516 -0.88128221
vn 0.999867141 -7.12472192e-10 0.0162994657
vn -0.430779576 -3.94476523e-08 0.902457178
vn -0.430779576 -0.000100034704 0.902457178
vn -0.430981278 -3.94434423e-08 0.902360797
vn -0.430698127 -0.000100039011 0.90249604
vn -0.430698127 -3.94493505e-08 0.90249604
vn -0.985097051 -7.51833618e-09 0.171999484
vn 0.472590506 0.000100036516 -0.88128221
vn 0.472590506 3.85220638e-08 -0.88128221
vn -0.999867141 -7.12472192e-10 0.0162994657
vn 0.985097051 -7.51833618e-09 0.171999484
vn -0.846311808 -0.444006175 0.294304073
vn -0.721772909 -0.548379362 0.422284067
vn -0.795760393 -0.329583645 0.508074701
vn -0.749697387 -0.657697678 0.0733997151
vn -0.471298665 -0.870597601 0.141199574
vn -0.399616659 -0.841135025 0.364415109
vn -0.603995502 -0.634795368 0.48189643
vn -0.790688097 -0.311595351 0.526992083
vn -0.881867409 -0.47008267 -0.0364986733
vn -0.764415801 -0.635613084 -0.108002268
vn -0.400399357 -0.90869844 -0.118099853
vn 0 -0.996242821 0.0866036713
vn 0 -0.935285389 0.353894383
vn 0 -0.879073799 0.476685762
vn -0.861543357 -0.4878245 -0.140607089
vn -0.698678732 -0.692578852 -0.179394543
vn -0.31581378 -0.924440265 -0.213709369
vn 0 -0.983000934 -0.183600217
vn 0 -0.989895463 -0.141799405
vn -0.820565164 -0.534177303 -0.203291386
vn -0.574704349 -0.752605677 -0.32140246
vn 0 -0.924032629 -0.382313579
vn 0.31581378 -0.924440265 -0.213709369
vn 0.400399357 -0.90869844 -0.118099853
vn -0.679805458 -0.607404888 -0.411003381
vn -0.424000353 -0.741500616 -0.520000458
vn 0 -0.754919708 -0.655817151
vn 0.424000353 -0.741500616 -0.520000458
vn 0.574704349 -0.752605677 -0.32140246
vn 0.698678732 -0.692578852 -0.179394543
vn -0.401911199 -0.643117845 -0.651818156
vn 0 -0.658808947 -0.752310216
vn 0.401911199 -0.643117845 -0.651818156
vn 0.679805458 -0.607404888 -0.411003381
vn 0.820565164 -0.534177303 -0.203291386
vn 0.861543357 -0.4878245 -0.140607089
vn 0.764415801 -0.635613084 -0.108002268
vn 0.749697387 -0.657697678 0.0733997151
vn 0.471298665 -0.870597601 0.141199574
vn 0.399616659 -0.841135025 0.364415109
vn 0.881867409 -0.47008267 -0.0364986733
vn 0.846311808 -0.444006175 0.294304073
vn 0.721772909 -0.548379362 0.422284067
vn 0.603995502 -0.634795368 0.48189643
vn 0.795760393 -0.329583645 0.508074701
vn 0.790688097 -0.311595351 0.526992083

# Mesh 'PipelineFBX' with 671 faces
g PipelineFBX
usemtl DefaultMaterial
f  1/1/1 2/2/1 3/3/1
f  4/4/2 5/5/2 6/6/2
f  7/5/2 8/4/2 9/7/2
f  10/8/3 11/9/3 12/10/3
f  13/9/3 14/8/3 15/11/3
f  16/7/4 17/12/4 18/13/4
f  19/12/4 20/7/4 21/5/4
f  22/14/1 23/15/1 24/16/1
f  25/16/5 26/17/5 27/18/5
f  28/5/6 29/13/6 30/12/6
f  31/13/6 32/5/6 33/7/6
f  34/16/1 35/15/1 36/14/1
f  37/19/7 38/20/8 39/21/7
f  40/20/8 41/19/7 42/22/8
f  43/23/9 44/20/8 45/22/8
f  46/20/8 47/23/9 48/24/10
f  49/25/11 50/24/10 51/23/9
f  52/24/10 53/25/11 54/26/11
f  55/27/12 56/28/12 57/29/12
f  58/28/12 59/27/12 60/30/12
f  61/30/12 62/31/12 63/28/12
f  64/31/12 65/30/12 66/32/12
f  67/33/13 68/34/14 69/35/14
f  70/34/14 71/33/13 72/36/13
f  73/33/13 74/37/15 75/36/13
f  76/37/15 77/33/13 78/38/15
f  79/39/16 80/37/15 81/38/15
f  82/37/15 83/39/16 84/40/17
f  85/41/18 86/40/17 87/39/16
f  88/40/17 89/41/18 90/42/19
f  91/43/20 92/42/19 93/41/18
f  94/42/19 95/43/20 96/44/21
f  97/45/22 98/44/21 99/43/20
f  100/44/21 101/45/22 102/46/22
f  103/47/23 104/48/24 105/49/23
f  106/48/24 107/47/23 108/50/24
f  109/51/25 110/48/24 111/50/24
f  112/48/24 113/51/25 114/52/25
f  115/53/26 116/54/27 117/55/26
f  118/54/27 119/53/26 120/56/27
f  121/57/28 122/54/27 123/56/27
f  124/54/27 125/57/28 126/58/28
f  127/59/29 128/60/29 129/61/29
f  130/60/29 131/59/29 132/62/29
f  133/3/30 134/63/30 135/1/30
f  136/3/30 137/64/30 138/63/30
f  139/65/31 140/66/32 141/67/33
f  142/66/32 143/65/31 144/68/34
f  145/69/35 146/66/32 147/68/34
f  148/66/32 149/69/35 150/70/36
f  151/71/37 152/72/38 153/73/39
f  154/72/38 155/71/37 156/74/40
f  157/75/41 158/72/38 159/74/40
f  160/72/38 161/75/41 162/76/42
f  163/77/43 164/76/42 165/75/41
f  166/76/42 167/77/43 168/78/44
f  169/79/45 170/78/44 171/77/43
f  172/78/44 173/79/45 174/80/46
f  175/81/47 176/74/40 177/71/37
f  178/74/40 179/81/47 180/75/41
f  181/75/41 182/81/47 183/77/43
f  184/77/43 185/81/47 186/82/48
f  187/77/43 188/82/48 189/79/45
f  190/79/45 191/82/48 192/83/49
f  193/84/50 194/85/51 195/86/51
f  196/85/51 197/84/50 198/87/50
f  199/84/50 200/88/52 201/87/50
f  202/88/52 203/84/50 204/89/53
f  205/89/53 206/90/54 207/88/52
f  208/90/54 209/89/53 210/91/55
f  211/91/55 212/92/56 213/90/54
f  214/92/56 215/91/55 216/93/56
f  217/94/30 218/95/30 219/96/30
f  220/95/30 221/94/30 222/97/30
f  223/98/30 224/97/30 225/94/30
f  226/97/30 227/98/30 228/99/30
f  229/100/30 230/99/30 231/98/30
f  232/99/30 233/100/30 234/101/30
f  235/100/30 236/102/30 237/101/30
f  238/72/57 239/71/58 240/73/59
f  241/71/58 242/72/57 243/74/60
f  244/74/60 245/81/61 246/71/58
f  247/81/61 248/74/60 249/75/62
f  250/81/61 251/75/62 252/77/63
f  253/81/61 254/77/63 255/82/64
f  256/82/64 257/77/63 258/79/65
f  259/82/64 260/79/65 261/83/66
f  262/72/57 263/75/62 264/74/60
f  265/75/62 266/72/57 267/76/67
f  268/76/67 269/77/63 270/75/62
f  271/77/63 272/76/67 273/78/68
f  274/78/68 275/79/65 276/77/63
f  277/79/65 278/78/68 279/80/69
f  280/103/12 281/104/12 282/105/12
f  283/104/12 284/103/12 285/106/12
f  286/103/12 287/107/12 288/106/12
f  289/107/12 290/103/12 291/108/12
f  292/109/70 293/110/71 294/111/70
f  295/110/71 296/109/70 297/112/72
f  298/112/72 299/113/73 300/110/71
f  301/113/73 302/112/72 303/114/73
f  304/3/1 305/63/1 306/64/1
f  307/63/1 308/3/1 309/1/1
f  310/115/1 311/116/1 312/117/1
f  313/116/1 314/115/1 315/118/1
f  316/119/74 317/120/75 318/121/76
f  319/120/75 320/119/74 321/122/77
f  322/122/77 323/123/78 324/120/75
f  325/123/78 326/122/77 327/124/79
f  328/125/80 329/124/79 330/122/77
f  331/124/79 332/125/80 333/126/30
f  334/127/81 335/122/77 336/119/74
f  337/122/77 338/127/81 339/125/80
f  340/128/82 341/129/83 342/130/84
f  343/129/83 344/128/82 345/131/85
f  346/131/85 347/132/86 348/129/83
f  349/132/86 350/131/85 351/133/87
f  352/133/87 353/134/88 354/132/86
f  355/134/88 356/133/87 357/135/89
f  358/136/90 359/134/88 360/135/89
f  361/134/88 362/136/90 363/137/91
f  364/138/92 365/137/91 366/136/90
f  367/137/91 368/138/92 369/139/93
f  370/140/94 371/139/93 372/138/92
f  373/139/93 374/140/94 375/141/95
f  376/140/94 377/142/96 378/141/95
f  379/142/96 380/140/94 381/143/97
f  382/143/97 383/144/98 384/142/96
f  385/144/98 386/143/97 387/145/99
f  388/145/99 389/146/100 390/144/98
f  391/146/100 392/145/99 393/147/101
f  394/148/102 395/146/100 396/147/101
f  397/146/100 398/148/102 399/149/103
f  400/150/104 401/149/103 402/148/102
f  403/149/103 404/150/104 405/151/105
f  406/152/106 407/151/105 408/150/104
f  409/151/105 410/152/106 411/153/107
f  412/154/108 413/155/108 414/156/109
f  415/155/108 416/154/108 417/157/110
f  418/158/111 419/159/112 420/160/113
f  421/159/112 422/158/111 423/161/114
f  424/162/115 425/161/114 426/158/111
f  427/161/114 428/162/115 429/163/116
f  430/164/117 431/45/118 432/46/118
f  433/45/118 434/164/117 435/165/119
f  436/166/120 437/165/119 438/164/117
f  439/165/119 440/166/120 441/167/120
f  442/168/121 443/169/121 444/170/121
f  445/169/121 446/168/121 447/171/121
f  448/172/122 449/173/123 450/174/122
f  451/173/123 452/172/122 453/175/123
f  454/176/124 455/173/123 456/175/123
f  457/173/123 458/176/124 459/177/124
f  460/2/30 461/1/30 462/63/30
f  463/63/30 464/3/30 465/2/30
f  466/3/30 467/63/30 468/64/30
f  469/66/125 470/65/126 471/67/127
f  472/65/126 473/66/125 474/68/128
f  475/66/125 476/69/129 477/68/128
f  478/69/129 479/66/125 480/70/130
f  481/65/131 482/66/132 483/67/133
f  484/66/132 485/65/131 486/68/134
f  487/69/135 488/66/132 489/68/134
f  490/66/132 491/69/135 492/70/136
f  493/159/137 494/158/138 495/160/139
f  496/158/138 497/159/137 498/161/140
f  499/161/140 500/162/141 501/158/138
f  502/162/141 503/161/140 504/163/142
f  505/178/143 506/179/143 507/180/143
f  508/179/143 509/178/143 510/181/143
f  511/85/144 512/84/145 513/86/144
f  514/84/145 515/85/144 516/87/145
f  517/88/146 518/84/145 519/87/145
f  520/84/145 521/88/146 522/89/147
f  523/90/148 524/89/147 525/88/146
f  526/89/147 527/90/148 528/91/149
f  529/92/150 530/91/149 531/90/148
f  532/91/149 533/92/150 534/93/150
f  535/72/151 536/71/152 537/73/153
f  538/71/152 539/72/151 540/74/154
f  541/74/154 542/81/47 543/71/152
f  544/81/47 545/74/154 546/75/155
f  547/81/47 548/75/155 549/77/156
f  550/81/47 551/77/156 552/82/157
f  553/82/157 554/77/156 555/79/158
f  556/82/157 557/79/158 558/83/159
f  559/72/151 560/75/155 561/74/154
f  562/75/155 563/72/151 564/76/160
f  565/76/160 566/77/156 567/75/155
f  568/77/156 569/76/160 570/78/161
f  571/78/161 572/79/158 573/77/156
f  574/79/158 575/78/161 576/80/162
f  577/182/163 578/183/163 579/184/163
f  580/183/163 581/182/163 582/185/163
f  583/186/164 584/187/164 585/188/164
f  586/187/164 587/186/164 588/189/164
f  589/190/165 590/191/165 591/192/165
f  592/191/165 593/190/165 594/193/165
f  595/17/166 596/16/167 597/18/168
f  598/16/167 599/17/166 600/194/169
f  601/194/169 602/195/30 603/16/167
f  604/16/167 605/195/30 606/14/30
f  607/196/170 608/197/171 609/198/171
f  610/197/171 611/196/170 612/199/172
f  613/200/173 614/199/172 615/196/170
f  616/199/172 617/200/173 618/201/173
f  619/95/30 620/94/30 621/96/30
f  622/94/30 623/95/30 624/97/30
f  625/97/30 626/98/30 627/94/30
f  628/98/30 629/97/30 630/99/30
f  631/99/30 632/100/30 633/98/30
f  634/100/30 635/99/30 636/101/30
f  637/102/30 638/100/30 639/101/30
f  640/71/174 641/72/175 642/73/176
f  643/72/175 644/71/174 645/74/177
f  646/75/178 647/72/175 648/74/177
f  649/72/175 650/75/178 651/76/179
f  652/77/180 653/76/179 654/75/178
f  655/76/179 656/77/180 657/78/181
f  658/79/182 659/78/181 660/77/180
f  661/78/181 662/79/182 663/80/183
f  664/81/61 665/74/177 666/71/174
f  667/74/177 668/81/61 669/75/178
f  670/75/178 671/81/61 672/77/180
f  673/77/180 674/81/61 675/82/184
f  676/77/180 677/82/184 678/79/182
f  679/79/182 680/82/184 681/83/185
f  682/202/186 683/203/187 684/204/187
f  685/203/187 686/202/186 687/205/188
f  688/206/189 689/205/188 690/202/186
f  691/205/188 692/206/189 693/207/190
f  694/208/191 695/207/190 696/206/189
f  697/207/190 698/208/191 699/209/192
f  700/210/193 701/209/192 702/208/191
f  703/209/192 704/210/193 705/211/193
f  706/212/194 707/213/195 708/214/196
f  709/213/195 710/212/194 711/215/197
f  712/216/198 713/213/195 714/215/197
f  715/213/195 716/216/198 717/217/199
f  718/216/198 719/218/200 720/217/199
f  721/218/200 722/216/198 723/219/201
f  724/219/201 725/220/202 726/218/200
f  727/212/194 728/221/203 729/215/197
f  730/222/204 731/215/197 732/221/203
f  733/215/197 734/222/204 735/219/201
f  736/219/201 737/216/198 738/215/197
f  739/221/203 740/212/194 741/223/205
f  742/223/205 743/224/206 744/221/203
f  745/225/207 746/221/203 747/224/206
f  748/221/203 749/225/207 750/222/204
f  751/226/208 752/222/204 753/225/207
f  754/222/204 755/226/208 756/220/202
f  757/220/202 758/219/201 759/222/204
f  760/224/206 761/223/205 762/227/209
f  763/224/206 764/227/209 765/228/1
f  766/229/1 767/224/206 768/228/1
f  769/230/1 770/224/206 771/229/1
f  772/200/210 773/199/211 774/201/210
f  775/199/211 776/200/210 777/196/212
f  778/196/212 779/197/213 780/199/211
f  781/197/213 782/196/212 783/198/213
f  784/231/214 785/232/215 786/233/216
f  787/232/215 788/231/214 789/234/217
f  790/235/218 791/232/215 792/234/217
f  793/232/215 794/235/218 795/236/219
f  796/235/218 797/237/220 798/236/219
f  799/237/220 800/235/218 801/238/221
f  802/239/222 803/238/221 804/235/218
f  805/238/221 806/239/222 807/240/223
f  808/241/224 809/234/217 810/231/214
f  811/234/217 812/241/224 813/242/225
f  814/242/225 815/235/218 816/234/217
f  817/235/218 818/242/225 819/239/222
f  820/243/226 821/239/222 822/242/225
f  823/239/222 824/243/226 825/244/227
f  826/244/227 827/240/223 828/239/222
f  829/240/223 830/244/227 831/245/228
f  832/246/229 833/245/228 834/244/227
f  835/245/228 836/246/229 837/247/230
f  838/246/229 839/248/231 840/247/230
f  841/249/232 842/242/225 843/241/224
f  844/242/225 845/249/232 846/243/226
f  847/250/233 848/243/226 849/249/232
f  850/243/226 851/250/233 852/251/234
f  853/246/229 854/243/226 855/251/234
f  856/243/226 857/246/229 858/244/227
f  859/250/233 860/252/235 861/251/234
f  862/252/235 863/246/229 864/251/234
f  865/246/229 866/252/235 867/253/236
f  868/248/231 869/246/229 870/253/236
f  871/253/236 872/254/237 873/248/231
f  874/254/237 875/253/236 876/255/238
f  877/255/238 878/256/239 879/254/237
f  880/256/239 881/255/238 882/257/240
f  883/257/240 884/258/241 885/256/239
f  886/252/235 887/250/233 888/259/242
f  889/259/242 890/260/243 891/252/235
f  892/255/238 893/252/235 894/260/243
f  895/252/235 896/255/238 897/253/236
f  898/260/243 899/259/242 900/261/244
f  901/261/244 902/262/245 903/260/243
f  904/257/240 905/260/243 906/262/245
f  907/260/243 908/257/240 909/255/238
f  910/262/245 911/261/244 912/263/246
f  913/263/246 914/264/247 915/262/245
f  916/264/247 917/257/240 918/262/245
f  919/257/240 920/264/247 921/265/248
f  922/258/241 923/257/240 924/265/248
f  925/264/247 926/263/246 927/266/249
f  928/267/250 929/268/250 930/269/251
f  931/268/250 932/267/250 933/270/252
f  934/36/253 935/35/254 936/34/254
f  937/35/254 938/36/253 939/33/255
f  940/37/256 941/33/255 942/36/253
f  943/33/255 944/37/256 945/38/256
f  946/37/256 947/39/257 948/38/256
f  949/39/257 950/37/256 951/40/258
f  952/40/258 953/41/259 954/39/257
f  955/41/259 956/40/258 957/42/260
f  958/42/260 959/43/261 960/41/259
f  961/43/261 962/42/260 963/44/262
f  964/44/262 965/45/118 966/43/261
f  967/45/118 968/44/262 969/46/118
f  970/48/263 971/47/264 972/49/264
f  973/47/264 974/48/263 975/50/263
f  976/48/263 977/51/265 978/50/263
f  979/51/265 980/48/263 981/52/265
f  982/54/266 983/53/267 984/55/267
f  985/53/267 986/54/266 987/56/266
f  988/54/266 989/57/268 990/56/266
f  991/57/268 992/54/266 993/58/268
f  994/60/269 995/59/269 996/61/269
f  997/59/269 998/60/269 999/62/269
f  1000/17/270 1001/16/271 1002/18/272
f  1003/16/271 1004/17/270 1005/194/273
f  1006/194/273 1007/195/1 1008/16/271
f  1009/16/271 1010/195/1 1011/14/1
f  1012/195/1 1013/271/1 1014/14/1
f  1015/272/1 1016/14/1 1017/271/1
f  1018/273/1 1019/272/1 1020/271/1
f  1021/274/1 1022/271/1 1023/195/1
f  1024/271/1 1025/274/1 1026/275/1
f  1027/276/1 1028/275/1 1029/274/1
f  1030/125/274 1031/124/275 1032/126/30
f  1033/124/275 1034/125/274 1035/122/276
f  1036/122/276 1037/123/277 1038/124/275
f  1039/123/277 1040/122/276 1041/120/278
f  1042/119/279 1043/120/278 1044/122/276
f  1045/120/278 1046/119/279 1047/121/280
f  1048/127/281 1049/122/276 1050/125/274
f  1051/122/276 1052/127/281 1053/119/279
f  1054/232/282 1055/231/283 1056/233/284
f  1057/231/283 1058/232/282 1059/234/285
f  1060/234/285 1061/241/286 1062/231/283
f  1063/241/286 1064/234/285 1065/242/287
f  1066/242/287 1067/249/288 1068/241/286
f  1069/249/288 1070/242/287 1071/243/289
f  1072/243/289 1073/250/290 1074/249/288
f  1075/232/282 1076/235/291 1077/234/285
f  1078/235/291 1079/242/287 1080/234/285
f  1081/242/287 1082/235/291 1083/239/292
f  1084/239/292 1085/243/289 1086/242/287
f  1087/243/289 1088/239/292 1089/244/293
f  1090/246/294 1091/243/289 1092/244/293
f  1093/243/289 1094/246/294 1095/251/295
f  1096/250/290 1097/243/289 1098/251/295
f  1099/252/296 1100/250/290 1101/251/295
f  1102/250/290 1103/252/296 1104/259/297
f  1105/235/291 1106/232/282 1107/236/298
f  1108/237/299 1109/235/291 1110/236/298
f  1111/235/291 1112/237/299 1113/238/300
f  1114/238/300 1115/239/292 1116/235/291
f  1117/239/292 1118/238/300 1119/240/301
f  1120/240/301 1121/244/293 1122/239/292
f  1123/244/293 1124/240/301 1125/245/302
f  1126/245/302 1127/246/294 1128/244/293
f  1129/246/294 1130/245/302 1131/247/303
f  1132/248/304 1133/246/294 1134/247/303
f  1135/246/294 1136/248/304 1137/253/305
f  1138/252/296 1139/246/294 1140/253/305
f  1141/246/294 1142/252/296 1143/251/295
f  1144/254/306 1145/253/305 1146/248/304
f  1147/253/305 1148/254/306 1149/255/307
f  1150/255/307 1151/252/296 1152/253/305
f  1153/252/296 1154/255/307 1155/260/308
f  1156/260/308 1157/259/297 1158/252/296
f  1159/259/297 1160/260/308 1161/261/309
f  1162/262/310 1163/261/309 1164/260/308
f  1165/261/309 1166/262/310 1167/263/311
f  1168/256/312 1169/255/307 1170/254/306
f  1171/255/307 1172/256/312 1173/257/313
f  1174/257/313 1175/260/308 1176/255/307
f  1177/260/308 1178/257/313 1179/262/310
f  1180/257/313 1181/264/314 1182/262/310
f  1183/264/314 1184/263/311 1185/262/310
f  1186/263/311 1187/264/314 1188/266/315
f  1189/258/316 1190/257/313 1191/256/312
f  1192/257/313 1193/258/316 1194/265/317
f  1195/264/314 1196/257/313 1197/265/317
f  1198/277/318 1199/278/318 1200/279/318
f  1201/278/318 1202/277/318 1203/280/318
f  1204/166/319 1205/165/320 1206/167/319
f  1207/165/320 1208/166/319 1209/164/321
f  1210/164/321 1211/45/22 1212/165/320
f  1213/45/22 1214/164/321 1215/46/22
f  1216/176/322 1217/173/323 1218/177/322
f  1219/173/323 1220/176/322 1221/175/323
f  1222/172/324 1223/173/323 1224/175/323
f  1225/173/323 1226/172/324 1227/174/324
f  1228/159/325 1229/158/326 1230/160/327
f  1231/158/326 1232/159/325 1233/161/328
f  1234/161/328 1235/162/329 1236/158/326
f  1237/162/329 1238/161/328 1239/163/330
f  1240/203/331 1241/202/332 1242/204/331
f  1243/202/332 1244/203/331 1245/205/333
f  1246/205/333 1247/206/334 1248/202/332
f  1249/206/334 1250/205/333 1251/207/335
f  1252/207/335 1253/208/336 1254/206/334
f  1255/208/336 1256/207/335 1257/209/337
f  1258/209/337 1259/210/338 1260/208/336
f  1261/210/338 1262/209/337 1263/211/338
f  1264/213/339 1265/212/340 1266/214/341
f  1267/212/340 1268/213/339 1269/215/342
f  1270/221/343 1271/212/340 1272/215/342
f  1273/212/340 1274/221/343 1275/223/344
f  1276/224/345 1277/223/344 1278/221/343
f  1279/223/344 1280/224/345 1281/227/346
f  1282/227/346 1283/224/345 1284/228/1
f  1285/224/345 1286/229/1 1287/228/1
f  1288/213/339 1289/216/347 1290/215/342
f  1291/216/347 1292/219/348 1293/215/342
f  1294/222/349 1295/215/342 1296/219/348
f  1297/215/342 1298/222/349 1299/221/343
f  1300/225/350 1301/221/343 1302/222/349
f  1303/221/343 1304/225/350 1305/224/345
f  1306/216/347 1307/213/339 1308/217/351
f  1309/218/352 1310/216/347 1311/217/351
f  1312/216/347 1313/218/352 1314/219/348
f  1315/220/353 1316/219/348 1317/218/352
f  1318/219/348 1319/220/353 1320/222/349
f  1321/226/354 1322/222/349 1323/220/353
f  1324/222/349 1325/226/354 1326/225/350
f  1327/224/345 1328/230/1 1329/229/1
f  1330/25/355 1331/24/356 1332/26/355
f  1333/24/356 1334/25/355 1335/23/357
f  1336/23/357 1337/20/358 1338/24/356
f  1339/20/358 1340/23/357 1341/22/358
f  1342/19/359 1343/20/358 1344/22/358
f  1345/20/358 1346/19/359 1347/21/359
f  1348/281/360 1349/282/361 1350/283/362
f  1351/282/361 1352/281/360 1353/284/363
f  1354/284/363 1355/281/360 1356/285/364
f  1357/281/360 1358/286/365 1359/285/364
f  1360/286/365 1361/287/366 1362/285/364
f  1363/287/366 1364/286/365 1365/288/367
f  1366/288/367 1367/289/254 1368/287/366
f  1369/289/254 1370/288/367 1371/290/368
f  1372/289/254 1373/290/368 1374/291/369
f  1375/291/369 1376/290/368 1377/292/370
f  1378/292/370 1379/290/368 1380/293/370
f  1381/66/371 1382/65/372 1383/67/373
f  1384/65/372 1385/66/371 1386/68/374
f  1387/66/371 1388/69/375 1389/68/374
f  1390/69/375 1391/66/371 1392/70/376
f  1393/294/12 1394/295/377 1395/296/12
f  1396/295/377 1397/294/12 1398/297/377
f  1399/298/378 1400/295/377 1401/297/377
f  1402/295/377 1403/298/378 1404/299/379
f  1405/300/380 1406/299/379 1407/298/378
f  1408/299/379 1409/300/380 1410/301/381
f  1411/302/382 1412/301/381 1413/300/380
f  1414/303/383 1415/301/381 1416/302/382
f  1417/301/381 1418/303/383 1419/304/384
f  1420/305/385 1421/302/382 1422/300/380
f  1423/302/382 1424/305/385 1425/303/383
f  1426/158/386 1427/159/387 1428/160/388
f  1429/159/387 1430/158/386 1431/161/389
f  1432/162/390 1433/161/389 1434/158/386
f  1435/161/389 1436/162/390 1437/163/391
f  1438/179/392 1439/178/392 1440/180/392
f  1441/178/392 1442/179/392 1443/181/392
f  1444/183/393 1445/182/393 1446/184/393
f  1447/182/393 1448/183/393 1449/185/393
f  1450/187/394 1451/186/394 1452/188/394
f  1453/186/394 1454/187/394 1455/189/394
f  1456/191/395 1457/190/395 1458/192/395
f  1459/190/395 1460/191/395 1461/193/395
f  1462/9/396 1463/8/396 1464/10/396
f  1465/8/396 1466/9/396 1467/11/396
f  1468/3/1 1469/63/1 1470/1/1
f  1471/63/1 1472/3/1 1473/64/1
f  1474/116/1 1475/115/1 1476/117/1
f  1477/115/1 1478/116/1 1479/118/1
f  1480/155/397 1481/154/397 1482/156/398
f  1483/154/397 1484/155/397 1485/157/399
f  1486/306/30 1487/307/30 1488/308/30
f  1489/307/30 1490/306/30 1491/309/30
f  1492/310/30 1493/307/30 1494/309/30
f  1495/307/30 1496/310/30 1497/311/30
f  1498/310/30 1499/312/30 1500/311/30
f  1501/5/400 1502/4/400 1503/6/400
f  1504/4/400 1505/5/400 1506/7/400
f  1507/169/401 1508/168/401 1509/170/401
f  1510/168/401 1511/169/401 1512/171/401
f  1513/282/402 1514/281/403 1515/283/404
f  1516/281/403 1517/282/402 1518/284/405
f  1519/281/403 1520/284/405 1521/285/406
f  1522/286/407 1523/281/403 1524/285/406
f  1525/287/408 1526/286/407 1527/285/406
f  1528/286/407 1529/287/408 1530/288/409
f  1531/289/14 1532/288/409 1533/287/408
f  1534/288/409 1535/289/14 1536/290/410
f  1537/290/410 1538/289/14 1539/291/411
f  1540/290/410 1541/291/411 1542/292/412
f  1543/290/410 1544/292/412 1545/293/412
f  1546/16/413 1547/17/414 1548/18/415
f  1549/17/414 1550/16/413 1551/194/416
f  1552/195/1 1553/194/416 1554/16/413
f  1555/195/1 1556/16/413 1557/14/1
f  1558/271/1 1559/195/1 1560/14/1
f  1561/271/1 1562/274/1 1563/195/1
f  1564/274/1 1565/271/1 1566/275/1
f  1567/275/1 1568/276/1 1569/274/1
f  1570/14/1 1571/272/1 1572/271/1
f  1573/272/1 1574/273/1 1575/271/1
f  1576/278/417 1577/277/417 1578/279/417
f  1579/277/417 1580/278/417 1581/280/417
f  1582/17/418 1583/16/419 1584/194/419
f  1585/195/30 1586/194/419 1587/16/419
f  1588/14/30 1589/195/30 1590/16/30
f  1591/271/30 1592/195/30 1593/14/30
f  1594/271/30 1595/274/30 1596/195/30
f  1597/274/30 1598/271/30 1599/275/30
f  1600/275/30 1601/276/30 1602/274/30
f  1603/14/30 1604/272/30 1605/271/30
f  1606/272/30 1607/273/30 1608/271/30
f  1609/313/420 1610/314/421 1611/315/422
f  1612/315/422 1613/316/423 1614/313/420
f  1615/313/420 1616/316/423 1617/317/424
f  1618/316/423 1619/315/422 1620/318/422
f  1621/315/422 1622/319/422 1623/318/422
f  1624/268/425 1625/267/425 1626/269/426
f  1627/267/425 1628/268/425 1629/270/427
f  1630/320/428 1631/321/429 1632/322/430
f  1633/323/431 1634/320/428 1635/322/430
f  1636/323/431 1637/324/432 1638/320/428
f  1639/325/433 1640/324/432 1641/323/431
f  1642/324/432 1643/325/433 1644/326/434
f  1645/325/433 1646/327/435 1647/326/434
f  1648/327/435 1649/325/433 1650/328/436
f  1651/329/437 1652/327/435 1653/328/436
f  1654/323/431 1655/322/430 1656/325/433
f  1657/322/430 1658/330/438 1659/325/433
f  1660/330/438 1661/328/436 1662/325/433
f  1663/329/437 1664/328/436 1665/330/438
f  1666/331/439 1667/329/437 1668/330/438
f  1669/273/30 1670/272/30 1671/271/30
f  1672/272/30 1673/14/30 1674/271/30
f  1675/195/30 1676/271/30 1677/14/30
f  1678/274/30 1679/271/30 1680/195/30
f  1681/271/30 1682/274/30 1683/275/30
f  1684/276/30 1685/275/30 1686/274/30
f  1687/332/440 1688/333/440 1689/334/441
f  1690/332/440 1691/335/442 1692/333/440
f  1693/333/443 1694/332/443 1695/334/444
f  1696/335/445 1697/332/443 1698/333/443
f  1699/336/446 1700/337/447 1701/338/446
f  1702/339/446 1703/336/446 1704/338/446
f  1705/339/446 1706/340/446 1707/336/446
f  1708/339/446 1709/341/446 1710/340/446
f  1711/342/448 1712/343/448 1713/344/448
f  1714/342/448 1715/344/448 1716/345/448
f  1717/345/448 1718/346/448 1719/342/448
f  1720/316/449 1721/313/450 1722/317/451
f  1723/314/452 1724/313/450 1725/316/449
f  1726/316/449 1727/315/453 1728/314/452
f  1729/315/453 1730/316/449 1731/318/453
f  1732/319/453 1733/315/453 1734/318/453
f  1735/347/454 1736/348/454 1737/349/454
f  1738/348/454 1739/350/454 1740/349/454
f  1741/350/454 1742/348/454 1743/351/454
f  1744/352/12 1745/353/12 1746/354/12
f  1747/354/12 1748/355/12 1749/352/12
f  1750/355/12 1751/354/12 1752/356/12
f  1753/356/12 1754/357/12 1755/355/12
f  1756/357/12 1757/356/12 1758/358/12
f  1759/359/12 1760/357/12 1761/358/12
f  1762/357/12 1763/359/12 1764/360/12
f  1765/361/12 1766/360/12 1767/359/12
f  1768/360/12 1769/361/12 1770/362/12
f  1771/362/12 1772/361/12 1773/363/12
f  1774/337/455 1775/336/456 1776/338/456
f  1777/336/456 1778/339/456 1779/338/456
f  1780/340/456 1781/339/456 1782/336/456
f  1783/341/456 1784/339/456 1785/340/456
f  1786/343/457 1787/342/457 1788/344/457
f  1789/344/457 1790/342/457 1791/345/457
f  1792/346/457 1793/345/457 1794/342/457
f  1795/348/458 1796/347/458 1797/349/458
f  1798/350/458 1799/348/458 1800/349/458
f  1801/348/458 1802/350/458 1803/351/458
f  1804/364/459 1805/365/460 1806/366/461
f  1807/365/460 1808/364/459 1809/367/462
f  1810/368/463 1811/365/460 1812/367/462
f  1813/365/460 1814/368/463 1815/369/464
f  1816/365/460 1817/369/464 1818/370/465
f  1819/371/466 1820/365/460 1821/370/465
f  1822/371/466 1823/366/461 1824/365/460
f  1825/367/462 1826/364/459 1827/372/467
f  1828/372/467 1829/373/468 1830/367/462
f  1831/374/469 1832/367/462 1833/373/468
f  1834/367/462 1835/374/469 1836/368/463
f  1837/374/469 1838/375/470 1839/368/463
f  1840/375/470 1841/369/464 1842/368/463
f  1843/369/464 1844/375/470 1845/376/471
f  1846/369/464 1847/376/471 1848/377/472
f  1849/369/464 1850/377/472 1851/370/465
f  1852/373/468 1853/372/467 1854/378/473
f  1855/378/473 1856/379/474 1857/373/468
f  1858/379/474 1859/374/469 1860/373/468
f  1861/374/469 1862/379/474 1863/380/475
f  1864/381/476 1865/374/469 1866/380/475
f  1867/374/469 1868/381/476 1869/382/477
f  1870/375/470 1871/374/469 1872/382/477
f  1873/379/474 1874/378/473 1875/383/478
f  1876/384/479 1877/379/474 1878/383/478
f  1879/384/479 1880/380/475 1881/379/474
f  1882/380/475 1883/384/479 1884/385/480
f  1885/381/476 1886/380/475 1887/385/480
f  1888/386/481 1889/381/476 1890/385/480
f  1891/387/482 1892/381/476 1893/386/481
f  1894/381/476 1895/387/482 1896/382/477
f  1897/387/482 1898/375/470 1899/382/477
f  1900/384/479 1901/383/478 1902/388/483
f  1903/389/484 1904/384/479 1905/388/483
f  1906/384/479 1907/389/484 1908/385/480
f  1909/389/484 1910/390/485 1911/385/480
f  1912/390/485 1913/391/486 1914/385/480
f  1915/391/486 1916/392/487 1917/385/480
f  1918/392/487 1919/386/481 1920/385/480
f  1921/386/481 1922/392/487 1923/393/488
f  1924/393/488 1925/387/482 1926/386/481
f  1927/394/489 1928/389/484 1929/388/483
f  1930/394/489 1931/390/485 1932/389/484
f  1933/390/485 1934/394/489 1935/395/490
f  1936/396/491 1937/390/485 1938/395/490
f  1939/390/485 1940/396/491 1941/391/486
f  1942/391/486 1943/396/491 1944/397/492
f  1945/392/487 1946/391/486 1947/397/492
f  1948/398/493 1949/392/487 1950/397/492
f  1951/398/493 1952/393/488 1953/392/487
f  1954/399/494 1955/393/488 1956/398/493
f  1957/393/488 1958/399/494 1959/400/495
f  1960/387/482 1961/393/488 1962/400/495
f  1963/401/496 1964/387/482 1965/400/495
f  1966/387/482 1967/401/496 1968/402/497
f  1969/375/470 1970/387/482 1971/402/497
f  1972/403/498 1973/375/470 1974/402/497
f  1975/375/470 1976/403/498 1977/376/471
f  1978/404/499 1979/400/495 1980/399/494
f  1981/400/495 1982/404/499 1983/401/496
f  1984/405/500 1985/401/496 1986/404/499
f  1987/405/500 1988/406/501 1989/401/496
f  1990/406/501 1991/402/497 1992/401/496
f  1993/402/497 1994/406/501 1995/403/498
f  1996/403/498 1997/406/501 1998/407/502
f  1999/377/472 2000/403/498 2001/407/502
f  2002/377/472 2003/376/471 2004/403/498
f  2005/406/501 2006/405/500 2007/408/503
f  2008/406/501 2009/408/503 2010/409/504
f  2011/407/502 2012/406/501 2013/409/504

