# File produced by Open Asset Import Library (http://www.assimp.sf.net)
# (assimp v6.0.0)

mtllib ship11f.mtl

# 2115 vertex positions
v 96.1100006 131.850006 -8.83000565
v 109.970001 116.159996 9.35999489
v 96.1100006 131.850006 1.3299942
v 109.970001 116.159996 9.35999489
v 96.1100006 131.850006 -8.83000565
v 109.970001 116.159996 -16.8600044
v -109.970001 116.159996 -16.8600044
v -133.360001 71.4700012 9.3599968
v -133.360001 71.4700012 -16.8600025
v -133.360001 71.4700012 9.3599968
v -109.970001 116.159996 -16.8600044
v -109.970001 116.159996 9.35999489
v -133.360001 71.4700012 9.3599968
v -121.659996 93.8099976 9.35999489
v -109.970001 116.159996 9.35999489
v 109.970001 116.159996 9.35999489
v 66.6100006 115.339996 1.32999492
v 96.1100006 131.850006 1.3299942
v 109.970001 116.159996 9.35999489
v 133.360001 71.4700012 -16.8600025
v 133.360001 71.4700012 9.3599968
v 133.360001 71.4700012 -16.8600025
v 109.970001 116.159996 9.35999489
v 109.970001 116.159996 -16.8600044
v 109.970001 116.159996 9.35999489
v 121.659996 93.8099976 9.35999489
v 133.360001 71.4700012 9.3599968
v -41.8500023 -51.5999985 -8.00999737
v -22.8299999 -53.1799965 -3.75999761
v -18.6900005 -51.5999985 -8.00999737
v 22.8299999 -53.1799965 -3.75999761
v 41.8500023 -51.5999985 -8.00999737
v 18.6900005 -51.5999985 -8.00999737
v -57.9300003 -29.2299957 38
v -88.4199982 -10.8499994 -0.479999542
v -88.4199982 -10.8499985 24.4799995
v -88.4199982 -10.8499994 -0.479999542
v -57.9300003 -29.2299957 38
v -57.9300003 -29.2299995 -13.9999981
v -27.0100002 -47.8699989 38.0000038
v -57.9300003 -29.2299995 -13.9999981
v -57.9300003 -29.2299957 38
v -57.9300003 -29.2299995 -13.9999981
v -27.0100002 -47.8699989 38.0000038
v -27.0100002 -47.8700027 -13.9999981
v -11.2600002 -21.75 -13.9999981
v -57.9300003 -29.2299995 -13.9999981
v -27.0100002 -47.8700027 -13.9999981
v -57.9300003 -29.2299995 -13.9999981
v -11.2600002 -21.75 -13.9999981
v -42.1800003 -3.11000061 -14
v -72.6699982 15.2700005 -0.480000675
v -57.9300003 -29.2299995 -13.9999981
v -42.1800003 -3.11000061 -14
v -57.9300003 -29.2299995 -13.9999981
v -72.6699982 15.2700005 -0.480000675
v -88.4199982 -10.8499994 -0.479999542
v 42.1800003 -3.11000061 -14
v 11.2600002 -21.7499981 38
v 11.2600002 -21.75 -13.9999981
v 11.2600002 -21.7499981 38
v 42.1800003 -3.11000061 -14
v 42.1800003 -3.10999823 38
v 72.6699982 15.2700005 -0.480000675
v 42.1800003 -3.10999823 38
v 42.1800003 -3.11000061 -14
v 42.1800003 -3.10999823 38
v 72.6699982 15.2700005 -0.480000675
v 72.6699982 15.2700024 24.4799995
v 11.2600002 -21.7499981 38
v 27.0100002 -47.8700027 -13.9999981
v 11.2600002 -21.75 -13.9999981
v 27.0100002 -47.8700027 -13.9999981
v 11.2600002 -21.7499981 38
v 27.0100002 -47.8699989 38.0000038
v -57.9300003 -29.2299957 38
v -11.2600002 -21.7499981 38
v -27.0100002 -47.8699989 38.0000038
v -11.2600002 -21.7499981 38
v -57.9300003 -29.2299957 38
v -42.1800003 -3.10999823 38
v -57.9300003 -29.2299957 38
v -72.6699982 15.2700024 24.4799995
v -42.1800003 -3.10999823 38
v -72.6699982 15.2700024 24.4799995
v -57.9300003 -29.2299957 38
v -88.4199982 -10.8499985 24.4799995
v 3.72000003 -114.870003 -12.4999952
v 15.5 -114.870003 5.00000477
v 15.5 -114.870003 -12.4999952
v 15.5 -114.870003 5.00000477
v 3.72000003 -114.870003 -12.4999952
v 3.55999994 -114.870003 5.00000477
v 3.88000011 -101.470009 25.5000019
v 15.5 -114.870003 5.00000477
v 3.55999994 -114.870003 5.00000477
v 15.5 -114.870003 5.00000477
v 3.88000011 -101.470009 25.5000019
v 15.5 -101.470009 25.5000019
v 11 -54.8699989 -22.3999977
v -5 -83.2700043 -20.5999966
v 5 -83.2700043 -20.5999966
v -5 -83.2700043 -20.5999966
v 11 -54.8699989 -22.3999977
v -11 -54.8699989 -22.3999977
v 11 -6.87000084 -22.4000015
v -11 -54.8699989 -22.3999977
v 11 -54.8699989 -22.3999977
v -11 -54.8699989 -22.3999977
v 11 -6.87000084 -22.4000015
v -11 -6.87000084 -22.4000015
v 11 -54.8699989 -19.0999966
v 5 -83.2700043 -20.5999966
v 5 -83.2700043 -16.3199978
v 5 -83.2700043 -20.5999966
v 11 -54.8699989 -19.0999966
v 11 -54.8699989 -22.3999977
v 11 -54.8699989 -19.0999966
v 11 -6.87000084 -22.4000015
v 11 -54.8699989 -22.3999977
v 11 -6.87000084 -22.4000015
v 11 -54.8699989 -19.0999966
v 11 -6.87000084 -19.1000004
v -28 82.1300049 11.9999962
v 28 82.1300049 -24.0000019
v 28 82.1300049 11.9999962
v 28 82.1300049 -24.0000019
v -28 82.1300049 11.9999962
v -28 82.1300049 -24.0000019
v -28 82.1300049 -24.0000019
v 14 82.1300049 -32.0000038
v 28 82.1300049 -24.0000019
v 14 82.1300049 -32.0000038
v -28 82.1300049 -24.0000019
v -14 82.1300049 -32.0000038
v -73.6199951 94.4599991 -16.8600044
v -66.6100006 115.339996 1.32999492
v -66.6100006 115.339996 -8.83000469
v -66.6100006 115.339996 1.32999492
v -73.6199951 94.4599991 -16.8600044
v -73.6199951 94.4599991 9.35999489
v -73.6199951 94.4599991 -16.8600044
v -74.9899979 76.8000031 9.35999584
v -73.6199951 94.4599991 9.35999489
v -74.9899979 76.8000031 9.35999584
v -73.6199951 94.4599991 -16.8600044
v -74.9899979 76.8000031 -16.8600025
v -69.1900024 72.6999969 -16.8600025
v -74.9899979 76.8000031 9.35999584
v -74.9899979 76.8000031 -16.8600025
v -74.9899979 76.8000031 9.35999584
v -69.1900024 72.6999969 -16.8600025
v -69.1900024 72.6999969 9.3599968
v -66.7900009 65.6999969 -16.8600025
v -69.1900024 72.6999969 9.3599968
v -69.1900024 72.6999969 -16.8600025
v -69.1900024 72.6999969 9.3599968
v -66.7900009 65.6999969 -16.8600025
v -66.7900009 65.6999969 9.3599968
v -70.1200027 57.9799995 -16.8600025
v -66.7900009 65.6999969 9.3599968
v -66.7900009 65.6999969 -16.8600025
v -66.7900009 65.6999969 9.3599968
v -70.1200027 57.9799995 -16.8600025
v -70.1200027 57.9799995 9.35999775
v -76.1200027 54.079998 -16.8600025
v -70.1200027 57.9799995 9.35999775
v -70.1200027 57.9799995 -16.8600025
v -70.1200027 57.9799995 9.35999775
v -76.1200027 54.079998 -16.8600025
v -76.1200027 54.079998 9.35999775
v -145.720001 86.1399994 -11.7400036
v -125.670006 123.989998 4.10999441
v -145.720001 86.1399994 4.2299962
v -125.670006 123.989998 4.10999441
v -145.720001 86.1399994 -11.7400036
v -125.670006 123.989998 -11.6200056
v -112.349998 134.87001 -5.33000612
v -125.670006 123.989998 4.10999441
v -125.670006 123.989998 -11.6200056
v -125.670006 123.989998 4.10999441
v -112.349998 134.87001 -5.33000612
v -112.349998 134.87001 -2.18000603
v -61.4300003 88.6399994 -10.4900036
v -58.7299995 95.840004 0.849995852
v -61.4300003 88.6399994 0.989996076
v -58.7299995 95.840004 0.849995852
v -61.4300003 88.6399994 -10.4900036
v -58.7299995 95.840004 -10.3500042
v -52.6499977 112.300003 -6.80000544
v -58.7299995 95.840004 0.849995852
v -58.7299995 95.840004 -10.3500042
v -58.7299995 95.840004 0.849995852
v -52.6499977 112.300003 -6.80000544
v -52.6499977 112.300003 -2.70000482
v -42.5099983 107.099998 -2.70000482
v -52.6499977 112.300003 -6.80000544
v -42.5099983 107.099998 -6.80000496
v -52.6499977 112.300003 -6.80000544
v -42.5099983 107.099998 -2.70000482
v -52.6499977 112.300003 -2.70000482
v -83.6800003 43.8400002 4.32999802
v -78.1800003 100.460007 4.32999563
v -52.9999962 82.6800003 4.32999611
v -83.6800003 43.8400002 4.32999802
v -52.9999962 82.6800003 4.32999611
v -27.8199997 64.9100037 4.32999706
v -27.8199997 64.9100037 4.32999706
v -45.3199997 11.79 4.32999945
v -83.6800003 43.8400002 4.32999802
v -145.720001 86.1399994 4.2299962
v -110.160004 115.830002 7.34999466
v -132.190002 73.0999985 7.34999704
v -110.160004 115.830002 7.34999466
v -145.720001 86.1399994 4.2299962
v -125.670006 123.989998 4.10999441
v -112.349998 134.87001 -2.18000603
v -110.160004 115.830002 7.34999466
v -125.670006 123.989998 4.10999441
v -110.160004 115.830002 7.34999466
v -112.349998 134.87001 -2.18000603
v -97.0899963 130.110001 -0.0500056893
v -18.6900005 -51.5999985 13.2000027
v -22.3199997 -99.0999985 32.5
v -17.5 -29.3700008 32.5
v -22.3199997 -99.0999985 32.5
v -18.6900005 -51.5999985 13.2000027
v -22.0100002 -95.7799988 15.8100042
v -25.170002 -140.369995 20.8300056
v -22.3199997 -99.0999985 32.5
v -22.0100002 -95.7799988 15.8100042
v -22.3199997 -99.0999985 32.5
v -25.170002 -140.369995 20.8300056
v -25.170002 -140.369995 32.5000038
v -26.3200016 -157.070007 23.7500076
v -25.170002 -140.369995 32.5000038
v -25.170002 -140.369995 20.8300056
v -25.170002 -140.369995 32.5000038
v -26.3200016 -157.070007 23.7500076
v -26.3200016 -157.070007 32.5000038
v -27.0000019 -166.869995 32.5000038
v -26.3200016 -157.070007 32.5000038
v -26.3200016 -157.070007 23.7500076
v -27.0000019 -166.869995 18.0000076
v -27.0000019 -166.869995 32.5000038
v -26.3200016 -157.070007 23.7500076
v -27.0000019 -166.869995 18.0000076
v -26.3200016 -157.070007 23.7500076
v -26.3200016 -157.070007 14.4600077
v -52.9999962 -29.3700008 32.5
v -52.6000023 -107.869995 -0.4599953
v -52.9999962 -29.3700008 -8.99999905
v -52.6000023 -107.869995 -0.4599953
v -52.9999962 -29.3700008 32.5
v -52.6000023 -107.869995 32.5000038
v -52.6000023 -107.869995 32.5000038
v -47 -139.419998 8.1000061
v -52.6000023 -107.869995 -0.4599953
v -47 -139.419998 8.1000061
v -52.6000023 -107.869995 32.5000038
v -47 -139.419998 32.5000038
v -47 -139.419998 32.5000038
v -38 -163.869995 16.8000069
v -47 -139.419998 8.1000061
v -38 -163.869995 16.8000069
v -47 -139.419998 32.5000038
v -38 -163.869995 32.5000038
v -38 -163.869995 32.5000038
v -27.0000019 -166.869995 18.0000076
v -38 -163.869995 16.8000069
v -27.0000019 -166.869995 18.0000076
v -38 -163.869995 32.5000038
v -27.0000019 -166.869995 32.5000038
v 52.9999962 -29.3700008 32.5
v 22.3199997 -99.0999985 32.5
v 17.5 -29.3700008 32.5
v 22.3199997 -99.0999985 32.5
v 52.9999962 -29.3700008 32.5
v 52.6000023 -107.869995 32.5000038
v 52.6000023 -107.869995 32.5000038
v 25.170002 -140.369995 32.5000038
v 22.3199997 -99.0999985 32.5
v 25.170002 -140.369995 32.5000038
v 52.6000023 -107.869995 32.5000038
v 47 -139.419998 32.5000038
v 38 -163.869995 32.5000038
v 25.170002 -140.369995 32.5000038
v 47 -139.419998 32.5000038
v 25.170002 -140.369995 32.5000038
v 38 -163.869995 32.5000038
v 26.3200016 -157.070007 32.5000038
v 27.0000019 -166.869995 32.5000038
v 26.3200016 -157.070007 32.5000038
v 38 -163.869995 32.5000038
v -15.5 -101.470009 25.5000019
v -4.5 -85.9700012 25.5000019
v -3.88000011 -101.470009 25.5000019
v -4.5 -85.9700012 25.5000019
v -15.5 -101.470009 25.5000019
v -25 -85.9700012 25.5000019
v -4.5 -85.9700012 25.5000019
v -25 -85.9700012 25.5000019
v -25 -34.3699989 25.5000019
v 25 -34.3699989 25.5000019
v -4.5 -85.9700012 25.5000019
v -25 -34.3699989 25.5000019
v -4.5 -85.9700012 25.5000019
v 25 -34.3699989 25.5000019
v 4.5 -85.9700012 25.5000019
v 25 -34.3699989 25.5000019
v 25 -85.9700012 25.5000019
v 4.5 -85.9700012 25.5000019
v 15.5 -101.470009 25.5000019
v 4.5 -85.9700012 25.5000019
v 25 -85.9700012 25.5000019
v 4.5 -85.9700012 25.5000019
v 15.5 -101.470009 25.5000019
v 3.88000011 -101.470009 25.5000019
v -25 11.6300011 15.5
v 25 -34.3699989 25.5000019
v -25 -34.3699989 25.5000019
v 25 -34.3699989 25.5000019
v -25 11.6300011 15.5
v 25 11.6300011 15.5
v -19.8099995 78.8099976 -37.970005
v -19.7399998 64.2799988 -30.7600021
v -18.3199997 74.0999985 -30.7800026
v -19.7399998 64.2799988 -30.7600021
v -19.8099995 78.8099976 -37.970005
v -24.0400009 66.8399963 -45.5700035
v -24.1000004 48.9899979 -37.7700043
v -19.7399998 64.2799988 -30.7600021
v -24.0400009 66.8399963 -45.5700035
v -19.7399998 64.2799988 -30.7600021
v -24.1000004 48.9899979 -37.7700043
v -21.8799992 49.0200005 -30.7400017
v -24.6599998 34.1899986 -32.9300003
v -21.8799992 49.0200005 -30.7400017
v -24.1000004 48.9899979 -37.7700043
v -21.8799992 49.0200005 -30.7400017
v -24.6599998 34.1899986 -32.9300003
v -23.960001 34.2000008 -30.7300034
v -26.2600002 19.3799992 -31.3899994
v -23.960001 34.2000008 -30.7300034
v -24.6599998 34.1899986 -32.9300003
v -23.960001 34.2000008 -30.7300034
v -26.2600002 19.3799992 -31.3899994
v -26.039999 19.3899994 -30.7099991
v -24.0400009 66.8399963 -45.5700035
v -19.8099995 78.8099976 -37.970005
v -24.3499985 84.2399979 -54.340004
v -27.3899994 21.289999 -31.1599998
v -27.6499977 34.7299995 -29.300005
v -27.0900002 21.25 -30.2199993
v -27.6499977 34.7299995 -29.300005
v -27.3899994 21.289999 -31.1599998
v -28.420002 34.7200012 -31.7400036
v -28.420002 34.7200012 -31.7400036
v -26.960001 49.75 -28.7800045
v -27.6499977 34.7299995 -29.300005
v -26.960001 49.75 -28.7800045
v -28.420002 34.7200012 -31.7400036
v -29.2800007 49.7199974 -36.1400032
v -29.2800007 49.7199974 -36.1400032
v -24.8199997 64.9500046 -28.8000011
v -26.960001 49.75 -28.7800045
v -24.8199997 64.9500046 -28.8000011
v -29.2800007 49.7199974 -36.1400032
v -29.2199993 67.5699997 -43.9400024
v -24.9899998 79.5400009 -36.3300018
v -24.8199997 64.9500046 -28.8000011
v -29.2199993 67.5699997 -43.9400024
v -24.8199997 64.9500046 -28.8000011
v -24.9899998 79.5400009 -36.3300018
v -23.3500004 74.3700027 -28.4400024
v -24.9899998 79.5400009 -36.3300018
v -29.2199993 67.5699997 -43.9400024
v -29.5300007 84.9700012 -52.7000084
v -24.3499985 84.2399979 -54.340004
v -24.9899998 79.5400009 -36.3300018
v -29.5300007 84.9700012 -52.7000084
v -24.9899998 79.5400009 -36.3300018
v -24.3499985 84.2399979 -54.340004
v -19.8099995 78.8099976 -37.970005
v -18.3199997 74.0999985 -30.7800026
v -24.9899998 79.5400009 -36.3300018
v -19.8099995 78.8099976 -37.970005
v -24.9899998 79.5400009 -36.3300018
v -18.3199997 74.0999985 -30.7800026
v -23.3700008 74.4300003 -28.5300026
v 18.3199997 74.0999985 -30.7800026
v 24.9899998 79.5400009 -36.3300018
v 23.3700008 74.4300003 -28.5300026
v 24.9899998 79.5400009 -36.3300018
v 18.3199997 74.0999985 -30.7800026
v 19.8099995 78.8099976 -37.970005
v 24.3499985 84.2399979 -54.340004
v 24.9899998 79.5400009 -36.3300018
v 19.8099995 78.8099976 -37.970005
v 24.9899998 79.5400009 -36.3300018
v 24.3499985 84.2399979 -54.340004
v 29.5300007 84.9700012 -52.7000084
v -27.5 -15.8700008 12
v 0 -21.3700008 -23.1999969
v -27.5 -15.8700018 -23.1999989
v 0 -21.3700008 -23.1999969
v -27.5 -15.8700008 12
v 0 -21.3699989 12
v 0 -21.3699989 12
v 27.5 -15.8700018 -23.1999989
v 0 -21.3700008 -23.1999969
v 27.5 -15.8700018 -23.1999989
v 0 -21.3699989 12
v 27.5 -15.8700008 12
v -27.8199997 64.9100037 -13.2100029
v -83.6800003 43.8400002 -13.2100019
v -45.3199997 11.789999 -13.21
v -83.6800003 43.8400002 -13.2100019
v -27.8199997 64.9100037 -13.2100029
v -78.1800003 100.460007 -13.2100048
v -56 4.62999916 -22.25
v -31.0400009 74.2900009 -22.2500019
v -45 67.6299973 -22.2500019
v -31.0400009 74.2900009 -22.2500019
v -56 4.62999916 -22.25
v -27.9199982 -10.4300003 -22.25
v -34 72.8799973 22.2499962
v -51.7900009 28.7400017 21.6499977
v -45 67.6299973 17.0499973
v -51.7900009 28.7400017 21.6499977
v -34 72.8799973 22.2499962
v -36.8899994 22.2000027 31.25
v -36.8899994 22.2000027 31.25
v -56 4.63000107 21.6499996
v -51.7900009 28.7400017 21.6499977
v -56 4.63000107 21.6499996
v -36.8899994 22.2000027 31.25
v -38.75 -4.61999846 31.25
v -21.9799995 15.6600018 31.25
v -38.75 -4.61999846 31.25
v -36.8899994 22.2000027 31.25
v -38.75 -4.61999846 31.25
v -21.9799995 15.6600018 31.25
v -21.5 -13.869998 31.25
v -23 78.1299973 22.2499962
v -36.8899994 22.2000027 31.25
v -34 72.8799973 22.2499962
v -36.8899994 22.2000027 31.25
v -23 78.1299973 22.2499962
v -21.9799995 15.6600018 31.25
v 0 82.1300049 8.98999691
v -8.18000031 98.8300018 3.0099957
v 0 98.8300018 5.0499959
v -8.18000031 98.8300018 3.0099957
v 0 82.1300049 8.98999691
v -11.75 82.1300049 6.41999626
v -11.75 82.1300049 6.41999626
v -14.1700001 98.8300018 -2.58000445
v -8.18000031 98.8300018 3.0099957
v -14.1700001 98.8300018 -2.58000445
v -11.75 82.1300049 6.41999626
v -20.3500004 82.1300049 -0.6000036
v -20.3500004 82.1300049 -0.6000036
v -16.3600006 98.8300018 -10.2000046
v -14.1700001 98.8300018 -2.58000445
v -16.3600006 98.8300018 -10.2000046
v -20.3500004 82.1300049 -0.6000036
v -23.5 82.1300049 -10.2000036
v -20.3500004 82.1300049 -19.8000031
v -16.3600006 98.8300018 -10.2000046
v -23.5 82.1300049 -10.2000036
v -16.3600006 98.8300018 -10.2000046
v -20.3500004 82.1300049 -19.8000031
v -14.1700001 98.8300018 -17.8200054
v -11.75 82.1300049 -26.8200035
v -14.1700001 98.8300018 -17.8200054
v -20.3500004 82.1300049 -19.8000031
v -14.1700001 98.8300018 -17.8200054
v -11.75 82.1300049 -26.8200035
v -8.18000031 98.8300018 -23.4100037
v 0 82.1300049 -29.3900051
v -8.18000031 98.8300018 -23.4100037
v -11.75 82.1300049 -26.8200035
v -8.18000031 98.8300018 -23.4100037
v 0 82.1300049 -29.3900051
v 0 98.8300018 -25.4500027
v 0 82.1300049 -29.3900051
v 8.18000031 98.8300018 -23.4100037
v 0 98.8300018 -25.4500027
v 8.18000031 98.8300018 -23.4100037
v 0 82.1300049 -29.3900051
v 11.75 82.1300049 -26.8200035
v 11.75 82.1300049 -26.8200035
v 14.1700001 98.8300018 -17.8200054
v 8.18000031 98.8300018 -23.4100037
v 14.1700001 98.8300018 -17.8200054
v 11.75 82.1300049 -26.8200035
v 20.3500004 82.1300049 -19.8000031
v 20.3500004 82.1300049 -19.8000031
v 16.3600006 98.8300018 -10.2000046
v 14.1700001 98.8300018 -17.8200054
v 16.3600006 98.8300018 -10.2000046
v 20.3500004 82.1300049 -19.8000031
v 23.5 82.1300049 -10.2000036
v 20.3500004 82.1300049 -0.6000036
v 16.3600006 98.8300018 -10.2000046
v 23.5 82.1300049 -10.2000036
v 16.3600006 98.8300018 -10.2000046
v 20.3500004 82.1300049 -0.6000036
v 14.1700001 98.8300018 -2.58000445
v 11.75 82.1300049 6.41999626
v 14.1700001 98.8300018 -2.58000445
v 20.3500004 82.1300049 -0.6000036
v 14.1700001 98.8300018 -2.58000445
v 11.75 82.1300049 6.41999626
v 8.18000031 98.8300018 3.0099957
v 0 82.1300049 8.98999691
v 8.18000031 98.8300018 3.0099957
v 11.75 82.1300049 6.41999626
v 8.18000031 98.8300018 3.0099957
v 0 82.1300049 8.98999691
v 0 98.8300018 5.0499959
v -53.8500023 16.9499989 -12.4500008
v -92.4399948 31.9899998 -8.83000088
v -55.4899979 7.56999922 -8.82999992
v -92.4399948 31.9899998 -8.83000088
v -53.8500023 16.9499989 -12.4500008
v -90.1200027 41.8300018 -12.7200022
v 58.7299995 95.840004 0.849995852
v 42.5099983 107.099998 -2.70000482
v 52.6499977 112.300003 -2.70000482
v 42.5099983 107.099998 -2.70000482
v 58.7299995 95.840004 0.849995852
v 38.7200012 84.7799988 0.849996328
v 61.4300003 88.6399994 0.989996076
v 38.7200012 84.7799988 0.849996328
v 58.7299995 95.840004 0.849995852
v 38.7200012 84.7799988 0.849996328
v 61.4300003 88.6399994 0.989996076
v 35.25 70.1600037 0.999996901
v 52.6300011 22.7000008 9.3599987
v 76.1200027 54.079998 -16.8600025
v 76.1200027 54.079998 9.35999775
v 76.1200027 54.079998 -16.8600025
v 52.6300011 22.7000008 9.3599987
v 52.6300011 22.7000008 -16.8600006
v 53.6400032 16.8199997 9.3599987
v 52.6300011 22.7000008 -16.8600006
v 52.6300011 22.7000008 9.3599987
v 52.6300011 22.7000008 -16.8600006
v 53.6400032 16.8199997 9.3599987
v 53.6400032 16.8199997 -16.8599987
v 112.349998 134.87001 -2.18000603
v 97.0899963 130.110001 -7.47000599
v 112.349998 134.87001 -5.33000612
v 97.0899963 130.110001 -7.47000599
v 112.349998 134.87001 -2.18000603
v 97.0899963 130.110001 -0.0500056893
v 35.25 70.1600037 -10.5000029
v 38.7200012 84.7799988 0.849996328
v 35.25 70.1600037 0.999996901
v 38.7200012 84.7799988 0.849996328
v 35.25 70.1600037 -10.5000029
v 38.7200012 84.7799988 -10.3500042
v 42.5099983 107.099998 -6.80000496
v 38.7200012 84.7799988 0.849996328
v 38.7200012 84.7799988 -10.3500042
v 38.7200012 84.7799988 0.849996328
v 42.5099983 107.099998 -6.80000496
v 42.5099983 107.099998 -2.70000482
v 52.9999962 82.6800003 4.32999611
v 78.1800003 100.460007 4.32999563
v 83.6800003 43.8400002 4.32999802
v 27.8199997 64.9100037 4.32999706
v 52.9999962 82.6800003 4.32999611
v 83.6800003 43.8400002 4.32999802
v 83.6800003 43.8400002 4.32999802
v 45.3199997 11.79 4.32999945
v 27.8199997 64.9100037 4.32999706
v 110.160004 115.830002 7.34999466
v 145.720001 86.1399994 4.2299962
v 132.190002 73.0999985 7.34999704
v 145.720001 86.1399994 4.2299962
v 110.160004 115.830002 7.34999466
v 125.670006 123.989998 4.10999441
v 110.160004 115.830002 7.34999466
v 112.349998 134.87001 -2.18000603
v 125.670006 123.989998 4.10999441
v 112.349998 134.87001 -2.18000603
v 110.160004 115.830002 7.34999466
v 97.0899963 130.110001 -0.0500056893
v 145.720001 86.1399994 -11.7400036
v 110.160004 115.830002 -14.8600044
v 132.190002 73.0999985 -14.8600025
v 110.160004 115.830002 -14.8600044
v 145.720001 86.1399994 -11.7400036
v 125.670006 123.989998 -11.6200056
v 112.349998 134.87001 -5.33000612
v 110.160004 115.830002 -14.8600044
v 125.670006 123.989998 -11.6200056
v 110.160004 115.830002 -14.8600044
v 112.349998 134.87001 -5.33000612
v 97.0899963 130.110001 -7.47000599
v 42.5099983 107.099998 -6.80000496
v 58.7299995 95.840004 -10.3500042
v 52.6499977 112.300003 -6.80000544
v 58.7299995 95.840004 -10.3500042
v 42.5099983 107.099998 -6.80000496
v 38.7200012 84.7799988 -10.3500042
v 38.7200012 84.7799988 -10.3500042
v 61.4300003 88.6399994 -10.4900036
v 58.7299995 95.840004 -10.3500042
v 61.4300003 88.6399994 -10.4900036
v 38.7200012 84.7799988 -10.3500042
v 35.25 70.1600037 -10.5000029
v 92.4399948 31.9899998 1.82999861
v 90.1200027 41.8300018 -12.7200022
v 92.4399948 31.9899998 -8.83000088
v 90.1200027 41.8300018 -12.7200022
v 92.4399948 31.9899998 1.82999861
v 90.1200027 41.8300018 5.71999788
v -72.6699982 15.2700005 -0.480000675
v -88.4199982 -10.8499985 24.4799995
v -88.4199982 -10.8499994 -0.479999542
v -88.4199982 -10.8499985 24.4799995
v -72.6699982 15.2700005 -0.480000675
v -72.6699982 15.2700024 24.4799995
v 27.0100002 -47.8699989 38.0000038
v 57.9300003 -29.2299995 -13.9999981
v 27.0100002 -47.8700027 -13.9999981
v 57.9300003 -29.2299995 -13.9999981
v 27.0100002 -47.8699989 38.0000038
v 57.9300003 -29.2299957 38
v 57.9300003 -29.2299957 38
v 88.4199982 -10.8499994 -0.479999542
v 57.9300003 -29.2299995 -13.9999981
v 88.4199982 -10.8499994 -0.479999542
v 57.9300003 -29.2299957 38
v 88.4199982 -10.8499985 24.4799995
v -11 -6.87000084 -19.1000004
v 11 -6.87000084 -22.4000015
v 11 -6.87000084 -19.1000004
v 11 -6.87000084 -22.4000015
v -11 -6.87000084 -19.1000004
v -11 -6.87000084 -22.4000015
v -66.6100006 115.339996 -8.83000469
v -96.1100006 131.850006 1.3299942
v -96.1100006 131.850006 -8.83000565
v -96.1100006 131.850006 1.3299942
v -66.6100006 115.339996 -8.83000469
v -66.6100006 115.339996 1.32999492
v -133.360001 71.4700012 -16.8600025
v -53.6400032 16.8199997 9.3599987
v -53.6400032 16.8199997 -16.8599987
v -53.6400032 16.8199997 9.3599987
v -133.360001 71.4700012 -16.8600025
v -133.360001 71.4700012 9.3599968
v -132.190002 73.0999985 7.34999704
v -145.720001 86.1399994 -11.7400036
v -145.720001 86.1399994 4.2299962
v -145.720001 86.1399994 -11.7400036
v -132.190002 73.0999985 7.34999704
v -132.190002 73.0999985 -14.8600025
v -78.1800003 100.460007 -13.2100048
v -27.8199997 64.9100037 4.32999706
v -78.1800003 100.460007 4.32999563
v -27.8199997 64.9100037 4.32999706
v -78.1800003 100.460007 -13.2100048
v -27.8199997 64.9100037 -13.2100029
v -66.6100006 115.339996 1.32999492
v -109.970001 116.159996 9.35999489
v -96.1100006 131.850006 1.3299942
v -109.970001 116.159996 9.35999489
v -66.6100006 115.339996 1.32999492
v -73.6199951 94.4599991 9.35999489
v -73.6199951 94.4599991 9.35999489
v -74.9899979 76.8000031 9.35999584
v -109.970001 116.159996 9.35999489
v -109.970001 116.159996 9.35999489
v -74.9899979 76.8000031 9.35999584
v -133.360001 71.4700012 9.3599968
v 38.5 57.6300011 -24.0000019
v 28 82.1300049 11.9999962
v 28 82.1300049 -24.0000019
v 28 82.1300049 11.9999962
v 38.5 57.6300011 -24.0000019
v 38.5 57.6300011 11.9999971
v 27.5 -15.8700018 -23.1999989
v 38.5 57.6300011 11.9999971
v 38.5 57.6300011 -24.0000019
v 38.5 57.6300011 11.9999971
v 27.5 -15.8700018 -23.1999989
v 27.5 -15.8700008 12
v -22.3199997 -99.0999985 32.5
v -52.9999962 -29.3700008 32.5
v -17.5 -29.3700008 32.5
v -52.9999962 -29.3700008 32.5
v -22.3199997 -99.0999985 32.5
v -52.6000023 -107.869995 32.5000038
v -25.170002 -140.369995 32.5000038
v -52.6000023 -107.869995 32.5000038
v -22.3199997 -99.0999985 32.5
v -52.6000023 -107.869995 32.5000038
v -25.170002 -140.369995 32.5000038
v -47 -139.419998 32.5000038
v -25.170002 -140.369995 32.5000038
v -38 -163.869995 32.5000038
v -47 -139.419998 32.5000038
v -38 -163.869995 32.5000038
v -25.170002 -140.369995 32.5000038
v -26.3200016 -157.070007 32.5000038
v -26.3200016 -157.070007 32.5000038
v -27.0000019 -166.869995 32.5000038
v -38 -163.869995 32.5000038
v 38 -163.869995 16.8000069
v 26.3200016 -157.070007 14.4600077
v 27.0000019 -166.869995 18.0000076
v 26.3200016 -157.070007 14.4600077
v 38 -163.869995 16.8000069
v 32.5500031 -154.550003 13.5200071
v 47 -139.419998 8.1000061
v 32.5500031 -154.550003 13.5200071
v 38 -163.869995 16.8000069
v 32.5500031 -154.550003 13.5200071
v 47 -139.419998 8.1000061
v 38.0699997 -139.809998 8.25000668
v 29.0799999 -138.919998 12.180006
v 32.5500031 -154.550003 13.5200071
v 38.0699997 -139.809998 8.25000668
v 32.5500031 -154.550003 13.5200071
v 29.0799999 -138.919998 12.180006
v 29.710001 -155.200012 17.6100082
v 25.170002 -140.369995 20.8300056
v 29.710001 -155.200012 17.6100082
v 29.0799999 -138.919998 12.180006
v 29.710001 -155.200012 17.6100082
v 25.170002 -140.369995 20.8300056
v 26.3200016 -157.070007 23.7500076
v 47 -139.419998 8.1000061
v 42.4699974 -107.869995 -0.449995279
v 38.0699997 -139.809998 8.25000668
v 26.8700008 -106.82 3.43000484
v 38.0699997 -139.809998 8.25000668
v 42.4699974 -107.869995 -0.449995279
v 38.0699997 -139.809998 8.25000668
v 26.8700008 -106.82 3.43000484
v 29.0799999 -138.919998 12.180006
v 26.8700008 -106.82 3.43000484
v 25.170002 -140.369995 20.8300056
v 29.0799999 -138.919998 12.180006
v 25.170002 -140.369995 20.8300056
v 26.8700008 -106.82 3.43000484
v 22.0100002 -95.7799988 15.8100042
v 22.0100002 -95.7799988 15.8100042
v 26.8700008 -106.82 3.43000484
v 24.3999996 -74.0999985 -0.95999676
v 42.4699974 -107.869995 -0.449995279
v 24.3999996 -74.0999985 -0.95999676
v 26.8700008 -106.82 3.43000484
v 24.3999996 -74.0999985 -0.95999676
v 42.4699974 -107.869995 -0.449995279
v 41.8500023 -51.5999985 -8.00999737
v 22.8299999 -53.1799965 -3.75999761
v 24.3999996 -74.0999985 -0.95999676
v 41.8500023 -51.5999985 -8.00999737
v 42.4699974 -107.869995 -0.449995279
v 47 -139.419998 8.1000061
v 52.6000023 -107.869995 -0.4599953
v 52.6000023 -107.869995 -0.4599953
v 41.8500023 -51.5999985 -8.00999737
v 42.4699974 -107.869995 -0.449995279
v 41.8500023 -51.5999985 -8.00999737
v 52.6000023 -107.869995 -0.4599953
v 52.9999962 -29.3700008 -8.99999905
v 17.5 -29.3700008 -8.99999905
v 41.8500023 -51.5999985 -8.00999737
v 52.9999962 -29.3700008 -8.99999905
v 41.8500023 -51.5999985 -8.00999737
v 17.5 -29.3700008 -8.99999905
v 18.6900005 -51.5999985 -8.00999737
v -3.75999999 -98.5899963 -15.7899961
v -15.5 -114.870003 -12.4999952
v -3.72000003 -114.870003 -12.4999952
v -15.5 -114.870003 -12.4999952
v -3.75999999 -98.5899963 -15.7899961
v -23.5 -98.5899963 -15.7899961
v -3.75000024 -72.7699966 -19.0999966
v -23.5 -98.5899963 -15.7899961
v -3.75999999 -98.5899963 -15.7899961
v -23.5 -98.5899963 -15.7899961
v -3.75000024 -72.7699966 -19.0999966
v -25 -72.7699966 -19.0999966
v -25 11.6299992 -19.5
v -25 -72.7699966 -19.0999966
v -3.75000024 -72.7699966 -19.0999966
v -3.75000024 -72.7699966 -19.0999966
v 25 11.6299992 -19.5
v -25 11.6299992 -19.5
v 25 11.6299992 -19.5
v -3.75000024 -72.7699966 -19.0999966
v 3.75000024 -72.7699966 -19.0999966
v 25 11.6299992 -19.5
v 3.75000024 -72.7699966 -19.0999966
v 25 -72.7699966 -19.0999966
v 3.75000024 -72.7699966 -19.0999966
v 23.5 -98.5899963 -15.7899961
v 25 -72.7699966 -19.0999966
v 23.5 -98.5899963 -15.7899961
v 3.75000024 -72.7699966 -19.0999966
v 3.75999999 -98.5899963 -15.7899961
v 3.75999999 -98.5899963 -15.7899961
v 15.5 -114.870003 -12.4999952
v 23.5 -98.5899963 -15.7899961
v 15.5 -114.870003 -12.4999952
v 3.75999999 -98.5899963 -15.7899961
v 3.72000003 -114.870003 -12.4999952
v -3.18000031 -98.1100006 -12.8899965
v 3.75000024 -72.7699966 -19.0999966
v -3.75000024 -72.7699966 -19.0999966
v 3.75000024 -72.7699966 -19.0999966
v -3.18000031 -98.1100006 -12.8899965
v 3.18000031 -98.1100006 -12.8899965
v -3.13999987 -111.93 -10.0999947
v 3.18000031 -98.1100006 -12.8899965
v -3.18000031 -98.1100006 -12.8899965
v 3.18000031 -98.1100006 -12.8899965
v -3.13999987 -111.93 -10.0999947
v 3.13999987 -111.93 -10.0999947
v -2.98000002 -111.93 4.13000488
v 3.13999987 -111.93 -10.0999947
v -3.13999987 -111.93 -10.0999947
v 3.13999987 -111.93 -10.0999947
v -2.98000002 -111.93 4.13000488
v 2.98000002 -111.93 4.13000488
v -3.29999995 -99.8700027 22.5700054
v 2.98000002 -111.93 4.13000488
v -2.98000002 -111.93 4.13000488
v 2.98000002 -111.93 4.13000488
v -3.29999995 -99.8700027 22.5700054
v 3.29999995 -99.8700027 22.5700054
v -4.5 -85.9700012 25.5000019
v 3.29999995 -99.8700027 22.5700054
v -3.29999995 -99.8700027 22.5700054
v 3.29999995 -99.8700027 22.5700054
v -4.5 -85.9700012 25.5000019
v 4.5 -85.9700012 25.5000019
v -5 -83.2700043 -20.5999966
v -11 -54.8699989 -19.0999966
v -5 -83.2700043 -16.3199978
v -11 -54.8699989 -19.0999966
v -5 -83.2700043 -20.5999966
v -11 -54.8699989 -22.3999977
v -11 -6.87000084 -22.4000015
v -11 -54.8699989 -19.0999966
v -11 -54.8699989 -22.3999977
v -11 -54.8699989 -19.0999966
v -11 -6.87000084 -22.4000015
v -11 -6.87000084 -19.1000004
v 24.9899998 79.5400009 -36.3300018
v 24.8199997 64.9500046 -28.8000011
v 23.3500004 74.3700027 -28.4400024
v 24.8199997 64.9500046 -28.8000011
v 24.9899998 79.5400009 -36.3300018
v 29.2199993 67.5699997 -43.9400024
v 29.2800007 49.7199974 -36.1400032
v 24.8199997 64.9500046 -28.8000011
v 29.2199993 67.5699997 -43.9400024
v 24.8199997 64.9500046 -28.8000011
v 29.2800007 49.7199974 -36.1400032
v 26.960001 49.75 -28.7800045
v 28.420002 34.7200012 -31.7400036
v 26.960001 49.75 -28.7800045
v 29.2800007 49.7199974 -36.1400032
v 26.960001 49.75 -28.7800045
v 28.420002 34.7200012 -31.7400036
v 27.6499977 34.7299995 -29.300005
v 27.3899994 21.289999 -31.1599998
v 27.6499977 34.7299995 -29.300005
v 28.420002 34.7200012 -31.7400036
v 27.6499977 34.7299995 -29.300005
v 27.3899994 21.289999 -31.1599998
v 27.0900002 21.25 -30.2199993
v 29.2199993 67.5699997 -43.9400024
v 24.9899998 79.5400009 -36.3300018
v 29.5300007 84.9700012 -52.7000084
v 24.3499985 84.2399979 -54.340004
v 29.2199993 67.5699997 -43.9400024
v 29.5300007 84.9700012 -52.7000084
v 29.2199993 67.5699997 -43.9400024
v 24.3499985 84.2399979 -54.340004
v 24.0400009 66.8399963 -45.5700035
v 24.0400009 66.8399963 -45.5700035
v 29.2800007 49.7199974 -36.1400032
v 29.2199993 67.5699997 -43.9400024
v 29.2800007 49.7199974 -36.1400032
v 24.0400009 66.8399963 -45.5700035
v 24.1000004 48.9899979 -37.7700043
v 24.1000004 48.9899979 -37.7700043
v 28.420002 34.7200012 -31.7400036
v 29.2800007 49.7199974 -36.1400032
v 28.420002 34.7200012 -31.7400036
v 24.1000004 48.9899979 -37.7700043
v 24.6599998 34.1899986 -32.9300003
v 24.6599998 34.1899986 -32.9300003
v 27.3899994 21.289999 -31.1599998
v 28.420002 34.7200012 -31.7400036
v 27.3899994 21.289999 -31.1599998
v 24.6599998 34.1899986 -32.9300003
v 26.2600002 19.3799992 -31.3899994
v 26.2600002 19.3799992 -31.3899994
v 27.0900002 21.25 -30.2199993
v 27.3899994 21.289999 -31.1599998
v 27.0900002 21.25 -30.2199993
v 26.2600002 19.3799992 -31.3899994
v 26.039999 19.3899994 -30.7099991
v -27.5 -15.8700018 -23.1999989
v -38.5 57.6300011 11.9999971
v -27.5 -15.8700008 12
v -38.5 57.6300011 11.9999971
v -27.5 -15.8700018 -23.1999989
v -38.5 57.6300011 -24.0000019
v -38.5 57.6300011 -24.0000019
v -28 82.1300049 11.9999962
v -38.5 57.6300011 11.9999971
v -28 82.1300049 11.9999962
v -38.5 57.6300011 -24.0000019
v -28 82.1300049 -24.0000019
v -64.6600037 87.1299973 -6.36000395
v -65.6399994 94.8199997 -4.40000391
v -65.4700012 87.1299973 -4.40000391
v -65.6399994 94.8199997 -4.40000391
v -64.6600037 87.1299973 -6.36000395
v -64.840004 94.9400024 -6.3600049
v -67.0999985 101.360001 -6.3600049
v -65.6399994 94.8199997 -4.40000391
v -64.840004 94.9400024 -6.3600049
v -65.6399994 94.8199997 -4.40000391
v -67.0999985 101.360001 -6.3600049
v -67.8099976 100.960007 -4.40000439
v -67.0999985 101.360001 -6.3600049
v -72.0299988 107.449997 -4.40000486
v -67.8099976 100.960007 -4.40000439
v -72.0299988 107.449997 -4.40000486
v -67.0999985 101.360001 -6.3600049
v -71.5 108.060005 -6.3600049
v -65.4000015 102.330002 -7.17000437
v -71.5 108.060005 -6.3600049
v -67.0999985 101.360001 -6.3600049
v -71.5 108.060005 -6.3600049
v -65.4000015 102.330002 -7.17000437
v -70.2000046 109.529999 -7.17000437
v -62.6999969 87.1299973 -7.17000389
v -64.840004 94.9400024 -6.3600049
v -64.6600037 87.1299973 -6.36000395
v -64.840004 94.9400024 -6.3600049
v -62.6999969 87.1299973 -7.17000389
v -62.9000015 95.2300034 -7.17000437
v -62.9000015 95.2300034 -7.17000437
v -67.0999985 101.360001 -6.3600049
v -64.840004 94.9400024 -6.3600049
v -67.0999985 101.360001 -6.3600049
v -62.9000015 95.2300034 -7.17000437
v -65.4000015 102.330002 -7.17000437
v -60.9599991 95.5100021 -6.3600049
v -65.4000015 102.330002 -7.17000437
v -62.9000015 95.2300034 -7.17000437
v -65.4000015 102.330002 -7.17000437
v -60.9599991 95.5100021 -6.3600049
v -63.7000008 103.290001 -6.3600049
v -63.7000008 103.290001 -6.3600049
v -70.2000046 109.529999 -7.17000437
v -65.4000015 102.330002 -7.17000437
v -70.2000046 109.529999 -7.17000437
v -63.7000008 103.290001 -6.3600049
v -68.9000015 110.989998 -6.36000538
v -62.9899979 103.690002 -4.40000439
v -68.9000015 110.989998 -6.36000538
v -63.7000008 103.290001 -6.3600049
v -68.9000015 110.989998 -6.36000538
v -62.9899979 103.690002 -4.40000439
v -68.3700027 111.600006 -4.40000486
v -62.9899979 103.690002 -4.40000439
v -68.9000015 110.989998 -2.44000483
v -68.3700027 111.600006 -4.40000486
v -60.7400017 87.1299973 -6.36000395
v -62.9000015 95.2300034 -7.17000437
v -62.6999969 87.1299973 -7.17000389
v -62.9000015 95.2300034 -7.17000437
v -60.7400017 87.1299973 -6.36000395
v -60.9599991 95.5100021 -6.3600049
v -59.9300041 87.1299973 -4.40000391
v -60.9599991 95.5100021 -6.3600049
v -60.7400017 87.1299973 -6.36000395
v -60.9599991 95.5100021 -6.3600049
v -59.9300041 87.1299973 -4.40000391
v -60.1599998 95.6300049 -4.40000391
v -62.9899979 103.690002 -4.40000439
v -60.9599991 95.5100021 -6.3600049
v -60.1599998 95.6300049 -4.40000391
v -60.9599991 95.5100021 -6.3600049
v -62.9899979 103.690002 -4.40000439
v -63.7000008 103.290001 -6.3600049
v -59.9300041 87.1299973 -4.40000391
v -60.9599991 95.5100021 -2.44000411
v -60.1599998 95.6300049 -4.40000391
v -60.9599991 95.5100021 -2.44000411
v -62.9899979 103.690002 -4.40000439
v -60.1599998 95.6300049 -4.40000391
v -62.9899979 103.690002 -4.40000439
v -60.9599991 95.5100021 -2.44000411
v -63.7000008 103.290001 -2.44000435
v -68.9000015 110.989998 -2.44000483
v -62.9899979 103.690002 -4.40000439
v -63.7000008 103.290001 -2.44000435
v -63.7000008 103.290001 -2.44000435
v -70.2000046 109.529999 -1.63000488
v -68.9000015 110.989998 -2.44000483
v -70.2000046 109.529999 -1.63000488
v -63.7000008 103.290001 -2.44000435
v -65.4000015 102.330002 -1.63000453
v -65.4000015 102.330002 -1.63000453
v -71.5 108.060005 -2.44000459
v -70.2000046 109.529999 -1.63000488
v -71.5 108.060005 -2.44000459
v -65.4000015 102.330002 -1.63000453
v -67.0999985 101.360001 -2.44000435
v -67.0999985 101.360001 -2.44000435
v -72.0299988 107.449997 -4.40000486
v -71.5 108.060005 -2.44000459
v -60.9599991 95.5100021 -2.44000411
v -59.9300041 87.1299973 -4.40000391
v -60.7400017 87.1299973 -2.44000363
v -60.7400017 87.1299973 -2.44000363
v -62.9000015 95.2300034 -1.63000417
v -60.9599991 95.5100021 -2.44000411
v -65.4000015 102.330002 -1.63000453
v -60.9599991 95.5100021 -2.44000411
v -62.9000015 95.2300034 -1.63000417
v -60.9599991 95.5100021 -2.44000411
v -65.4000015 102.330002 -1.63000453
v -63.7000008 103.290001 -2.44000435
v -62.9000015 95.2300034 -1.63000417
v -60.7400017 87.1299973 -2.44000363
v -62.6999969 87.1299973 -1.63000369
v -62.6999969 87.1299973 -1.63000369
v -64.840004 94.9400024 -2.44000411
v -62.9000015 95.2300034 -1.63000417
v -67.0999985 101.360001 -2.44000435
v -62.9000015 95.2300034 -1.63000417
v -64.840004 94.9400024 -2.44000411
v -62.9000015 95.2300034 -1.63000417
v -67.0999985 101.360001 -2.44000435
v -65.4000015 102.330002 -1.63000453
v -64.840004 94.9400024 -2.44000411
v -62.6999969 87.1299973 -1.63000369
v -64.6600037 87.1299973 -2.44000363
v -64.6600037 87.1299973 -2.44000363
v -65.6399994 94.8199997 -4.40000391
v -64.840004 94.9400024 -2.44000411
v -65.6399994 94.8199997 -4.40000391
v -67.0999985 101.360001 -2.44000435
v -64.840004 94.9400024 -2.44000411
v -67.0999985 101.360001 -2.44000435
v -65.6399994 94.8199997 -4.40000391
v -67.8099976 100.960007 -4.40000439
v -72.0299988 107.449997 -4.40000486
v -67.0999985 101.360001 -2.44000435
v -67.8099976 100.960007 -4.40000439
v -65.6399994 94.8199997 -4.40000391
v -64.6600037 87.1299973 -2.44000363
v -65.4700012 87.1299973 -4.40000391
v -92.4399948 31.9899998 1.82999861
v -53.8500023 16.9599991 5.40999937
v -55.4899979 7.57000017 1.82999969
v -53.8500023 16.9599991 5.40999937
v -92.4399948 31.9899998 1.82999861
v -90.1200027 41.8300018 5.71999788
v 73.6199951 94.4599991 9.35999489
v 66.6100006 115.339996 -8.83000469
v 66.6100006 115.339996 1.32999492
v 66.6100006 115.339996 -8.83000469
v 73.6199951 94.4599991 9.35999489
v 73.6199951 94.4599991 -16.8600044
v 74.9899979 76.8000031 9.35999584
v 73.6199951 94.4599991 -16.8600044
v 73.6199951 94.4599991 9.35999489
v 73.6199951 94.4599991 -16.8600044
v 74.9899979 76.8000031 9.35999584
v 74.9899979 76.8000031 -16.8600025
v 74.9899979 76.8000031 9.35999584
v 69.1900024 72.6999969 -16.8600025
v 74.9899979 76.8000031 -16.8600025
v 69.1900024 72.6999969 -16.8600025
v 74.9899979 76.8000031 9.35999584
v 69.1900024 72.6999969 9.3599968
v 69.1900024 72.6999969 9.3599968
v 66.7900009 65.6999969 -16.8600025
v 69.1900024 72.6999969 -16.8600025
v 66.7900009 65.6999969 -16.8600025
v 69.1900024 72.6999969 9.3599968
v 66.7900009 65.6999969 9.3599968
v 66.7900009 65.6999969 9.3599968
v 70.1200027 57.9799995 -16.8600025
v 66.7900009 65.6999969 -16.8600025
v 70.1200027 57.9799995 -16.8600025
v 66.7900009 65.6999969 9.3599968
v 70.1200027 57.9799995 9.35999775
v 70.1200027 57.9799995 9.35999775
v 76.1200027 54.079998 -16.8600025
v 70.1200027 57.9799995 -16.8600025
v 76.1200027 54.079998 -16.8600025
v 70.1200027 57.9799995 9.35999775
v 76.1200027 54.079998 9.35999775
v 125.670006 123.989998 4.10999441
v 145.720001 86.1399994 -11.7400036
v 145.720001 86.1399994 4.2299962
v 145.720001 86.1399994 -11.7400036
v 125.670006 123.989998 4.10999441
v 125.670006 123.989998 -11.6200056
v 125.670006 123.989998 4.10999441
v 112.349998 134.87001 -5.33000612
v 125.670006 123.989998 -11.6200056
v 112.349998 134.87001 -5.33000612
v 125.670006 123.989998 4.10999441
v 112.349998 134.87001 -2.18000603
v 58.7299995 95.840004 0.849995852
v 61.4300003 88.6399994 -10.4900036
v 61.4300003 88.6399994 0.989996076
v 61.4300003 88.6399994 -10.4900036
v 58.7299995 95.840004 0.849995852
v 58.7299995 95.840004 -10.3500042
v 58.7299995 95.840004 0.849995852
v 52.6499977 112.300003 -6.80000544
v 58.7299995 95.840004 -10.3500042
v 52.6499977 112.300003 -6.80000544
v 58.7299995 95.840004 0.849995852
v 52.6499977 112.300003 -2.70000482
v 52.6499977 112.300003 -6.80000544
v 42.5099983 107.099998 -2.70000482
v 42.5099983 107.099998 -6.80000496
v 42.5099983 107.099998 -2.70000482
v 52.6499977 112.300003 -6.80000544
v 52.6499977 112.300003 -2.70000482
v 66.6100006 115.339996 -8.83000469
v 109.970001 116.159996 -16.8600044
v 96.1100006 131.850006 -8.83000565
v 109.970001 116.159996 -16.8600044
v 66.6100006 115.339996 -8.83000469
v 73.6199951 94.4599991 -16.8600044
v 73.6199951 94.4599991 -16.8600044
v 74.9899979 76.8000031 -16.8600025
v 109.970001 116.159996 -16.8600044
v 109.970001 116.159996 -16.8600044
v 74.9899979 76.8000031 -16.8600025
v 133.360001 71.4700012 -16.8600025
v 74.9899979 76.8000031 -16.8600025
v 76.1200027 54.079998 -16.8600025
v 133.360001 71.4700012 -16.8600025
v 53.6400032 16.8199997 -16.8599987
v 133.360001 71.4700012 -16.8600025
v 76.1200027 54.079998 -16.8600025
v 52.6300011 22.7000008 -16.8600006
v 53.6400032 16.8199997 -16.8599987
v 76.1200027 54.079998 -16.8600025
v 69.1900024 72.6999969 -16.8600025
v 76.1200027 54.079998 -16.8600025
v 74.9899979 76.8000031 -16.8600025
v 76.1200027 54.079998 -16.8600025
v 69.1900024 72.6999969 -16.8600025
v 70.1200027 57.9799995 -16.8600025
v 66.7900009 65.6999969 -16.8600025
v 70.1200027 57.9799995 -16.8600025
v 69.1900024 72.6999969 -16.8600025
v 21.9799995 15.6600018 31.25
v 38.75 -4.61999846 31.25
v 21.5 -13.869998 31.25
v 38.75 -4.61999846 31.25
v 21.9799995 15.6600018 31.25
v 36.8899994 22.2000027 31.25
v 36.8899994 22.2000027 31.25
v 56 4.63000107 21.6499996
v 38.75 -4.61999846 31.25
v 56 4.63000107 21.6499996
v 36.8899994 22.2000027 31.25
v 51.7900009 28.7400017 21.6499977
v 34 72.8799973 22.2499962
v 51.7900009 28.7400017 21.6499977
v 36.8899994 22.2000027 31.25
v 51.7900009 28.7400017 21.6499977
v 34 72.8799973 22.2499962
v 45 67.6299973 17.0499973
v 23 78.1299973 22.2499962
v 36.8899994 22.2000027 31.25
v 21.9799995 15.6600018 31.25
v 36.8899994 22.2000027 31.25
v 23 78.1299973 22.2499962
v 34 72.8799973 22.2499962
v 65.6399994 94.8199997 -4.40000391
v 64.6600037 87.1299973 -6.36000395
v 65.4700012 87.1299973 -4.40000391
v 64.6600037 87.1299973 -6.36000395
v 65.6399994 94.8199997 -4.40000391
v 64.840004 94.9400024 -6.3600049
v 64.840004 94.9400024 -6.3600049
v 62.6999969 87.1299973 -7.17000389
v 64.6600037 87.1299973 -6.36000395
v 62.6999969 87.1299973 -7.17000389
v 64.840004 94.9400024 -6.3600049
v 62.9000015 95.2300034 -7.17000437
v 62.9000015 95.2300034 -7.17000437
v 60.7400017 87.1299973 -6.36000395
v 62.6999969 87.1299973 -7.17000389
v 60.7400017 87.1299973 -6.36000395
v 62.9000015 95.2300034 -7.17000437
v 60.9599991 95.5100021 -6.3600049
v 60.9599991 95.5100021 -6.3600049
v 59.9300041 87.1299973 -4.40000391
v 60.7400017 87.1299973 -6.36000395
v 65.6399994 94.8199997 -4.40000391
v 67.0999985 101.360001 -6.3600049
v 64.840004 94.9400024 -6.3600049
v 67.0999985 101.360001 -6.3600049
v 62.9000015 95.2300034 -7.17000437
v 64.840004 94.9400024 -6.3600049
v 62.9000015 95.2300034 -7.17000437
v 67.0999985 101.360001 -6.3600049
v 65.4000015 102.330002 -7.17000437
v 65.4000015 102.330002 -7.17000437
v 60.9599991 95.5100021 -6.3600049
v 62.9000015 95.2300034 -7.17000437
v 60.9599991 95.5100021 -6.3600049
v 65.4000015 102.330002 -7.17000437
v 63.7000008 103.290001 -6.3600049
v 62.9899979 103.690002 -4.40000439
v 60.9599991 95.5100021 -6.3600049
v 63.7000008 103.290001 -6.3600049
v 60.9599991 95.5100021 -6.3600049
v 62.9899979 103.690002 -4.40000439
v 60.1599998 95.6300049 -4.40000391
v 59.9300041 87.1299973 -4.40000391
v 60.9599991 95.5100021 -6.3600049
v 60.1599998 95.6300049 -4.40000391
v 60.9599991 95.5100021 -2.44000411
v 59.9300041 87.1299973 -4.40000391
v 60.1599998 95.6300049 -4.40000391
v 59.9300041 87.1299973 -4.40000391
v 60.9599991 95.5100021 -2.44000411
v 60.7400017 87.1299973 -2.44000363
v 67.0999985 101.360001 -6.3600049
v 65.6399994 94.8199997 -4.40000391
v 67.8099976 100.960007 -4.40000439
v 72.0299988 107.449997 -4.40000486
v 67.0999985 101.360001 -6.3600049
v 67.8099976 100.960007 -4.40000439
v 67.0999985 101.360001 -6.3600049
v 72.0299988 107.449997 -4.40000486
v 71.5 108.060005 -6.3600049
v 71.5 108.060005 -6.3600049
v 65.4000015 102.330002 -7.17000437
v 67.0999985 101.360001 -6.3600049
v 65.4000015 102.330002 -7.17000437
v 71.5 108.060005 -6.3600049
v 70.2000046 109.529999 -7.17000437
v 70.2000046 109.529999 -7.17000437
v 63.7000008 103.290001 -6.3600049
v 65.4000015 102.330002 -7.17000437
v 63.7000008 103.290001 -6.3600049
v 70.2000046 109.529999 -7.17000437
v 68.9000015 110.989998 -6.36000538
v 68.9000015 110.989998 -6.36000538
v 62.9899979 103.690002 -4.40000439
v 63.7000008 103.290001 -6.3600049
v 62.9899979 103.690002 -4.40000439
v 68.9000015 110.989998 -6.36000538
v 68.3700027 111.600006 -4.40000486
v 68.9000015 110.989998 -2.44000483
v 62.9899979 103.690002 -4.40000439
v 68.3700027 111.600006 -4.40000486
v 62.9899979 103.690002 -4.40000439
v 68.9000015 110.989998 -2.44000483
v 63.7000008 103.290001 -2.44000435
v 60.9599991 95.5100021 -2.44000411
v 62.9899979 103.690002 -4.40000439
v 63.7000008 103.290001 -2.44000435
v 62.9899979 103.690002 -4.40000439
v 60.9599991 95.5100021 -2.44000411
v 60.1599998 95.6300049 -4.40000391
v 70.2000046 109.529999 -1.63000488
v 63.7000008 103.290001 -2.44000435
v 68.9000015 110.989998 -2.44000483
v 63.7000008 103.290001 -2.44000435
v 70.2000046 109.529999 -1.63000488
v 65.4000015 102.330002 -1.63000453
v 65.4000015 102.330002 -1.63000453
v 60.9599991 95.5100021 -2.44000411
v 63.7000008 103.290001 -2.44000435
v 60.9599991 95.5100021 -2.44000411
v 65.4000015 102.330002 -1.63000453
v 62.9000015 95.2300034 -1.63000417
v 62.9000015 95.2300034 -1.63000417
v 60.7400017 87.1299973 -2.44000363
v 60.9599991 95.5100021 -2.44000411
v 60.7400017 87.1299973 -2.44000363
v 62.9000015 95.2300034 -1.63000417
v 62.6999969 87.1299973 -1.63000369
v 64.840004 94.9400024 -2.44000411
v 62.6999969 87.1299973 -1.63000369
v 62.9000015 95.2300034 -1.63000417
v 62.6999969 87.1299973 -1.63000369
v 64.840004 94.9400024 -2.44000411
v 64.6600037 87.1299973 -2.44000363
v 71.5 108.060005 -2.44000459
v 65.4000015 102.330002 -1.63000453
v 70.2000046 109.529999 -1.63000488
v 65.4000015 102.330002 -1.63000453
v 71.5 108.060005 -2.44000459
v 67.0999985 101.360001 -2.44000435
v 67.0999985 101.360001 -2.44000435
v 62.9000015 95.2300034 -1.63000417
v 65.4000015 102.330002 -1.63000453
v 62.9000015 95.2300034 -1.63000417
v 67.0999985 101.360001 -2.44000435
v 64.840004 94.9400024 -2.44000411
v 67.0999985 101.360001 -2.44000435
v 65.6399994 94.8199997 -4.40000391
v 64.840004 94.9400024 -2.44000411
v 65.6399994 94.8199997 -4.40000391
v 64.6600037 87.1299973 -2.44000363
v 64.840004 94.9400024 -2.44000411
v 64.6600037 87.1299973 -2.44000363
v 65.6399994 94.8199997 -4.40000391
v 65.4700012 87.1299973 -4.40000391
v 72.0299988 107.449997 -4.40000486
v 67.0999985 101.360001 -2.44000435
v 71.5 108.060005 -2.44000459
v 67.0999985 101.360001 -2.44000435
v 72.0299988 107.449997 -4.40000486
v 67.8099976 100.960007 -4.40000439
v 65.6399994 94.8199997 -4.40000391
v 67.0999985 101.360001 -2.44000435
v 67.8099976 100.960007 -4.40000439
v 92.4399948 31.9899998 1.82999861
v 55.4899979 7.56999922 -8.82999992
v 55.4899979 7.57000017 1.82999969
v 55.4899979 7.56999922 -8.82999992
v 92.4399948 31.9899998 1.82999861
v 92.4399948 31.9899998 -8.83000088
v -27.0100002 -47.8700027 -13.9999981
v -11.2600002 -21.7499981 38
v -11.2600002 -21.75 -13.9999981
v -11.2600002 -21.7499981 38
v -27.0100002 -47.8700027 -13.9999981
v -27.0100002 -47.8699989 38.0000038
v 11.2600002 -21.7499981 38
v 57.9300003 -29.2299957 38
v 27.0100002 -47.8699989 38.0000038
v 57.9300003 -29.2299957 38
v 11.2600002 -21.7499981 38
v 42.1800003 -3.10999823 38
v 72.6699982 15.2700024 24.4799995
v 57.9300003 -29.2299957 38
v 42.1800003 -3.10999823 38
v 57.9300003 -29.2299957 38
v 72.6699982 15.2700024 24.4799995
v 88.4199982 -10.8499985 24.4799995
v 57.9300003 -29.2299995 -13.9999981
v 11.2600002 -21.75 -13.9999981
v 27.0100002 -47.8700027 -13.9999981
v 11.2600002 -21.75 -13.9999981
v 57.9300003 -29.2299995 -13.9999981
v 42.1800003 -3.11000061 -14
v 88.4199982 -10.8499994 -0.479999542
v 42.1800003 -3.11000061 -14
v 57.9300003 -29.2299995 -13.9999981
v 42.1800003 -3.11000061 -14
v 88.4199982 -10.8499994 -0.479999542
v 72.6699982 15.2700005 -0.480000675
v -11.2600002 -21.7499981 38
v -42.1800003 -3.11000061 -14
v -11.2600002 -21.75 -13.9999981
v -42.1800003 -3.11000061 -14
v -11.2600002 -21.7499981 38
v -42.1800003 -3.10999823 38
v -42.1800003 -3.10999823 38
v -72.6699982 15.2700005 -0.480000675
v -42.1800003 -3.11000061 -14
v -72.6699982 15.2700005 -0.480000675
v -42.1800003 -3.10999823 38
v -72.6699982 15.2700024 24.4799995
v 5 -83.2700043 -16.3199978
v -5 -83.2700043 -20.5999966
v -5 -83.2700043 -16.3199978
v -5 -83.2700043 -20.5999966
v 5 -83.2700043 -16.3199978
v 5 -83.2700043 -20.5999966
v -53.6400032 16.8199997 9.3599987
v -52.6300011 22.7000008 -16.8600006
v -53.6400032 16.8199997 -16.8599987
v -52.6300011 22.7000008 -16.8600006
v -53.6400032 16.8199997 9.3599987
v -52.6300011 22.7000008 9.3599987
v -52.6300011 22.7000008 9.3599987
v -76.1200027 54.079998 -16.8600025
v -52.6300011 22.7000008 -16.8600006
v -76.1200027 54.079998 -16.8600025
v -52.6300011 22.7000008 9.3599987
v -76.1200027 54.079998 9.35999775
v -42.5099983 107.099998 -6.80000496
v -38.7200012 84.7799988 0.849996328
v -42.5099983 107.099998 -2.70000482
v -38.7200012 84.7799988 0.849996328
v -42.5099983 107.099998 -6.80000496
v -38.7200012 84.7799988 -10.3500042
v -35.25 70.1600037 -10.5000029
v -38.7200012 84.7799988 0.849996328
v -38.7200012 84.7799988 -10.3500042
v -38.7200012 84.7799988 0.849996328
v -35.25 70.1600037 -10.5000029
v -35.25 70.1600037 0.999996901
v -42.5099983 107.099998 -2.70000482
v -58.7299995 95.840004 0.849995852
v -52.6499977 112.300003 -2.70000482
v -58.7299995 95.840004 0.849995852
v -42.5099983 107.099998 -2.70000482
v -38.7200012 84.7799988 0.849996328
v -38.7200012 84.7799988 0.849996328
v -61.4300003 88.6399994 0.989996076
v -58.7299995 95.840004 0.849995852
v -61.4300003 88.6399994 0.989996076
v -38.7200012 84.7799988 0.849996328
v -35.25 70.1600037 0.999996901
v -26.3200016 -157.070007 14.4600077
v -38 -163.869995 16.8000069
v -27.0000019 -166.869995 18.0000076
v -38 -163.869995 16.8000069
v -26.3200016 -157.070007 14.4600077
v -32.5500031 -154.550003 13.5200071
v -32.5500031 -154.550003 13.5200071
v -47 -139.419998 8.1000061
v -38 -163.869995 16.8000069
v -47 -139.419998 8.1000061
v -32.5500031 -154.550003 13.5200071
v -38.0699997 -139.809998 8.25000668
v -42.4699974 -107.869995 -0.449995279
v -47 -139.419998 8.1000061
v -38.0699997 -139.809998 8.25000668
v -47 -139.419998 8.1000061
v -42.4699974 -107.869995 -0.449995279
v -52.6000023 -107.869995 -0.4599953
v -41.8500023 -51.5999985 -8.00999737
v -52.6000023 -107.869995 -0.4599953
v -42.4699974 -107.869995 -0.449995279
v -52.6000023 -107.869995 -0.4599953
v -41.8500023 -51.5999985 -8.00999737
v -52.9999962 -29.3700008 -8.99999905
v -41.8500023 -51.5999985 -8.00999737
v -17.5 -29.3700008 -8.99999905
v -52.9999962 -29.3700008 -8.99999905
v -17.5 -29.3700008 -8.99999905
v -41.8500023 -51.5999985 -8.00999737
v -18.6900005 -51.5999985 -8.00999737
v -32.5500031 -154.550003 13.5200071
v -29.0799999 -138.919998 12.180006
v -38.0699997 -139.809998 8.25000668
v -26.8700008 -106.82 3.43000484
v -38.0699997 -139.809998 8.25000668
v -29.0799999 -138.919998 12.180006
v -38.0699997 -139.809998 8.25000668
v -26.8700008 -106.82 3.43000484
v -42.4699974 -107.869995 -0.449995279
v -24.3999996 -74.0999985 -0.95999676
v -42.4699974 -107.869995 -0.449995279
v -26.8700008 -106.82 3.43000484
v -42.4699974 -107.869995 -0.449995279
v -24.3999996 -74.0999985 -0.95999676
v -41.8500023 -51.5999985 -8.00999737
v -24.3999996 -74.0999985 -0.95999676
v -22.8299999 -53.1799965 -3.75999761
v -41.8500023 -51.5999985 -8.00999737
v -29.0799999 -138.919998 12.180006
v -32.5500031 -154.550003 13.5200071
v -29.710001 -155.200012 17.6100082
v -29.710001 -155.200012 17.6100082
v -25.170002 -140.369995 20.8300056
v -29.0799999 -138.919998 12.180006
v -25.170002 -140.369995 20.8300056
v -26.8700008 -106.82 3.43000484
v -29.0799999 -138.919998 12.180006
v -26.8700008 -106.82 3.43000484
v -25.170002 -140.369995 20.8300056
v -22.0100002 -95.7799988 15.8100042
v -26.8700008 -106.82 3.43000484
v -22.0100002 -95.7799988 15.8100042
v -24.3999996 -74.0999985 -0.95999676
v -25.170002 -140.369995 20.8300056
v -29.710001 -155.200012 17.6100082
v -26.3200016 -157.070007 23.7500076
v 38 -163.869995 32.5000038
v 27.0000019 -166.869995 18.0000076
v 27.0000019 -166.869995 32.5000038
v 27.0000019 -166.869995 18.0000076
v 38 -163.869995 32.5000038
v 38 -163.869995 16.8000069
v 47 -139.419998 32.5000038
v 38 -163.869995 16.8000069
v 38 -163.869995 32.5000038
v 38 -163.869995 16.8000069
v 47 -139.419998 32.5000038
v 47 -139.419998 8.1000061
v 52.6000023 -107.869995 32.5000038
v 47 -139.419998 8.1000061
v 47 -139.419998 32.5000038
v 47 -139.419998 8.1000061
v 52.6000023 -107.869995 32.5000038
v 52.6000023 -107.869995 -0.4599953
v 52.9999962 -29.3700008 32.5
v 52.6000023 -107.869995 -0.4599953
v 52.6000023 -107.869995 32.5000038
v 52.6000023 -107.869995 -0.4599953
v 52.9999962 -29.3700008 32.5
v 52.9999962 -29.3700008 -8.99999905
v -15.5 -114.870003 5.00000477
v -3.72000003 -114.870003 -12.4999952
v -15.5 -114.870003 -12.4999952
v -3.72000003 -114.870003 -12.4999952
v -15.5 -114.870003 5.00000477
v -3.55999994 -114.870003 5.00000477
v -15.5 -114.870003 5.00000477
v -3.88000011 -101.470009 25.5000019
v -3.55999994 -114.870003 5.00000477
v -3.88000011 -101.470009 25.5000019
v -15.5 -114.870003 5.00000477
v -15.5 -101.470009 25.5000019
v -29.2199993 67.5699997 -43.9400024
v -24.3499985 84.2399979 -54.340004
v -29.5300007 84.9700012 -52.7000084
v -24.3499985 84.2399979 -54.340004
v -29.2199993 67.5699997 -43.9400024
v -24.0400009 66.8399963 -45.5700035
v -29.2800007 49.7199974 -36.1400032
v -24.0400009 66.8399963 -45.5700035
v -29.2199993 67.5699997 -43.9400024
v -24.0400009 66.8399963 -45.5700035
v -29.2800007 49.7199974 -36.1400032
v -24.1000004 48.9899979 -37.7700043
v -28.420002 34.7200012 -31.7400036
v -24.1000004 48.9899979 -37.7700043
v -29.2800007 49.7199974 -36.1400032
v -24.1000004 48.9899979 -37.7700043
v -28.420002 34.7200012 -31.7400036
v -24.6599998 34.1899986 -32.9300003
v -27.3899994 21.289999 -31.1599998
v -24.6599998 34.1899986 -32.9300003
v -28.420002 34.7200012 -31.7400036
v -24.6599998 34.1899986 -32.9300003
v -27.3899994 21.289999 -31.1599998
v -26.2600002 19.3799992 -31.3899994
v -27.0900002 21.25 -30.2199993
v -26.2600002 19.3799992 -31.3899994
v -27.3899994 21.289999 -31.1599998
v -26.2600002 19.3799992 -31.3899994
v -27.0900002 21.25 -30.2199993
v -26.039999 19.3899994 -30.7099991
v -110.160004 115.830002 -14.8600044
v -145.720001 86.1399994 -11.7400036
v -132.190002 73.0999985 -14.8600025
v -145.720001 86.1399994 -11.7400036
v -110.160004 115.830002 -14.8600044
v -125.670006 123.989998 -11.6200056
v -110.160004 115.830002 -14.8600044
v -112.349998 134.87001 -5.33000612
v -125.670006 123.989998 -11.6200056
v -112.349998 134.87001 -5.33000612
v -110.160004 115.830002 -14.8600044
v -97.0899963 130.110001 -7.47000599
v 22.8400002 68.1299973 11.9999971
v -22.8400002 68.1299973 17.4999962
v -22.8400002 68.1299973 11.9999971
v -22.8400002 68.1299973 17.4999962
v 22.8400002 68.1299973 11.9999971
v 22.8400002 68.1299973 17.4999962
v 22.1100006 23.630003 25.5
v -22.8400002 68.1299973 17.4999962
v 22.8400002 68.1299973 17.4999962
v -22.8400002 68.1299973 17.4999962
v 22.1100006 23.630003 25.5
v -22.1100006 23.630003 25.5
v 21.6399994 -5.52999878 25.5
v -22.1100006 23.630003 25.5
v 22.1100006 23.630003 25.5
v -22.1100006 23.630003 25.5
v 21.6399994 -5.52999878 25.5
v -21.6399994 -5.52999878 25.5
v 0 -11.8699989 25.5
v -21.6399994 -5.52999878 25.5
v 21.6399994 -5.52999878 25.5
v 0 -11.8699989 12
v -21.6399994 -5.52999878 25.5
v 0 -11.8699989 25.5
v -21.6399994 -5.52999878 25.5
v 0 -11.8699989 12
v -21.6399994 -5.52999973 12
v 21.6399994 -5.52999973 12
v 0 -11.8699989 25.5
v 21.6399994 -5.52999878 25.5
v 0 -11.8699989 25.5
v 21.6399994 -5.52999973 12
v 0 -11.8699989 12
v -58.7299995 95.840004 -10.3500042
v -42.5099983 107.099998 -6.80000496
v -52.6499977 112.300003 -6.80000544
v -42.5099983 107.099998 -6.80000496
v -58.7299995 95.840004 -10.3500042
v -38.7200012 84.7799988 -10.3500042
v -61.4300003 88.6399994 -10.4900036
v -38.7200012 84.7799988 -10.3500042
v -58.7299995 95.840004 -10.3500042
v -38.7200012 84.7799988 -10.3500042
v -61.4300003 88.6399994 -10.4900036
v -35.25 70.1600037 -10.5000029
v -90.1200027 41.8300018 -12.7200022
v -92.4399948 31.9899998 1.82999861
v -92.4399948 31.9899998 -8.83000088
v -92.4399948 31.9899998 1.82999861
v -90.1200027 41.8300018 -12.7200022
v -90.1200027 41.8300018 5.71999788
v 96.1100006 131.850006 1.3299942
v 66.6100006 115.339996 -8.83000469
v 96.1100006 131.850006 -8.83000565
v 66.6100006 115.339996 -8.83000469
v 96.1100006 131.850006 1.3299942
v 66.6100006 115.339996 1.32999492
v 53.6400032 16.8199997 9.3599987
v 133.360001 71.4700012 -16.8600025
v 53.6400032 16.8199997 -16.8599987
v 133.360001 71.4700012 -16.8600025
v 53.6400032 16.8199997 9.3599987
v 133.360001 71.4700012 9.3599968
v 145.720001 86.1399994 -11.7400036
v 132.190002 73.0999985 7.34999704
v 145.720001 86.1399994 4.2299962
v 132.190002 73.0999985 7.34999704
v 145.720001 86.1399994 -11.7400036
v 132.190002 73.0999985 -14.8600025
v 27.8199997 64.9100037 4.32999706
v 78.1800003 100.460007 -13.2100048
v 78.1800003 100.460007 4.32999563
v 78.1800003 100.460007 -13.2100048
v 27.8199997 64.9100037 4.32999706
v 27.8199997 64.9100037 -13.2100029
v 27.8199997 64.9100037 -13.2100029
v 83.6800003 43.8400002 -13.2100019
v 78.1800003 100.460007 -13.2100048
v 83.6800003 43.8400002 -13.2100019
v 27.8199997 64.9100037 -13.2100029
v 45.3199997 11.789999 -13.21
v 31.0400009 74.2900009 -22.2500019
v 56 4.62999916 -22.25
v 45 67.6299973 -22.2500019
v 56 4.62999916 -22.25
v 31.0400009 74.2900009 -22.2500019
v 27.9199982 -10.4300003 -22.25
v 92.4399948 31.9899998 -8.83000088
v 53.8500023 16.9499989 -12.4500008
v 55.4899979 7.56999922 -8.82999992
v 53.8500023 16.9499989 -12.4500008
v 92.4399948 31.9899998 -8.83000088
v 90.1200027 41.8300018 -12.7200022
v 88.4199982 -10.8499985 24.4799995
v 72.6699982 15.2700005 -0.480000675
v 88.4199982 -10.8499994 -0.479999542
v 72.6699982 15.2700005 -0.480000675
v 88.4199982 -10.8499985 24.4799995
v 72.6699982 15.2700024 24.4799995
v 28 82.1300049 11.9999962
v -38.5 57.6300011 11.9999971
v -28 82.1300049 11.9999962
v -38.5 57.6300011 11.9999971
v 28 82.1300049 11.9999962
v 38.5 57.6300011 11.9999971
v 27.5 -15.8700008 12
v -38.5 57.6300011 11.9999971
v 38.5 57.6300011 11.9999971
v -38.5 57.6300011 11.9999971
v 27.5 -15.8700008 12
v -27.5 -15.8700008 12
v 27.5 -15.8700008 12
v 0 -21.3699989 12
v -27.5 -15.8700008 12
v -109.970001 116.159996 9.35999489
v -96.1100006 131.850006 -8.83000565
v -96.1100006 131.850006 1.3299942
v -96.1100006 131.850006 -8.83000565
v -109.970001 116.159996 9.35999489
v -109.970001 116.159996 -16.8600044
v -97.0899963 130.110001 -7.47000599
v -112.349998 134.87001 -2.18000603
v -112.349998 134.87001 -5.33000612
v -112.349998 134.87001 -2.18000603
v -97.0899963 130.110001 -7.47000599
v -97.0899963 130.110001 -0.0500056893
v 22.3199997 -99.0999985 32.5
v 18.6900005 -51.5999985 13.2000027
v 17.5 -29.3700008 32.5
v 18.6900005 -51.5999985 13.2000027
v 22.3199997 -99.0999985 32.5
v 22.0100002 -95.7799988 15.8100042
v 22.3199997 -99.0999985 32.5
v 25.170002 -140.369995 20.8300056
v 22.0100002 -95.7799988 15.8100042
v 25.170002 -140.369995 20.8300056
v 22.3199997 -99.0999985 32.5
v 25.170002 -140.369995 32.5000038
v 25.170002 -140.369995 32.5000038
v 26.3200016 -157.070007 23.7500076
v 25.170002 -140.369995 20.8300056
v 26.3200016 -157.070007 23.7500076
v 25.170002 -140.369995 32.5000038
v 26.3200016 -157.070007 32.5000038
v 26.3200016 -157.070007 32.5000038
v 27.0000019 -166.869995 32.5000038
v 26.3200016 -157.070007 23.7500076
v 27.0000019 -166.869995 32.5000038
v 27.0000019 -166.869995 18.0000076
v 26.3200016 -157.070007 23.7500076
v 26.3200016 -157.070007 23.7500076
v 27.0000019 -166.869995 18.0000076
v 26.3200016 -157.070007 14.4600077
v 19.7399998 64.2799988 -30.7600021
v 19.8099995 78.8099976 -37.970005
v 18.3199997 74.0999985 -30.7800026
v 19.8099995 78.8099976 -37.970005
v 19.7399998 64.2799988 -30.7600021
v 24.0400009 66.8399963 -45.5700035
v 19.8099995 78.8099976 -37.970005
v 24.0400009 66.8399963 -45.5700035
v 24.3499985 84.2399979 -54.340004
v 19.7399998 64.2799988 -30.7600021
v 24.1000004 48.9899979 -37.7700043
v 24.0400009 66.8399963 -45.5700035
v 24.1000004 48.9899979 -37.7700043
v 19.7399998 64.2799988 -30.7600021
v 21.8799992 49.0200005 -30.7400017
v 21.8799992 49.0200005 -30.7400017
v 24.6599998 34.1899986 -32.9300003
v 24.1000004 48.9899979 -37.7700043
v 24.6599998 34.1899986 -32.9300003
v 21.8799992 49.0200005 -30.7400017
v 23.960001 34.2000008 -30.7300034
v 23.960001 34.2000008 -30.7300034
v 26.2600002 19.3799992 -31.3899994
v 24.6599998 34.1899986 -32.9300003
v 26.2600002 19.3799992 -31.3899994
v 23.960001 34.2000008 -30.7300034
v 26.039999 19.3899994 -30.7099991
v -109.970001 116.159996 -16.8600044
v -66.6100006 115.339996 -8.83000469
v -96.1100006 131.850006 -8.83000565
v -66.6100006 115.339996 -8.83000469
v -109.970001 116.159996 -16.8600044
v -73.6199951 94.4599991 -16.8600044
v -74.9899979 76.8000031 -16.8600025
v -73.6199951 94.4599991 -16.8600044
v -109.970001 116.159996 -16.8600044
v -74.9899979 76.8000031 -16.8600025
v -109.970001 116.159996 -16.8600044
v -133.360001 71.4700012 -16.8600025
v -76.1200027 54.079998 -16.8600025
v -74.9899979 76.8000031 -16.8600025
v -133.360001 71.4700012 -16.8600025
v -76.1200027 54.079998 -16.8600025
v -69.1900024 72.6999969 -16.8600025
v -74.9899979 76.8000031 -16.8600025
v -69.1900024 72.6999969 -16.8600025
v -76.1200027 54.079998 -16.8600025
v -70.1200027 57.9799995 -16.8600025
v -70.1200027 57.9799995 -16.8600025
v -66.7900009 65.6999969 -16.8600025
v -69.1900024 72.6999969 -16.8600025
v -133.360001 71.4700012 -16.8600025
v -53.6400032 16.8199997 -16.8599987
v -76.1200027 54.079998 -16.8600025
v -53.6400032 16.8199997 -16.8599987
v -52.6300011 22.7000008 -16.8600006
v -76.1200027 54.079998 -16.8600025
v -55.4899979 7.56999922 -8.82999992
v -92.4399948 31.9899998 1.82999861
v -55.4899979 7.57000017 1.82999969
v -92.4399948 31.9899998 1.82999861
v -55.4899979 7.56999922 -8.82999992
v -92.4399948 31.9899998 -8.83000088
v 66.6100006 115.339996 1.32999492
v 109.970001 116.159996 9.35999489
v 73.6199951 94.4599991 9.35999489
v 74.9899979 76.8000031 9.35999584
v 73.6199951 94.4599991 9.35999489
v 109.970001 116.159996 9.35999489
v 133.360001 71.4700012 9.3599968
v 74.9899979 76.8000031 9.35999584
v 109.970001 116.159996 9.35999489
v 76.1200027 54.079998 9.35999775
v 74.9899979 76.8000031 9.35999584
v 133.360001 71.4700012 9.3599968
v 76.1200027 54.079998 9.35999775
v 69.1900024 72.6999969 9.3599968
v 74.9899979 76.8000031 9.35999584
v 69.1900024 72.6999969 9.3599968
v 76.1200027 54.079998 9.35999775
v 70.1200027 57.9799995 9.35999775
v 70.1200027 57.9799995 9.35999775
v 66.7900009 65.6999969 9.3599968
v 69.1900024 72.6999969 9.3599968
v 133.360001 71.4700012 9.3599968
v 53.6400032 16.8199997 9.3599987
v 76.1200027 54.079998 9.35999775
v 53.6400032 16.8199997 9.3599987
v 52.6300011 22.7000008 9.3599987
v 76.1200027 54.079998 9.35999775
v 31.0400009 74.2900009 -22.2500019
v 45 67.6299973 -22.2500019
v 45 67.6299973 17.0499973
v 45 67.6299973 17.0499973
v 23 78.1299973 11.4599962
v 31.0400009 74.2900009 -22.2500019
v 31.0400009 74.2900009 -22.2500019
v 23 78.1299973 11.4599962
v 23 78.1299973 -22.2500019
v 23 78.1299973 11.4599962
v 45 67.6299973 17.0499973
v 23 78.1299973 22.2499962
v 45 67.6299973 17.0499973
v 34 72.8799973 22.2499962
v 23 78.1299973 22.2499962
v 53.8500023 16.9599991 5.40999937
v 92.4399948 31.9899998 1.82999861
v 55.4899979 7.57000017 1.82999969
v 92.4399948 31.9899998 1.82999861
v 53.8500023 16.9599991 5.40999937
v 90.1200027 41.8300018 5.71999788
v 3.75000024 -72.7699966 -19.0999966
v 3.18000031 -98.1100006 -12.8899965
v 3.75999999 -98.5899963 -15.7899961
v 3.13999987 -111.93 -10.0999947
v 3.75999999 -98.5899963 -15.7899961
v 3.18000031 -98.1100006 -12.8899965
v 3.75999999 -98.5899963 -15.7899961
v 3.13999987 -111.93 -10.0999947
v 3.72000003 -114.870003 -12.4999952
v 3.13999987 -111.93 -10.0999947
v 3.55999994 -114.870003 5.00000477
v 3.72000003 -114.870003 -12.4999952
v 3.55999994 -114.870003 5.00000477
v 3.13999987 -111.93 -10.0999947
v 2.98000002 -111.93 4.13000488
v 3.29999995 -99.8700027 22.5700054
v 3.55999994 -114.870003 5.00000477
v 2.98000002 -111.93 4.13000488
v 3.55999994 -114.870003 5.00000477
v 3.29999995 -99.8700027 22.5700054
v 3.88000011 -101.470009 25.5000019
v 3.88000011 -101.470009 25.5000019
v 3.29999995 -99.8700027 22.5700054
v 4.5 -85.9700012 25.5000019
v 25 -34.3699989 25.5000019
v 25 11.6300011 15.5
v 25 11.6299992 -19.5
v 25 -34.3699989 25.5000019
v 25 11.6299992 -19.5
v 25 -72.7699966 -19.0999966
v 25 -72.7699966 -19.0999966
v 25 -99.3700027 5.00000477
v 25 -34.3699989 25.5000019
v 25 -85.9700012 25.5000019
v 25 -34.3699989 25.5000019
v 25 -99.3700027 5.00000477
v 25 -99.3700027 5.00000477
v 15.5 -101.470009 25.5000019
v 25 -85.9700012 25.5000019
v 15.5 -101.470009 25.5000019
v 25 -99.3700027 5.00000477
v 15.5 -114.870003 5.00000477
v 15.5 -114.870003 -12.4999952
v 15.5 -114.870003 5.00000477
v 25 -99.3700027 5.00000477
v 23.5 -98.5899963 -15.7899961
v 15.5 -114.870003 -12.4999952
v 25 -99.3700027 5.00000477
v 23.5 -98.5899963 -15.7899961
v 25 -99.3700027 5.00000477
v 25 -72.7699966 -19.0999966
v 38.5 57.6300011 -24.0000019
v 28 82.1300049 -24.0000019
v 14 82.1300049 -32.0000038
v 25.2000008 0.789998591 -32
v 38.5 57.6300011 -24.0000019
v 14 82.1300049 -32.0000038
v 25.2000008 0.789998591 -32
v 27.5 -15.8700018 -23.1999989
v 38.5 57.6300011 -24.0000019
v 0 -3.26000166 -32
v 27.5 -15.8700018 -23.1999989
v 25.2000008 0.789998591 -32
v 27.5 -15.8700018 -23.1999989
v 0 -3.26000166 -32
v 0 -21.3700008 -23.1999969
v 0 -3.26000166 -32
v -27.5 -15.8700018 -23.1999989
v 0 -21.3700008 -23.1999969
v -27.5 -15.8700018 -23.1999989
v 0 -3.26000166 -32
v -25.2000008 0.789998591 -32
v -38.5 57.6300011 -24.0000019
v -27.5 -15.8700018 -23.1999989
v -25.2000008 0.789998591 -32
v 25.2000008 0.789998591 -32
v 14 82.1300049 -32.0000038
v 0 -3.26000166 -32
v 14 82.1300049 -32.0000038
v -14 82.1300049 -32.0000038
v 0 -3.26000166 -32
v -14 82.1300049 -32.0000038
v -25.2000008 0.789998591 -32
v 0 -3.26000166 -32
v -38.5 57.6300011 -24.0000019
v -25.2000008 0.789998591 -32
v -14 82.1300049 -32.0000038
v -28 82.1300049 -24.0000019
v -38.5 57.6300011 -24.0000019
v -14 82.1300049 -32.0000038
v -52.6300011 22.7000008 9.3599987
v -53.6400032 16.8199997 9.3599987
v -76.1200027 54.079998 9.35999775
v -53.6400032 16.8199997 9.3599987
v -133.360001 71.4700012 9.3599968
v -76.1200027 54.079998 9.35999775
v -74.9899979 76.8000031 9.35999584
v -76.1200027 54.079998 9.35999775
v -133.360001 71.4700012 9.3599968
v -69.1900024 72.6999969 9.3599968
v -76.1200027 54.079998 9.35999775
v -74.9899979 76.8000031 9.35999584
v -76.1200027 54.079998 9.35999775
v -69.1900024 72.6999969 9.3599968
v -70.1200027 57.9799995 9.35999775
v -66.7900009 65.6999969 9.3599968
v -70.1200027 57.9799995 9.35999775
v -69.1900024 72.6999969 9.3599968
v -29.710001 -155.200012 17.6100082
v -32.5500031 -154.550003 13.5200071
v -26.3200016 -157.070007 14.4600077
v -26.3200016 -157.070007 23.7500076
v -29.710001 -155.200012 17.6100082
v -26.3200016 -157.070007 14.4600077
v 32.5500031 -154.550003 13.5200071
v 29.710001 -155.200012 17.6100082
v 26.3200016 -157.070007 14.4600077
v 29.710001 -155.200012 17.6100082
v 26.3200016 -157.070007 23.7500076
v 26.3200016 -157.070007 14.4600077
v -3.18000031 -98.1100006 -12.8899965
v -3.75000024 -72.7699966 -19.0999966
v -3.75999999 -98.5899963 -15.7899961
v -3.75999999 -98.5899963 -15.7899961
v -3.13999987 -111.93 -10.0999947
v -3.18000031 -98.1100006 -12.8899965
v -3.13999987 -111.93 -10.0999947
v -3.75999999 -98.5899963 -15.7899961
v -3.72000003 -114.870003 -12.4999952
v -3.55999994 -114.870003 5.00000477
v -3.13999987 -111.93 -10.0999947
v -3.72000003 -114.870003 -12.4999952
v -3.13999987 -111.93 -10.0999947
v -3.55999994 -114.870003 5.00000477
v -2.98000002 -111.93 4.13000488
v -3.55999994 -114.870003 5.00000477
v -3.29999995 -99.8700027 22.5700054
v -2.98000002 -111.93 4.13000488
v -3.29999995 -99.8700027 22.5700054
v -3.55999994 -114.870003 5.00000477
v -3.88000011 -101.470009 25.5000019
v -3.29999995 -99.8700027 22.5700054
v -3.88000011 -101.470009 25.5000019
v -4.5 -85.9700012 25.5000019
v -25 11.6300011 15.5
v -25 -34.3699989 25.5000019
v -25 11.6299992 -19.5
v -25 11.6299992 -19.5
v -25 -34.3699989 25.5000019
v -25 -72.7699966 -19.0999966
v -25 -99.3700027 5.00000477
v -25 -72.7699966 -19.0999966
v -25 -34.3699989 25.5000019
v -25 -99.3700027 5.00000477
v -23.5 -98.5899963 -15.7899961
v -25 -72.7699966 -19.0999966
v -15.5 -114.870003 -12.4999952
v -23.5 -98.5899963 -15.7899961
v -25 -99.3700027 5.00000477
v -15.5 -114.870003 5.00000477
v -15.5 -114.870003 -12.4999952
v -25 -99.3700027 5.00000477
v -25 -99.3700027 5.00000477
v -15.5 -101.470009 25.5000019
v -15.5 -114.870003 5.00000477
v -15.5 -101.470009 25.5000019
v -25 -99.3700027 5.00000477
v -25 -85.9700012 25.5000019
v -25 -34.3699989 25.5000019
v -25 -85.9700012 25.5000019
v -25 -99.3700027 5.00000477
v -21.5 -13.8699989 11.710001
v -27.9199982 -10.4300003 -22.25
v -56 4.62999916 -22.25
v -56 4.63000107 21.6499996
v -21.5 -13.8699989 11.710001
v -56 4.62999916 -22.25
v -56 4.63000107 21.6499996
v -21.5 -13.869998 31.25
v -21.5 -13.8699989 11.710001
v -56 4.63000107 21.6499996
v -38.75 -4.61999846 31.25
v -21.5 -13.869998 31.25
v -21.9799995 15.6600018 31.25
v -23 78.1299973 22.2499962
v -23 78.1299973 11.4599962
v -21.9799995 15.6600018 31.25
v -23 78.1299973 11.4599962
v -21.5 -13.8699989 11.710001
v -21.5 -13.8699989 11.710001
v -21.5 -13.869998 31.25
v -21.9799995 15.6600018 31.25
v -23 78.1299973 11.4599962
v -31.0400009 74.2900009 -22.2500019
v -23 78.1299973 -22.2500019
v -45 67.6299973 -22.2500019
v -31.0400009 74.2900009 -22.2500019
v -23 78.1299973 11.4599962
v -23 78.1299973 11.4599962
v -45 67.6299973 17.0499973
v -45 67.6299973 -22.2500019
v -45 67.6299973 17.0499973
v -23 78.1299973 11.4599962
v -23 78.1299973 22.2499962
v -34 72.8799973 22.2499962
v -45 67.6299973 17.0499973
v -23 78.1299973 22.2499962
v -45 67.6299973 17.0499973
v -51.7900009 28.7400017 21.6499977
v -45 67.6299973 -22.2500019
v -51.7900009 28.7400017 21.6499977
v -56 4.62999916 -22.25
v -45 67.6299973 -22.2500019
v -56 4.62999916 -22.25
v -51.7900009 28.7400017 21.6499977
v -56 4.63000107 21.6499996
v 14.1700001 98.8300018 -17.8200054
v 16.3600006 98.8300018 -10.2000046
v 14.1700001 98.8300018 -2.58000445
v 14.1700001 98.8300018 -2.58000445
v 8.18000031 98.8300018 -23.4100037
v 14.1700001 98.8300018 -17.8200054
v 8.18000031 98.8300018 -23.4100037
v 14.1700001 98.8300018 -2.58000445
v 8.18000031 98.8300018 3.0099957
v 8.18000031 98.8300018 3.0099957
v 0 98.8300018 -25.4500027
v 8.18000031 98.8300018 -23.4100037
v 0 98.8300018 -25.4500027
v 8.18000031 98.8300018 3.0099957
v 0 98.8300018 5.0499959
v -8.18000031 98.8300018 3.0099957
v 0 98.8300018 -25.4500027
v 0 98.8300018 5.0499959
v 0 98.8300018 -25.4500027
v -8.18000031 98.8300018 3.0099957
v -8.18000031 98.8300018 -23.4100037
v -14.1700001 98.8300018 -2.58000445
v -8.18000031 98.8300018 -23.4100037
v -8.18000031 98.8300018 3.0099957
v -8.18000031 98.8300018 -23.4100037
v -14.1700001 98.8300018 -2.58000445
v -14.1700001 98.8300018 -17.8200054
v -14.1700001 98.8300018 -17.8200054
v -14.1700001 98.8300018 -2.58000445
v -16.3600006 98.8300018 -10.2000046
v 27.9199982 -10.4300003 -22.25
v 21.5 -13.8699989 11.710001
v 56 4.62999916 -22.25
v 21.5 -13.8699989 11.710001
v 56 4.63000107 21.6499996
v 56 4.62999916 -22.25
v 21.5 -13.869998 31.25
v 56 4.63000107 21.6499996
v 21.5 -13.8699989 11.710001
v 38.75 -4.61999846 31.25
v 56 4.63000107 21.6499996
v 21.5 -13.869998 31.25
v 23 78.1299973 22.2499962
v 21.9799995 15.6600018 31.25
v 23 78.1299973 11.4599962
v 23 78.1299973 11.4599962
v 21.9799995 15.6600018 31.25
v 21.5 -13.8699989 11.710001
v 21.5 -13.869998 31.25
v 21.5 -13.8699989 11.710001
v 21.9799995 15.6600018 31.25
v 51.7900009 28.7400017 21.6499977
v 45 67.6299973 17.0499973
v 45 67.6299973 -22.2500019
v 56 4.62999916 -22.25
v 51.7900009 28.7400017 21.6499977
v 45 67.6299973 -22.2500019
v 51.7900009 28.7400017 21.6499977
v 56 4.62999916 -22.25
v 56 4.63000107 21.6499996

# 476 UV coordinates
vt 0.665000021 0.432099998 0
vt 0.612299979 0.479300022 0
vt 0.639299989 0.428799987 0
vt 0.670000017 0.480599999 0
vt 0.619400024 0.596300006 0
vt 0.680299997 0.592599988 0
vt 0.688000023 0.592000008 0
vt 0.682900012 0.536599994 0
vt 0.677900016 0.48119998 0
vt 0.750999987 0.418799996 0
vt 0.672999978 0.433300018 0
vt 0.552399993 0.16049999 0
vt 0.548500001 0.204900026 0
vt 0.560100019 0.212800026 0
vt 0.693899989 0.226300001 0
vt 0.612600029 0.138499975 0
vt 0.612500012 0.1954 0
vt 0.693899989 0.107599974 0
vt 0.77640003 0.226300001 0
vt 0.77640003 0.107599974 0
vt 0.776499987 0.017700016 0
vt 0.693899989 0.087300003 0
vt 0.77640003 0.087300003 0
vt 0.694000006 0.017700016 0
vt 0.606899977 0.017700016 0
vt 0.606899977 0.087300003 0
vt 0.917599976 0.017700016 0
vt 0.798799992 0.087300003 0
vt 0.798799992 0.017700016 0
vt 0.917599976 0.087300003 0
vt 0.294099987 0.633599997 0
vt 0.254299998 0.66080001 0
vt 0.29429999 0.66049999 0
vt 0.254099995 0.63350001 0
vt 0.198100001 0.634600013 0
vt 0.198300004 0.661199987 0
vt 0.380800009 0.762600005 0
vt 0.315800011 0.726099998 0
vt 0.315800011 0.748899996 0
vt 0.380800009 0.712399989 0
vt 0.490399987 0.762600005 0
vt 0.490399987 0.712399989 0
vt 0.380800009 0.699299991 0
vt 0.314500004 0.702699989 0
vt 0.314500004 0.692900002 0
vt 0.380800009 0.706800014 0
vt 0.490399987 0.706800014 0
vt 0.490399987 0.699299991 0
vt 0.162 0.115800023 0
vt 0.289799988 0.198000014 0
vt 0.289799988 0.115800023 0
vt 0.162 0.198000014 0
vt 0.2579 0.216300011 0
vt 0.193900004 0.216300011 0
vt 0.922399998 0.438300014 0
vt 0.963999987 0.388000011 0
vt 0.940800011 0.388000011 0
vt 0.982299984 0.438300014 0
vt 0.982299984 0.478699982 0
vt 0.922399998 0.478699982 0
vt 0.922399998 0.495000005 0
vt 0.982299984 0.495000005 0
vt 0.922399998 0.511900008 0
vt 0.982299984 0.511900008 0
vt 0.922399998 0.530999988 0
vt 0.982299984 0.530999988 0
vt 0.922399998 0.547399998 0
vt 0.982299984 0.547399998 0
vt 0.489300013 0.854000002 0
vt 0.5255 0.9518 0
vt 0.52579999 0.854000002 0
vt 0.489600003 0.9518 0
vt 0.504000008 0.9911 0
vt 0.511200011 0.9911 0
vt 0.0375000015 0.207700014 0
vt 0.0102000004 0.190599978 0
vt 0.0104999999 0.208500028 0
vt 0.0355999991 0.190500021 0
vt 0.0285 0.15079999 0
vt 0.0189999994 0.150600016 0
vt 0.065700002 0.132300019 0
vt 0.0401000008 0.142700016 0
vt 0.066200003 0.141600013 0
vt 0.0395999998 0.133400023 0
vt 0.86559999 0.2773 0
vt 0.800700009 0.164699972 0
vt 0.871299982 0.164699972 0
vt 0.941799998 0.164699972 0
vt 0.979700029 0.286499977 0
vt 0.482800007 0.819900006 0
vt 0.439799994 0.9168 0
vt 0.441300005 0.806999996 0
vt 0.480399996 0.9177 0
vt 0.467099994 0.957400002 0
vt 0.430799991 0.963300001 0
vt 0.218700007 0.062900007 0
vt 0.351000011 0.029900014 0
vt 0.171800002 0.014500022 0
vt 0.320100009 0.065599978 0
vt 0.422899991 0.062699974 0
vt 0.425099999 0.036199987 0
vt 0.461600006 0.059099972 0
vt 0.463099986 0.039200008 0
vt 0.485300004 0.040899992 0
vt 0.48300001 0.073599994 0
vt 0.460299999 0.080200016 0
vt 0.354600012 0.096899986 0
vt 0.449099988 0.266900003 0
vt 0.448799998 0.086600006 0
vt 0.374300003 0.275099993 0
vt 0.437700003 0.341700017 0
vt 0.382299989 0.347800016 0
vt 0.424499989 0.403100014 0
vt 0.388799995 0.407000005 0
vt 0.424600005 0.429199994 0
vt 0.3917 0.432900012 0
vt 0.352499992 0.271200001 0
vt 0.318199992 0.360800028 0
vt 0.312000006 0.271200001 0
vt 0.351999998 0.360800028 0
vt 0.32069999 0.397899985 0
vt 0.345699996 0.396799982 0
vt 0.335399985 0.424700022 0
vt 0.321999997 0.416999996 0
vt 0.32280001 0.428200006 0
vt 0.145300001 0.661900014 0
vt 0.127599999 0.674400002 0
vt 0.145300001 0.675099999 0
vt 0.127599999 0.650999993 0
vt 0.068599999 0.650999993 0
vt 0.0687000006 0.708200008 0
vt 0.127599999 0.684700012 0
vt 0.127599999 0.708099991 0
vt 0.145300001 0.697299987 0
vt 0.145300001 0.683999985 0
vt 0.0148 0.650999993 0
vt 0.0148999998 0.708200008 0
vt 0.680800021 0.9803 0
vt 0.644200027 0.9858 0
vt 0.665600002 0.9931 0
vt 0.65990001 0.953699999 0
vt 0.61559999 0.9582 0
vt 0.610899985 0.974300001 0
vt 0.5801 0.9582 0
vt 0.578599989 0.963199999 0
vt 0.546700001 0.950599998 0
vt 0.546299994 0.952100001 0
vt 0.703800023 0.946699999 0
vt 0.550800025 0.923799999 0
vt 0.577899992 0.908699997 0
vt 0.549899995 0.921800002 0
vt 0.579999983 0.914099999 0
vt 0.609099984 0.894299999 0
vt 0.61559999 0.910700001 0
vt 0.640999973 0.879900001 0
vt 0.660099983 0.910999999 0
vt 0.67839998 0.882600002 0
vt 0.66049999 0.870100006 0
vt 0.70450002 0.913800001 0
vt 0.540199995 0.9923 0
vt 0.58099997 0.9801 0
vt 0.540199995 0.979800001 0
vt 0.58099997 0.9926 0
vt 0.600899994 0.9924 0
vt 0.602599978 0.979800001 0
vt 0.143999994 0.566799998 0
vt 0.208000004 0.486400008 0
vt 0.143999994 0.486400008 0
vt 0.208000004 0.566799998 0
vt 0.272100002 0.486400008 0
vt 0.272100002 0.566799998 0
vt 0.755500019 0.840200007 0
vt 0.784300029 0.673799992 0
vt 0.755500019 0.694299996 0
vt 0.824599981 0.863100007 0
vt 0.612900019 0.791500002 0
vt 0.620700002 0.844500005 0
vt 0.625400007 0.799899995 0
vt 0.600300014 0.8477 0
vt 0.619700015 0.872500002 0
vt 0.593900025 0.877700001 0
vt 0.582799971 0.850199997 0
vt 0.570800006 0.880999997 0
vt 0.602400005 0.782600001 0
vt 0.0100999996 0.787300006 0
vt 0.054299999 0.780900002 0
vt 0.0427000001 0.765499994 0
vt 0.0264999997 0.809300005 0
vt 0.0675000027 0.794100001 0
vt 0.0439999998 0.827700004 0
vt 0.0824000016 0.804399997 0
vt 0.0628999993 0.840900004 0
vt 0.0843999982 0.849199995 0
vt 0.0992000028 0.811100006 0
vt 0.109399997 0.853599995 0
vt 0.117600001 0.814700007 0
vt 0.136800006 0.854900002 0
vt 0.136800006 0.815699995 0
vt 0.156000003 0.814700007 0
vt 0.164199993 0.853599995 0
vt 0.174400002 0.811100006 0
vt 0.189199999 0.849199995 0
vt 0.191200003 0.804399997 0
vt 0.210700005 0.840900004 0
vt 0.229599997 0.827700004 0
vt 0.206100002 0.794100001 0
vt 0.247099996 0.809300005 0
vt 0.219300002 0.780900002 0
vt 0.263500005 0.787300006 0
vt 0.230900005 0.765499994 0
vt 0.133399993 0.019800007 0
vt 0.0410000011 0.041299999 0
vt 0.142100006 0.041299999 0
vt 0.0329999998 0.01789999 0
vt 0.0467000008 0.190500021 0
vt 0.0661000013 0.149299979 0
vt 0.0395999998 0.1505 0
vt 0.0987000018 0.190500021 0
vt 0.0487000011 0.207899988 0
vt 0.122500002 0.215600014 0
vt 0.982299984 0.636900008 0
vt 0.922399998 0.636900008 0
vt 0.982299984 0.6505 0
vt 0.922399998 0.6505 0
vt 0.470299989 0.9713 0
vt 0.431800008 0.9713 0
vt 0.467999995 0.964400001 0
vt 0.437099993 0.9874 0
vt 0.131400004 0.207799971 0
vt 0.125499994 0.164900005 0
vt 0.150299996 0.189300001 0
vt 0.107699998 0.183000028 0
vt 0.0754000023 0.142199993 0
vt 0.0819000006 0.135399997 0
vt 0.0322999991 0.073800027 0
vt 0.0092000002 0.040499985 0
vt 0.0322999991 0.049399972 0
vt 0.0092000002 0.082599998 0
vt 0.57980001 0.017700016 0
vt 0.522800028 0.087300003 0
vt 0.57980001 0.087300003 0
vt 0.522800028 0.017700016 0
vt 0.502699971 0.712399989 0
vt 0.495099992 0.762600005 0
vt 0.502699971 0.762600005 0
vt 0.495099992 0.712399989 0
vt 0.75150001 0.408500016 0
vt 0.671400011 0.399900019 0
vt 0.675700009 0.422699988 0
vt 0.747300029 0.385699987 0
vt 0.689999998 0.599900007 0
vt 0.910700023 0.659799993 0
vt 0.910700023 0.599900007 0
vt 0.689999998 0.659799993 0
vt 0.515100002 0.784199998 0
vt 0.535000026 0.841999993 0
vt 0.550700009 0.809200004 0
vt 0.493200004 0.829999998 0
vt 0.800700009 0.153400004 0
vt 0.941600025 0.113399982 0
vt 0.800599992 0.113399982 0
vt 0.941799998 0.153400004 0
vt 0.770399988 0.470300019 0
vt 0.791800022 0.505199999 0
vt 0.0966999978 0.450699985 0
vt 0.0144999996 0.389800012 0
vt 0.0966999978 0.389800012 0
vt 0.0144999996 0.450699985 0
vt 0.0948999971 0.620400012 0
vt 0.0144999996 0.620400012 0
vt 0.507000029 0.415300012 0
vt 0.533200026 0.398000002 0
vt 0.532400012 0.421899974 0
vt 0.518700004 0.39230001 0
vt 0.484499991 0.356700003 0
vt 0.504999995 0.35710001 0
vt 0.52759999 0.356700003 0
vt 0.529600024 0.395900011 0
vt 0.548099995 0.364799976 0
vt 0.544399977 0.403400004 0
vt 0.492500007 0.281700015 0
vt 0.528999984 0.280700028 0
vt 0.564100027 0.262600005 0
vt 0.535899997 0.20569998 0
vt 0.495499998 0.152199984 0
vt 0.539900005 0.157500029 0
vt 0.469399989 0.281799972 0
vt 0.470400006 0.101199985 0
vt 0.551500022 0.101700008 0
vt 0.548399985 0.152499974 0
vt 0.339599997 0.610700011 0
vt 0.301400006 0.584199995 0
vt 0.301600009 0.611099988 0
vt 0.33919999 0.565600008 0
vt 0.398999989 0.610199988 0
vt 0.398600012 0.561699986 0
vt 0.591300011 0.560200006 0
vt 0.592199981 0.674299985 0
vt 0.399100006 0.627299994 0
vt 0.399500012 0.675900012 0
vt 0.340000004 0.672899991 0
vt 0.339700013 0.627799988 0
vt 0.301899999 0.654900014 0
vt 0.301800013 0.627999991 0
vt 0.339399993 0.611999989 0
vt 0.339599997 0.62650001 0
vt 0.307300001 0.612399995 0
vt 0.307399988 0.626700014 0
vt 0.274800003 0.613000005 0
vt 0.274899989 0.626599997 0
vt 0.2245 0.612699986 0
vt 0.224600002 0.627799988 0
vt 0.192000002 0.610300004 0
vt 0.192200005 0.630800009 0
vt 0.70450002 0.939199999 0
vt 0.660000026 0.926700003 0
vt 0.70450002 0.926700003 0
vt 0.660000026 0.939199999 0
vt 0.615499973 0.926700003 0
vt 0.615499973 0.939300001 0
vt 0.579900026 0.930200003 0
vt 0.579900026 0.939300001 0
vt 0.549700022 0.936099999 0
vt 0.545700014 0.939300001 0
vt 0.548099995 0.9344 0
vt 0.54460001 0.938000001 0
vt 0.275999993 0.962000001 0
vt 0.257499993 0.9659 0
vt 0.275599986 0.966800001 0
vt 0.257699996 0.961100001 0
vt 0.241300002 0.961199999 0
vt 0.241500005 0.965999998 0
vt 0.223199993 0.966499999 0
vt 0.222499996 0.9617 0
vt 0.240899995 0.9564 0
vt 0.221100003 0.956900001 0
vt 0.276499987 0.9571 0
vt 0.257999986 0.9564 0
vt 0.258300006 0.951699998 0
vt 0.240500003 0.951699998 0
vt 0.219799995 0.952 0
vt 0.2403 0.947000001 0
vt 0.2192 0.947000001 0
vt 0.219799995 0.9419 0
vt 0.27700001 0.952100001 0
vt 0.277200013 0.947000001 0
vt 0.258399993 0.947000001 0
vt 0.258300006 0.942299999 0
vt 0.240500003 0.942200001 0
vt 0.221100003 0.936999999 0
vt 0.240899995 0.9375 0
vt 0.222499996 0.932300001 0
vt 0.241300002 0.932700001 0
vt 0.223199993 0.927500002 0
vt 0.27700001 0.941799998 0
vt 0.257999986 0.937600002 0
vt 0.276499987 0.936800003 0
vt 0.257699996 0.932800002 0
vt 0.275999993 0.931999996 0
vt 0.257499993 0.928000003 0
vt 0.241500005 0.927900001 0
vt 0.275599986 0.927100003 0
vt 0.0410000011 0.08069998 0
vt 0.133399993 0.102299988 0
vt 0.142100006 0.08069998 0
vt 0.0329999998 0.104099989 0
vt 0.8204 0.549899995 0
vt 0.913200021 0.592000008 0
vt 0.907500029 0.578799993 0
vt 0.808300018 0.505199999 0
vt 0.826499999 0.534299999 0
vt 0.822399974 0.515199989 0
vt 0.0410000011 0.073800027 0
vt 0.142100006 0.049399972 0
vt 0.142100006 0.073800027 0
vt 0.0410000011 0.049399972 0
vt 0.292699993 0.748899996 0
vt 0.302399993 0.726099998 0
vt 0.292699993 0.726099998 0
vt 0.302399993 0.748899996 0
vt 0.255400002 0.579899997 0
vt 0.295300007 0.60679999 0
vt 0.295300007 0.579899997 0
vt 0.255400002 0.607199997 0
vt 0.199399993 0.6065 0
vt 0.199399993 0.579899997 0
vt 0.885399997 0.49879998 0
vt 0.833500028 0.492600024 0
vt 0.833500028 0.49879998 0
vt 0.885399997 0.492600024 0
vt 0.884599984 0.441200018 0
vt 0.834399998 0.441200018 0
vt 0.884000003 0.408100009 0
vt 0.834999979 0.408100009 0
vt 0.859600008 0.401499987 0
vt 0.859000027 0.386600018 0
vt 0.832599998 0.3926 0
vt 0.886699975 0.391799986 0
vt 0.0896999985 0.35710001 0
vt 0.0135000004 0.328999996 0
vt 0.0255999994 0.35710001 0
vt 0.1017 0.328999996 0
vt 0.0891000032 0.244799972 0
vt 0.0261000004 0.244799972 0
vt 0.057599999 0.238499999 0
vt 0.623899996 0.713800013 0
vt 0.623899996 0.7491 0
vt 0.534200013 0.749000013 0
vt 0.546999991 0.693399996 0
vt 0.624000013 0.693399996 0
vt 0.522300005 0.693300009 0
vt 0.522300005 0.721199989 0
vt 0.27700001 0.768900007 0
vt 0.261700004 0.711299986 0
vt 0.268400013 0.710099995 0
vt 0.254799992 0.679800004 0
vt 0.26030001 0.673000008 0
vt 0.220300004 0.673000008 0
vt 0.222299993 0.679800004 0
vt 0.179800004 0.706800014 0
vt 0.173099995 0.702899992 0
vt 0.171900004 0.738299996 0
vt 0.486600012 0.44749999 0
vt 0.591799974 0.469900012 0
vt 0.592100024 0.549800009 0
vt 0.399300009 0.549800009 0
vt 0.3389 0.494899988 0
vt 0.368800014 0.448000014 0
vt 0.326799989 0.444899976 0
vt 0.297800004 0.493900001 0
vt 0.297800004 0.534399986 0
vt 0.3398 0.542100012 0
vt 0.299199998 0.287 0
vt 0.276600003 0.230300009 0
vt 0.239600003 0.231400013 0
vt 0.263700008 0.415499985 0
vt 0.279500008 0.455600023 0
vt 0.207900003 0.425899982 0
vt 0.208100006 0.475600004 0
vt 0.136800006 0.456799984 0
vt 0.151899993 0.416100025 0
vt 0.114699997 0.287100017 0
vt 0.175300002 0.231400013 0
vt 0.139200002 0.229799986 0
vt 0.481099993 0.39380002 0
vt 0.475699991 0.383599997 0
vt 0.470600009 0.398299992 0
vt 0.489300013 0.408200026 0
vt 0.815999985 0.9551 0
vt 0.824500024 0.8763 0
vt 0.755500019 0.853400007 0
vt 0.723999977 0.948600002 0
vt 0.801999986 0.9975 0
vt 0.759599984 0.9835 0
vt 0.574699998 0.850199997 0
vt 0.594299972 0.782600001 0
vt 0.583199978 0.777600005 0
vt 0.541700006 0.871900007 0
vt 0.562699974 0.880999997 0
vt 0.641900003 0.694400012 0
vt 0.632600009 0.783700004 0
vt 0.731999993 0.693899989 0
vt 0.731999993 0.840599999 0
vt 0.630400002 0.8398 0
vt 0.165299997 0.786899999 0
vt 0.166999996 0.768800005 0
vt 0.158800006 0.752700001 0
vt 0.154300004 0.801899999 0
vt 0.143000007 0.742700011 0
vt 0.136800006 0.810000002 0
vt 0.1237 0.741600007 0
vt 0.106299996 0.74970001 0
vt 0.117600001 0.809 0
vt 0.0952000022 0.764799997 0
vt 0.101800002 0.798999995 0
vt 0.0935999975 0.782900006 0

# 544 vertex normals
vn 0.749502182 0.662001848 -2.89370234e-08
vn -0.885993958 0.463696808 -2.02688319e-08
vn 0 -4.37113883e-08 -1
vn -0.178396896 0.318794459 0.930883765
vn 0.885993958 0.463696808 -2.02688319e-08
vn 0 -0.937307715 -0.348502845
vn -0.51630348 -0.856405675 3.74346811e-08
vn -0.154595643 0.0931973308 -0.983572304
vn -0.303991944 0.183295086 -0.93487525
vn -0.51630348 0.856405675 -3.74346811e-08
vn -0.856361449 -0.516376734 2.25715429e-08
vn -0.154595643 0.0931974202 0.983572304
vn 0 4.37113883e-08 1
vn -0.303991944 0.18329519 0.93487525
vn 0 -1 4.37113883e-08
vn 0 -0.958407819 0.285402387
vn 0 -0.8370471 0.547130823
vn 0 -0.0422004312 -0.999109209
vn 0 -0.0632997006 -0.997994602
vn 0 -0.0210995618 -0.999777377
vn 0.994587958 -0.103898741 4.54155868e-09
vn 0.978404164 -0.206700891 9.03518238e-09
vn 1 0 0
vn 0 1 -4.37113883e-08
vn 0.979936957 -0.199307531 8.71200889e-09
vn 0.947991014 -0.318296969 1.3913203e-08
vn 0.905156076 0.425079376 -1.8580808e-08
vn 0.731567144 0.681769431 -2.98010878e-08
vn 0.859997392 0.510298431 -2.23058532e-08
vn 0.995986938 0.0894988254 -3.91211774e-09
vn 0.986160517 -0.165793374 7.24705851e-09
vn 0.825093806 -0.564995766 2.46967478e-08
vn 0.695817769 -0.718218267 3.13943183e-08
vn 0.984569371 -0.174994558 7.64925456e-09
vn -0.88368088 0.468089908 -2.04608579e-08
vn -0.773498118 0.63379848 -2.77042123e-08
vn -0.632589519 0.774487197 -3.38539081e-08
vn -0.936333179 0.351112425 -1.53476112e-08
vn -0.937197447 0.34879905 -1.52464903e-08
vn -0.938055992 0.346483737 -1.51452859e-08
vn 0.45631057 0.889820635 -3.88952976e-08
vn -0.15560542 0.0829029381 0.98433429
vn -0.0625023097 0.272810102 0.960035443
vn -0.151800737 0.0783004165 0.985304773
vn -0.0552022494 0.276111305 0.959539115
vn 0.033499945 0.450399309 0.892198563
vn 0.0153006967 0.448920459 0.893440664
vn 0.997360766 -0.0717971772 0.0107995784
vn 0.997476459 -0.0706983283 0.00649985019
vn 0.997463107 -0.0688974485 0.0178993419
vn 0.997367501 -0.0723976493 0.00409986963
vn 0.997594714 -0.0692996383 0.00149999512
vn 0.997630298 -0.0688020885 3.00743497e-09
vn 0.997616529 -0.0690011457 3.01613579e-09
vn 0.997602701 -0.0692001879 3.02483638e-09
vn -0.999987006 -0.00509993406 2.22925192e-10
vn -0.998082399 -0.0618989058 2.70568723e-09
vn -0.992941558 -0.118604966 5.18438803e-09
vn -0.972596526 -0.232499167 1.01628608e-08
vn -0.957152069 -0.289585531 1.26581856e-08
vn -0.790921926 -0.611916959 2.67477382e-08
vn -0.54131341 -0.840820849 3.67534447e-08
vn -0.263092011 -0.964770675 4.21714681e-08
vn 0 0.0711973459 0.997462213
vn 0 0.0854040161 0.996346295
vn 0 0.212396458 0.977183521
vn 0.944427431 -0.139804065 -0.297508657
vn 0.945579112 -0.136896983 -0.295193493
vn 0.948075354 -0.137696445 -0.28669256
vn 0.943509281 -0.138301373 -0.301102936
vn 0.94530344 -0.13310051 -0.297801107
vn 0.945069253 -0.132995695 -0.298590273
vn 0.944826841 -0.133103803 -0.299308509
vn 0.944275022 -0.1329965 -0.301092029
vn 0.944098592 -0.133099824 -0.301599562
vn 0.943583846 -0.13289775 -0.303294808
vn 0.941698611 -0.137899816 -0.306899548
vn -0.951763809 -0.0600977018 0.300888568
vn -0.953158677 -0.0288987365 0.301086962
vn -0.951668382 -0.0600979812 0.301189989
vn -0.95368588 0.00229997886 0.300795555
vn -0.95166415 0.0667975023 0.299788743
vn -0.949008405 0.100200899 0.298902661
vn -0.945564151 0.136794835 0.295288831
vn -0.943507016 0.138101041 0.301202267
vn -0.944476068 0.139296487 0.297592461
vn -0.948139369 0.137005717 0.286811918
vn -0.941724539 0.137703612 0.306908011
vn 0.21330905 0.94344008 0.253810734
vn 0.244491473 0.894668877 0.373886943
vn 0.244513392 0.894648969 0.37392047
vn 0.271314025 0.829942942 0.487425148
vn 0.27138418 0.829951525 0.487371534
vn -0.271314025 0.829942942 0.487425148
vn -0.244491473 0.894668877 0.373886943
vn -0.27138418 0.829951525 0.487371534
vn -0.244513392 0.894648969 0.37392047
vn -0.21330905 0.94344008 0.253810734
vn -0.196096897 -0.980584443 4.28627054e-08
vn -0.0664990991 -0.997786462 4.36146301e-08
vn 0.0664990991 -0.997786462 4.36146301e-08
vn 0.196096897 -0.980584443 4.28627054e-08
vn -0.357802689 0.18540144 0.91520685
vn -0.493324578 0.152107626 0.85644269
vn -0.491186887 0.186395049 0.850877285
vn -0.255893558 0.107797332 0.960675836
vn -0.492290795 0.0610988885 0.868283749
vn -0.161906973 0.0112005258 0.986742496
vn 0.0210006591 0.0479015447 0.998631299
vn -0.0112999054 0.161598697 0.98679179
vn -0.221706614 0.23070693 0.947428346
vn -0.376600802 0.255300552 0.890501857
vn -0.235904679 0.223104492 0.945818841
vn -0.501080573 0.284588993 0.817268252
vn -0.741694391 0.329197526 0.584395647
vn -0.820454836 0.361724198 0.442729563
vn -0.923378348 0.383891016 -1.67804082e-08
vn -0.919496357 0.393098444 -1.71828791e-08
vn -0.820454836 0.361724108 -0.442729592
vn -0.741694391 0.329197496 -0.584395647
vn -0.501080573 0.284588933 -0.817268252
vn -0.376600802 0.255300492 -0.890501857
vn 0 0.236507207 -0.971629798
vn 0 0.22959663 -0.973285913
vn 0.376600802 0.255300492 -0.890501857
vn 0.501080573 0.284588933 -0.817268252
vn 0.741694391 0.329197496 -0.584395647
vn 0.820454836 0.361724108 -0.442729592
vn 0.923378348 0.383891016 -1.67804082e-08
vn 0.919496357 0.393098444 -1.71828791e-08
vn 0.820454836 0.361724198 0.442729563
vn 0.741694391 0.329197526 0.584395647
vn 0.501080573 0.284588993 0.817268252
vn 0.376600802 0.255300552 0.890501857
vn 0.221706614 0.23070693 0.947428346
vn 0.235904679 0.223104492 0.945818841
vn -0.210607588 -0.317911476 -0.924433172
vn -0.211203024 -0.319604576 -0.923713207
vn -0.210011289 -0.316217005 -0.925149739
vn -0.0653019622 0.122403726 0.990329742
vn -0.0930976793 0.174895689 0.980175614
vn -0.0910963193 0.17769289 0.979860485
vn -0.0376016609 0.0670030043 0.997043967
vn -0.00859967526 0.0141995065 0.999862194
vn -0.00819993392 0.0121999439 0.999891877
vn -0.929144204 0.369717628 -1.61608718e-08
vn -0.984569371 -0.174994558 7.64925456e-09
vn -0.99560982 0.0936009288 -4.09142675e-09
vn -0.985565662 -0.169294104 7.4000801e-09
vn -0.297808081 0.954625785 -4.17280184e-08
vn -0.972978652 0.230894938 -1.00927373e-08
vn -0.979936957 0.199307531 -8.71200889e-09
vn -0.985889316 0.167398185 -7.31720684e-09
vn 0.0625023097 0.272810102 0.960035443
vn 0.15560542 0.0829029381 0.98433429
vn 0.151800737 0.0783004165 0.985304773
vn 0.0552022494 0.276111305 0.959539115
vn -0.033499945 0.450399309 0.892198563
vn -0.0153006967 0.448920459 0.893440664
vn 0.15560542 0.0829028487 -0.98433429
vn 0.0626019239 0.272808373 -0.960029423
vn 0.151800737 0.0783003271 -0.985304773
vn 0.0552022494 0.276111245 -0.959539115
vn -0.0332002789 0.45040375 -0.892207444
vn -0.0146994879 0.448884338 -0.893468916
vn -0.0930976793 0.174895585 -0.980175614
vn -0.0653019622 0.122403637 -0.990329742
vn -0.0910963342 0.177692801 -0.979860604
vn -0.0376016609 0.0670029148 -0.997043967
vn -0.00859967526 0.0141994199 -0.999862194
vn -0.00819993392 0.0121998573 -0.999891877
vn 0.973308265 0.229501948 -1.003185e-08
vn -0.856361449 0.516376734 -2.25715429e-08
vn 0.51630348 -0.856405675 3.74346811e-08
vn 0.488408446 0.872615099 -3.81432201e-08
vn -0.565407872 -0.824811459 3.60536561e-08
vn -0.693935633 -0.720037043 3.14738173e-08
vn 0.57667923 0.816970587 -3.57109187e-08
vn 0.17880635 0.309511065 0.933933258
vn 0.0909037963 0.157406613 0.983341038
vn 0.178396896 0.318794459 0.930883765
vn 0.0910004452 0.152500793 0.984104812
vn 0.975339651 0.220708951 -9.64749436e-09
vn 0.919144928 0.393919289 -1.7218758e-08
vn 0.999428511 0.0338009633 -1.47748691e-09
vn 0.988987625 -0.147998154 6.46920428e-09
vn -0.00670037605 -0.336518884 -0.941652894
vn -0.00809987076 -0.337794632 -0.941184998
vn -0.00979968533 -0.340289086 -0.940269768
vn -0.257090777 -0.298389375 -0.919167101
vn -0.0027000308 -0.298803419 -0.954310834
vn -0.218597963 -0.255797654 -0.941691279
vn -0.70761925 -0.212705821 -0.67381835
vn -0.841013014 -0.18360284 -0.508907795
vn -0.896513343 -0.151502281 -0.416306168
vn -0.846066654 -0.147794217 -0.512179852
vn -0.121803686 -0.194905937 -0.973229468
vn -0.687919736 -0.19020547 -0.700420082
vn -0.953911901 -0.104501329 -0.281303555
vn -0.451617032 -0.148105636 -0.879833281
vn -0.0500008389 -0.102101766 -0.993516624
vn -0.204304874 -0.144903496 -0.968123138
vn 0.0421015099 -0.168306082 -0.984835267
vn 0.0640013516 -0.0764016509 -0.995020866
vn 0 -0.0445004553 -0.999009311
vn 0 -0.174509853 -0.984655321
vn 0 -0.198096514 -0.980182588
vn 0 -0.150892437 -0.988550186
vn 0 -0.0847998708 -0.996397972
vn 0 -0.0661009029 -0.997812927
vn 0 -0.00469999202 -0.999989033
vn 0 -0.123899393 -0.992294729
vn 0 -0.224706188 -0.974426568
vn 0 -0.211304426 -0.97742027
vn 0 -0.580007851 -0.814610898
vn 0 -0.913295329 -0.407297939
vn 0 -0.981900036 0.189400062
vn 0 -0.925432205 0.378913224
vn 0 -0.6717664 0.740763009
vn 0 -0.446413338 0.89482677
vn 0 -0.206297681 0.97848922
vn -0.978404164 -0.206700891 9.03518238e-09
vn -0.994587958 -0.103898741 4.54155868e-09
vn -1 0 0
vn 0.944476068 0.139296487 0.297592461
vn 0.945564151 0.136794835 0.295288831
vn 0.948139369 0.137005717 0.286811918
vn 0.943507016 0.138101041 0.301202267
vn 0.949008405 0.100200899 0.298902661
vn 0.95166415 0.0667975023 0.299788743
vn 0.95368588 0.00229997886 0.300795555
vn 0.953158677 -0.0288987365 0.301086962
vn 0.951763809 -0.0600977018 0.300888568
vn 0.951668382 -0.0600979812 0.301189989
vn 0.941724539 0.137703612 0.306908011
vn 0.326286733 -0.429882526 -0.841865778
vn 0.326290071 -0.412587523 -0.850474179
vn 0.327009112 -0.429612041 -0.841723561
vn 0.325898319 -0.395298004 -0.858795524
vn 0.325686276 -0.346585423 -0.879662931
vn 0.325489789 -0.314890146 -0.891571999
vn 0.321413338 -0.211408824 -0.923038304
vn 0.314914942 -0.138606638 -0.938944519
vn 0.628072977 -0.282487869 -0.725068808
vn 0.851281703 -0.487489581 -0.19409582
vn 0.814679921 -0.520987153 0.254693747
vn 0.806795001 -0.526196718 0.268698394
vn -0.988987625 -0.147998154 6.46920428e-09
vn -0.999428511 0.0338009633 -1.47748691e-09
vn -0.975339651 0.220708951 -9.64749436e-09
vn -0.919144928 0.393919289 -1.7218758e-08
vn -0.797860622 -0.0180991329 -0.602570236
vn -0.908678591 -0.166196108 -0.382990986
vn -0.923981607 -0.0203996114 -0.381892383
vn -0.636080801 -0.103296913 -0.764676988
vn -0.674474955 -0.325287968 -0.662775397
vn -0.828386426 -0.408393353 -0.383393705
vn -0.775657535 -0.506872356 -0.37607944
vn -0.509728789 -0.335918993 -0.792044759
vn 0.00709967827 -0.0154993413 -0.999854624
vn 0.114304774 0.0772031844 -0.990441382
vn -0.137303308 -0.00320012053 -0.990523875
vn 0.00299989921 -0.0213993266 -0.999766529
vn 0.732304513 0.144800887 -0.665404201
vn 0.573183656 0.299891412 -0.762578249
vn 0.664005518 0.44980371 -0.597305
vn 0.892982543 0.450091213 -1.96741112e-08
vn 0.826876283 0.56238389 -2.45825795e-08
vn 0.664005518 0.449803799 0.597305
vn 0.604015231 0.0156003591 -0.796820104
vn 0.999646127 0.0266012251 -1.16277654e-09
vn 0.983391285 0.181498393 -7.93354715e-09
vn 0.732304513 0.144800946 0.665404201
vn 0.573183656 0.299891472 0.762578249
vn 0.114304774 0.0772032663 0.990441382
vn 0.00709967827 -0.0154992528 0.999854624
vn -0.509728789 -0.335918963 0.792044759
vn -0.674475014 -0.325287908 0.662775457
vn -0.775657535 -0.506872356 0.37607947
vn 0.604015231 0.0156004289 0.796820104
vn 0.00299989921 -0.0213992409 0.999766529
vn -0.137303308 -0.00320003391 0.990523875
vn -0.636080801 -0.103296861 0.764676988
vn -0.797860622 -0.0180990808 0.602570236
vn -0.908678591 -0.166196078 0.382990986
vn -0.828386426 -0.408393264 0.383393764
vn -0.923981607 -0.0203995779 0.381892383
vn -0.209098741 -0.316398084 0.925294459
vn -0.209009737 -0.316314727 0.925343156
vn -0.20909211 -0.316488057 0.925265193
vn -0.970873356 -0.239593431 1.04729603e-08
vn -0.947991014 -0.318296969 1.3913203e-08
vn -0.987326205 -0.158704221 6.93718194e-09
vn -0.905156076 0.425079376 -1.8580808e-08
vn -0.731567144 0.681769431 -2.98010878e-08
vn -0.859997392 0.510298431 -2.23058532e-08
vn -0.995986938 0.0894988254 -3.91211774e-09
vn -0.986160517 -0.165793374 7.24705851e-09
vn -0.825093806 -0.564995766 2.46967478e-08
vn -0.695817769 -0.718218267 3.13943183e-08
vn 0.773498118 0.63379848 -2.77042123e-08
vn 0.88368088 0.468089908 -2.04608579e-08
vn 0.632589519 0.774487197 -3.38539081e-08
vn 0.937197447 0.34879905 -1.52464903e-08
vn 0.936333179 0.351112425 -1.53476112e-08
vn 0.938055992 0.346483737 -1.51452859e-08
vn -0.45631057 0.889820635 -3.88952976e-08
vn -0.178806335 0.309510976 -0.933933139
vn -0.0909037963 0.157406524 -0.983341038
vn -0.178396896 0.318794429 -0.930883765
vn -0.0910004526 0.152500719 -0.984104872
vn -0.0210006591 0.0479015447 0.998631299
vn 0.161906973 0.0112005258 0.986742496
vn 0.255893558 0.107797332 0.960675836
vn 0.492290795 0.0610988885 0.868283749
vn 0.493324578 0.152107626 0.85644269
vn 0.357802689 0.18540144 0.91520685
vn 0.491186887 0.186395049 0.850877285
vn 0.0112999054 0.161598697 0.98679179
vn 0.908678591 -0.166196108 -0.382990986
vn 0.797860622 -0.0180991329 -0.602570236
vn 0.923981607 -0.0203996114 -0.381892383
vn 0.636080801 -0.103296913 -0.764676988
vn 0.137303308 -0.00320012053 -0.990523875
vn -0.00299989921 -0.0213993266 -0.999766529
vn -0.604015231 0.0156003591 -0.796820104
vn -0.732304513 0.144800887 -0.665404201
vn -0.999646127 0.0266012251 -1.16277654e-09
vn 0.674474955 -0.325287968 -0.662775397
vn -0.00709967827 -0.0154993413 -0.999854624
vn -0.573183656 0.299891412 -0.762578249
vn -0.892982543 0.450091213 -1.96741112e-08
vn -0.983391285 0.181498393 -7.93354715e-09
vn -0.732304513 0.144800946 0.665404201
vn -0.604015231 0.0156004289 0.796820104
vn 0.828386426 -0.408393353 -0.383393705
vn 0.775657535 -0.506872356 -0.37607944
vn 0.509728789 -0.335918993 -0.792044759
vn -0.114304774 0.0772031844 -0.990441382
vn -0.664005518 0.44980371 -0.597305
vn -0.826876283 0.56238389 -2.45825795e-08
vn -0.664005518 0.449803799 0.597305
vn -0.573183656 0.299891472 0.762578249
vn -0.114304774 0.0772032663 0.990441382
vn -0.00709967827 -0.0154992528 0.999854624
vn -0.00299989921 -0.0213992409 0.999766529
vn 0.137303308 -0.00320003391 0.990523875
vn 0.636080801 -0.103296861 0.764676988
vn 0.797860622 -0.0180990808 0.602570236
vn 0.509728789 -0.335918963 0.792044759
vn 0.674475014 -0.325287908 0.662775457
vn 0.908678591 -0.166196078 0.382990986
vn 0.923981607 -0.0203995779 0.381892383
vn 0.775657535 -0.506872356 0.37607947
vn 0.828386426 -0.408393264 0.383393764
vn 0.551372886 -0.834258914 3.64666199e-08
vn 0.856361449 -0.516376734 2.25715429e-08
vn 0.154595643 0.0931974202 0.983572304
vn 0.303991944 0.18329519 0.93487525
vn 0.102796726 0.0619979799 -0.992768407
vn 0.205705449 0.124003239 -0.970725775
vn 0.303991944 0.183295086 -0.93487525
vn 0.51630348 0.856405675 -3.74346811e-08
vn 0.985565662 -0.169294104 7.4000801e-09
vn 0.99560982 0.0936009288 -4.09142675e-09
vn 0.929144204 0.369717628 -1.61608718e-08
vn 0.985889316 0.167398185 -7.31720684e-09
vn 0.979936957 0.199307531 -8.71200889e-09
vn 0.972978652 0.230894938 -1.00927373e-08
vn 0.0930976793 0.174895689 0.980175614
vn 0.0653019622 0.122403726 0.990329742
vn 0.0910963193 0.17769289 0.979860485
vn 0.0376016609 0.0670030043 0.997043967
vn 0.00859967526 0.0141995065 0.999862194
vn 0.00819993392 0.0121999439 0.999891877
vn 0.00809987076 -0.337794632 -0.941184998
vn 0.00670037605 -0.336518884 -0.941652894
vn 0.00979968533 -0.340289086 -0.940269768
vn 0.257090777 -0.298389375 -0.919167101
vn 0.0027000308 -0.298803419 -0.954310834
vn 0.218597963 -0.255797654 -0.941691279
vn 0.121803686 -0.194905937 -0.973229468
vn -0.0421015099 -0.168306082 -0.984835267
vn 0.0500008389 -0.102101766 -0.993516624
vn -0.0640013516 -0.0764016509 -0.995020866
vn 0.70761925 -0.212705821 -0.67381835
vn 0.687919736 -0.19020547 -0.700420082
vn 0.451617032 -0.148105636 -0.879833281
vn 0.204304874 -0.144903496 -0.968123138
vn 0.841013014 -0.18360284 -0.508907795
vn 0.896513343 -0.151502281 -0.416306168
vn 0.953911901 -0.104501329 -0.281303555
vn 0.846066654 -0.147794217 -0.512179852
vn 0.54131341 -0.840820849 3.67534447e-08
vn 0.263092011 -0.964770675 4.21714681e-08
vn 0.790921926 -0.611916959 2.67477382e-08
vn 0.957152069 -0.289585531 1.26581856e-08
vn 0.972596526 -0.232499167 1.01628608e-08
vn 0.992941558 -0.118604966 5.18438803e-09
vn 0.998082399 -0.0618989058 2.70568723e-09
vn 0.999987006 -0.00509993406 2.22925192e-10
vn -0.326290071 -0.412587523 -0.850474179
vn -0.326286733 -0.429882526 -0.841865778
vn -0.327009112 -0.429612041 -0.841723561
vn -0.325898319 -0.395298004 -0.858795524
vn -0.325686276 -0.346585423 -0.879662931
vn -0.325489789 -0.314890146 -0.891571999
vn -0.321413338 -0.211408824 -0.923038304
vn -0.314914942 -0.138606638 -0.938944519
vn -0.628072977 -0.282487869 -0.725068808
vn -0.851281703 -0.487489581 -0.19409582
vn -0.814679921 -0.520987153 0.254693747
vn -0.806795001 -0.526196718 0.268698394
vn -0.0626019239 0.272808373 -0.960029423
vn -0.15560542 0.0829028487 -0.98433429
vn -0.151800737 0.0783003271 -0.985304773
vn -0.0552022494 0.276111245 -0.959539115
vn 0.0332002789 0.45040375 -0.892207444
vn 0.0146994879 0.448884338 -0.893468916
vn 0 0.767113566 0.641511321
vn 0 0.118396051 0.992966413
vn 0 0.0592027642 0.998245895
vn 0.0888978988 -0.303492844 0.948677659
vn -0.198799059 -0.678596675 0.707096517
vn 0.0919042677 -0.940643728 0.326715231
vn -0.0971965864 -0.995265186 4.35044178e-08
vn -0.281186283 -0.959653258 4.19477715e-08
vn 0.281186283 -0.959653258 4.19477715e-08
vn 0.0653019622 0.122403637 -0.990329742
vn 0.0930976793 0.174895585 -0.980175614
vn 0.0910963342 0.177692801 -0.979860604
vn 0.0376016609 0.0670029148 -0.997043967
vn 0.00859967526 0.0141994199 -0.999862194
vn 0.00819993392 0.0121998573 -0.999891877
vn -0.973308265 0.229501948 -1.003185e-08
vn -0.488408446 0.872615099 -3.81432201e-08
vn 0.565407872 -0.824811459 3.60536561e-08
vn 0.693935633 -0.720037043 3.14738173e-08
vn -0.57667923 0.816970587 -3.57109187e-08
vn 0.210607588 -0.317911476 -0.924433172
vn 0.211203024 -0.319604576 -0.923713207
vn 0.210011289 -0.316217005 -0.925149739
vn 0.856361449 0.516376734 -2.25715429e-08
vn -0.749502182 0.662001848 -2.89370234e-08
vn 0.297808081 0.954625785 -4.17280184e-08
vn -0.997476459 -0.0706983283 0.00649985019
vn -0.997360766 -0.0717971772 0.0107995784
vn -0.997463107 -0.0688974485 0.0178993419
vn -0.997367501 -0.0723976493 0.00409986963
vn -0.997594714 -0.0692996383 0.00149999512
vn -0.997630298 -0.0688020885 3.00743497e-09
vn -0.997616529 -0.0690011457 3.01613579e-09
vn -0.997602701 -0.0692001879 3.02483638e-09
vn -0.945579112 -0.136896983 -0.295193493
vn -0.944427431 -0.139804065 -0.297508657
vn -0.948075354 -0.137696445 -0.28669256
vn -0.943509281 -0.138301373 -0.301102936
vn -0.941698611 -0.137899816 -0.306899548
vn -0.94530344 -0.13310051 -0.297801107
vn -0.945069253 -0.132995695 -0.298590273
vn -0.944826841 -0.133103803 -0.299308509
vn -0.944275022 -0.1329965 -0.301092029
vn -0.944098592 -0.133099824 -0.301599562
vn -0.943583846 -0.13289775 -0.303294808
vn 0.0909037963 0.157406524 -0.983341038
vn 0.178806335 0.309510976 -0.933933139
vn 0.178396896 0.318794429 -0.930883765
vn 0.0910004526 0.152500719 -0.984104872
vn -0.551372886 -0.834258914 3.64666199e-08
vn -0.179198697 0.30019787 0.936893284
vn -0.0910004452 0.152500793 0.984104812
vn 0.430779517 0.902457178 -3.94476523e-08
vn 0.430616647 0.902534842 -3.94510522e-08
vn 0.430698127 0.90249598 -3.94493505e-08
vn 0.430818379 0.902438581 -3.94468422e-08
vn 0.430981278 0.902360797 -3.94434423e-08
vn 0.209098741 -0.316398084 0.925294459
vn 0.209009737 -0.316314727 0.925343156
vn 0.20909211 -0.316488057 0.925265193
vn -0.981058478 -0.0249989498 -0.192091867
vn -0.98108393 -0.0302995108 -0.191196874
vn -0.980939806 -0.0323013179 -0.191607758
vn -0.988222599 -0.114602633 -0.10140232
vn -0.988487363 -0.112298571 -0.101398692
vn -0.983491004 -0.172898427 0.0533995144
vn -0.982581973 -0.177596763 0.0546990037
vn -0.984599352 -0.0897999331 0.149999917
vn -0.984787047 -0.0553992651 0.164697841
vn -0.975942969 0.0390017331 0.214509442
vn 0.99943912 -0.0225008838 -0.0248009674
vn 0.949867904 -0.303889751 0.0734975338
vn 0.950498939 -0.260099739 0.169999823
vn 0.8068344 -0.494521052 0.323213756
vn 0.841091573 -0.515494883 0.163798407
vn 0.871680915 -0.488389343 -0.0405990928
vn 0.960873783 -0.265392751 -0.0792978257
vn 0.600886643 0.0428990126 -0.798182249
vn 0.48527801 0.207990542 -0.849261522
vn 0.216011241 0.0661033988 -0.974150717
vn 0.360485762 -0.151594058 -0.920363605
vn 0.381688118 -0.382188112 -0.841573775
vn 0 -0.262601256 -0.964904487
vn 0 -0.437105119 -0.899410486
vn -0.381688118 -0.382188112 -0.841573775
vn -0.360485762 -0.151594058 -0.920363605
vn -0.600886643 0.0428990126 -0.798182249
vn -0.216011241 0.0661033988 -0.974150717
vn -0.48527801 0.207990542 -0.849261522
vn 0.436997771 0.897295415 -0.0623997189
vn 0.388093889 0.913185716 -0.124398075
vn 0.483008593 0.875615597 -3.82743686e-08
vn -0.388093889 0.913185716 -0.124398075
vn -0.436997771 0.897295415 -0.0623997189
vn -0.483008593 0.875615597 -3.82743686e-08
vn 0.98108393 -0.0302995108 -0.191196874
vn 0.981058478 -0.0249989498 -0.192091867
vn 0.980939806 -0.0323013179 -0.191607758
vn 0.988222599 -0.114602633 -0.10140232
vn 0.988487363 -0.112298571 -0.101398692
vn 0.983491004 -0.172898427 0.0533995144
vn 0.982581973 -0.177596763 0.0546990037
vn 0.984599352 -0.0897999331 0.149999917
vn 0.984787047 -0.0553992651 0.164697841
vn 0.975942969 0.0390017331 0.214509442
vn -0.99943912 -0.0225008838 -0.0248009674
vn -0.949867904 -0.303889751 0.0734975338
vn -0.960873783 -0.265392751 -0.0792978257
vn -0.871680915 -0.488389343 -0.0405990928
vn -0.841091573 -0.515494883 0.163798407
vn -0.8068344 -0.494521052 0.323213756
vn -0.950498939 -0.260099739 0.169999823
vn -0.472590476 -0.88128221 3.85220638e-08
vn -0.472590476 -0.88128221 0.000100036501
vn 0.999867141 0.0162994657 -7.12472192e-10
vn -0.430779517 0.902457178 -3.94476523e-08
vn -0.430779517 0.902457178 -0.000100034704
vn -0.430981278 0.902360797 -3.94434423e-08
vn -0.430698127 0.90249604 -0.000100039011
vn -0.430698127 0.90249598 -3.94493505e-08
vn -0.985097051 0.171999484 -7.51833706e-09
vn 0.472590476 -0.88128221 0.000100036501
vn 0.472590476 -0.88128221 3.85220638e-08
vn -0.999867141 0.0162994657 -7.12472192e-10
vn 0.985097051 0.171999484 -7.51833706e-09

# Mesh 'PipelineFBX' with 705 faces
g PipelineFBX
usemtl DefaultMaterial
f  1/1/1 2/2/1 3/3/1
f  4/2/1 5/1/1 6/4/1
f  7/4/2 8/5/2 9/6/2
f  10/5/2 11/4/2 12/2/2
f  13/7/3 14/8/3 15/9/3
f  16/9/4 17/10/4 18/11/4
f  19/2/5 20/6/5 21/5/5
f  22/6/5 23/2/5 24/4/5
f  25/9/3 26/8/3 27/7/3
f  28/12/6 29/13/6 30/14/6
f  31/13/6 32/12/6 33/14/6
f  34/15/7 35/16/7 36/17/7
f  37/16/7 38/15/7 39/18/7
f  40/19/7 41/18/7 42/15/7
f  43/18/7 44/19/7 45/20/7
f  46/21/3 47/22/8 48/23/3
f  49/22/8 50/21/3 51/24/8
f  52/25/9 53/22/8 54/24/8
f  55/22/8 56/25/9 57/26/9
f  58/18/10 59/19/10 60/20/10
f  61/19/10 62/18/10 63/15/10
f  64/16/10 65/15/10 66/18/10
f  67/15/10 68/16/10 69/17/10
f  70/27/11 71/28/11 72/29/11
f  73/28/11 74/27/11 75/30/11
f  76/22/12 77/21/13 78/23/13
f  79/21/13 80/22/12 81/24/12
f  82/22/12 83/25/14 84/24/12
f  85/25/14 86/22/12 87/26/14
f  88/31/15 89/32/16 90/33/15
f  91/32/16 92/31/15 93/34/16
f  94/35/17 95/32/16 96/34/16
f  97/32/16 98/35/17 99/36/17
f  100/37/18 101/38/19 102/39/19
f  103/38/19 104/37/18 105/40/20
f  106/41/3 107/40/20 108/37/18
f  109/40/20 110/41/3 111/42/3
f  112/43/21 113/44/22 114/45/22
f  115/44/22 116/43/21 117/46/21
f  118/43/21 119/47/23 120/46/21
f  121/47/23 122/43/21 123/48/23
f  124/49/24 125/50/24 126/51/24
f  127/50/24 128/49/24 129/52/24
f  130/52/24 131/53/24 132/50/24
f  133/53/24 134/52/24 135/54/24
f  136/55/25 137/56/26 138/57/26
f  139/56/26 140/55/25 141/58/25
f  142/55/25 143/59/27 144/58/25
f  145/59/27 146/55/25 147/60/27
f  148/61/28 149/59/27 150/60/27
f  151/59/27 152/61/28 153/62/29
f  154/63/30 155/62/29 156/61/28
f  157/62/29 158/63/30 159/64/31
f  160/65/32 161/64/31 162/63/30
f  163/64/31 164/65/32 165/66/33
f  166/67/34 167/66/33 168/65/32
f  169/66/33 170/67/34 171/68/34
f  172/69/35 173/70/36 174/71/35
f  175/70/36 176/69/35 177/72/36
f  178/73/37 179/70/36 180/72/36
f  181/70/36 182/73/37 183/74/37
f  184/75/38 185/76/39 186/77/38
f  187/76/39 188/75/38 189/78/39
f  190/79/40 191/76/39 192/78/39
f  193/76/39 194/79/40 195/80/40
f  196/81/41 197/82/41 198/83/41
f  199/82/41 200/81/41 201/84/41
f  202/85/13 203/86/13 204/87/13
f  205/85/13 206/87/13 207/88/13
f  208/88/13 209/89/13 210/85/13
f  211/90/42 212/91/43 213/92/44
f  214/91/43 215/90/42 216/93/45
f  217/94/46 218/91/43 219/93/45
f  220/91/43 221/94/46 222/95/47
f  223/96/48 224/97/49 225/98/50
f  226/97/49 227/96/48 228/99/51
f  229/100/52 230/97/49 231/99/51
f  232/97/49 233/100/52 234/101/53
f  235/102/54 236/101/53 237/100/52
f  238/101/53 239/102/54 240/103/54
f  241/104/55 242/103/54 243/102/54
f  244/105/55 245/104/55 246/102/54
f  247/105/55 248/102/54 249/106/55
f  250/107/56 251/108/57 252/109/56
f  253/108/57 254/107/56 255/110/58
f  256/110/58 257/111/59 258/108/57
f  259/111/59 260/110/58 261/112/60
f  262/112/60 263/113/61 264/111/59
f  265/113/61 266/112/60 267/114/62
f  268/114/62 269/115/63 270/113/61
f  271/115/63 272/114/62 273/116/63
f  274/117/13 275/118/13 276/119/13
f  277/118/13 278/117/13 279/120/13
f  280/120/13 281/121/13 282/118/13
f  283/121/13 284/120/13 285/122/13
f  286/123/13 287/121/13 288/122/13
f  289/121/13 290/123/13 291/124/13
f  292/125/13 293/124/13 294/123/13
f  295/126/13 296/127/13 297/128/13
f  298/127/13 299/126/13 300/129/13
f  301/127/13 302/129/13 303/130/64
f  304/131/65 305/127/13 306/130/64
f  307/127/13 308/131/65 309/132/13
f  310/131/65 311/133/13 312/132/13
f  313/134/13 314/132/13 315/133/13
f  316/132/13 317/134/13 318/135/13
f  319/136/66 320/131/65 321/130/64
f  322/131/65 323/136/66 324/137/66
f  325/138/67 326/139/68 327/140/69
f  328/139/68 329/138/67 330/141/70
f  331/142/71 332/139/68 333/141/70
f  334/139/68 335/142/71 336/143/72
f  337/144/73 338/143/72 339/142/71
f  340/143/72 341/144/73 342/145/74
f  343/146/75 344/145/74 345/144/73
f  346/145/74 347/146/75 348/147/76
f  349/141/70 350/138/67 351/148/77
f  352/149/78 353/150/79 354/151/80
f  355/150/79 356/149/78 357/152/81
f  358/152/81 359/153/82 360/150/79
f  361/153/82 362/152/81 363/154/83
f  364/154/83 365/155/84 366/153/82
f  367/155/84 368/154/83 369/156/85
f  370/157/86 371/155/84 372/156/85
f  373/155/84 374/157/86 375/158/87
f  376/157/86 377/156/85 378/159/88
f  379/160/89 380/161/90 381/162/89
f  382/161/90 383/160/89 384/163/91
f  385/164/92 386/161/90 387/163/91
f  388/161/90 389/164/92 390/165/93
f  391/164/94 392/161/95 393/165/96
f  394/161/95 395/164/94 396/163/97
f  397/160/98 398/161/95 399/163/97
f  400/161/95 401/160/98 402/162/98
f  403/166/99 404/167/100 405/168/99
f  406/167/100 407/166/99 408/169/101
f  409/169/101 410/170/102 411/167/100
f  412/170/102 413/169/101 414/171/102
f  415/88/3 416/85/3 417/89/3
f  418/85/3 419/88/3 420/86/3
f  421/172/3 422/173/3 423/174/3
f  424/173/3 425/172/3 426/175/3
f  427/176/103 428/177/104 429/178/105
f  430/177/104 431/176/103 432/179/106
f  433/179/106 434/180/107 435/177/104
f  436/180/107 437/179/106 438/181/108
f  439/182/109 440/181/108 441/179/106
f  442/181/108 443/182/109 444/183/13
f  445/184/110 446/179/106 447/176/103
f  448/179/106 449/184/110 450/182/109
f  451/185/111 452/186/112 453/187/113
f  454/186/112 455/185/111 456/188/114
f  457/188/114 458/189/115 459/186/112
f  460/189/115 461/188/114 462/190/116
f  463/190/116 464/191/117 465/189/115
f  466/191/117 467/190/116 468/192/118
f  469/193/119 470/191/117 471/192/118
f  472/191/117 473/193/119 474/194/120
f  475/195/121 476/194/120 477/193/119
f  478/194/120 479/195/121 480/196/122
f  481/197/123 482/196/122 483/195/121
f  484/196/122 485/197/123 486/198/124
f  487/197/123 488/199/125 489/198/124
f  490/199/125 491/197/123 492/200/126
f  493/200/126 494/201/127 495/199/125
f  496/201/127 497/200/126 498/202/128
f  499/202/128 500/203/129 501/201/127
f  502/203/129 503/202/128 504/204/130
f  505/205/131 506/203/129 507/204/130
f  508/203/129 509/205/131 510/206/132
f  511/207/133 512/206/132 513/205/131
f  514/206/132 515/207/133 516/208/134
f  517/209/135 518/208/134 519/207/133
f  520/208/134 521/209/135 522/210/136
f  523/211/137 524/212/137 525/213/138
f  526/212/137 527/211/137 528/214/139
f  529/215/140 530/216/141 531/217/142
f  532/216/141 533/215/140 534/218/143
f  535/219/144 536/218/143 537/215/140
f  538/218/143 539/219/144 540/220/145
f  541/221/146 542/67/147 543/68/147
f  544/67/147 545/221/146 546/222/148
f  547/223/149 548/222/148 549/221/146
f  550/222/148 551/223/149 552/224/149
f  553/225/150 554/226/150 555/227/150
f  556/226/150 557/225/150 558/228/150
f  559/229/151 560/230/152 561/231/151
f  562/230/152 563/229/151 564/232/152
f  565/233/153 566/230/152 567/232/152
f  568/230/152 569/233/153 570/234/153
f  571/87/13 572/86/13 573/85/13
f  574/88/13 575/87/13 576/85/13
f  577/85/13 578/89/13 579/88/13
f  580/91/154 581/90/155 582/92/156
f  583/90/155 584/91/154 585/93/157
f  586/91/154 587/94/158 588/93/157
f  589/94/158 590/91/154 591/95/159
f  592/90/160 593/91/161 594/92/162
f  595/91/161 596/90/160 597/93/163
f  598/94/164 599/91/161 600/93/163
f  601/91/161 602/94/164 603/95/165
f  604/216/166 605/215/167 606/217/168
f  607/215/167 608/216/166 609/218/169
f  610/218/169 611/219/170 612/215/167
f  613/219/170 614/218/169 615/220/171
f  616/235/172 617/236/172 618/237/172
f  619/236/172 620/235/172 621/238/172
f  622/239/173 623/240/173 624/241/173
f  625/240/173 626/239/173 627/242/173
f  628/19/174 629/18/174 630/20/174
f  631/18/174 632/19/174 633/15/174
f  634/15/174 635/16/174 636/18/174
f  637/16/174 638/15/174 639/17/174
f  640/243/24 641/244/24 642/245/24
f  643/244/24 644/243/24 645/246/24
f  646/247/175 647/248/175 648/249/175
f  649/248/175 650/247/175 651/250/175
f  652/251/176 653/252/176 654/253/176
f  655/252/176 656/251/176 657/254/176
f  658/255/177 659/256/177 660/257/177
f  661/256/177 662/255/177 663/258/177
f  664/259/178 665/260/178 666/261/178
f  667/260/178 668/259/178 669/262/178
f  670/10/179 671/9/180 672/11/181
f  673/9/180 674/10/179 675/263/182
f  676/263/182 677/264/13 678/9/180
f  679/9/180 680/264/13 681/7/13
f  682/265/183 683/266/184 684/267/184
f  685/266/184 686/265/183 687/268/185
f  688/269/186 689/268/185 690/265/183
f  691/268/185 692/269/186 693/270/186
f  694/118/13 695/117/13 696/119/13
f  697/117/13 698/118/13 699/120/13
f  700/121/13 701/120/13 702/118/13
f  703/120/13 704/121/13 705/122/13
f  706/121/13 707/123/13 708/122/13
f  709/123/13 710/121/13 711/124/13
f  712/124/13 713/125/13 714/123/13
f  715/271/187 716/272/188 717/273/189
f  718/272/188 719/271/187 720/274/190
f  721/275/191 722/274/190 723/271/187
f  724/274/190 725/275/191 726/276/192
f  727/277/193 728/274/190 729/276/192
f  730/274/190 731/277/193 732/278/194
f  733/279/195 734/278/194 735/277/193
f  736/278/194 737/279/195 738/280/196
f  739/275/191 740/281/197 741/276/192
f  742/282/198 743/276/192 744/281/197
f  745/276/192 746/282/198 747/277/193
f  748/282/198 749/279/195 750/277/193
f  751/279/195 752/282/198 753/283/199
f  754/283/199 755/282/198 756/284/200
f  757/281/197 758/284/200 759/282/198
f  760/284/200 761/281/197 762/285/201
f  763/286/202 764/284/200 765/285/201
f  766/281/197 767/275/191 768/287/203
f  769/287/203 770/285/201 771/281/197
f  772/285/201 773/287/203 774/288/204
f  775/289/205 776/285/201 777/288/204
f  778/285/201 779/289/205 780/290/205
f  781/291/206 782/292/207 783/293/207
f  784/292/207 785/291/206 786/294/208
f  787/295/209 788/294/208 789/291/206
f  790/294/208 791/295/209 792/296/210
f  793/297/211 794/296/210 795/295/209
f  796/295/209 797/298/211 798/297/211
f  799/298/211 800/295/209 801/299/212
f  802/298/211 803/299/212 804/300/210
f  805/299/212 806/301/208 807/300/210
f  808/301/208 809/299/212 810/302/206
f  811/302/206 812/303/207 813/301/208
f  814/303/207 815/302/206 816/304/207
f  817/305/213 818/299/212 819/295/209
f  820/299/212 821/305/213 822/306/214
f  823/307/215 824/306/214 825/305/213
f  826/306/214 827/307/215 828/308/216
f  829/309/217 830/308/216 831/307/215
f  832/308/216 833/309/217 834/310/218
f  835/311/219 836/310/218 837/309/217
f  838/310/218 839/311/219 840/312/220
f  841/313/221 842/312/220 843/311/219
f  844/312/220 845/313/221 846/314/221
f  847/44/222 848/43/223 849/45/222
f  850/43/223 851/44/222 852/46/223
f  853/47/224 854/43/223 855/46/223
f  856/43/223 857/47/224 858/48/224
f  859/157/225 860/155/226 861/158/227
f  862/155/226 863/157/225 864/156/228
f  865/154/229 866/155/226 867/156/228
f  868/155/226 869/154/229 870/153/230
f  871/152/231 872/153/230 873/154/229
f  874/153/230 875/152/231 876/150/232
f  877/149/233 878/150/232 879/152/231
f  880/150/232 881/149/233 882/151/234
f  883/156/228 884/157/225 885/159/235
f  886/315/236 887/316/237 888/317/238
f  889/316/237 890/315/236 891/318/239
f  892/318/239 893/319/240 894/316/237
f  895/319/240 896/318/239 897/320/241
f  898/320/241 899/321/242 900/319/240
f  901/321/242 902/320/241 903/322/243
f  904/322/243 905/323/244 906/321/242
f  907/323/244 908/322/243 909/324/245
f  910/324/245 911/325/246 912/323/244
f  913/325/246 914/324/245 915/326/247
f  916/269/248 917/268/249 918/270/248
f  919/268/249 920/269/248 921/265/250
f  922/265/250 923/266/251 924/268/249
f  925/266/251 926/265/250 927/267/251
f  928/327/252 929/328/253 930/329/254
f  931/328/253 932/327/252 933/330/255
f  934/331/256 935/328/253 936/330/255
f  937/328/253 938/331/256 939/332/257
f  940/331/256 941/333/258 942/332/257
f  943/333/258 944/331/256 945/334/259
f  946/335/260 947/334/259 948/331/256
f  949/334/259 950/335/260 951/336/261
f  952/337/262 953/330/255 954/327/252
f  955/330/255 956/337/262 957/338/263
f  958/338/263 959/331/256 960/330/255
f  961/331/256 962/338/263 963/335/260
f  964/339/264 965/335/260 966/338/263
f  967/335/260 968/339/264 969/340/265
f  970/340/265 971/336/261 972/335/260
f  973/336/261 974/340/265 975/341/266
f  976/342/267 977/341/266 978/340/265
f  979/341/266 980/342/267 981/343/268
f  982/342/267 983/344/269 984/343/268
f  985/345/270 986/338/263 987/337/262
f  988/338/263 989/345/270 990/339/264
f  991/346/271 992/339/264 993/345/270
f  994/339/264 995/346/271 996/347/272
f  997/342/267 998/339/264 999/347/272
f  1000/339/264 1001/342/267 1002/340/265
f  1003/346/271 1004/348/273 1005/347/272
f  1006/348/273 1007/342/267 1008/347/272
f  1009/342/267 1010/348/273 1011/349/274
f  1012/344/269 1013/342/267 1014/349/274
f  1015/349/274 1016/350/275 1017/344/269
f  1018/350/275 1019/349/274 1020/351/276
f  1021/351/276 1022/352/277 1023/350/275
f  1024/352/277 1025/351/276 1026/353/278
f  1027/353/278 1028/354/279 1029/352/277
f  1030/348/273 1031/346/271 1032/355/280
f  1033/355/280 1034/356/281 1035/348/273
f  1036/351/276 1037/348/273 1038/356/281
f  1039/348/273 1040/351/276 1041/349/274
f  1042/356/281 1043/355/280 1044/357/282
f  1045/357/282 1046/358/283 1047/356/281
f  1048/353/278 1049/356/281 1050/358/283
f  1051/356/281 1052/353/278 1053/351/276
f  1054/358/283 1055/357/282 1056/359/284
f  1057/359/284 1058/360/285 1059/358/283
f  1060/360/285 1061/353/278 1062/358/283
f  1063/353/278 1064/360/285 1065/361/286
f  1066/354/279 1067/353/278 1068/361/286
f  1069/360/285 1070/359/284 1071/362/287
f  1072/363/288 1073/364/288 1074/365/289
f  1075/364/288 1076/363/288 1077/366/290
f  1078/58/291 1079/57/292 1080/56/292
f  1081/57/292 1082/58/291 1083/55/293
f  1084/59/294 1085/55/293 1086/58/291
f  1087/55/293 1088/59/294 1089/60/294
f  1090/59/294 1091/61/295 1092/60/294
f  1093/61/295 1094/59/294 1095/62/296
f  1096/62/296 1097/63/297 1098/61/295
f  1099/63/297 1100/62/296 1101/64/298
f  1102/64/298 1103/65/299 1104/63/297
f  1105/65/299 1106/64/298 1107/66/300
f  1108/66/300 1109/67/147 1110/65/299
f  1111/67/147 1112/66/300 1113/68/147
f  1114/70/301 1115/69/302 1116/71/302
f  1117/69/302 1118/70/301 1119/72/301
f  1120/70/301 1121/73/303 1122/72/301
f  1123/73/303 1124/70/301 1125/74/303
f  1126/76/304 1127/75/305 1128/77/305
f  1129/75/305 1130/76/304 1131/78/304
f  1132/76/304 1133/79/306 1134/78/304
f  1135/79/306 1136/76/304 1137/80/306
f  1138/82/307 1139/81/307 1140/83/307
f  1141/81/307 1142/82/307 1143/84/307
f  1144/10/308 1145/9/309 1146/11/310
f  1147/9/309 1148/10/308 1149/263/311
f  1150/263/311 1151/264/3 1152/9/309
f  1153/9/309 1154/264/3 1155/7/3
f  1156/264/3 1157/367/3 1158/7/3
f  1159/368/3 1160/7/3 1161/367/3
f  1162/369/3 1163/368/3 1164/367/3
f  1165/370/3 1166/367/3 1167/264/3
f  1168/367/3 1169/370/3 1170/371/3
f  1171/372/3 1172/371/3 1173/370/3
f  1174/182/312 1175/181/313 1176/183/13
f  1177/181/313 1178/182/312 1179/179/314
f  1180/179/314 1181/180/315 1182/181/313
f  1183/180/315 1184/179/314 1185/177/316
f  1186/176/317 1187/177/316 1188/179/314
f  1189/177/316 1190/176/317 1191/178/318
f  1192/184/319 1193/179/314 1194/182/312
f  1195/179/314 1196/184/319 1197/176/317
f  1198/328/320 1199/327/321 1200/329/322
f  1201/327/321 1202/328/320 1203/330/323
f  1204/330/323 1205/337/324 1206/327/321
f  1207/337/324 1208/330/323 1209/338/325
f  1210/338/325 1211/345/326 1212/337/324
f  1213/345/326 1214/338/325 1215/339/327
f  1216/339/327 1217/346/328 1218/345/326
f  1219/328/320 1220/331/329 1221/330/323
f  1222/331/329 1223/338/325 1224/330/323
f  1225/338/325 1226/331/329 1227/335/330
f  1228/335/330 1229/339/327 1230/338/325
f  1231/339/327 1232/335/330 1233/340/331
f  1234/342/332 1235/339/327 1236/340/331
f  1237/339/327 1238/342/332 1239/347/333
f  1240/346/328 1241/339/327 1242/347/333
f  1243/348/334 1244/346/328 1245/347/333
f  1246/346/328 1247/348/334 1248/355/335
f  1249/331/329 1250/328/320 1251/332/336
f  1252/333/337 1253/331/329 1254/332/336
f  1255/331/329 1256/333/337 1257/334/338
f  1258/334/338 1259/335/330 1260/331/329
f  1261/335/330 1262/334/338 1263/336/339
f  1264/336/339 1265/340/331 1266/335/330
f  1267/340/331 1268/336/339 1269/341/340
f  1270/341/340 1271/342/332 1272/340/331
f  1273/342/332 1274/341/340 1275/343/341
f  1276/344/342 1277/342/332 1278/343/341
f  1279/342/332 1280/344/342 1281/349/343
f  1282/348/334 1283/342/332 1284/349/343
f  1285/342/332 1286/348/334 1287/347/333
f  1288/350/344 1289/349/343 1290/344/342
f  1291/349/343 1292/350/344 1293/351/345
f  1294/351/345 1295/348/334 1296/349/343
f  1297/348/334 1298/351/345 1299/356/346
f  1300/356/346 1301/355/335 1302/348/334
f  1303/355/335 1304/356/346 1305/357/347
f  1306/358/348 1307/357/347 1308/356/346
f  1309/357/347 1310/358/348 1311/359/349
f  1312/352/350 1313/351/345 1314/350/344
f  1315/351/345 1316/352/350 1317/353/351
f  1318/353/351 1319/356/346 1320/351/345
f  1321/356/346 1322/353/351 1323/358/348
f  1324/353/351 1325/360/352 1326/358/348
f  1327/360/352 1328/359/349 1329/358/348
f  1330/359/349 1331/360/352 1332/362/353
f  1333/354/354 1334/353/351 1335/352/350
f  1336/353/351 1337/354/354 1338/361/355
f  1339/360/352 1340/353/351 1341/361/355
f  1342/373/356 1343/374/356 1344/375/356
f  1345/374/356 1346/373/356 1347/376/356
f  1348/28/357 1349/27/357 1350/29/357
f  1351/27/357 1352/28/357 1353/30/357
f  1354/21/13 1355/22/358 1356/23/13
f  1357/22/358 1358/21/13 1359/24/358
f  1360/25/359 1361/22/358 1362/24/358
f  1363/22/358 1364/25/359 1365/26/359
f  1366/22/360 1367/21/3 1368/23/3
f  1369/21/3 1370/22/360 1371/24/361
f  1372/26/362 1373/24/361 1374/22/360
f  1375/24/361 1376/26/362 1377/25/362
f  1378/19/363 1379/18/363 1380/20/363
f  1381/18/363 1382/19/363 1383/15/363
f  1384/15/363 1385/16/363 1386/18/363
f  1387/16/363 1388/15/363 1389/17/363
f  1390/377/15 1391/378/15 1392/379/15
f  1393/378/15 1394/377/15 1395/380/15
f  1396/223/364 1397/222/365 1398/224/364
f  1399/222/365 1400/223/364 1401/221/366
f  1402/221/366 1403/67/34 1404/222/365
f  1405/67/34 1406/221/366 1407/68/34
f  1408/233/367 1409/230/368 1410/234/367
f  1411/230/368 1412/233/367 1413/232/368
f  1414/229/369 1415/230/368 1416/232/368
f  1417/230/368 1418/229/369 1419/231/369
f  1420/216/370 1421/215/371 1422/217/372
f  1423/215/371 1424/216/370 1425/218/373
f  1426/218/373 1427/219/374 1428/215/371
f  1429/219/374 1430/218/373 1431/220/375
f  1432/272/376 1433/271/377 1434/273/378
f  1435/271/377 1436/272/376 1437/274/379
f  1438/274/379 1439/275/380 1440/271/377
f  1441/275/380 1442/274/379 1443/276/381
f  1444/281/382 1445/275/380 1446/276/381
f  1447/275/380 1448/281/382 1449/287/383
f  1450/285/384 1451/287/383 1452/281/382
f  1453/287/383 1454/285/384 1455/288/385
f  1456/285/384 1457/289/205 1458/288/385
f  1459/289/205 1460/285/384 1461/290/205
f  1462/274/379 1463/277/386 1464/276/381
f  1465/282/387 1466/276/381 1467/277/386
f  1468/276/381 1469/282/387 1470/281/382
f  1471/284/388 1472/281/382 1473/282/387
f  1474/281/382 1475/284/388 1476/285/384
f  1477/284/388 1478/286/389 1479/285/384
f  1480/277/386 1481/274/379 1482/278/390
f  1483/278/390 1484/279/391 1485/277/386
f  1486/279/391 1487/282/387 1488/277/386
f  1489/282/387 1490/279/391 1491/283/392
f  1492/282/387 1493/283/392 1494/284/388
f  1495/279/391 1496/278/390 1497/280/393
f  1498/114/394 1499/115/395 1500/116/395
f  1501/115/395 1502/114/394 1503/113/396
f  1504/112/397 1505/113/396 1506/114/394
f  1507/113/396 1508/112/397 1509/111/398
f  1510/110/399 1511/111/398 1512/112/397
f  1513/111/398 1514/110/399 1515/108/400
f  1516/107/401 1517/108/400 1518/110/399
f  1519/108/400 1520/107/401 1521/109/401
f  1522/381/16 1523/382/15 1524/383/15
f  1525/382/15 1526/381/16 1527/384/16
f  1528/381/16 1529/385/17 1530/384/16
f  1531/385/17 1532/381/16 1533/386/17
f  1534/316/402 1535/315/403 1536/317/404
f  1537/315/403 1538/316/402 1539/318/405
f  1540/319/406 1541/318/405 1542/316/402
f  1543/318/405 1544/319/406 1545/320/407
f  1546/321/408 1547/320/407 1548/319/406
f  1549/320/407 1550/321/408 1551/322/409
f  1552/323/410 1553/322/409 1554/321/408
f  1555/322/409 1556/323/410 1557/324/411
f  1558/325/412 1559/324/411 1560/323/410
f  1561/324/411 1562/325/412 1563/326/413
f  1564/91/414 1565/90/415 1566/92/416
f  1567/90/415 1568/91/414 1569/93/417
f  1570/91/414 1571/94/418 1572/93/417
f  1573/94/418 1574/91/414 1575/95/419
f  1576/387/24 1577/388/420 1578/389/24
f  1579/388/420 1580/387/24 1581/390/420
f  1582/391/421 1583/388/420 1584/390/420
f  1585/388/420 1586/391/421 1587/392/422
f  1588/393/423 1589/392/422 1590/391/421
f  1591/392/422 1592/393/423 1593/394/424
f  1594/395/425 1595/394/424 1596/393/423
f  1597/396/426 1598/394/424 1599/395/425
f  1600/394/424 1601/396/426 1602/397/427
f  1603/398/428 1604/395/425 1605/393/423
f  1606/395/425 1607/398/428 1608/396/426
f  1609/215/429 1610/216/430 1611/217/431
f  1612/216/430 1613/215/429 1614/218/432
f  1615/219/433 1616/218/432 1617/215/429
f  1618/218/432 1619/219/433 1620/220/434
f  1621/236/435 1622/235/435 1623/237/435
f  1624/235/435 1625/236/435 1626/238/435
f  1627/248/436 1628/247/436 1629/249/436
f  1630/247/436 1631/248/436 1632/250/436
f  1633/252/437 1634/251/437 1635/253/437
f  1636/251/437 1637/252/437 1638/254/437
f  1639/256/438 1640/255/438 1641/257/438
f  1642/255/438 1643/256/438 1644/258/438
f  1645/260/439 1646/259/439 1647/261/439
f  1648/259/439 1649/260/439 1650/262/439
f  1651/88/3 1652/85/3 1653/86/3
f  1654/85/3 1655/88/3 1656/89/3
f  1657/173/3 1658/172/3 1659/174/3
f  1660/172/3 1661/173/3 1662/175/3
f  1663/212/440 1664/211/440 1665/213/441
f  1666/211/440 1667/212/440 1668/214/442
f  1669/240/443 1670/239/443 1671/241/443
f  1672/239/443 1673/240/443 1674/242/443
f  1675/399/13 1676/400/13 1677/401/13
f  1678/400/13 1679/399/13 1680/402/13
f  1681/403/13 1682/400/13 1683/402/13
f  1684/400/13 1685/403/13 1686/404/13
f  1687/403/13 1688/405/13 1689/404/13
f  1690/2/444 1691/1/444 1692/3/444
f  1693/1/444 1694/2/444 1695/4/444
f  1696/226/445 1697/225/445 1698/227/445
f  1699/225/445 1700/226/445 1701/228/445
f  1702/97/446 1703/96/447 1704/98/448
f  1705/96/447 1706/97/446 1707/99/449
f  1708/97/446 1709/100/450 1710/99/449
f  1711/100/450 1712/97/446 1713/101/451
f  1714/101/451 1715/102/452 1716/100/450
f  1717/102/452 1718/101/451 1719/103/452
f  1720/103/452 1721/104/453 1722/102/452
f  1723/104/453 1724/105/453 1725/102/452
f  1726/102/452 1727/105/453 1728/106/453
f  1729/139/454 1730/138/455 1731/140/456
f  1732/138/455 1733/139/454 1734/141/457
f  1735/138/455 1736/141/457 1737/148/458
f  1738/139/454 1739/142/459 1740/141/457
f  1741/142/459 1742/139/454 1743/143/460
f  1744/143/460 1745/144/461 1746/142/459
f  1747/144/461 1748/143/460 1749/145/462
f  1750/145/462 1751/146/463 1752/144/461
f  1753/146/463 1754/145/462 1755/147/464
f  1756/9/465 1757/10/466 1758/11/467
f  1759/10/466 1760/9/465 1761/263/468
f  1762/264/3 1763/263/468 1764/9/465
f  1765/264/3 1766/9/465 1767/7/3
f  1768/367/3 1769/264/3 1770/7/3
f  1771/367/3 1772/370/3 1773/264/3
f  1774/370/3 1775/367/3 1776/371/3
f  1777/371/3 1778/372/3 1779/370/3
f  1780/7/3 1781/368/3 1782/367/3
f  1783/368/3 1784/369/3 1785/367/3
f  1786/374/469 1787/373/469 1788/375/469
f  1789/373/469 1790/374/469 1791/376/469
f  1792/10/470 1793/9/471 1794/263/471
f  1795/264/13 1796/263/471 1797/9/471
f  1798/7/13 1799/264/13 1800/9/13
f  1801/367/13 1802/264/13 1803/7/13
f  1804/367/13 1805/370/13 1806/264/13
f  1807/370/13 1808/367/13 1809/371/13
f  1810/371/13 1811/372/13 1812/370/13
f  1813/7/13 1814/368/13 1815/367/13
f  1816/368/13 1817/369/13 1818/367/13
f  1819/406/472 1820/407/473 1821/408/474
f  1822/408/474 1823/409/475 1824/406/472
f  1825/406/472 1826/409/475 1827/410/476
f  1828/409/475 1829/408/474 1830/411/474
f  1831/408/474 1832/412/474 1833/411/474
f  1834/364/477 1835/363/477 1836/365/478
f  1837/363/477 1838/364/477 1839/366/479
f  1840/413/480 1841/414/481 1842/415/482
f  1843/416/483 1844/415/482 1845/414/481
f  1846/415/482 1847/416/483 1848/417/484
f  1849/416/483 1850/418/485 1851/417/484
f  1852/418/485 1853/416/483 1854/419/486
f  1855/420/487 1856/418/485 1857/419/486
f  1858/418/485 1859/420/487 1860/421/488
f  1861/421/488 1862/420/487 1863/422/489
f  1864/423/23 1865/424/23 1866/425/23
f  1867/423/23 1868/425/23 1869/426/490
f  1870/426/490 1871/427/491 1872/423/23
f  1873/428/492 1874/423/23 1875/427/491
f  1876/427/491 1877/429/493 1878/428/492
f  1879/429/493 1880/427/491 1881/430/494
f  1882/431/495 1883/430/494 1884/427/491
f  1885/432/496 1886/431/495 1887/427/491
f  1888/432/496 1889/427/491 1890/426/490
f  1891/433/497 1892/434/498 1893/435/499
f  1894/436/500 1895/433/497 1896/435/499
f  1897/436/500 1898/437/501 1899/433/497
f  1900/438/502 1901/437/501 1902/436/500
f  1903/437/501 1904/438/502 1905/439/503
f  1906/438/502 1907/440/504 1908/439/503
f  1909/440/504 1910/438/502 1911/441/505
f  1912/442/506 1913/440/504 1914/441/505
f  1915/436/500 1916/435/499 1917/438/502
f  1918/435/499 1919/443/507 1920/438/502
f  1921/443/507 1922/441/505 1923/438/502
f  1924/442/506 1925/441/505 1926/443/507
f  1927/444/508 1928/442/506 1929/443/507
f  1930/369/13 1931/368/13 1932/367/13
f  1933/368/13 1934/7/13 1935/367/13
f  1936/264/13 1937/367/13 1938/7/13
f  1939/370/13 1940/367/13 1941/264/13
f  1942/367/13 1943/370/13 1944/371/13
f  1945/372/13 1946/371/13 1947/370/13
f  1948/445/509 1949/446/510 1950/447/509
f  1951/448/511 1952/445/509 1953/447/509
f  1954/446/512 1955/445/513 1956/447/513
f  1957/445/513 1958/448/514 1959/447/513
f  1960/414/515 1961/413/516 1962/415/517
f  1963/415/517 1964/416/518 1965/414/515
f  1966/416/518 1967/415/517 1968/417/519
f  1969/418/520 1970/416/518 1971/417/519
f  1972/416/518 1973/418/520 1974/419/521
f  1975/418/520 1976/420/522 1977/419/521
f  1978/420/522 1979/418/520 1980/421/523
f  1981/420/522 1982/421/523 1983/422/524
f  1984/424/224 1985/423/224 1986/425/224
f  1987/425/224 1988/423/224 1989/426/525
f  1990/427/526 1991/426/525 1992/423/224
f  1993/427/526 1994/432/527 1995/426/525
f  1996/431/528 1997/432/527 1998/427/526
f  1999/430/529 2000/431/528 2001/427/526
f  2002/427/526 2003/429/530 2004/430/529
f  2005/429/530 2006/427/526 2007/428/531
f  2008/423/224 2009/428/531 2010/427/526
f  2011/449/532 2012/450/533 2013/451/532
f  2014/452/532 2015/449/532 2016/451/532
f  2017/452/532 2018/453/532 2019/449/532
f  2020/452/532 2021/454/532 2022/453/532
f  2023/455/534 2024/456/534 2025/457/534
f  2026/455/534 2027/457/534 2028/458/534
f  2029/458/534 2030/459/534 2031/455/534
f  2032/409/535 2033/406/536 2034/410/537
f  2035/407/538 2036/406/536 2037/409/535
f  2038/409/535 2039/408/539 2040/407/538
f  2041/408/539 2042/409/535 2043/411/539
f  2044/412/539 2045/408/539 2046/411/539
f  2047/460/540 2048/461/540 2049/462/540
f  2050/461/540 2051/463/540 2052/462/540
f  2053/463/540 2054/461/540 2055/464/540
f  2056/465/24 2057/466/24 2058/467/24
f  2059/467/24 2060/468/24 2061/465/24
f  2062/468/24 2063/467/24 2064/469/24
f  2065/469/24 2066/470/24 2067/468/24
f  2068/470/24 2069/469/24 2070/471/24
f  2071/472/24 2072/470/24 2073/471/24
f  2074/470/24 2075/472/24 2076/473/24
f  2077/474/24 2078/473/24 2079/472/24
f  2080/473/24 2081/474/24 2082/475/24
f  2083/475/24 2084/474/24 2085/476/24
f  2086/450/541 2087/449/542 2088/451/542
f  2089/449/542 2090/452/542 2091/451/542
f  2092/453/542 2093/452/542 2094/449/542
f  2095/454/542 2096/452/542 2097/453/542
f  2098/456/543 2099/455/543 2100/457/543
f  2101/457/543 2102/455/543 2103/458/543
f  2104/459/543 2105/458/543 2106/455/543
f  2107/461/544 2108/460/544 2109/462/544
f  2110/463/544 2111/461/544 2112/462/544
f  2113/461/544 2114/463/544 2115/464/544

