# File produced by Open Asset Import Library (http://www.assimp.sf.net)
# (assimp v6.0.0)

mtllib ship18f.mtl

# 10638 vertex positions
v 372.358002 -41.9860153 339.44397
v 388.5 -14.3780184 421.190002
v 331.645996 -40.1240158 377.146027
v 388.5 -14.3780184 421.190002
v 372.358002 -41.9860153 339.44397
v 405.664001 -27.7200165 366.940002
v 388.5 -14.3780184 421.190002
v 405.664001 -27.7200165 366.940002
v 458.751984 10.2339811 427.924011
v 464.505981 26.2219791 454.370026
v 388.5 -14.3780184 421.190002
v 458.751984 10.2339811 427.924011
v 504.784027 45.4999771 449.456024
v 464.505981 26.2219791 454.370026
v 458.751984 10.2339811 427.924011
v 527.226013 64.2319794 473.619995
v 464.505981 26.2219791 454.370026
v 504.784027 45.4999771 449.456024
v 527.226013 64.2319794 473.619995
v 504.784027 45.4999771 449.456024
v 515.914001 67.1579819 457.84198
v 543.116028 78.6659851 481.432007
v 527.226013 64.2319794 473.619995
v 515.914001 67.1579819 457.84198
v 372.358002 -41.9860153 339.44397
v 409.318024 -20.8040142 338.996002
v 405.664001 -27.7200165 366.940002
v 444.276001 -0.980016172 369.109985
v 405.664001 -27.7200165 366.940002
v 409.318024 -20.8040142 338.996002
v 405.664001 -27.7200165 366.940002
v 444.276001 -0.980016172 369.109985
v 451.793976 0.209982559 399.112
v 405.664001 -27.7200165 366.940002
v 451.793976 0.209982559 399.112
v 458.751984 10.2339811 427.924011
v 483.546021 29.0779819 422.449982
v 458.751984 10.2339811 427.924011
v 451.793976 0.209982559 399.112
v 458.751984 10.2339811 427.924011
v 483.546021 29.0779819 422.449982
v 504.784027 45.4999771 449.456024
v 488.053986 56.9659805 429.772003
v 504.784027 45.4999771 449.456024
v 483.546021 29.0779819 422.449982
v 504.784027 45.4999771 449.456024
v 488.053986 56.9659805 429.772003
v 515.914001 67.1579819 457.84198
v 409.318024 -20.8040142 338.996002
v 372.358002 -41.9860153 339.44397
v 382.634003 -31.8220139 318.248016
v 382.634003 -31.8220139 318.248016
v 405.664001 -2.29601407 319.143982
v 409.318024 -20.8040142 338.996002
v 434.48999 10.2899847 346.429993
v 409.318024 -20.8040142 338.996002
v 405.664001 -2.29601407 319.143982
v 409.318024 -20.8040142 338.996002
v 434.48999 10.2899847 346.429993
v 444.276001 -0.980016172 369.109985
v 434.48999 10.2899847 346.429993
v 450.380005 24.9899826 366.576019
v 444.276001 -0.980016172 369.109985
v 450.380005 24.9899826 366.576019
v 465.667999 21.0139828 390.893982
v 444.276001 -0.980016172 369.109985
v 465.667999 21.0139828 390.893982
v 483.546021 29.0779819 422.449982
v 444.276001 -0.980016172 369.109985
v 483.546021 29.0779819 422.449982
v 451.793976 0.209982559 399.112
v 444.276001 -0.980016172 369.109985
v 405.664001 -2.29601407 319.143982
v 382.634003 -31.8220139 318.248016
v 394.631989 -6.93001366 310.772003
v 394.631989 -6.93001366 310.772003
v 393.358002 29.5959873 312.927979
v 405.664001 -2.29601407 319.143982
v 420.321991 40.6839867 339.06601
v 405.664001 -2.29601407 319.143982
v 393.358002 29.5959873 312.927979
v 405.664001 -2.29601407 319.143982
v 420.321991 40.6839867 339.06601
v 434.48999 10.2899847 346.429993
v 442.259979 47.9779854 366.309998
v 434.48999 10.2899847 346.429993
v 420.321991 40.6839867 339.06601
v 434.48999 10.2899847 346.429993
v 442.259979 47.9779854 366.309998
v 450.380005 24.9899826 366.576019
v 442.259979 47.9779854 366.309998
v 465.667999 21.0139828 390.893982
v 450.380005 24.9899826 366.576019
v 465.667999 21.0139828 390.893982
v 442.259979 47.9779854 366.309998
v 463.917999 51.8839798 398.075989
v 463.917999 51.8839798 398.075989
v 483.546021 29.0779819 422.449982
v 465.667999 21.0139828 390.893982
v 483.546021 29.0779819 422.449982
v 463.917999 51.8839798 398.075989
v 488.053986 56.9659805 429.772003
v 393.358002 29.5959873 312.927979
v 394.631989 -6.93001366 310.772003
v 356.411987 14.0419874 284.843994
v -394.631989 -6.93001366 310.772003
v -393.358002 29.5959873 312.927979
v -356.411987 14.0419874 284.843994
v -393.358002 29.5959873 312.927979
v -394.631989 -6.93001366 310.772003
v -405.664001 -2.29601407 319.143982
v -405.664001 -2.29601407 319.143982
v -420.321991 40.6839867 339.06601
v -393.358002 29.5959873 312.927979
v -420.321991 40.6839867 339.06601
v -405.664001 -2.29601407 319.143982
v -434.48999 10.2899847 346.429993
v -434.48999 10.2899847 346.429993
v -442.259979 47.9779854 366.309998
v -420.321991 40.6839867 339.06601
v -442.259979 47.9779854 366.309998
v -434.48999 10.2899847 346.429993
v -450.380005 24.9899826 366.576019
v -465.667999 21.0139828 390.893982
v -442.259979 47.9779854 366.309998
v -450.380005 24.9899826 366.576019
v -442.259979 47.9779854 366.309998
v -465.667999 21.0139828 390.893982
v -463.917999 51.8839798 398.075989
v -382.634003 -31.8220139 318.248016
v -405.664001 -2.29601407 319.143982
v -394.631989 -6.93001366 310.772003
v -405.664001 -2.29601407 319.143982
v -382.634003 -31.8220139 318.248016
v -409.318024 -20.8040142 338.996002
v -409.318024 -20.8040142 338.996002
v -434.48999 10.2899847 346.429993
v -405.664001 -2.29601407 319.143982
v -434.48999 10.2899847 346.429993
v -409.318024 -20.8040142 338.996002
v -444.276001 -0.980016172 369.109985
v -450.380005 24.9899826 366.576019
v -434.48999 10.2899847 346.429993
v -444.276001 -0.980016172 369.109985
v -465.667999 21.0139828 390.893982
v -450.380005 24.9899826 366.576019
v -444.276001 -0.980016172 369.109985
v -483.546021 29.0779819 422.449982
v -465.667999 21.0139828 390.893982
v -444.276001 -0.980016172 369.109985
v -483.546021 29.0779819 422.449982
v -463.917999 51.8839798 398.075989
v -465.667999 21.0139828 390.893982
v -463.917999 51.8839798 398.075989
v -483.546021 29.0779819 422.449982
v -488.053986 56.9659805 429.772003
v -504.784027 45.4999771 449.456024
v -488.053986 56.9659805 429.772003
v -483.546021 29.0779819 422.449982
v -488.053986 56.9659805 429.772003
v -504.784027 45.4999771 449.456024
v -515.914001 67.1579819 457.84198
v -372.358002 -41.9860153 339.44397
v -409.318024 -20.8040142 338.996002
v -382.634003 -31.8220139 318.248016
v -409.318024 -20.8040142 338.996002
v -372.358002 -41.9860153 339.44397
v -405.664001 -27.7200165 366.940002
v -405.664001 -27.7200165 366.940002
v -444.276001 -0.980016172 369.109985
v -409.318024 -20.8040142 338.996002
v -444.276001 -0.980016172 369.109985
v -405.664001 -27.7200165 366.940002
v -451.793976 0.209982559 399.112
v -451.793976 0.209982559 399.112
v -483.546021 29.0779819 422.449982
v -444.276001 -0.980016172 369.109985
v -458.751984 10.2339811 427.924011
v -483.546021 29.0779819 422.449982
v -451.793976 0.209982559 399.112
v -483.546021 29.0779819 422.449982
v -458.751984 10.2339811 427.924011
v -504.784027 45.4999771 449.456024
v -464.505981 26.2219791 454.370026
v -504.784027 45.4999771 449.456024
v -458.751984 10.2339811 427.924011
v -464.505981 26.2219791 454.370026
v -527.226013 64.2319794 473.619995
v -504.784027 45.4999771 449.456024
v -504.784027 45.4999771 449.456024
v -527.226013 64.2319794 473.619995
v -515.914001 67.1579819 457.84198
v -527.226013 64.2319794 473.619995
v -543.116028 78.6659851 481.432007
v -515.914001 67.1579819 457.84198
v -372.358002 -41.9860153 339.44397
v -388.5 -14.3780184 421.190002
v -405.664001 -27.7200165 366.940002
v -405.664001 -27.7200165 366.940002
v -388.5 -14.3780184 421.190002
v -458.751984 10.2339811 427.924011
v -451.793976 0.209982559 399.112
v -405.664001 -27.7200165 366.940002
v -458.751984 10.2339811 427.924011
v -388.5 -14.3780184 421.190002
v -372.358002 -41.9860153 339.44397
v -331.645996 -40.1240158 377.146027
v -388.5 -14.3780184 421.190002
v -464.505981 26.2219791 454.370026
v -458.751984 10.2339811 427.924011
v 249.746002 -16.9120121 278.502014
v 238.279999 -52.0240135 303.84201
v 220.556 -25.5220127 297.611969
v 238.279999 -52.0240135 303.84201
v 249.746002 -16.9120121 278.502014
v 294 -37.1140137 269.009979
v 294 -37.1140137 269.009979
v 293.56601 -64.1760178 337.217987
v 238.279999 -52.0240135 303.84201
v 293.56601 -64.1760178 337.217987
v 294 -37.1140137 269.009979
v 336.447998 -49.9100113 301.588013
v 336.447998 -49.9100113 301.588013
v 349.174011 -57.0640144 384.34201
v 293.56601 -64.1760178 337.217987
v 349.174011 -57.0640144 384.34201
v 336.447998 -49.9100113 301.588013
v 373.450012 -42.0280113 341.012024
v 336.447998 -49.9100113 301.588013
v 394.23999 -26.2500134 293.817993
v 373.450012 -42.0280113 341.012024
v 249.746002 -16.9120121 278.502014
v 293.104004 -4.60601139 252.405991
v 294 -37.1140137 269.009979
v 293.104004 -4.60601139 252.405991
v 348.586029 -20.6220112 222.362
v 294 -37.1140137 269.009979
v 373.645996 -33.8240128 256.522003
v 294 -37.1140137 269.009979
v 348.586029 -20.6220112 222.362
v 294 -37.1140137 269.009979
v 373.645996 -33.8240128 256.522003
v 336.447998 -49.9100113 301.588013
v 394.23999 -26.2500134 293.817993
v 336.447998 -49.9100113 301.588013
v 373.645996 -33.8240128 256.522003
v 373.645996 -33.8240128 256.522003
v 406.140015 -16.7860107 244.369995
v 394.23999 -26.2500134 293.817993
v 406.140015 -16.7860107 244.369995
v 373.645996 -33.8240128 256.522003
v 394.786011 -18.9140091 197.987991
v 413.406006 1.24599123 199.976013
v 406.140015 -16.7860107 244.369995
v 394.786011 -18.9140091 197.987991
v 402.878021 2.60399342 149.925995
v 413.406006 1.24599123 199.976013
v 394.786011 -18.9140091 197.987991
v 348.586029 -20.6220112 222.362
v 293.104004 -4.60601139 252.405991
v 335.272003 9.43599129 213.164001
v 335.272003 9.43599129 213.164001
v 384.579987 0.615993261 154.098007
v 348.586029 -20.6220112 222.362
v 394.786011 -18.9140091 197.987991
v 348.586029 -20.6220112 222.362
v 384.579987 0.615993261 154.098007
v 348.586029 -20.6220112 222.362
v 394.786011 -18.9140091 197.987991
v 373.645996 -33.8240128 256.522003
v 384.579987 0.615993261 154.098007
v 335.272003 9.43599129 213.164001
v 378.475983 33.4179955 140.46199
v 378.475983 33.4179955 140.46199
v 396.381989 18.1999931 125.397995
v 384.579987 0.615993261 154.098007
v 402.878021 2.60399342 149.925995
v 384.579987 0.615993261 154.098007
v 396.381989 18.1999931 125.397995
v 384.579987 0.615993261 154.098007
v 402.878021 2.60399342 149.925995
v 394.786011 -18.9140091 197.987991
v 396.381989 18.1999931 125.397995
v 378.475983 33.4179955 140.46199
v 393.806 46.7319946 116.493996
v -132.593994 -26.5299988 -21.0139999
v -148.246002 -39.2699966 -62.2719994
v -161 -20.817997 -52.7100029
v -148.246002 -39.2699966 -62.2719994
v -132.593994 -26.5299988 -21.0139999
v -130.731995 -43.4699974 -20.3140011
v -166.460007 -51.5339966 -55.552002
v -148.246002 -39.2699966 -62.2719994
v -130.731995 -43.4699974 -20.3140011
v -131.529999 -60.1160011 28.4479961
v -166.460007 -51.5339966 -55.552002
v -130.731995 -43.4699974 -20.3140011
v -168.727997 -50.0920029 34.9579964
v -166.460007 -51.5339966 -55.552002
v -131.529999 -60.1160011 28.4479961
v -166.460007 -51.5339966 -55.552002
v -168.727997 -50.0920029 34.9579964
v -202.537994 -41.7480011 -38.038002
v -195.579987 -33.8520012 44.6879997
v -202.537994 -41.7480011 -38.038002
v -168.727997 -50.0920029 34.9579964
v -202.537994 -41.7480011 -38.038002
v -195.579987 -33.8520012 44.6879997
v -233.884003 -24.3459988 -20.7340012
v -132.593994 -26.5299988 -21.0139999
v -119.938004 -15.6099997 -12.4180002
v -130.731995 -43.4699974 -20.3140011
v -130.731995 -43.4699974 -20.3140011
v -119.938004 -15.6099997 -12.4180002
v -93.4779968 -47.3060036 9.47799778
v -93.4779968 -47.3060036 9.47799778
v -107.338005 -48.1040001 23.5479984
v -130.731995 -43.4699974 -20.3140011
v -107.338005 -48.1040001 23.5479984
v -131.529999 -60.1160011 28.4479961
v -130.731995 -43.4699974 -20.3140011
v -107.338005 -48.1040001 23.5479984
v -93.2960052 -57.5820045 85.0080032
v -131.529999 -60.1160011 28.4479961
v -93.2960052 -57.5820045 85.0080032
v -102.704002 -64.9320068 90.7059937
v -131.529999 -60.1160011 28.4479961
v -144.550003 -55.2440033 99.8339996
v -131.529999 -60.1160011 28.4479961
v -102.704002 -64.9320068 90.7059937
v -168.727997 -50.0920029 34.9579964
v -131.529999 -60.1160011 28.4479961
v -144.550003 -55.2440033 99.8339996
v -195.579987 -33.8520012 44.6879997
v -168.727997 -50.0920029 34.9579964
v -144.550003 -55.2440033 99.8339996
v -70.0699997 -13.3000011 26.5719986
v -93.4779968 -47.3060036 9.47799778
v -119.938004 -15.6099997 -12.4180002
v -45.7940025 -45.3180046 45.0940018
v -93.4779968 -47.3060036 9.47799778
v -70.0699997 -13.3000011 26.5719986
v -81.4660034 -45.234005 81.8999939
v -93.4779968 -47.3060036 9.47799778
v -45.7940025 -45.3180046 45.0940018
v -107.338005 -48.1040001 23.5479984
v -93.4779968 -47.3060036 9.47799778
v -81.4660034 -45.234005 81.8999939
v -93.2960052 -57.5820045 85.0080032
v -107.338005 -48.1040001 23.5479984
v -81.4660034 -45.234005 81.8999939
v -93.2960052 -57.5820045 85.0080032
v -81.4660034 -45.234005 81.8999939
v -81.564003 -56.8820076 122.360001
v -93.2960052 -57.5820045 85.0080032
v -81.564003 -56.8820076 122.360001
v -102.704002 -64.9320068 90.7059937
v -102.704002 -64.9320068 90.7059937
v -81.564003 -56.8820076 122.360001
v -79.0439987 -67.0180054 168.770004
v -126.546005 -59.8500061 150.080002
v -102.704002 -64.9320068 90.7059937
v -79.0439987 -67.0180054 168.770004
v -102.704002 -64.9320068 90.7059937
v -126.546005 -59.8500061 150.080002
v -144.550003 -55.2440033 99.8339996
v -126.546005 -59.8500061 150.080002
v -158.214005 -23.3100052 129.149994
v -144.550003 -55.2440033 99.8339996
v -195.579987 -33.8520012 44.6879997
v -144.550003 -55.2440033 99.8339996
v -158.214005 -23.3100052 129.149994
v -28.9239998 -20.6780014 62.6079979
v -45.7940025 -45.3180046 45.0940018
v -70.0699997 -13.3000011 26.5719986
v -28.9239998 -20.6780014 62.6079979
v -31.3040009 -42.9940033 58.9959984
v -45.7940025 -45.3180046 45.0940018
v -31.3040009 -42.9940033 58.9959984
v -28.9239998 -20.6780014 62.6079979
v -22.9460011 -34.9020042 68.6559982
v -195.579987 -33.8520012 44.6879997
v -158.214005 -23.3100052 129.149994
v -204.525986 -14.196003 52.9059982
v -204.525986 -14.196003 52.9059982
v -233.884003 -24.3459988 -20.7340012
v -195.579987 -33.8520012 44.6879997
v -233.884003 -24.3459988 -20.7340012
v -204.525986 -14.196003 52.9059982
v -250.319992 -1.91799963 -9.74400043
v -249.746002 -16.9120121 278.502014
v -231.195999 -5.53001451 321.649994
v -220.556 -25.5220127 297.611969
v -231.195999 -5.53001451 321.649994
v -249.746002 -16.9120121 278.502014
v -286.328003 13.4259872 282.46402
v -286.328003 13.4259872 282.46402
v -282.156006 -0.364015788 361.199982
v -231.195999 -5.53001451 321.649994
v -282.156006 -0.364015788 361.199982
v -286.328003 13.4259872 282.46402
v -325.765991 20.8039856 320.347992
v -325.765991 20.8039856 320.347992
v -341.152008 -15.9180174 399.769989
v -282.156006 -0.364015788 361.199982
v -341.152008 -15.9180174 399.769989
v -325.765991 20.8039856 320.347992
v -366.35202 6.24398422 353.527985
v -325.765991 20.8039856 320.347992
v -389.843994 29.0359859 301.167999
v -366.35202 6.24398422 353.527985
v -286.328003 13.4259872 282.46402
v -249.746002 -16.9120121 278.502014
v -293.104004 -4.60601139 252.405991
v -293.104004 -4.60601139 252.405991
v -342.873993 37.4079895 231.406006
v -286.328003 13.4259872 282.46402
v -366.548004 44.1839905 268.450012
v -286.328003 13.4259872 282.46402
v -342.873993 37.4079895 231.406006
v -286.328003 13.4259872 282.46402
v -366.548004 44.1839905 268.450012
v -325.765991 20.8039856 320.347992
v -389.843994 29.0359859 301.167999
v -325.765991 20.8039856 320.347992
v -366.548004 44.1839905 268.450012
v -366.548004 44.1839905 268.450012
v -404.68399 54.5439911 247.001999
v -389.843994 29.0359859 301.167999
v -404.68399 54.5439911 247.001999
v -366.548004 44.1839905 268.450012
v -395.570007 70.4339905 202.944
v -413.48999 64.8199921 198.548004
v -404.68399 54.5439911 247.001999
v -395.570007 70.4339905 202.944
v -404.725983 74.9139938 152.810013
v -413.48999 64.8199921 198.548004
v -395.570007 70.4339905 202.944
v -342.873993 37.4079895 231.406006
v -293.104004 -4.60601139 252.405991
v -335.272003 9.43599129 213.164001
v -335.272003 9.43599129 213.164001
v -384.201996 63.6999931 157.177994
v -342.873993 37.4079895 231.406006
v -395.570007 70.4339905 202.944
v -342.873993 37.4079895 231.406006
v -384.201996 63.6999931 157.177994
v -342.873993 37.4079895 231.406006
v -395.570007 70.4339905 202.944
v -366.548004 44.1839905 268.450012
v -384.201996 63.6999931 157.177994
v -335.272003 9.43599129 213.164001
v -378.475983 33.4179955 140.46199
v -393.806 46.7319946 116.493996
v -384.201996 63.6999931 157.177994
v -378.475983 33.4179955 140.46199
v -384.201996 63.6999931 157.177994
v -393.806 46.7319946 116.493996
v -393.778015 67.6759949 137.64801
v -404.725983 74.9139938 152.810013
v -384.201996 63.6999931 157.177994
v -393.778015 67.6759949 137.64801
v -384.201996 63.6999931 157.177994
v -404.725983 74.9139938 152.810013
v -395.570007 70.4339905 202.944
v -400.287994 66.4159927 127.036003
v -393.778015 67.6759949 137.64801
v -393.806 46.7319946 116.493996
v -400.287994 66.4159927 127.036003
v -404.725983 74.9139938 152.810013
v -393.778015 67.6759949 137.64801
v -493.290009 77.364006 32.3820038
v -508.507996 52.4580002 24.4440022
v -516.711975 80.3460007 14.0560036
v -508.507996 52.4580002 24.4440022
v -493.290009 77.364006 32.3820038
v -492.46402 46.6619987 37.4080009
v -508.507996 52.4580002 24.4440022
v -492.46402 46.6619987 37.4080009
v -495.375977 33.291996 68.3619995
v -519.469971 47.1939964 54.0680046
v -508.507996 52.4580002 24.4440022
v -495.375977 33.291996 68.3619995
v -508.507996 52.4580002 24.4440022
v -519.469971 47.1939964 54.0680046
v -523.921997 77.5319977 24.6680031
v -516.711975 80.3460007 14.0560036
v -508.507996 52.4580002 24.4440022
v -523.921997 77.5319977 24.6680031
v -513.617981 97.2999954 27.3560047
v -516.711975 80.3460007 14.0560036
v -523.921997 77.5319977 24.6680031
v -510.691986 100.085999 57.3580055
v -513.617981 97.2999954 27.3560047
v -523.921997 77.5319977 24.6680031
v -454.944 68.6559982 63.5740051
v -492.46402 46.6619987 37.4080009
v -493.290009 77.364006 32.3820038
v -492.46402 46.6619987 37.4080009
v -454.944 68.6559982 63.5740051
v -454.720001 38.1779976 68.711998
v -454.720001 38.1779976 68.711998
v -495.375977 33.291996 68.3619995
v -492.46402 46.6619987 37.4080009
v -495.375977 33.291996 68.3619995
v -454.720001 38.1779976 68.711998
v -454.216003 15.6099958 101.919998
v -454.216003 15.6099958 101.919998
v -488.600006 11.2979946 127.176003
v -495.375977 33.291996 68.3619995
v -488.600006 11.2979946 127.176003
v -513.617981 24.6819954 105.209999
v -495.375977 33.291996 68.3619995
v -513.617981 24.6819954 105.209999
v -519.469971 47.1939964 54.0680046
v -495.375977 33.291996 68.3619995
v -520.996033 46.3119926 114.800003
v -519.469971 47.1939964 54.0680046
v -513.617981 24.6819954 105.209999
v -519.469971 47.1939964 54.0680046
v -520.996033 46.3119926 114.800003
v -523.921997 77.5319977 24.6680031
v -520.996033 46.3119926 114.800003
v -510.691986 100.085999 57.3580055
v -523.921997 77.5319977 24.6680031
v -510.691986 100.085999 57.3580055
v -520.996033 46.3119926 114.800003
v -505.988007 67.8579941 122.779999
v -520.996033 46.3119926 114.800003
v -509.165985 45.9759903 166.166
v -505.988007 67.8579941 122.779999
v -417.003998 64.4280014 80.2200012
v -454.720001 38.1779976 68.711998
v -454.944 68.6559982 63.5740051
v -454.720001 38.1779976 68.711998
v -417.003998 64.4280014 80.2200012
v -418.082001 34.9579964 85.3440018
v -418.082001 34.9579964 85.3440018
v -454.216003 15.6099958 101.919998
v -454.720001 38.1779976 68.711998
v -454.216003 15.6099958 101.919998
v -418.082001 34.9579964 85.3440018
v -425.641998 11.0179949 119.546005
v -425.641998 11.0179949 119.546005
v -456.946014 -1.72200644 148.638
v -454.216003 15.6099958 101.919998
v -488.600006 11.2979946 127.176003
v -454.216003 15.6099958 101.919998
v -456.946014 -1.72200644 148.638
v -456.946014 -1.72200644 148.638
v -492.84198 -1.45600736 167.425995
v -488.600006 11.2979946 127.176003
v -516.530029 11.4099941 147.503998
v -488.600006 11.2979946 127.176003
v -492.84198 -1.45600736 167.425995
v -488.600006 11.2979946 127.176003
v -516.530029 11.4099941 147.503998
v -513.617981 24.6819954 105.209999
v -516.530029 11.4099941 147.503998
v -520.996033 46.3119926 114.800003
v -513.617981 24.6819954 105.209999
v -520.996033 46.3119926 114.800003
v -516.530029 11.4099941 147.503998
v -521.065979 28.8399925 158.214005
v -509.165985 45.9759903 166.166
v -520.996033 46.3119926 114.800003
v -521.065979 28.8399925 158.214005
v -521.065979 28.8399925 158.214005
v -510.425995 29.5959911 197.903992
v -509.165985 45.9759903 166.166
v -417.003998 64.4280014 80.2200012
v -387.701996 37.3659973 96.026001
v -418.082001 34.9579964 85.3440018
v -403.423981 10.345994 132.48201
v -418.082001 34.9579964 85.3440018
v -387.701996 37.3659973 96.026001
v -418.082001 34.9579964 85.3440018
v -403.423981 10.345994 132.48201
v -425.641998 11.0179949 119.546005
v -403.423981 10.345994 132.48201
v -433.916016 -7.1400075 170.310013
v -425.641998 11.0179949 119.546005
v -456.946014 -1.72200644 148.638
v -425.641998 11.0179949 119.546005
v -433.916016 -7.1400075 170.310013
v -433.916016 -7.1400075 170.310013
v -462.924011 -12.6980085 189.419998
v -456.946014 -1.72200644 148.638
v -492.84198 -1.45600736 167.425995
v -456.946014 -1.72200644 148.638
v -462.924011 -12.6980085 189.419998
v -462.924011 -12.6980085 189.419998
v -499.100006 -4.62000847 195.789993
v -492.84198 -1.45600736 167.425995
v -516.935974 2.64599204 183.218002
v -492.84198 -1.45600736 167.425995
v -499.100006 -4.62000847 195.789993
v -492.84198 -1.45600736 167.425995
v -516.935974 2.64599204 183.218002
v -516.530029 11.4099941 147.503998
v -516.935974 2.64599204 183.218002
v -521.065979 28.8399925 158.214005
v -516.530029 11.4099941 147.503998
v -387.701996 37.3659973 96.026001
v -417.003998 64.4280014 80.2200012
v -389.130005 62.0059967 89.5439987
v -521.065979 28.8399925 158.214005
v -516.935974 2.64599204 183.218002
v -519.511963 14.8259916 192.01001
v -510.425995 29.5959911 197.903992
v -521.065979 28.8399925 158.214005
v -519.511963 14.8259916 192.01001
v -499.100006 -4.62000847 195.789993
v -519.511963 14.8259916 192.01001
v -516.935974 2.64599204 183.218002
v -519.511963 14.8259916 192.01001
v -499.100006 -4.62000847 195.789993
v -502.585999 9.53398991 214.143997
v -497.826019 32.1439896 211.889999
v -519.511963 14.8259916 192.01001
v -502.585999 9.53398991 214.143997
v -519.511963 14.8259916 192.01001
v -497.826019 32.1439896 211.889999
v -510.425995 29.5959911 197.903992
v -470.777985 -10.7240095 218.301987
v -502.585999 9.53398991 214.143997
v -499.100006 -4.62000847 195.789993
v -502.585999 9.53398991 214.143997
v -470.777985 -10.7240095 218.301987
v -472.695984 4.19998932 241.037994
v -472.695984 4.19998932 241.037994
v -497.826019 32.1439896 211.889999
v -502.585999 9.53398991 214.143997
v -497.826019 32.1439896 211.889999
v -472.695984 4.19998932 241.037994
v -471.870026 36.4559898 238.139999
v -472.695984 4.19998932 241.037994
v -433.383972 30.6319885 259.559998
v -471.870026 36.4559898 238.139999
v -433.383972 30.6319885 259.559998
v -472.695984 4.19998932 241.037994
v -432.207977 2.6599884 260.847992
v -432.207977 2.6599884 260.847992
v -410.81601 17.6679878 288.497986
v -433.383972 30.6319885 259.559998
v -410.81601 17.6679878 288.497986
v -432.207977 2.6599884 260.847992
v -406.027985 -4.13001299 297.486023
v -499.100006 -4.62000847 195.789993
v -462.924011 -12.6980085 189.419998
v -470.777985 -10.7240095 218.301987
v -436.744019 -18.7740097 217.028
v -470.777985 -10.7240095 218.301987
v -462.924011 -12.6980085 189.419998
v -470.777985 -10.7240095 218.301987
v -436.744019 -18.7740097 217.028
v -431.830017 -13.6080103 248.695999
v -431.830017 -13.6080103 248.695999
v -472.695984 4.19998932 241.037994
v -470.777985 -10.7240095 218.301987
v -472.695984 4.19998932 241.037994
v -431.830017 -13.6080103 248.695999
v -432.207977 2.6599884 260.847992
v -406.321991 -19.3480129 287.644012
v -432.207977 2.6599884 260.847992
v -431.830017 -13.6080103 248.695999
v -432.207977 2.6599884 260.847992
v -406.321991 -19.3480129 287.644012
v -406.027985 -4.13001299 297.486023
v -462.924011 -12.6980085 189.419998
v -433.916016 -7.1400075 170.310013
v -436.744019 -18.7740097 217.028
v -416.248016 -10.6960077 191.463989
v -436.744019 -18.7740097 217.028
v -433.916016 -7.1400075 170.310013
v -436.744019 -18.7740097 217.028
v -416.248016 -10.6960077 191.463989
v -414.385986 -23.926012 247.491989
v -414.385986 -23.926012 247.491989
v -431.830017 -13.6080103 248.695999
v -436.744019 -18.7740097 217.028
v -431.830017 -13.6080103 248.695999
v -414.385986 -23.926012 247.491989
v -406.321991 -19.3480129 287.644012
v -433.916016 -7.1400075 170.310013
v -403.423981 10.345994 132.48201
v -416.248016 -10.6960077 191.463989
v -406.027985 -4.13001299 297.486023
v -416.766022 34.2719879 266.727997
v -410.81601 17.6679878 288.497986
v -416.766022 34.2719879 266.727997
v -406.027985 -4.13001299 297.486023
v -411.054016 5.30598879 256.927979
v -412.496002 23.6879921 203.574005
v -416.766022 34.2719879 266.727997
v -411.054016 5.30598879 256.927979
v -416.766022 34.2719879 266.727997
v -412.496002 23.6879921 203.574005
v -419.636017 57.8899918 214.368011
v -412.496002 23.6879921 203.574005
v -406.71402 77.3079987 154.896011
v -419.636017 57.8899918 214.368011
v -406.71402 77.3079987 154.896011
v -412.496002 23.6879921 203.574005
v -399.027985 43.5819931 145.207993
v -399.027985 43.5819931 145.207993
v -389.717987 78.3579941 109.634003
v -406.71402 77.3079987 154.896011
v -389.717987 78.3579941 109.634003
v -399.027985 43.5819931 145.207993
v -385.321991 59.7379951 100.464005
v -406.321991 -19.3480129 287.644012
v -411.054016 5.30598879 256.927979
v -406.027985 -4.13001299 297.486023
v -411.054016 5.30598879 256.927979
v -406.321991 -19.3480129 287.644012
v -414.385986 -23.926012 247.491989
v -414.385986 -23.926012 247.491989
v -412.496002 23.6879921 203.574005
v -411.054016 5.30598879 256.927979
v -412.496002 23.6879921 203.574005
v -414.385986 -23.926012 247.491989
v -416.248016 -10.6960077 191.463989
v -403.423981 10.345994 132.48201
v -412.496002 23.6879921 203.574005
v -416.248016 -10.6960077 191.463989
v -412.496002 23.6879921 203.574005
v -403.423981 10.345994 132.48201
v -399.027985 43.5819931 145.207993
v -387.701996 37.3659973 96.026001
v -399.027985 43.5819931 145.207993
v -403.423981 10.345994 132.48201
v -399.027985 43.5819931 145.207993
v -387.701996 37.3659973 96.026001
v -385.321991 59.7379951 100.464005
v 352.18399 119.868004 -188.901993
v 398.048004 73.3460007 -152.235992
v 409.051971 124.124008 -147.391998
v 398.048004 73.3460007 -152.235992
v 352.18399 119.868004 -188.901993
v 343.630005 96.9080124 -193.242004
v 356.28598 73.7100067 -185.009995
v 398.048004 73.3460007 -152.235992
v 343.630005 96.9080124 -193.242004
v 373.212006 55.5660057 -178.485992
v 398.048004 73.3460007 -152.235992
v 356.28598 73.7100067 -185.009995
v 398.048004 73.3460007 -152.235992
v 373.212006 55.5660057 -178.485992
v 412.832001 50.2740097 -146.48201
v 394.744019 46.0600052 -174.201996
v 412.832001 50.2740097 -146.48201
v 373.212006 55.5660057 -178.485992
v 412.832001 50.2740097 -146.48201
v 394.744019 46.0600052 -174.201996
v 432.138 40.446003 -139.860001
v 458.415985 37.2540054 -129.024002
v 432.138 40.446003 -139.860001
v 394.744019 46.0600052 -174.201996
v 315.363983 127.14801 -224.181992
v 343.630005 96.9080124 -193.242004
v 352.18399 119.868004 -188.901993
v 343.630005 96.9080124 -193.242004
v 315.363983 127.14801 -224.181992
v 309.917999 103.544014 -225.428009
v 315.48999 80.9340134 -223.664001
v 343.630005 96.9080124 -193.242004
v 309.917999 103.544014 -225.428009
v 343.630005 96.9080124 -193.242004
v 315.48999 80.9340134 -223.664001
v 356.28598 73.7100067 -185.009995
v 321.902008 65.8840103 -229.515991
v 356.28598 73.7100067 -185.009995
v 315.48999 80.9340134 -223.664001
v 356.28598 73.7100067 -185.009995
v 321.902008 65.8840103 -229.515991
v 373.212006 55.5660057 -178.485992
v 346.682007 56.8540115 -224.279999
v 373.212006 55.5660057 -178.485992
v 321.902008 65.8840103 -229.515991
v 373.212006 55.5660057 -178.485992
v 346.682007 56.8540115 -224.279999
v 394.744019 46.0600052 -174.201996
v 434.630005 41.0060043 -152.82399
v 394.744019 46.0600052 -174.201996
v 346.682007 56.8540115 -224.279999
v 394.744019 46.0600052 -174.201996
v 434.630005 41.0060043 -152.82399
v 458.415985 37.2540054 -129.024002
v 491.049988 52.220005 -142.603989
v 458.415985 37.2540054 -129.024002
v 434.630005 41.0060043 -152.82399
v 458.415985 37.2540054 -129.024002
v 491.049988 52.220005 -142.603989
v 480.326019 37.7580032 -111.342003
v 294.713989 132.720016 -249.955994
v 309.917999 103.544014 -225.428009
v 315.363983 127.14801 -224.181992
v 309.917999 103.544014 -225.428009
v 294.713989 132.720016 -249.955994
v 289.394012 109.76001 -251.187988
v 294.924011 87.5980072 -249.242004
v 309.917999 103.544014 -225.428009
v 289.394012 109.76001 -251.187988
v 309.917999 103.544014 -225.428009
v 294.924011 87.5980072 -249.242004
v 315.48999 80.9340134 -223.664001
v 321.902008 65.8840103 -229.515991
v 315.48999 80.9340134 -223.664001
v 294.924011 87.5980072 -249.242004
v 294.924011 87.5980072 -249.242004
v 290.850006 81.2140121 -276.962006
v 321.902008 65.8840103 -229.515991
v 306.487976 74.2000046 -282.786011
v 321.902008 65.8840103 -229.515991
v 290.850006 81.2140121 -276.962006
v 321.902008 65.8840103 -229.515991
v 306.487976 74.2000046 -282.786011
v 346.682007 56.8540115 -224.279999
v 335.51001 69.4680099 -279.118011
v 346.682007 56.8540115 -224.279999
v 306.487976 74.2000046 -282.786011
v 346.682007 56.8540115 -224.279999
v 335.51001 69.4680099 -279.118011
v 434.630005 41.0060043 -152.82399
v 294.713989 132.720016 -249.955994
v 269.640015 121.450012 -290.779968
v 289.394012 109.76001 -251.187988
v 277.549988 98.2100143 -280.574005
v 289.394012 109.76001 -251.187988
v 269.640015 121.450012 -290.779968
v 289.394012 109.76001 -251.187988
v 277.549988 98.2100143 -280.574005
v 294.924011 87.5980072 -249.242004
v 290.850006 81.2140121 -276.962006
v 294.924011 87.5980072 -249.242004
v 277.549988 98.2100143 -280.574005
v 277.549988 98.2100143 -280.574005
v 272.832001 97.3420105 -320.837982
v 290.850006 81.2140121 -276.962006
v 290.765991 83.7340164 -319.998016
v 290.850006 81.2140121 -276.962006
v 272.832001 97.3420105 -320.837982
v 290.850006 81.2140121 -276.962006
v 290.765991 83.7340164 -319.998016
v 306.487976 74.2000046 -282.786011
v 313.179993 75.5720139 -306.879974
v 306.487976 74.2000046 -282.786011
v 290.765991 83.7340164 -319.998016
v 306.487976 74.2000046 -282.786011
v 313.179993 75.5720139 -306.879974
v 335.51001 69.4680099 -279.118011
v 269.640015 121.450012 -290.779968
v 294.713989 132.720016 -249.955994
v 272.216003 142.044022 -293.957977
v 272.216003 142.044022 -293.957977
v 250.362 139.944016 -365.14801
v 269.640015 121.450012 -290.779968
v 255.261993 121.296013 -356.272003
v 269.640015 121.450012 -290.779968
v 250.362 139.944016 -365.14801
v 269.640015 121.450012 -290.779968
v 255.261993 121.296013 -356.272003
v 277.549988 98.2100143 -280.574005
v 272.832001 97.3420105 -320.837982
v 277.549988 98.2100143 -280.574005
v 255.261993 121.296013 -356.272003
v 255.261993 121.296013 -356.272003
v 259.630005 108.500015 -356.355988
v 272.832001 97.3420105 -320.837982
v 270.928009 95.3540192 -347.15802
v 272.832001 97.3420105 -320.837982
v 259.630005 108.500015 -356.355988
v 272.832001 97.3420105 -320.837982
v 270.928009 95.3540192 -347.15802
v 290.765991 83.7340164 -319.998016
v 270.928009 95.3540192 -347.15802
v 243.628006 101.612015 -410.858002
v 290.765991 83.7340164 -319.998016
v 263.339996 94.4860153 -395.037994
v 290.765991 83.7340164 -319.998016
v 243.628006 101.612015 -410.858002
v 290.765991 83.7340164 -319.998016
v 263.339996 94.4860153 -395.037994
v 313.179993 75.5720139 -306.879974
v 250.362 139.944016 -365.14801
v 272.216003 142.044022 -293.957977
v 251.958008 154.308014 -364.854004
v 251.958008 154.308014 -364.854004
v 241.920013 134.848007 -383.459991
v 250.362 139.944016 -365.14801
v 250.362 139.944016 -365.14801
v 241.920013 134.848007 -383.459991
v 255.261993 121.296013 -356.272003
v 242.522003 114.856018 -389.746002
v 255.261993 121.296013 -356.272003
v 241.920013 134.848007 -383.459991
v 255.261993 121.296013 -356.272003
v 242.522003 114.856018 -389.746002
v 259.630005 108.500015 -356.355988
v 247.996002 104.650017 -389.619995
v 259.630005 108.500015 -356.355988
v 242.522003 114.856018 -389.746002
v 259.630005 108.500015 -356.355988
v 247.996002 104.650017 -389.619995
v 270.928009 95.3540192 -347.15802
v 243.628006 101.612015 -410.858002
v 270.928009 95.3540192 -347.15802
v 247.996002 104.650017 -389.619995
v 243.628006 101.612015 -410.858002
v 247.996002 104.650017 -389.619995
v 210.811996 109.886017 -441.420013
v 243.628006 101.612015 -410.858002
v 210.811996 109.886017 -441.420013
v 192.248001 109.970016 -478.645996
v 192.248001 109.970016 -478.645996
v 235.115997 102.298019 -446.992004
v 243.628006 101.612015 -410.858002
v 243.628006 101.612015 -410.858002
v 235.115997 102.298019 -446.992004
v 263.339996 94.4860153 -395.037994
v 241.920013 134.848007 -383.459991
v 251.958008 154.308014 -364.854004
v 238.62999 153.692017 -391.243988
v 241.920013 134.848007 -383.459991
v 238.62999 153.692017 -391.243988
v 227.065994 141.624023 -405.089996
v 230.636002 127.582016 -402.149994
v 241.920013 134.848007 -383.459991
v 227.065994 141.624023 -405.089996
v 242.522003 114.856018 -389.746002
v 241.920013 134.848007 -383.459991
v 230.636002 127.582016 -402.149994
v 230.636002 127.582016 -402.149994
v 216.929993 116.08802 -423.653992
v 242.522003 114.856018 -389.746002
v 216.929993 116.08802 -423.653992
v 247.996002 104.650017 -389.619995
v 242.522003 114.856018 -389.746002
v 247.996002 104.650017 -389.619995
v 216.929993 116.08802 -423.653992
v 210.811996 109.886017 -441.420013
v 172.928009 122.864021 -471.603973
v 210.811996 109.886017 -441.420013
v 216.929993 116.08802 -423.653992
v 210.811996 109.886017 -441.420013
v 172.928009 122.864021 -471.603973
v 168.504013 115.332024 -499.855988
v 168.504013 115.332024 -499.855988
v 192.248001 109.970016 -478.645996
v 210.811996 109.886017 -441.420013
v 168.504013 115.332024 -499.855988
v 171.248001 112.57402 -536.858032
v 192.248001 109.970016 -478.645996
v 235.115997 102.298019 -446.992004
v 192.248001 109.970016 -478.645996
v 171.248001 112.57402 -536.858032
v 216.650009 155.246017 -418.79599
v 227.065994 141.624023 -405.089996
v 238.62999 153.692017 -391.243988
v 216.650009 155.246017 -418.79599
v 173.082001 142.996017 -461.145996
v 227.065994 141.624023 -405.089996
v 175.798004 133.098022 -459.256012
v 227.065994 141.624023 -405.089996
v 173.082001 142.996017 -461.145996
v 227.065994 141.624023 -405.089996
v 175.798004 133.098022 -459.256012
v 230.636002 127.582016 -402.149994
v 175.798004 133.098022 -459.256012
v 216.929993 116.08802 -423.653992
v 230.636002 127.582016 -402.149994
v 216.929993 116.08802 -423.653992
v 175.798004 133.098022 -459.256012
v 172.928009 122.864021 -471.603973
v 152.054001 139.580017 -494.53598
v 172.928009 122.864021 -471.603973
v 175.798004 133.098022 -459.256012
v 172.928009 122.864021 -471.603973
v 152.054001 139.580017 -494.53598
v 156.085999 124.516022 -500.458008
v 156.085999 124.516022 -500.458008
v 168.504013 115.332024 -499.855988
v 172.928009 122.864021 -471.603973
v 168.504013 115.332024 -499.855988
v 156.085999 124.516022 -500.458008
v 149.477997 120.246025 -541.380005
v 149.477997 120.246025 -541.380005
v 171.248001 112.57402 -536.858032
v 168.504013 115.332024 -499.855988
v 173.082001 142.996017 -461.145996
v 216.650009 155.246017 -418.79599
v 171.429993 153.188019 -467.431976
v 158.283997 157.108017 -493.877991
v 173.082001 142.996017 -461.145996
v 171.429993 153.188019 -467.431976
v 173.082001 142.996017 -461.145996
v 158.283997 157.108017 -493.877991
v 152.054001 139.580017 -494.53598
v 152.054001 139.580017 -494.53598
v 175.798004 133.098022 -459.256012
v 173.082001 142.996017 -461.145996
v 145.501999 151.15802 -522.143982
v 152.054001 139.580017 -494.53598
v 158.283997 157.108017 -493.877991
v 152.054001 139.580017 -494.53598
v 145.501999 151.15802 -522.143982
v 142.505997 141.820023 -522.857971
v 144.899994 132.090027 -520.114014
v 152.054001 139.580017 -494.53598
v 142.505997 141.820023 -522.857971
v 156.085999 124.516022 -500.458008
v 152.054001 139.580017 -494.53598
v 144.899994 132.090027 -520.114014
v 144.899994 132.090027 -520.114014
v 149.477997 120.246025 -541.380005
v 156.085999 124.516022 -500.458008
v 149.477997 120.246025 -541.380005
v 144.899994 132.090027 -520.114014
v 138.893997 128.758026 -558.263977
v 138.893997 128.758026 -558.263977
v 154.490005 119.000031 -580.846008
v 149.477997 120.246025 -541.380005
v 171.248001 112.57402 -536.858032
v 149.477997 120.246025 -541.380005
v 154.490005 119.000031 -580.846008
v 154.490005 119.000031 -580.846008
v 188.160004 112.378021 -553.406006
v 171.248001 112.57402 -536.858032
v 171.248001 112.57402 -536.858032
v 188.160004 112.378021 -553.406006
v 235.115997 102.298019 -446.992004
v 139.496002 148.260025 -565.235962
v 142.505997 141.820023 -522.857971
v 145.501999 151.15802 -522.143982
v 142.505997 141.820023 -522.857971
v 139.496002 148.260025 -565.235962
v 135.576004 138.208023 -568.064026
v 138.893997 128.758026 -558.263977
v 142.505997 141.820023 -522.857971
v 135.576004 138.208023 -568.064026
v 142.505997 141.820023 -522.857971
v 138.893997 128.758026 -558.263977
v 144.899994 132.090027 -520.114014
v 142.464005 143.752029 -592.213989
v 135.576004 138.208023 -568.064026
v 139.496002 148.260025 -565.235962
v 135.576004 138.208023 -568.064026
v 142.464005 143.752029 -592.213989
v 138.684006 135.072021 -595.517944
v 142.128006 126.518028 -589.890015
v 135.576004 138.208023 -568.064026
v 138.684006 135.072021 -595.517944
v 135.576004 138.208023 -568.064026
v 142.128006 126.518028 -589.890015
v 138.893997 128.758026 -558.263977
v 154.490005 119.000031 -580.846008
v 138.893997 128.758026 -558.263977
v 142.128006 126.518028 -589.890015
v 154.490005 119.000031 -580.846008
v 142.128006 126.518028 -589.890015
v 147.671997 125.566025 -596.484009
v 157.024002 125.090019 -595.125977
v 154.490005 119.000031 -580.846008
v 147.671997 125.566025 -596.484009
v 154.490005 119.000031 -580.846008
v 157.024002 125.090019 -595.125977
v 168.700012 118.160027 -579.726013
v 168.700012 118.160027 -579.726013
v 188.160004 112.378021 -553.406006
v 154.490005 119.000031 -580.846008
v 147.854004 142.100021 -598.877991
v 138.684006 135.072021 -595.517944
v 142.464005 143.752029 -592.213989
v 138.684006 135.072021 -595.517944
v 147.854004 142.100021 -598.877991
v 144.256012 133.65802 -602.48999
v 147.671997 125.566025 -596.484009
v 138.684006 135.072021 -595.517944
v 144.256012 133.65802 -602.48999
v 138.684006 135.072021 -595.517944
v 147.671997 125.566025 -596.484009
v 142.128006 126.518028 -589.890015
v 147.854004 142.100021 -598.877991
v 153.272003 132.860031 -600.893982
v 144.256012 133.65802 -602.48999
v 153.272003 132.860031 -600.893982
v 147.671997 125.566025 -596.484009
v 144.256012 133.65802 -602.48999
v 147.671997 125.566025 -596.484009
v 153.272003 132.860031 -600.893982
v 157.024002 125.090019 -595.125977
v 170.35199 133.238022 -588.643982
v 157.024002 125.090019 -595.125977
v 153.272003 132.860031 -600.893982
v 157.024002 125.090019 -595.125977
v 170.35199 133.238022 -588.643982
v 176.498001 124.670029 -580.888
v 176.498001 124.670029 -580.888
v 168.700012 118.160027 -579.726013
v 157.024002 125.090019 -595.125977
v 168.700012 118.160027 -579.726013
v 176.498001 124.670029 -580.888
v 185.794006 119.252029 -569.197998
v 185.794006 119.252029 -569.197998
v 188.160004 112.378021 -553.406006
v 168.700012 118.160027 -579.726013
v 153.272003 132.860031 -600.893982
v 147.854004 142.100021 -598.877991
v 157.080002 140.924026 -597.52002
v 157.080002 140.924026 -597.52002
v 170.35199 133.238022 -588.643982
v 153.272003 132.860031 -600.893982
v 170.35199 133.238022 -588.643982
v 157.080002 140.924026 -597.52002
v 180.557999 142.632034 -579.236023
v 180.557999 142.632034 -579.236023
v 270.843994 136.458023 -490.629974
v 170.35199 133.238022 -588.643982
v 270.843994 136.458023 -490.629974
v 176.498001 124.670029 -580.888
v 170.35199 133.238022 -588.643982
v 176.498001 124.670029 -580.888
v 270.843994 136.458023 -490.629974
v 270.171997 126.72802 -489.201965
v 270.171997 126.72802 -489.201965
v 185.794006 119.252029 -569.197998
v 176.498001 124.670029 -580.888
v 185.794006 119.252029 -569.197998
v 270.171997 126.72802 -489.201965
v 265.272003 117.166023 -488.641998
v 209.188004 113.596024 -540.596008
v 185.794006 119.252029 -569.197998
v 265.272003 117.166023 -488.641998
v 188.160004 112.378021 -553.406006
v 185.794006 119.252029 -569.197998
v 209.188004 113.596024 -540.596008
v 163.548004 148.94603 -587.145996
v 180.557999 142.632034 -579.236023
v 157.080002 140.924026 -597.52002
v 180.557999 142.632034 -579.236023
v 163.548004 148.94603 -587.145996
v 189.951996 148.120026 -568.931946
v 189.951996 148.120026 -568.931946
v 260.973999 147.378021 -499.561981
v 180.557999 142.632034 -579.236023
v 270.843994 136.458023 -490.629974
v 180.557999 142.632034 -579.236023
v 260.973999 147.378021 -499.561981
v 311.891998 150.136017 -444.765991
v 270.843994 136.458023 -490.629974
v 260.973999 147.378021 -499.561981
v 270.843994 136.458023 -490.629974
v 311.891998 150.136017 -444.765991
v 307.384003 138.796021 -460.249969
v 307.384003 138.796021 -460.249969
v 270.171997 126.72802 -489.201965
v 270.843994 136.458023 -490.629974
v 163.548004 148.94603 -587.145996
v 157.080002 140.924026 -597.52002
v 147.854004 142.100021 -598.877991
v 142.464005 143.752029 -592.213989
v 163.548004 148.94603 -587.145996
v 147.854004 142.100021 -598.877991
v 163.548004 148.94603 -587.145996
v 142.464005 143.752029 -592.213989
v 151.59201 153.440018 -572.600037
v 151.59201 153.440018 -572.600037
v 180.011993 156.842026 -562.799988
v 163.548004 148.94603 -587.145996
v 180.011993 156.842026 -562.799988
v 189.951996 148.120026 -568.931946
v 163.548004 148.94603 -587.145996
v 189.951996 148.120026 -568.931946
v 180.011993 156.842026 -562.799988
v 207.494003 155.764023 -546.643982
v 189.951996 148.120026 -568.931946
v 207.494003 155.764023 -546.643982
v 253.988007 156.226028 -501.955994
v 260.973999 147.378021 -499.561981
v 189.951996 148.120026 -568.931946
v 253.988007 156.226028 -501.955994
v 305.871979 161.476013 -441.349976
v 260.973999 147.378021 -499.561981
v 253.988007 156.226028 -501.955994
v 260.973999 147.378021 -499.561981
v 305.871979 161.476013 -441.349976
v 311.891998 150.136017 -444.765991
v 139.496002 148.260025 -565.235962
v 151.59201 153.440018 -572.600037
v 142.464005 143.752029 -592.213989
v 151.59201 153.440018 -572.600037
v 139.496002 148.260025 -565.235962
v 152.320007 159.194016 -526.666016
v 152.320007 159.194016 -526.666016
v 167.580002 164.066025 -521.17804
v 151.59201 153.440018 -572.600037
v 180.011993 156.842026 -562.799988
v 151.59201 153.440018 -572.600037
v 167.580002 164.066025 -521.17804
v 167.580002 164.066025 -521.17804
v 193.115997 168.882019 -486.962006
v 180.011993 156.842026 -562.799988
v 214.998001 162.036026 -525.531982
v 180.011993 156.842026 -562.799988
v 193.115997 168.882019 -486.962006
v 214.998001 162.036026 -525.531982
v 207.494003 155.764023 -546.643982
v 180.011993 156.842026 -562.799988
v 214.998001 162.036026 -525.531982
v 266.671997 164.206009 -476.686005
v 207.494003 155.764023 -546.643982
v 266.671997 164.206009 -476.686005
v 253.988007 156.226028 -501.955994
v 207.494003 155.764023 -546.643982
v 253.988007 156.226028 -501.955994
v 266.671997 164.206009 -476.686005
v 305.871979 161.476013 -441.349976
v 145.501999 151.15802 -522.143982
v 152.320007 159.194016 -526.666016
v 139.496002 148.260025 -565.235962
v 158.283997 157.108017 -493.877991
v 152.320007 159.194016 -526.666016
v 145.501999 151.15802 -522.143982
v 158.283997 157.108017 -493.877991
v 180.110001 166.726013 -480.10199
v 152.320007 159.194016 -526.666016
v 167.580002 164.066025 -521.17804
v 152.320007 159.194016 -526.666016
v 180.110001 166.726013 -480.10199
v 180.110001 166.726013 -480.10199
v 193.115997 168.882019 -486.962006
v 167.580002 164.066025 -521.17804
v 180.110001 166.726013 -480.10199
v 230.089996 171.262009 -435.399963
v 193.115997 168.882019 -486.962006
v 230.089996 171.262009 -435.399963
v 261.492004 168.308029 -463.889984
v 193.115997 168.882019 -486.962006
v 214.998001 162.036026 -525.531982
v 193.115997 168.882019 -486.962006
v 261.492004 168.308029 -463.889984
v 266.671997 164.206009 -476.686005
v 214.998001 162.036026 -525.531982
v 261.492004 168.308029 -463.889984
v 261.492004 168.308029 -463.889984
v 316.14798 168.546021 -411.291992
v 266.671997 164.206009 -476.686005
v 316.14798 168.546021 -411.291992
v 305.871979 161.476013 -441.349976
v 266.671997 164.206009 -476.686005
v 305.871979 161.476013 -441.349976
v 316.14798 168.546021 -411.291992
v 391.705994 165.004013 -338.869995
v 391.705994 165.004013 -338.869995
v 311.891998 150.136017 -444.765991
v 305.871979 161.476013 -441.349976
v 180.110001 166.726013 -480.10199
v 158.283997 157.108017 -493.877991
v 189.041992 162.960022 -455.97998
v 189.041992 162.960022 -455.97998
v 241.835999 169.694016 -401.78598
v 180.110001 166.726013 -480.10199
v 230.089996 171.262009 -435.399963
v 180.110001 166.726013 -480.10199
v 241.835999 169.694016 -401.78598
v 230.089996 171.262009 -435.399963
v 241.835999 169.694016 -401.78598
v 303.212006 172.522018 -309.413971
v 303.212006 172.522018 -309.413971
v 306.85202 171.318024 -396.507996
v 230.089996 171.262009 -435.399963
v 306.85202 171.318024 -396.507996
v 261.492004 168.308029 -463.889984
v 230.089996 171.262009 -435.399963
v 316.14798 168.546021 -411.291992
v 261.492004 168.308029 -463.889984
v 306.85202 171.318024 -396.507996
v 316.14798 168.546021 -411.291992
v 306.85202 171.318024 -396.507996
v 382.885986 170.436005 -329.713989
v 382.885986 170.436005 -329.713989
v 391.705994 165.004013 -338.869995
v 316.14798 168.546021 -411.291992
v 171.429993 153.188019 -467.431976
v 189.041992 162.960022 -455.97998
v 158.283997 157.108017 -493.877991
v 189.041992 162.960022 -455.97998
v 171.429993 153.188019 -467.431976
v 216.650009 155.246017 -418.79599
v 216.650009 155.246017 -418.79599
v 228.242004 164.220016 -411.417999
v 189.041992 162.960022 -455.97998
v 241.835999 169.694016 -401.78598
v 189.041992 162.960022 -455.97998
v 228.242004 164.220016 -411.417999
v 251.244003 164.486023 -374.877991
v 241.835999 169.694016 -401.78598
v 228.242004 164.220016 -411.417999
v 241.835999 169.694016 -401.78598
v 251.244003 164.486023 -374.877991
v 288.904022 169.736008 -312.074005
v 288.904022 169.736008 -312.074005
v 303.212006 172.522018 -309.413971
v 241.835999 169.694016 -401.78598
v 238.62999 153.692017 -391.243988
v 228.242004 164.220016 -411.417999
v 216.650009 155.246017 -418.79599
v 228.242004 164.220016 -411.417999
v 238.62999 153.692017 -391.243988
v 251.244003 164.486023 -374.877991
v 251.958008 154.308014 -364.854004
v 251.244003 164.486023 -374.877991
v 238.62999 153.692017 -391.243988
v 251.244003 164.486023 -374.877991
v 251.958008 154.308014 -364.854004
v 267.302002 163.814011 -337.357971
v 267.302002 163.814011 -337.357971
v 288.904022 169.736008 -312.074005
v 251.244003 164.486023 -374.877991
v 289.18399 157.892014 -282.323975
v 288.904022 169.736008 -312.074005
v 267.302002 163.814011 -337.357971
v 288.904022 169.736008 -312.074005
v 289.18399 157.892014 -282.323975
v 331.169983 164.892014 -246.455994
v 331.169983 164.892014 -246.455994
v 303.212006 172.522018 -309.413971
v 288.904022 169.736008 -312.074005
v 272.216003 142.044022 -293.957977
v 267.302002 163.814011 -337.357971
v 251.958008 154.308014 -364.854004
v 267.302002 163.814011 -337.357971
v 272.216003 142.044022 -293.957977
v 289.18399 157.892014 -282.323975
v 294.713989 132.720016 -249.955994
v 289.18399 157.892014 -282.323975
v 272.216003 142.044022 -293.957977
v 289.18399 157.892014 -282.323975
v 294.713989 132.720016 -249.955994
v 311.108002 151.956009 -245.65799
v 311.108002 151.956009 -245.65799
v 331.169983 164.892014 -246.455994
v 289.18399 157.892014 -282.323975
v 339.149994 145.222015 -211.861984
v 331.169983 164.892014 -246.455994
v 311.108002 151.956009 -245.65799
v 331.169983 164.892014 -246.455994
v 339.149994 145.222015 -211.861984
v 372.050018 155.666 -197.442001
v 372.050018 155.666 -197.442001
v 378.531982 170.618011 -228.465988
v 331.169983 164.892014 -246.455994
v 303.212006 172.522018 -309.413971
v 331.169983 164.892014 -246.455994
v 378.531982 170.618011 -228.465988
v 378.531982 170.618011 -228.465988
v 377.271973 173.376007 -254.40799
v 303.212006 172.522018 -309.413971
v 377.271973 173.376007 -254.40799
v 327.893982 171.794022 -317.701996
v 303.212006 172.522018 -309.413971
v 306.85202 171.318024 -396.507996
v 303.212006 172.522018 -309.413971
v 327.893982 171.794022 -317.701996
v 315.363983 127.14801 -224.181992
v 311.108002 151.956009 -245.65799
v 294.713989 132.720016 -249.955994
v 311.108002 151.956009 -245.65799
v 315.363983 127.14801 -224.181992
v 339.149994 145.222015 -211.861984
v 352.18399 119.868004 -188.901993
v 339.149994 145.222015 -211.861984
v 315.363983 127.14801 -224.181992
v 339.149994 145.222015 -211.861984
v 352.18399 119.868004 -188.901993
v 383.809998 135.197998 -169.945984
v 383.809998 135.197998 -169.945984
v 372.050018 155.666 -197.442001
v 339.149994 145.222015 -211.861984
v 372.050018 155.666 -197.442001
v 383.809998 135.197998 -169.945984
v 423.556 150.556 -154.139984
v 423.556 150.556 -154.139984
v 406.294006 161.587997 -185.906006
v 372.050018 155.666 -197.442001
v 378.531982 170.618011 -228.465988
v 372.050018 155.666 -197.442001
v 406.294006 161.587997 -185.906006
v 409.051971 124.124008 -147.391998
v 383.809998 135.197998 -169.945984
v 352.18399 119.868004 -188.901993
v 409.051971 124.124008 -147.391998
v 423.556 150.556 -154.139984
v 383.809998 135.197998 -169.945984
v 423.556 150.556 -154.139984
v 409.051971 124.124008 -147.391998
v 445.59201 142.95401 -131.501999
v 445.59201 142.95401 -131.501999
v 483.965973 155.147995 -120.273994
v 423.556 150.556 -154.139984
v 470.75 160.608002 -147.391998
v 423.556 150.556 -154.139984
v 483.965973 155.147995 -120.273994
v 423.556 150.556 -154.139984
v 470.75 160.608002 -147.391998
v 406.294006 161.587997 -185.906006
v 378.531982 170.618011 -228.465988
v 406.294006 161.587997 -185.906006
v 470.75 160.608002 -147.391998
v 470.75 160.608002 -147.391998
v 501.675995 165.060013 -148.175995
v 378.531982 170.618011 -228.465988
v 514.653992 169.498016 -174.509995
v 378.531982 170.618011 -228.465988
v 501.675995 165.060013 -148.175995
v 486.709991 172.060013 -211.343994
v 378.531982 170.618011 -228.465988
v 514.653992 169.498016 -174.509995
v 378.531982 170.618011 -228.465988
v 486.709991 172.060013 -211.343994
v 377.271973 173.376007 -254.40799
v 483.965973 155.147995 -120.273994
v 445.59201 142.95401 -131.501999
v 476.238007 145.782013 -108.863991
v 483.965973 155.147995 -120.273994
v 476.238007 145.782013 -108.863991
v 494.382019 145.725998 -85.7080002
v 494.382019 145.725998 -85.7080002
v 521.388 152.992004 -68.8099899
v 483.965973 155.147995 -120.273994
v 501.675995 165.060013 -148.175995
v 483.965973 155.147995 -120.273994
v 521.388 152.992004 -68.8099899
v 483.965973 155.147995 -120.273994
v 501.675995 165.060013 -148.175995
v 470.75 160.608002 -147.391998
v 521.388 152.992004 -68.8099899
v 494.382019 145.725998 -85.7080002
v 506.744019 145.599991 -56.6719933
v 521.388 152.992004 -68.8099899
v 506.744019 145.599991 -56.6719933
v 513.421997 142.673996 -25.4659939
v 513.421997 142.673996 -25.4659939
v 541.323975 149.940002 -58.701992
v 521.388 152.992004 -68.8099899
v 521.388 152.992004 -68.8099899
v 541.323975 149.940002 -58.701992
v 532.028015 162.946014 -125.369995
v 521.388 152.992004 -68.8099899
v 532.028015 162.946014 -125.369995
v 501.675995 165.060013 -148.175995
v 514.653992 169.498016 -174.509995
v 501.675995 165.060013 -148.175995
v 532.028015 162.946014 -125.369995
v 532.028015 162.946014 -125.369995
v 546.924011 163.338013 -160.552002
v 514.653992 169.498016 -174.509995
v 521.5 166.99202 -199.990005
v 514.653992 169.498016 -174.509995
v 546.924011 163.338013 -160.552002
v 514.653992 169.498016 -174.509995
v 521.5 166.99202 -199.990005
v 486.709991 172.060013 -211.343994
v 475.915985 169.918015 -245.097992
v 486.709991 172.060013 -211.343994
v 521.5 166.99202 -199.990005
v 486.709991 172.060013 -211.343994
v 475.915985 169.918015 -245.097992
v 442.596008 172.900009 -252.51799
v 442.596008 172.900009 -252.51799
v 377.271973 173.376007 -254.40799
v 486.709991 172.060013 -211.343994
v 541.323975 149.940002 -58.701992
v 513.421997 142.673996 -25.4659939
v 513.940002 135.533997 1.1340059
v 513.940002 135.533997 1.1340059
v 536.830017 135.113998 -17.4859943
v 541.323975 149.940002 -58.701992
v 558.264038 142.212006 -62.3419952
v 541.323975 149.940002 -58.701992
v 536.830017 135.113998 -17.4859943
v 569.548035 148.358002 -106.749992
v 541.323975 149.940002 -58.701992
v 558.264038 142.212006 -62.3419952
v 541.323975 149.940002 -58.701992
v 569.548035 148.358002 -106.749992
v 554.036011 158.78801 -120.189995
v 554.036011 158.78801 -120.189995
v 532.028015 162.946014 -125.369995
v 541.323975 149.940002 -58.701992
v 546.924011 163.338013 -160.552002
v 532.028015 162.946014 -125.369995
v 554.036011 158.78801 -120.189995
v 554.036011 158.78801 -120.189995
v 565.320007 153.51001 -150.080002
v 546.924011 163.338013 -160.552002
v 541.463989 158.466003 -192.947998
v 546.924011 163.338013 -160.552002
v 565.320007 153.51001 -150.080002
v 546.924011 163.338013 -160.552002
v 541.463989 158.466003 -192.947998
v 521.5 166.99202 -199.990005
v 536.830017 135.113998 -17.4859943
v 513.940002 135.533997 1.1340059
v 508.200012 122.961998 24.1920052
v 508.200012 122.961998 24.1920052
v 541.127991 118.117996 -6.5519948
v 536.830017 135.113998 -17.4859943
v 564.872009 126.014 -52.1499939
v 536.830017 135.113998 -17.4859943
v 541.127991 118.117996 -6.5519948
v 536.830017 135.113998 -17.4859943
v 564.872009 126.014 -52.1499939
v 558.264038 142.212006 -62.3419952
v 578.521973 132.944 -98.5039902
v 558.264038 142.212006 -62.3419952
v 564.872009 126.014 -52.1499939
v 558.264038 142.212006 -62.3419952
v 578.521973 132.944 -98.5039902
v 569.548035 148.358002 -106.749992
v 575.890015 139.104004 -143.485992
v 569.548035 148.358002 -106.749992
v 578.521973 132.944 -98.5039902
v 569.548035 148.358002 -106.749992
v 575.890015 139.104004 -143.485992
v 565.320007 153.51001 -150.080002
v 565.320007 153.51001 -150.080002
v 554.036011 158.78801 -120.189995
v 569.548035 148.358002 -106.749992
v 541.127991 118.117996 -6.5519948
v 508.200012 122.961998 24.1920052
v 509.011993 106.987991 36.2320061
v 509.011993 106.987991 36.2320061
v 542.205994 98.3919983 -2.64599562
v 541.127991 118.117996 -6.5519948
v 566.971985 106.792 -48.5239944
v 541.127991 118.117996 -6.5519948
v 542.205994 98.3919983 -2.64599562
v 541.127991 118.117996 -6.5519948
v 566.971985 106.792 -48.5239944
v 564.872009 126.014 -52.1499939
v 581.406006 114.814003 -95.4379959
v 564.872009 126.014 -52.1499939
v 566.971985 106.792 -48.5239944
v 564.872009 126.014 -52.1499939
v 581.406006 114.814003 -95.4379959
v 578.521973 132.944 -98.5039902
v 579.432007 122.136002 -140.965988
v 578.521973 132.944 -98.5039902
v 581.406006 114.814003 -95.4379959
v 578.521973 132.944 -98.5039902
v 579.432007 122.136002 -140.965988
v 575.890015 139.104004 -143.485992
v 557.382019 128.492004 -186.941986
v 575.890015 139.104004 -143.485992
v 579.432007 122.136002 -140.965988
v 575.890015 139.104004 -143.485992
v 557.382019 128.492004 -186.941986
v 553.377991 144.983994 -188.593994
v 553.377991 144.983994 -188.593994
v 565.320007 153.51001 -150.080002
v 575.890015 139.104004 -143.485992
v 542.205994 98.3919983 -2.64599562
v 509.011993 106.987991 36.2320061
v 510.874023 89.6559982 40.5580025
v 510.874023 89.6559982 40.5580025
v 540.80603 78.6240082 -6.21599627
v 542.205994 98.3919983 -2.64599562
v 564.592041 87.4440002 -51.5059967
v 542.205994 98.3919983 -2.64599562
v 540.80603 78.6240082 -6.21599627
v 542.205994 98.3919983 -2.64599562
v 564.592041 87.4440002 -51.5059967
v 566.971985 106.792 -48.5239944
v 578.311951 96.404007 -97.6220016
v 566.971985 106.792 -48.5239944
v 564.592041 87.4440002 -51.5059967
v 566.971985 106.792 -48.5239944
v 578.311951 96.404007 -97.6220016
v 581.406006 114.814003 -95.4379959
v 575.946045 104.51001 -142.589996
v 581.406006 114.814003 -95.4379959
v 578.311951 96.404007 -97.6220016
v 581.406006 114.814003 -95.4379959
v 575.946045 104.51001 -142.589996
v 579.432007 122.136002 -140.965988
v 575.946045 104.51001 -142.589996
v 557.382019 128.492004 -186.941986
v 579.432007 122.136002 -140.965988
v 540.80603 78.6240082 -6.21599627
v 510.874023 89.6559982 40.5580025
v 506.100006 61.8660011 31.1220016
v 540.80603 78.6240082 -6.21599627
v 506.100006 61.8660011 31.1220016
v 536.242004 61.2639999 -16.7439976
v 536.242004 61.2639999 -16.7439976
v 564.592041 87.4440002 -51.5059967
v 540.80603 78.6240082 -6.21599627
v 564.592041 87.4440002 -51.5059967
v 536.242004 61.2639999 -16.7439976
v 557.690002 71.064003 -61.2219963
v 557.690002 71.064003 -61.2219963
v 578.311951 96.404007 -97.6220016
v 564.592041 87.4440002 -51.5059967
v 578.311951 96.404007 -97.6220016
v 557.690002 71.064003 -61.2219963
v 569.016052 80.4020004 -105.237991
v 569.016052 80.4020004 -105.237991
v 575.946045 104.51001 -142.589996
v 578.311951 96.404007 -97.6220016
v 575.946045 104.51001 -142.589996
v 569.016052 80.4020004 -105.237991
v 565.026001 88.7320099 -148.470001
v 565.026001 88.7320099 -148.470001
v 553.461975 110.992012 -188.061996
v 575.946045 104.51001 -142.589996
v 557.382019 128.492004 -186.941986
v 575.946045 104.51001 -142.589996
v 553.461975 110.992012 -188.061996
v 511.882019 46.0880013 -0.0139979851
v 536.242004 61.2639999 -16.7439976
v 506.100006 61.8660011 31.1220016
v 536.242004 61.2639999 -16.7439976
v 511.882019 46.0880013 -0.0139979851
v 531.83197 51.6599998 -37.7299957
v 531.83197 51.6599998 -37.7299957
v 557.690002 71.064003 -61.2219963
v 536.242004 61.2639999 -16.7439976
v 557.690002 71.064003 -61.2219963
v 531.83197 51.6599998 -37.7299957
v 546.462036 60.4800034 -77.8539963
v 546.462036 60.4800034 -77.8539963
v 569.016052 80.4020004 -105.237991
v 557.690002 71.064003 -61.2219963
v 569.016052 80.4020004 -105.237991
v 546.462036 60.4800034 -77.8539963
v 550.325989 67.4520035 -118.467995
v 569.016052 80.4020004 -105.237991
v 550.325989 67.4520035 -118.467995
v 565.026001 88.7320099 -148.470001
v 565.026001 88.7320099 -148.470001
v 550.325989 67.4520035 -118.467995
v 536.997986 73.3180084 -163.099991
v 565.026001 88.7320099 -148.470001
v 536.997986 73.3180084 -163.099991
v 541.365967 95.0600128 -191.912003
v 553.461975 110.992012 -188.061996
v 565.026001 88.7320099 -148.470001
v 541.365967 95.0600128 -191.912003
v 541.365967 95.0600128 -191.912003
v 515.731995 116.71801 -232.889984
v 553.461975 110.992012 -188.061996
v 515.731995 116.71801 -232.889984
v 557.382019 128.492004 -186.941986
v 553.461975 110.992012 -188.061996
v 531.83197 51.6599998 -37.7299957
v 511.882019 46.0880013 -0.0139979851
v 513.044006 40.9640007 -25.9559975
v 513.044006 40.9640007 -25.9559975
v 508.717987 38.1780052 -56.0139961
v 531.83197 51.6599998 -37.7299957
v 508.717987 38.1780052 -56.0139961
v 546.462036 60.4800034 -77.8539963
v 531.83197 51.6599998 -37.7299957
v 546.462036 60.4800034 -77.8539963
v 508.717987 38.1780052 -56.0139961
v 550.325989 67.4520035 -118.467995
v 498.007996 37.8420029 -86.7439957
v 550.325989 67.4520035 -118.467995
v 508.717987 38.1780052 -56.0139961
v 550.325989 67.4520035 -118.467995
v 498.007996 37.8420029 -86.7439957
v 530.291992 62.2020035 -133.153992
v 530.291992 62.2020035 -133.153992
v 536.997986 73.3180084 -163.099991
v 550.325989 67.4520035 -118.467995
v 491.049988 52.220005 -142.603989
v 536.997986 73.3180084 -163.099991
v 530.291992 62.2020035 -133.153992
v 468.216003 68.8240128 -212.337997
v 536.997986 73.3180084 -163.099991
v 491.049988 52.220005 -142.603989
v 468.216003 68.8240128 -212.337997
v 483.252014 76.3280106 -219.477997
v 536.997986 73.3180084 -163.099991
v 511.223999 84.0420074 -210.335999
v 536.997986 73.3180084 -163.099991
v 483.252014 76.3280106 -219.477997
v 541.365967 95.0600128 -191.912003
v 536.997986 73.3180084 -163.099991
v 511.223999 84.0420074 -210.335999
v 511.223999 84.0420074 -210.335999
v 501.269989 100.548012 -236.893997
v 541.365967 95.0600128 -191.912003
v 515.731995 116.71801 -232.889984
v 541.365967 95.0600128 -191.912003
v 501.269989 100.548012 -236.893997
v 498.007996 37.8420029 -86.7439957
v 491.049988 52.220005 -142.603989
v 530.291992 62.2020035 -133.153992
v 491.049988 52.220005 -142.603989
v 498.007996 37.8420029 -86.7439957
v 480.326019 37.7580032 -111.342003
v 434.630005 41.0060043 -152.82399
v 468.216003 68.8240128 -212.337997
v 491.049988 52.220005 -142.603989
v 468.216003 68.8240128 -212.337997
v 434.630005 41.0060043 -152.82399
v 421.665985 58.6320076 -210.069992
v 468.216003 68.8240128 -212.337997
v 421.665985 58.6320076 -210.069992
v 376.236023 66.0100098 -257.096008
v 376.236023 66.0100098 -257.096008
v 319.241974 81.8720169 -343.588013
v 468.216003 68.8240128 -212.337997
v 379.722015 85.1340103 -310.715973
v 468.216003 68.8240128 -212.337997
v 319.241974 81.8720169 -343.588013
v 468.216003 68.8240128 -212.337997
v 379.722015 85.1340103 -310.715973
v 483.252014 76.3280106 -219.477997
v 511.223999 84.0420074 -210.335999
v 483.252014 76.3280106 -219.477997
v 379.722015 85.1340103 -310.715973
v 379.722015 85.1340103 -310.715973
v 400.161987 95.5780106 -312.914001
v 511.223999 84.0420074 -210.335999
v 400.161987 95.5780106 -312.914001
v 501.269989 100.548012 -236.893997
v 511.223999 84.0420074 -210.335999
v 421.665985 58.6320076 -210.069992
v 434.630005 41.0060043 -152.82399
v 335.51001 69.4680099 -279.118011
v 335.51001 69.4680099 -279.118011
v 376.236023 66.0100098 -257.096008
v 421.665985 58.6320076 -210.069992
v 313.179993 75.5720139 -306.879974
v 376.236023 66.0100098 -257.096008
v 335.51001 69.4680099 -279.118011
v 376.236023 66.0100098 -257.096008
v 313.179993 75.5720139 -306.879974
v 319.241974 81.8720169 -343.588013
v 263.339996 94.4860153 -395.037994
v 319.241974 81.8720169 -343.588013
v 313.179993 75.5720139 -306.879974
v 319.241974 81.8720169 -343.588013
v 263.339996 94.4860153 -395.037994
v 263.186005 99.2320175 -427.853973
v 308.503998 92.9600143 -393.358002
v 319.241974 81.8720169 -343.588013
v 263.186005 99.2320175 -427.853973
v 308.503998 92.9600143 -393.358002
v 333.843994 91.0980148 -364.909973
v 319.241974 81.8720169 -343.588013
v 319.241974 81.8720169 -343.588013
v 333.843994 91.0980148 -364.909973
v 348.978027 89.6700134 -344.217987
v 319.241974 81.8720169 -343.588013
v 348.978027 89.6700134 -344.217987
v 379.722015 85.1340103 -310.715973
v 370.230011 93.1980209 -351.694
v 379.722015 85.1340103 -310.715973
v 348.978027 89.6700134 -344.217987
v 379.722015 85.1340103 -310.715973
v 370.230011 93.1980209 -351.694
v 400.161987 95.5780106 -312.914001
v 263.339996 94.4860153 -395.037994
v 235.115997 102.298019 -446.992004
v 263.186005 99.2320175 -427.853973
v 235.115997 102.298019 -446.992004
v 188.160004 112.378021 -553.406006
v 263.186005 99.2320175 -427.853973
v 263.186005 99.2320175 -427.853973
v 188.160004 112.378021 -553.406006
v 253.694 105.364021 -474.152008
v 253.694 105.364021 -474.152008
v 308.503998 92.9600143 -393.358002
v 263.186005 99.2320175 -427.853973
v 253.694 105.364021 -474.152008
v 289.212006 101.402023 -454.160004
v 308.503998 92.9600143 -393.358002
v 308.503998 92.9600143 -393.358002
v 289.212006 101.402023 -454.160004
v 331.799988 95.7180176 -405.286011
v 331.799988 95.7180176 -405.286011
v 333.843994 91.0980148 -364.909973
v 308.503998 92.9600143 -393.358002
v 370.230011 93.1980209 -351.694
v 333.843994 91.0980148 -364.909973
v 331.799988 95.7180176 -405.286011
v 333.843994 91.0980148 -364.909973
v 370.230011 93.1980209 -351.694
v 348.978027 89.6700134 -344.217987
v 209.188004 113.596024 -540.596008
v 253.694 105.364021 -474.152008
v 188.160004 112.378021 -553.406006
v 253.694 105.364021 -474.152008
v 209.188004 113.596024 -540.596008
v 256.031982 110.278023 -487.241974
v 253.694 105.364021 -474.152008
v 256.031982 110.278023 -487.241974
v 289.212006 101.402023 -454.160004
v 265.272003 117.166023 -488.641998
v 289.212006 101.402023 -454.160004
v 256.031982 110.278023 -487.241974
v 289.212006 101.402023 -454.160004
v 265.272003 117.166023 -488.641998
v 301.65802 109.382019 -459.298004
v 333.802002 104.146019 -429.100006
v 289.212006 101.402023 -454.160004
v 301.65802 109.382019 -459.298004
v 289.212006 101.402023 -454.160004
v 333.802002 104.146019 -429.100006
v 331.799988 95.7180176 -405.286011
v 331.799988 95.7180176 -405.286011
v 333.802002 104.146019 -429.100006
v 363.132019 101.150024 -397.277985
v 363.132019 101.150024 -397.277985
v 370.230011 93.1980209 -351.694
v 331.799988 95.7180176 -405.286011
v 370.230011 93.1980209 -351.694
v 363.132019 101.150024 -397.277985
v 390.026001 102.466011 -360.681976
v 390.026001 102.466011 -360.681976
v 400.161987 95.5780106 -312.914001
v 370.230011 93.1980209 -351.694
v 265.272003 117.166023 -488.641998
v 256.031982 110.278023 -487.241974
v 209.188004 113.596024 -540.596008
v 270.171997 126.72802 -489.201965
v 301.65802 109.382019 -459.298004
v 265.272003 117.166023 -488.641998
v 301.65802 109.382019 -459.298004
v 270.171997 126.72802 -489.201965
v 327.824005 122.934013 -444.234009
v 327.824005 122.934013 -444.234009
v 333.802002 104.146019 -429.100006
v 301.65802 109.382019 -459.298004
v 371.406006 121.296021 -400.372009
v 333.802002 104.146019 -429.100006
v 327.824005 122.934013 -444.234009
v 333.802002 104.146019 -429.100006
v 371.406006 121.296021 -400.372009
v 363.132019 101.150024 -397.277985
v 371.406006 121.296021 -400.372009
v 390.026001 102.466011 -360.681976
v 363.132019 101.150024 -397.277985
v 390.026001 102.466011 -360.681976
v 371.406006 121.296021 -400.372009
v 398.481995 122.304016 -362.599976
v 398.481995 122.304016 -362.599976
v 416.303986 109.018013 -315.252014
v 390.026001 102.466011 -360.681976
v 400.161987 95.5780106 -312.914001
v 390.026001 102.466011 -360.681976
v 416.303986 109.018013 -315.252014
v 501.269989 100.548012 -236.893997
v 400.161987 95.5780106 -312.914001
v 416.303986 109.018013 -315.252014
v 425.809998 124.712013 -317.296021
v 501.269989 100.548012 -236.893997
v 416.303986 109.018013 -315.252014
v 501.269989 100.548012 -236.893997
v 425.809998 124.712013 -317.296021
v 515.731995 116.71801 -232.889984
v 270.171997 126.72802 -489.201965
v 307.384003 138.796021 -460.249969
v 327.824005 122.934013 -444.234009
v 327.824005 122.934013 -444.234009
v 307.384003 138.796021 -460.249969
v 354.298004 140.056015 -414.078003
v 354.298004 140.056015 -414.078003
v 371.406006 121.296021 -400.372009
v 327.824005 122.934013 -444.234009
v 393.554016 143.500015 -360.723999
v 371.406006 121.296021 -400.372009
v 354.298004 140.056015 -414.078003
v 371.406006 121.296021 -400.372009
v 393.554016 143.500015 -360.723999
v 398.481995 122.304016 -362.599976
v 429.296021 140.336014 -317.268005
v 398.481995 122.304016 -362.599976
v 393.554016 143.500015 -360.723999
v 398.481995 122.304016 -362.599976
v 429.296021 140.336014 -317.268005
v 425.809998 124.712013 -317.296021
v 416.303986 109.018013 -315.252014
v 398.481995 122.304016 -362.599976
v 425.809998 124.712013 -317.296021
v 307.384003 138.796021 -460.249969
v 311.891998 150.136017 -444.765991
v 354.298004 140.056015 -414.078003
v 393.554016 143.500015 -360.723999
v 354.298004 140.056015 -414.078003
v 311.891998 150.136017 -444.765991
v 311.891998 150.136017 -444.765991
v 391.705994 165.004013 -338.869995
v 393.554016 143.500015 -360.723999
v 393.554016 143.500015 -360.723999
v 391.705994 165.004013 -338.869995
v 426.006012 154.392014 -316.778015
v 393.554016 143.500015 -360.723999
v 426.006012 154.392014 -316.778015
v 429.296021 140.336014 -317.268005
v 511.083984 150.430008 -238.027985
v 429.296021 140.336014 -317.268005
v 426.006012 154.392014 -316.778015
v 429.296021 140.336014 -317.268005
v 511.083984 150.430008 -238.027985
v 516.85199 134.28801 -235.619995
v 425.809998 124.712013 -317.296021
v 429.296021 140.336014 -317.268005
v 516.85199 134.28801 -235.619995
v 516.85199 134.28801 -235.619995
v 515.731995 116.71801 -232.889984
v 425.809998 124.712013 -317.296021
v 557.382019 128.492004 -186.941986
v 515.731995 116.71801 -232.889984
v 516.85199 134.28801 -235.619995
v 516.85199 134.28801 -235.619995
v 553.377991 144.983994 -188.593994
v 557.382019 128.492004 -186.941986
v 498.75 162.666016 -240.016006
v 426.006012 154.392014 -316.778015
v 391.705994 165.004013 -338.869995
v 426.006012 154.392014 -316.778015
v 498.75 162.666016 -240.016006
v 511.083984 150.430008 -238.027985
v 541.463989 158.466003 -192.947998
v 511.083984 150.430008 -238.027985
v 498.75 162.666016 -240.016006
v 511.083984 150.430008 -238.027985
v 541.463989 158.466003 -192.947998
v 553.377991 144.983994 -188.593994
v 553.377991 144.983994 -188.593994
v 516.85199 134.28801 -235.619995
v 511.083984 150.430008 -238.027985
v 391.705994 165.004013 -338.869995
v 475.915985 169.918015 -245.097992
v 498.75 162.666016 -240.016006
v 521.5 166.99202 -199.990005
v 498.75 162.666016 -240.016006
v 475.915985 169.918015 -245.097992
v 498.75 162.666016 -240.016006
v 521.5 166.99202 -199.990005
v 541.463989 158.466003 -192.947998
v 475.915985 169.918015 -245.097992
v 391.705994 165.004013 -338.869995
v 382.885986 170.436005 -329.713989
v 382.885986 170.436005 -329.713989
v 442.596008 172.900009 -252.51799
v 475.915985 169.918015 -245.097992
v 442.596008 172.900009 -252.51799
v 382.885986 170.436005 -329.713989
v 306.85202 171.318024 -396.507996
v 442.596008 172.900009 -252.51799
v 306.85202 171.318024 -396.507996
v 327.893982 171.794022 -317.701996
v 327.893982 171.794022 -317.701996
v 377.271973 173.376007 -254.40799
v 442.596008 172.900009 -252.51799
v 565.320007 153.51001 -150.080002
v 553.377991 144.983994 -188.593994
v 541.463989 158.466003 -192.947998
v 513.533997 112.349998 37.4080048
v 512.42804 134.75 -4.4799943
v 509.431976 130.003998 32.7740059
v 512.42804 134.75 -4.4799943
v 513.533997 112.349998 37.4080048
v 523.641968 103.837997 -0.139995471
v 523.641968 103.837997 -0.139995471
v 502.459991 133.503998 -42.1679955
v 512.42804 134.75 -4.4799943
v 502.459991 133.503998 -42.1679955
v 523.641968 103.837997 -0.139995471
v 511.196014 97.4260025 -53.5079956
v 511.196014 97.4260025 -53.5079956
v 477.764008 124.306 -97.8879929
v 502.459991 133.503998 -42.1679955
v 477.764008 124.306 -97.8879929
v 511.196014 97.4260025 -53.5079956
v 485.324005 91.3220062 -95.9419937
v 485.324005 91.3220062 -95.9419937
v 440.706024 115.696007 -130.367996
v 477.764008 124.306 -97.8879929
v 513.505981 85.3440018 29.2880039
v 523.641968 103.837997 -0.139995471
v 513.533997 112.349998 37.4080048
v 523.641968 103.837997 -0.139995471
v 513.505981 85.3440018 29.2880039
v 521.947998 67.3259964 -10.3179979
v 521.947998 67.3259964 -10.3179979
v 511.196014 97.4260025 -53.5079956
v 523.641968 103.837997 -0.139995471
v 511.196014 97.4260025 -53.5079956
v 521.947998 67.3259964 -10.3179979
v 512.890015 56.5180016 -49.9939995
v 512.890015 56.5180016 -49.9939995
v 485.324005 91.3220062 -95.9419937
v 511.196014 97.4260025 -53.5079956
v 485.324005 91.3220062 -95.9419937
v 512.890015 56.5180016 -49.9939995
v 479.98999 53.4380035 -91.5599976
v 443.184021 53.284008 -126.251991
v 485.324005 91.3220062 -95.9419937
v 479.98999 53.4380035 -91.5599976
v 485.324005 91.3220062 -95.9419937
v 443.184021 53.284008 -126.251991
v 431.410004 82.8660049 -143.919998
v 440.706024 115.696007 -130.367996
v 485.324005 91.3220062 -95.9419937
v 431.410004 82.8660049 -143.919998
v 431.410004 82.8660049 -143.919998
v 418.656006 100.562004 -146.719986
v 440.706024 115.696007 -130.367996
v 418.656006 100.562004 -146.719986
v 431.410004 82.8660049 -143.919998
v 408.100006 76.3980103 -150.345993
v 431.410004 82.8660049 -143.919998
v 417.424011 59.5560036 -144.591995
v 408.100006 76.3980103 -150.345993
v 417.424011 59.5560036 -144.591995
v 431.410004 82.8660049 -143.919998
v 443.184021 53.284008 -126.251991
v 154.391998 -11.2699928 -152.949997
v 50.8760033 -47.4459839 -350.084015
v 42.9379997 -25.6899853 -377.062012
v 50.8760033 -47.4459839 -350.084015
v 154.391998 -11.2699928 -152.949997
v 156.016006 -33.6979942 -146.537994
v 156.016006 -33.6979942 -146.537994
v 58.3800011 -60.8159866 -282.268005
v 50.8760033 -47.4459839 -350.084015
v 58.3800011 -60.8159866 -282.268005
v 156.016006 -33.6979942 -146.537994
v 145.641998 -56.1119919 -128.604004
v 145.641998 -56.1119919 -128.604004
v 64.4560013 -70.2099915 -190.694
v 58.3800011 -60.8159866 -282.268005
v 64.4560013 -70.2099915 -190.694
v 145.641998 -56.1119919 -128.604004
v 134.470001 -68.6559906 -100.701996
v 134.470001 -68.6559906 -100.701996
v 82.7679977 -75.4039993 -101.863998
v 64.4560013 -70.2099915 -190.694
v 194.76799 -3.05199623 -84.9940033
v 156.016006 -33.6979942 -146.537994
v 154.391998 -11.2699928 -152.949997
v 156.016006 -33.6979942 -146.537994
v 194.76799 -3.05199623 -84.9940033
v 198.520004 -27.7759972 -76.2719955
v 198.520004 -27.7759972 -76.2719955
v 145.641998 -56.1119919 -128.604004
v 156.016006 -33.6979942 -146.537994
v 145.641998 -56.1119919 -128.604004
v 198.520004 -27.7759972 -76.2719955
v 195.300003 -45.5979996 -57.8199997
v 195.300003 -45.5979996 -57.8199997
v 134.470001 -68.6559906 -100.701996
v 145.641998 -56.1119919 -128.604004
v 134.470001 -68.6559906 -100.701996
v 195.300003 -45.5979996 -57.8199997
v 188.047989 -55.9720001 -40.3900032
v 188.047989 -55.9720001 -40.3900032
v 132.818008 -73.4579926 -62.0480003
v 134.470001 -68.6559906 -100.701996
v 82.7679977 -75.4039993 -101.863998
v 134.470001 -68.6559906 -100.701996
v 132.818008 -73.4579926 -62.0480003
v 132.818008 -73.4579926 -62.0480003
v 106.637993 -75.0539932 -18.2280025
v 82.7679977 -75.4039993 -101.863998
v 106.637993 -75.0539932 -18.2280025
v 132.818008 -73.4579926 -62.0480003
v 147.447998 -65.4919968 -7.58800316
v 194.76799 -3.05199623 -84.9940033
v 229.977997 1.94600189 -44.2820015
v 198.520004 -27.7759972 -76.2719955
v 229.977997 1.94600189 -44.2820015
v 229.893997 -19.7959976 -40.9780006
v 198.520004 -27.7759972 -76.2719955
v 198.520004 -27.7759972 -76.2719955
v 229.893997 -19.7959976 -40.9780006
v 195.300003 -45.5979996 -57.8199997
v 229.893997 -19.7959976 -40.9780006
v 250.334 -30.9959984 -6.95800114
v 195.300003 -45.5979996 -57.8199997
v 235.886002 -44.2260017 6.64999819
v 195.300003 -45.5979996 -57.8199997
v 250.334 -30.9959984 -6.95800114
v 195.300003 -45.5979996 -57.8199997
v 235.886002 -44.2260017 6.64999819
v 188.047989 -55.9720001 -40.3900032
v 235.886002 -44.2260017 6.64999819
v 186.115997 -60.1020012 -18.6620045
v 188.047989 -55.9720001 -40.3900032
v 132.818008 -73.4579926 -62.0480003
v 188.047989 -55.9720001 -40.3900032
v 186.115997 -60.1020012 -18.6620045
v 186.115997 -60.1020012 -18.6620045
v 147.447998 -65.4919968 -7.58800316
v 132.818008 -73.4579926 -62.0480003
v 147.447998 -65.4919968 -7.58800316
v 186.115997 -60.1020012 -18.6620045
v 173.796005 -60.9840012 2.08599734
v 219.169998 -54.3480034 19.1379986
v 173.796005 -60.9840012 2.08599734
v 186.115997 -60.1020012 -18.6620045
v 173.796005 -60.9840012 2.08599734
v 219.169998 -54.3480034 19.1379986
v 199.052002 -58.197998 26.9499969
v 261.911987 -13.7339993 -16.3099995
v 229.893997 -19.7959976 -40.9780006
v 229.977997 1.94600189 -44.2820015
v 261.911987 -13.7339993 -16.3099995
v 250.334 -30.9959984 -6.95800114
v 229.893997 -19.7959976 -40.9780006
v 261.911987 -13.7339993 -16.3099995
v 292.403992 -11.4940004 15.6659994
v 250.334 -30.9959984 -6.95800114
v 267.694 -29.2180023 37.7999992
v 250.334 -30.9959984 -6.95800114
v 292.403992 -11.4940004 15.6659994
v 250.334 -30.9959984 -6.95800114
v 267.694 -29.2180023 37.7999992
v 235.886002 -44.2260017 6.64999819
v 267.694 -29.2180023 37.7999992
v 219.169998 -54.3480034 19.1379986
v 235.886002 -44.2260017 6.64999819
v 186.115997 -60.1020012 -18.6620045
v 235.886002 -44.2260017 6.64999819
v 219.169998 -54.3480034 19.1379986
v 261.911987 -13.7339993 -16.3099995
v 229.977997 1.94600189 -44.2820015
v 262.765991 9.18400097 -20.8460007
v 262.765991 9.18400097 -20.8460007
v 303.282013 0.909999788 4.78800011
v 261.911987 -13.7339993 -16.3099995
v 292.403992 -11.4940004 15.6659994
v 261.911987 -13.7339993 -16.3099995
v 303.282013 0.909999788 4.78800011
v 303.282013 0.909999788 4.78800011
v 262.765991 9.18400097 -20.8460007
v 305.466003 18.6480007 0.112000816
v 219.169998 -54.3480034 19.1379986
v 267.694 -29.2180023 37.7999992
v 246.875992 -46.4100037 67.6480026
v 246.875992 -46.4100037 67.6480026
v 199.052002 -58.197998 26.9499969
v 219.169998 -54.3480034 19.1379986
v 199.052002 -58.197998 26.9499969
v 246.875992 -46.4100037 67.6480026
v 232.652008 -53.5500031 87.723999
v -510.425995 115.836006 -6.73399448
v -508.200012 122.961998 24.1920052
v -509.011993 106.987991 36.2320061
v -508.200012 122.961998 24.1920052
v -510.425995 115.836006 -6.73399448
v -513.940002 135.533997 1.1340059
v -513.940002 135.533997 1.1340059
v -510.425995 115.836006 -6.73399448
v -513.421997 142.673996 -25.4659939
v -503.132019 117.194008 -55.5519981
v -513.421997 142.673996 -25.4659939
v -510.425995 115.836006 -6.73399448
v -513.421997 142.673996 -25.4659939
v -503.132019 117.194008 -55.5519981
v -506.744019 145.599991 -56.6719933
v -503.132019 117.194008 -55.5519981
v -494.382019 145.725998 -85.7080002
v -506.744019 145.599991 -56.6719933
v -494.382019 145.725998 -85.7080002
v -503.132019 117.194008 -55.5519981
v -492.044006 117.572006 -84.0559921
v -492.044006 117.572006 -84.0559921
v -476.238007 145.782013 -108.863991
v -494.382019 145.725998 -85.7080002
v -476.238007 145.782013 -108.863991
v -492.044006 117.572006 -84.0559921
v -474.180023 117.544006 -106.651993
v -474.180023 117.544006 -106.651993
v -445.59201 142.95401 -131.501999
v -476.238007 145.782013 -108.863991
v -445.59201 142.95401 -131.501999
v -474.180023 117.544006 -106.651993
v -451.527985 116.78801 -124.151993
v -445.59201 142.95401 -131.501999
v -451.527985 116.78801 -124.151993
v -409.051971 124.124008 -147.391998
v -449.246002 63.8960075 -125.663994
v -409.051971 124.124008 -147.391998
v -451.527985 116.78801 -124.151993
v -409.051971 124.124008 -147.391998
v -449.246002 63.8960075 -125.663994
v -398.048004 73.3460007 -152.235992
v -432.138 40.446003 -139.860001
v -398.048004 73.3460007 -152.235992
v -449.246002 63.8960075 -125.663994
v -398.048004 73.3460007 -152.235992
v -432.138 40.446003 -139.860001
v -412.832001 50.2740097 -146.48201
v -432.138 40.446003 -139.860001
v -449.246002 63.8960075 -125.663994
v -458.415985 37.2540054 -129.024002
v -474.180023 63.3080025 -106.637993
v -458.415985 37.2540054 -129.024002
v -449.246002 63.8960075 -125.663994
v -458.415985 37.2540054 -129.024002
v -474.180023 63.3080025 -106.637993
v -480.326019 37.7580032 -111.342003
v -474.180023 63.3080025 -106.637993
v -498.007996 37.8420029 -86.7439957
v -480.326019 37.7580032 -111.342003
v -498.007996 37.8420029 -86.7439957
v -474.180023 63.3080025 -106.637993
v -492.044006 63.5460052 -84.0419998
v -492.044006 63.5460052 -84.0419998
v -508.717987 38.1780052 -56.0139961
v -498.007996 37.8420029 -86.7439957
v -508.717987 38.1780052 -56.0139961
v -492.044006 63.5460052 -84.0419998
v -503.145996 63.6580009 -55.5659981
v -503.145996 63.6580009 -55.5659981
v -513.044006 40.9640007 -25.9559975
v -508.717987 38.1780052 -56.0139961
v -513.044006 40.9640007 -25.9559975
v -503.145996 63.6580009 -55.5659981
v -508.494019 64.8479996 -23.3659954
v -513.044006 40.9640007 -25.9559975
v -508.494019 64.8479996 -23.3659954
v -511.882019 46.0880013 -0.0139979851
v -508.494019 64.8479996 -23.3659954
v -506.100006 61.8660011 31.1220016
v -511.882019 46.0880013 -0.0139979851
v -508.494019 64.8479996 -23.3659954
v -509.936005 84.9100037 10.5840034
v -506.100006 61.8660011 31.1220016
v -506.100006 61.8660011 31.1220016
v -509.936005 84.9100037 10.5840034
v -510.874023 89.6559982 40.5580025
v -68.5999985 -52.416008 255.625992
v -84.7000046 -46.984005 193.199997
v -98.5880051 -49.8820114 256.843994
v -84.7000046 -46.984005 193.199997
v -68.5999985 -52.416008 255.625992
v -55.7900009 -49.378006 194.921997
v -55.7900009 -49.378006 194.921997
v -80.4440002 -40.9640045 123.830002
v -84.7000046 -46.984005 193.199997
v -80.4440002 -40.9640045 123.830002
v -55.7900009 -49.378006 194.921997
v -49.1959991 -44.2400055 122.556
v -49.1959991 -44.2400055 122.556
v -93.8000031 -34.7340012 65.0859985
v -80.4440002 -40.9640045 123.830002
v -93.8000031 -34.7340012 65.0859985
v -96.8799973 -53.9980049 124.921997
v -80.4440002 -40.9640045 123.830002
v -48.0760002 -63.4480133 253.554001
v -55.7900009 -49.378006 194.921997
v -68.5999985 -52.416008 255.625992
v -55.7900009 -49.378006 194.921997
v -48.0760002 -63.4480133 253.554001
v -30.828001 -63.2380104 191.309998
v -30.828001 -63.2380104 191.309998
v -49.1959991 -44.2400055 122.556
v -55.7900009 -49.378006 194.921997
v -49.1959991 -44.2400055 122.556
v -30.828001 -63.2380104 191.309998
v -23.198 -59.6540031 119.098
v -32.9699974 -48.958004 49.0559998
v -49.1959991 -44.2400055 122.556
v -23.198 -59.6540031 119.098
v -49.1959991 -44.2400055 122.556
v -32.9699974 -48.958004 49.0559998
v -61.8239975 -35.0699997 55.4679985
v -93.8000031 -34.7340012 65.0859985
v -49.1959991 -44.2400055 122.556
v -61.8239975 -35.0699997 55.4679985
v -92.6800003 -19.9779968 -62.9860001
v -93.8000031 -34.7340012 65.0859985
v -61.8239975 -35.0699997 55.4679985
v -93.8000031 -34.7340012 65.0859985
v -92.6800003 -19.9779968 -62.9860001
v -132.580002 -19.2359982 -60.6760025
v -132.580002 -19.2359982 -60.6760025
v -106.834007 -48.1040039 68.0400009
v -93.8000031 -34.7340012 65.0859985
v -96.8799973 -53.9980049 124.921997
v -93.8000031 -34.7340012 65.0859985
v -106.834007 -48.1040039 68.0400009
v -106.834007 -48.1040039 68.0400009
v -89.6840057 -73.6960068 118.089996
v -96.8799973 -53.9980049 124.921997
v -93.8840027 -77.0980072 188.985992
v -96.8799973 -53.9980049 124.921997
v -89.6840057 -73.6960068 118.089996
v -96.8799973 -53.9980049 124.921997
v -93.8840027 -77.0980072 188.985992
v -99.1900024 -58.0020065 191.001999
v -55.4399986 -37.2399979 -69.4400024
v -61.8239975 -35.0699997 55.4679985
v -32.9699974 -48.958004 49.0559998
v -61.8239975 -35.0699997 55.4679985
v -55.4399986 -37.2399979 -69.4400024
v -92.6800003 -19.9779968 -62.9860001
v -93.8840027 -77.0980072 188.985992
v -112.335999 -76.230011 252.923996
v -99.1900024 -58.0020065 191.001999
v -93.8840027 -77.0980072 188.985992
v -84.8540039 -91.8400116 250.768005
v -112.335999 -76.230011 252.923996
v -84.8540039 -91.8400116 250.768005
v -93.8840027 -77.0980072 188.985992
v -66.8219986 -90.1320114 187.151993
v -66.8219986 -90.1320114 187.151993
v -54.6139984 -91.9520035 248.737991
v -84.8540039 -91.8400116 250.768005
v -54.6139984 -91.9520035 248.737991
v -66.8219986 -90.1320114 187.151993
v -37.618 -90.1880112 185.611984
v -37.618 -90.1880112 185.611984
v -42.1819992 -77.8540115 250.697998
v -54.6139984 -91.9520035 248.737991
v -42.1819992 -77.8540115 250.697998
v -37.618 -90.1880112 185.611984
v -26.3060017 -78.5540085 187.404007
v -37.618 -90.1880112 185.611984
v -29.4980011 -86.7580032 113.245995
v -26.3060017 -78.5540085 187.404007
v -89.6840057 -73.6960068 118.089996
v -66.8219986 -90.1320114 187.151993
v -93.8840027 -77.0980072 188.985992
v -66.8219986 -90.1320114 187.151993
v -89.6840057 -73.6960068 118.089996
v -60.1720009 -87.2340012 114.617996
v -60.1720009 -87.2340012 114.617996
v -37.618 -90.1880112 185.611984
v -66.8219986 -90.1320114 187.151993
v -37.618 -90.1880112 185.611984
v -60.1720009 -87.2340012 114.617996
v -29.4980011 -86.7580032 113.245995
v -60.1720009 -87.2340012 114.617996
v -38.3599968 -83.2720032 40.1519966
v -29.4980011 -86.7580032 113.245995
v -38.3599968 -83.2720032 40.1519966
v -60.1720009 -87.2340012 114.617996
v -71.8340073 -82.711998 43.6659966
v -71.8340073 -82.711998 43.6659966
v -62.762001 -74.1159973 -74.8160019
v -38.3599968 -83.2720032 40.1519966
v -62.762001 -74.1159973 -74.8160019
v -71.8340073 -82.711998 43.6659966
v -102.213997 -71.7080002 -71.8899994
v -101.192001 -68.5440063 55.3279991
v -102.213997 -71.7080002 -71.8899994
v -71.8340073 -82.711998 43.6659966
v -102.213997 -71.7080002 -71.8899994
v -101.192001 -68.5440063 55.3279991
v -138.964005 -54.8659973 -66.7660065
v -101.192001 -68.5440063 55.3279991
v -60.1720009 -87.2340012 114.617996
v -89.6840057 -73.6960068 118.089996
v -60.1720009 -87.2340012 114.617996
v -101.192001 -68.5440063 55.3279991
v -71.8340073 -82.711998 43.6659966
v -89.6840057 -73.6960068 118.089996
v -106.834007 -48.1040039 68.0400009
v -101.192001 -68.5440063 55.3279991
v -144.227997 -35.1119995 -61.5860023
v -101.192001 -68.5440063 55.3279991
v -106.834007 -48.1040039 68.0400009
v -101.192001 -68.5440063 55.3279991
v -144.227997 -35.1119995 -61.5860023
v -138.964005 -54.8659973 -66.7660065
v -106.834007 -48.1040039 68.0400009
v -132.580002 -19.2359982 -60.6760025
v -144.227997 -35.1119995 -61.5860023
v -130.368011 17.2339993 -9.43599892
v -106.637993 -75.0539932 -18.2280025
v -85.8339996 16.7720013 -19.3199997
v -106.637993 -75.0539932 -18.2280025
v -130.368011 17.2339993 -9.43599892
v -147.447998 -65.4919968 -7.58800316
v -154.069992 16.3380013 -5.30599928
v -147.447998 -65.4919968 -7.58800316
v -130.368011 17.2339993 -9.43599892
v -147.447998 -65.4919968 -7.58800316
v -154.069992 16.3380013 -5.30599928
v -173.796005 -60.9840012 2.08599734
v -186.900009 16.855999 26.2360001
v -173.796005 -60.9840012 2.08599734
v -154.069992 16.3380013 -5.30599928
v -173.796005 -60.9840012 2.08599734
v -186.900009 16.855999 26.2360001
v -199.052002 -58.197998 26.9499969
v -222.376007 10.4579964 86.0299988
v -199.052002 -58.197998 26.9499969
v -186.900009 16.855999 26.2360001
v -199.052002 -58.197998 26.9499969
v -222.376007 10.4579964 86.0299988
v -229.138 -26.0960026 91.7139969
v -229.138 -26.0960026 91.7139969
v -232.652008 -53.5500031 87.723999
v -199.052002 -58.197998 26.9499969
v -246.875992 -46.4100037 67.6480026
v -199.052002 -58.197998 26.9499969
v -232.652008 -53.5500031 87.723999
v -199.052002 -58.197998 26.9499969
v -246.875992 -46.4100037 67.6480026
v -219.169998 -54.3480034 19.1379986
v -219.169998 -54.3480034 19.1379986
v -173.796005 -60.9840012 2.08599734
v -199.052002 -58.197998 26.9499969
v -173.796005 -60.9840012 2.08599734
v -219.169998 -54.3480034 19.1379986
v -186.115997 -60.1020012 -18.6620045
v -186.115997 -60.1020012 -18.6620045
v -147.447998 -65.4919968 -7.58800316
v -173.796005 -60.9840012 2.08599734
v -147.447998 -65.4919968 -7.58800316
v -186.115997 -60.1020012 -18.6620045
v -132.818008 -73.4579926 -62.0480003
v -132.818008 -73.4579926 -62.0480003
v -106.637993 -75.0539932 -18.2280025
v -147.447998 -65.4919968 -7.58800316
v -106.637993 -75.0539932 -18.2280025
v -132.818008 -73.4579926 -62.0480003
v -82.7679977 -75.4039993 -101.863998
v -267.694 -29.2180023 37.7999992
v -219.169998 -54.3480034 19.1379986
v -246.875992 -46.4100037 67.6480026
v -219.169998 -54.3480034 19.1379986
v -267.694 -29.2180023 37.7999992
v -235.886002 -44.2260017 6.64999819
v -235.886002 -44.2260017 6.64999819
v -186.115997 -60.1020012 -18.6620045
v -219.169998 -54.3480034 19.1379986
v -186.115997 -60.1020012 -18.6620045
v -235.886002 -44.2260017 6.64999819
v -188.047989 -55.9720001 -40.3900032
v -188.047989 -55.9720001 -40.3900032
v -132.818008 -73.4579926 -62.0480003
v -186.115997 -60.1020012 -18.6620045
v -132.818008 -73.4579926 -62.0480003
v -188.047989 -55.9720001 -40.3900032
v -134.470001 -68.6559906 -100.701996
v -134.470001 -68.6559906 -100.701996
v -82.7679977 -75.4039993 -101.863998
v -132.818008 -73.4579926 -62.0480003
v -82.7679977 -75.4039993 -101.863998
v -134.470001 -68.6559906 -100.701996
v -64.4560013 -70.2099915 -190.694
v -145.641998 -56.1119919 -128.604004
v -64.4560013 -70.2099915 -190.694
v -134.470001 -68.6559906 -100.701996
v -64.4560013 -70.2099915 -190.694
v -145.641998 -56.1119919 -128.604004
v -58.3800011 -60.8159866 -282.268005
v -267.694 -29.2180023 37.7999992
v -250.334 -30.9959984 -6.95800114
v -235.886002 -44.2260017 6.64999819
v -195.300003 -45.5979996 -57.8199997
v -235.886002 -44.2260017 6.64999819
v -250.334 -30.9959984 -6.95800114
v -235.886002 -44.2260017 6.64999819
v -195.300003 -45.5979996 -57.8199997
v -188.047989 -55.9720001 -40.3900032
v -195.300003 -45.5979996 -57.8199997
v -134.470001 -68.6559906 -100.701996
v -188.047989 -55.9720001 -40.3900032
v -134.470001 -68.6559906 -100.701996
v -195.300003 -45.5979996 -57.8199997
v -145.641998 -56.1119919 -128.604004
v -198.520004 -27.7759972 -76.2719955
v -145.641998 -56.1119919 -128.604004
v -195.300003 -45.5979996 -57.8199997
v -145.641998 -56.1119919 -128.604004
v -198.520004 -27.7759972 -76.2719955
v -156.016006 -33.6979942 -146.537994
v -156.016006 -33.6979942 -146.537994
v -58.3800011 -60.8159866 -282.268005
v -145.641998 -56.1119919 -128.604004
v -58.3800011 -60.8159866 -282.268005
v -156.016006 -33.6979942 -146.537994
v -50.8760033 -47.4459839 -350.084015
v -154.391998 -11.2699928 -152.949997
v -50.8760033 -47.4459839 -350.084015
v -156.016006 -33.6979942 -146.537994
v -50.8760033 -47.4459839 -350.084015
v -154.391998 -11.2699928 -152.949997
v -42.9379997 -25.6899853 -377.062012
v -250.334 -30.9959984 -6.95800114
v -267.694 -29.2180023 37.7999992
v -292.403992 -11.4940004 15.6659994
v -292.403992 -11.4940004 15.6659994
v -261.911987 -13.7339993 -16.3099995
v -250.334 -30.9959984 -6.95800114
v -250.334 -30.9959984 -6.95800114
v -261.911987 -13.7339993 -16.3099995
v -229.893997 -19.7959976 -40.9780006
v -250.334 -30.9959984 -6.95800114
v -229.893997 -19.7959976 -40.9780006
v -195.300003 -45.5979996 -57.8199997
v -229.893997 -19.7959976 -40.9780006
v -198.520004 -27.7759972 -76.2719955
v -195.300003 -45.5979996 -57.8199997
v -229.893997 -19.7959976 -40.9780006
v -229.977997 1.94600189 -44.2820015
v -198.520004 -27.7759972 -76.2719955
v -229.977997 1.94600189 -44.2820015
v -194.76799 -3.05199623 -84.9940033
v -198.520004 -27.7759972 -76.2719955
v -194.76799 -3.05199623 -84.9940033
v -156.016006 -33.6979942 -146.537994
v -198.520004 -27.7759972 -76.2719955
v -156.016006 -33.6979942 -146.537994
v -194.76799 -3.05199623 -84.9940033
v -154.391998 -11.2699928 -152.949997
v -261.911987 -13.7339993 -16.3099995
v -292.403992 -11.4940004 15.6659994
v -303.282013 0.909999788 4.78800011
v -303.282013 0.909999788 4.78800011
v -262.765991 9.18400097 -20.8460007
v -261.911987 -13.7339993 -16.3099995
v -229.977997 1.94600189 -44.2820015
v -261.911987 -13.7339993 -16.3099995
v -262.765991 9.18400097 -20.8460007
v -229.893997 -19.7959976 -40.9780006
v -261.911987 -13.7339993 -16.3099995
v -229.977997 1.94600189 -44.2820015
v -262.765991 9.18400097 -20.8460007
v -303.282013 0.909999788 4.78800011
v -305.466003 18.6480007 0.112000816
v -294.798004 35.3779984 4.80200148
v -262.765991 9.18400097 -20.8460007
v -305.466003 18.6480007 0.112000816
v -262.765991 9.18400097 -20.8460007
v -294.798004 35.3779984 4.80200148
v -253.078003 28.4900017 -15.9599991
v -253.078003 28.4900017 -15.9599991
v -229.977997 1.94600189 -44.2820015
v -262.765991 9.18400097 -20.8460007
v -222.557999 21.1680012 -39.3679962
v -229.977997 1.94600189 -44.2820015
v -253.078003 28.4900017 -15.9599991
v -229.977997 1.94600189 -44.2820015
v -222.557999 21.1680012 -39.3679962
v -188.664001 16.6180038 -75.109993
v -229.977997 1.94600189 -44.2820015
v -188.664001 16.6180038 -75.109993
v -194.76799 -3.05199623 -84.9940033
v -145.236008 6.72000647 -150.444
v -194.76799 -3.05199623 -84.9940033
v -188.664001 16.6180038 -75.109993
v -194.76799 -3.05199623 -84.9940033
v -145.236008 6.72000647 -150.444
v -154.391998 -11.2699928 -152.949997
v -277.04599 40.3339996 13.9720011
v -253.078003 28.4900017 -15.9599991
v -294.798004 35.3779984 4.80200148
v -253.078003 28.4900017 -15.9599991
v -277.04599 40.3339996 13.9720011
v -235.634003 35.2380028 -6.76199865
v -222.557999 21.1680012 -39.3679962
v -253.078003 28.4900017 -15.9599991
v -235.634003 35.2380028 -6.76199865
v -181.174011 23.604002 -57.4419975
v -222.557999 21.1680012 -39.3679962
v -235.634003 35.2380028 -6.76199865
v -181.174011 23.604002 -57.4419975
v -188.664001 16.6180038 -75.109993
v -222.557999 21.1680012 -39.3679962
v -126.573997 17.3740063 -133.013992
v -188.664001 16.6180038 -75.109993
v -181.174011 23.604002 -57.4419975
v -188.664001 16.6180038 -75.109993
v -126.573997 17.3740063 -133.013992
v -145.236008 6.72000647 -150.444
v -36.6660004 4.85801268 -296.002014
v -145.236008 6.72000647 -150.444
v -126.573997 17.3740063 -133.013992
v -145.236008 6.72000647 -150.444
v -36.6660004 4.85801268 -296.002014
v -42.5460014 -11.8859844 -362.291992
v -42.5460014 -11.8859844 -362.291992
v -154.391998 -11.2699928 -152.949997
v -145.236008 6.72000647 -150.444
v -154.391998 -11.2699928 -152.949997
v -42.5460014 -11.8859844 -362.291992
v -42.9379997 -25.6899853 -377.062012
v -250.501999 39.3540001 35.3500023
v -235.634003 35.2380028 -6.76199865
v -277.04599 40.3339996 13.9720011
v -235.634003 35.2380028 -6.76199865
v -250.501999 39.3540001 35.3500023
v -218.147995 34.0760002 8.12000084
v -218.147995 34.0760002 8.12000084
v -181.174011 23.604002 -57.4419975
v -235.634003 35.2380028 -6.76199865
v -181.174011 23.604002 -57.4419975
v -218.147995 34.0760002 8.12000084
v -172.130005 23.8980007 -40.3199959
v -106.428001 19.9360046 -113.344002
v -181.174011 23.604002 -57.4419975
v -172.130005 23.8980007 -40.3199959
v -181.174011 23.604002 -57.4419975
v -106.428001 19.9360046 -113.344002
v -126.573997 17.3740063 -133.013992
v -37.8419991 13.1600084 -199.486008
v -126.573997 17.3740063 -133.013992
v -106.428001 19.9360046 -113.344002
v -126.573997 17.3740063 -133.013992
v -37.8419991 13.1600084 -199.486008
v -36.6660004 4.85801268 -296.002014
v -250.501999 39.3540001 35.3500023
v -200.550003 25.7459984 20.8320007
v -218.147995 34.0760002 8.12000084
v -169.820007 22.2740002 -18.4379978
v -218.147995 34.0760002 8.12000084
v -200.550003 25.7459984 20.8320007
v -218.147995 34.0760002 8.12000084
v -169.820007 22.2740002 -18.4379978
v -172.130005 23.8980007 -40.3199959
v -114.660004 21.4620037 -62.0340004
v -172.130005 23.8980007 -40.3199959
v -169.820007 22.2740002 -18.4379978
v -172.130005 23.8980007 -40.3199959
v -114.660004 21.4620037 -62.0340004
v -106.428001 19.9360046 -113.344002
v -55.4119987 19.0400047 -106.162003
v -106.428001 19.9360046 -113.344002
v -114.660004 21.4620037 -62.0340004
v -106.428001 19.9360046 -113.344002
v -55.4119987 19.0400047 -106.162003
v -37.8419991 13.1600084 -199.486008
v -200.550003 25.7459984 20.8320007
v -250.501999 39.3540001 35.3500023
v -232.399994 26.9079971 63.8120003
v -232.399994 26.9079971 63.8120003
v -186.900009 16.855999 26.2360001
v -200.550003 25.7459984 20.8320007
v -186.900009 16.855999 26.2360001
v -169.820007 22.2740002 -18.4379978
v -200.550003 25.7459984 20.8320007
v -169.820007 22.2740002 -18.4379978
v -186.900009 16.855999 26.2360001
v -154.069992 16.3380013 -5.30599928
v -130.368011 17.2339993 -9.43599892
v -169.820007 22.2740002 -18.4379978
v -154.069992 16.3380013 -5.30599928
v -169.820007 22.2740002 -18.4379978
v -130.368011 17.2339993 -9.43599892
v -114.660004 21.4620037 -62.0340004
v -85.8339996 16.7720013 -19.3199997
v -114.660004 21.4620037 -62.0340004
v -130.368011 17.2339993 -9.43599892
v -114.660004 21.4620037 -62.0340004
v -85.8339996 16.7720013 -19.3199997
v -55.4119987 19.0400047 -106.162003
v -186.900009 16.855999 26.2360001
v -232.399994 26.9079971 63.8120003
v -222.376007 10.4579964 86.0299988
v 28.9239998 -20.6780014 62.6079979
v 31.3040009 -42.9940033 58.9959984
v 22.9460011 -34.9020042 68.6559982
v 31.3040009 -42.9940033 58.9959984
v 28.9239998 -20.6780014 62.6079979
v 45.7940025 -45.3180046 45.0940018
v 45.7940025 -45.3180046 45.0940018
v 28.9239998 -20.6780014 62.6079979
v 70.0699997 -13.3000011 26.5719986
v 93.4779968 -47.3060036 9.47799778
v 45.7940025 -45.3180046 45.0940018
v 70.0699997 -13.3000011 26.5719986
v 93.4779968 -47.3060036 9.47799778
v 81.4660034 -45.234005 81.8999939
v 45.7940025 -45.3180046 45.0940018
v 54.1660004 -43.4980049 95.9700012
v 45.7940025 -45.3180046 45.0940018
v 81.4660034 -45.234005 81.8999939
v 45.7940025 -45.3180046 45.0940018
v 54.1660004 -43.4980049 95.9700012
v 31.3040009 -42.9940033 58.9959984
v 31.3040009 -42.9940033 58.9959984
v 54.1660004 -43.4980049 95.9700012
v 22.9460011 -34.9020042 68.6559982
v 22.9460011 -34.9020042 68.6559982
v 54.1660004 -43.4980049 95.9700012
v 65.7300034 -33.7260056 173.124008
v 93.4779968 -47.3060036 9.47799778
v 70.0699997 -13.3000011 26.5719986
v 119.938004 -15.6099997 -12.4180002
v 119.938004 -15.6099997 -12.4180002
v 130.731995 -43.4699974 -20.3140011
v 93.4779968 -47.3060036 9.47799778
v 107.338005 -48.1040001 23.5479984
v 93.4779968 -47.3060036 9.47799778
v 130.731995 -43.4699974 -20.3140011
v 93.4779968 -47.3060036 9.47799778
v 107.338005 -48.1040001 23.5479984
v 81.4660034 -45.234005 81.8999939
v 107.338005 -48.1040001 23.5479984
v 93.2960052 -57.5820045 85.0080032
v 81.4660034 -45.234005 81.8999939
v 81.4660034 -45.234005 81.8999939
v 93.2960052 -57.5820045 85.0080032
v 81.564003 -56.8820076 122.360001
v 81.564003 -56.8820076 122.360001
v 65.7300034 -33.7260056 173.124008
v 81.4660034 -45.234005 81.8999939
v 54.1660004 -43.4980049 95.9700012
v 81.4660034 -45.234005 81.8999939
v 65.7300034 -33.7260056 173.124008
v 119.938004 -15.6099997 -12.4180002
v 132.593994 -26.5299988 -21.0139999
v 130.731995 -43.4699974 -20.3140011
v 132.593994 -26.5299988 -21.0139999
v 148.246002 -39.2699966 -62.2719994
v 130.731995 -43.4699974 -20.3140011
v 148.246002 -39.2699966 -62.2719994
v 166.460007 -51.5339966 -55.552002
v 130.731995 -43.4699974 -20.3140011
v 166.460007 -51.5339966 -55.552002
v 131.529999 -60.1160011 28.4479961
v 130.731995 -43.4699974 -20.3140011
v 131.529999 -60.1160011 28.4479961
v 107.338005 -48.1040001 23.5479984
v 130.731995 -43.4699974 -20.3140011
v 93.2960052 -57.5820045 85.0080032
v 107.338005 -48.1040001 23.5479984
v 131.529999 -60.1160011 28.4479961
v 102.704002 -64.9320068 90.7059937
v 93.2960052 -57.5820045 85.0080032
v 131.529999 -60.1160011 28.4479961
v 81.564003 -56.8820076 122.360001
v 93.2960052 -57.5820045 85.0080032
v 102.704002 -64.9320068 90.7059937
v 81.564003 -56.8820076 122.360001
v 102.704002 -64.9320068 90.7059937
v 79.0439987 -67.0180054 168.770004
v 70.826004 -55.048008 170.716003
v 81.564003 -56.8820076 122.360001
v 79.0439987 -67.0180054 168.770004
v 70.826004 -55.048008 170.716003
v 65.7300034 -33.7260056 173.124008
v 81.564003 -56.8820076 122.360001
v 148.246002 -39.2699966 -62.2719994
v 132.593994 -26.5299988 -21.0139999
v 161 -20.817997 -52.7100029
v 70.8680038 -65.9960098 213.360001
v 70.826004 -55.048008 170.716003
v 79.0439987 -67.0180054 168.770004
v 70.826004 -55.048008 170.716003
v 70.8680038 -65.9960098 213.360001
v 65.4219971 -51.6040115 217.139999
v 70.826004 -55.048008 170.716003
v 65.4219971 -51.6040115 217.139999
v 65.7300034 -33.7260056 173.124008
v 65.4219971 -51.6040115 217.139999
v 69.8040009 -43.0080109 234.136002
v 65.7300034 -33.7260056 173.124008
v 65.4219971 -51.6040115 217.139999
v 75.9500046 -66.6820068 232.834
v 69.8040009 -43.0080109 234.136002
v 69.8040009 -43.0080109 234.136002
v 75.9500046 -66.6820068 232.834
v 96.9780045 -61.348011 256.53598
v 69.8040009 -43.0080109 234.136002
v 96.9780045 -61.348011 256.53598
v 87.2480011 -33.6560097 257.529999
v 96.9780045 -61.348011 256.53598
v 112.489998 -32.5920143 279.019989
v 87.2480011 -33.6560097 257.529999
v 70.8680038 -65.9960098 213.360001
v 75.9500046 -66.6820068 232.834
v 65.4219971 -51.6040115 217.139999
v 112.489998 -32.5920143 279.019989
v 96.9780045 -61.348011 256.53598
v 115.332001 -52.0520134 272.846008
v 115.332001 -52.0520134 272.846008
v 128.309998 -36.7500114 292.782013
v 112.489998 -32.5920143 279.019989
v 204.525986 -14.196003 52.9059982
v 233.884003 -24.3459988 -20.7340012
v 250.319992 -1.91799963 -9.74400043
v 233.884003 -24.3459988 -20.7340012
v 204.525986 -14.196003 52.9059982
v 195.579987 -33.8520012 44.6879997
v 195.579987 -33.8520012 44.6879997
v 202.537994 -41.7480011 -38.038002
v 233.884003 -24.3459988 -20.7340012
v 202.537994 -41.7480011 -38.038002
v 195.579987 -33.8520012 44.6879997
v 168.727997 -50.0920029 34.9579964
v 168.727997 -50.0920029 34.9579964
v 166.460007 -51.5339966 -55.552002
v 202.537994 -41.7480011 -38.038002
v 166.460007 -51.5339966 -55.552002
v 168.727997 -50.0920029 34.9579964
v 131.529999 -60.1160011 28.4479961
v 131.529999 -60.1160011 28.4479961
v 168.727997 -50.0920029 34.9579964
v 144.550003 -55.2440033 99.8339996
v 131.529999 -60.1160011 28.4479961
v 144.550003 -55.2440033 99.8339996
v 102.704002 -64.9320068 90.7059937
v 158.214005 -23.3100052 129.149994
v 195.579987 -33.8520012 44.6879997
v 204.525986 -14.196003 52.9059982
v 144.550003 -55.2440033 99.8339996
v 195.579987 -33.8520012 44.6879997
v 158.214005 -23.3100052 129.149994
v 168.727997 -50.0920029 34.9579964
v 195.579987 -33.8520012 44.6879997
v 144.550003 -55.2440033 99.8339996
v 158.214005 -23.3100052 129.149994
v 126.546005 -59.8500061 150.080002
v 144.550003 -55.2440033 99.8339996
v 126.546005 -59.8500061 150.080002
v 102.704002 -64.9320068 90.7059937
v 144.550003 -55.2440033 99.8339996
v 102.704002 -64.9320068 90.7059937
v 126.546005 -59.8500061 150.080002
v 79.0439987 -67.0180054 168.770004
v 126.546005 -59.8500061 150.080002
v 114.743996 -62.272007 204.245987
v 79.0439987 -67.0180054 168.770004
v 79.0439987 -67.0180054 168.770004
v 114.743996 -62.272007 204.245987
v 70.8680038 -65.9960098 213.360001
v 75.9500046 -66.6820068 232.834
v 70.8680038 -65.9960098 213.360001
v 114.743996 -62.272007 204.245987
v 96.9780045 -61.348011 256.53598
v 75.9500046 -66.6820068 232.834
v 114.743996 -62.272007 204.245987
v 114.743996 -62.272007 204.245987
v 115.332001 -52.0520134 272.846008
v 96.9780045 -61.348011 256.53598
v 126.546005 -59.8500061 150.080002
v 158.214005 -23.3100052 129.149994
v 135.884003 -47.6420097 205.996002
v 135.884003 -47.6420097 205.996002
v 114.743996 -62.272007 204.245987
v 126.546005 -59.8500061 150.080002
v 115.332001 -52.0520134 272.846008
v 114.743996 -62.272007 204.245987
v 135.884003 -47.6420097 205.996002
v 142.856003 -49.9380112 279.705994
v 115.332001 -52.0520134 272.846008
v 135.884003 -47.6420097 205.996002
v 128.309998 -36.7500114 292.782013
v 115.332001 -52.0520134 272.846008
v 142.856003 -49.9380112 279.705994
v 142.856003 -49.9380112 279.705994
v 141.175995 -21.2100124 291.493988
v 128.309998 -36.7500114 292.782013
v 167.384003 -50.9040108 263.81601
v 141.175995 -21.2100124 291.493988
v 142.856003 -49.9380112 279.705994
v 141.175995 -21.2100124 291.493988
v 167.384003 -50.9040108 263.81601
v 195.117996 -16.9120121 261.29599
v 160.132004 -40.2780075 200.311996
v 135.884003 -47.6420097 205.996002
v 158.214005 -23.3100052 129.149994
v 167.384003 -50.9040108 263.81601
v 135.884003 -47.6420097 205.996002
v 160.132004 -40.2780075 200.311996
v 142.856003 -49.9380112 279.705994
v 135.884003 -47.6420097 205.996002
v 167.384003 -50.9040108 263.81601
v 158.214005 -23.3100052 129.149994
v 180.445999 -21.8540077 181.187988
v 160.132004 -40.2780075 200.311996
v 210.126007 -29.5260105 245.307999
v 160.132004 -40.2780075 200.311996
v 180.445999 -21.8540077 181.187988
v 160.132004 -40.2780075 200.311996
v 210.126007 -29.5260105 245.307999
v 198.772003 -44.2400131 248.681992
v 198.772003 -44.2400131 248.681992
v 167.384003 -50.9040108 263.81601
v 160.132004 -40.2780075 200.311996
v 195.117996 -16.9120121 261.29599
v 167.384003 -50.9040108 263.81601
v 198.772003 -44.2400131 248.681992
v 195.117996 -16.9120121 261.29599
v 198.772003 -44.2400131 248.681992
v 210.126007 -29.5260105 245.307999
v -195.117996 -16.9120121 261.29599
v -180.445999 -21.8540077 181.187988
v -210.126007 -29.5260105 245.307999
v -180.445999 -21.8540077 181.187988
v -195.117996 -16.9120121 261.29599
v -147.895996 -2.64600825 192.850006
v -180.445999 -21.8540077 181.187988
v -147.895996 -2.64600825 192.850006
v -148.834 -4.92800426 101.863998
v -180.445999 -21.8540077 181.187988
v -148.834 -4.92800426 101.863998
v -158.214005 -23.3100052 129.149994
v -148.834 -4.92800426 101.863998
v -204.525986 -14.196003 52.9059982
v -158.214005 -23.3100052 129.149994
v -204.525986 -14.196003 52.9059982
v -148.834 -4.92800426 101.863998
v -195.117996 -2.11400175 36.8899994
v -195.117996 -2.11400175 36.8899994
v -250.319992 -1.91799963 -9.74400043
v -204.525986 -14.196003 52.9059982
v -250.319992 -1.91799963 -9.74400043
v -195.117996 -2.11400175 36.8899994
v -234.304001 8.77800083 -14.1259995
v -141.175995 -21.2100124 291.493988
v -147.895996 -2.64600825 192.850006
v -195.117996 -16.9120121 261.29599
v -111.425995 -12.9500103 228.059998
v -147.895996 -2.64600825 192.850006
v -141.175995 -21.2100124 291.493988
v -111.425995 -12.9500103 228.059998
v -104.552002 -1.58200622 140.644012
v -147.895996 -2.64600825 192.850006
v -104.552002 -1.58200622 140.644012
v -148.834 -4.92800426 101.863998
v -147.895996 -2.64600825 192.850006
v -109.396004 -3.38800287 66.4300003
v -148.834 -4.92800426 101.863998
v -104.552002 -1.58200622 140.644012
v -109.396004 -3.38800287 66.4300003
v -195.117996 -2.11400175 36.8899994
v -148.834 -4.92800426 101.863998
v -195.117996 -2.11400175 36.8899994
v -109.396004 -3.38800287 66.4300003
v -163.884003 -10.8500004 6.70599937
v -188.131989 -4.26999855 -37.0720024
v -195.117996 -2.11400175 36.8899994
v -163.884003 -10.8500004 6.70599937
v -195.117996 -2.11400175 36.8899994
v -188.131989 -4.26999855 -37.0720024
v -234.304001 8.77800083 -14.1259995
v -141.175995 -21.2100124 291.493988
v -107.576004 -25.8300114 267.735992
v -111.425995 -12.9500103 228.059998
v -107.576004 -25.8300114 267.735992
v -87.2480011 -33.6560097 257.529999
v -111.425995 -12.9500103 228.059998
v -111.425995 -12.9500103 228.059998
v -87.2480011 -33.6560097 257.529999
v -69.8040009 -43.0080109 234.136002
v -111.425995 -12.9500103 228.059998
v -69.8040009 -43.0080109 234.136002
v -65.7300034 -33.7260056 173.124008
v -70.3220062 -13.7200069 162.889999
v -111.425995 -12.9500103 228.059998
v -65.7300034 -33.7260056 173.124008
v -111.425995 -12.9500103 228.059998
v -70.3220062 -13.7200069 162.889999
v -104.552002 -1.58200622 140.644012
v -107.576004 -25.8300114 267.735992
v -141.175995 -21.2100124 291.493988
v -112.489998 -32.5920143 279.019989
v -107.576004 -25.8300114 267.735992
v -112.489998 -32.5920143 279.019989
v -87.2480011 -33.6560097 257.529999
v -112.489998 -32.5920143 279.019989
v -141.175995 -21.2100124 291.493988
v -128.309998 -36.7500114 292.782013
v -22.9460011 -34.9020042 68.6559982
v -70.3220062 -13.7200069 162.889999
v -65.7300034 -33.7260056 173.124008
v -70.3220062 -13.7200069 162.889999
v -22.9460011 -34.9020042 68.6559982
v -28.9239998 -20.6780014 62.6079979
v -70.3220062 -13.7200069 162.889999
v -28.9239998 -20.6780014 62.6079979
v -104.552002 -1.58200622 140.644012
v -28.9239998 -20.6780014 62.6079979
v -70.0699997 -13.3000011 26.5719986
v -104.552002 -1.58200622 140.644012
v -70.0699997 -13.3000011 26.5719986
v -109.396004 -3.38800287 66.4300003
v -104.552002 -1.58200622 140.644012
v -119.938004 -15.6099997 -12.4180002
v -109.396004 -3.38800287 66.4300003
v -70.0699997 -13.3000011 26.5719986
v -163.884003 -10.8500004 6.70599937
v -109.396004 -3.38800287 66.4300003
v -119.938004 -15.6099997 -12.4180002
v -163.884003 -10.8500004 6.70599937
v -119.938004 -15.6099997 -12.4180002
v -132.593994 -26.5299988 -21.0139999
v -132.593994 -26.5299988 -21.0139999
v -188.131989 -4.26999855 -37.0720024
v -163.884003 -10.8500004 6.70599937
v -188.131989 -4.26999855 -37.0720024
v -132.593994 -26.5299988 -21.0139999
v -161 -20.817997 -52.7100029
v -204.778 -17.4300022 72.8559952
v -207.171997 -32.382 31.2339993
v -199.360001 -14.3640013 27.0200005
v -207.171997 -32.382 31.2339993
v -204.778 -17.4300022 72.8559952
v -217.139999 -36.0080032 75.4319992
v -217.139999 -36.0080032 75.4319992
v -238.013992 -33.7400017 42.5879974
v -207.171997 -32.382 31.2339993
v -238.013992 -33.7400017 42.5879974
v -217.139999 -36.0080032 75.4319992
v -244.313995 -36.0500031 81.4240036
v -244.313995 -36.0500031 81.4240036
v -282.296021 -15.4980021 60.409996
v -238.013992 -33.7400017 42.5879974
v -282.296021 -15.4980021 60.409996
v -244.313995 -36.0500031 81.4240036
v -278.627991 -23.576004 93.3099976
v -278.627991 -23.576004 93.3099976
v -322.65799 2.74399614 91.447998
v -282.296021 -15.4980021 60.409996
v -213.275986 -18.4100056 121.239998
v -217.139999 -36.0080032 75.4319992
v -204.778 -17.4300022 72.8559952
v -217.139999 -36.0080032 75.4319992
v -213.275986 -18.4100056 121.239998
v -224.182007 -34.9860039 122.765999
v -224.182007 -34.9860039 122.765999
v -244.313995 -36.0500031 81.4240036
v -217.139999 -36.0080032 75.4319992
v -244.313995 -36.0500031 81.4240036
v -224.182007 -34.9860039 122.765999
v -244.132004 -36.3580055 126.377998
v -244.132004 -36.3580055 126.377998
v -278.627991 -23.576004 93.3099976
v -244.313995 -36.0500031 81.4240036
v -278.627991 -23.576004 93.3099976
v -244.132004 -36.3580055 126.377998
v -268.548004 -28.9240055 134.819992
v -268.548004 -28.9240055 134.819992
v -307.523987 -10.0940046 117.417999
v -278.627991 -23.576004 93.3099976
v -322.65799 2.74399614 91.447998
v -278.627991 -23.576004 93.3099976
v -307.523987 -10.0940046 117.417999
v -325.136017 6.31399393 138.656006
v -322.65799 2.74399614 91.447998
v -307.523987 -10.0940046 117.417999
v -322.65799 2.74399614 91.447998
v -325.136017 6.31399393 138.656006
v -347.15802 24.6539955 116.522003
v -211.119995 -22.1060066 148.834
v -224.182007 -34.9860039 122.765999
v -213.275986 -18.4100056 121.239998
v -224.182007 -34.9860039 122.765999
v -211.119995 -22.1060066 148.834
v -220.906006 -37.352005 150.009995
v -220.906006 -37.352005 150.009995
v -244.132004 -36.3580055 126.377998
v -224.182007 -34.9860039 122.765999
v -228.787994 -46.0180092 178.793991
v -244.132004 -36.3580055 126.377998
v -220.906006 -37.352005 150.009995
v -251.972 -40.5580101 188.341995
v -244.132004 -36.3580055 126.377998
v -228.787994 -46.0180092 178.793991
v -244.132004 -36.3580055 126.377998
v -251.972 -40.5580101 188.341995
v -268.548004 -28.9240055 134.819992
v -251.972 -40.5580101 188.341995
v -279.817993 -27.5660076 175.755997
v -268.548004 -28.9240055 134.819992
v -268.548004 -28.9240055 134.819992
v -279.817993 -27.5660076 175.755997
v -289.618011 -20.4820061 150.248001
v -307.523987 -10.0940046 117.417999
v -268.548004 -28.9240055 134.819992
v -289.618011 -20.4820061 150.248001
v -302.470001 -8.47000694 165.115997
v -307.523987 -10.0940046 117.417999
v -289.618011 -20.4820061 150.248001
v -307.523987 -10.0940046 117.417999
v -302.470001 -8.47000694 165.115997
v -325.136017 6.31399393 138.656006
v -199.009995 -30.0300064 169.834
v -220.906006 -37.352005 150.009995
v -211.119995 -22.1060066 148.834
v -220.906006 -37.352005 150.009995
v -199.009995 -30.0300064 169.834
v -209.076004 -44.1700058 172.353989
v -209.076004 -44.1700058 172.353989
v -228.787994 -46.0180092 178.793991
v -220.906006 -37.352005 150.009995
v -189.420013 -54.7820091 189.714005
v -228.787994 -46.0180092 178.793991
v -209.076004 -44.1700058 172.353989
v -228.787994 -46.0180092 178.793991
v -189.420013 -54.7820091 189.714005
v -207.606003 -59.7380104 212.799988
v -207.606003 -59.7380104 212.799988
v -251.972 -40.5580101 188.341995
v -228.787994 -46.0180092 178.793991
v -251.972 -40.5580101 188.341995
v -207.606003 -59.7380104 212.799988
v -233.18399 -55.8880081 238.910004
v -233.18399 -55.8880081 238.910004
v -273.265991 -34.1740112 202.706009
v -251.972 -40.5580101 188.341995
v -251.972 -40.5580101 188.341995
v -273.265991 -34.1740112 202.706009
v -279.817993 -27.5660076 175.755997
v -179.634003 -39.8440056 183.862
v -209.076004 -44.1700058 172.353989
v -199.009995 -30.0300064 169.834
v -209.076004 -44.1700058 172.353989
v -179.634003 -39.8440056 183.862
v -189.420013 -54.7820091 189.714005
v -155.428009 -52.83601 196.546005
v -189.420013 -54.7820091 189.714005
v -179.634003 -39.8440056 183.862
v -189.420013 -54.7820091 189.714005
v -155.428009 -52.83601 196.546005
v -161.868011 -66.5280075 204.694
v -161.868011 -66.5280075 204.694
v -207.606003 -59.7380104 212.799988
v -189.420013 -54.7820091 189.714005
v -207.606003 -59.7380104 212.799988
v -161.868011 -66.5280075 204.694
v -182.643997 -71.5400085 242.886002
v -182.643997 -71.5400085 242.886002
v -233.18399 -55.8880081 238.910004
v -207.606003 -59.7380104 212.799988
v -233.18399 -55.8880081 238.910004
v -182.643997 -71.5400085 242.886002
v -213.934006 -63.4480133 283.065979
v -213.934006 -63.4480133 283.065979
v -265.985992 -45.3320122 250.669998
v -233.18399 -55.8880081 238.910004
v -273.265991 -34.1740112 202.706009
v -233.18399 -55.8880081 238.910004
v -265.985992 -45.3320122 250.669998
v -265.985992 -45.3320122 250.669998
v -287.671997 -23.7720089 215.194
v -273.265991 -34.1740112 202.706009
v -291.634003 -17.3740082 188.649994
v -273.265991 -34.1740112 202.706009
v -287.671997 -23.7720089 215.194
v -273.265991 -34.1740112 202.706009
v -291.634003 -17.3740082 188.649994
v -279.817993 -27.5660076 175.755997
v -302.470001 -8.47000694 165.115997
v -279.817993 -27.5660076 175.755997
v -291.634003 -17.3740082 188.649994
v -279.817993 -27.5660076 175.755997
v -302.470001 -8.47000694 165.115997
v -289.618011 -20.4820061 150.248001
v -265.985992 -45.3320122 250.669998
v -213.934006 -63.4480133 283.065979
v -260.736023 -51.3520126 295.69397
v -260.736023 -51.3520126 295.69397
v -290.247986 -29.9880123 255.388
v -265.985992 -45.3320122 250.669998
v -287.671997 -23.7720089 215.194
v -265.985992 -45.3320122 250.669998
v -290.247986 -29.9880123 255.388
v -290.247986 -29.9880123 255.388
v -289.589996 -6.77600956 220.388
v -287.671997 -23.7720089 215.194
v -292.949982 0.335991561 193.746002
v -287.671997 -23.7720089 215.194
v -289.589996 -6.77600956 220.388
v -287.671997 -23.7720089 215.194
v -292.949982 0.335991561 193.746002
v -291.634003 -17.3740082 188.649994
v -292.949982 0.335991561 193.746002
v -302.470001 -8.47000694 165.115997
v -291.634003 -17.3740082 188.649994
v -302.470001 -8.47000694 165.115997
v -292.949982 0.335991561 193.746002
v -304.122009 10.4299927 170.589996
v -304.122009 10.4299927 170.589996
v -325.136017 6.31399393 138.656006
v -302.470001 -8.47000694 165.115997
v -325.136017 6.31399393 138.656006
v -304.122009 10.4299927 170.589996
v -326.171997 26.3619938 146.033997
v -326.171997 26.3619938 146.033997
v -347.15802 24.6539955 116.522003
v -325.136017 6.31399393 138.656006
v -290.247986 -29.9880123 255.388
v -260.736023 -51.3520126 295.69397
v -296.674011 -31.7520123 296.674011
v -296.674011 -31.7520123 296.674011
v -293.537994 -12.3900118 257.768005
v -290.247986 -29.9880123 255.388
v -289.589996 -6.77600956 220.388
v -290.247986 -29.9880123 255.388
v -293.537994 -12.3900118 257.768005
v -293.537994 -12.3900118 257.768005
v -296.674011 -31.7520123 296.674011
v -299.404022 -16.8280125 294.839996
v -347.15802 24.6539955 116.522003
v -326.171997 26.3619938 146.033997
v -347.466003 39.6759949 117.473999
v 508.507996 52.4580002 24.4440022
v 493.290009 77.364006 32.3820038
v 516.711975 80.3460007 14.0560036
v 493.290009 77.364006 32.3820038
v 508.507996 52.4580002 24.4440022
v 492.46402 46.6619987 37.4080009
v 492.46402 46.6619987 37.4080009
v 454.944 68.6559982 63.5740051
v 493.290009 77.364006 32.3820038
v 454.944 68.6559982 63.5740051
v 492.46402 46.6619987 37.4080009
v 454.720001 38.1779976 68.711998
v 454.720001 38.1779976 68.711998
v 417.003998 64.4280014 80.2200012
v 454.944 68.6559982 63.5740051
v 417.003998 64.4280014 80.2200012
v 454.720001 38.1779976 68.711998
v 418.082001 34.9579964 85.3440018
v 387.701996 37.3659973 96.026001
v 417.003998 64.4280014 80.2200012
v 418.082001 34.9579964 85.3440018
v 417.003998 64.4280014 80.2200012
v 387.701996 37.3659973 96.026001
v 389.130005 62.0059967 89.5439987
v 492.46402 46.6619987 37.4080009
v 508.507996 52.4580002 24.4440022
v 495.375977 33.291996 68.3619995
v 495.375977 33.291996 68.3619995
v 454.720001 38.1779976 68.711998
v 492.46402 46.6619987 37.4080009
v 454.720001 38.1779976 68.711998
v 495.375977 33.291996 68.3619995
v 454.216003 15.6099958 101.919998
v 454.216003 15.6099958 101.919998
v 418.082001 34.9579964 85.3440018
v 454.720001 38.1779976 68.711998
v 418.082001 34.9579964 85.3440018
v 454.216003 15.6099958 101.919998
v 425.641998 11.0179949 119.546005
v 425.641998 11.0179949 119.546005
v 387.701996 37.3659973 96.026001
v 418.082001 34.9579964 85.3440018
v 387.701996 37.3659973 96.026001
v 425.641998 11.0179949 119.546005
v 403.423981 10.345994 132.48201
v 433.916016 -7.1400075 170.310013
v 403.423981 10.345994 132.48201
v 425.641998 11.0179949 119.546005
v 403.423981 10.345994 132.48201
v 433.916016 -7.1400075 170.310013
v 416.248016 -10.6960077 191.463989
v 508.507996 52.4580002 24.4440022
v 519.469971 47.1939964 54.0680046
v 495.375977 33.291996 68.3619995
v 519.469971 47.1939964 54.0680046
v 513.617981 24.6819954 105.209999
v 495.375977 33.291996 68.3619995
v 513.617981 24.6819954 105.209999
v 488.600006 11.2979946 127.176003
v 495.375977 33.291996 68.3619995
v 488.600006 11.2979946 127.176003
v 454.216003 15.6099958 101.919998
v 495.375977 33.291996 68.3619995
v 454.216003 15.6099958 101.919998
v 488.600006 11.2979946 127.176003
v 456.946014 -1.72200644 148.638
v 456.946014 -1.72200644 148.638
v 425.641998 11.0179949 119.546005
v 454.216003 15.6099958 101.919998
v 425.641998 11.0179949 119.546005
v 456.946014 -1.72200644 148.638
v 433.916016 -7.1400075 170.310013
v 462.924011 -12.6980085 189.419998
v 433.916016 -7.1400075 170.310013
v 456.946014 -1.72200644 148.638
v 433.916016 -7.1400075 170.310013
v 462.924011 -12.6980085 189.419998
v 436.744019 -18.7740097 217.028
v 436.744019 -18.7740097 217.028
v 416.248016 -10.6960077 191.463989
v 433.916016 -7.1400075 170.310013
v 416.248016 -10.6960077 191.463989
v 436.744019 -18.7740097 217.028
v 414.385986 -23.926012 247.491989
v 519.469971 47.1939964 54.0680046
v 508.507996 52.4580002 24.4440022
v 523.921997 77.5319977 24.6680031
v 520.996033 46.3119926 114.800003
v 519.469971 47.1939964 54.0680046
v 523.921997 77.5319977 24.6680031
v 519.469971 47.1939964 54.0680046
v 520.996033 46.3119926 114.800003
v 513.617981 24.6819954 105.209999
v 520.996033 46.3119926 114.800003
v 516.530029 11.4099941 147.503998
v 513.617981 24.6819954 105.209999
v 516.530029 11.4099941 147.503998
v 488.600006 11.2979946 127.176003
v 513.617981 24.6819954 105.209999
v 488.600006 11.2979946 127.176003
v 516.530029 11.4099941 147.503998
v 492.84198 -1.45600736 167.425995
v 492.84198 -1.45600736 167.425995
v 456.946014 -1.72200644 148.638
v 488.600006 11.2979946 127.176003
v 456.946014 -1.72200644 148.638
v 492.84198 -1.45600736 167.425995
v 462.924011 -12.6980085 189.419998
v 499.100006 -4.62000847 195.789993
v 462.924011 -12.6980085 189.419998
v 492.84198 -1.45600736 167.425995
v 462.924011 -12.6980085 189.419998
v 499.100006 -4.62000847 195.789993
v 470.777985 -10.7240095 218.301987
v 470.777985 -10.7240095 218.301987
v 436.744019 -18.7740097 217.028
v 462.924011 -12.6980085 189.419998
v 508.507996 52.4580002 24.4440022
v 516.711975 80.3460007 14.0560036
v 523.921997 77.5319977 24.6680031
v 516.711975 80.3460007 14.0560036
v 513.617981 97.2999954 27.3560047
v 523.921997 77.5319977 24.6680031
v 513.617981 97.2999954 27.3560047
v 510.691986 100.085999 57.3580055
v 523.921997 77.5319977 24.6680031
v 510.691986 100.085999 57.3580055
v 520.996033 46.3119926 114.800003
v 523.921997 77.5319977 24.6680031
v 520.996033 46.3119926 114.800003
v 510.691986 100.085999 57.3580055
v 505.988007 67.8579941 122.779999
v 509.165985 45.9759903 166.166
v 520.996033 46.3119926 114.800003
v 505.988007 67.8579941 122.779999
v 520.996033 46.3119926 114.800003
v 509.165985 45.9759903 166.166
v 521.065979 28.8399925 158.214005
v 516.530029 11.4099941 147.503998
v 520.996033 46.3119926 114.800003
v 521.065979 28.8399925 158.214005
v 521.065979 28.8399925 158.214005
v 516.935974 2.64599204 183.218002
v 516.530029 11.4099941 147.503998
v 516.935974 2.64599204 183.218002
v 492.84198 -1.45600736 167.425995
v 516.530029 11.4099941 147.503998
v 492.84198 -1.45600736 167.425995
v 516.935974 2.64599204 183.218002
v 499.100006 -4.62000847 195.789993
v 519.511963 14.8259916 192.01001
v 499.100006 -4.62000847 195.789993
v 516.935974 2.64599204 183.218002
v 499.100006 -4.62000847 195.789993
v 519.511963 14.8259916 192.01001
v 502.585999 9.53398991 214.143997
v 502.585999 9.53398991 214.143997
v 470.777985 -10.7240095 218.301987
v 499.100006 -4.62000847 195.789993
v 470.777985 -10.7240095 218.301987
v 502.585999 9.53398991 214.143997
v 472.695984 4.19998932 241.037994
v 472.695984 4.19998932 241.037994
v 431.830017 -13.6080103 248.695999
v 470.777985 -10.7240095 218.301987
v 436.744019 -18.7740097 217.028
v 470.777985 -10.7240095 218.301987
v 431.830017 -13.6080103 248.695999
v 510.425995 29.5959911 197.903992
v 521.065979 28.8399925 158.214005
v 509.165985 45.9759903 166.166
v 521.065979 28.8399925 158.214005
v 510.425995 29.5959911 197.903992
v 519.511963 14.8259916 192.01001
v 516.935974 2.64599204 183.218002
v 521.065979 28.8399925 158.214005
v 519.511963 14.8259916 192.01001
v 431.830017 -13.6080103 248.695999
v 414.385986 -23.926012 247.491989
v 436.744019 -18.7740097 217.028
v 414.385986 -23.926012 247.491989
v 431.830017 -13.6080103 248.695999
v 406.321991 -19.3480129 287.644012
v 432.207977 2.6599884 260.847992
v 406.321991 -19.3480129 287.644012
v 431.830017 -13.6080103 248.695999
v 406.321991 -19.3480129 287.644012
v 432.207977 2.6599884 260.847992
v 406.027985 -4.13001299 297.486023
v 432.207977 2.6599884 260.847992
v 410.81601 17.6679878 288.497986
v 406.027985 -4.13001299 297.486023
v 410.81601 17.6679878 288.497986
v 432.207977 2.6599884 260.847992
v 433.383972 30.6319885 259.559998
v 472.695984 4.19998932 241.037994
v 433.383972 30.6319885 259.559998
v 432.207977 2.6599884 260.847992
v 433.383972 30.6319885 259.559998
v 472.695984 4.19998932 241.037994
v 471.870026 36.4559898 238.139999
v 502.585999 9.53398991 214.143997
v 471.870026 36.4559898 238.139999
v 472.695984 4.19998932 241.037994
v 471.870026 36.4559898 238.139999
v 502.585999 9.53398991 214.143997
v 497.826019 32.1439896 211.889999
v 431.830017 -13.6080103 248.695999
v 472.695984 4.19998932 241.037994
v 432.207977 2.6599884 260.847992
v 519.511963 14.8259916 192.01001
v 497.826019 32.1439896 211.889999
v 502.585999 9.53398991 214.143997
v 497.826019 32.1439896 211.889999
v 519.511963 14.8259916 192.01001
v 510.425995 29.5959911 197.903992
v 416.766022 34.2719879 266.727997
v 406.027985 -4.13001299 297.486023
v 410.81601 17.6679878 288.497986
v 406.027985 -4.13001299 297.486023
v 416.766022 34.2719879 266.727997
v 411.054016 5.30598879 256.927979
v 411.054016 5.30598879 256.927979
v 406.321991 -19.3480129 287.644012
v 406.027985 -4.13001299 297.486023
v 406.321991 -19.3480129 287.644012
v 411.054016 5.30598879 256.927979
v 414.385986 -23.926012 247.491989
v 412.496002 23.6879921 203.574005
v 414.385986 -23.926012 247.491989
v 411.054016 5.30598879 256.927979
v 414.385986 -23.926012 247.491989
v 412.496002 23.6879921 203.574005
v 416.248016 -10.6960077 191.463989
v 412.496002 23.6879921 203.574005
v 403.423981 10.345994 132.48201
v 416.248016 -10.6960077 191.463989
v 416.766022 34.2719879 266.727997
v 412.496002 23.6879921 203.574005
v 411.054016 5.30598879 256.927979
v 412.496002 23.6879921 203.574005
v 416.766022 34.2719879 266.727997
v 419.636017 57.8899918 214.368011
v 406.71402 77.3079987 154.896011
v 412.496002 23.6879921 203.574005
v 419.636017 57.8899918 214.368011
v 412.496002 23.6879921 203.574005
v 406.71402 77.3079987 154.896011
v 399.027985 43.5819931 145.207993
v 403.423981 10.345994 132.48201
v 412.496002 23.6879921 203.574005
v 399.027985 43.5819931 145.207993
v 399.027985 43.5819931 145.207993
v 387.701996 37.3659973 96.026001
v 403.423981 10.345994 132.48201
v 387.701996 37.3659973 96.026001
v 399.027985 43.5819931 145.207993
v 385.321991 59.7379951 100.464005
v 399.027985 43.5819931 145.207993
v 389.717987 78.3579941 109.634003
v 385.321991 59.7379951 100.464005
v 389.717987 78.3579941 109.634003
v 399.027985 43.5819931 145.207993
v 406.71402 77.3079987 154.896011
v 508.200012 122.961998 24.1920052
v 510.425995 115.836006 -6.73399448
v 509.011993 106.987991 36.2320061
v 510.425995 115.836006 -6.73399448
v 508.200012 122.961998 24.1920052
v 513.940002 135.533997 1.1340059
v 510.425995 115.836006 -6.73399448
v 513.940002 135.533997 1.1340059
v 513.421997 142.673996 -25.4659939
v 513.421997 142.673996 -25.4659939
v 503.132019 117.194008 -55.5519981
v 510.425995 115.836006 -6.73399448
v 503.132019 117.194008 -55.5519981
v 513.421997 142.673996 -25.4659939
v 506.744019 145.599991 -56.6719933
v 494.382019 145.725998 -85.7080002
v 503.132019 117.194008 -55.5519981
v 506.744019 145.599991 -56.6719933
v 503.132019 117.194008 -55.5519981
v 494.382019 145.725998 -85.7080002
v 492.044006 117.572006 -84.0559921
v 476.238007 145.782013 -108.863991
v 492.044006 117.572006 -84.0559921
v 494.382019 145.725998 -85.7080002
v 492.044006 117.572006 -84.0559921
v 476.238007 145.782013 -108.863991
v 474.180023 117.544006 -106.651993
v 476.238007 145.782013 -108.863991
v 451.527985 116.78801 -124.151993
v 474.180023 117.544006 -106.651993
v 451.527985 116.78801 -124.151993
v 476.238007 145.782013 -108.863991
v 445.59201 142.95401 -131.501999
v 451.527985 116.78801 -124.151993
v 445.59201 142.95401 -131.501999
v 409.051971 124.124008 -147.391998
v 409.051971 124.124008 -147.391998
v 449.246002 63.8960075 -125.663994
v 451.527985 116.78801 -124.151993
v 449.246002 63.8960075 -125.663994
v 409.051971 124.124008 -147.391998
v 398.048004 73.3460007 -152.235992
v 398.048004 73.3460007 -152.235992
v 432.138 40.446003 -139.860001
v 449.246002 63.8960075 -125.663994
v 449.246002 63.8960075 -125.663994
v 432.138 40.446003 -139.860001
v 458.415985 37.2540054 -129.024002
v 458.415985 37.2540054 -129.024002
v 474.180023 63.3080025 -106.637993
v 449.246002 63.8960075 -125.663994
v 474.180023 63.3080025 -106.637993
v 458.415985 37.2540054 -129.024002
v 480.326019 37.7580032 -111.342003
v 498.007996 37.8420029 -86.7439957
v 474.180023 63.3080025 -106.637993
v 480.326019 37.7580032 -111.342003
v 474.180023 63.3080025 -106.637993
v 498.007996 37.8420029 -86.7439957
v 492.044006 63.5460052 -84.0419998
v 432.138 40.446003 -139.860001
v 398.048004 73.3460007 -152.235992
v 412.832001 50.2740097 -146.48201
v 508.717987 38.1780052 -56.0139961
v 492.044006 63.5460052 -84.0419998
v 498.007996 37.8420029 -86.7439957
v 492.044006 63.5460052 -84.0419998
v 508.717987 38.1780052 -56.0139961
v 503.145996 63.6580009 -55.5659981
v 513.044006 40.9640007 -25.9559975
v 503.145996 63.6580009 -55.5659981
v 508.717987 38.1780052 -56.0139961
v 503.145996 63.6580009 -55.5659981
v 513.044006 40.9640007 -25.9559975
v 508.494019 64.8479996 -23.3659954
v 508.494019 64.8479996 -23.3659954
v 513.044006 40.9640007 -25.9559975
v 511.882019 46.0880013 -0.0139979851
v 506.100006 61.8660011 31.1220016
v 508.494019 64.8479996 -23.3659954
v 511.882019 46.0880013 -0.0139979851
v 509.936005 84.9100037 10.5840034
v 508.494019 64.8479996 -23.3659954
v 506.100006 61.8660011 31.1220016
v 509.936005 84.9100037 10.5840034
v 506.100006 61.8660011 31.1220016
v 510.874023 89.6559982 40.5580025
v 84.7000046 -46.984005 193.199997
v 68.5999985 -52.416008 255.625992
v 98.5880051 -49.8820114 256.843994
v 68.5999985 -52.416008 255.625992
v 84.7000046 -46.984005 193.199997
v 55.7900009 -49.378006 194.921997
v 55.7900009 -49.378006 194.921997
v 48.0760002 -63.4480133 253.554001
v 68.5999985 -52.416008 255.625992
v 48.0760002 -63.4480133 253.554001
v 55.7900009 -49.378006 194.921997
v 30.828001 -63.2380104 191.309998
v 49.1959991 -44.2400055 122.556
v 30.828001 -63.2380104 191.309998
v 55.7900009 -49.378006 194.921997
v 30.828001 -63.2380104 191.309998
v 49.1959991 -44.2400055 122.556
v 23.198 -59.6540031 119.098
v 49.1959991 -44.2400055 122.556
v 32.9699974 -48.958004 49.0559998
v 23.198 -59.6540031 119.098
v 80.4440002 -40.9640045 123.830002
v 55.7900009 -49.378006 194.921997
v 84.7000046 -46.984005 193.199997
v 55.7900009 -49.378006 194.921997
v 80.4440002 -40.9640045 123.830002
v 49.1959991 -44.2400055 122.556
v 93.8000031 -34.7340012 65.0859985
v 49.1959991 -44.2400055 122.556
v 80.4440002 -40.9640045 123.830002
v 49.1959991 -44.2400055 122.556
v 93.8000031 -34.7340012 65.0859985
v 61.8239975 -35.0699997 55.4679985
v 32.9699974 -48.958004 49.0559998
v 49.1959991 -44.2400055 122.556
v 61.8239975 -35.0699997 55.4679985
v 61.8239975 -35.0699997 55.4679985
v 55.4399986 -37.2399979 -69.4400024
v 32.9699974 -48.958004 49.0559998
v 55.4399986 -37.2399979 -69.4400024
v 61.8239975 -35.0699997 55.4679985
v 92.6800003 -19.9779968 -62.9860001
v 93.8000031 -34.7340012 65.0859985
v 92.6800003 -19.9779968 -62.9860001
v 61.8239975 -35.0699997 55.4679985
v 92.6800003 -19.9779968 -62.9860001
v 93.8000031 -34.7340012 65.0859985
v 132.580002 -19.2359982 -60.6760025
v 106.834007 -48.1040039 68.0400009
v 132.580002 -19.2359982 -60.6760025
v 93.8000031 -34.7340012 65.0859985
v 132.580002 -19.2359982 -60.6760025
v 106.834007 -48.1040039 68.0400009
v 144.227997 -35.1119995 -61.5860023
v 96.8799973 -53.9980049 124.921997
v 93.8000031 -34.7340012 65.0859985
v 80.4440002 -40.9640045 123.830002
v 93.8000031 -34.7340012 65.0859985
v 96.8799973 -53.9980049 124.921997
v 106.834007 -48.1040039 68.0400009
v 89.6840057 -73.6960068 118.089996
v 106.834007 -48.1040039 68.0400009
v 96.8799973 -53.9980049 124.921997
v 106.834007 -48.1040039 68.0400009
v 89.6840057 -73.6960068 118.089996
v 101.192001 -68.5440063 55.3279991
v 101.192001 -68.5440063 55.3279991
v 144.227997 -35.1119995 -61.5860023
v 106.834007 -48.1040039 68.0400009
v 144.227997 -35.1119995 -61.5860023
v 101.192001 -68.5440063 55.3279991
v 138.964005 -54.8659973 -66.7660065
v 101.192001 -68.5440063 55.3279991
v 102.213997 -71.7080002 -71.8899994
v 138.964005 -54.8659973 -66.7660065
v 102.213997 -71.7080002 -71.8899994
v 101.192001 -68.5440063 55.3279991
v 71.8340073 -82.711998 43.6659966
v 71.8340073 -82.711998 43.6659966
v 62.762001 -74.1159973 -74.8160019
v 102.213997 -71.7080002 -71.8899994
v 62.762001 -74.1159973 -74.8160019
v 71.8340073 -82.711998 43.6659966
v 38.3599968 -83.2720032 40.1519966
v 96.8799973 -53.9980049 124.921997
v 93.8840027 -77.0980072 188.985992
v 89.6840057 -73.6960068 118.089996
v 66.8219986 -90.1320114 187.151993
v 89.6840057 -73.6960068 118.089996
v 93.8840027 -77.0980072 188.985992
v 89.6840057 -73.6960068 118.089996
v 66.8219986 -90.1320114 187.151993
v 60.1720009 -87.2340012 114.617996
v 60.1720009 -87.2340012 114.617996
v 101.192001 -68.5440063 55.3279991
v 89.6840057 -73.6960068 118.089996
v 101.192001 -68.5440063 55.3279991
v 60.1720009 -87.2340012 114.617996
v 71.8340073 -82.711998 43.6659966
v 60.1720009 -87.2340012 114.617996
v 38.3599968 -83.2720032 40.1519966
v 71.8340073 -82.711998 43.6659966
v 38.3599968 -83.2720032 40.1519966
v 60.1720009 -87.2340012 114.617996
v 29.4980011 -86.7580032 113.245995
v 60.1720009 -87.2340012 114.617996
v 37.618 -90.1880112 185.611984
v 29.4980011 -86.7580032 113.245995
v 29.4980011 -86.7580032 113.245995
v 37.618 -90.1880112 185.611984
v 26.3060017 -78.5540085 187.404007
v 37.618 -90.1880112 185.611984
v 42.1819992 -77.8540115 250.697998
v 26.3060017 -78.5540085 187.404007
v 93.8840027 -77.0980072 188.985992
v 96.8799973 -53.9980049 124.921997
v 99.1900024 -58.0020065 191.001999
v 112.335999 -76.230011 252.923996
v 93.8840027 -77.0980072 188.985992
v 99.1900024 -58.0020065 191.001999
v 84.8540039 -91.8400116 250.768005
v 93.8840027 -77.0980072 188.985992
v 112.335999 -76.230011 252.923996
v 93.8840027 -77.0980072 188.985992
v 84.8540039 -91.8400116 250.768005
v 66.8219986 -90.1320114 187.151993
v 54.6139984 -91.9520035 248.737991
v 66.8219986 -90.1320114 187.151993
v 84.8540039 -91.8400116 250.768005
v 66.8219986 -90.1320114 187.151993
v 54.6139984 -91.9520035 248.737991
v 37.618 -90.1880112 185.611984
v 37.618 -90.1880112 185.611984
v 60.1720009 -87.2340012 114.617996
v 66.8219986 -90.1320114 187.151993
v 42.1819992 -77.8540115 250.697998
v 37.618 -90.1880112 185.611984
v 54.6139984 -91.9520035 248.737991
v 106.637993 -75.0539932 -18.2280025
v 130.368011 17.2339993 -9.43599892
v 85.8339996 16.7720013 -19.3199997
v 130.368011 17.2339993 -9.43599892
v 106.637993 -75.0539932 -18.2280025
v 147.447998 -65.4919968 -7.58800316
v 147.447998 -65.4919968 -7.58800316
v 154.069992 16.3380013 -5.30599928
v 130.368011 17.2339993 -9.43599892
v 154.069992 16.3380013 -5.30599928
v 147.447998 -65.4919968 -7.58800316
v 173.796005 -60.9840012 2.08599734
v 173.796005 -60.9840012 2.08599734
v 186.900009 16.855999 26.2360001
v 154.069992 16.3380013 -5.30599928
v 186.900009 16.855999 26.2360001
v 173.796005 -60.9840012 2.08599734
v 199.052002 -58.197998 26.9499969
v 199.052002 -58.197998 26.9499969
v 222.376007 10.4579964 86.0299988
v 186.900009 16.855999 26.2360001
v 222.376007 10.4579964 86.0299988
v 199.052002 -58.197998 26.9499969
v 232.652008 -53.5500031 87.723999
v 232.652008 -53.5500031 87.723999
v 229.138 -26.0960026 91.7139969
v 222.376007 10.4579964 86.0299988
v 262.765991 9.18400097 -20.8460007
v 294.798004 35.3779984 4.80200148
v 305.466003 18.6480007 0.112000816
v 294.798004 35.3779984 4.80200148
v 262.765991 9.18400097 -20.8460007
v 253.078003 28.4900017 -15.9599991
v 253.078003 28.4900017 -15.9599991
v 277.04599 40.3339996 13.9720011
v 294.798004 35.3779984 4.80200148
v 277.04599 40.3339996 13.9720011
v 253.078003 28.4900017 -15.9599991
v 235.634003 35.2380028 -6.76199865
v 235.634003 35.2380028 -6.76199865
v 250.501999 39.3540001 35.3500023
v 277.04599 40.3339996 13.9720011
v 250.501999 39.3540001 35.3500023
v 235.634003 35.2380028 -6.76199865
v 218.147995 34.0760002 8.12000084
v 200.550003 25.7459984 20.8320007
v 250.501999 39.3540001 35.3500023
v 218.147995 34.0760002 8.12000084
v 250.501999 39.3540001 35.3500023
v 200.550003 25.7459984 20.8320007
v 232.399994 26.9079971 63.8120003
v 229.977997 1.94600189 -44.2820015
v 253.078003 28.4900017 -15.9599991
v 262.765991 9.18400097 -20.8460007
v 229.977997 1.94600189 -44.2820015
v 222.557999 21.1680012 -39.3679962
v 253.078003 28.4900017 -15.9599991
v 253.078003 28.4900017 -15.9599991
v 222.557999 21.1680012 -39.3679962
v 235.634003 35.2380028 -6.76199865
v 222.557999 21.1680012 -39.3679962
v 181.174011 23.604002 -57.4419975
v 235.634003 35.2380028 -6.76199865
v 181.174011 23.604002 -57.4419975
v 218.147995 34.0760002 8.12000084
v 235.634003 35.2380028 -6.76199865
v 218.147995 34.0760002 8.12000084
v 181.174011 23.604002 -57.4419975
v 172.130005 23.8980007 -40.3199959
v 169.820007 22.2740002 -18.4379978
v 218.147995 34.0760002 8.12000084
v 172.130005 23.8980007 -40.3199959
v 218.147995 34.0760002 8.12000084
v 169.820007 22.2740002 -18.4379978
v 200.550003 25.7459984 20.8320007
v 169.820007 22.2740002 -18.4379978
v 186.900009 16.855999 26.2360001
v 200.550003 25.7459984 20.8320007
v 186.900009 16.855999 26.2360001
v 232.399994 26.9079971 63.8120003
v 200.550003 25.7459984 20.8320007
v 232.399994 26.9079971 63.8120003
v 186.900009 16.855999 26.2360001
v 222.376007 10.4579964 86.0299988
v 222.557999 21.1680012 -39.3679962
v 229.977997 1.94600189 -44.2820015
v 188.664001 16.6180038 -75.109993
v 188.664001 16.6180038 -75.109993
v 181.174011 23.604002 -57.4419975
v 222.557999 21.1680012 -39.3679962
v 188.664001 16.6180038 -75.109993
v 126.573997 17.3740063 -133.013992
v 181.174011 23.604002 -57.4419975
v 106.428001 19.9360046 -113.344002
v 181.174011 23.604002 -57.4419975
v 126.573997 17.3740063 -133.013992
v 181.174011 23.604002 -57.4419975
v 106.428001 19.9360046 -113.344002
v 172.130005 23.8980007 -40.3199959
v 114.660004 21.4620037 -62.0340004
v 172.130005 23.8980007 -40.3199959
v 106.428001 19.9360046 -113.344002
v 172.130005 23.8980007 -40.3199959
v 114.660004 21.4620037 -62.0340004
v 169.820007 22.2740002 -18.4379978
v 130.368011 17.2339993 -9.43599892
v 169.820007 22.2740002 -18.4379978
v 114.660004 21.4620037 -62.0340004
v 169.820007 22.2740002 -18.4379978
v 130.368011 17.2339993 -9.43599892
v 154.069992 16.3380013 -5.30599928
v 186.900009 16.855999 26.2360001
v 169.820007 22.2740002 -18.4379978
v 154.069992 16.3380013 -5.30599928
v 188.664001 16.6180038 -75.109993
v 229.977997 1.94600189 -44.2820015
v 194.76799 -3.05199623 -84.9940033
v 194.76799 -3.05199623 -84.9940033
v 145.236008 6.72000647 -150.444
v 188.664001 16.6180038 -75.109993
v 126.573997 17.3740063 -133.013992
v 188.664001 16.6180038 -75.109993
v 145.236008 6.72000647 -150.444
v 145.236008 6.72000647 -150.444
v 36.6660004 4.85801268 -296.002014
v 126.573997 17.3740063 -133.013992
v 37.8419991 13.1600084 -199.486008
v 126.573997 17.3740063 -133.013992
v 36.6660004 4.85801268 -296.002014
v 126.573997 17.3740063 -133.013992
v 37.8419991 13.1600084 -199.486008
v 106.428001 19.9360046 -113.344002
v 55.4119987 19.0400047 -106.162003
v 106.428001 19.9360046 -113.344002
v 37.8419991 13.1600084 -199.486008
v 106.428001 19.9360046 -113.344002
v 55.4119987 19.0400047 -106.162003
v 114.660004 21.4620037 -62.0340004
v 85.8339996 16.7720013 -19.3199997
v 114.660004 21.4620037 -62.0340004
v 55.4119987 19.0400047 -106.162003
v 114.660004 21.4620037 -62.0340004
v 85.8339996 16.7720013 -19.3199997
v 130.368011 17.2339993 -9.43599892
v 145.236008 6.72000647 -150.444
v 194.76799 -3.05199623 -84.9940033
v 154.391998 -11.2699928 -152.949997
v 154.391998 -11.2699928 -152.949997
v 42.5460014 -11.8859844 -362.291992
v 145.236008 6.72000647 -150.444
v 36.6660004 4.85801268 -296.002014
v 145.236008 6.72000647 -150.444
v 42.5460014 -11.8859844 -362.291992
v 42.5460014 -11.8859844 -362.291992
v 154.391998 -11.2699928 -152.949997
v 42.9379997 -25.6899853 -377.062012
v -512.42804 134.75 -4.4799943
v -513.533997 112.349998 37.4080048
v -509.431976 130.003998 32.7740059
v -513.533997 112.349998 37.4080048
v -512.42804 134.75 -4.4799943
v -523.641968 103.837997 -0.139995471
v -523.641968 103.837997 -0.139995471
v -513.505981 85.3440018 29.2880039
v -513.533997 112.349998 37.4080048
v -513.505981 85.3440018 29.2880039
v -523.641968 103.837997 -0.139995471
v -521.947998 67.3259964 -10.3179979
v -511.196014 97.4260025 -53.5079956
v -521.947998 67.3259964 -10.3179979
v -523.641968 103.837997 -0.139995471
v -521.947998 67.3259964 -10.3179979
v -511.196014 97.4260025 -53.5079956
v -512.890015 56.5180016 -49.9939995
v -485.324005 91.3220062 -95.9419937
v -512.890015 56.5180016 -49.9939995
v -511.196014 97.4260025 -53.5079956
v -512.890015 56.5180016 -49.9939995
v -485.324005 91.3220062 -95.9419937
v -479.98999 53.4380035 -91.5599976
v -502.459991 133.503998 -42.1679955
v -523.641968 103.837997 -0.139995471
v -512.42804 134.75 -4.4799943
v -523.641968 103.837997 -0.139995471
v -502.459991 133.503998 -42.1679955
v -511.196014 97.4260025 -53.5079956
v -477.764008 124.306 -97.8879929
v -511.196014 97.4260025 -53.5079956
v -502.459991 133.503998 -42.1679955
v -511.196014 97.4260025 -53.5079956
v -477.764008 124.306 -97.8879929
v -485.324005 91.3220062 -95.9419937
v -440.706024 115.696007 -130.367996
v -485.324005 91.3220062 -95.9419937
v -477.764008 124.306 -97.8879929
v -485.324005 91.3220062 -95.9419937
v -440.706024 115.696007 -130.367996
v -431.410004 82.8660049 -143.919998
v -443.184021 53.284008 -126.251991
v -485.324005 91.3220062 -95.9419937
v -431.410004 82.8660049 -143.919998
v -485.324005 91.3220062 -95.9419937
v -443.184021 53.284008 -126.251991
v -479.98999 53.4380035 -91.5599976
v -418.656006 100.562004 -146.719986
v -431.410004 82.8660049 -143.919998
v -440.706024 115.696007 -130.367996
v -431.410004 82.8660049 -143.919998
v -418.656006 100.562004 -146.719986
v -408.100006 76.3980103 -150.345993
v -417.424011 59.5560036 -144.591995
v -431.410004 82.8660049 -143.919998
v -408.100006 76.3980103 -150.345993
v -431.410004 82.8660049 -143.919998
v -417.424011 59.5560036 -144.591995
v -443.184021 53.284008 -126.251991
v 132.593994 -26.5299988 -21.0139999
v 188.131989 -4.26999855 -37.0720024
v 161 -20.817997 -52.7100029
v 188.131989 -4.26999855 -37.0720024
v 132.593994 -26.5299988 -21.0139999
v 163.884003 -10.8500004 6.70599937
v 195.117996 -2.11400175 36.8899994
v 188.131989 -4.26999855 -37.0720024
v 163.884003 -10.8500004 6.70599937
v 188.131989 -4.26999855 -37.0720024
v 195.117996 -2.11400175 36.8899994
v 234.304001 8.77800083 -14.1259995
v 195.117996 -2.11400175 36.8899994
v 250.319992 -1.91799963 -9.74400043
v 234.304001 8.77800083 -14.1259995
v 250.319992 -1.91799963 -9.74400043
v 195.117996 -2.11400175 36.8899994
v 204.525986 -14.196003 52.9059982
v 148.834 -4.92800426 101.863998
v 204.525986 -14.196003 52.9059982
v 195.117996 -2.11400175 36.8899994
v 204.525986 -14.196003 52.9059982
v 148.834 -4.92800426 101.863998
v 158.214005 -23.3100052 129.149994
v 119.938004 -15.6099997 -12.4180002
v 163.884003 -10.8500004 6.70599937
v 132.593994 -26.5299988 -21.0139999
v 109.396004 -3.38800287 66.4300003
v 163.884003 -10.8500004 6.70599937
v 119.938004 -15.6099997 -12.4180002
v 109.396004 -3.38800287 66.4300003
v 195.117996 -2.11400175 36.8899994
v 163.884003 -10.8500004 6.70599937
v 195.117996 -2.11400175 36.8899994
v 109.396004 -3.38800287 66.4300003
v 148.834 -4.92800426 101.863998
v 148.834 -4.92800426 101.863998
v 109.396004 -3.38800287 66.4300003
v 104.552002 -1.58200622 140.644012
v 148.834 -4.92800426 101.863998
v 104.552002 -1.58200622 140.644012
v 147.895996 -2.64600825 192.850006
v 147.895996 -2.64600825 192.850006
v 180.445999 -21.8540077 181.187988
v 148.834 -4.92800426 101.863998
v 148.834 -4.92800426 101.863998
v 180.445999 -21.8540077 181.187988
v 158.214005 -23.3100052 129.149994
v 109.396004 -3.38800287 66.4300003
v 119.938004 -15.6099997 -12.4180002
v 70.0699997 -13.3000011 26.5719986
v 109.396004 -3.38800287 66.4300003
v 70.0699997 -13.3000011 26.5719986
v 104.552002 -1.58200622 140.644012
v 70.0699997 -13.3000011 26.5719986
v 28.9239998 -20.6780014 62.6079979
v 104.552002 -1.58200622 140.644012
v 28.9239998 -20.6780014 62.6079979
v 70.3220062 -13.7200069 162.889999
v 104.552002 -1.58200622 140.644012
v 70.3220062 -13.7200069 162.889999
v 111.425995 -12.9500103 228.059998
v 104.552002 -1.58200622 140.644012
v 104.552002 -1.58200622 140.644012
v 111.425995 -12.9500103 228.059998
v 147.895996 -2.64600825 192.850006
v 147.895996 -2.64600825 192.850006
v 111.425995 -12.9500103 228.059998
v 141.175995 -21.2100124 291.493988
v 147.895996 -2.64600825 192.850006
v 141.175995 -21.2100124 291.493988
v 195.117996 -16.9120121 261.29599
v 195.117996 -16.9120121 261.29599
v 180.445999 -21.8540077 181.187988
v 147.895996 -2.64600825 192.850006
v 180.445999 -21.8540077 181.187988
v 195.117996 -16.9120121 261.29599
v 210.126007 -29.5260105 245.307999
v 22.9460011 -34.9020042 68.6559982
v 70.3220062 -13.7200069 162.889999
v 28.9239998 -20.6780014 62.6079979
v 70.3220062 -13.7200069 162.889999
v 22.9460011 -34.9020042 68.6559982
v 65.7300034 -33.7260056 173.124008
v 111.425995 -12.9500103 228.059998
v 70.3220062 -13.7200069 162.889999
v 65.7300034 -33.7260056 173.124008
v 69.8040009 -43.0080109 234.136002
v 111.425995 -12.9500103 228.059998
v 65.7300034 -33.7260056 173.124008
v 87.2480011 -33.6560097 257.529999
v 111.425995 -12.9500103 228.059998
v 69.8040009 -43.0080109 234.136002
v 87.2480011 -33.6560097 257.529999
v 107.576004 -25.8300114 267.735992
v 111.425995 -12.9500103 228.059998
v 107.576004 -25.8300114 267.735992
v 141.175995 -21.2100124 291.493988
v 111.425995 -12.9500103 228.059998
v 141.175995 -21.2100124 291.493988
v 107.576004 -25.8300114 267.735992
v 112.489998 -32.5920143 279.019989
v 141.175995 -21.2100124 291.493988
v 112.489998 -32.5920143 279.019989
v 128.309998 -36.7500114 292.782013
v 112.489998 -32.5920143 279.019989
v 107.576004 -25.8300114 267.735992
v 87.2480011 -33.6560097 257.529999
v 207.171997 -32.382 31.2339993
v 204.778 -17.4300022 72.8559952
v 199.360001 -14.3640013 27.0200005
v 204.778 -17.4300022 72.8559952
v 207.171997 -32.382 31.2339993
v 217.139999 -36.0080032 75.4319992
v 217.139999 -36.0080032 75.4319992
v 213.275986 -18.4100056 121.239998
v 204.778 -17.4300022 72.8559952
v 213.275986 -18.4100056 121.239998
v 217.139999 -36.0080032 75.4319992
v 224.182007 -34.9860039 122.765999
v 224.182007 -34.9860039 122.765999
v 211.119995 -22.1060066 148.834
v 213.275986 -18.4100056 121.239998
v 211.119995 -22.1060066 148.834
v 224.182007 -34.9860039 122.765999
v 220.906006 -37.352005 150.009995
v 220.906006 -37.352005 150.009995
v 199.009995 -30.0300064 169.834
v 211.119995 -22.1060066 148.834
v 238.013992 -33.7400017 42.5879974
v 217.139999 -36.0080032 75.4319992
v 207.171997 -32.382 31.2339993
v 217.139999 -36.0080032 75.4319992
v 238.013992 -33.7400017 42.5879974
v 244.313995 -36.0500031 81.4240036
v 244.313995 -36.0500031 81.4240036
v 224.182007 -34.9860039 122.765999
v 217.139999 -36.0080032 75.4319992
v 224.182007 -34.9860039 122.765999
v 244.313995 -36.0500031 81.4240036
v 244.132004 -36.3580055 126.377998
v 244.132004 -36.3580055 126.377998
v 220.906006 -37.352005 150.009995
v 224.182007 -34.9860039 122.765999
v 244.132004 -36.3580055 126.377998
v 228.787994 -46.0180092 178.793991
v 220.906006 -37.352005 150.009995
v 228.787994 -46.0180092 178.793991
v 209.076004 -44.1700058 172.353989
v 220.906006 -37.352005 150.009995
v 199.009995 -30.0300064 169.834
v 220.906006 -37.352005 150.009995
v 209.076004 -44.1700058 172.353989
v 209.076004 -44.1700058 172.353989
v 179.634003 -39.8440056 183.862
v 199.009995 -30.0300064 169.834
v 179.634003 -39.8440056 183.862
v 209.076004 -44.1700058 172.353989
v 189.420013 -54.7820091 189.714005
v 189.420013 -54.7820091 189.714005
v 155.428009 -52.83601 196.546005
v 179.634003 -39.8440056 183.862
v 282.296021 -15.4980021 60.409996
v 244.313995 -36.0500031 81.4240036
v 238.013992 -33.7400017 42.5879974
v 244.313995 -36.0500031 81.4240036
v 282.296021 -15.4980021 60.409996
v 278.627991 -23.576004 93.3099976
v 278.627991 -23.576004 93.3099976
v 244.132004 -36.3580055 126.377998
v 244.313995 -36.0500031 81.4240036
v 244.132004 -36.3580055 126.377998
v 278.627991 -23.576004 93.3099976
v 268.548004 -28.9240055 134.819992
v 251.972 -40.5580101 188.341995
v 244.132004 -36.3580055 126.377998
v 268.548004 -28.9240055 134.819992
v 244.132004 -36.3580055 126.377998
v 251.972 -40.5580101 188.341995
v 228.787994 -46.0180092 178.793991
v 251.972 -40.5580101 188.341995
v 207.606003 -59.7380104 212.799988
v 228.787994 -46.0180092 178.793991
v 189.420013 -54.7820091 189.714005
v 228.787994 -46.0180092 178.793991
v 207.606003 -59.7380104 212.799988
v 228.787994 -46.0180092 178.793991
v 189.420013 -54.7820091 189.714005
v 209.076004 -44.1700058 172.353989
v 322.65799 2.74399614 91.447998
v 278.627991 -23.576004 93.3099976
v 282.296021 -15.4980021 60.409996
v 278.627991 -23.576004 93.3099976
v 322.65799 2.74399614 91.447998
v 307.523987 -10.0940046 117.417999
v 307.523987 -10.0940046 117.417999
v 268.548004 -28.9240055 134.819992
v 278.627991 -23.576004 93.3099976
v 268.548004 -28.9240055 134.819992
v 307.523987 -10.0940046 117.417999
v 289.618011 -20.4820061 150.248001
v 279.817993 -27.5660076 175.755997
v 268.548004 -28.9240055 134.819992
v 289.618011 -20.4820061 150.248001
v 279.817993 -27.5660076 175.755997
v 251.972 -40.5580101 188.341995
v 268.548004 -28.9240055 134.819992
v 273.265991 -34.1740112 202.706009
v 251.972 -40.5580101 188.341995
v 279.817993 -27.5660076 175.755997
v 273.265991 -34.1740112 202.706009
v 233.18399 -55.8880081 238.910004
v 251.972 -40.5580101 188.341995
v 207.606003 -59.7380104 212.799988
v 251.972 -40.5580101 188.341995
v 233.18399 -55.8880081 238.910004
v 322.65799 2.74399614 91.447998
v 325.136017 6.31399393 138.656006
v 307.523987 -10.0940046 117.417999
v 302.470001 -8.47000694 165.115997
v 307.523987 -10.0940046 117.417999
v 325.136017 6.31399393 138.656006
v 307.523987 -10.0940046 117.417999
v 302.470001 -8.47000694 165.115997
v 289.618011 -20.4820061 150.248001
v 302.470001 -8.47000694 165.115997
v 279.817993 -27.5660076 175.755997
v 289.618011 -20.4820061 150.248001
v 279.817993 -27.5660076 175.755997
v 302.470001 -8.47000694 165.115997
v 291.634003 -17.3740082 188.649994
v 291.634003 -17.3740082 188.649994
v 273.265991 -34.1740112 202.706009
v 279.817993 -27.5660076 175.755997
v 273.265991 -34.1740112 202.706009
v 291.634003 -17.3740082 188.649994
v 287.671997 -23.7720089 215.194
v 287.671997 -23.7720089 215.194
v 265.985992 -45.3320122 250.669998
v 273.265991 -34.1740112 202.706009
v 233.18399 -55.8880081 238.910004
v 273.265991 -34.1740112 202.706009
v 265.985992 -45.3320122 250.669998
v 325.136017 6.31399393 138.656006
v 322.65799 2.74399614 91.447998
v 347.15802 24.6539955 116.522003
v 347.15802 24.6539955 116.522003
v 326.171997 26.3619938 146.033997
v 325.136017 6.31399393 138.656006
v 304.122009 10.4299927 170.589996
v 325.136017 6.31399393 138.656006
v 326.171997 26.3619938 146.033997
v 325.136017 6.31399393 138.656006
v 304.122009 10.4299927 170.589996
v 302.470001 -8.47000694 165.115997
v 292.949982 0.335991561 193.746002
v 302.470001 -8.47000694 165.115997
v 304.122009 10.4299927 170.589996
v 302.470001 -8.47000694 165.115997
v 292.949982 0.335991561 193.746002
v 291.634003 -17.3740082 188.649994
v 292.949982 0.335991561 193.746002
v 287.671997 -23.7720089 215.194
v 291.634003 -17.3740082 188.649994
v 287.671997 -23.7720089 215.194
v 292.949982 0.335991561 193.746002
v 289.589996 -6.77600956 220.388
v 289.589996 -6.77600956 220.388
v 290.247986 -29.9880123 255.388
v 287.671997 -23.7720089 215.194
v 265.985992 -45.3320122 250.669998
v 287.671997 -23.7720089 215.194
v 290.247986 -29.9880123 255.388
v 326.171997 26.3619938 146.033997
v 347.15802 24.6539955 116.522003
v 347.466003 39.6759949 117.473999
v 290.247986 -29.9880123 255.388
v 289.589996 -6.77600956 220.388
v 293.537994 -12.3900118 257.768005
v 293.537994 -12.3900118 257.768005
v 296.674011 -31.7520123 296.674011
v 290.247986 -29.9880123 255.388
v 296.674011 -31.7520123 296.674011
v 265.985992 -45.3320122 250.669998
v 290.247986 -29.9880123 255.388
v 265.985992 -45.3320122 250.669998
v 296.674011 -31.7520123 296.674011
v 260.736023 -51.3520126 295.69397
v 260.736023 -51.3520126 295.69397
v 233.18399 -55.8880081 238.910004
v 265.985992 -45.3320122 250.669998
v 233.18399 -55.8880081 238.910004
v 260.736023 -51.3520126 295.69397
v 213.934006 -63.4480133 283.065979
v 182.643997 -71.5400085 242.886002
v 233.18399 -55.8880081 238.910004
v 213.934006 -63.4480133 283.065979
v 233.18399 -55.8880081 238.910004
v 182.643997 -71.5400085 242.886002
v 207.606003 -59.7380104 212.799988
v 296.674011 -31.7520123 296.674011
v 293.537994 -12.3900118 257.768005
v 299.404022 -16.8280125 294.839996
v 161.868011 -66.5280075 204.694
v 207.606003 -59.7380104 212.799988
v 182.643997 -71.5400085 242.886002
v 207.606003 -59.7380104 212.799988
v 161.868011 -66.5280075 204.694
v 189.420013 -54.7820091 189.714005
v 155.428009 -52.83601 196.546005
v 189.420013 -54.7820091 189.714005
v 161.868011 -66.5280075 204.694
v 231.195999 -5.53001451 321.649994
v 249.746002 -16.9120121 278.502014
v 220.556 -25.5220127 297.611969
v 249.746002 -16.9120121 278.502014
v 231.195999 -5.53001451 321.649994
v 286.328003 13.4259872 282.46402
v 249.746002 -16.9120121 278.502014
v 286.328003 13.4259872 282.46402
v 293.104004 -4.60601139 252.405991
v 342.873993 37.4079895 231.406006
v 293.104004 -4.60601139 252.405991
v 286.328003 13.4259872 282.46402
v 293.104004 -4.60601139 252.405991
v 342.873993 37.4079895 231.406006
v 335.272003 9.43599129 213.164001
v 384.201996 63.6999931 157.177994
v 335.272003 9.43599129 213.164001
v 342.873993 37.4079895 231.406006
v 335.272003 9.43599129 213.164001
v 384.201996 63.6999931 157.177994
v 378.475983 33.4179955 140.46199
v 384.201996 63.6999931 157.177994
v 393.806 46.7319946 116.493996
v 378.475983 33.4179955 140.46199
v 282.156006 -0.364015788 361.199982
v 286.328003 13.4259872 282.46402
v 231.195999 -5.53001451 321.649994
v 286.328003 13.4259872 282.46402
v 282.156006 -0.364015788 361.199982
v 325.765991 20.8039856 320.347992
v 366.548004 44.1839905 268.450012
v 286.328003 13.4259872 282.46402
v 325.765991 20.8039856 320.347992
v 286.328003 13.4259872 282.46402
v 366.548004 44.1839905 268.450012
v 342.873993 37.4079895 231.406006
v 395.570007 70.4339905 202.944
v 342.873993 37.4079895 231.406006
v 366.548004 44.1839905 268.450012
v 342.873993 37.4079895 231.406006
v 395.570007 70.4339905 202.944
v 384.201996 63.6999931 157.177994
v 404.725983 74.9139938 152.810013
v 384.201996 63.6999931 157.177994
v 395.570007 70.4339905 202.944
v 384.201996 63.6999931 157.177994
v 404.725983 74.9139938 152.810013
v 393.778015 67.6759949 137.64801
v 393.806 46.7319946 116.493996
v 384.201996 63.6999931 157.177994
v 393.778015 67.6759949 137.64801
v 393.778015 67.6759949 137.64801
v 400.287994 66.4159927 127.036003
v 393.806 46.7319946 116.493996
v 404.725983 74.9139938 152.810013
v 400.287994 66.4159927 127.036003
v 393.778015 67.6759949 137.64801
v 282.156006 -0.364015788 361.199982
v 366.35202 6.24398422 353.527985
v 325.765991 20.8039856 320.347992
v 389.843994 29.0359859 301.167999
v 325.765991 20.8039856 320.347992
v 366.35202 6.24398422 353.527985
v 325.765991 20.8039856 320.347992
v 389.843994 29.0359859 301.167999
v 366.548004 44.1839905 268.450012
v 404.68399 54.5439911 247.001999
v 366.548004 44.1839905 268.450012
v 389.843994 29.0359859 301.167999
v 366.548004 44.1839905 268.450012
v 404.68399 54.5439911 247.001999
v 395.570007 70.4339905 202.944
v 404.68399 54.5439911 247.001999
v 413.48999 64.8199921 198.548004
v 395.570007 70.4339905 202.944
v 413.48999 64.8199921 198.548004
v 404.725983 74.9139938 152.810013
v 395.570007 70.4339905 202.944
v 366.35202 6.24398422 353.527985
v 282.156006 -0.364015788 361.199982
v 341.152008 -15.9180174 399.769989
v -373.450012 -42.0280113 341.012024
v -293.56601 -64.1760178 337.217987
v -349.174011 -57.0640144 384.34201
v -293.56601 -64.1760178 337.217987
v -373.450012 -42.0280113 341.012024
v -336.447998 -49.9100113 301.588013
v -294 -37.1140137 269.009979
v -293.56601 -64.1760178 337.217987
v -336.447998 -49.9100113 301.588013
v -293.56601 -64.1760178 337.217987
v -294 -37.1140137 269.009979
v -238.279999 -52.0240135 303.84201
v -249.746002 -16.9120121 278.502014
v -238.279999 -52.0240135 303.84201
v -294 -37.1140137 269.009979
v -238.279999 -52.0240135 303.84201
v -249.746002 -16.9120121 278.502014
v -220.556 -25.5220127 297.611969
v -394.23999 -26.2500134 293.817993
v -336.447998 -49.9100113 301.588013
v -373.450012 -42.0280113 341.012024
v -336.447998 -49.9100113 301.588013
v -394.23999 -26.2500134 293.817993
v -373.645996 -33.8240128 256.522003
v -373.645996 -33.8240128 256.522003
v -294 -37.1140137 269.009979
v -336.447998 -49.9100113 301.588013
v -294 -37.1140137 269.009979
v -373.645996 -33.8240128 256.522003
v -348.586029 -20.6220112 222.362
v -348.586029 -20.6220112 222.362
v -293.104004 -4.60601139 252.405991
v -294 -37.1140137 269.009979
v -293.104004 -4.60601139 252.405991
v -249.746002 -16.9120121 278.502014
v -294 -37.1140137 269.009979
v -406.140015 -16.7860107 244.369995
v -373.645996 -33.8240128 256.522003
v -394.23999 -26.2500134 293.817993
v -373.645996 -33.8240128 256.522003
v -406.140015 -16.7860107 244.369995
v -394.786011 -18.9140091 197.987991
v -394.786011 -18.9140091 197.987991
v -348.586029 -20.6220112 222.362
v -373.645996 -33.8240128 256.522003
v -348.586029 -20.6220112 222.362
v -394.786011 -18.9140091 197.987991
v -384.579987 0.615993261 154.098007
v -384.579987 0.615993261 154.098007
v -335.272003 9.43599129 213.164001
v -348.586029 -20.6220112 222.362
v -293.104004 -4.60601139 252.405991
v -348.586029 -20.6220112 222.362
v -335.272003 9.43599129 213.164001
v -406.140015 -16.7860107 244.369995
v -413.406006 1.24599123 199.976013
v -394.786011 -18.9140091 197.987991
v -413.406006 1.24599123 199.976013
v -402.878021 2.60399342 149.925995
v -394.786011 -18.9140091 197.987991
v -402.878021 2.60399342 149.925995
v -384.579987 0.615993261 154.098007
v -394.786011 -18.9140091 197.987991
v -384.579987 0.615993261 154.098007
v -402.878021 2.60399342 149.925995
v -396.381989 18.1999931 125.397995
v -396.381989 18.1999931 125.397995
v -378.475983 33.4179955 140.46199
v -384.579987 0.615993261 154.098007
v -335.272003 9.43599129 213.164001
v -384.579987 0.615993261 154.098007
v -378.475983 33.4179955 140.46199
v -378.475983 33.4179955 140.46199
v -396.381989 18.1999931 125.397995
v -393.806 46.7319946 116.493996
v 493.290009 77.364006 32.3820038
v 513.617981 97.2999954 27.3560047
v 516.711975 80.3460007 14.0560036
v 513.617981 97.2999954 27.3560047
v 493.290009 77.364006 32.3820038
v 492.730011 101.681999 55.0760078
v 513.617981 97.2999954 27.3560047
v 492.730011 101.681999 55.0760078
v 510.691986 100.085999 57.3580055
v 510.691986 100.085999 57.3580055
v 492.730011 101.681999 55.0760078
v 482.859985 95.0039978 99.9599991
v 505.988007 67.8579941 122.779999
v 510.691986 100.085999 57.3580055
v 482.859985 95.0039978 99.9599991
v 479.01001 75.1939926 151.423996
v 505.988007 67.8579941 122.779999
v 482.859985 95.0039978 99.9599991
v 479.01001 75.1939926 151.423996
v 509.165985 45.9759903 166.166
v 505.988007 67.8579941 122.779999
v 454.944 68.6559982 63.5740051
v 492.730011 101.681999 55.0760078
v 493.290009 77.364006 32.3820038
v 492.730011 101.681999 55.0760078
v 454.944 68.6559982 63.5740051
v 456.665985 89.6699982 85.9880066
v 456.665985 89.6699982 85.9880066
v 482.859985 95.0039978 99.9599991
v 492.730011 101.681999 55.0760078
v 482.859985 95.0039978 99.9599991
v 456.665985 89.6699982 85.9880066
v 455.223999 87.9059982 126.307999
v 455.223999 87.9059982 126.307999
v 479.01001 75.1939926 151.423996
v 482.859985 95.0039978 99.9599991
v 479.01001 75.1939926 151.423996
v 455.223999 87.9059982 126.307999
v 457.323975 73.5699921 174.552002
v 457.323975 73.5699921 174.552002
v 487.032013 53.1579933 190.190002
v 479.01001 75.1939926 151.423996
v 509.165985 45.9759903 166.166
v 479.01001 75.1939926 151.423996
v 487.032013 53.1579933 190.190002
v 487.032013 53.1579933 190.190002
v 510.425995 29.5959911 197.903992
v 509.165985 45.9759903 166.166
v 510.425995 29.5959911 197.903992
v 487.032013 53.1579933 190.190002
v 497.826019 32.1439896 211.889999
v 417.003998 64.4280014 80.2200012
v 456.665985 89.6699982 85.9880066
v 454.944 68.6559982 63.5740051
v 456.665985 89.6699982 85.9880066
v 417.003998 64.4280014 80.2200012
v 420.588013 84.8539963 102.004005
v 420.588013 84.8539963 102.004005
v 455.223999 87.9059982 126.307999
v 456.665985 89.6699982 85.9880066
v 455.223999 87.9059982 126.307999
v 420.588013 84.8539963 102.004005
v 429.128021 83.1459961 143.626007
v 429.128021 83.1459961 143.626007
v 457.323975 73.5699921 174.552002
v 455.223999 87.9059982 126.307999
v 457.323975 73.5699921 174.552002
v 429.128021 83.1459961 143.626007
v 437.486023 66.6819916 194.977997
v 437.486023 66.6819916 194.977997
v 465.373993 57.0779915 214.872009
v 457.323975 73.5699921 174.552002
v 487.032013 53.1579933 190.190002
v 457.323975 73.5699921 174.552002
v 465.373993 57.0779915 214.872009
v 465.373993 57.0779915 214.872009
v 497.826019 32.1439896 211.889999
v 487.032013 53.1579933 190.190002
v 497.826019 32.1439896 211.889999
v 465.373993 57.0779915 214.872009
v 471.870026 36.4559898 238.139999
v 440.215973 47.3339882 239.792007
v 471.870026 36.4559898 238.139999
v 465.373993 57.0779915 214.872009
v 471.870026 36.4559898 238.139999
v 440.215973 47.3339882 239.792007
v 433.383972 30.6319885 259.559998
v 389.130005 62.0059967 89.5439987
v 420.588013 84.8539963 102.004005
v 417.003998 64.4280014 80.2200012
v 420.588013 84.8539963 102.004005
v 389.130005 62.0059967 89.5439987
v 389.717987 78.3579941 109.634003
v 406.71402 77.3079987 154.896011
v 420.588013 84.8539963 102.004005
v 389.717987 78.3579941 109.634003
v 420.588013 84.8539963 102.004005
v 406.71402 77.3079987 154.896011
v 429.128021 83.1459961 143.626007
v 406.71402 77.3079987 154.896011
v 437.486023 66.6819916 194.977997
v 429.128021 83.1459961 143.626007
v 437.486023 66.6819916 194.977997
v 406.71402 77.3079987 154.896011
v 419.636017 57.8899918 214.368011
v 419.636017 57.8899918 214.368011
v 440.215973 47.3339882 239.792007
v 437.486023 66.6819916 194.977997
v 465.373993 57.0779915 214.872009
v 437.486023 66.6819916 194.977997
v 440.215973 47.3339882 239.792007
v 440.215973 47.3339882 239.792007
v 419.636017 57.8899918 214.368011
v 416.766022 34.2719879 266.727997
v 416.766022 34.2719879 266.727997
v 433.383972 30.6319885 259.559998
v 440.215973 47.3339882 239.792007
v 433.383972 30.6319885 259.559998
v 416.766022 34.2719879 266.727997
v 410.81601 17.6679878 288.497986
v -416.766022 34.2719879 266.727997
v -433.383972 30.6319885 259.559998
v -410.81601 17.6679878 288.497986
v -433.383972 30.6319885 259.559998
v -416.766022 34.2719879 266.727997
v -440.215973 47.3339882 239.792007
v -440.215973 47.3339882 239.792007
v -471.870026 36.4559898 238.139999
v -433.383972 30.6319885 259.559998
v -471.870026 36.4559898 238.139999
v -440.215973 47.3339882 239.792007
v -465.373993 57.0779915 214.872009
v -465.373993 57.0779915 214.872009
v -497.826019 32.1439896 211.889999
v -471.870026 36.4559898 238.139999
v -497.826019 32.1439896 211.889999
v -465.373993 57.0779915 214.872009
v -487.032013 53.1579933 190.190002
v -487.032013 53.1579933 190.190002
v -510.425995 29.5959911 197.903992
v -497.826019 32.1439896 211.889999
v -510.425995 29.5959911 197.903992
v -487.032013 53.1579933 190.190002
v -509.165985 45.9759903 166.166
v -419.636017 57.8899918 214.368011
v -440.215973 47.3339882 239.792007
v -416.766022 34.2719879 266.727997
v -440.215973 47.3339882 239.792007
v -419.636017 57.8899918 214.368011
v -437.486023 66.6819916 194.977997
v -437.486023 66.6819916 194.977997
v -465.373993 57.0779915 214.872009
v -440.215973 47.3339882 239.792007
v -465.373993 57.0779915 214.872009
v -437.486023 66.6819916 194.977997
v -457.323975 73.5699921 174.552002
v -457.323975 73.5699921 174.552002
v -487.032013 53.1579933 190.190002
v -465.373993 57.0779915 214.872009
v -487.032013 53.1579933 190.190002
v -457.323975 73.5699921 174.552002
v -479.01001 75.1939926 151.423996
v -479.01001 75.1939926 151.423996
v -509.165985 45.9759903 166.166
v -487.032013 53.1579933 190.190002
v -509.165985 45.9759903 166.166
v -479.01001 75.1939926 151.423996
v -505.988007 67.8579941 122.779999
v -505.988007 67.8579941 122.779999
v -479.01001 75.1939926 151.423996
v -482.859985 95.0039978 99.9599991
v -510.691986 100.085999 57.3580055
v -505.988007 67.8579941 122.779999
v -482.859985 95.0039978 99.9599991
v -406.71402 77.3079987 154.896011
v -437.486023 66.6819916 194.977997
v -419.636017 57.8899918 214.368011
v -437.486023 66.6819916 194.977997
v -406.71402 77.3079987 154.896011
v -429.128021 83.1459961 143.626007
v -429.128021 83.1459961 143.626007
v -457.323975 73.5699921 174.552002
v -437.486023 66.6819916 194.977997
v -457.323975 73.5699921 174.552002
v -429.128021 83.1459961 143.626007
v -455.223999 87.9059982 126.307999
v -455.223999 87.9059982 126.307999
v -479.01001 75.1939926 151.423996
v -457.323975 73.5699921 174.552002
v -479.01001 75.1939926 151.423996
v -455.223999 87.9059982 126.307999
v -482.859985 95.0039978 99.9599991
v -456.665985 89.6699982 85.9880066
v -482.859985 95.0039978 99.9599991
v -455.223999 87.9059982 126.307999
v -482.859985 95.0039978 99.9599991
v -456.665985 89.6699982 85.9880066
v -492.730011 101.681999 55.0760078
v -492.730011 101.681999 55.0760078
v -510.691986 100.085999 57.3580055
v -482.859985 95.0039978 99.9599991
v -492.730011 101.681999 55.0760078
v -513.617981 97.2999954 27.3560047
v -510.691986 100.085999 57.3580055
v -493.290009 77.364006 32.3820038
v -513.617981 97.2999954 27.3560047
v -492.730011 101.681999 55.0760078
v -513.617981 97.2999954 27.3560047
v -493.290009 77.364006 32.3820038
v -516.711975 80.3460007 14.0560036
v -389.717987 78.3579941 109.634003
v -429.128021 83.1459961 143.626007
v -406.71402 77.3079987 154.896011
v -429.128021 83.1459961 143.626007
v -389.717987 78.3579941 109.634003
v -420.588013 84.8539963 102.004005
v -420.588013 84.8539963 102.004005
v -455.223999 87.9059982 126.307999
v -429.128021 83.1459961 143.626007
v -455.223999 87.9059982 126.307999
v -420.588013 84.8539963 102.004005
v -456.665985 89.6699982 85.9880066
v -417.003998 64.4280014 80.2200012
v -456.665985 89.6699982 85.9880066
v -420.588013 84.8539963 102.004005
v -456.665985 89.6699982 85.9880066
v -417.003998 64.4280014 80.2200012
v -454.944 68.6559982 63.5740051
v -454.944 68.6559982 63.5740051
v -492.730011 101.681999 55.0760078
v -456.665985 89.6699982 85.9880066
v -492.730011 101.681999 55.0760078
v -454.944 68.6559982 63.5740051
v -493.290009 77.364006 32.3820038
v -389.130005 62.0059967 89.5439987
v -420.588013 84.8539963 102.004005
v -389.717987 78.3579941 109.634003
v -420.588013 84.8539963 102.004005
v -389.130005 62.0059967 89.5439987
v -417.003998 64.4280014 80.2200012
v -399.966003 34.8179932 104.93
v -286.230011 13.2719955 116.157997
v -393.959991 53.6759949 113.036003
v -286.230011 13.2719955 116.157997
v -399.966003 34.8179932 104.93
v -294.153992 -15.6520042 105.714005
v -399.966003 34.8179932 104.93
v -315.825989 -21.8960037 81.8860016
v -294.153992 -15.6520042 105.714005
v -237.678009 -36.0780029 73.8359985
v -294.153992 -15.6520042 105.714005
v -315.825989 -21.8960037 81.8860016
v -315.825989 -21.8960037 81.8860016
v -273.518005 -25.592001 40.2919998
v -237.678009 -36.0780029 73.8359985
v -237.678009 -36.0780029 73.8359985
v -273.518005 -25.592001 40.2919998
v -243.753998 -0.406001657 37.9260025
v -273.518005 -25.592001 40.2919998
v -277.312012 8.88999939 10.7659998
v -243.753998 -0.406001657 37.9260025
v -277.312012 8.88999939 10.7659998
v -273.518005 -25.592001 40.2919998
v -303.716003 -11.382 12.3199997
v -303.716003 -11.382 12.3199997
v -313.390015 19.5020008 -8.38599968
v -277.312012 8.88999939 10.7659998
v -315.825989 -21.8960037 81.8860016
v -399.966003 34.8179932 104.93
v -410.353973 20.2439976 80.1780014
v -410.353973 20.2439976 80.1780014
v -340.536011 -14.3500023 47.0119972
v -315.825989 -21.8960037 81.8860016
v -273.518005 -25.592001 40.2919998
v -315.825989 -21.8960037 81.8860016
v -340.536011 -14.3500023 47.0119972
v -340.536011 -14.3500023 47.0119972
v -303.716003 -11.382 12.3199997
v -273.518005 -25.592001 40.2919998
v -303.716003 -11.382 12.3199997
v -340.536011 -14.3500023 47.0119972
v -358.063995 -2.53400064 13.5379992
v -358.063995 -2.53400064 13.5379992
v -326.144012 2.54800034 -4.78800011
v -303.716003 -11.382 12.3199997
v -313.390015 19.5020008 -8.38599968
v -303.716003 -11.382 12.3199997
v -326.144012 2.54800034 -4.78800011
v -326.144012 2.54800034 -4.78800011
v -348.90799 29.7080002 -20.9719982
v -313.390015 19.5020008 -8.38599968
v -469.685974 65.659996 73.0800018
v -410.353973 20.2439976 80.1780014
v -399.966003 34.8179932 104.93
v -410.353973 20.2439976 80.1780014
v -469.685974 65.659996 73.0800018
v -474.85199 45.0379982 44.6600037
v -474.85199 45.0379982 44.6600037
v -418.095978 14.3359976 42.3780022
v -410.353973 20.2439976 80.1780014
v -340.536011 -14.3500023 47.0119972
v -410.353973 20.2439976 80.1780014
v -418.095978 14.3359976 42.3780022
v -418.095978 14.3359976 42.3780022
v -358.063995 -2.53400064 13.5379992
v -340.536011 -14.3500023 47.0119972
v -358.063995 -2.53400064 13.5379992
v -418.095978 14.3359976 42.3780022
v -419.705994 18.5220013 3.33200097
v -419.705994 18.5220013 3.33200097
v -365.973999 14.1680002 -11.5359993
v -358.063995 -2.53400064 13.5379992
v -326.144012 2.54800034 -4.78800011
v -358.063995 -2.53400064 13.5379992
v -365.973999 14.1680002 -11.5359993
v -348.90799 29.7080002 -20.9719982
v -326.144012 2.54800034 -4.78800011
v -365.973999 14.1680002 -11.5359993
v -398.313995 25.1580009 -36.7639999
v -348.90799 29.7080002 -20.9719982
v -365.973999 14.1680002 -11.5359993
v -348.90799 29.7080002 -20.9719982
v -398.313995 25.1580009 -36.7639999
v -384.286011 46.3120003 -45.4019966
v -513.505981 85.3440018 29.2880039
v -474.85199 45.0379982 44.6600037
v -469.685974 65.659996 73.0800018
v -474.85199 45.0379982 44.6600037
v -513.505981 85.3440018 29.2880039
v -521.947998 67.3259964 -10.3179979
v -521.947998 67.3259964 -10.3179979
v -474.291992 32.5219994 5.86600161
v -474.85199 45.0379982 44.6600037
v -418.095978 14.3359976 42.3780022
v -474.85199 45.0379982 44.6600037
v -474.291992 32.5219994 5.86600161
v -474.291992 32.5219994 5.86600161
v -419.705994 18.5220013 3.33200097
v -418.095978 14.3359976 42.3780022
v -419.705994 18.5220013 3.33200097
v -474.291992 32.5219994 5.86600161
v -464.967987 35.0419998 -33.9220009
v -426.790009 37.632 -73.038002
v -419.705994 18.5220013 3.33200097
v -464.967987 35.0419998 -33.9220009
v -419.705994 18.5220013 3.33200097
v -426.790009 37.632 -73.038002
v -398.313995 25.1580009 -36.7639999
v -365.973999 14.1680002 -11.5359993
v -419.705994 18.5220013 3.33200097
v -398.313995 25.1580009 -36.7639999
v -474.291992 32.5219994 5.86600161
v -521.947998 67.3259964 -10.3179979
v -512.890015 56.5180016 -49.9939995
v -512.890015 56.5180016 -49.9939995
v -464.967987 35.0419998 -33.9220009
v -474.291992 32.5219994 5.86600161
v -464.967987 35.0419998 -33.9220009
v -512.890015 56.5180016 -49.9939995
v -479.98999 53.4380035 -91.5599976
v -479.98999 53.4380035 -91.5599976
v -426.790009 37.632 -73.038002
v -464.967987 35.0419998 -33.9220009
v -426.790009 37.632 -73.038002
v -479.98999 53.4380035 -91.5599976
v -443.184021 53.284008 -126.251991
v -426.790009 37.632 -73.038002
v -443.184021 53.284008 -126.251991
v -417.424011 59.5560036 -144.591995
v -426.790009 37.632 -73.038002
v -417.424011 59.5560036 -144.591995
v -402.345978 58.3800049 -82.935997
v -384.286011 46.3120003 -45.4019966
v -426.790009 37.632 -73.038002
v -402.345978 58.3800049 -82.935997
v -426.790009 37.632 -73.038002
v -384.286011 46.3120003 -45.4019966
v -398.313995 25.1580009 -36.7639999
v -417.424011 59.5560036 -144.591995
v -408.100006 76.3980103 -150.345993
v -402.345978 58.3800049 -82.935997
v -229.138 -26.0960026 91.7139969
v -246.875992 -46.4100037 67.6480026
v -232.652008 -53.5500031 87.723999
v -246.875992 -46.4100037 67.6480026
v -229.138 -26.0960026 91.7139969
v -245.686005 -7.63000298 70.7839966
v -245.686005 -7.63000298 70.7839966
v -267.694 -29.2180023 37.7999992
v -246.875992 -46.4100037 67.6480026
v -267.694 -29.2180023 37.7999992
v -245.686005 -7.63000298 70.7839966
v -265.817993 8.02199841 41.8880005
v -265.817993 8.02199841 41.8880005
v -292.403992 -11.4940004 15.6659994
v -267.694 -29.2180023 37.7999992
v -292.403992 -11.4940004 15.6659994
v -265.817993 8.02199841 41.8880005
v -290.415985 16.407999 17.4580002
v -290.415985 16.407999 17.4580002
v -303.282013 0.909999788 4.78800011
v -292.403992 -11.4940004 15.6659994
v -303.282013 0.909999788 4.78800011
v -290.415985 16.407999 17.4580002
v -305.466003 18.6480007 0.112000816
v -222.376007 10.4579964 86.0299988
v -245.686005 -7.63000298 70.7839966
v -229.138 -26.0960026 91.7139969
v -245.686005 -7.63000298 70.7839966
v -222.376007 10.4579964 86.0299988
v -232.399994 26.9079971 63.8120003
v -232.399994 26.9079971 63.8120003
v -265.817993 8.02199841 41.8880005
v -245.686005 -7.63000298 70.7839966
v -265.817993 8.02199841 41.8880005
v -232.399994 26.9079971 63.8120003
v -250.501999 39.3540001 35.3500023
v -277.04599 40.3339996 13.9720011
v -265.817993 8.02199841 41.8880005
v -250.501999 39.3540001 35.3500023
v -265.817993 8.02199841 41.8880005
v -277.04599 40.3339996 13.9720011
v -290.415985 16.407999 17.4580002
v -294.798004 35.3779984 4.80200148
v -290.415985 16.407999 17.4580002
v -277.04599 40.3339996 13.9720011
v -290.415985 16.407999 17.4580002
v -294.798004 35.3779984 4.80200148
v -305.466003 18.6480007 0.112000816
v 286.230011 13.2719955 116.157997
v 399.966003 34.8179932 104.93
v 393.959991 53.6759949 113.036003
v 399.966003 34.8179932 104.93
v 286.230011 13.2719955 116.157997
v 294.153992 -15.6520042 105.714005
v 315.825989 -21.8960037 81.8860016
v 399.966003 34.8179932 104.93
v 294.153992 -15.6520042 105.714005
v 399.966003 34.8179932 104.93
v 315.825989 -21.8960037 81.8860016
v 410.353973 20.2439976 80.1780014
v 410.353973 20.2439976 80.1780014
v 469.685974 65.659996 73.0800018
v 399.966003 34.8179932 104.93
v 469.685974 65.659996 73.0800018
v 410.353973 20.2439976 80.1780014
v 474.85199 45.0379982 44.6600037
v 474.85199 45.0379982 44.6600037
v 513.505981 85.3440018 29.2880039
v 469.685974 65.659996 73.0800018
v 513.505981 85.3440018 29.2880039
v 474.85199 45.0379982 44.6600037
v 521.947998 67.3259964 -10.3179979
v 294.153992 -15.6520042 105.714005
v 237.678009 -36.0780029 73.8359985
v 315.825989 -21.8960037 81.8860016
v 273.518005 -25.592001 40.2919998
v 315.825989 -21.8960037 81.8860016
v 237.678009 -36.0780029 73.8359985
v 315.825989 -21.8960037 81.8860016
v 273.518005 -25.592001 40.2919998
v 340.536011 -14.3500023 47.0119972
v 340.536011 -14.3500023 47.0119972
v 410.353973 20.2439976 80.1780014
v 315.825989 -21.8960037 81.8860016
v 410.353973 20.2439976 80.1780014
v 340.536011 -14.3500023 47.0119972
v 418.095978 14.3359976 42.3780022
v 418.095978 14.3359976 42.3780022
v 474.85199 45.0379982 44.6600037
v 410.353973 20.2439976 80.1780014
v 474.85199 45.0379982 44.6600037
v 418.095978 14.3359976 42.3780022
v 474.291992 32.5219994 5.86600161
v 474.291992 32.5219994 5.86600161
v 521.947998 67.3259964 -10.3179979
v 474.85199 45.0379982 44.6600037
v 521.947998 67.3259964 -10.3179979
v 474.291992 32.5219994 5.86600161
v 512.890015 56.5180016 -49.9939995
v 464.967987 35.0419998 -33.9220009
v 512.890015 56.5180016 -49.9939995
v 474.291992 32.5219994 5.86600161
v 512.890015 56.5180016 -49.9939995
v 464.967987 35.0419998 -33.9220009
v 479.98999 53.4380035 -91.5599976
v 273.518005 -25.592001 40.2919998
v 237.678009 -36.0780029 73.8359985
v 243.753998 -0.406001657 37.9260025
v 277.312012 8.88999939 10.7659998
v 273.518005 -25.592001 40.2919998
v 243.753998 -0.406001657 37.9260025
v 273.518005 -25.592001 40.2919998
v 277.312012 8.88999939 10.7659998
v 303.716003 -11.382 12.3199997
v 303.716003 -11.382 12.3199997
v 340.536011 -14.3500023 47.0119972
v 273.518005 -25.592001 40.2919998
v 340.536011 -14.3500023 47.0119972
v 303.716003 -11.382 12.3199997
v 358.063995 -2.53400064 13.5379992
v 358.063995 -2.53400064 13.5379992
v 418.095978 14.3359976 42.3780022
v 340.536011 -14.3500023 47.0119972
v 418.095978 14.3359976 42.3780022
v 358.063995 -2.53400064 13.5379992
v 419.705994 18.5220013 3.33200097
v 419.705994 18.5220013 3.33200097
v 474.291992 32.5219994 5.86600161
v 418.095978 14.3359976 42.3780022
v 474.291992 32.5219994 5.86600161
v 419.705994 18.5220013 3.33200097
v 464.967987 35.0419998 -33.9220009
v 419.705994 18.5220013 3.33200097
v 426.790009 37.632 -73.038002
v 464.967987 35.0419998 -33.9220009
v 426.790009 37.632 -73.038002
v 479.98999 53.4380035 -91.5599976
v 464.967987 35.0419998 -33.9220009
v 479.98999 53.4380035 -91.5599976
v 426.790009 37.632 -73.038002
v 443.184021 53.284008 -126.251991
v 443.184021 53.284008 -126.251991
v 426.790009 37.632 -73.038002
v 417.424011 59.5560036 -144.591995
v 313.390015 19.5020008 -8.38599968
v 303.716003 -11.382 12.3199997
v 277.312012 8.88999939 10.7659998
v 303.716003 -11.382 12.3199997
v 313.390015 19.5020008 -8.38599968
v 326.144012 2.54800034 -4.78800011
v 326.144012 2.54800034 -4.78800011
v 358.063995 -2.53400064 13.5379992
v 303.716003 -11.382 12.3199997
v 358.063995 -2.53400064 13.5379992
v 326.144012 2.54800034 -4.78800011
v 365.973999 14.1680002 -11.5359993
v 398.313995 25.1580009 -36.7639999
v 358.063995 -2.53400064 13.5379992
v 365.973999 14.1680002 -11.5359993
v 358.063995 -2.53400064 13.5379992
v 398.313995 25.1580009 -36.7639999
v 419.705994 18.5220013 3.33200097
v 426.790009 37.632 -73.038002
v 419.705994 18.5220013 3.33200097
v 398.313995 25.1580009 -36.7639999
v 384.286011 46.3120003 -45.4019966
v 426.790009 37.632 -73.038002
v 398.313995 25.1580009 -36.7639999
v 426.790009 37.632 -73.038002
v 384.286011 46.3120003 -45.4019966
v 402.345978 58.3800049 -82.935997
v 417.424011 59.5560036 -144.591995
v 426.790009 37.632 -73.038002
v 402.345978 58.3800049 -82.935997
v 408.100006 76.3980103 -150.345993
v 417.424011 59.5560036 -144.591995
v 402.345978 58.3800049 -82.935997
v 348.90799 29.7080002 -20.9719982
v 326.144012 2.54800034 -4.78800011
v 313.390015 19.5020008 -8.38599968
v 326.144012 2.54800034 -4.78800011
v 348.90799 29.7080002 -20.9719982
v 365.973999 14.1680002 -11.5359993
v 348.90799 29.7080002 -20.9719982
v 398.313995 25.1580009 -36.7639999
v 365.973999 14.1680002 -11.5359993
v 398.313995 25.1580009 -36.7639999
v 348.90799 29.7080002 -20.9719982
v 384.286011 46.3120003 -45.4019966
v 246.875992 -46.4100037 67.6480026
v 229.138 -26.0960026 91.7139969
v 232.652008 -53.5500031 87.723999
v 229.138 -26.0960026 91.7139969
v 246.875992 -46.4100037 67.6480026
v 245.686005 -7.63000298 70.7839966
v 245.686005 -7.63000298 70.7839966
v 222.376007 10.4579964 86.0299988
v 229.138 -26.0960026 91.7139969
v 222.376007 10.4579964 86.0299988
v 245.686005 -7.63000298 70.7839966
v 232.399994 26.9079971 63.8120003
v 265.817993 8.02199841 41.8880005
v 232.399994 26.9079971 63.8120003
v 245.686005 -7.63000298 70.7839966
v 232.399994 26.9079971 63.8120003
v 265.817993 8.02199841 41.8880005
v 250.501999 39.3540001 35.3500023
v 265.817993 8.02199841 41.8880005
v 277.04599 40.3339996 13.9720011
v 250.501999 39.3540001 35.3500023
v 267.694 -29.2180023 37.7999992
v 245.686005 -7.63000298 70.7839966
v 246.875992 -46.4100037 67.6480026
v 245.686005 -7.63000298 70.7839966
v 267.694 -29.2180023 37.7999992
v 265.817993 8.02199841 41.8880005
v 292.403992 -11.4940004 15.6659994
v 265.817993 8.02199841 41.8880005
v 267.694 -29.2180023 37.7999992
v 265.817993 8.02199841 41.8880005
v 292.403992 -11.4940004 15.6659994
v 290.415985 16.407999 17.4580002
v 277.04599 40.3339996 13.9720011
v 265.817993 8.02199841 41.8880005
v 290.415985 16.407999 17.4580002
v 290.415985 16.407999 17.4580002
v 294.798004 35.3779984 4.80200148
v 277.04599 40.3339996 13.9720011
v 294.798004 35.3779984 4.80200148
v 290.415985 16.407999 17.4580002
v 305.466003 18.6480007 0.112000816
v 290.415985 16.407999 17.4580002
v 303.282013 0.909999788 4.78800011
v 305.466003 18.6480007 0.112000816
v 303.282013 0.909999788 4.78800011
v 290.415985 16.407999 17.4580002
v 292.403992 -11.4940004 15.6659994
v 288.442017 -17.8220119 301.279999
v 270.10199 -24.0660152 331.492004
v 272.243988 7.32198477 346.877991
v 306.950012 21.4059868 287.097992
v 288.442017 -17.8220119 301.279999
v 272.243988 7.32198477 346.877991
v 306.557983 -10.4020119 275.800018
v 288.442017 -17.8220119 301.279999
v 306.950012 21.4059868 287.097992
v 306.950012 21.4059868 287.097992
v 323.595978 -1.76401174 269.906006
v 306.557983 -10.4020119 275.800018
v 323.595978 -1.76401174 269.906006
v 306.950012 21.4059868 287.097992
v 319.606018 22.2459869 278.740021
v 319.606018 22.2459869 278.740021
v 356.411987 14.0419874 284.843994
v 323.595978 -1.76401174 269.906006
v 356.411987 14.0419874 284.843994
v 319.606018 22.2459869 278.740021
v 341.026001 39.7739868 293.509979
v 341.026001 39.7739868 293.509979
v 393.358002 29.5959873 312.927979
v 356.411987 14.0419874 284.843994
v 272.243988 7.32198477 346.877991
v 330.372009 45.4439888 309.652008
v 306.950012 21.4059868 287.097992
v 341.026001 39.7739868 293.509979
v 306.950012 21.4059868 287.097992
v 330.372009 45.4439888 309.652008
v 306.950012 21.4059868 287.097992
v 341.026001 39.7739868 293.509979
v 319.606018 22.2459869 278.740021
v 330.372009 45.4439888 309.652008
v 272.243988 7.32198477 346.877991
v 299.823975 28.3779831 380.981995
v 299.823975 28.3779831 380.981995
v 371.447998 63.1259842 342.328003
v 330.372009 45.4439888 309.652008
v 378.825989 55.9859848 322.140015
v 330.372009 45.4439888 309.652008
v 371.447998 63.1259842 342.328003
v 330.372009 45.4439888 309.652008
v 378.825989 55.9859848 322.140015
v 341.026001 39.7739868 293.509979
v 393.358002 29.5959873 312.927979
v 341.026001 39.7739868 293.509979
v 378.825989 55.9859848 322.140015
v 378.825989 55.9859848 322.140015
v 420.321991 40.6839867 339.06601
v 393.358002 29.5959873 312.927979
v 420.321991 40.6839867 339.06601
v 378.825989 55.9859848 322.140015
v 407.806 67.1579819 349.468018
v 407.806 67.1579819 349.468018
v 442.259979 47.9779854 366.309998
v 420.321991 40.6839867 339.06601
v 371.447998 63.1259842 342.328003
v 299.823975 28.3779831 380.981995
v 359.548004 47.2079811 425.096008
v 410.507996 73.6399841 372.022003
v 371.447998 63.1259842 342.328003
v 359.548004 47.2079811 425.096008
v 407.806 67.1579819 349.468018
v 371.447998 63.1259842 342.328003
v 410.507996 73.6399841 372.022003
v 371.447998 63.1259842 342.328003
v 407.806 67.1579819 349.468018
v 378.825989 55.9859848 322.140015
v 359.548004 47.2079811 425.096008
v 423.444 70.9239883 414.14801
v 410.507996 73.6399841 372.022003
v 423.444 70.9239883 414.14801
v 441.209991 73.1359863 393.428009
v 410.507996 73.6399841 372.022003
v 441.209991 73.1359863 393.428009
v 430.920013 66.9759827 368.717987
v 410.507996 73.6399841 372.022003
v 430.920013 66.9759827 368.717987
v 407.806 67.1579819 349.468018
v 410.507996 73.6399841 372.022003
v 442.259979 47.9779854 366.309998
v 407.806 67.1579819 349.468018
v 430.920013 66.9759827 368.717987
v 441.209991 73.1359863 393.428009
v 442.259979 47.9779854 366.309998
v 430.920013 66.9759827 368.717987
v 442.259979 47.9779854 366.309998
v 441.209991 73.1359863 393.428009
v 463.917999 51.8839798 398.075989
v 463.778015 73.1499786 424.200012
v 463.917999 51.8839798 398.075989
v 441.209991 73.1359863 393.428009
v 463.917999 51.8839798 398.075989
v 463.778015 73.1499786 424.200012
v 488.053986 56.9659805 429.772003
v 445.451996 67.2979813 456.049988
v 423.444 70.9239883 414.14801
v 359.548004 47.2079811 425.096008
v 445.451996 67.2979813 456.049988
v 463.778015 73.1499786 424.200012
v 423.444 70.9239883 414.14801
v 463.778015 73.1499786 424.200012
v 441.209991 73.1359863 393.428009
v 423.444 70.9239883 414.14801
v 463.778015 73.1499786 424.200012
v 445.451996 67.2979813 456.049988
v 491.063995 75.641983 451.332001
v 491.063995 75.641983 451.332001
v 488.053986 56.9659805 429.772003
v 463.778015 73.1499786 424.200012
v 488.053986 56.9659805 429.772003
v 491.063995 75.641983 451.332001
v 515.914001 67.1579819 457.84198
v 491.063995 75.641983 451.332001
v 519.875977 78.2459793 474.572021
v 515.914001 67.1579819 457.84198
v 519.875977 78.2459793 474.572021
v 543.116028 78.6659851 481.432007
v 515.914001 67.1579819 457.84198
v 519.875977 78.2459793 474.572021
v 491.063995 75.641983 451.332001
v 445.451996 67.2979813 456.049988
v 270.10199 -24.0660152 331.492004
v 293.328003 -45.4160156 339.569977
v 272.243988 7.32198477 346.877991
v 331.645996 -40.1240158 377.146027
v 272.243988 7.32198477 346.877991
v 293.328003 -45.4160156 339.569977
v 272.243988 7.32198477 346.877991
v 331.645996 -40.1240158 377.146027
v 299.823975 28.3779831 380.981995
v 331.645996 -40.1240158 377.146027
v 359.548004 47.2079811 425.096008
v 299.823975 28.3779831 380.981995
v 359.548004 47.2079811 425.096008
v 331.645996 -40.1240158 377.146027
v 388.5 -14.3780184 421.190002
v 388.5 -14.3780184 421.190002
v 445.451996 67.2979813 456.049988
v 359.548004 47.2079811 425.096008
v 464.505981 26.2219791 454.370026
v 445.451996 67.2979813 456.049988
v 388.5 -14.3780184 421.190002
v 464.505981 26.2219791 454.370026
v 519.875977 78.2459793 474.572021
v 445.451996 67.2979813 456.049988
v 519.875977 78.2459793 474.572021
v 464.505981 26.2219791 454.370026
v 527.226013 64.2319794 473.619995
v 519.875977 78.2459793 474.572021
v 527.226013 64.2319794 473.619995
v 543.116028 78.6659851 481.432007
v -270.10199 -24.0660152 331.492004
v -288.442017 -17.8220119 301.279999
v -272.243988 7.32198477 346.877991
v -288.442017 -17.8220119 301.279999
v -306.950012 21.4059868 287.097992
v -272.243988 7.32198477 346.877991
v -330.372009 45.4439888 309.652008
v -272.243988 7.32198477 346.877991
v -306.950012 21.4059868 287.097992
v -272.243988 7.32198477 346.877991
v -330.372009 45.4439888 309.652008
v -299.823975 28.3779831 380.981995
v -371.447998 63.1259842 342.328003
v -299.823975 28.3779831 380.981995
v -330.372009 45.4439888 309.652008
v -299.823975 28.3779831 380.981995
v -371.447998 63.1259842 342.328003
v -359.548004 47.2079811 425.096008
v -288.442017 -17.8220119 301.279999
v -306.557983 -10.4020119 275.800018
v -306.950012 21.4059868 287.097992
v -323.595978 -1.76401174 269.906006
v -306.950012 21.4059868 287.097992
v -306.557983 -10.4020119 275.800018
v -306.950012 21.4059868 287.097992
v -323.595978 -1.76401174 269.906006
v -319.606018 22.2459869 278.740021
v -341.026001 39.7739868 293.509979
v -306.950012 21.4059868 287.097992
v -319.606018 22.2459869 278.740021
v -306.950012 21.4059868 287.097992
v -341.026001 39.7739868 293.509979
v -330.372009 45.4439888 309.652008
v -378.825989 55.9859848 322.140015
v -330.372009 45.4439888 309.652008
v -341.026001 39.7739868 293.509979
v -330.372009 45.4439888 309.652008
v -378.825989 55.9859848 322.140015
v -371.447998 63.1259842 342.328003
v -407.806 67.1579819 349.468018
v -371.447998 63.1259842 342.328003
v -378.825989 55.9859848 322.140015
v -371.447998 63.1259842 342.328003
v -407.806 67.1579819 349.468018
v -410.507996 73.6399841 372.022003
v -371.447998 63.1259842 342.328003
v -410.507996 73.6399841 372.022003
v -359.548004 47.2079811 425.096008
v -423.444 70.9239883 414.14801
v -359.548004 47.2079811 425.096008
v -410.507996 73.6399841 372.022003
v -423.444 70.9239883 414.14801
v -445.451996 67.2979813 456.049988
v -359.548004 47.2079811 425.096008
v -356.411987 14.0419874 284.843994
v -319.606018 22.2459869 278.740021
v -323.595978 -1.76401174 269.906006
v -319.606018 22.2459869 278.740021
v -356.411987 14.0419874 284.843994
v -341.026001 39.7739868 293.509979
v -393.358002 29.5959873 312.927979
v -341.026001 39.7739868 293.509979
v -356.411987 14.0419874 284.843994
v -341.026001 39.7739868 293.509979
v -393.358002 29.5959873 312.927979
v -378.825989 55.9859848 322.140015
v -420.321991 40.6839867 339.06601
v -378.825989 55.9859848 322.140015
v -393.358002 29.5959873 312.927979
v -378.825989 55.9859848 322.140015
v -420.321991 40.6839867 339.06601
v -407.806 67.1579819 349.468018
v -442.259979 47.9779854 366.309998
v -407.806 67.1579819 349.468018
v -420.321991 40.6839867 339.06601
v -407.806 67.1579819 349.468018
v -442.259979 47.9779854 366.309998
v -430.920013 66.9759827 368.717987
v -407.806 67.1579819 349.468018
v -430.920013 66.9759827 368.717987
v -410.507996 73.6399841 372.022003
v -430.920013 66.9759827 368.717987
v -441.209991 73.1359863 393.428009
v -410.507996 73.6399841 372.022003
v -441.209991 73.1359863 393.428009
v -423.444 70.9239883 414.14801
v -410.507996 73.6399841 372.022003
v -441.209991 73.1359863 393.428009
v -463.778015 73.1499786 424.200012
v -423.444 70.9239883 414.14801
v -463.778015 73.1499786 424.200012
v -445.451996 67.2979813 456.049988
v -423.444 70.9239883 414.14801
v -445.451996 67.2979813 456.049988
v -463.778015 73.1499786 424.200012
v -491.063995 75.641983 451.332001
v -491.063995 75.641983 451.332001
v -519.875977 78.2459793 474.572021
v -445.451996 67.2979813 456.049988
v -519.875977 78.2459793 474.572021
v -491.063995 75.641983 451.332001
v -515.914001 67.1579819 457.84198
v -543.116028 78.6659851 481.432007
v -519.875977 78.2459793 474.572021
v -515.914001 67.1579819 457.84198
v -442.259979 47.9779854 366.309998
v -441.209991 73.1359863 393.428009
v -430.920013 66.9759827 368.717987
v -441.209991 73.1359863 393.428009
v -442.259979 47.9779854 366.309998
v -463.917999 51.8839798 398.075989
v -463.917999 51.8839798 398.075989
v -463.778015 73.1499786 424.200012
v -441.209991 73.1359863 393.428009
v -463.778015 73.1499786 424.200012
v -463.917999 51.8839798 398.075989
v -488.053986 56.9659805 429.772003
v -488.053986 56.9659805 429.772003
v -491.063995 75.641983 451.332001
v -463.778015 73.1499786 424.200012
v -491.063995 75.641983 451.332001
v -488.053986 56.9659805 429.772003
v -515.914001 67.1579819 457.84198
v -293.328003 -45.4160156 339.569977
v -270.10199 -24.0660152 331.492004
v -272.243988 7.32198477 346.877991
v -272.243988 7.32198477 346.877991
v -331.645996 -40.1240158 377.146027
v -293.328003 -45.4160156 339.569977
v -331.645996 -40.1240158 377.146027
v -272.243988 7.32198477 346.877991
v -299.823975 28.3779831 380.981995
v -359.548004 47.2079811 425.096008
v -331.645996 -40.1240158 377.146027
v -299.823975 28.3779831 380.981995
v -331.645996 -40.1240158 377.146027
v -359.548004 47.2079811 425.096008
v -388.5 -14.3780184 421.190002
v -445.451996 67.2979813 456.049988
v -388.5 -14.3780184 421.190002
v -359.548004 47.2079811 425.096008
v -445.451996 67.2979813 456.049988
v -464.505981 26.2219791 454.370026
v -388.5 -14.3780184 421.190002
v -519.875977 78.2459793 474.572021
v -464.505981 26.2219791 454.370026
v -445.451996 67.2979813 456.049988
v -464.505981 26.2219791 454.370026
v -519.875977 78.2459793 474.572021
v -527.226013 64.2319794 473.619995
v -527.226013 64.2319794 473.619995
v -519.875977 78.2459793 474.572021
v -543.116028 78.6659851 481.432007
v -128.309998 -36.7500114 292.782013
v -115.332001 -52.0520134 272.846008
v -112.489998 -32.5920143 279.019989
v -96.9780045 -61.348011 256.53598
v -112.489998 -32.5920143 279.019989
v -115.332001 -52.0520134 272.846008
v -112.489998 -32.5920143 279.019989
v -96.9780045 -61.348011 256.53598
v -87.2480011 -33.6560097 257.529999
v -96.9780045 -61.348011 256.53598
v -69.8040009 -43.0080109 234.136002
v -87.2480011 -33.6560097 257.529999
v -75.9500046 -66.6820068 232.834
v -69.8040009 -43.0080109 234.136002
v -96.9780045 -61.348011 256.53598
v -75.9500046 -66.6820068 232.834
v -65.4219971 -51.6040115 217.139999
v -69.8040009 -43.0080109 234.136002
v -69.8040009 -43.0080109 234.136002
v -65.4219971 -51.6040115 217.139999
v -65.7300034 -33.7260056 173.124008
v -65.4219971 -51.6040115 217.139999
v -70.826004 -55.048008 170.716003
v -65.7300034 -33.7260056 173.124008
v -65.7300034 -33.7260056 173.124008
v -70.826004 -55.048008 170.716003
v -81.564003 -56.8820076 122.360001
v -65.7300034 -33.7260056 173.124008
v -81.564003 -56.8820076 122.360001
v -81.4660034 -45.234005 81.8999939
v -81.4660034 -45.234005 81.8999939
v -54.1660004 -43.4980049 95.9700012
v -65.7300034 -33.7260056 173.124008
v -54.1660004 -43.4980049 95.9700012
v -22.9460011 -34.9020042 68.6559982
v -65.7300034 -33.7260056 173.124008
v -75.9500046 -66.6820068 232.834
v -70.8680038 -65.9960098 213.360001
v -65.4219971 -51.6040115 217.139999
v -70.8680038 -65.9960098 213.360001
v -70.826004 -55.048008 170.716003
v -65.4219971 -51.6040115 217.139999
v -70.826004 -55.048008 170.716003
v -70.8680038 -65.9960098 213.360001
v -79.0439987 -67.0180054 168.770004
v -81.564003 -56.8820076 122.360001
v -70.826004 -55.048008 170.716003
v -79.0439987 -67.0180054 168.770004
v -54.1660004 -43.4980049 95.9700012
v -31.3040009 -42.9940033 58.9959984
v -22.9460011 -34.9020042 68.6559982
v -54.1660004 -43.4980049 95.9700012
v -45.7940025 -45.3180046 45.0940018
v -31.3040009 -42.9940033 58.9959984
v -45.7940025 -45.3180046 45.0940018
v -54.1660004 -43.4980049 95.9700012
v -81.4660034 -45.234005 81.8999939
v -198.772003 -44.2400131 248.681992
v -195.117996 -16.9120121 261.29599
v -210.126007 -29.5260105 245.307999
v -167.384003 -50.9040108 263.81601
v -195.117996 -16.9120121 261.29599
v -198.772003 -44.2400131 248.681992
v -167.384003 -50.9040108 263.81601
v -141.175995 -21.2100124 291.493988
v -195.117996 -16.9120121 261.29599
v -141.175995 -21.2100124 291.493988
v -167.384003 -50.9040108 263.81601
v -142.856003 -49.9380112 279.705994
v -141.175995 -21.2100124 291.493988
v -142.856003 -49.9380112 279.705994
v -128.309998 -36.7500114 292.782013
v -115.332001 -52.0520134 272.846008
v -128.309998 -36.7500114 292.782013
v -142.856003 -49.9380112 279.705994
v -167.384003 -50.9040108 263.81601
v -198.772003 -44.2400131 248.681992
v -160.132004 -40.2780075 200.311996
v -135.884003 -47.6420097 205.996002
v -167.384003 -50.9040108 263.81601
v -160.132004 -40.2780075 200.311996
v -135.884003 -47.6420097 205.996002
v -142.856003 -49.9380112 279.705994
v -167.384003 -50.9040108 263.81601
v -115.332001 -52.0520134 272.846008
v -142.856003 -49.9380112 279.705994
v -135.884003 -47.6420097 205.996002
v -114.743996 -62.272007 204.245987
v -115.332001 -52.0520134 272.846008
v -135.884003 -47.6420097 205.996002
v -115.332001 -52.0520134 272.846008
v -114.743996 -62.272007 204.245987
v -96.9780045 -61.348011 256.53598
v -75.9500046 -66.6820068 232.834
v -96.9780045 -61.348011 256.53598
v -114.743996 -62.272007 204.245987
v -70.8680038 -65.9960098 213.360001
v -75.9500046 -66.6820068 232.834
v -114.743996 -62.272007 204.245987
v -114.743996 -62.272007 204.245987
v -79.0439987 -67.0180054 168.770004
v -70.8680038 -65.9960098 213.360001
v -210.126007 -29.5260105 245.307999
v -160.132004 -40.2780075 200.311996
v -198.772003 -44.2400131 248.681992
v -160.132004 -40.2780075 200.311996
v -210.126007 -29.5260105 245.307999
v -180.445999 -21.8540077 181.187988
v -180.445999 -21.8540077 181.187988
v -158.214005 -23.3100052 129.149994
v -160.132004 -40.2780075 200.311996
v -135.884003 -47.6420097 205.996002
v -160.132004 -40.2780075 200.311996
v -158.214005 -23.3100052 129.149994
v -158.214005 -23.3100052 129.149994
v -126.546005 -59.8500061 150.080002
v -135.884003 -47.6420097 205.996002
v -114.743996 -62.272007 204.245987
v -135.884003 -47.6420097 205.996002
v -126.546005 -59.8500061 150.080002
v -114.743996 -62.272007 204.245987
v -126.546005 -59.8500061 150.080002
v -79.0439987 -67.0180054 168.770004
v -96.5720062 -60.5920105 248.681992
v -116.970001 -54.2500076 219.856003
v -104.552002 -32.7880135 268.421997
v -116.970001 -54.2500076 219.856003
v -143.738007 -18.2140083 211.595993
v -104.552002 -32.7880135 268.421997
v -170.729996 -3.01001048 237.565994
v -104.552002 -32.7880135 268.421997
v -143.738007 -18.2140083 211.595993
v -104.552002 -32.7880135 268.421997
v -170.729996 -3.01001048 237.565994
v -134.554001 -22.9180126 305.437988
v -213.275986 0.951988101 272.817993
v -134.554001 -22.9180126 305.437988
v -170.729996 -3.01001048 237.565994
v -134.554001 -22.9180126 305.437988
v -213.275986 0.951988101 272.817993
v -195.117996 -23.3660145 352.338013
v -116.970001 -54.2500076 219.856003
v -137.199997 -47.3760109 195.860001
v -143.738007 -18.2140083 211.595993
v -155.875992 -41.7900085 191.421997
v -143.738007 -18.2140083 211.595993
v -137.199997 -47.3760109 195.860001
v -143.738007 -18.2140083 211.595993
v -155.875992 -41.7900085 191.421997
v -156.589996 -18.9280071 203.559998
v -180.599991 -8.51200962 220.878006
v -143.738007 -18.2140083 211.595993
v -156.589996 -18.9280071 203.559998
v -143.738007 -18.2140083 211.595993
v -180.599991 -8.51200962 220.878006
v -170.729996 -3.01001048 237.565994
v -219.786011 -4.73201084 251.874008
v -170.729996 -3.01001048 237.565994
v -180.599991 -8.51200962 220.878006
v -170.729996 -3.01001048 237.565994
v -219.786011 -4.73201084 251.874008
v -213.275986 0.951988101 272.817993
v -249.368011 -3.79401231 280.783997
v -213.275986 0.951988101 272.817993
v -219.786011 -4.73201084 251.874008
v -213.275986 0.951988101 272.817993
v -249.368011 -3.79401231 280.783997
v -252.462006 -1.19001341 304.051971
v -213.275986 0.951988101 272.817993
v -252.462006 -1.19001341 304.051971
v -195.117996 -23.3660145 352.338013
v -262.906006 -12.3480158 345.491974
v -195.117996 -23.3660145 352.338013
v -252.462006 -1.19001341 304.051971
v -262.906006 -12.3480158 345.491974
v -282.044006 -26.278017 386.638
v -195.117996 -23.3660145 352.338013
v -190.638 -35.4620094 208.76799
v -156.589996 -18.9280071 203.559998
v -155.875992 -41.7900085 191.421997
v -156.589996 -18.9280071 203.559998
v -190.638 -35.4620094 208.76799
v -180.599991 -8.51200962 220.878006
v -228.886002 -32.060009 239.119995
v -180.599991 -8.51200962 220.878006
v -190.638 -35.4620094 208.76799
v -180.599991 -8.51200962 220.878006
v -228.886002 -32.060009 239.119995
v -219.786011 -4.73201084 251.874008
v -256.522003 -30.6040115 266.812012
v -219.786011 -4.73201084 251.874008
v -228.886002 -32.060009 239.119995
v -219.786011 -4.73201084 251.874008
v -256.522003 -30.6040115 266.812012
v -249.368011 -3.79401231 280.783997
v -278.417999 -31.9340134 295.03598
v -249.368011 -3.79401231 280.783997
v -256.522003 -30.6040115 266.812012
v -249.368011 -3.79401231 280.783997
v -278.417999 -31.9340134 295.03598
v -271.179993 -11.4940128 300.019989
v -249.368011 -3.79401231 280.783997
v -271.179993 -11.4940128 300.019989
v -252.462006 -1.19001341 304.051971
v -271.179993 -11.4940128 300.019989
v -281.539978 -11.1020145 325.458008
v -252.462006 -1.19001341 304.051971
v -281.539978 -11.1020145 325.458008
v -262.906006 -12.3480158 345.491974
v -252.462006 -1.19001341 304.051971
v -281.539978 -11.1020145 325.458008
v -302.414001 -20.0760155 356.118011
v -262.906006 -12.3480158 345.491974
v -302.414001 -20.0760155 356.118011
v -282.044006 -26.278017 386.638
v -262.906006 -12.3480158 345.491974
v -282.044006 -26.278017 386.638
v -302.414001 -20.0760155 356.118011
v -328.537994 -27.160017 383.571991
v -328.537994 -27.160017 383.571991
v -356.34201 -33.9080162 407.20401
v -282.044006 -26.278017 386.638
v -356.34201 -33.9080162 407.20401
v -328.537994 -27.160017 383.571991
v -350.812012 -41.4960175 389.018005
v -378.867981 -39.3400154 414.273987
v -356.34201 -33.9080162 407.20401
v -350.812012 -41.4960175 389.018005
v -278.417999 -31.9340134 295.03598
v -281.539978 -11.1020145 325.458008
v -271.179993 -11.4940128 300.019989
v -281.539978 -11.1020145 325.458008
v -278.417999 -31.9340134 295.03598
v -299.152008 -37.0860138 327.222015
v -299.152008 -37.0860138 327.222015
v -302.414001 -20.0760155 356.118011
v -281.539978 -11.1020145 325.458008
v -302.414001 -20.0760155 356.118011
v -299.152008 -37.0860138 327.222015
v -322.574005 -41.6220169 359.533997
v -322.574005 -41.6220169 359.533997
v -328.537994 -27.160017 383.571991
v -302.414001 -20.0760155 356.118011
v -328.537994 -27.160017 383.571991
v -322.574005 -41.6220169 359.533997
v -350.812012 -41.4960175 389.018005
v -114.520004 -87.2760086 253.847992
v -116.970001 -54.2500076 219.856003
v -96.5720062 -60.5920105 248.681992
v -114.520004 -87.2760086 253.847992
v -139.244003 -90.8600082 224
v -116.970001 -54.2500076 219.856003
v -116.970001 -54.2500076 219.856003
v -139.244003 -90.8600082 224
v -156.029999 -81.102005 200.507996
v -156.029999 -81.102005 200.507996
v -137.199997 -47.3760109 195.860001
v -116.970001 -54.2500076 219.856003
v -156.029999 -81.102005 200.507996
v -155.875992 -41.7900085 191.421997
v -137.199997 -47.3760109 195.860001
v -155.875992 -41.7900085 191.421997
v -156.029999 -81.102005 200.507996
v -167.411987 -67.0460052 194.641998
v -194.669998 -69.8460083 209.608002
v -155.875992 -41.7900085 191.421997
v -167.411987 -67.0460052 194.641998
v -155.875992 -41.7900085 191.421997
v -194.669998 -69.8460083 209.608002
v -190.638 -35.4620094 208.76799
v -179.76001 -101.682014 244.005997
v -139.244003 -90.8600082 224
v -114.520004 -87.2760086 253.847992
v -189.979996 -91.2100067 222.935989
v -139.244003 -90.8600082 224
v -179.76001 -101.682014 244.005997
v -139.244003 -90.8600082 224
v -189.979996 -91.2100067 222.935989
v -156.029999 -81.102005 200.507996
v -194.669998 -69.8460083 209.608002
v -156.029999 -81.102005 200.507996
v -189.979996 -91.2100067 222.935989
v -156.029999 -81.102005 200.507996
v -194.669998 -69.8460083 209.608002
v -167.411987 -67.0460052 194.641998
v -114.520004 -87.2760086 253.847992
v -151.619995 -95.3960114 292.138
v -179.76001 -101.682014 244.005997
v -151.619995 -95.3960114 292.138
v -226.940002 -97.5660172 284.493988
v -179.76001 -101.682014 244.005997
v -233.029999 -87.7940063 257.85199
v -179.76001 -101.682014 244.005997
v -226.940002 -97.5660172 284.493988
v -179.76001 -101.682014 244.005997
v -233.029999 -87.7940063 257.85199
v -189.979996 -91.2100067 222.935989
v -234.06601 -66.3740082 240.827988
v -189.979996 -91.2100067 222.935989
v -233.029999 -87.7940063 257.85199
v -189.979996 -91.2100067 222.935989
v -234.06601 -66.3740082 240.827988
v -194.669998 -69.8460083 209.608002
v -228.886002 -32.060009 239.119995
v -194.669998 -69.8460083 209.608002
v -234.06601 -66.3740082 240.827988
v -194.669998 -69.8460083 209.608002
v -228.886002 -32.060009 239.119995
v -190.638 -35.4620094 208.76799
v -226.940002 -97.5660172 284.493988
v -151.619995 -95.3960114 292.138
v -210.811996 -88.5220184 339.919983
v -226.940002 -97.5660172 284.493988
v -210.811996 -88.5220184 339.919983
v -284.325989 -80.4300156 350.755981
v -276.556 -84.6860123 320.753998
v -226.940002 -97.5660172 284.493988
v -284.325989 -80.4300156 350.755981
v -270.144012 -80.1220169 290.822021
v -226.940002 -97.5660172 284.493988
v -276.556 -84.6860123 320.753998
v -226.940002 -97.5660172 284.493988
v -270.144012 -80.1220169 290.822021
v -233.029999 -87.7940063 257.85199
v -263.787994 -64.0220108 269.891998
v -233.029999 -87.7940063 257.85199
v -270.144012 -80.1220169 290.822021
v -233.029999 -87.7940063 257.85199
v -263.787994 -64.0220108 269.891998
v -234.06601 -66.3740082 240.827988
v -256.522003 -30.6040115 266.812012
v -234.06601 -66.3740082 240.827988
v -263.787994 -64.0220108 269.891998
v -234.06601 -66.3740082 240.827988
v -256.522003 -30.6040115 266.812012
v -228.886002 -32.060009 239.119995
v -210.811996 -88.5220184 339.919983
v -292.222015 -69.8180161 379.273987
v -284.325989 -80.4300156 350.755981
v -292.222015 -69.8180161 379.273987
v -335.790009 -58.9540138 377.523987
v -284.325989 -80.4300156 350.755981
v -312.661987 -66.6540146 348.264008
v -284.325989 -80.4300156 350.755981
v -335.790009 -58.9540138 377.523987
v -284.325989 -80.4300156 350.755981
v -312.661987 -66.6540146 348.264008
v -276.556 -84.6860123 320.753998
v -276.556 -84.6860123 320.753998
v -312.661987 -66.6540146 348.264008
v -270.144012 -80.1220169 290.822021
v -312.661987 -66.6540146 348.264008
v -294.756012 -66.3460159 315.713989
v -270.144012 -80.1220169 290.822021
v -294.756012 -66.3460159 315.713989
v -281.582001 -55.9160118 292.067993
v -270.144012 -80.1220169 290.822021
v -281.582001 -55.9160118 292.067993
v -263.787994 -64.0220108 269.891998
v -270.144012 -80.1220169 290.822021
v -278.417999 -31.9340134 295.03598
v -263.787994 -64.0220108 269.891998
v -281.582001 -55.9160118 292.067993
v -263.787994 -64.0220108 269.891998
v -278.417999 -31.9340134 295.03598
v -256.522003 -30.6040115 266.812012
v -292.222015 -69.8180161 379.273987
v -360.654022 -48.8880196 404.333984
v -335.790009 -58.9540138 377.523987
v -335.790009 -58.9540138 377.523987
v -360.654022 -48.8880196 404.333984
v -350.812012 -41.4960175 389.018005
v -322.574005 -41.6220169 359.533997
v -335.790009 -58.9540138 377.523987
v -350.812012 -41.4960175 389.018005
v -335.790009 -58.9540138 377.523987
v -322.574005 -41.6220169 359.533997
v -312.661987 -66.6540146 348.264008
v -299.152008 -37.0860138 327.222015
v -312.661987 -66.6540146 348.264008
v -322.574005 -41.6220169 359.533997
v -312.661987 -66.6540146 348.264008
v -299.152008 -37.0860138 327.222015
v -294.756012 -66.3460159 315.713989
v -278.417999 -31.9340134 295.03598
v -294.756012 -66.3460159 315.713989
v -299.152008 -37.0860138 327.222015
v -294.756012 -66.3460159 315.713989
v -278.417999 -31.9340134 295.03598
v -281.582001 -55.9160118 292.067993
v -360.654022 -48.8880196 404.333984
v -378.867981 -39.3400154 414.273987
v -350.812012 -41.4960175 389.018005
v -114.520004 -87.2760086 253.847992
v -96.5720062 -60.5920105 248.681992
v -104.552002 -32.7880135 268.421997
v -104.552002 -32.7880135 268.421997
v -151.619995 -95.3960114 292.138
v -114.520004 -87.2760086 253.847992
v -151.619995 -95.3960114 292.138
v -104.552002 -32.7880135 268.421997
v -134.554001 -22.9180126 305.437988
v -195.117996 -23.3660145 352.338013
v -151.619995 -95.3960114 292.138
v -134.554001 -22.9180126 305.437988
v -151.619995 -95.3960114 292.138
v -195.117996 -23.3660145 352.338013
v -210.811996 -88.5220184 339.919983
v -282.044006 -26.278017 386.638
v -210.811996 -88.5220184 339.919983
v -195.117996 -23.3660145 352.338013
v -282.044006 -26.278017 386.638
v -292.222015 -69.8180161 379.273987
v -210.811996 -88.5220184 339.919983
v -356.34201 -33.9080162 407.20401
v -292.222015 -69.8180161 379.273987
v -282.044006 -26.278017 386.638
v -292.222015 -69.8180161 379.273987
v -356.34201 -33.9080162 407.20401
v -360.654022 -48.8880196 404.333984
v -360.654022 -48.8880196 404.333984
v -356.34201 -33.9080162 407.20401
v -378.867981 -39.3400154 414.273987
v 116.970001 -54.2500076 219.856003
v 96.5720062 -60.5920105 248.681992
v 104.552002 -32.7880135 268.421997
v 143.738007 -18.2140083 211.595993
v 116.970001 -54.2500076 219.856003
v 104.552002 -32.7880135 268.421997
v 137.199997 -47.3760109 195.860001
v 116.970001 -54.2500076 219.856003
v 143.738007 -18.2140083 211.595993
v 143.738007 -18.2140083 211.595993
v 155.875992 -41.7900085 191.421997
v 137.199997 -47.3760109 195.860001
v 155.875992 -41.7900085 191.421997
v 143.738007 -18.2140083 211.595993
v 156.589996 -18.9280071 203.559998
v 156.589996 -18.9280071 203.559998
v 190.638 -35.4620094 208.76799
v 155.875992 -41.7900085 191.421997
v 190.638 -35.4620094 208.76799
v 156.589996 -18.9280071 203.559998
v 180.599991 -8.51200962 220.878006
v 180.599991 -8.51200962 220.878006
v 228.886002 -32.060009 239.119995
v 190.638 -35.4620094 208.76799
v 104.552002 -32.7880135 268.421997
v 170.729996 -3.01001048 237.565994
v 143.738007 -18.2140083 211.595993
v 180.599991 -8.51200962 220.878006
v 143.738007 -18.2140083 211.595993
v 170.729996 -3.01001048 237.565994
v 143.738007 -18.2140083 211.595993
v 180.599991 -8.51200962 220.878006
v 156.589996 -18.9280071 203.559998
v 170.729996 -3.01001048 237.565994
v 104.552002 -32.7880135 268.421997
v 134.554001 -22.9180126 305.437988
v 134.554001 -22.9180126 305.437988
v 213.275986 0.951988101 272.817993
v 170.729996 -3.01001048 237.565994
v 219.786011 -4.73201084 251.874008
v 170.729996 -3.01001048 237.565994
v 213.275986 0.951988101 272.817993
v 170.729996 -3.01001048 237.565994
v 219.786011 -4.73201084 251.874008
v 180.599991 -8.51200962 220.878006
v 228.886002 -32.060009 239.119995
v 180.599991 -8.51200962 220.878006
v 219.786011 -4.73201084 251.874008
v 219.786011 -4.73201084 251.874008
v 256.522003 -30.6040115 266.812012
v 228.886002 -32.060009 239.119995
v 256.522003 -30.6040115 266.812012
v 219.786011 -4.73201084 251.874008
v 249.368011 -3.79401231 280.783997
v 249.368011 -3.79401231 280.783997
v 278.417999 -31.9340134 295.03598
v 256.522003 -30.6040115 266.812012
v 213.275986 0.951988101 272.817993
v 134.554001 -22.9180126 305.437988
v 195.117996 -23.3660145 352.338013
v 252.462006 -1.19001341 304.051971
v 213.275986 0.951988101 272.817993
v 195.117996 -23.3660145 352.338013
v 249.368011 -3.79401231 280.783997
v 213.275986 0.951988101 272.817993
v 252.462006 -1.19001341 304.051971
v 213.275986 0.951988101 272.817993
v 249.368011 -3.79401231 280.783997
v 219.786011 -4.73201084 251.874008
v 195.117996 -23.3660145 352.338013
v 262.906006 -12.3480158 345.491974
v 252.462006 -1.19001341 304.051971
v 262.906006 -12.3480158 345.491974
v 281.539978 -11.1020145 325.458008
v 252.462006 -1.19001341 304.051971
v 281.539978 -11.1020145 325.458008
v 271.179993 -11.4940128 300.019989
v 252.462006 -1.19001341 304.051971
v 271.179993 -11.4940128 300.019989
v 249.368011 -3.79401231 280.783997
v 252.462006 -1.19001341 304.051971
v 278.417999 -31.9340134 295.03598
v 249.368011 -3.79401231 280.783997
v 271.179993 -11.4940128 300.019989
v 281.539978 -11.1020145 325.458008
v 278.417999 -31.9340134 295.03598
v 271.179993 -11.4940128 300.019989
v 278.417999 -31.9340134 295.03598
v 281.539978 -11.1020145 325.458008
v 299.152008 -37.0860138 327.222015
v 302.414001 -20.0760155 356.118011
v 299.152008 -37.0860138 327.222015
v 281.539978 -11.1020145 325.458008
v 299.152008 -37.0860138 327.222015
v 302.414001 -20.0760155 356.118011
v 322.574005 -41.6220169 359.533997
v 282.044006 -26.278017 386.638
v 262.906006 -12.3480158 345.491974
v 195.117996 -23.3660145 352.338013
v 282.044006 -26.278017 386.638
v 302.414001 -20.0760155 356.118011
v 262.906006 -12.3480158 345.491974
v 302.414001 -20.0760155 356.118011
v 281.539978 -11.1020145 325.458008
v 262.906006 -12.3480158 345.491974
v 302.414001 -20.0760155 356.118011
v 282.044006 -26.278017 386.638
v 328.537994 -27.160017 383.571991
v 328.537994 -27.160017 383.571991
v 322.574005 -41.6220169 359.533997
v 302.414001 -20.0760155 356.118011
v 322.574005 -41.6220169 359.533997
v 328.537994 -27.160017 383.571991
v 350.812012 -41.4960175 389.018005
v 328.537994 -27.160017 383.571991
v 356.34201 -33.9080162 407.20401
v 350.812012 -41.4960175 389.018005
v 356.34201 -33.9080162 407.20401
v 378.867981 -39.3400154 414.273987
v 350.812012 -41.4960175 389.018005
v 356.34201 -33.9080162 407.20401
v 328.537994 -27.160017 383.571991
v 282.044006 -26.278017 386.638
v 116.970001 -54.2500076 219.856003
v 114.520004 -87.2760086 253.847992
v 96.5720062 -60.5920105 248.681992
v 139.244003 -90.8600082 224
v 114.520004 -87.2760086 253.847992
v 116.970001 -54.2500076 219.856003
v 139.244003 -90.8600082 224
v 179.76001 -101.682014 244.005997
v 114.520004 -87.2760086 253.847992
v 151.619995 -95.3960114 292.138
v 114.520004 -87.2760086 253.847992
v 179.76001 -101.682014 244.005997
v 226.940002 -97.5660172 284.493988
v 151.619995 -95.3960114 292.138
v 179.76001 -101.682014 244.005997
v 151.619995 -95.3960114 292.138
v 226.940002 -97.5660172 284.493988
v 210.811996 -88.5220184 339.919983
v 210.811996 -88.5220184 339.919983
v 226.940002 -97.5660172 284.493988
v 284.325989 -80.4300156 350.755981
v 292.222015 -69.8180161 379.273987
v 210.811996 -88.5220184 339.919983
v 284.325989 -80.4300156 350.755981
v 139.244003 -90.8600082 224
v 116.970001 -54.2500076 219.856003
v 156.029999 -81.102005 200.507996
v 189.979996 -91.2100067 222.935989
v 139.244003 -90.8600082 224
v 156.029999 -81.102005 200.507996
v 139.244003 -90.8600082 224
v 189.979996 -91.2100067 222.935989
v 179.76001 -101.682014 244.005997
v 233.029999 -87.7940063 257.85199
v 179.76001 -101.682014 244.005997
v 189.979996 -91.2100067 222.935989
v 179.76001 -101.682014 244.005997
v 233.029999 -87.7940063 257.85199
v 226.940002 -97.5660172 284.493988
v 270.144012 -80.1220169 290.822021
v 226.940002 -97.5660172 284.493988
v 233.029999 -87.7940063 257.85199
v 226.940002 -97.5660172 284.493988
v 270.144012 -80.1220169 290.822021
v 276.556 -84.6860123 320.753998
v 226.940002 -97.5660172 284.493988
v 276.556 -84.6860123 320.753998
v 284.325989 -80.4300156 350.755981
v 137.199997 -47.3760109 195.860001
v 156.029999 -81.102005 200.507996
v 116.970001 -54.2500076 219.856003
v 155.875992 -41.7900085 191.421997
v 156.029999 -81.102005 200.507996
v 137.199997 -47.3760109 195.860001
v 156.029999 -81.102005 200.507996
v 155.875992 -41.7900085 191.421997
v 167.411987 -67.0460052 194.641998
v 194.669998 -69.8460083 209.608002
v 156.029999 -81.102005 200.507996
v 167.411987 -67.0460052 194.641998
v 156.029999 -81.102005 200.507996
v 194.669998 -69.8460083 209.608002
v 189.979996 -91.2100067 222.935989
v 234.06601 -66.3740082 240.827988
v 189.979996 -91.2100067 222.935989
v 194.669998 -69.8460083 209.608002
v 189.979996 -91.2100067 222.935989
v 234.06601 -66.3740082 240.827988
v 233.029999 -87.7940063 257.85199
v 263.787994 -64.0220108 269.891998
v 233.029999 -87.7940063 257.85199
v 234.06601 -66.3740082 240.827988
v 233.029999 -87.7940063 257.85199
v 263.787994 -64.0220108 269.891998
v 270.144012 -80.1220169 290.822021
v 155.875992 -41.7900085 191.421997
v 194.669998 -69.8460083 209.608002
v 167.411987 -67.0460052 194.641998
v 194.669998 -69.8460083 209.608002
v 155.875992 -41.7900085 191.421997
v 190.638 -35.4620094 208.76799
v 228.886002 -32.060009 239.119995
v 194.669998 -69.8460083 209.608002
v 190.638 -35.4620094 208.76799
v 194.669998 -69.8460083 209.608002
v 228.886002 -32.060009 239.119995
v 234.06601 -66.3740082 240.827988
v 256.522003 -30.6040115 266.812012
v 234.06601 -66.3740082 240.827988
v 228.886002 -32.060009 239.119995
v 234.06601 -66.3740082 240.827988
v 256.522003 -30.6040115 266.812012
v 263.787994 -64.0220108 269.891998
v 278.417999 -31.9340134 295.03598
v 263.787994 -64.0220108 269.891998
v 256.522003 -30.6040115 266.812012
v 263.787994 -64.0220108 269.891998
v 278.417999 -31.9340134 295.03598
v 281.582001 -55.9160118 292.067993
v 263.787994 -64.0220108 269.891998
v 281.582001 -55.9160118 292.067993
v 270.144012 -80.1220169 290.822021
v 281.582001 -55.9160118 292.067993
v 294.756012 -66.3460159 315.713989
v 270.144012 -80.1220169 290.822021
v 294.756012 -66.3460159 315.713989
v 312.661987 -66.6540146 348.264008
v 270.144012 -80.1220169 290.822021
v 312.661987 -66.6540146 348.264008
v 276.556 -84.6860123 320.753998
v 270.144012 -80.1220169 290.822021
v 312.661987 -66.6540146 348.264008
v 284.325989 -80.4300156 350.755981
v 276.556 -84.6860123 320.753998
v 278.417999 -31.9340134 295.03598
v 294.756012 -66.3460159 315.713989
v 281.582001 -55.9160118 292.067993
v 294.756012 -66.3460159 315.713989
v 278.417999 -31.9340134 295.03598
v 299.152008 -37.0860138 327.222015
v 299.152008 -37.0860138 327.222015
v 312.661987 -66.6540146 348.264008
v 294.756012 -66.3460159 315.713989
v 312.661987 -66.6540146 348.264008
v 299.152008 -37.0860138 327.222015
v 322.574005 -41.6220169 359.533997
v 322.574005 -41.6220169 359.533997
v 335.790009 -58.9540138 377.523987
v 312.661987 -66.6540146 348.264008
v 284.325989 -80.4300156 350.755981
v 312.661987 -66.6540146 348.264008
v 335.790009 -58.9540138 377.523987
v 335.790009 -58.9540138 377.523987
v 292.222015 -69.8180161 379.273987
v 284.325989 -80.4300156 350.755981
v 360.654022 -48.8880196 404.333984
v 292.222015 -69.8180161 379.273987
v 335.790009 -58.9540138 377.523987
v 360.654022 -48.8880196 404.333984
v 335.790009 -58.9540138 377.523987
v 350.812012 -41.4960175 389.018005
v 378.867981 -39.3400154 414.273987
v 360.654022 -48.8880196 404.333984
v 350.812012 -41.4960175 389.018005
v 335.790009 -58.9540138 377.523987
v 322.574005 -41.6220169 359.533997
v 350.812012 -41.4960175 389.018005
v 96.5720062 -60.5920105 248.681992
v 114.520004 -87.2760086 253.847992
v 104.552002 -32.7880135 268.421997
v 151.619995 -95.3960114 292.138
v 104.552002 -32.7880135 268.421997
v 114.520004 -87.2760086 253.847992
v 104.552002 -32.7880135 268.421997
v 151.619995 -95.3960114 292.138
v 134.554001 -22.9180126 305.437988
v 151.619995 -95.3960114 292.138
v 195.117996 -23.3660145 352.338013
v 134.554001 -22.9180126 305.437988
v 195.117996 -23.3660145 352.338013
v 151.619995 -95.3960114 292.138
v 210.811996 -88.5220184 339.919983
v 210.811996 -88.5220184 339.919983
v 282.044006 -26.278017 386.638
v 195.117996 -23.3660145 352.338013
v 292.222015 -69.8180161 379.273987
v 282.044006 -26.278017 386.638
v 210.811996 -88.5220184 339.919983
v 292.222015 -69.8180161 379.273987
v 356.34201 -33.9080162 407.20401
v 282.044006 -26.278017 386.638
v 356.34201 -33.9080162 407.20401
v 292.222015 -69.8180161 379.273987
v 360.654022 -48.8880196 404.333984
v 356.34201 -33.9080162 407.20401
v 360.654022 -48.8880196 404.333984
v 378.867981 -39.3400154 414.273987
v -155.428009 -52.83601 196.546005
v -149.98201 -43.3580093 212.841995
v -161.868011 -66.5280075 204.694
v -149.98201 -43.3580093 212.841995
v -172.312012 -54.4880104 249.143997
v -161.868011 -66.5280075 204.694
v -172.312012 -54.4880104 249.143997
v -182.643997 -71.5400085 242.886002
v -161.868011 -66.5280075 204.694
v -172.312012 -54.4880104 249.143997
v -213.934006 -63.4480133 283.065979
v -182.643997 -71.5400085 242.886002
v -213.934006 -63.4480133 283.065979
v -172.312012 -54.4880104 249.143997
v -205.506012 -47.5580139 288.14798
v -251.593994 -34.3140144 302.806
v -213.934006 -63.4480133 283.065979
v -205.506012 -47.5580139 288.14798
v -213.934006 -63.4480133 283.065979
v -251.593994 -34.3140144 302.806
v -260.736023 -51.3520126 295.69397
v -296.674011 -31.7520123 296.674011
v -260.736023 -51.3520126 295.69397
v -251.593994 -34.3140144 302.806
v -149.98201 -43.3580093 212.841995
v -165.507996 -36.5400124 253.917999
v -172.312012 -54.4880104 249.143997
v -165.507996 -36.5400124 253.917999
v -205.506012 -47.5580139 288.14798
v -172.312012 -54.4880104 249.143997
v -205.506012 -47.5580139 288.14798
v -165.507996 -36.5400124 253.917999
v -198.253998 -33.0540123 292.026001
v -242.255997 -17.3180141 305.970001
v -205.506012 -47.5580139 288.14798
v -198.253998 -33.0540123 292.026001
v -205.506012 -47.5580139 288.14798
v -242.255997 -17.3180141 305.970001
v -251.593994 -34.3140144 302.806
v -242.255997 -17.3180141 305.970001
v -284.298004 -9.74401379 304.402008
v -251.593994 -34.3140144 302.806
v -284.298004 -9.74401379 304.402008
v -296.674011 -31.7520123 296.674011
v -251.593994 -34.3140144 302.806
v -299.404022 -16.8280125 294.839996
v -296.674011 -31.7520123 296.674011
v -284.298004 -9.74401379 304.402008
v -199.360001 -14.3640013 27.0200005
v -207.171997 -32.382 31.2339993
v -204.680008 6.71999884 26.1240005
v -204.680008 6.71999884 26.1240005
v -207.171997 -32.382 31.2339993
v -234.191986 -4.63400173 32.9280014
v -228.494003 22.5119972 34.2579994
v -204.680008 6.71999884 26.1240005
v -234.191986 -4.63400173 32.9280014
v -279.160004 12.277998 53.7600021
v -228.494003 22.5119972 34.2579994
v -234.191986 -4.63400173 32.9280014
v -228.494003 22.5119972 34.2579994
v -279.160004 12.277998 53.7600021
v -272.440002 37.0019951 53.5360031
v -320.880005 28.7559967 85.6940002
v -272.440002 37.0019951 53.5360031
v -279.160004 12.277998 53.7600021
v -272.440002 37.0019951 53.5360031
v -320.880005 28.7559967 85.6940002
v -312.955994 50.8899956 85.9460068
v -340.984009 51.4499969 112.419998
v -312.955994 50.8899956 85.9460068
v -320.880005 28.7559967 85.6940002
v -207.171997 -32.382 31.2339993
v -238.013992 -33.7400017 42.5879974
v -234.191986 -4.63400173 32.9280014
v -282.296021 -15.4980021 60.409996
v -234.191986 -4.63400173 32.9280014
v -238.013992 -33.7400017 42.5879974
v -234.191986 -4.63400173 32.9280014
v -282.296021 -15.4980021 60.409996
v -279.160004 12.277998 53.7600021
v -322.65799 2.74399614 91.447998
v -279.160004 12.277998 53.7600021
v -282.296021 -15.4980021 60.409996
v -279.160004 12.277998 53.7600021
v -322.65799 2.74399614 91.447998
v -320.880005 28.7559967 85.6940002
v -322.65799 2.74399614 91.447998
v -347.15802 24.6539955 116.522003
v -320.880005 28.7559967 85.6940002
v -347.15802 24.6539955 116.522003
v -340.984009 51.4499969 112.419998
v -320.880005 28.7559967 85.6940002
v -347.466003 39.6759949 117.473999
v -340.984009 51.4499969 112.419998
v -347.15802 24.6539955 116.522003
v 513.505981 85.3440018 29.2880039
v 513.533997 112.349998 37.4080048
v 465.639984 86.0579987 83.5100021
v 513.533997 112.349998 37.4080048
v 463.26001 104.089996 78.904007
v 465.639984 86.0579987 83.5100021
v 463.26001 104.089996 78.904007
v 390.026001 72.057991 109.606003
v 465.639984 86.0579987 83.5100021
v 463.26001 104.089996 78.904007
v 385.798004 84.5319977 90.762001
v 390.026001 72.057991 109.606003
v 295.063995 59.9059944 87.8080063
v 390.026001 72.057991 109.606003
v 385.798004 84.5319977 90.762001
v 390.026001 72.057991 109.606003
v 295.063995 59.9059944 87.8080063
v 286.440002 45.093998 108.584007
v 286.440002 45.093998 108.584007
v 393.959991 53.6759949 113.036003
v 390.026001 72.057991 109.606003
v 393.959991 53.6759949 113.036003
v 286.440002 45.093998 108.584007
v 286.230011 13.2719955 116.157997
v 463.26001 104.089996 78.904007
v 513.533997 112.349998 37.4080048
v 509.431976 130.003998 32.7740059
v 509.431976 130.003998 32.7740059
v 458.037994 114.897995 57.4280052
v 463.26001 104.089996 78.904007
v 385.798004 84.5319977 90.762001
v 463.26001 104.089996 78.904007
v 458.037994 114.897995 57.4280052
v 458.037994 114.897995 57.4280052
v 385.084015 88.1299973 56.8120041
v 385.798004 84.5319977 90.762001
v 309.988007 64.4700012 55.132
v 385.798004 84.5319977 90.762001
v 385.084015 88.1299973 56.8120041
v 385.798004 84.5319977 90.762001
v 309.988007 64.4700012 55.132
v 295.063995 59.9059944 87.8080063
v 256.59201 37.3659973 42.6580009
v 295.063995 59.9059944 87.8080063
v 309.988007 64.4700012 55.132
v 295.063995 59.9059944 87.8080063
v 256.59201 37.3659973 42.6580009
v 229.152008 28.1819954 74.6480026
v 229.152008 28.1819954 74.6480026
v 286.440002 45.093998 108.584007
v 295.063995 59.9059944 87.8080063
v 286.440002 45.093998 108.584007
v 229.152008 28.1819954 74.6480026
v 230.048004 21.7419968 95.4799957
v 230.048004 21.7419968 95.4799957
v 286.230011 13.2719955 116.157997
v 286.440002 45.093998 108.584007
v 286.230011 13.2719955 116.157997
v 230.048004 21.7419968 95.4799957
v 212.085999 -13.8180046 89.5860062
v 458.037994 114.897995 57.4280052
v 509.431976 130.003998 32.7740059
v 512.42804 134.75 -4.4799943
v 512.42804 134.75 -4.4799943
v 452.578003 118.117996 21.6860046
v 458.037994 114.897995 57.4280052
v 385.084015 88.1299973 56.8120041
v 458.037994 114.897995 57.4280052
v 452.578003 118.117996 21.6860046
v 452.578003 118.117996 21.6860046
v 389.578003 88.7320023 13.5660038
v 385.084015 88.1299973 56.8120041
v 328.678009 65.2399979 20.1180038
v 385.084015 88.1299973 56.8120041
v 389.578003 88.7320023 13.5660038
v 385.084015 88.1299973 56.8120041
v 328.678009 65.2399979 20.1180038
v 309.988007 64.4700012 55.132
v 284.802002 40.4459991 14.6580019
v 309.988007 64.4700012 55.132
v 328.678009 65.2399979 20.1180038
v 309.988007 64.4700012 55.132
v 284.802002 40.4459991 14.6580019
v 256.59201 37.3659973 42.6580009
v 277.312012 8.88999939 10.7659998
v 256.59201 37.3659973 42.6580009
v 284.802002 40.4459991 14.6580019
v 256.59201 37.3659973 42.6580009
v 277.312012 8.88999939 10.7659998
v 243.753998 -0.406001657 37.9260025
v 243.753998 -0.406001657 37.9260025
v 229.152008 28.1819954 74.6480026
v 256.59201 37.3659973 42.6580009
v 452.578003 118.117996 21.6860046
v 512.42804 134.75 -4.4799943
v 502.459991 133.503998 -42.1679955
v 502.459991 133.503998 -42.1679955
v 436.211975 109.017998 -31.5979958
v 452.578003 118.117996 21.6860046
v 389.578003 88.7320023 13.5660038
v 452.578003 118.117996 21.6860046
v 436.211975 109.017998 -31.5979958
v 436.211975 109.017998 -31.5979958
v 387.35199 73.5279999 -23.5899982
v 389.578003 88.7320023 13.5660038
v 345.772003 58.5200005 -7.64399767
v 389.578003 88.7320023 13.5660038
v 387.35199 73.5279999 -23.5899982
v 389.578003 88.7320023 13.5660038
v 345.772003 58.5200005 -7.64399767
v 328.678009 65.2399979 20.1180038
v 311.150024 41.9580002 -2.98199797
v 328.678009 65.2399979 20.1180038
v 345.772003 58.5200005 -7.64399767
v 328.678009 65.2399979 20.1180038
v 311.150024 41.9580002 -2.98199797
v 284.802002 40.4459991 14.6580019
v 313.390015 19.5020008 -8.38599968
v 284.802002 40.4459991 14.6580019
v 311.150024 41.9580002 -2.98199797
v 284.802002 40.4459991 14.6580019
v 313.390015 19.5020008 -8.38599968
v 277.312012 8.88999939 10.7659998
v 436.211975 109.017998 -31.5979958
v 502.459991 133.503998 -42.1679955
v 477.764008 124.306 -97.8879929
v 477.764008 124.306 -97.8879929
v 414.988007 93.0579987 -67.885994
v 436.211975 109.017998 -31.5979958
v 387.35199 73.5279999 -23.5899982
v 436.211975 109.017998 -31.5979958
v 414.988007 93.0579987 -67.885994
v 402.345978 58.3800049 -82.935997
v 387.35199 73.5279999 -23.5899982
v 414.988007 93.0579987 -67.885994
v 387.35199 73.5279999 -23.5899982
v 402.345978 58.3800049 -82.935997
v 384.286011 46.3120003 -45.4019966
v 384.286011 46.3120003 -45.4019966
v 345.772003 58.5200005 -7.64399767
v 387.35199 73.5279999 -23.5899982
v 345.772003 58.5200005 -7.64399767
v 384.286011 46.3120003 -45.4019966
v 348.90799 29.7080002 -20.9719982
v 348.90799 29.7080002 -20.9719982
v 311.150024 41.9580002 -2.98199797
v 345.772003 58.5200005 -7.64399767
v 311.150024 41.9580002 -2.98199797
v 348.90799 29.7080002 -20.9719982
v 313.390015 19.5020008 -8.38599968
v 414.988007 93.0579987 -67.885994
v 477.764008 124.306 -97.8879929
v 440.706024 115.696007 -130.367996
v 440.706024 115.696007 -130.367996
v 418.656006 100.562004 -146.719986
v 414.988007 93.0579987 -67.885994
v 414.988007 93.0579987 -67.885994
v 418.656006 100.562004 -146.719986
v 402.345978 58.3800049 -82.935997
v 418.656006 100.562004 -146.719986
v 408.100006 76.3980103 -150.345993
v 402.345978 58.3800049 -82.935997
v 229.152008 28.1819954 74.6480026
v 243.753998 -0.406001657 37.9260025
v 213.275986 -12.3200035 71.2740021
v 213.275986 -12.3200035 71.2740021
v 230.048004 21.7419968 95.4799957
v 229.152008 28.1819954 74.6480026
v 230.048004 21.7419968 95.4799957
v 213.275986 -12.3200035 71.2740021
v 212.085999 -13.8180046 89.5860062
v 144.227997 -35.1119995 -61.5860023
v 138.964005 -54.8659973 -66.7660065
v 132.580002 -19.2359982 -60.6760025
v 138.964005 -54.8659973 -66.7660065
v 92.6800003 -19.9779968 -62.9860001
v 132.580002 -19.2359982 -60.6760025
v 92.6800003 -19.9779968 -62.9860001
v 138.964005 -54.8659973 -66.7660065
v 102.213997 -71.7080002 -71.8899994
v 62.762001 -74.1159973 -74.8160019
v 92.6800003 -19.9779968 -62.9860001
v 102.213997 -71.7080002 -71.8899994
v 92.6800003 -19.9779968 -62.9860001
v 62.762001 -74.1159973 -74.8160019
v 55.4399986 -37.2399979 -69.4400024
v 48.762001 -58.659996 -73.8920059
v 55.4399986 -37.2399979 -69.4400024
v 62.762001 -74.1159973 -74.8160019
v -513.533997 112.349998 37.4080048
v -513.505981 85.3440018 29.2880039
v -465.639984 86.0579987 83.5100021
v -463.26001 104.089996 78.904007
v -513.533997 112.349998 37.4080048
v -465.639984 86.0579987 83.5100021
v -513.533997 112.349998 37.4080048
v -463.26001 104.089996 78.904007
v -509.431976 130.003998 32.7740059
v -458.037994 114.897995 57.4280052
v -509.431976 130.003998 32.7740059
v -463.26001 104.089996 78.904007
v -509.431976 130.003998 32.7740059
v -458.037994 114.897995 57.4280052
v -512.42804 134.75 -4.4799943
v -452.578003 118.117996 21.6860046
v -512.42804 134.75 -4.4799943
v -458.037994 114.897995 57.4280052
v -512.42804 134.75 -4.4799943
v -452.578003 118.117996 21.6860046
v -502.459991 133.503998 -42.1679955
v -390.026001 72.057991 109.606003
v -463.26001 104.089996 78.904007
v -465.639984 86.0579987 83.5100021
v -385.798004 84.5319977 90.762001
v -463.26001 104.089996 78.904007
v -390.026001 72.057991 109.606003
v -463.26001 104.089996 78.904007
v -385.798004 84.5319977 90.762001
v -458.037994 114.897995 57.4280052
v -385.084015 88.1299973 56.8120041
v -458.037994 114.897995 57.4280052
v -385.798004 84.5319977 90.762001
v -458.037994 114.897995 57.4280052
v -385.084015 88.1299973 56.8120041
v -452.578003 118.117996 21.6860046
v -389.578003 88.7320023 13.5660038
v -452.578003 118.117996 21.6860046
v -385.084015 88.1299973 56.8120041
v -452.578003 118.117996 21.6860046
v -389.578003 88.7320023 13.5660038
v -436.211975 109.017998 -31.5979958
v -436.211975 109.017998 -31.5979958
v -502.459991 133.503998 -42.1679955
v -452.578003 118.117996 21.6860046
v -502.459991 133.503998 -42.1679955
v -436.211975 109.017998 -31.5979958
v -477.764008 124.306 -97.8879929
v -414.988007 93.0579987 -67.885994
v -477.764008 124.306 -97.8879929
v -436.211975 109.017998 -31.5979958
v -477.764008 124.306 -97.8879929
v -414.988007 93.0579987 -67.885994
v -440.706024 115.696007 -130.367996
v -390.026001 72.057991 109.606003
v -295.063995 59.9059944 87.8080063
v -385.798004 84.5319977 90.762001
v -309.988007 64.4700012 55.132
v -385.798004 84.5319977 90.762001
v -295.063995 59.9059944 87.8080063
v -385.798004 84.5319977 90.762001
v -309.988007 64.4700012 55.132
v -385.084015 88.1299973 56.8120041
v -328.678009 65.2399979 20.1180038
v -385.084015 88.1299973 56.8120041
v -309.988007 64.4700012 55.132
v -385.084015 88.1299973 56.8120041
v -328.678009 65.2399979 20.1180038
v -389.578003 88.7320023 13.5660038
v -345.772003 58.5200005 -7.64399767
v -389.578003 88.7320023 13.5660038
v -328.678009 65.2399979 20.1180038
v -389.578003 88.7320023 13.5660038
v -345.772003 58.5200005 -7.64399767
v -387.35199 73.5279999 -23.5899982
v -387.35199 73.5279999 -23.5899982
v -436.211975 109.017998 -31.5979958
v -389.578003 88.7320023 13.5660038
v -436.211975 109.017998 -31.5979958
v -387.35199 73.5279999 -23.5899982
v -414.988007 93.0579987 -67.885994
v -295.063995 59.9059944 87.8080063
v -390.026001 72.057991 109.606003
v -286.440002 45.093998 108.584007
v -286.440002 45.093998 108.584007
v -229.152008 28.1819954 74.6480026
v -295.063995 59.9059944 87.8080063
v -256.59201 37.3659973 42.6580009
v -295.063995 59.9059944 87.8080063
v -229.152008 28.1819954 74.6480026
v -295.063995 59.9059944 87.8080063
v -256.59201 37.3659973 42.6580009
v -309.988007 64.4700012 55.132
v -284.802002 40.4459991 14.6580019
v -309.988007 64.4700012 55.132
v -256.59201 37.3659973 42.6580009
v -309.988007 64.4700012 55.132
v -284.802002 40.4459991 14.6580019
v -328.678009 65.2399979 20.1180038
v -311.150024 41.9580002 -2.98199797
v -328.678009 65.2399979 20.1180038
v -284.802002 40.4459991 14.6580019
v -328.678009 65.2399979 20.1180038
v -311.150024 41.9580002 -2.98199797
v -345.772003 58.5200005 -7.64399767
v -393.959991 53.6759949 113.036003
v -286.440002 45.093998 108.584007
v -390.026001 72.057991 109.606003
v -286.440002 45.093998 108.584007
v -393.959991 53.6759949 113.036003
v -286.230011 13.2719955 116.157997
v -286.230011 13.2719955 116.157997
v -230.048004 21.7419968 95.4799957
v -286.440002 45.093998 108.584007
v -229.152008 28.1819954 74.6480026
v -286.440002 45.093998 108.584007
v -230.048004 21.7419968 95.4799957
v -230.048004 21.7419968 95.4799957
v -213.275986 -12.3200035 71.2740021
v -229.152008 28.1819954 74.6480026
v -243.753998 -0.406001657 37.9260025
v -229.152008 28.1819954 74.6480026
v -213.275986 -12.3200035 71.2740021
v -229.152008 28.1819954 74.6480026
v -243.753998 -0.406001657 37.9260025
v -256.59201 37.3659973 42.6580009
v -277.312012 8.88999939 10.7659998
v -256.59201 37.3659973 42.6580009
v -243.753998 -0.406001657 37.9260025
v -256.59201 37.3659973 42.6580009
v -277.312012 8.88999939 10.7659998
v -284.802002 40.4459991 14.6580019
v -313.390015 19.5020008 -8.38599968
v -284.802002 40.4459991 14.6580019
v -277.312012 8.88999939 10.7659998
v -284.802002 40.4459991 14.6580019
v -313.390015 19.5020008 -8.38599968
v -311.150024 41.9580002 -2.98199797
v -348.90799 29.7080002 -20.9719982
v -311.150024 41.9580002 -2.98199797
v -313.390015 19.5020008 -8.38599968
v -311.150024 41.9580002 -2.98199797
v -348.90799 29.7080002 -20.9719982
v -345.772003 58.5200005 -7.64399767
v -230.048004 21.7419968 95.4799957
v -286.230011 13.2719955 116.157997
v -212.085999 -13.8180046 89.5860062
v -213.275986 -12.3200035 71.2740021
v -230.048004 21.7419968 95.4799957
v -212.085999 -13.8180046 89.5860062
v -384.286011 46.3120003 -45.4019966
v -345.772003 58.5200005 -7.64399767
v -348.90799 29.7080002 -20.9719982
v -345.772003 58.5200005 -7.64399767
v -384.286011 46.3120003 -45.4019966
v -387.35199 73.5279999 -23.5899982
v -384.286011 46.3120003 -45.4019966
v -414.988007 93.0579987 -67.885994
v -387.35199 73.5279999 -23.5899982
v -414.988007 93.0579987 -67.885994
v -384.286011 46.3120003 -45.4019966
v -402.345978 58.3800049 -82.935997
v -418.656006 100.562004 -146.719986
v -414.988007 93.0579987 -67.885994
v -402.345978 58.3800049 -82.935997
v -418.656006 100.562004 -146.719986
v -440.706024 115.696007 -130.367996
v -414.988007 93.0579987 -67.885994
v -408.100006 76.3980103 -150.345993
v -418.656006 100.562004 -146.719986
v -402.345978 58.3800049 -82.935997
v -138.964005 -54.8659973 -66.7660065
v -144.227997 -35.1119995 -61.5860023
v -132.580002 -19.2359982 -60.6760025
v -92.6800003 -19.9779968 -62.9860001
v -138.964005 -54.8659973 -66.7660065
v -132.580002 -19.2359982 -60.6760025
v -138.964005 -54.8659973 -66.7660065
v -92.6800003 -19.9779968 -62.9860001
v -102.213997 -71.7080002 -71.8899994
v -92.6800003 -19.9779968 -62.9860001
v -62.762001 -74.1159973 -74.8160019
v -102.213997 -71.7080002 -71.8899994
v -62.762001 -74.1159973 -74.8160019
v -92.6800003 -19.9779968 -62.9860001
v -55.4399986 -37.2399979 -69.4400024
v -55.4399986 -37.2399979 -69.4400024
v -48.762001 -58.659996 -73.8920059
v -62.762001 -74.1159973 -74.8160019
v 149.98201 -43.3580093 212.841995
v 155.428009 -52.83601 196.546005
v 161.868011 -66.5280075 204.694
v 172.312012 -54.4880104 249.143997
v 149.98201 -43.3580093 212.841995
v 161.868011 -66.5280075 204.694
v 165.507996 -36.5400124 253.917999
v 149.98201 -43.3580093 212.841995
v 172.312012 -54.4880104 249.143997
v 205.506012 -47.5580139 288.14798
v 165.507996 -36.5400124 253.917999
v 172.312012 -54.4880104 249.143997
v 165.507996 -36.5400124 253.917999
v 205.506012 -47.5580139 288.14798
v 198.253998 -33.0540123 292.026001
v 205.506012 -47.5580139 288.14798
v 242.255997 -17.3180141 305.970001
v 198.253998 -33.0540123 292.026001
v 242.255997 -17.3180141 305.970001
v 205.506012 -47.5580139 288.14798
v 251.593994 -34.3140144 302.806
v 284.298004 -9.74401379 304.402008
v 242.255997 -17.3180141 305.970001
v 251.593994 -34.3140144 302.806
v 182.643997 -71.5400085 242.886002
v 172.312012 -54.4880104 249.143997
v 161.868011 -66.5280075 204.694
v 213.934006 -63.4480133 283.065979
v 172.312012 -54.4880104 249.143997
v 182.643997 -71.5400085 242.886002
v 172.312012 -54.4880104 249.143997
v 213.934006 -63.4480133 283.065979
v 205.506012 -47.5580139 288.14798
v 213.934006 -63.4480133 283.065979
v 251.593994 -34.3140144 302.806
v 205.506012 -47.5580139 288.14798
v 251.593994 -34.3140144 302.806
v 213.934006 -63.4480133 283.065979
v 260.736023 -51.3520126 295.69397
v 260.736023 -51.3520126 295.69397
v 296.674011 -31.7520123 296.674011
v 251.593994 -34.3140144 302.806
v 296.674011 -31.7520123 296.674011
v 284.298004 -9.74401379 304.402008
v 251.593994 -34.3140144 302.806
v 296.674011 -31.7520123 296.674011
v 299.404022 -16.8280125 294.839996
v 284.298004 -9.74401379 304.402008
v 207.171997 -32.382 31.2339993
v 199.360001 -14.3640013 27.0200005
v 204.680008 6.71999884 26.1240005
v 207.171997 -32.382 31.2339993
v 204.680008 6.71999884 26.1240005
v 234.191986 -4.63400173 32.9280014
v 238.013992 -33.7400017 42.5879974
v 207.171997 -32.382 31.2339993
v 234.191986 -4.63400173 32.9280014
v 234.191986 -4.63400173 32.9280014
v 282.296021 -15.4980021 60.409996
v 238.013992 -33.7400017 42.5879974
v 282.296021 -15.4980021 60.409996
v 234.191986 -4.63400173 32.9280014
v 279.160004 12.277998 53.7600021
v 279.160004 12.277998 53.7600021
v 322.65799 2.74399614 91.447998
v 282.296021 -15.4980021 60.409996
v 322.65799 2.74399614 91.447998
v 279.160004 12.277998 53.7600021
v 320.880005 28.7559967 85.6940002
v 347.15802 24.6539955 116.522003
v 322.65799 2.74399614 91.447998
v 320.880005 28.7559967 85.6940002
v 204.680008 6.71999884 26.1240005
v 228.494003 22.5119972 34.2579994
v 234.191986 -4.63400173 32.9280014
v 228.494003 22.5119972 34.2579994
v 279.160004 12.277998 53.7600021
v 234.191986 -4.63400173 32.9280014
v 279.160004 12.277998 53.7600021
v 228.494003 22.5119972 34.2579994
v 272.440002 37.0019951 53.5360031
v 272.440002 37.0019951 53.5360031
v 320.880005 28.7559967 85.6940002
v 279.160004 12.277998 53.7600021
v 320.880005 28.7559967 85.6940002
v 272.440002 37.0019951 53.5360031
v 312.955994 50.8899956 85.9460068
v 312.955994 50.8899956 85.9460068
v 340.984009 51.4499969 112.419998
v 320.880005 28.7559967 85.6940002
v 340.984009 51.4499969 112.419998
v 347.15802 24.6539955 116.522003
v 320.880005 28.7559967 85.6940002
v 340.984009 51.4499969 112.419998
v 347.466003 39.6759949 117.473999
v 347.15802 24.6539955 116.522003
v 402.878021 2.60399342 149.925995
v 417.81601 36.8899918 197.091995
v 413.406006 1.24599123 199.976013
v 417.81601 36.8899918 197.091995
v 402.878021 2.60399342 149.925995
v 410.522003 46.9559937 133.643997
v 404.725983 74.9139938 152.810013
v 417.81601 36.8899918 197.091995
v 410.522003 46.9559937 133.643997
v 417.81601 36.8899918 197.091995
v 404.725983 74.9139938 152.810013
v 413.48999 64.8199921 198.548004
v 404.68399 54.5439911 247.001999
v 417.81601 36.8899918 197.091995
v 413.48999 64.8199921 198.548004
v 417.81601 36.8899918 197.091995
v 404.68399 54.5439911 247.001999
v 412.440002 18.0879879 261.967987
v 406.140015 -16.7860107 244.369995
v 417.81601 36.8899918 197.091995
v 412.440002 18.0879879 261.967987
v 417.81601 36.8899918 197.091995
v 406.140015 -16.7860107 244.369995
v 413.406006 1.24599123 199.976013
v 396.381989 18.1999931 125.397995
v 410.522003 46.9559937 133.643997
v 402.878021 2.60399342 149.925995
v 410.522003 46.9559937 133.643997
v 396.381989 18.1999931 125.397995
v 401.380005 47.333992 114.548004
v 400.287994 66.4159927 127.036003
v 410.522003 46.9559937 133.643997
v 401.380005 47.333992 114.548004
v 410.522003 46.9559937 133.643997
v 400.287994 66.4159927 127.036003
v 404.725983 74.9139938 152.810013
v 393.806 46.7319946 116.493996
v 401.380005 47.333992 114.548004
v 396.381989 18.1999931 125.397995
v 400.287994 66.4159927 127.036003
v 401.380005 47.333992 114.548004
v 393.806 46.7319946 116.493996
v 412.440002 18.0879879 261.967987
v 394.23999 -26.2500134 293.817993
v 406.140015 -16.7860107 244.369995
v 394.23999 -26.2500134 293.817993
v 412.440002 18.0879879 261.967987
v 399.60199 0.139986455 309.946014
v 399.60199 0.139986455 309.946014
v 373.450012 -42.0280113 341.012024
v 394.23999 -26.2500134 293.817993
v 373.450012 -42.0280113 341.012024
v 399.60199 0.139986455 309.946014
v 381.835999 -18.8860168 358.442017
v 381.835999 -18.8860168 358.442017
v 349.174011 -57.0640144 384.34201
v 373.450012 -42.0280113 341.012024
v 349.174011 -57.0640144 384.34201
v 381.835999 -18.8860168 358.442017
v 364.279999 -34.132019 396.689972
v 381.835999 -18.8860168 358.442017
v 341.152008 -15.9180174 399.769989
v 364.279999 -34.132019 396.689972
v 341.152008 -15.9180174 399.769989
v 381.835999 -18.8860168 358.442017
v 366.35202 6.24398422 353.527985
v 412.440002 18.0879879 261.967987
v 389.843994 29.0359859 301.167999
v 399.60199 0.139986455 309.946014
v 366.35202 6.24398422 353.527985
v 399.60199 0.139986455 309.946014
v 389.843994 29.0359859 301.167999
v 399.60199 0.139986455 309.946014
v 366.35202 6.24398422 353.527985
v 381.835999 -18.8860168 358.442017
v 389.843994 29.0359859 301.167999
v 412.440002 18.0879879 261.967987
v 404.68399 54.5439911 247.001999
v 97.4680023 -2.88399696 -69.8740005
v 96.3059998 -54.2360001 16.0159969
v 122.332001 -32.8159981 -86.8560028
v 96.3059998 -54.2360001 16.0159969
v 97.4680023 -2.88399696 -69.8740005
v 74.2699966 -22.960001 16.7299976
v 62.5100021 -73.2200089 114.337997
v 96.3059998 -54.2360001 16.0159969
v 74.2699966 -22.960001 16.7299976
v 13.8320007 -66.7660065 187.922012
v 62.5100021 -73.2200089 114.337997
v 74.2699966 -22.960001 16.7299976
v 13.8320007 -66.7660065 187.922012
v 24.2759991 -89.5860138 202.202011
v 62.5100021 -73.2200089 114.337997
v 0 -77.5180054 211.259995
v 24.2759991 -89.5860138 202.202011
v 13.8320007 -66.7660065 187.922012
v 24.2759991 -89.5860138 202.202011
v 0 -77.5180054 211.259995
v 0 -93.1560135 227.065994
v 122.332001 -32.8159981 -86.8560028
v 88.2559967 1.76400614 -139.300003
v 97.4680023 -2.88399696 -69.8740005
v 56.1259995 21.8540058 -130.535995
v 97.4680023 -2.88399696 -69.8740005
v 88.2559967 1.76400614 -139.300003
v 97.4680023 -2.88399696 -69.8740005
v 56.1259995 21.8540058 -130.535995
v 61.0960007 20.3280029 -65.3239975
v 61.0960007 20.3280029 -65.3239975
v 74.2699966 -22.960001 16.7299976
v 97.4680023 -2.88399696 -69.8740005
v 74.2699966 -22.960001 16.7299976
v 61.0960007 20.3280029 -65.3239975
v 42.1119995 -4.01800108 27.4820004
v 42.1119995 -4.01800108 27.4820004
v 13.8320007 -66.7660065 187.922012
v 74.2699966 -22.960001 16.7299976
v 13.8320007 -66.7660065 187.922012
v 42.1119995 -4.01800108 27.4820004
v 0 -51.2400055 175.097992
v 13.8320007 -66.7660065 187.922012
v 0 -51.2400055 175.097992
v 0 -77.5180054 211.259995
v 88.2559967 1.76400614 -139.300003
v 122.332001 -32.8159981 -86.8560028
v 112.056 -25.6339931 -141.904007
v 88.2559967 1.76400614 -139.300003
v 112.056 -25.6339931 -141.904007
v 63.5319977 0.560007989 -182.013992
v 56.1259995 21.8540058 -130.535995
v 88.2559967 1.76400614 -139.300003
v 63.5319977 0.560007989 -182.013992
v 25.6620007 9.32400894 -196.322006
v 56.1259995 21.8540058 -130.535995
v 63.5319977 0.560007989 -182.013992
v 56.1259995 21.8540058 -130.535995
v 25.6620007 9.32400894 -196.322006
v 0 30.0160046 -127.931999
v 0 29.8620033 -63.4059982
v 56.1259995 21.8540058 -130.535995
v 0 30.0160046 -127.931999
v 56.1259995 21.8540058 -130.535995
v 0 29.8620033 -63.4059982
v 61.0960007 20.3280029 -65.3239975
v 0 29.8620033 -63.4059982
v 42.1119995 -4.01800108 27.4820004
v 61.0960007 20.3280029 -65.3239975
v 42.1119995 -4.01800108 27.4820004
v 0 29.8620033 -63.4059982
v 0 1.20399833 37.9119987
v 0 1.20399833 37.9119987
v 0 -51.2400055 175.097992
v 42.1119995 -4.01800108 27.4820004
v 112.056 -25.6339931 -141.904007
v 74.6760025 -19.3199902 -199.06601
v 63.5319977 0.560007989 -182.013992
v 74.6760025 -19.3199902 -199.06601
v 33.1520004 -15.5259895 -237.328003
v 63.5319977 0.560007989 -182.013992
v 33.1520004 -15.5259895 -237.328003
v 25.6620007 9.32400894 -196.322006
v 63.5319977 0.560007989 -182.013992
v 25.6620007 9.32400894 -196.322006
v 33.1520004 -15.5259895 -237.328003
v 0 -2.5759902 -227.807999
v 0 10.1360092 -199.570007
v 25.6620007 9.32400894 -196.322006
v 0 -2.5759902 -227.807999
v 25.6620007 9.32400894 -196.322006
v 0 10.1360092 -199.570007
v 0 30.0160046 -127.931999
v 0 10.1360092 -199.570007
v -25.6620007 9.32400894 -196.322006
v 0 30.0160046 -127.931999
v -25.6620007 9.32400894 -196.322006
v -56.1259995 21.8540058 -130.535995
v 0 30.0160046 -127.931999
v -56.1259995 21.8540058 -130.535995
v 0 29.8620033 -63.4059982
v 0 30.0160046 -127.931999
v 0 29.8620033 -63.4059982
v -56.1259995 21.8540058 -130.535995
v -61.0960007 20.3280029 -65.3239975
v -42.1119995 -4.01800108 27.4820004
v 0 29.8620033 -63.4059982
v -61.0960007 20.3280029 -65.3239975
v 0 29.8620033 -63.4059982
v -42.1119995 -4.01800108 27.4820004
v 0 1.20399833 37.9119987
v 0 -51.2400055 175.097992
v 0 1.20399833 37.9119987
v -42.1119995 -4.01800108 27.4820004
v 33.1520004 -15.5259895 -237.328003
v 0 -14.7979889 -248.458008
v 0 -2.5759902 -227.807999
v 0 -14.7979889 -248.458008
v -33.1520004 -15.5259895 -237.328003
v 0 -2.5759902 -227.807999
v -33.1520004 -15.5259895 -237.328003
v -25.6620007 9.32400894 -196.322006
v 0 -2.5759902 -227.807999
v -25.6620007 9.32400894 -196.322006
v 0 10.1360092 -199.570007
v 0 -2.5759902 -227.807999
v -25.6620007 9.32400894 -196.322006
v -33.1520004 -15.5259895 -237.328003
v -63.5319977 0.560007989 -182.013992
v -56.1259995 21.8540058 -130.535995
v -25.6620007 9.32400894 -196.322006
v -63.5319977 0.560007989 -182.013992
v -88.2559967 1.76400614 -139.300003
v -56.1259995 21.8540058 -130.535995
v -63.5319977 0.560007989 -182.013992
v -97.4680023 -2.88399696 -69.8740005
v -56.1259995 21.8540058 -130.535995
v -88.2559967 1.76400614 -139.300003
v -56.1259995 21.8540058 -130.535995
v -97.4680023 -2.88399696 -69.8740005
v -61.0960007 20.3280029 -65.3239975
v -74.2699966 -22.960001 16.7299976
v -61.0960007 20.3280029 -65.3239975
v -97.4680023 -2.88399696 -69.8740005
v -61.0960007 20.3280029 -65.3239975
v -74.2699966 -22.960001 16.7299976
v -42.1119995 -4.01800108 27.4820004
v -13.8320007 -66.7660065 187.922012
v -42.1119995 -4.01800108 27.4820004
v -74.2699966 -22.960001 16.7299976
v -42.1119995 -4.01800108 27.4820004
v -13.8320007 -66.7660065 187.922012
v 0 -51.2400055 175.097992
v 0 -51.2400055 175.097992
v -13.8320007 -66.7660065 187.922012
v 0 -77.5180054 211.259995
v -33.1520004 -15.5259895 -237.328003
v -74.6760025 -19.3199902 -199.06601
v -63.5319977 0.560007989 -182.013992
v -74.6760025 -19.3199902 -199.06601
v -112.056 -25.6339931 -141.904007
v -63.5319977 0.560007989 -182.013992
v -112.056 -25.6339931 -141.904007
v -88.2559967 1.76400614 -139.300003
v -63.5319977 0.560007989 -182.013992
v -122.332001 -32.8159981 -86.8560028
v -88.2559967 1.76400614 -139.300003
v -112.056 -25.6339931 -141.904007
v -88.2559967 1.76400614 -139.300003
v -122.332001 -32.8159981 -86.8560028
v -97.4680023 -2.88399696 -69.8740005
v -96.3059998 -54.2360001 16.0159969
v -97.4680023 -2.88399696 -69.8740005
v -122.332001 -32.8159981 -86.8560028
v -97.4680023 -2.88399696 -69.8740005
v -96.3059998 -54.2360001 16.0159969
v -74.2699966 -22.960001 16.7299976
v -74.2699966 -22.960001 16.7299976
v -96.3059998 -54.2360001 16.0159969
v -62.5100021 -73.2200089 114.337997
v -62.5100021 -73.2200089 114.337997
v -13.8320007 -66.7660065 187.922012
v -74.2699966 -22.960001 16.7299976
v -62.5100021 -73.2200089 114.337997
v -24.2759991 -89.5860138 202.202011
v -13.8320007 -66.7660065 187.922012
v -24.2759991 -89.5860138 202.202011
v 0 -77.5180054 211.259995
v -13.8320007 -66.7660065 187.922012
v 0 -77.5180054 211.259995
v -24.2759991 -89.5860138 202.202011
v 0 -93.1560135 227.065994
v 122.332001 -32.8159981 -86.8560028
v 86.8839951 -57.5679932 -148.932007
v 112.056 -25.6339931 -141.904007
v 86.8839951 -57.5679932 -148.932007
v 122.332001 -32.8159981 -86.8560028
v 97.4680023 -71.1339951 -86.0719986
v 60.8159981 -97.9300003 -93.4500046
v 86.8839951 -57.5679932 -148.932007
v 97.4680023 -71.1339951 -86.0719986
v 86.8839951 -57.5679932 -148.932007
v 60.8159981 -97.9300003 -93.4500046
v 54.3759995 -82.5159912 -147.503998
v 54.3759995 -82.5159912 -147.503998
v 58.7579994 -46.8859901 -190.470001
v 86.8839951 -57.5679932 -148.932007
v 112.056 -25.6339931 -141.904007
v 86.8839951 -57.5679932 -148.932007
v 58.7579994 -46.8859901 -190.470001
v 74.6760025 -19.3199902 -199.06601
v 112.056 -25.6339931 -141.904007
v 58.7579994 -46.8859901 -190.470001
v 33.1520004 -15.5259895 -237.328003
v 74.6760025 -19.3199902 -199.06601
v 58.7579994 -46.8859901 -190.470001
v 96.3059998 -54.2360001 16.0159969
v 97.4680023 -71.1339951 -86.0719986
v 122.332001 -32.8159981 -86.8560028
v 97.4680023 -71.1339951 -86.0719986
v 96.3059998 -54.2360001 16.0159969
v 75.3899994 -85.1340027 -2.08600378
v 75.3899994 -85.1340027 -2.08600378
v 60.8159981 -97.9300003 -93.4500046
v 97.4680023 -71.1339951 -86.0719986
v 60.8159981 -97.9300003 -93.4500046
v 75.3899994 -85.1340027 -2.08600378
v 45.6399994 -107.057999 -15.708005
v 45.6399994 -107.057999 -15.708005
v 0 -108.821999 -96.1380005
v 60.8159981 -97.9300003 -93.4500046
v 0 -92.2319946 -147.966003
v 60.8159981 -97.9300003 -93.4500046
v 0 -108.821999 -96.1380005
v 60.8159981 -97.9300003 -93.4500046
v 0 -92.2319946 -147.966003
v 54.3759995 -82.5159912 -147.503998
v 0 -92.2319946 -147.966003
v 20.5939999 -53.8019905 -208.572006
v 54.3759995 -82.5159912 -147.503998
v 54.3759995 -82.5159912 -147.503998
v 20.5939999 -53.8019905 -208.572006
v 58.7579994 -46.8859901 -190.470001
v 20.5939999 -53.8019905 -208.572006
v 33.1520004 -15.5259895 -237.328003
v 58.7579994 -46.8859901 -190.470001
v 33.1520004 -15.5259895 -237.328003
v 20.5939999 -53.8019905 -208.572006
v 0 -32.8299904 -234.317993
v 0 -14.7979889 -248.458008
v 33.1520004 -15.5259895 -237.328003
v 0 -32.8299904 -234.317993
v 75.3899994 -85.1340027 -2.08600378
v 96.3059998 -54.2360001 16.0159969
v 62.5100021 -73.2200089 114.337997
v 62.5100021 -73.2200089 114.337997
v 20.2299995 -99.7500076 178.98999
v 75.3899994 -85.1340027 -2.08600378
v 0 -108.808006 160.495987
v 75.3899994 -85.1340027 -2.08600378
v 20.2299995 -99.7500076 178.98999
v 75.3899994 -85.1340027 -2.08600378
v 0 -108.808006 160.495987
v 45.6399994 -107.057999 -15.708005
v 0 -108.808006 160.495987
v 0 -115.472 -20.076004
v 45.6399994 -107.057999 -15.708005
v 0 -108.821999 -96.1380005
v 45.6399994 -107.057999 -15.708005
v 0 -115.472 -20.076004
v 0 -115.472 -20.076004
v -60.8159981 -97.9300003 -93.4500046
v 0 -108.821999 -96.1380005
v -54.3759995 -82.5159912 -147.503998
v 0 -108.821999 -96.1380005
v -60.8159981 -97.9300003 -93.4500046
v 0 -108.821999 -96.1380005
v -54.3759995 -82.5159912 -147.503998
v 0 -92.2319946 -147.966003
v 62.5100021 -73.2200089 114.337997
v 24.2759991 -89.5860138 202.202011
v 20.2299995 -99.7500076 178.98999
v 24.2759991 -89.5860138 202.202011
v 0 -99.8760071 207.185989
v 20.2299995 -99.7500076 178.98999
v 0 -108.808006 160.495987
v 20.2299995 -99.7500076 178.98999
v 0 -99.8760071 207.185989
v -20.2299995 -99.7500076 178.98999
v 0 -108.808006 160.495987
v 0 -99.8760071 207.185989
v -75.3899994 -85.1340027 -2.08600378
v 0 -108.808006 160.495987
v -20.2299995 -99.7500076 178.98999
v 0 -108.808006 160.495987
v -75.3899994 -85.1340027 -2.08600378
v -45.6399994 -107.057999 -15.708005
v 0 -115.472 -20.076004
v 0 -108.808006 160.495987
v -45.6399994 -107.057999 -15.708005
v -60.8159981 -97.9300003 -93.4500046
v 0 -115.472 -20.076004
v -45.6399994 -107.057999 -15.708005
v 0 -99.8760071 207.185989
v 24.2759991 -89.5860138 202.202011
v 0 -93.1560135 227.065994
v -24.2759991 -89.5860138 202.202011
v 0 -99.8760071 207.185989
v 0 -93.1560135 227.065994
v 0 -99.8760071 207.185989
v -24.2759991 -89.5860138 202.202011
v -20.2299995 -99.7500076 178.98999
v -20.2299995 -99.7500076 178.98999
v -24.2759991 -89.5860138 202.202011
v -62.5100021 -73.2200089 114.337997
v -20.2299995 -99.7500076 178.98999
v -62.5100021 -73.2200089 114.337997
v -75.3899994 -85.1340027 -2.08600378
v -62.5100021 -73.2200089 114.337997
v -96.3059998 -54.2360001 16.0159969
v -75.3899994 -85.1340027 -2.08600378
v -96.3059998 -54.2360001 16.0159969
v -97.4680023 -71.1339951 -86.0719986
v -75.3899994 -85.1340027 -2.08600378
v -60.8159981 -97.9300003 -93.4500046
v -75.3899994 -85.1340027 -2.08600378
v -97.4680023 -71.1339951 -86.0719986
v -75.3899994 -85.1340027 -2.08600378
v -60.8159981 -97.9300003 -93.4500046
v -45.6399994 -107.057999 -15.708005
v -97.4680023 -71.1339951 -86.0719986
v -96.3059998 -54.2360001 16.0159969
v -122.332001 -32.8159981 -86.8560028
v -122.332001 -32.8159981 -86.8560028
v -86.8839951 -57.5679932 -148.932007
v -97.4680023 -71.1339951 -86.0719986
v -86.8839951 -57.5679932 -148.932007
v -60.8159981 -97.9300003 -93.4500046
v -97.4680023 -71.1339951 -86.0719986
v -60.8159981 -97.9300003 -93.4500046
v -86.8839951 -57.5679932 -148.932007
v -54.3759995 -82.5159912 -147.503998
v -58.7579994 -46.8859901 -190.470001
v -54.3759995 -82.5159912 -147.503998
v -86.8839951 -57.5679932 -148.932007
v -58.7579994 -46.8859901 -190.470001
v -20.5939999 -53.8019905 -208.572006
v -54.3759995 -82.5159912 -147.503998
v -20.5939999 -53.8019905 -208.572006
v 0 -92.2319946 -147.966003
v -54.3759995 -82.5159912 -147.503998
v -86.8839951 -57.5679932 -148.932007
v -122.332001 -32.8159981 -86.8560028
v -112.056 -25.6339931 -141.904007
v -86.8839951 -57.5679932 -148.932007
v -112.056 -25.6339931 -141.904007
v -58.7579994 -46.8859901 -190.470001
v -112.056 -25.6339931 -141.904007
v -74.6760025 -19.3199902 -199.06601
v -58.7579994 -46.8859901 -190.470001
v -74.6760025 -19.3199902 -199.06601
v -33.1520004 -15.5259895 -237.328003
v -58.7579994 -46.8859901 -190.470001
v -33.1520004 -15.5259895 -237.328003
v -20.5939999 -53.8019905 -208.572006
v -58.7579994 -46.8859901 -190.470001
v -20.5939999 -53.8019905 -208.572006
v -33.1520004 -15.5259895 -237.328003
v 0 -32.8299904 -234.317993
v 0 -53.8439941 -212.562012
v -20.5939999 -53.8019905 -208.572006
v 0 -32.8299904 -234.317993
v -20.5939999 -53.8019905 -208.572006
v 0 -53.8439941 -212.562012
v 0 -92.2319946 -147.966003
v 0 -92.2319946 -147.966003
v 0 -53.8439941 -212.562012
v 20.5939999 -53.8019905 -208.572006
v 20.5939999 -53.8019905 -208.572006
v 0 -53.8439941 -212.562012
v 0 -32.8299904 -234.317993
v -33.1520004 -15.5259895 -237.328003
v 0 -14.7979889 -248.458008
v 0 -32.8299904 -234.317993
v -341.152008 -15.9180174 399.769989
v -381.835999 -18.8860168 358.442017
v -364.279999 -34.132019 396.689972
v -381.835999 -18.8860168 358.442017
v -341.152008 -15.9180174 399.769989
v -366.35202 6.24398422 353.527985
v -366.35202 6.24398422 353.527985
v -399.60199 0.139986455 309.946014
v -381.835999 -18.8860168 358.442017
v -399.60199 0.139986455 309.946014
v -373.450012 -42.0280113 341.012024
v -381.835999 -18.8860168 358.442017
v -349.174011 -57.0640144 384.34201
v -381.835999 -18.8860168 358.442017
v -373.450012 -42.0280113 341.012024
v -381.835999 -18.8860168 358.442017
v -349.174011 -57.0640144 384.34201
v -364.279999 -34.132019 396.689972
v -399.60199 0.139986455 309.946014
v -366.35202 6.24398422 353.527985
v -389.843994 29.0359859 301.167999
v -389.843994 29.0359859 301.167999
v -412.440002 18.0879879 261.967987
v -399.60199 0.139986455 309.946014
v -412.440002 18.0879879 261.967987
v -394.23999 -26.2500134 293.817993
v -399.60199 0.139986455 309.946014
v -373.450012 -42.0280113 341.012024
v -399.60199 0.139986455 309.946014
v -394.23999 -26.2500134 293.817993
v -412.440002 18.0879879 261.967987
v -389.843994 29.0359859 301.167999
v -404.68399 54.5439911 247.001999
v -404.68399 54.5439911 247.001999
v -417.81601 36.8899918 197.091995
v -412.440002 18.0879879 261.967987
v -417.81601 36.8899918 197.091995
v -406.140015 -16.7860107 244.369995
v -412.440002 18.0879879 261.967987
v -394.23999 -26.2500134 293.817993
v -412.440002 18.0879879 261.967987
v -406.140015 -16.7860107 244.369995
v -417.81601 36.8899918 197.091995
v -404.68399 54.5439911 247.001999
v -413.48999 64.8199921 198.548004
v -404.725983 74.9139938 152.810013
v -417.81601 36.8899918 197.091995
v -413.48999 64.8199921 198.548004
v -417.81601 36.8899918 197.091995
v -404.725983 74.9139938 152.810013
v -410.522003 46.9559937 133.643997
v -402.878021 2.60399342 149.925995
v -417.81601 36.8899918 197.091995
v -410.522003 46.9559937 133.643997
v -417.81601 36.8899918 197.091995
v -402.878021 2.60399342 149.925995
v -413.406006 1.24599123 199.976013
v -406.140015 -16.7860107 244.369995
v -417.81601 36.8899918 197.091995
v -413.406006 1.24599123 199.976013
v -400.287994 66.4159927 127.036003
v -410.522003 46.9559937 133.643997
v -404.725983 74.9139938 152.810013
v -410.522003 46.9559937 133.643997
v -400.287994 66.4159927 127.036003
v -401.380005 47.333992 114.548004
v -396.381989 18.1999931 125.397995
v -410.522003 46.9559937 133.643997
v -401.380005 47.333992 114.548004
v -410.522003 46.9559937 133.643997
v -396.381989 18.1999931 125.397995
v -402.878021 2.60399342 149.925995
v -401.380005 47.333992 114.548004
v -400.287994 66.4159927 127.036003
v -393.806 46.7319946 116.493996
v -401.380005 47.333992 114.548004
v -393.806 46.7319946 116.493996
v -396.381989 18.1999931 125.397995
v 70.8819962 -122.976013 235.059998
v 62.8739967 -106.568016 267.652008
v 71.1760025 -105.518013 231.57399
v 62.8739967 -106.568016 267.652008
v 70.8819962 -122.976013 235.059998
v 65.8000031 -120.624008 263.437988
v 65.8000031 -120.624008 263.437988
v 87.6399994 -125.188019 308.167999
v 62.8739967 -106.568016 267.652008
v 62.8739967 -106.568016 267.652008
v 87.6399994 -125.188019 308.167999
v 66.9199982 -107.492012 312.367981
v 87.6399994 -125.188019 308.167999
v 86.6460037 -108.248009 352.380005
v 66.9199982 -107.492012 312.367981
v 71.1760025 -105.518013 231.57399
v 80.2339935 -123.340004 220.093994
v 70.8819962 -122.976013 235.059998
v 84.4480057 -142.814011 235.143997
v 70.8819962 -122.976013 235.059998
v 80.2339935 -123.340004 220.093994
v 70.8819962 -122.976013 235.059998
v 84.4480057 -142.814011 235.143997
v 74.7320023 -134.274017 250.039993
v 74.7320023 -134.274017 250.039993
v 65.8000031 -120.624008 263.437988
v 70.8819962 -122.976013 235.059998
v 79.6039963 -133.77002 282.449982
v 65.8000031 -120.624008 263.437988
v 74.7320023 -134.274017 250.039993
v 79.6039963 -133.77002 282.449982
v 87.6399994 -125.188019 308.167999
v 65.8000031 -120.624008 263.437988
v 87.6399994 -125.188019 308.167999
v 79.6039963 -133.77002 282.449982
v 103.908005 -140.71402 304.877991
v 87.6399994 -125.188019 308.167999
v 103.908005 -140.71402 304.877991
v 100.296005 -124.320015 333.536011
v 86.6460037 -108.248009 352.380005
v 87.6399994 -125.188019 308.167999
v 100.296005 -124.320015 333.536011
v 80.2339935 -123.340004 220.093994
v 71.1760025 -105.518013 231.57399
v 82.3339996 -106.358009 216.552002
v 94.1780014 -105.770012 211.442001
v 80.2339935 -123.340004 220.093994
v 82.3339996 -106.358009 216.552002
v 80.2339935 -123.340004 220.093994
v 94.1780014 -105.770012 211.442001
v 94.1780014 -124.194008 211.973984
v 97.8320007 -146.53801 225.973984
v 80.2339935 -123.340004 220.093994
v 94.1780014 -124.194008 211.973984
v 80.2339935 -123.340004 220.093994
v 97.8320007 -146.53801 225.973984
v 84.4480057 -142.814011 235.143997
v 97.8320007 -146.53801 225.973984
v 107.576004 -152.180008 250.599991
v 84.4480057 -142.814011 235.143997
v 84.4480057 -142.814011 235.143997
v 107.576004 -152.180008 250.599991
v 92.1199951 -142.562027 277.885986
v 74.7320023 -134.274017 250.039993
v 84.4480057 -142.814011 235.143997
v 92.1199951 -142.562027 277.885986
v 79.6039963 -133.77002 282.449982
v 74.7320023 -134.274017 250.039993
v 92.1199951 -142.562027 277.885986
v 103.908005 -140.71402 304.877991
v 79.6039963 -133.77002 282.449982
v 92.1199951 -142.562027 277.885986
v 106.428001 -104.664009 208.124008
v 94.1780014 -124.194008 211.973984
v 94.1780014 -105.770012 211.442001
v 94.1780014 -124.194008 211.973984
v 106.428001 -104.664009 208.124008
v 113.666 -123.368011 209.579987
v 118.440002 -143.332016 223.453995
v 94.1780014 -124.194008 211.973984
v 113.666 -123.368011 209.579987
v 94.1780014 -124.194008 211.973984
v 118.440002 -143.332016 223.453995
v 97.8320007 -146.53801 225.973984
v 97.8320007 -146.53801 225.973984
v 118.440002 -143.332016 223.453995
v 107.576004 -152.180008 250.599991
v 107.576004 -152.180008 250.599991
v 118.440002 -143.332016 223.453995
v 137.690002 -139.930008 261.365997
v 137.690002 -139.930008 261.365997
v 115.304001 -152.124008 271.600006
v 107.576004 -152.180008 250.599991
v 107.576004 -152.180008 250.599991
v 115.304001 -152.124008 271.600006
v 92.1199951 -142.562027 277.885986
v 115.304001 -152.124008 271.600006
v 126.434006 -147.938019 297.626007
v 92.1199951 -142.562027 277.885986
v 126.434006 -147.938019 297.626007
v 103.908005 -140.71402 304.877991
v 92.1199951 -142.562027 277.885986
v 124.124001 -101.612007 213.248001
v 113.666 -123.368011 209.579987
v 106.428001 -104.664009 208.124008
v 113.666 -123.368011 209.579987
v 124.124001 -101.612007 213.248001
v 129.528 -120.414009 214.605988
v 129.528 -120.414009 214.605988
v 118.440002 -143.332016 223.453995
v 113.666 -123.368011 209.579987
v 118.440002 -143.332016 223.453995
v 129.528 -120.414009 214.605988
v 136.024002 -130.970016 230.817993
v 118.440002 -143.332016 223.453995
v 136.024002 -130.970016 230.817993
v 137.690002 -139.930008 261.365997
v 136.024002 -130.970016 230.817993
v 151.087997 -130.354019 255.402008
v 137.690002 -139.930008 261.365997
v 151.087997 -130.354019 255.402008
v 148.735992 -139.37001 294.447998
v 137.690002 -139.930008 261.365997
v 148.735992 -139.37001 294.447998
v 126.434006 -147.938019 297.626007
v 137.690002 -139.930008 261.365997
v 126.434006 -147.938019 297.626007
v 115.304001 -152.124008 271.600006
v 137.690002 -139.930008 261.365997
v 153.131989 -99.9600067 236.082001
v 129.528 -120.414009 214.605988
v 124.124001 -101.612007 213.248001
v 129.528 -120.414009 214.605988
v 153.131989 -99.9600067 236.082001
v 148.301987 -116.970009 229.656006
v 148.301987 -116.970009 229.656006
v 136.024002 -130.970016 230.817993
v 129.528 -120.414009 214.605988
v 151.087997 -130.354019 255.402008
v 136.024002 -130.970016 230.817993
v 148.301987 -116.970009 229.656006
v 148.301987 -116.970009 229.656006
v 153.131989 -99.9600067 236.082001
v 151.087997 -130.354019 255.402008
v 151.087997 -130.354019 255.402008
v 153.131989 -99.9600067 236.082001
v 159.375992 -121.450012 282.394012
v 159.375992 -121.450012 282.394012
v 148.735992 -139.37001 294.447998
v 151.087997 -130.354019 255.402008
v 159.375992 -121.450012 282.394012
v 165.942001 -122.724014 307.734009
v 148.735992 -139.37001 294.447998
v 148.735992 -139.37001 294.447998
v 165.942001 -122.724014 307.734009
v 159.054001 -132.188019 323.903992
v 159.054001 -132.188019 323.903992
v 135.813995 -141.358002 321.201996
v 148.735992 -139.37001 294.447998
v 148.735992 -139.37001 294.447998
v 135.813995 -141.358002 321.201996
v 126.434006 -147.938019 297.626007
v 126.434006 -147.938019 297.626007
v 135.813995 -141.358002 321.201996
v 103.908005 -140.71402 304.877991
v 135.813995 -141.358002 321.201996
v 119.265999 -133.336014 338.533997
v 103.908005 -140.71402 304.877991
v 100.296005 -124.320015 333.536011
v 103.908005 -140.71402 304.877991
v 119.265999 -133.336014 338.533997
v 119.952003 -123.018021 353.037994
v 100.296005 -124.320015 333.536011
v 119.265999 -133.336014 338.533997
v 119.952003 -123.018021 353.037994
v 86.6460037 -108.248009 352.380005
v 100.296005 -124.320015 333.536011
v 86.6460037 -108.248009 352.380005
v 119.952003 -123.018021 353.037994
v 116.451996 -109.08802 383.977997
v 139.453995 -125.468018 367.164001
v 116.451996 -109.08802 383.977997
v 119.952003 -123.018021 353.037994
v 116.451996 -109.08802 383.977997
v 139.453995 -125.468018 367.164001
v 146.762009 -110.152023 402.276001
v 143.681992 -136.388016 342.118011
v 119.265999 -133.336014 338.533997
v 135.813995 -141.358002 321.201996
v 143.681992 -136.388016 342.118011
v 139.453995 -125.468018 367.164001
v 119.265999 -133.336014 338.533997
v 139.453995 -125.468018 367.164001
v 119.952003 -123.018021 353.037994
v 119.265999 -133.336014 338.533997
v 143.681992 -136.388016 342.118011
v 135.813995 -141.358002 321.201996
v 159.054001 -132.188019 323.903992
v 163.687988 -126.462013 355.501984
v 143.681992 -136.388016 342.118011
v 159.054001 -132.188019 323.903992
v 155.945999 -127.26001 369.054016
v 143.681992 -136.388016 342.118011
v 163.687988 -126.462013 355.501984
v 155.945999 -127.26001 369.054016
v 139.453995 -125.468018 367.164001
v 143.681992 -136.388016 342.118011
v 155.945999 -127.26001 369.054016
v 146.762009 -110.152023 402.276001
v 139.453995 -125.468018 367.164001
v 146.762009 -110.152023 402.276001
v 155.945999 -127.26001 369.054016
v 169.259995 -109.928017 403.018005
v 155.945999 -127.26001 369.054016
v 182.476013 -108.710014 386.988007
v 169.259995 -109.928017 403.018005
v 182.476013 -108.710014 386.988007
v 155.945999 -127.26001 369.054016
v 163.687988 -126.462013 355.501984
v 163.687988 -126.462013 355.501984
v 188.692001 -105.210014 354.269989
v 182.476013 -108.710014 386.988007
v 188.692001 -105.210014 354.269989
v 163.687988 -126.462013 355.501984
v 164.709991 -125.104012 332.794006
v 164.709991 -125.104012 332.794006
v 188.761993 -101.654015 313.417969
v 188.692001 -105.210014 354.269989
v 164.709991 -125.104012 332.794006
v 163.687988 -126.462013 355.501984
v 159.054001 -132.188019 323.903992
v 165.942001 -122.724014 307.734009
v 164.709991 -125.104012 332.794006
v 159.054001 -132.188019 323.903992
v 188.761993 -101.654015 313.417969
v 164.709991 -125.104012 332.794006
v 165.942001 -122.724014 307.734009
v 159.375992 -121.450012 282.394012
v 188.761993 -101.654015 313.417969
v 165.942001 -122.724014 307.734009
v 188.761993 -101.654015 313.417969
v 159.375992 -121.450012 282.394012
v 178.220001 -99.6240158 272.579987
v 159.375992 -121.450012 282.394012
v 153.131989 -99.9600067 236.082001
v 178.220001 -99.6240158 272.579987
v -62.8739967 -106.568016 267.652008
v -70.8819962 -122.976013 235.059998
v -71.1760025 -105.518013 231.57399
v -70.8819962 -122.976013 235.059998
v -62.8739967 -106.568016 267.652008
v -65.8000031 -120.624008 263.437988
v -65.8000031 -120.624008 263.437988
v -74.7320023 -134.274017 250.039993
v -70.8819962 -122.976013 235.059998
v -84.4480057 -142.814011 235.143997
v -70.8819962 -122.976013 235.059998
v -74.7320023 -134.274017 250.039993
v -70.8819962 -122.976013 235.059998
v -84.4480057 -142.814011 235.143997
v -80.2339935 -123.340004 220.093994
v -80.2339935 -123.340004 220.093994
v -71.1760025 -105.518013 231.57399
v -70.8819962 -122.976013 235.059998
v -71.1760025 -105.518013 231.57399
v -80.2339935 -123.340004 220.093994
v -82.3339996 -106.358009 216.552002
v -80.2339935 -123.340004 220.093994
v -94.1780014 -105.770012 211.442001
v -82.3339996 -106.358009 216.552002
v -87.6399994 -125.188019 308.167999
v -65.8000031 -120.624008 263.437988
v -62.8739967 -106.568016 267.652008
v -87.6399994 -125.188019 308.167999
v -79.6039963 -133.77002 282.449982
v -65.8000031 -120.624008 263.437988
v -65.8000031 -120.624008 263.437988
v -79.6039963 -133.77002 282.449982
v -74.7320023 -134.274017 250.039993
v -74.7320023 -134.274017 250.039993
v -79.6039963 -133.77002 282.449982
v -92.1199951 -142.562027 277.885986
v -84.4480057 -142.814011 235.143997
v -74.7320023 -134.274017 250.039993
v -92.1199951 -142.562027 277.885986
v -107.576004 -152.180008 250.599991
v -84.4480057 -142.814011 235.143997
v -92.1199951 -142.562027 277.885986
v -107.576004 -152.180008 250.599991
v -97.8320007 -146.53801 225.973984
v -84.4480057 -142.814011 235.143997
v -97.8320007 -146.53801 225.973984
v -80.2339935 -123.340004 220.093994
v -84.4480057 -142.814011 235.143997
v -80.2339935 -123.340004 220.093994
v -97.8320007 -146.53801 225.973984
v -94.1780014 -124.194008 211.973984
v -94.1780014 -105.770012 211.442001
v -80.2339935 -123.340004 220.093994
v -94.1780014 -124.194008 211.973984
v -94.1780014 -124.194008 211.973984
v -106.428001 -104.664009 208.124008
v -94.1780014 -105.770012 211.442001
v -87.6399994 -125.188019 308.167999
v -62.8739967 -106.568016 267.652008
v -66.9199982 -107.492012 312.367981
v -86.6460037 -108.248009 352.380005
v -87.6399994 -125.188019 308.167999
v -66.9199982 -107.492012 312.367981
v -87.6399994 -125.188019 308.167999
v -86.6460037 -108.248009 352.380005
v -100.296005 -124.320015 333.536011
v -103.908005 -140.71402 304.877991
v -87.6399994 -125.188019 308.167999
v -100.296005 -124.320015 333.536011
v -79.6039963 -133.77002 282.449982
v -87.6399994 -125.188019 308.167999
v -103.908005 -140.71402 304.877991
v -79.6039963 -133.77002 282.449982
v -103.908005 -140.71402 304.877991
v -92.1199951 -142.562027 277.885986
v -103.908005 -140.71402 304.877991
v -126.434006 -147.938019 297.626007
v -92.1199951 -142.562027 277.885986
v -126.434006 -147.938019 297.626007
v -115.304001 -152.124008 271.600006
v -92.1199951 -142.562027 277.885986
v -115.304001 -152.124008 271.600006
v -107.576004 -152.180008 250.599991
v -92.1199951 -142.562027 277.885986
v -115.304001 -152.124008 271.600006
v -137.690002 -139.930008 261.365997
v -107.576004 -152.180008 250.599991
v -118.440002 -143.332016 223.453995
v -107.576004 -152.180008 250.599991
v -137.690002 -139.930008 261.365997
v -118.440002 -143.332016 223.453995
v -97.8320007 -146.53801 225.973984
v -107.576004 -152.180008 250.599991
v -86.6460037 -108.248009 352.380005
v -119.952003 -123.018021 353.037994
v -100.296005 -124.320015 333.536011
v -100.296005 -124.320015 333.536011
v -119.952003 -123.018021 353.037994
v -119.265999 -133.336014 338.533997
v -103.908005 -140.71402 304.877991
v -100.296005 -124.320015 333.536011
v -119.265999 -133.336014 338.533997
v -119.265999 -133.336014 338.533997
v -135.813995 -141.358002 321.201996
v -103.908005 -140.71402 304.877991
v -135.813995 -141.358002 321.201996
v -126.434006 -147.938019 297.626007
v -103.908005 -140.71402 304.877991
v -135.813995 -141.358002 321.201996
v -148.735992 -139.37001 294.447998
v -126.434006 -147.938019 297.626007
v -126.434006 -147.938019 297.626007
v -148.735992 -139.37001 294.447998
v -137.690002 -139.930008 261.365997
v -115.304001 -152.124008 271.600006
v -126.434006 -147.938019 297.626007
v -137.690002 -139.930008 261.365997
v -119.952003 -123.018021 353.037994
v -86.6460037 -108.248009 352.380005
v -116.451996 -109.08802 383.977997
v -116.451996 -109.08802 383.977997
v -139.453995 -125.468018 367.164001
v -119.952003 -123.018021 353.037994
v -119.952003 -123.018021 353.037994
v -139.453995 -125.468018 367.164001
v -119.265999 -133.336014 338.533997
v -139.453995 -125.468018 367.164001
v -143.681992 -136.388016 342.118011
v -119.265999 -133.336014 338.533997
v -119.265999 -133.336014 338.533997
v -143.681992 -136.388016 342.118011
v -135.813995 -141.358002 321.201996
v -135.813995 -141.358002 321.201996
v -143.681992 -136.388016 342.118011
v -159.054001 -132.188019 323.903992
v -135.813995 -141.358002 321.201996
v -159.054001 -132.188019 323.903992
v -148.735992 -139.37001 294.447998
v -165.942001 -122.724014 307.734009
v -148.735992 -139.37001 294.447998
v -159.054001 -132.188019 323.903992
v -165.942001 -122.724014 307.734009
v -159.375992 -121.450012 282.394012
v -148.735992 -139.37001 294.447998
v -148.735992 -139.37001 294.447998
v -159.375992 -121.450012 282.394012
v -151.087997 -130.354019 255.402008
v -148.735992 -139.37001 294.447998
v -151.087997 -130.354019 255.402008
v -137.690002 -139.930008 261.365997
v -139.453995 -125.468018 367.164001
v -116.451996 -109.08802 383.977997
v -146.762009 -110.152023 402.276001
v -146.762009 -110.152023 402.276001
v -155.945999 -127.26001 369.054016
v -139.453995 -125.468018 367.164001
v -139.453995 -125.468018 367.164001
v -155.945999 -127.26001 369.054016
v -143.681992 -136.388016 342.118011
v -143.681992 -136.388016 342.118011
v -155.945999 -127.26001 369.054016
v -163.687988 -126.462013 355.501984
v -143.681992 -136.388016 342.118011
v -163.687988 -126.462013 355.501984
v -159.054001 -132.188019 323.903992
v -163.687988 -126.462013 355.501984
v -164.709991 -125.104012 332.794006
v -159.054001 -132.188019 323.903992
v -164.709991 -125.104012 332.794006
v -165.942001 -122.724014 307.734009
v -159.054001 -132.188019 323.903992
v -164.709991 -125.104012 332.794006
v -188.761993 -101.654015 313.417969
v -165.942001 -122.724014 307.734009
v -188.761993 -101.654015 313.417969
v -159.375992 -121.450012 282.394012
v -165.942001 -122.724014 307.734009
v -159.375992 -121.450012 282.394012
v -188.761993 -101.654015 313.417969
v -178.220001 -99.6240158 272.579987
v -153.131989 -99.9600067 236.082001
v -159.375992 -121.450012 282.394012
v -178.220001 -99.6240158 272.579987
v -153.131989 -99.9600067 236.082001
v -151.087997 -130.354019 255.402008
v -159.375992 -121.450012 282.394012
v -155.945999 -127.26001 369.054016
v -146.762009 -110.152023 402.276001
v -169.259995 -109.928017 403.018005
v -182.476013 -108.710014 386.988007
v -155.945999 -127.26001 369.054016
v -169.259995 -109.928017 403.018005
v -155.945999 -127.26001 369.054016
v -182.476013 -108.710014 386.988007
v -163.687988 -126.462013 355.501984
v -188.692001 -105.210014 354.269989
v -163.687988 -126.462013 355.501984
v -182.476013 -108.710014 386.988007
v -163.687988 -126.462013 355.501984
v -188.692001 -105.210014 354.269989
v -164.709991 -125.104012 332.794006
v -188.761993 -101.654015 313.417969
v -164.709991 -125.104012 332.794006
v -188.692001 -105.210014 354.269989
v -118.440002 -143.332016 223.453995
v -94.1780014 -124.194008 211.973984
v -97.8320007 -146.53801 225.973984
v -94.1780014 -124.194008 211.973984
v -118.440002 -143.332016 223.453995
v -113.666 -123.368011 209.579987
v -106.428001 -104.664009 208.124008
v -94.1780014 -124.194008 211.973984
v -113.666 -123.368011 209.579987
v -113.666 -123.368011 209.579987
v -124.124001 -101.612007 213.248001
v -106.428001 -104.664009 208.124008
v -124.124001 -101.612007 213.248001
v -113.666 -123.368011 209.579987
v -129.528 -120.414009 214.605988
v -129.528 -120.414009 214.605988
v -153.131989 -99.9600067 236.082001
v -124.124001 -101.612007 213.248001
v -153.131989 -99.9600067 236.082001
v -129.528 -120.414009 214.605988
v -148.301987 -116.970009 229.656006
v -153.131989 -99.9600067 236.082001
v -148.301987 -116.970009 229.656006
v -151.087997 -130.354019 255.402008
v -118.440002 -143.332016 223.453995
v -129.528 -120.414009 214.605988
v -113.666 -123.368011 209.579987
v -129.528 -120.414009 214.605988
v -118.440002 -143.332016 223.453995
v -136.024002 -130.970016 230.817993
v -136.024002 -130.970016 230.817993
v -148.301987 -116.970009 229.656006
v -129.528 -120.414009 214.605988
v -136.024002 -130.970016 230.817993
v -151.087997 -130.354019 255.402008
v -148.301987 -116.970009 229.656006
v -151.087997 -130.354019 255.402008
v -136.024002 -130.970016 230.817993
v -137.690002 -139.930008 261.365997
v -136.024002 -130.970016 230.817993
v -118.440002 -143.332016 223.453995
v -137.690002 -139.930008 261.365997
v 78.6940002 -60.227993 -212.338013
v 66.9339981 -87.2759857 -301.686005
v 86.3100052 -50.231987 -301.854004
v 66.9339981 -87.2759857 -301.686005
v 78.6940002 -60.227993 -212.338013
v 61.2220001 -94.2339859 -220.332001
v 61.2220001 -94.2339859 -220.332001
v 38.3460007 -114.001984 -301.377991
v 66.9339981 -87.2759857 -301.686005
v 35.0979996 -102.115982 -366.813995
v 66.9339981 -87.2759857 -301.686005
v 38.3460007 -114.001984 -301.377991
v 66.9339981 -87.2759857 -301.686005
v 35.0979996 -102.115982 -366.813995
v 61.5159988 -79.6459808 -366.226013
v 61.5159988 -79.6459808 -366.226013
v 86.3100052 -50.231987 -301.854004
v 66.9339981 -87.2759857 -301.686005
v 86.3100052 -50.231987 -301.854004
v 61.5159988 -79.6459808 -366.226013
v 79.0019989 -46.535984 -373.926025
v 46.1579971 -69.2159805 -419.313995
v 79.0019989 -46.535984 -373.926025
v 61.5159988 -79.6459808 -366.226013
v 79.0019989 -46.535984 -373.926025
v 46.1579971 -69.2159805 -419.313995
v 58.1840019 -44.3379822 -430.822021
v 61.2220001 -94.2339859 -220.332001
v 78.6940002 -60.227993 -212.338013
v 54.8799973 -81.5359955 -103.669998
v 54.8799973 -81.5359955 -103.669998
v 19.5020008 -109.087997 -32.102005
v 61.2220001 -94.2339859 -220.332001
v 0 -116.955994 -45.010006
v 61.2220001 -94.2339859 -220.332001
v 19.5020008 -109.087997 -32.102005
v 61.2220001 -94.2339859 -220.332001
v 0 -116.955994 -45.010006
v 35.0699997 -118.495995 -226.814011
v 38.3460007 -114.001984 -301.377991
v 61.2220001 -94.2339859 -220.332001
v 35.0699997 -118.495995 -226.814011
v 35.0699997 -118.495995 -226.814011
v 0 -123.759987 -301.364014
v 38.3460007 -114.001984 -301.377991
v 0 -123.759987 -301.364014
v 35.0979996 -102.115982 -366.813995
v 38.3460007 -114.001984 -301.377991
v 54.8799973 -81.5359955 -103.669998
v 22.6520004 -101.122002 -16.800005
v 19.5020008 -109.087997 -32.102005
v 22.6520004 -101.122002 -16.800005
v 0 -109.872002 -4.34000492
v 19.5020008 -109.087997 -32.102005
v 0 -116.955994 -45.010006
v 19.5020008 -109.087997 -32.102005
v 0 -109.872002 -4.34000492
v -19.5020008 -109.087997 -32.102005
v 0 -116.955994 -45.010006
v 0 -109.872002 -4.34000492
v -61.2220001 -94.2339859 -220.332001
v 0 -116.955994 -45.010006
v -19.5020008 -109.087997 -32.102005
v 0 -116.955994 -45.010006
v -61.2220001 -94.2339859 -220.332001
v -35.0699997 -118.495995 -226.814011
v 0 -127.315987 -228.78801
v 0 -116.955994 -45.010006
v -35.0699997 -118.495995 -226.814011
v 0 -116.955994 -45.010006
v 0 -127.315987 -228.78801
v 35.0699997 -118.495995 -226.814011
v 0 -123.759987 -301.364014
v 35.0699997 -118.495995 -226.814011
v 0 -127.315987 -228.78801
v 0 -109.872002 -4.34000492
v 22.6520004 -101.122002 -16.800005
v 0 -106.035995 8.38599586
v -22.6520004 -101.122002 -16.800005
v 0 -109.872002 -4.34000492
v 0 -106.035995 8.38599586
v 0 -109.872002 -4.34000492
v -22.6520004 -101.122002 -16.800005
v -19.5020008 -109.087997 -32.102005
v -19.5020008 -109.087997 -32.102005
v -22.6520004 -101.122002 -16.800005
v -54.8799973 -81.5359955 -103.669998
v -19.5020008 -109.087997 -32.102005
v -54.8799973 -81.5359955 -103.669998
v -61.2220001 -94.2339859 -220.332001
v -54.8799973 -81.5359955 -103.669998
v -78.6940002 -60.227993 -212.338013
v -61.2220001 -94.2339859 -220.332001
v -78.6940002 -60.227993 -212.338013
v -66.9339981 -87.2759857 -301.686005
v -61.2220001 -94.2339859 -220.332001
v -38.3460007 -114.001984 -301.377991
v -61.2220001 -94.2339859 -220.332001
v -66.9339981 -87.2759857 -301.686005
v -61.2220001 -94.2339859 -220.332001
v -38.3460007 -114.001984 -301.377991
v -35.0699997 -118.495995 -226.814011
v 0 -123.759987 -301.364014
v -35.0699997 -118.495995 -226.814011
v -38.3460007 -114.001984 -301.377991
v -35.0699997 -118.495995 -226.814011
v 0 -123.759987 -301.364014
v 0 -127.315987 -228.78801
v -66.9339981 -87.2759857 -301.686005
v -78.6940002 -60.227993 -212.338013
v -86.3100052 -50.231987 -301.854004
v -86.3100052 -50.231987 -301.854004
v -61.5159988 -79.6459808 -366.226013
v -66.9339981 -87.2759857 -301.686005
v -35.0979996 -102.115982 -366.813995
v -66.9339981 -87.2759857 -301.686005
v -61.5159988 -79.6459808 -366.226013
v -66.9339981 -87.2759857 -301.686005
v -35.0979996 -102.115982 -366.813995
v -38.3460007 -114.001984 -301.377991
v -35.0979996 -102.115982 -366.813995
v 0 -123.759987 -301.364014
v -38.3460007 -114.001984 -301.377991
v 0 -123.759987 -301.364014
v -35.0979996 -102.115982 -366.813995
v 0 -108.779984 -371.937988
v 35.0979996 -102.115982 -366.813995
v 0 -123.759987 -301.364014
v 0 -108.779984 -371.937988
v 17.8080006 -75.2499847 -438.242004
v 35.0979996 -102.115982 -366.813995
v 0 -108.779984 -371.937988
v 35.0979996 -102.115982 -366.813995
v 17.8080006 -75.2499847 -438.242004
v 46.1579971 -69.2159805 -419.313995
v 61.5159988 -79.6459808 -366.226013
v 35.0979996 -102.115982 -366.813995
v 46.1579971 -69.2159805 -419.313995
v -61.5159988 -79.6459808 -366.226013
v -86.3100052 -50.231987 -301.854004
v -79.0019989 -46.535984 -373.926025
v -79.0019989 -46.535984 -373.926025
v -46.1579971 -69.2159805 -419.313995
v -61.5159988 -79.6459808 -366.226013
v -35.0979996 -102.115982 -366.813995
v -61.5159988 -79.6459808 -366.226013
v -46.1579971 -69.2159805 -419.313995
v -17.8080006 -75.2499847 -438.242004
v -35.0979996 -102.115982 -366.813995
v -46.1579971 -69.2159805 -419.313995
v 0 -108.779984 -371.937988
v -35.0979996 -102.115982 -366.813995
v -17.8080006 -75.2499847 -438.242004
v -17.8080006 -75.2499847 -438.242004
v 0 -74.2839813 -443.78598
v 0 -108.779984 -371.937988
v 0 -74.2839813 -443.78598
v 17.8080006 -75.2499847 -438.242004
v 0 -108.779984 -371.937988
v 17.8080006 -75.2499847 -438.242004
v 0 -74.2839813 -443.78598
v 0 -56.629982 -466.312012
v 29.3299999 -43.3439789 -466.787994
v 17.8080006 -75.2499847 -438.242004
v 0 -56.629982 -466.312012
v 17.8080006 -75.2499847 -438.242004
v 29.3299999 -43.3439789 -466.787994
v 46.1579971 -69.2159805 -419.313995
v 29.3299999 -43.3439789 -466.787994
v 58.1840019 -44.3379822 -430.822021
v 46.1579971 -69.2159805 -419.313995
v -46.1579971 -69.2159805 -419.313995
v -79.0019989 -46.535984 -373.926025
v -58.1840019 -44.3379822 -430.822021
v -58.1840019 -44.3379822 -430.822021
v -29.3299999 -43.3439789 -466.787994
v -46.1579971 -69.2159805 -419.313995
v -29.3299999 -43.3439789 -466.787994
v -17.8080006 -75.2499847 -438.242004
v -46.1579971 -69.2159805 -419.313995
v -17.8080006 -75.2499847 -438.242004
v -29.3299999 -43.3439789 -466.787994
v 0 -56.629982 -466.312012
v 0 -74.2839813 -443.78598
v -17.8080006 -75.2499847 -438.242004
v 0 -56.629982 -466.312012
v -29.3299999 -43.3439789 -466.787994
v 0 -43.0639763 -477.890015
v 0 -56.629982 -466.312012
v 0 -43.0639763 -477.890015
v 29.3299999 -43.3439789 -466.787994
v 0 -56.629982 -466.312012
v 0 -89.2359924 -8.09200382
v -22.6520004 -101.122002 -16.800005
v 0 -106.035995 8.38599586
v -22.6520004 -101.122002 -16.800005
v 0 -89.2359924 -8.09200382
v -18.9000015 -84.685997 -25.5080032
v -54.8799973 -81.5359955 -103.669998
v -22.6520004 -101.122002 -16.800005
v -18.9000015 -84.685997 -25.5080032
v -54.8799973 -81.5359955 -103.669998
v -18.9000015 -84.685997 -25.5080032
v -59.8919983 -25.9839897 -206.541992
v -59.8919983 -25.9839897 -206.541992
v -78.6940002 -60.227993 -212.338013
v -54.8799973 -81.5359955 -103.669998
v -66.2200012 -14.7139874 -292.753998
v -78.6940002 -60.227993 -212.338013
v -59.8919983 -25.9839897 -206.541992
v -78.6940002 -60.227993 -212.338013
v -66.2200012 -14.7139874 -292.753998
v -86.3100052 -50.231987 -301.854004
v 22.6520004 -101.122002 -16.800005
v 0 -89.2359924 -8.09200382
v 0 -106.035995 8.38599586
v 0 -89.2359924 -8.09200382
v 22.6520004 -101.122002 -16.800005
v 18.9000015 -84.685997 -25.5080032
v 18.9000015 -84.685997 -25.5080032
v 0 -54.5159988 -58.1000023
v 0 -89.2359924 -8.09200382
v 0 -54.5159988 -58.1000023
v -18.9000015 -84.685997 -25.5080032
v 0 -89.2359924 -8.09200382
v 0 -54.5159988 -58.1000023
v -59.8919983 -25.9839897 -206.541992
v -18.9000015 -84.685997 -25.5080032
v -59.8919983 -25.9839897 -206.541992
v 0 -54.5159988 -58.1000023
v -33.8660011 -1.65199125 -202.860001
v -37.8139992 10.8220119 -285.893982
v -59.8919983 -25.9839897 -206.541992
v -33.8660011 -1.65199125 -202.860001
v -59.8919983 -25.9839897 -206.541992
v -37.8139992 10.8220119 -285.893982
v -66.2200012 -14.7139874 -292.753998
v -34.4539986 6.04801607 -365.287994
v -66.2200012 -14.7139874 -292.753998
v -37.8139992 10.8220119 -285.893982
v -66.2200012 -14.7139874 -292.753998
v -34.4539986 6.04801607 -365.287994
v -61.3059998 -15.3719845 -364.084015
v -61.3059998 -15.3719845 -364.084015
v -86.3100052 -50.231987 -301.854004
v -66.2200012 -14.7139874 -292.753998
v -86.3100052 -50.231987 -301.854004
v -61.3059998 -15.3719845 -364.084015
v -79.0019989 -46.535984 -373.926025
v 18.9000015 -84.685997 -25.5080032
v 22.6520004 -101.122002 -16.800005
v 54.8799973 -81.5359955 -103.669998
v 18.9000015 -84.685997 -25.5080032
v 54.8799973 -81.5359955 -103.669998
v 59.8919983 -25.9839897 -206.541992
v 59.8919983 -25.9839897 -206.541992
v 0 -54.5159988 -58.1000023
v 18.9000015 -84.685997 -25.5080032
v 0 -54.5159988 -58.1000023
v 59.8919983 -25.9839897 -206.541992
v 33.8660011 -1.65199125 -202.860001
v 0 6.86000872 -201.25
v 0 -54.5159988 -58.1000023
v 33.8660011 -1.65199125 -202.860001
v 0 -54.5159988 -58.1000023
v 0 6.86000872 -201.25
v -33.8660011 -1.65199125 -202.860001
v 0 6.86000872 -201.25
v -37.8139992 10.8220119 -285.893982
v -33.8660011 -1.65199125 -202.860001
v -37.8139992 10.8220119 -285.893982
v 0 6.86000872 -201.25
v 0 20.3000126 -291.199982
v 0 20.3000126 -291.199982
v -34.4539986 6.04801607 -365.287994
v -37.8139992 10.8220119 -285.893982
v 54.8799973 -81.5359955 -103.669998
v 78.6940002 -60.227993 -212.338013
v 59.8919983 -25.9839897 -206.541992
v 78.6940002 -60.227993 -212.338013
v 66.2200012 -14.7139874 -292.753998
v 59.8919983 -25.9839897 -206.541992
v 37.8139992 10.8220119 -285.893982
v 59.8919983 -25.9839897 -206.541992
v 66.2200012 -14.7139874 -292.753998
v 59.8919983 -25.9839897 -206.541992
v 37.8139992 10.8220119 -285.893982
v 33.8660011 -1.65199125 -202.860001
v 37.8139992 10.8220119 -285.893982
v 0 6.86000872 -201.25
v 33.8660011 -1.65199125 -202.860001
v 0 6.86000872 -201.25
v 37.8139992 10.8220119 -285.893982
v 0 20.3000126 -291.199982
v 34.4539986 6.04801607 -365.287994
v 0 20.3000126 -291.199982
v 37.8139992 10.8220119 -285.893982
v 0 20.3000126 -291.199982
v 34.4539986 6.04801607 -365.287994
v 0 13.5100164 -366.156006
v -34.4539986 6.04801607 -365.287994
v 0 20.3000126 -291.199982
v 0 13.5100164 -366.156006
v 66.2200012 -14.7139874 -292.753998
v 78.6940002 -60.227993 -212.338013
v 86.3100052 -50.231987 -301.854004
v 86.3100052 -50.231987 -301.854004
v 61.3059998 -15.3719845 -364.084015
v 66.2200012 -14.7139874 -292.753998
v 34.4539986 6.04801607 -365.287994
v 66.2200012 -14.7139874 -292.753998
v 61.3059998 -15.3719845 -364.084015
v 66.2200012 -14.7139874 -292.753998
v 34.4539986 6.04801607 -365.287994
v 37.8139992 10.8220119 -285.893982
v 61.3059998 -15.3719845 -364.084015
v 86.3100052 -50.231987 -301.854004
v 79.0019989 -46.535984 -373.926025
v 79.0019989 -46.535984 -373.926025
v 46.0740013 -21.8259811 -419.355988
v 61.3059998 -15.3719845 -364.084015
v 34.4539986 6.04801607 -365.287994
v 61.3059998 -15.3719845 -364.084015
v 46.0740013 -21.8259811 -419.355988
v 20.3979988 -8.14798164 -423.135986
v 34.4539986 6.04801607 -365.287994
v 46.0740013 -21.8259811 -419.355988
v 0 13.5100164 -366.156006
v 34.4539986 6.04801607 -365.287994
v 20.3979988 -8.14798164 -423.135986
v 20.3979988 -8.14798164 -423.135986
v 0 -5.96398115 -424.466003
v 0 13.5100164 -366.156006
v 0 -5.96398115 -424.466003
v -20.3979988 -8.14798164 -423.135986
v 0 13.5100164 -366.156006
v -20.3979988 -8.14798164 -423.135986
v -34.4539986 6.04801607 -365.287994
v 0 13.5100164 -366.156006
v -34.4539986 6.04801607 -365.287994
v -20.3979988 -8.14798164 -423.135986
v -46.0740013 -21.8259811 -419.355988
v -61.3059998 -15.3719845 -364.084015
v -34.4539986 6.04801607 -365.287994
v -46.0740013 -21.8259811 -419.355988
v -46.0740013 -21.8259811 -419.355988
v -79.0019989 -46.535984 -373.926025
v -61.3059998 -15.3719845 -364.084015
v 46.0740013 -21.8259811 -419.355988
v 79.0019989 -46.535984 -373.926025
v 58.1840019 -44.3379822 -430.822021
v 58.1840019 -44.3379822 -430.822021
v 29.3299999 -43.3439789 -466.787994
v 46.0740013 -21.8259811 -419.355988
v 29.3299999 -43.3439789 -466.787994
v 20.3979988 -8.14798164 -423.135986
v 46.0740013 -21.8259811 -419.355988
v 20.3979988 -8.14798164 -423.135986
v 29.3299999 -43.3439789 -466.787994
v 0 -31.5559788 -466.564026
v 0 -5.96398115 -424.466003
v 20.3979988 -8.14798164 -423.135986
v 0 -31.5559788 -466.564026
v -20.3979988 -8.14798164 -423.135986
v 0 -5.96398115 -424.466003
v 0 -31.5559788 -466.564026
v -29.3299999 -43.3439789 -466.787994
v -20.3979988 -8.14798164 -423.135986
v 0 -31.5559788 -466.564026
v -20.3979988 -8.14798164 -423.135986
v -29.3299999 -43.3439789 -466.787994
v -46.0740013 -21.8259811 -419.355988
v -29.3299999 -43.3439789 -466.787994
v -58.1840019 -44.3379822 -430.822021
v -46.0740013 -21.8259811 -419.355988
v -79.0019989 -46.535984 -373.926025
v -46.0740013 -21.8259811 -419.355988
v -58.1840019 -44.3379822 -430.822021
v 29.3299999 -43.3439789 -466.787994
v 0 -43.0639763 -477.890015
v 0 -31.5559788 -466.564026
v 0 -43.0639763 -477.890015
v -29.3299999 -43.3439789 -466.787994
v 0 -31.5559788 -466.564026
v -78.302002 -20.3420143 302.875977
v -92.6800003 -55.8460121 250.291992
v -110.767998 -62.3000107 300.635986
v -92.6800003 -55.8460121 250.291992
v -78.302002 -20.3420143 302.875977
v -65.4919968 -18.6620121 264.669983
v -35.6300011 -22.7080097 211.889999
v -92.6800003 -55.8460121 250.291992
v -65.4919968 -18.6620121 264.669983
v -92.6800003 -55.8460121 250.291992
v -35.6300011 -22.7080097 211.889999
v -64.1480026 -50.5400085 188.229996
v -35.6300011 -22.7080097 211.889999
v -21.8120003 -36.0640068 149.631989
v -64.1480026 -50.5400085 188.229996
v -21.8120003 -36.0640068 149.631989
v -30.5620003 -47.3760071 129.037994
v -64.1480026 -50.5400085 188.229996
v -110.767998 -62.3000107 300.635986
v -77.6580048 -25.8020153 343.056
v -78.302002 -20.3420143 302.875977
v -77.6580048 -25.8020153 343.056
v 78.302002 -20.3420143 302.875977
v -78.302002 -20.3420143 302.875977
v 78.302002 -20.3420143 302.875977
v -65.4919968 -18.6620121 264.669983
v -78.302002 -20.3420143 302.875977
v -65.4919968 -18.6620121 264.669983
v 78.302002 -20.3420143 302.875977
v 65.4919968 -18.6620121 264.669983
v 35.6300011 -22.7080097 211.889999
v -65.4919968 -18.6620121 264.669983
v 65.4919968 -18.6620121 264.669983
v -65.4919968 -18.6620121 264.669983
v 35.6300011 -22.7080097 211.889999
v -35.6300011 -22.7080097 211.889999
v 35.6300011 -22.7080097 211.889999
v -21.8120003 -36.0640068 149.631989
v -35.6300011 -22.7080097 211.889999
v -21.8120003 -36.0640068 149.631989
v 35.6300011 -22.7080097 211.889999
v 21.8120003 -36.0640068 149.631989
v 21.8120003 -36.0640068 149.631989
v -30.5620003 -47.3760071 129.037994
v -21.8120003 -36.0640068 149.631989
v -30.5620003 -47.3760071 129.037994
v 21.8120003 -36.0640068 149.631989
v 30.5620003 -47.3760071 129.037994
v 30.5620003 -47.3760071 129.037994
v 21.8120003 -36.0640068 149.631989
v 64.1480026 -50.5400085 188.229996
v -77.6580048 -25.8020153 343.056
v -110.767998 -62.3000107 300.635986
v -113.273994 -69.146019 348.501984
v -92.5119934 -75.9780197 408.617981
v -77.6580048 -25.8020153 343.056
v -113.273994 -69.146019 348.501984
v -77.6580048 -25.8020153 343.056
v -92.5119934 -75.9780197 408.617981
v -59.920002 -34.7340164 387.155975
v -59.920002 -34.7340164 387.155975
v 77.6580048 -25.8020153 343.056
v -77.6580048 -25.8020153 343.056
v 78.302002 -20.3420143 302.875977
v -77.6580048 -25.8020153 343.056
v 77.6580048 -25.8020153 343.056
v 77.6580048 -25.8020153 343.056
v 110.767998 -62.3000107 300.635986
v 78.302002 -20.3420143 302.875977
v 92.6800003 -55.8460121 250.291992
v 78.302002 -20.3420143 302.875977
v 110.767998 -62.3000107 300.635986
v 78.302002 -20.3420143 302.875977
v 92.6800003 -55.8460121 250.291992
v 65.4919968 -18.6620121 264.669983
v 92.6800003 -55.8460121 250.291992
v 35.6300011 -22.7080097 211.889999
v 65.4919968 -18.6620121 264.669983
v -51.5200005 -80.3880157 455.378021
v -59.920002 -34.7340164 387.155975
v -92.5119934 -75.9780197 408.617981
v -59.920002 -34.7340164 387.155975
v -51.5200005 -80.3880157 455.378021
v -31.4440002 -43.2040215 421.582001
v 31.4440002 -43.2040215 421.582001
v -59.920002 -34.7340164 387.155975
v -31.4440002 -43.2040215 421.582001
v -59.920002 -34.7340164 387.155975
v 31.4440002 -43.2040215 421.582001
v 59.920002 -34.7340164 387.155975
v 77.6580048 -25.8020153 343.056
v -59.920002 -34.7340164 387.155975
v 59.920002 -34.7340164 387.155975
v 92.5119934 -75.9780197 408.617981
v 77.6580048 -25.8020153 343.056
v 59.920002 -34.7340164 387.155975
v 77.6580048 -25.8020153 343.056
v 92.5119934 -75.9780197 408.617981
v 113.273994 -69.146019 348.501984
v 110.767998 -62.3000107 300.635986
v 77.6580048 -25.8020153 343.056
v 113.273994 -69.146019 348.501984
v 0 -81.844017 471.169983
v -31.4440002 -43.2040215 421.582001
v -51.5200005 -80.3880157 455.378021
v -31.4440002 -43.2040215 421.582001
v 0 -81.844017 471.169983
v 0 -46.6620178 432.921997
v -31.4440002 -43.2040215 421.582001
v 0 -46.6620178 432.921997
v 31.4440002 -43.2040215 421.582001
v 0 -81.844017 471.169983
v 31.4440002 -43.2040215 421.582001
v 0 -46.6620178 432.921997
v 31.4440002 -43.2040215 421.582001
v 0 -81.844017 471.169983
v 51.5200005 -80.3880157 455.378021
v 51.5200005 -80.3880157 455.378021
v 59.920002 -34.7340164 387.155975
v 31.4440002 -43.2040215 421.582001
v 59.920002 -34.7340164 387.155975
v 51.5200005 -80.3880157 455.378021
v 92.5119934 -75.9780197 408.617981
v 35.6300011 -22.7080097 211.889999
v 92.6800003 -55.8460121 250.291992
v 64.1480026 -50.5400085 188.229996
v 21.8120003 -36.0640068 149.631989
v 35.6300011 -22.7080097 211.889999
v 64.1480026 -50.5400085 188.229996
v 0 -81.844017 471.169983
v 31.5279999 -103.138016 420.461975
v 51.5200005 -80.3880157 455.378021
v 31.5279999 -103.138016 420.461975
v 0 -81.844017 471.169983
v 0 -100.604019 431.395996
v 31.5279999 -103.138016 420.461975
v 0 -100.604019 431.395996
v 0 -109.662018 397.585999
v 59.3320007 -109.718018 387.436005
v 31.5279999 -103.138016 420.461975
v 0 -109.662018 397.585999
v 59.3320007 -109.718018 387.436005
v 51.5200005 -80.3880157 455.378021
v 31.5279999 -103.138016 420.461975
v 51.5200005 -80.3880157 455.378021
v 59.3320007 -109.718018 387.436005
v 92.5119934 -75.9780197 408.617981
v 74.9420013 -114.226021 345.225983
v 92.5119934 -75.9780197 408.617981
v 59.3320007 -109.718018 387.436005
v 92.5119934 -75.9780197 408.617981
v 74.9420013 -114.226021 345.225983
v 113.273994 -69.146019 348.501984
v 0 -81.844017 471.169983
v -31.5279999 -103.138016 420.461975
v 0 -100.604019 431.395996
v 0 -100.604019 431.395996
v -31.5279999 -103.138016 420.461975
v 0 -109.662018 397.585999
v -31.5279999 -103.138016 420.461975
v -59.3320007 -109.718018 387.436005
v 0 -109.662018 397.585999
v -59.3320007 -109.718018 387.436005
v -74.9420013 -114.226021 345.225983
v 0 -109.662018 397.585999
v -74.9420013 -114.226021 345.225983
v 0 -122.948013 369.963989
v 0 -109.662018 397.585999
v 0 -122.948013 369.963989
v 74.9420013 -114.226021 345.225983
v 0 -109.662018 397.585999
v 74.9420013 -114.226021 345.225983
v 59.3320007 -109.718018 387.436005
v 0 -109.662018 397.585999
v -31.5279999 -103.138016 420.461975
v 0 -81.844017 471.169983
v -51.5200005 -80.3880157 455.378021
v -51.5200005 -80.3880157 455.378021
v -59.3320007 -109.718018 387.436005
v -31.5279999 -103.138016 420.461975
v -59.3320007 -109.718018 387.436005
v -51.5200005 -80.3880157 455.378021
v -92.5119934 -75.9780197 408.617981
v -92.5119934 -75.9780197 408.617981
v -74.9420013 -114.226021 345.225983
v -59.3320007 -109.718018 387.436005
v -74.9420013 -114.226021 345.225983
v -92.5119934 -75.9780197 408.617981
v -113.273994 -69.146019 348.501984
v -113.273994 -69.146019 348.501984
v -73.7799988 -112.770012 305.787994
v -74.9420013 -114.226021 345.225983
v -74.9420013 -114.226021 345.225983
v -73.7799988 -112.770012 305.787994
v 0 -128.35202 326.073975
v 0 -122.948013 369.963989
v -74.9420013 -114.226021 345.225983
v 0 -128.35202 326.073975
v 74.9420013 -114.226021 345.225983
v 0 -122.948013 369.963989
v 0 -128.35202 326.073975
v 73.7799988 -112.770012 305.787994
v 74.9420013 -114.226021 345.225983
v 0 -128.35202 326.073975
v 73.7799988 -112.770012 305.787994
v 113.273994 -69.146019 348.501984
v 74.9420013 -114.226021 345.225983
v 113.273994 -69.146019 348.501984
v 73.7799988 -112.770012 305.787994
v 110.767998 -62.3000107 300.635986
v 73.7799988 -112.770012 305.787994
v 92.6800003 -55.8460121 250.291992
v 110.767998 -62.3000107 300.635986
v -73.7799988 -112.770012 305.787994
v -113.273994 -69.146019 348.501984
v -110.767998 -62.3000107 300.635986
v -92.6800003 -55.8460121 250.291992
v -73.7799988 -112.770012 305.787994
v -110.767998 -62.3000107 300.635986
v -73.7799988 -112.770012 305.787994
v -92.6800003 -55.8460121 250.291992
v -59.9480019 -107.674011 266.056
v -73.7799988 -112.770012 305.787994
v -59.9480019 -107.674011 266.056
v 0 -121.058014 267.987976
v -73.7799988 -112.770012 305.787994
v 0 -121.058014 267.987976
v 0 -128.35202 326.073975
v 0 -121.058014 267.987976
v 73.7799988 -112.770012 305.787994
v 0 -128.35202 326.073975
v 0 -121.058014 267.987976
v 59.9480019 -107.674011 266.056
v 73.7799988 -112.770012 305.787994
v 92.6800003 -55.8460121 250.291992
v 73.7799988 -112.770012 305.787994
v 59.9480019 -107.674011 266.056
v 37.9119987 -102.172005 226.37999
v 92.6800003 -55.8460121 250.291992
v 59.9480019 -107.674011 266.056
v 92.6800003 -55.8460121 250.291992
v 37.9119987 -102.172005 226.37999
v 64.1480026 -50.5400085 188.229996
v 11.2420006 -96.1800079 187.585999
v 64.1480026 -50.5400085 188.229996
v 37.9119987 -102.172005 226.37999
v 64.1480026 -50.5400085 188.229996
v 11.2420006 -96.1800079 187.585999
v 30.5620003 -47.3760071 129.037994
v -92.6800003 -55.8460121 250.291992
v -37.9119987 -102.172005 226.37999
v -59.9480019 -107.674011 266.056
v -59.9480019 -107.674011 266.056
v -37.9119987 -102.172005 226.37999
v 0 -103.460014 221.102005
v 0 -121.058014 267.987976
v -59.9480019 -107.674011 266.056
v 0 -103.460014 221.102005
v 59.9480019 -107.674011 266.056
v 0 -121.058014 267.987976
v 0 -103.460014 221.102005
v 37.9119987 -102.172005 226.37999
v 59.9480019 -107.674011 266.056
v 0 -103.460014 221.102005
v 11.2420006 -96.1800079 187.585999
v 37.9119987 -102.172005 226.37999
v 0 -103.460014 221.102005
v -11.2420006 -96.1800079 187.585999
v 11.2420006 -96.1800079 187.585999
v 0 -103.460014 221.102005
v -30.5620003 -47.3760071 129.037994
v 11.2420006 -96.1800079 187.585999
v -11.2420006 -96.1800079 187.585999
v 11.2420006 -96.1800079 187.585999
v -30.5620003 -47.3760071 129.037994
v 30.5620003 -47.3760071 129.037994
v -37.9119987 -102.172005 226.37999
v -92.6800003 -55.8460121 250.291992
v -64.1480026 -50.5400085 188.229996
v -64.1480026 -50.5400085 188.229996
v -11.2420006 -96.1800079 187.585999
v -37.9119987 -102.172005 226.37999
v -37.9119987 -102.172005 226.37999
v -11.2420006 -96.1800079 187.585999
v 0 -103.460014 221.102005
v -11.2420006 -96.1800079 187.585999
v -64.1480026 -50.5400085 188.229996
v -30.5620003 -47.3760071 129.037994
v -204.778 -17.4300022 72.8559952
v -216.537994 2.70199466 124.152
v -213.275986 -18.4100056 121.239998
v -216.537994 2.70199466 124.152
v -204.778 -17.4300022 72.8559952
v -210.294006 7.62999678 71.4140015
v -232.679993 23.673996 76.173996
v -216.537994 2.70199466 124.152
v -210.294006 7.62999678 71.4140015
v -216.537994 2.70199466 124.152
v -232.679993 23.673996 76.173996
v -233.18399 15.5819941 128.436005
v -216.537994 2.70199466 124.152
v -233.18399 15.5819941 128.436005
v -213.332001 -2.50600648 150.919998
v -213.332001 -2.50600648 150.919998
v -213.275986 -18.4100056 121.239998
v -216.537994 2.70199466 124.152
v -213.275986 -18.4100056 121.239998
v -213.332001 -2.50600648 150.919998
v -211.119995 -22.1060066 148.834
v -201.921997 -11.2560072 173.445999
v -211.119995 -22.1060066 148.834
v -213.332001 -2.50600648 150.919998
v -211.119995 -22.1060066 148.834
v -201.921997 -11.2560072 173.445999
v -199.009995 -30.0300064 169.834
v -199.360001 -14.3640013 27.0200005
v -210.294006 7.62999678 71.4140015
v -204.778 -17.4300022 72.8559952
v -210.294006 7.62999678 71.4140015
v -199.360001 -14.3640013 27.0200005
v -204.680008 6.71999884 26.1240005
v -228.494003 22.5119972 34.2579994
v -210.294006 7.62999678 71.4140015
v -204.680008 6.71999884 26.1240005
v -210.294006 7.62999678 71.4140015
v -228.494003 22.5119972 34.2579994
v -232.679993 23.673996 76.173996
v -272.440002 37.0019951 53.5360031
v -232.679993 23.673996 76.173996
v -228.494003 22.5119972 34.2579994
v -232.679993 23.673996 76.173996
v -272.440002 37.0019951 53.5360031
v -266.195984 35.6159973 89.4599991
v -232.679993 23.673996 76.173996
v -266.195984 35.6159973 89.4599991
v -233.18399 15.5819941 128.436005
v -278.277985 28.2099934 152.488007
v -233.18399 15.5819941 128.436005
v -266.195984 35.6159973 89.4599991
v -278.277985 28.2099934 152.488007
v -217.895996 0.937992096 180.376007
v -233.18399 15.5819941 128.436005
v -213.332001 -2.50600648 150.919998
v -233.18399 15.5819941 128.436005
v -217.895996 0.937992096 180.376007
v -213.332001 -2.50600648 150.919998
v -217.895996 0.937992096 180.376007
v -201.921997 -11.2560072 173.445999
v -217.895996 0.937992096 180.376007
v -178.458008 -24.9620075 195.888
v -201.921997 -11.2560072 173.445999
v -178.458008 -24.9620075 195.888
v -199.009995 -30.0300064 169.834
v -201.921997 -11.2560072 173.445999
v -199.009995 -30.0300064 169.834
v -178.458008 -24.9620075 195.888
v -179.634003 -39.8440056 183.862
v -178.458008 -24.9620075 195.888
v -155.428009 -52.83601 196.546005
v -179.634003 -39.8440056 183.862
v -155.428009 -52.83601 196.546005
v -178.458008 -24.9620075 195.888
v -149.98201 -43.3580093 212.841995
v -312.955994 50.8899956 85.9460068
v -266.195984 35.6159973 89.4599991
v -272.440002 37.0019951 53.5360031
v -266.195984 35.6159973 89.4599991
v -312.955994 50.8899956 85.9460068
v -296.365997 43.3439941 114.506004
v -296.365997 43.3439941 114.506004
v -278.277985 28.2099934 152.488007
v -266.195984 35.6159973 89.4599991
v -318.135986 41.4819946 136.317993
v -278.277985 28.2099934 152.488007
v -296.365997 43.3439941 114.506004
v -278.277985 28.2099934 152.488007
v -318.135986 41.4819946 136.317993
v -294.630005 25.1579933 166.054001
v -283.891998 15.6519918 189.966003
v -278.277985 28.2099934 152.488007
v -294.630005 25.1579933 166.054001
v -261.492004 11.6619911 204.651993
v -278.277985 28.2099934 152.488007
v -283.891998 15.6519918 189.966003
v -217.895996 0.937992096 180.376007
v -278.277985 28.2099934 152.488007
v -261.492004 11.6619911 204.651993
v -340.984009 51.4499969 112.419998
v -296.365997 43.3439941 114.506004
v -312.955994 50.8899956 85.9460068
v -296.365997 43.3439941 114.506004
v -340.984009 51.4499969 112.419998
v -318.135986 41.4819946 136.317993
v -347.466003 39.6759949 117.473999
v -318.135986 41.4819946 136.317993
v -340.984009 51.4499969 112.419998
v -318.135986 41.4819946 136.317993
v -347.466003 39.6759949 117.473999
v -326.171997 26.3619938 146.033997
v -326.171997 26.3619938 146.033997
v -294.630005 25.1579933 166.054001
v -318.135986 41.4819946 136.317993
v -294.630005 25.1579933 166.054001
v -326.171997 26.3619938 146.033997
v -304.122009 10.4299927 170.589996
v -304.122009 10.4299927 170.589996
v -283.891998 15.6519918 189.966003
v -294.630005 25.1579933 166.054001
v -283.891998 15.6519918 189.966003
v -304.122009 10.4299927 170.589996
v -292.949982 0.335991561 193.746002
v -292.949982 0.335991561 193.746002
v -279.104004 7.97999048 216.468002
v -283.891998 15.6519918 189.966003
v -279.104004 7.97999048 216.468002
v -261.492004 11.6619911 204.651993
v -283.891998 15.6519918 189.966003
v -279.104004 7.97999048 216.468002
v -249.535995 -2.32401133 259.196014
v -261.492004 11.6619911 204.651993
v -249.535995 -2.32401133 259.196014
v -216.37001 -10.7100105 247.646011
v -261.492004 11.6619911 204.651993
v -216.37001 -10.7100105 247.646011
v -217.895996 0.937992096 180.376007
v -261.492004 11.6619911 204.651993
v -191.534012 -16.4500103 221.550003
v -217.895996 0.937992096 180.376007
v -216.37001 -10.7100105 247.646011
v -178.458008 -24.9620075 195.888
v -217.895996 0.937992096 180.376007
v -191.534012 -16.4500103 221.550003
v -149.98201 -43.3580093 212.841995
v -178.458008 -24.9620075 195.888
v -191.534012 -16.4500103 221.550003
v -279.104004 7.97999048 216.468002
v -292.949982 0.335991561 193.746002
v -289.589996 -6.77600956 220.388
v -289.589996 -6.77600956 220.388
v -279.075989 -0.700011432 261.338013
v -279.104004 7.97999048 216.468002
v -249.535995 -2.32401133 259.196014
v -279.104004 7.97999048 216.468002
v -279.075989 -0.700011432 261.338013
v -284.298004 -9.74401379 304.402008
v -249.535995 -2.32401133 259.196014
v -279.075989 -0.700011432 261.338013
v -249.535995 -2.32401133 259.196014
v -284.298004 -9.74401379 304.402008
v -242.255997 -17.3180141 305.970001
v -242.255997 -17.3180141 305.970001
v -216.37001 -10.7100105 247.646011
v -249.535995 -2.32401133 259.196014
v -216.37001 -10.7100105 247.646011
v -242.255997 -17.3180141 305.970001
v -198.253998 -33.0540123 292.026001
v -165.507996 -36.5400124 253.917999
v -216.37001 -10.7100105 247.646011
v -198.253998 -33.0540123 292.026001
v -216.37001 -10.7100105 247.646011
v -165.507996 -36.5400124 253.917999
v -191.534012 -16.4500103 221.550003
v -165.507996 -36.5400124 253.917999
v -149.98201 -43.3580093 212.841995
v -191.534012 -16.4500103 221.550003
v -279.075989 -0.700011432 261.338013
v -289.589996 -6.77600956 220.388
v -293.537994 -12.3900118 257.768005
v -299.404022 -16.8280125 294.839996
v -279.075989 -0.700011432 261.338013
v -293.537994 -12.3900118 257.768005
v -279.075989 -0.700011432 261.338013
v -299.404022 -16.8280125 294.839996
v -284.298004 -9.74401379 304.402008
v 44.5620003 -34.0759888 -199.667999
v 55.4119987 19.0400047 -106.162003
v 37.8419991 13.1600084 -199.486008
v 55.4119987 19.0400047 -106.162003
v 44.5620003 -34.0759888 -199.667999
v 62.7479973 -33.8799934 -105.335999
v 85.8339996 16.7720013 -19.3199997
v 55.4119987 19.0400047 -106.162003
v 62.7479973 -33.8799934 -105.335999
v 106.637993 -75.0539932 -18.2280025
v 85.8339996 16.7720013 -19.3199997
v 62.7479973 -33.8799934 -105.335999
v 82.7679977 -75.4039993 -101.863998
v 106.637993 -75.0539932 -18.2280025
v 62.7479973 -33.8799934 -105.335999
v 62.7479973 -33.8799934 -105.335999
v 64.4560013 -70.2099915 -190.694
v 82.7679977 -75.4039993 -101.863998
v 36.6660004 4.85801268 -296.002014
v 44.5620003 -34.0759888 -199.667999
v 37.8419991 13.1600084 -199.486008
v 44.5620003 -34.0759888 -199.667999
v 36.6660004 4.85801268 -296.002014
v 40.6559982 -32.7459869 -297.486023
v 58.3800011 -60.8159866 -282.268005
v 44.5620003 -34.0759888 -199.667999
v 40.6559982 -32.7459869 -297.486023
v 44.5620003 -34.0759888 -199.667999
v 58.3800011 -60.8159866 -282.268005
v 64.4560013 -70.2099915 -190.694
v 64.4560013 -70.2099915 -190.694
v 62.7479973 -33.8799934 -105.335999
v 44.5620003 -34.0759888 -199.667999
v 42.5460014 -11.8859844 -362.291992
v 40.6559982 -32.7459869 -297.486023
v 36.6660004 4.85801268 -296.002014
v 40.6559982 -32.7459869 -297.486023
v 42.5460014 -11.8859844 -362.291992
v 42.9379997 -25.6899853 -377.062012
v 50.8760033 -47.4459839 -350.084015
v 40.6559982 -32.7459869 -297.486023
v 42.9379997 -25.6899853 -377.062012
v 40.6559982 -32.7459869 -297.486023
v 50.8760033 -47.4459839 -350.084015
v 58.3800011 -60.8159866 -282.268005
v -142.505997 141.820023 -522.857971
v -139.496002 148.260025 -565.235962
v -145.501999 151.15802 -522.143982
v -139.496002 148.260025 -565.235962
v -142.505997 141.820023 -522.857971
v -135.576004 138.208023 -568.064026
v -135.576004 138.208023 -568.064026
v -142.464005 143.752029 -592.213989
v -139.496002 148.260025 -565.235962
v -142.464005 143.752029 -592.213989
v -135.576004 138.208023 -568.064026
v -138.684006 135.072021 -595.517944
v -138.684006 135.072021 -595.517944
v -147.854004 142.100021 -598.877991
v -142.464005 143.752029 -592.213989
v -145.501999 151.15802 -522.143982
v -152.054001 139.580017 -494.53598
v -142.505997 141.820023 -522.857971
v -152.054001 139.580017 -494.53598
v -144.899994 132.090027 -520.114014
v -142.505997 141.820023 -522.857971
v -138.893997 128.758026 -558.263977
v -142.505997 141.820023 -522.857971
v -144.899994 132.090027 -520.114014
v -142.505997 141.820023 -522.857971
v -138.893997 128.758026 -558.263977
v -135.576004 138.208023 -568.064026
v -142.128006 126.518028 -589.890015
v -135.576004 138.208023 -568.064026
v -138.893997 128.758026 -558.263977
v -135.576004 138.208023 -568.064026
v -142.128006 126.518028 -589.890015
v -138.684006 135.072021 -595.517944
v -147.671997 125.566025 -596.484009
v -138.684006 135.072021 -595.517944
v -142.128006 126.518028 -589.890015
v -138.684006 135.072021 -595.517944
v -147.671997 125.566025 -596.484009
v -144.256012 133.65802 -602.48999
v -147.854004 142.100021 -598.877991
v -138.684006 135.072021 -595.517944
v -144.256012 133.65802 -602.48999
v -152.054001 139.580017 -494.53598
v -145.501999 151.15802 -522.143982
v -158.283997 157.108017 -493.877991
v -158.283997 157.108017 -493.877991
v -173.082001 142.996017 -461.145996
v -152.054001 139.580017 -494.53598
v -175.798004 133.098022 -459.256012
v -152.054001 139.580017 -494.53598
v -173.082001 142.996017 -461.145996
v -172.928009 122.864021 -471.603973
v -152.054001 139.580017 -494.53598
v -175.798004 133.098022 -459.256012
v -152.054001 139.580017 -494.53598
v -172.928009 122.864021 -471.603973
v -156.085999 124.516022 -500.458008
v -152.054001 139.580017 -494.53598
v -156.085999 124.516022 -500.458008
v -144.899994 132.090027 -520.114014
v -149.477997 120.246025 -541.380005
v -144.899994 132.090027 -520.114014
v -156.085999 124.516022 -500.458008
v -144.899994 132.090027 -520.114014
v -149.477997 120.246025 -541.380005
v -138.893997 128.758026 -558.263977
v -154.490005 119.000031 -580.846008
v -138.893997 128.758026 -558.263977
v -149.477997 120.246025 -541.380005
v -138.893997 128.758026 -558.263977
v -154.490005 119.000031 -580.846008
v -142.128006 126.518028 -589.890015
v -142.128006 126.518028 -589.890015
v -154.490005 119.000031 -580.846008
v -147.671997 125.566025 -596.484009
v -173.082001 142.996017 -461.145996
v -158.283997 157.108017 -493.877991
v -171.429993 153.188019 -467.431976
v -216.650009 155.246017 -418.79599
v -173.082001 142.996017 -461.145996
v -171.429993 153.188019 -467.431976
v -173.082001 142.996017 -461.145996
v -216.650009 155.246017 -418.79599
v -227.065994 141.624023 -405.089996
v -227.065994 141.624023 -405.089996
v -175.798004 133.098022 -459.256012
v -173.082001 142.996017 -461.145996
v -175.798004 133.098022 -459.256012
v -227.065994 141.624023 -405.089996
v -230.636002 127.582016 -402.149994
v -216.929993 116.08802 -423.653992
v -175.798004 133.098022 -459.256012
v -230.636002 127.582016 -402.149994
v -175.798004 133.098022 -459.256012
v -216.929993 116.08802 -423.653992
v -172.928009 122.864021 -471.603973
v -210.811996 109.886017 -441.420013
v -172.928009 122.864021 -471.603973
v -216.929993 116.08802 -423.653992
v -172.928009 122.864021 -471.603973
v -210.811996 109.886017 -441.420013
v -168.504013 115.332024 -499.855988
v -168.504013 115.332024 -499.855988
v -156.085999 124.516022 -500.458008
v -172.928009 122.864021 -471.603973
v -156.085999 124.516022 -500.458008
v -168.504013 115.332024 -499.855988
v -149.477997 120.246025 -541.380005
v -171.248001 112.57402 -536.858032
v -149.477997 120.246025 -541.380005
v -168.504013 115.332024 -499.855988
v -149.477997 120.246025 -541.380005
v -171.248001 112.57402 -536.858032
v -154.490005 119.000031 -580.846008
v -227.065994 141.624023 -405.089996
v -216.650009 155.246017 -418.79599
v -238.62999 153.692017 -391.243988
v -238.62999 153.692017 -391.243988
v -241.920013 134.848007 -383.459991
v -227.065994 141.624023 -405.089996
v -241.920013 134.848007 -383.459991
v -230.636002 127.582016 -402.149994
v -227.065994 141.624023 -405.089996
v -241.920013 134.848007 -383.459991
v -242.522003 114.856018 -389.746002
v -230.636002 127.582016 -402.149994
v -216.929993 116.08802 -423.653992
v -230.636002 127.582016 -402.149994
v -242.522003 114.856018 -389.746002
v -247.996002 104.650017 -389.619995
v -216.929993 116.08802 -423.653992
v -242.522003 114.856018 -389.746002
v -216.929993 116.08802 -423.653992
v -247.996002 104.650017 -389.619995
v -210.811996 109.886017 -441.420013
v -247.996002 104.650017 -389.619995
v -243.628006 101.612015 -410.858002
v -210.811996 109.886017 -441.420013
v -210.811996 109.886017 -441.420013
v -243.628006 101.612015 -410.858002
v -192.248001 109.970016 -478.645996
v -192.248001 109.970016 -478.645996
v -168.504013 115.332024 -499.855988
v -210.811996 109.886017 -441.420013
v -171.248001 112.57402 -536.858032
v -168.504013 115.332024 -499.855988
v -192.248001 109.970016 -478.645996
v -251.958008 154.308014 -364.854004
v -241.920013 134.848007 -383.459991
v -238.62999 153.692017 -391.243988
v -241.920013 134.848007 -383.459991
v -251.958008 154.308014 -364.854004
v -250.362 139.944016 -365.14801
v -241.920013 134.848007 -383.459991
v -250.362 139.944016 -365.14801
v -255.261993 121.296013 -356.272003
v -255.261993 121.296013 -356.272003
v -242.522003 114.856018 -389.746002
v -241.920013 134.848007 -383.459991
v -242.522003 114.856018 -389.746002
v -255.261993 121.296013 -356.272003
v -259.630005 108.500015 -356.355988
v -259.630005 108.500015 -356.355988
v -247.996002 104.650017 -389.619995
v -242.522003 114.856018 -389.746002
v -247.996002 104.650017 -389.619995
v -259.630005 108.500015 -356.355988
v -270.928009 95.3540192 -347.15802
v -270.928009 95.3540192 -347.15802
v -243.628006 101.612015 -410.858002
v -247.996002 104.650017 -389.619995
v -272.216003 142.044022 -293.957977
v -250.362 139.944016 -365.14801
v -251.958008 154.308014 -364.854004
v -250.362 139.944016 -365.14801
v -272.216003 142.044022 -293.957977
v -269.640015 121.450012 -290.779968
v -269.640015 121.450012 -290.779968
v -255.261993 121.296013 -356.272003
v -250.362 139.944016 -365.14801
v -255.261993 121.296013 -356.272003
v -269.640015 121.450012 -290.779968
v -277.549988 98.2100143 -280.574005
v -277.549988 98.2100143 -280.574005
v -272.832001 97.3420105 -320.837982
v -255.261993 121.296013 -356.272003
v -259.630005 108.500015 -356.355988
v -255.261993 121.296013 -356.272003
v -272.832001 97.3420105 -320.837982
v -272.832001 97.3420105 -320.837982
v -270.928009 95.3540192 -347.15802
v -259.630005 108.500015 -356.355988
v -270.928009 95.3540192 -347.15802
v -272.832001 97.3420105 -320.837982
v -290.765991 83.7340164 -319.998016
v -243.628006 101.612015 -410.858002
v -270.928009 95.3540192 -347.15802
v -290.765991 83.7340164 -319.998016
v -290.765991 83.7340164 -319.998016
v -263.339996 94.4860153 -395.037994
v -243.628006 101.612015 -410.858002
v -235.115997 102.298019 -446.992004
v -243.628006 101.612015 -410.858002
v -263.339996 94.4860153 -395.037994
v -235.115997 102.298019 -446.992004
v -192.248001 109.970016 -478.645996
v -243.628006 101.612015 -410.858002
v -294.713989 132.720016 -249.955994
v -269.640015 121.450012 -290.779968
v -272.216003 142.044022 -293.957977
v -269.640015 121.450012 -290.779968
v -294.713989 132.720016 -249.955994
v -289.394012 109.76001 -251.187988
v -289.394012 109.76001 -251.187988
v -277.549988 98.2100143 -280.574005
v -269.640015 121.450012 -290.779968
v -277.549988 98.2100143 -280.574005
v -289.394012 109.76001 -251.187988
v -294.924011 87.5980072 -249.242004
v -294.924011 87.5980072 -249.242004
v -290.850006 81.2140121 -276.962006
v -277.549988 98.2100143 -280.574005
v -272.832001 97.3420105 -320.837982
v -277.549988 98.2100143 -280.574005
v -290.850006 81.2140121 -276.962006
v -290.850006 81.2140121 -276.962006
v -290.765991 83.7340164 -319.998016
v -272.832001 97.3420105 -320.837982
v -290.765991 83.7340164 -319.998016
v -290.850006 81.2140121 -276.962006
v -306.487976 74.2000046 -282.786011
v -306.487976 74.2000046 -282.786011
v -313.179993 75.5720139 -306.879974
v -290.765991 83.7340164 -319.998016
v -263.339996 94.4860153 -395.037994
v -290.765991 83.7340164 -319.998016
v -313.179993 75.5720139 -306.879974
v -294.713989 132.720016 -249.955994
v -309.917999 103.544014 -225.428009
v -289.394012 109.76001 -251.187988
v -309.917999 103.544014 -225.428009
v -294.924011 87.5980072 -249.242004
v -289.394012 109.76001 -251.187988
v -294.924011 87.5980072 -249.242004
v -309.917999 103.544014 -225.428009
v -315.48999 80.9340134 -223.664001
v -315.48999 80.9340134 -223.664001
v -321.902008 65.8840103 -229.515991
v -294.924011 87.5980072 -249.242004
v -290.850006 81.2140121 -276.962006
v -294.924011 87.5980072 -249.242004
v -321.902008 65.8840103 -229.515991
v -321.902008 65.8840103 -229.515991
v -306.487976 74.2000046 -282.786011
v -290.850006 81.2140121 -276.962006
v -306.487976 74.2000046 -282.786011
v -321.902008 65.8840103 -229.515991
v -346.682007 56.8540115 -224.279999
v -346.682007 56.8540115 -224.279999
v -335.51001 69.4680099 -279.118011
v -306.487976 74.2000046 -282.786011
v -313.179993 75.5720139 -306.879974
v -306.487976 74.2000046 -282.786011
v -335.51001 69.4680099 -279.118011
v -309.917999 103.544014 -225.428009
v -294.713989 132.720016 -249.955994
v -315.363983 127.14801 -224.181992
v -315.363983 127.14801 -224.181992
v -343.630005 96.9080124 -193.242004
v -309.917999 103.544014 -225.428009
v -343.630005 96.9080124 -193.242004
v -315.48999 80.9340134 -223.664001
v -309.917999 103.544014 -225.428009
v -315.48999 80.9340134 -223.664001
v -343.630005 96.9080124 -193.242004
v -356.28598 73.7100067 -185.009995
v -356.28598 73.7100067 -185.009995
v -321.902008 65.8840103 -229.515991
v -315.48999 80.9340134 -223.664001
v -321.902008 65.8840103 -229.515991
v -356.28598 73.7100067 -185.009995
v -373.212006 55.5660057 -178.485992
v -373.212006 55.5660057 -178.485992
v -346.682007 56.8540115 -224.279999
v -321.902008 65.8840103 -229.515991
v -346.682007 56.8540115 -224.279999
v -373.212006 55.5660057 -178.485992
v -394.744019 46.0600052 -174.201996
v -394.744019 46.0600052 -174.201996
v -434.630005 41.0060043 -152.82399
v -346.682007 56.8540115 -224.279999
v -335.51001 69.4680099 -279.118011
v -346.682007 56.8540115 -224.279999
v -434.630005 41.0060043 -152.82399
v -343.630005 96.9080124 -193.242004
v -315.363983 127.14801 -224.181992
v -352.18399 119.868004 -188.901993
v -409.051971 124.124008 -147.391998
v -343.630005 96.9080124 -193.242004
v -352.18399 119.868004 -188.901993
v -343.630005 96.9080124 -193.242004
v -409.051971 124.124008 -147.391998
v -398.048004 73.3460007 -152.235992
v -398.048004 73.3460007 -152.235992
v -356.28598 73.7100067 -185.009995
v -343.630005 96.9080124 -193.242004
v -398.048004 73.3460007 -152.235992
v -373.212006 55.5660057 -178.485992
v -356.28598 73.7100067 -185.009995
v -373.212006 55.5660057 -178.485992
v -398.048004 73.3460007 -152.235992
v -412.832001 50.2740097 -146.48201
v -412.832001 50.2740097 -146.48201
v -394.744019 46.0600052 -174.201996
v -373.212006 55.5660057 -178.485992
v -394.744019 46.0600052 -174.201996
v -412.832001 50.2740097 -146.48201
v -432.138 40.446003 -139.860001
v -432.138 40.446003 -139.860001
v -458.415985 37.2540054 -129.024002
v -394.744019 46.0600052 -174.201996
v -434.630005 41.0060043 -152.82399
v -394.744019 46.0600052 -174.201996
v -458.415985 37.2540054 -129.024002
v -458.415985 37.2540054 -129.024002
v -491.049988 52.220005 -142.603989
v -434.630005 41.0060043 -152.82399
v -468.216003 68.8240128 -212.337997
v -434.630005 41.0060043 -152.82399
v -491.049988 52.220005 -142.603989
v -434.630005 41.0060043 -152.82399
v -468.216003 68.8240128 -212.337997
v -421.665985 58.6320076 -210.069992
v -434.630005 41.0060043 -152.82399
v -421.665985 58.6320076 -210.069992
v -335.51001 69.4680099 -279.118011
v -376.236023 66.0100098 -257.096008
v -335.51001 69.4680099 -279.118011
v -421.665985 58.6320076 -210.069992
v -376.236023 66.0100098 -257.096008
v -313.179993 75.5720139 -306.879974
v -335.51001 69.4680099 -279.118011
v -491.049988 52.220005 -142.603989
v -458.415985 37.2540054 -129.024002
v -480.326019 37.7580032 -111.342003
v -498.007996 37.8420029 -86.7439957
v -491.049988 52.220005 -142.603989
v -480.326019 37.7580032 -111.342003
v -491.049988 52.220005 -142.603989
v -498.007996 37.8420029 -86.7439957
v -530.291992 62.2020035 -133.153992
v -536.997986 73.3180084 -163.099991
v -491.049988 52.220005 -142.603989
v -530.291992 62.2020035 -133.153992
v -536.997986 73.3180084 -163.099991
v -468.216003 68.8240128 -212.337997
v -491.049988 52.220005 -142.603989
v -483.252014 76.3280106 -219.477997
v -468.216003 68.8240128 -212.337997
v -536.997986 73.3180084 -163.099991
v -379.722015 85.1340103 -310.715973
v -468.216003 68.8240128 -212.337997
v -483.252014 76.3280106 -219.477997
v -468.216003 68.8240128 -212.337997
v -379.722015 85.1340103 -310.715973
v -319.241974 81.8720169 -343.588013
v -319.241974 81.8720169 -343.588013
v -376.236023 66.0100098 -257.096008
v -468.216003 68.8240128 -212.337997
v -421.665985 58.6320076 -210.069992
v -468.216003 68.8240128 -212.337997
v -376.236023 66.0100098 -257.096008
v -498.007996 37.8420029 -86.7439957
v -550.325989 67.4520035 -118.467995
v -530.291992 62.2020035 -133.153992
v -536.997986 73.3180084 -163.099991
v -530.291992 62.2020035 -133.153992
v -550.325989 67.4520035 -118.467995
v -550.325989 67.4520035 -118.467995
v -565.026001 88.7320099 -148.470001
v -536.997986 73.3180084 -163.099991
v -536.997986 73.3180084 -163.099991
v -565.026001 88.7320099 -148.470001
v -541.365967 95.0600128 -191.912003
v -536.997986 73.3180084 -163.099991
v -541.365967 95.0600128 -191.912003
v -511.223999 84.0420074 -210.335999
v -536.997986 73.3180084 -163.099991
v -511.223999 84.0420074 -210.335999
v -483.252014 76.3280106 -219.477997
v -483.252014 76.3280106 -219.477997
v -511.223999 84.0420074 -210.335999
v -379.722015 85.1340103 -310.715973
v -550.325989 67.4520035 -118.467995
v -498.007996 37.8420029 -86.7439957
v -508.717987 38.1780052 -56.0139961
v -508.717987 38.1780052 -56.0139961
v -546.462036 60.4800034 -77.8539963
v -550.325989 67.4520035 -118.467995
v -546.462036 60.4800034 -77.8539963
v -569.016052 80.4020004 -105.237991
v -550.325989 67.4520035 -118.467995
v -550.325989 67.4520035 -118.467995
v -569.016052 80.4020004 -105.237991
v -565.026001 88.7320099 -148.470001
v -569.016052 80.4020004 -105.237991
v -575.946045 104.51001 -142.589996
v -565.026001 88.7320099 -148.470001
v -553.461975 110.992012 -188.061996
v -565.026001 88.7320099 -148.470001
v -575.946045 104.51001 -142.589996
v -565.026001 88.7320099 -148.470001
v -553.461975 110.992012 -188.061996
v -541.365967 95.0600128 -191.912003
v -515.731995 116.71801 -232.889984
v -541.365967 95.0600128 -191.912003
v -553.461975 110.992012 -188.061996
v -541.365967 95.0600128 -191.912003
v -515.731995 116.71801 -232.889984
v -501.269989 100.548012 -236.893997
v -501.269989 100.548012 -236.893997
v -511.223999 84.0420074 -210.335999
v -541.365967 95.0600128 -191.912003
v -546.462036 60.4800034 -77.8539963
v -508.717987 38.1780052 -56.0139961
v -531.83197 51.6599998 -37.7299957
v -531.83197 51.6599998 -37.7299957
v -557.690002 71.064003 -61.2219963
v -546.462036 60.4800034 -77.8539963
v -569.016052 80.4020004 -105.237991
v -546.462036 60.4800034 -77.8539963
v -557.690002 71.064003 -61.2219963
v -557.690002 71.064003 -61.2219963
v -578.311951 96.404007 -97.6220016
v -569.016052 80.4020004 -105.237991
v -575.946045 104.51001 -142.589996
v -569.016052 80.4020004 -105.237991
v -578.311951 96.404007 -97.6220016
v -581.406006 114.814003 -95.4379959
v -575.946045 104.51001 -142.589996
v -578.311951 96.404007 -97.6220016
v -575.946045 104.51001 -142.589996
v -581.406006 114.814003 -95.4379959
v -579.432007 122.136002 -140.965988
v -557.382019 128.492004 -186.941986
v -575.946045 104.51001 -142.589996
v -579.432007 122.136002 -140.965988
v -575.946045 104.51001 -142.589996
v -557.382019 128.492004 -186.941986
v -553.461975 110.992012 -188.061996
v -557.382019 128.492004 -186.941986
v -515.731995 116.71801 -232.889984
v -553.461975 110.992012 -188.061996
v -531.83197 51.6599998 -37.7299957
v -508.717987 38.1780052 -56.0139961
v -513.044006 40.9640007 -25.9559975
v -513.044006 40.9640007 -25.9559975
v -511.882019 46.0880013 -0.0139979851
v -531.83197 51.6599998 -37.7299957
v -511.882019 46.0880013 -0.0139979851
v -536.242004 61.2639999 -16.7439976
v -531.83197 51.6599998 -37.7299957
v -557.690002 71.064003 -61.2219963
v -531.83197 51.6599998 -37.7299957
v -536.242004 61.2639999 -16.7439976
v -536.242004 61.2639999 -16.7439976
v -564.592041 87.4440002 -51.5059967
v -557.690002 71.064003 -61.2219963
v -578.311951 96.404007 -97.6220016
v -557.690002 71.064003 -61.2219963
v -564.592041 87.4440002 -51.5059967
v -566.971985 106.792 -48.5239944
v -578.311951 96.404007 -97.6220016
v -564.592041 87.4440002 -51.5059967
v -578.311951 96.404007 -97.6220016
v -566.971985 106.792 -48.5239944
v -581.406006 114.814003 -95.4379959
v -564.872009 126.014 -52.1499939
v -581.406006 114.814003 -95.4379959
v -566.971985 106.792 -48.5239944
v -581.406006 114.814003 -95.4379959
v -564.872009 126.014 -52.1499939
v -578.521973 132.944 -98.5039902
v -578.521973 132.944 -98.5039902
v -579.432007 122.136002 -140.965988
v -581.406006 114.814003 -95.4379959
v -579.432007 122.136002 -140.965988
v -578.521973 132.944 -98.5039902
v -575.890015 139.104004 -143.485992
v -575.890015 139.104004 -143.485992
v -557.382019 128.492004 -186.941986
v -579.432007 122.136002 -140.965988
v -536.242004 61.2639999 -16.7439976
v -511.882019 46.0880013 -0.0139979851
v -506.100006 61.8660011 31.1220016
v -506.100006 61.8660011 31.1220016
v -540.80603 78.6240082 -6.21599627
v -536.242004 61.2639999 -16.7439976
v -564.592041 87.4440002 -51.5059967
v -536.242004 61.2639999 -16.7439976
v -540.80603 78.6240082 -6.21599627
v -542.205994 98.3919983 -2.64599562
v -564.592041 87.4440002 -51.5059967
v -540.80603 78.6240082 -6.21599627
v -564.592041 87.4440002 -51.5059967
v -542.205994 98.3919983 -2.64599562
v -566.971985 106.792 -48.5239944
v -541.127991 118.117996 -6.5519948
v -566.971985 106.792 -48.5239944
v -542.205994 98.3919983 -2.64599562
v -566.971985 106.792 -48.5239944
v -541.127991 118.117996 -6.5519948
v -564.872009 126.014 -52.1499939
v -536.830017 135.113998 -17.4859943
v -564.872009 126.014 -52.1499939
v -541.127991 118.117996 -6.5519948
v -564.872009 126.014 -52.1499939
v -536.830017 135.113998 -17.4859943
v -558.264038 142.212006 -62.3419952
v -558.264038 142.212006 -62.3419952
v -578.521973 132.944 -98.5039902
v -564.872009 126.014 -52.1499939
v -578.521973 132.944 -98.5039902
v -558.264038 142.212006 -62.3419952
v -569.548035 148.358002 -106.749992
v -569.548035 148.358002 -106.749992
v -575.890015 139.104004 -143.485992
v -578.521973 132.944 -98.5039902
v -510.874023 89.6559982 40.5580025
v -540.80603 78.6240082 -6.21599627
v -506.100006 61.8660011 31.1220016
v -540.80603 78.6240082 -6.21599627
v -510.874023 89.6559982 40.5580025
v -542.205994 98.3919983 -2.64599562
v -509.011993 106.987991 36.2320061
v -542.205994 98.3919983 -2.64599562
v -510.874023 89.6559982 40.5580025
v -542.205994 98.3919983 -2.64599562
v -509.011993 106.987991 36.2320061
v -541.127991 118.117996 -6.5519948
v -508.200012 122.961998 24.1920052
v -541.127991 118.117996 -6.5519948
v -509.011993 106.987991 36.2320061
v -541.127991 118.117996 -6.5519948
v -508.200012 122.961998 24.1920052
v -536.830017 135.113998 -17.4859943
v -513.940002 135.533997 1.1340059
v -536.830017 135.113998 -17.4859943
v -508.200012 122.961998 24.1920052
v -536.830017 135.113998 -17.4859943
v -513.940002 135.533997 1.1340059
v -541.323975 149.940002 -58.701992
v -541.323975 149.940002 -58.701992
v -558.264038 142.212006 -62.3419952
v -536.830017 135.113998 -17.4859943
v -541.323975 149.940002 -58.701992
v -569.548035 148.358002 -106.749992
v -558.264038 142.212006 -62.3419952
v -569.548035 148.358002 -106.749992
v -541.323975 149.940002 -58.701992
v -554.036011 158.78801 -120.189995
v -554.036011 158.78801 -120.189995
v -565.320007 153.51001 -150.080002
v -569.548035 148.358002 -106.749992
v -575.890015 139.104004 -143.485992
v -569.548035 148.358002 -106.749992
v -565.320007 153.51001 -150.080002
v -565.320007 153.51001 -150.080002
v -553.377991 144.983994 -188.593994
v -575.890015 139.104004 -143.485992
v -557.382019 128.492004 -186.941986
v -575.890015 139.104004 -143.485992
v -553.377991 144.983994 -188.593994
v -513.421997 142.673996 -25.4659939
v -541.323975 149.940002 -58.701992
v -513.940002 135.533997 1.1340059
v -541.323975 149.940002 -58.701992
v -513.421997 142.673996 -25.4659939
v -521.388 152.992004 -68.8099899
v -541.323975 149.940002 -58.701992
v -521.388 152.992004 -68.8099899
v -532.028015 162.946014 -125.369995
v -532.028015 162.946014 -125.369995
v -554.036011 158.78801 -120.189995
v -541.323975 149.940002 -58.701992
v -532.028015 162.946014 -125.369995
v -546.924011 163.338013 -160.552002
v -554.036011 158.78801 -120.189995
v -565.320007 153.51001 -150.080002
v -554.036011 158.78801 -120.189995
v -546.924011 163.338013 -160.552002
v -546.924011 163.338013 -160.552002
v -541.463989 158.466003 -192.947998
v -565.320007 153.51001 -150.080002
v -553.377991 144.983994 -188.593994
v -565.320007 153.51001 -150.080002
v -541.463989 158.466003 -192.947998
v -541.463989 158.466003 -192.947998
v -511.083984 150.430008 -238.027985
v -553.377991 144.983994 -188.593994
v -516.85199 134.28801 -235.619995
v -553.377991 144.983994 -188.593994
v -511.083984 150.430008 -238.027985
v -553.377991 144.983994 -188.593994
v -516.85199 134.28801 -235.619995
v -557.382019 128.492004 -186.941986
v -515.731995 116.71801 -232.889984
v -557.382019 128.492004 -186.941986
v -516.85199 134.28801 -235.619995
v -506.744019 145.599991 -56.6719933
v -521.388 152.992004 -68.8099899
v -513.421997 142.673996 -25.4659939
v -494.382019 145.725998 -85.7080002
v -521.388 152.992004 -68.8099899
v -506.744019 145.599991 -56.6719933
v -521.388 152.992004 -68.8099899
v -494.382019 145.725998 -85.7080002
v -483.965973 155.147995 -120.273994
v -483.965973 155.147995 -120.273994
v -501.675995 165.060013 -148.175995
v -521.388 152.992004 -68.8099899
v -532.028015 162.946014 -125.369995
v -521.388 152.992004 -68.8099899
v -501.675995 165.060013 -148.175995
v -501.675995 165.060013 -148.175995
v -514.653992 169.498016 -174.509995
v -532.028015 162.946014 -125.369995
v -546.924011 163.338013 -160.552002
v -532.028015 162.946014 -125.369995
v -514.653992 169.498016 -174.509995
v -514.653992 169.498016 -174.509995
v -521.5 166.99202 -199.990005
v -546.924011 163.338013 -160.552002
v -541.463989 158.466003 -192.947998
v -546.924011 163.338013 -160.552002
v -521.5 166.99202 -199.990005
v -521.5 166.99202 -199.990005
v -498.75 162.666016 -240.016006
v -541.463989 158.466003 -192.947998
v -511.083984 150.430008 -238.027985
v -541.463989 158.466003 -192.947998
v -498.75 162.666016 -240.016006
v -476.238007 145.782013 -108.863991
v -483.965973 155.147995 -120.273994
v -494.382019 145.725998 -85.7080002
v -445.59201 142.95401 -131.501999
v -483.965973 155.147995 -120.273994
v -476.238007 145.782013 -108.863991
v -483.965973 155.147995 -120.273994
v -445.59201 142.95401 -131.501999
v -423.556 150.556 -154.139984
v -423.556 150.556 -154.139984
v -470.75 160.608002 -147.391998
v -483.965973 155.147995 -120.273994
v -501.675995 165.060013 -148.175995
v -483.965973 155.147995 -120.273994
v -470.75 160.608002 -147.391998
v -501.675995 165.060013 -148.175995
v -470.75 160.608002 -147.391998
v -378.531982 170.618011 -228.465988
v -378.531982 170.618011 -228.465988
v -514.653992 169.498016 -174.509995
v -501.675995 165.060013 -148.175995
v -378.531982 170.618011 -228.465988
v -486.709991 172.060013 -211.343994
v -514.653992 169.498016 -174.509995
v -521.5 166.99202 -199.990005
v -514.653992 169.498016 -174.509995
v -486.709991 172.060013 -211.343994
v -486.709991 172.060013 -211.343994
v -475.915985 169.918015 -245.097992
v -521.5 166.99202 -199.990005
v -498.75 162.666016 -240.016006
v -521.5 166.99202 -199.990005
v -475.915985 169.918015 -245.097992
v -409.051971 124.124008 -147.391998
v -423.556 150.556 -154.139984
v -445.59201 142.95401 -131.501999
v -423.556 150.556 -154.139984
v -409.051971 124.124008 -147.391998
v -383.809998 135.197998 -169.945984
v -383.809998 135.197998 -169.945984
v -372.050018 155.666 -197.442001
v -423.556 150.556 -154.139984
v -406.294006 161.587997 -185.906006
v -423.556 150.556 -154.139984
v -372.050018 155.666 -197.442001
v -470.75 160.608002 -147.391998
v -423.556 150.556 -154.139984
v -406.294006 161.587997 -185.906006
v -406.294006 161.587997 -185.906006
v -378.531982 170.618011 -228.465988
v -470.75 160.608002 -147.391998
v -383.809998 135.197998 -169.945984
v -409.051971 124.124008 -147.391998
v -352.18399 119.868004 -188.901993
v -352.18399 119.868004 -188.901993
v -339.149994 145.222015 -211.861984
v -383.809998 135.197998 -169.945984
v -372.050018 155.666 -197.442001
v -383.809998 135.197998 -169.945984
v -339.149994 145.222015 -211.861984
v -339.149994 145.222015 -211.861984
v -331.169983 164.892014 -246.455994
v -372.050018 155.666 -197.442001
v -378.531982 170.618011 -228.465988
v -372.050018 155.666 -197.442001
v -331.169983 164.892014 -246.455994
v -372.050018 155.666 -197.442001
v -378.531982 170.618011 -228.465988
v -406.294006 161.587997 -185.906006
v -339.149994 145.222015 -211.861984
v -352.18399 119.868004 -188.901993
v -315.363983 127.14801 -224.181992
v -315.363983 127.14801 -224.181992
v -311.108002 151.956009 -245.65799
v -339.149994 145.222015 -211.861984
v -331.169983 164.892014 -246.455994
v -339.149994 145.222015 -211.861984
v -311.108002 151.956009 -245.65799
v -331.169983 164.892014 -246.455994
v -311.108002 151.956009 -245.65799
v -289.18399 157.892014 -282.323975
v -289.18399 157.892014 -282.323975
v -288.904022 169.736008 -312.074005
v -331.169983 164.892014 -246.455994
v -303.212006 172.522018 -309.413971
v -331.169983 164.892014 -246.455994
v -288.904022 169.736008 -312.074005
v -331.169983 164.892014 -246.455994
v -303.212006 172.522018 -309.413971
v -378.531982 170.618011 -228.465988
v -377.271973 173.376007 -254.40799
v -378.531982 170.618011 -228.465988
v -303.212006 172.522018 -309.413971
v -486.709991 172.060013 -211.343994
v -378.531982 170.618011 -228.465988
v -377.271973 173.376007 -254.40799
v -311.108002 151.956009 -245.65799
v -315.363983 127.14801 -224.181992
v -294.713989 132.720016 -249.955994
v -294.713989 132.720016 -249.955994
v -289.18399 157.892014 -282.323975
v -311.108002 151.956009 -245.65799
v -289.18399 157.892014 -282.323975
v -294.713989 132.720016 -249.955994
v -272.216003 142.044022 -293.957977
v -272.216003 142.044022 -293.957977
v -267.302002 163.814011 -337.357971
v -289.18399 157.892014 -282.323975
v -288.904022 169.736008 -312.074005
v -289.18399 157.892014 -282.323975
v -267.302002 163.814011 -337.357971
v -288.904022 169.736008 -312.074005
v -267.302002 163.814011 -337.357971
v -251.244003 164.486023 -374.877991
v -251.244003 164.486023 -374.877991
v -241.835999 169.694016 -401.78598
v -288.904022 169.736008 -312.074005
v -303.212006 172.522018 -309.413971
v -288.904022 169.736008 -312.074005
v -241.835999 169.694016 -401.78598
v -241.835999 169.694016 -401.78598
v -230.089996 171.262009 -435.399963
v -303.212006 172.522018 -309.413971
v -306.85202 171.318024 -396.507996
v -303.212006 172.522018 -309.413971
v -230.089996 171.262009 -435.399963
v -303.212006 172.522018 -309.413971
v -306.85202 171.318024 -396.507996
v -327.893982 171.794022 -317.701996
v -327.893982 171.794022 -317.701996
v -377.271973 173.376007 -254.40799
v -303.212006 172.522018 -309.413971
v -267.302002 163.814011 -337.357971
v -272.216003 142.044022 -293.957977
v -251.958008 154.308014 -364.854004
v -251.958008 154.308014 -364.854004
v -251.244003 164.486023 -374.877991
v -267.302002 163.814011 -337.357971
v -251.244003 164.486023 -374.877991
v -251.958008 154.308014 -364.854004
v -238.62999 153.692017 -391.243988
v -238.62999 153.692017 -391.243988
v -228.242004 164.220016 -411.417999
v -251.244003 164.486023 -374.877991
v -241.835999 169.694016 -401.78598
v -251.244003 164.486023 -374.877991
v -228.242004 164.220016 -411.417999
v -189.041992 162.960022 -455.97998
v -241.835999 169.694016 -401.78598
v -228.242004 164.220016 -411.417999
v -241.835999 169.694016 -401.78598
v -189.041992 162.960022 -455.97998
v -180.110001 166.726013 -480.10199
v -180.110001 166.726013 -480.10199
v -230.089996 171.262009 -435.399963
v -241.835999 169.694016 -401.78598
v -230.089996 171.262009 -435.399963
v -180.110001 166.726013 -480.10199
v -193.115997 168.882019 -486.962006
v -261.492004 168.308029 -463.889984
v -230.089996 171.262009 -435.399963
v -193.115997 168.882019 -486.962006
v -261.492004 168.308029 -463.889984
v -306.85202 171.318024 -396.507996
v -230.089996 171.262009 -435.399963
v -228.242004 164.220016 -411.417999
v -238.62999 153.692017 -391.243988
v -216.650009 155.246017 -418.79599
v -228.242004 164.220016 -411.417999
v -216.650009 155.246017 -418.79599
v -189.041992 162.960022 -455.97998
v -171.429993 153.188019 -467.431976
v -189.041992 162.960022 -455.97998
v -216.650009 155.246017 -418.79599
v -189.041992 162.960022 -455.97998
v -171.429993 153.188019 -467.431976
v -158.283997 157.108017 -493.877991
v -158.283997 157.108017 -493.877991
v -180.110001 166.726013 -480.10199
v -189.041992 162.960022 -455.97998
v -180.110001 166.726013 -480.10199
v -158.283997 157.108017 -493.877991
v -152.320007 159.194016 -526.666016
v -152.320007 159.194016 -526.666016
v -167.580002 164.066025 -521.17804
v -180.110001 166.726013 -480.10199
v -193.115997 168.882019 -486.962006
v -180.110001 166.726013 -480.10199
v -167.580002 164.066025 -521.17804
v -193.115997 168.882019 -486.962006
v -167.580002 164.066025 -521.17804
v -180.011993 156.842026 -562.799988
v -180.011993 156.842026 -562.799988
v -214.998001 162.036026 -525.531982
v -193.115997 168.882019 -486.962006
v -193.115997 168.882019 -486.962006
v -214.998001 162.036026 -525.531982
v -261.492004 168.308029 -463.889984
v -214.998001 162.036026 -525.531982
v -266.671997 164.206009 -476.686005
v -261.492004 168.308029 -463.889984
v -316.14798 168.546021 -411.291992
v -261.492004 168.308029 -463.889984
v -266.671997 164.206009 -476.686005
v -261.492004 168.308029 -463.889984
v -316.14798 168.546021 -411.291992
v -306.85202 171.318024 -396.507996
v -152.320007 159.194016 -526.666016
v -158.283997 157.108017 -493.877991
v -145.501999 151.15802 -522.143982
v -152.320007 159.194016 -526.666016
v -145.501999 151.15802 -522.143982
v -139.496002 148.260025 -565.235962
v -139.496002 148.260025 -565.235962
v -151.59201 153.440018 -572.600037
v -152.320007 159.194016 -526.666016
v -167.580002 164.066025 -521.17804
v -152.320007 159.194016 -526.666016
v -151.59201 153.440018 -572.600037
v -151.59201 153.440018 -572.600037
v -180.011993 156.842026 -562.799988
v -167.580002 164.066025 -521.17804
v -180.011993 156.842026 -562.799988
v -151.59201 153.440018 -572.600037
v -163.548004 148.94603 -587.145996
v -189.951996 148.120026 -568.931946
v -180.011993 156.842026 -562.799988
v -163.548004 148.94603 -587.145996
v -180.011993 156.842026 -562.799988
v -189.951996 148.120026 -568.931946
v -207.494003 155.764023 -546.643982
v -207.494003 155.764023 -546.643982
v -214.998001 162.036026 -525.531982
v -180.011993 156.842026 -562.799988
v -266.671997 164.206009 -476.686005
v -214.998001 162.036026 -525.531982
v -207.494003 155.764023 -546.643982
v -253.988007 156.226028 -501.955994
v -266.671997 164.206009 -476.686005
v -207.494003 155.764023 -546.643982
v -266.671997 164.206009 -476.686005
v -253.988007 156.226028 -501.955994
v -305.871979 161.476013 -441.349976
v -305.871979 161.476013 -441.349976
v -316.14798 168.546021 -411.291992
v -266.671997 164.206009 -476.686005
v -151.59201 153.440018 -572.600037
v -139.496002 148.260025 -565.235962
v -142.464005 143.752029 -592.213989
v -142.464005 143.752029 -592.213989
v -163.548004 148.94603 -587.145996
v -151.59201 153.440018 -572.600037
v -163.548004 148.94603 -587.145996
v -142.464005 143.752029 -592.213989
v -147.854004 142.100021 -598.877991
v -157.080002 140.924026 -597.52002
v -163.548004 148.94603 -587.145996
v -147.854004 142.100021 -598.877991
v -180.557999 142.632034 -579.236023
v -163.548004 148.94603 -587.145996
v -157.080002 140.924026 -597.52002
v -163.548004 148.94603 -587.145996
v -180.557999 142.632034 -579.236023
v -189.951996 148.120026 -568.931946
v -260.973999 147.378021 -499.561981
v -189.951996 148.120026 -568.931946
v -180.557999 142.632034 -579.236023
v -189.951996 148.120026 -568.931946
v -260.973999 147.378021 -499.561981
v -253.988007 156.226028 -501.955994
v -207.494003 155.764023 -546.643982
v -189.951996 148.120026 -568.931946
v -253.988007 156.226028 -501.955994
v -157.080002 140.924026 -597.52002
v -170.35199 133.238022 -588.643982
v -180.557999 142.632034 -579.236023
v -270.843994 136.458023 -490.629974
v -180.557999 142.632034 -579.236023
v -170.35199 133.238022 -588.643982
v -180.557999 142.632034 -579.236023
v -270.843994 136.458023 -490.629974
v -260.973999 147.378021 -499.561981
v -270.843994 136.458023 -490.629974
v -311.891998 150.136017 -444.765991
v -260.973999 147.378021 -499.561981
v -305.871979 161.476013 -441.349976
v -260.973999 147.378021 -499.561981
v -311.891998 150.136017 -444.765991
v -260.973999 147.378021 -499.561981
v -305.871979 161.476013 -441.349976
v -253.988007 156.226028 -501.955994
v -170.35199 133.238022 -588.643982
v -157.080002 140.924026 -597.52002
v -153.272003 132.860031 -600.893982
v -157.024002 125.090019 -595.125977
v -170.35199 133.238022 -588.643982
v -153.272003 132.860031 -600.893982
v -170.35199 133.238022 -588.643982
v -157.024002 125.090019 -595.125977
v -176.498001 124.670029 -580.888
v -176.498001 124.670029 -580.888
v -270.843994 136.458023 -490.629974
v -170.35199 133.238022 -588.643982
v -270.843994 136.458023 -490.629974
v -176.498001 124.670029 -580.888
v -270.171997 126.72802 -489.201965
v -270.171997 126.72802 -489.201965
v -307.384003 138.796021 -460.249969
v -270.843994 136.458023 -490.629974
v -311.891998 150.136017 -444.765991
v -270.843994 136.458023 -490.629974
v -307.384003 138.796021 -460.249969
v -147.854004 142.100021 -598.877991
v -153.272003 132.860031 -600.893982
v -157.080002 140.924026 -597.52002
v -153.272003 132.860031 -600.893982
v -147.854004 142.100021 -598.877991
v -144.256012 133.65802 -602.48999
v -147.671997 125.566025 -596.484009
v -153.272003 132.860031 -600.893982
v -144.256012 133.65802 -602.48999
v -153.272003 132.860031 -600.893982
v -147.671997 125.566025 -596.484009
v -157.024002 125.090019 -595.125977
v -154.490005 119.000031 -580.846008
v -157.024002 125.090019 -595.125977
v -147.671997 125.566025 -596.484009
v -157.024002 125.090019 -595.125977
v -154.490005 119.000031 -580.846008
v -168.700012 118.160027 -579.726013
v -168.700012 118.160027 -579.726013
v -176.498001 124.670029 -580.888
v -157.024002 125.090019 -595.125977
v -176.498001 124.670029 -580.888
v -168.700012 118.160027 -579.726013
v -185.794006 119.252029 -569.197998
v -185.794006 119.252029 -569.197998
v -270.171997 126.72802 -489.201965
v -176.498001 124.670029 -580.888
v -270.171997 126.72802 -489.201965
v -185.794006 119.252029 -569.197998
v -265.272003 117.166023 -488.641998
v -301.65802 109.382019 -459.298004
v -270.171997 126.72802 -489.201965
v -265.272003 117.166023 -488.641998
v -270.171997 126.72802 -489.201965
v -301.65802 109.382019 -459.298004
v -327.824005 122.934013 -444.234009
v -307.384003 138.796021 -460.249969
v -270.171997 126.72802 -489.201965
v -327.824005 122.934013 -444.234009
v -307.384003 138.796021 -460.249969
v -327.824005 122.934013 -444.234009
v -354.298004 140.056015 -414.078003
v -311.891998 150.136017 -444.765991
v -307.384003 138.796021 -460.249969
v -354.298004 140.056015 -414.078003
v -188.160004 112.378021 -553.406006
v -168.700012 118.160027 -579.726013
v -154.490005 119.000031 -580.846008
v -188.160004 112.378021 -553.406006
v -185.794006 119.252029 -569.197998
v -168.700012 118.160027 -579.726013
v -185.794006 119.252029 -569.197998
v -188.160004 112.378021 -553.406006
v -209.188004 113.596024 -540.596008
v -185.794006 119.252029 -569.197998
v -209.188004 113.596024 -540.596008
v -265.272003 117.166023 -488.641998
v -256.031982 110.278023 -487.241974
v -265.272003 117.166023 -488.641998
v -209.188004 113.596024 -540.596008
v -289.212006 101.402023 -454.160004
v -265.272003 117.166023 -488.641998
v -256.031982 110.278023 -487.241974
v -265.272003 117.166023 -488.641998
v -289.212006 101.402023 -454.160004
v -301.65802 109.382019 -459.298004
v -289.212006 101.402023 -454.160004
v -333.802002 104.146019 -429.100006
v -301.65802 109.382019 -459.298004
v -333.802002 104.146019 -429.100006
v -327.824005 122.934013 -444.234009
v -301.65802 109.382019 -459.298004
v -333.802002 104.146019 -429.100006
v -371.406006 121.296021 -400.372009
v -327.824005 122.934013 -444.234009
v -371.406006 121.296021 -400.372009
v -354.298004 140.056015 -414.078003
v -327.824005 122.934013 -444.234009
v -188.160004 112.378021 -553.406006
v -154.490005 119.000031 -580.846008
v -171.248001 112.57402 -536.858032
v -188.160004 112.378021 -553.406006
v -171.248001 112.57402 -536.858032
v -235.115997 102.298019 -446.992004
v -188.160004 112.378021 -553.406006
v -235.115997 102.298019 -446.992004
v -263.186005 99.2320175 -427.853973
v -188.160004 112.378021 -553.406006
v -263.186005 99.2320175 -427.853973
v -253.694 105.364021 -474.152008
v -253.694 105.364021 -474.152008
v -209.188004 113.596024 -540.596008
v -188.160004 112.378021 -553.406006
v -209.188004 113.596024 -540.596008
v -253.694 105.364021 -474.152008
v -256.031982 110.278023 -487.241974
v -256.031982 110.278023 -487.241974
v -253.694 105.364021 -474.152008
v -289.212006 101.402023 -454.160004
v -289.212006 101.402023 -454.160004
v -253.694 105.364021 -474.152008
v -308.503998 92.9600143 -393.358002
v -289.212006 101.402023 -454.160004
v -308.503998 92.9600143 -393.358002
v -331.799988 95.7180176 -405.286011
v -333.802002 104.146019 -429.100006
v -289.212006 101.402023 -454.160004
v -331.799988 95.7180176 -405.286011
v -333.802002 104.146019 -429.100006
v -331.799988 95.7180176 -405.286011
v -363.132019 101.150024 -397.277985
v -371.406006 121.296021 -400.372009
v -333.802002 104.146019 -429.100006
v -363.132019 101.150024 -397.277985
v -192.248001 109.970016 -478.645996
v -235.115997 102.298019 -446.992004
v -171.248001 112.57402 -536.858032
v -308.503998 92.9600143 -393.358002
v -253.694 105.364021 -474.152008
v -263.186005 99.2320175 -427.853973
v -319.241974 81.8720169 -343.588013
v -308.503998 92.9600143 -393.358002
v -263.186005 99.2320175 -427.853973
v -333.843994 91.0980148 -364.909973
v -308.503998 92.9600143 -393.358002
v -319.241974 81.8720169 -343.588013
v -333.843994 91.0980148 -364.909973
v -331.799988 95.7180176 -405.286011
v -308.503998 92.9600143 -393.358002
v -333.843994 91.0980148 -364.909973
v -370.230011 93.1980209 -351.694
v -331.799988 95.7180176 -405.286011
v -370.230011 93.1980209 -351.694
v -363.132019 101.150024 -397.277985
v -331.799988 95.7180176 -405.286011
v -363.132019 101.150024 -397.277985
v -370.230011 93.1980209 -351.694
v -390.026001 102.466011 -360.681976
v -390.026001 102.466011 -360.681976
v -371.406006 121.296021 -400.372009
v -363.132019 101.150024 -397.277985
v -263.339996 94.4860153 -395.037994
v -319.241974 81.8720169 -343.588013
v -263.186005 99.2320175 -427.853973
v -319.241974 81.8720169 -343.588013
v -263.339996 94.4860153 -395.037994
v -313.179993 75.5720139 -306.879974
v -313.179993 75.5720139 -306.879974
v -376.236023 66.0100098 -257.096008
v -319.241974 81.8720169 -343.588013
v -235.115997 102.298019 -446.992004
v -263.339996 94.4860153 -395.037994
v -263.186005 99.2320175 -427.853973
v -371.406006 121.296021 -400.372009
v -390.026001 102.466011 -360.681976
v -398.481995 122.304016 -362.599976
v -416.303986 109.018013 -315.252014
v -398.481995 122.304016 -362.599976
v -390.026001 102.466011 -360.681976
v -398.481995 122.304016 -362.599976
v -416.303986 109.018013 -315.252014
v -425.809998 124.712013 -317.296021
v -429.296021 140.336014 -317.268005
v -398.481995 122.304016 -362.599976
v -425.809998 124.712013 -317.296021
v -398.481995 122.304016 -362.599976
v -429.296021 140.336014 -317.268005
v -393.554016 143.500015 -360.723999
v -393.554016 143.500015 -360.723999
v -371.406006 121.296021 -400.372009
v -398.481995 122.304016 -362.599976
v -371.406006 121.296021 -400.372009
v -393.554016 143.500015 -360.723999
v -354.298004 140.056015 -414.078003
v -354.298004 140.056015 -414.078003
v -393.554016 143.500015 -360.723999
v -311.891998 150.136017 -444.765991
v -390.026001 102.466011 -360.681976
v -400.161987 95.5780106 -312.914001
v -416.303986 109.018013 -315.252014
v -400.161987 95.5780106 -312.914001
v -501.269989 100.548012 -236.893997
v -416.303986 109.018013 -315.252014
v -501.269989 100.548012 -236.893997
v -425.809998 124.712013 -317.296021
v -416.303986 109.018013 -315.252014
v -425.809998 124.712013 -317.296021
v -501.269989 100.548012 -236.893997
v -515.731995 116.71801 -232.889984
v -515.731995 116.71801 -232.889984
v -516.85199 134.28801 -235.619995
v -425.809998 124.712013 -317.296021
v -429.296021 140.336014 -317.268005
v -425.809998 124.712013 -317.296021
v -516.85199 134.28801 -235.619995
v -511.083984 150.430008 -238.027985
v -429.296021 140.336014 -317.268005
v -516.85199 134.28801 -235.619995
v -429.296021 140.336014 -317.268005
v -511.083984 150.430008 -238.027985
v -426.006012 154.392014 -316.778015
v -426.006012 154.392014 -316.778015
v -393.554016 143.500015 -360.723999
v -429.296021 140.336014 -317.268005
v -400.161987 95.5780106 -312.914001
v -390.026001 102.466011 -360.681976
v -370.230011 93.1980209 -351.694
v -370.230011 93.1980209 -351.694
v -379.722015 85.1340103 -310.715973
v -400.161987 95.5780106 -312.914001
v -400.161987 95.5780106 -312.914001
v -379.722015 85.1340103 -310.715973
v -511.223999 84.0420074 -210.335999
v -501.269989 100.548012 -236.893997
v -400.161987 95.5780106 -312.914001
v -511.223999 84.0420074 -210.335999
v -379.722015 85.1340103 -310.715973
v -370.230011 93.1980209 -351.694
v -348.978027 89.6700134 -344.217987
v -348.978027 89.6700134 -344.217987
v -319.241974 81.8720169 -343.588013
v -379.722015 85.1340103 -310.715973
v -333.843994 91.0980148 -364.909973
v -319.241974 81.8720169 -343.588013
v -348.978027 89.6700134 -344.217987
v -370.230011 93.1980209 -351.694
v -333.843994 91.0980148 -364.909973
v -348.978027 89.6700134 -344.217987
v -498.75 162.666016 -240.016006
v -426.006012 154.392014 -316.778015
v -511.083984 150.430008 -238.027985
v -426.006012 154.392014 -316.778015
v -498.75 162.666016 -240.016006
v -391.705994 165.004013 -338.869995
v -391.705994 165.004013 -338.869995
v -393.554016 143.500015 -360.723999
v -426.006012 154.392014 -316.778015
v -391.705994 165.004013 -338.869995
v -311.891998 150.136017 -444.765991
v -393.554016 143.500015 -360.723999
v -311.891998 150.136017 -444.765991
v -391.705994 165.004013 -338.869995
v -305.871979 161.476013 -441.349976
v -316.14798 168.546021 -411.291992
v -305.871979 161.476013 -441.349976
v -391.705994 165.004013 -338.869995
v -391.705994 165.004013 -338.869995
v -382.885986 170.436005 -329.713989
v -316.14798 168.546021 -411.291992
v -306.85202 171.318024 -396.507996
v -316.14798 168.546021 -411.291992
v -382.885986 170.436005 -329.713989
v -475.915985 169.918015 -245.097992
v -391.705994 165.004013 -338.869995
v -498.75 162.666016 -240.016006
v -391.705994 165.004013 -338.869995
v -475.915985 169.918015 -245.097992
v -382.885986 170.436005 -329.713989
v -442.596008 172.900009 -252.51799
v -382.885986 170.436005 -329.713989
v -475.915985 169.918015 -245.097992
v -382.885986 170.436005 -329.713989
v -442.596008 172.900009 -252.51799
v -306.85202 171.318024 -396.507996
v -306.85202 171.318024 -396.507996
v -442.596008 172.900009 -252.51799
v -327.893982 171.794022 -317.701996
v -377.271973 173.376007 -254.40799
v -327.893982 171.794022 -317.701996
v -442.596008 172.900009 -252.51799
v -377.271973 173.376007 -254.40799
v -442.596008 172.900009 -252.51799
v -486.709991 172.060013 -211.343994
v -475.915985 169.918015 -245.097992
v -486.709991 172.060013 -211.343994
v -442.596008 172.900009 -252.51799
v -42.5460014 -11.8859844 -362.291992
v -40.6559982 -32.7459869 -297.486023
v -42.9379997 -25.6899853 -377.062012
v -40.6559982 -32.7459869 -297.486023
v -42.5460014 -11.8859844 -362.291992
v -36.6660004 4.85801268 -296.002014
v -36.6660004 4.85801268 -296.002014
v -44.5620003 -34.0759888 -199.667999
v -40.6559982 -32.7459869 -297.486023
v -44.5620003 -34.0759888 -199.667999
v -58.3800011 -60.8159866 -282.268005
v -40.6559982 -32.7459869 -297.486023
v -50.8760033 -47.4459839 -350.084015
v -40.6559982 -32.7459869 -297.486023
v -58.3800011 -60.8159866 -282.268005
v -40.6559982 -32.7459869 -297.486023
v -50.8760033 -47.4459839 -350.084015
v -42.9379997 -25.6899853 -377.062012
v -44.5620003 -34.0759888 -199.667999
v -36.6660004 4.85801268 -296.002014
v -37.8419991 13.1600084 -199.486008
v -55.4119987 19.0400047 -106.162003
v -44.5620003 -34.0759888 -199.667999
v -37.8419991 13.1600084 -199.486008
v -44.5620003 -34.0759888 -199.667999
v -55.4119987 19.0400047 -106.162003
v -62.7479973 -33.8799934 -105.335999
v -62.7479973 -33.8799934 -105.335999
v -64.4560013 -70.2099915 -190.694
v -44.5620003 -34.0759888 -199.667999
v -58.3800011 -60.8159866 -282.268005
v -44.5620003 -34.0759888 -199.667999
v -64.4560013 -70.2099915 -190.694
v -55.4119987 19.0400047 -106.162003
v -85.8339996 16.7720013 -19.3199997
v -62.7479973 -33.8799934 -105.335999
v -85.8339996 16.7720013 -19.3199997
v -106.637993 -75.0539932 -18.2280025
v -62.7479973 -33.8799934 -105.335999
v -106.637993 -75.0539932 -18.2280025
v -82.7679977 -75.4039993 -101.863998
v -62.7479973 -33.8799934 -105.335999
v -64.4560013 -70.2099915 -190.694
v -62.7479973 -33.8799934 -105.335999
v -82.7679977 -75.4039993 -101.863998
v 216.537994 2.70199466 124.152
v 204.778 -17.4300022 72.8559952
v 213.275986 -18.4100056 121.239998
v 204.778 -17.4300022 72.8559952
v 216.537994 2.70199466 124.152
v 210.294006 7.62999678 71.4140015
v 210.294006 7.62999678 71.4140015
v 199.360001 -14.3640013 27.0200005
v 204.778 -17.4300022 72.8559952
v 199.360001 -14.3640013 27.0200005
v 210.294006 7.62999678 71.4140015
v 204.680008 6.71999884 26.1240005
v 210.294006 7.62999678 71.4140015
v 228.494003 22.5119972 34.2579994
v 204.680008 6.71999884 26.1240005
v 228.494003 22.5119972 34.2579994
v 210.294006 7.62999678 71.4140015
v 232.679993 23.673996 76.173996
v 232.679993 23.673996 76.173996
v 272.440002 37.0019951 53.5360031
v 228.494003 22.5119972 34.2579994
v 213.275986 -18.4100056 121.239998
v 213.332001 -2.50600648 150.919998
v 216.537994 2.70199466 124.152
v 233.18399 15.5819941 128.436005
v 216.537994 2.70199466 124.152
v 213.332001 -2.50600648 150.919998
v 232.679993 23.673996 76.173996
v 216.537994 2.70199466 124.152
v 233.18399 15.5819941 128.436005
v 216.537994 2.70199466 124.152
v 232.679993 23.673996 76.173996
v 210.294006 7.62999678 71.4140015
v 213.332001 -2.50600648 150.919998
v 213.275986 -18.4100056 121.239998
v 211.119995 -22.1060066 148.834
v 211.119995 -22.1060066 148.834
v 201.921997 -11.2560072 173.445999
v 213.332001 -2.50600648 150.919998
v 217.895996 0.937992096 180.376007
v 213.332001 -2.50600648 150.919998
v 201.921997 -11.2560072 173.445999
v 233.18399 15.5819941 128.436005
v 213.332001 -2.50600648 150.919998
v 217.895996 0.937992096 180.376007
v 217.895996 0.937992096 180.376007
v 278.277985 28.2099934 152.488007
v 233.18399 15.5819941 128.436005
v 233.18399 15.5819941 128.436005
v 278.277985 28.2099934 152.488007
v 266.195984 35.6159973 89.4599991
v 266.195984 35.6159973 89.4599991
v 232.679993 23.673996 76.173996
v 233.18399 15.5819941 128.436005
v 272.440002 37.0019951 53.5360031
v 232.679993 23.673996 76.173996
v 266.195984 35.6159973 89.4599991
v 266.195984 35.6159973 89.4599991
v 312.955994 50.8899956 85.9460068
v 272.440002 37.0019951 53.5360031
v 312.955994 50.8899956 85.9460068
v 266.195984 35.6159973 89.4599991
v 296.365997 43.3439941 114.506004
v 296.365997 43.3439941 114.506004
v 340.984009 51.4499969 112.419998
v 312.955994 50.8899956 85.9460068
v 201.921997 -11.2560072 173.445999
v 211.119995 -22.1060066 148.834
v 199.009995 -30.0300064 169.834
v 199.009995 -30.0300064 169.834
v 178.458008 -24.9620075 195.888
v 201.921997 -11.2560072 173.445999
v 178.458008 -24.9620075 195.888
v 217.895996 0.937992096 180.376007
v 201.921997 -11.2560072 173.445999
v 217.895996 0.937992096 180.376007
v 178.458008 -24.9620075 195.888
v 191.534012 -16.4500103 221.550003
v 217.895996 0.937992096 180.376007
v 191.534012 -16.4500103 221.550003
v 216.37001 -10.7100105 247.646011
v 217.895996 0.937992096 180.376007
v 216.37001 -10.7100105 247.646011
v 261.492004 11.6619911 204.651993
v 278.277985 28.2099934 152.488007
v 217.895996 0.937992096 180.376007
v 261.492004 11.6619911 204.651993
v 178.458008 -24.9620075 195.888
v 199.009995 -30.0300064 169.834
v 179.634003 -39.8440056 183.862
v 155.428009 -52.83601 196.546005
v 178.458008 -24.9620075 195.888
v 179.634003 -39.8440056 183.862
v 178.458008 -24.9620075 195.888
v 155.428009 -52.83601 196.546005
v 149.98201 -43.3580093 212.841995
v 178.458008 -24.9620075 195.888
v 149.98201 -43.3580093 212.841995
v 191.534012 -16.4500103 221.550003
v 149.98201 -43.3580093 212.841995
v 165.507996 -36.5400124 253.917999
v 191.534012 -16.4500103 221.550003
v 165.507996 -36.5400124 253.917999
v 216.37001 -10.7100105 247.646011
v 191.534012 -16.4500103 221.550003
v 216.37001 -10.7100105 247.646011
v 165.507996 -36.5400124 253.917999
v 198.253998 -33.0540123 292.026001
v 198.253998 -33.0540123 292.026001
v 249.535995 -2.32401133 259.196014
v 216.37001 -10.7100105 247.646011
v 216.37001 -10.7100105 247.646011
v 249.535995 -2.32401133 259.196014
v 261.492004 11.6619911 204.651993
v 249.535995 -2.32401133 259.196014
v 279.104004 7.97999048 216.468002
v 261.492004 11.6619911 204.651993
v 261.492004 11.6619911 204.651993
v 279.104004 7.97999048 216.468002
v 283.891998 15.6519918 189.966003
v 278.277985 28.2099934 152.488007
v 261.492004 11.6619911 204.651993
v 283.891998 15.6519918 189.966003
v 249.535995 -2.32401133 259.196014
v 198.253998 -33.0540123 292.026001
v 242.255997 -17.3180141 305.970001
v 242.255997 -17.3180141 305.970001
v 279.075989 -0.700011432 261.338013
v 249.535995 -2.32401133 259.196014
v 279.104004 7.97999048 216.468002
v 249.535995 -2.32401133 259.196014
v 279.075989 -0.700011432 261.338013
v 279.075989 -0.700011432 261.338013
v 289.589996 -6.77600956 220.388
v 279.104004 7.97999048 216.468002
v 292.949982 0.335991561 193.746002
v 279.104004 7.97999048 216.468002
v 289.589996 -6.77600956 220.388
v 279.104004 7.97999048 216.468002
v 292.949982 0.335991561 193.746002
v 283.891998 15.6519918 189.966003
v 304.122009 10.4299927 170.589996
v 283.891998 15.6519918 189.966003
v 292.949982 0.335991561 193.746002
v 283.891998 15.6519918 189.966003
v 304.122009 10.4299927 170.589996
v 294.630005 25.1579933 166.054001
v 278.277985 28.2099934 152.488007
v 283.891998 15.6519918 189.966003
v 294.630005 25.1579933 166.054001
v 279.075989 -0.700011432 261.338013
v 242.255997 -17.3180141 305.970001
v 284.298004 -9.74401379 304.402008
v 299.404022 -16.8280125 294.839996
v 279.075989 -0.700011432 261.338013
v 284.298004 -9.74401379 304.402008
v 279.075989 -0.700011432 261.338013
v 299.404022 -16.8280125 294.839996
v 293.537994 -12.3900118 257.768005
v 289.589996 -6.77600956 220.388
v 279.075989 -0.700011432 261.338013
v 293.537994 -12.3900118 257.768005
v 326.171997 26.3619938 146.033997
v 294.630005 25.1579933 166.054001
v 304.122009 10.4299927 170.589996
v 294.630005 25.1579933 166.054001
v 326.171997 26.3619938 146.033997
v 318.135986 41.4819946 136.317993
v 318.135986 41.4819946 136.317993
v 278.277985 28.2099934 152.488007
v 294.630005 25.1579933 166.054001
v 278.277985 28.2099934 152.488007
v 318.135986 41.4819946 136.317993
v 296.365997 43.3439941 114.506004
v 278.277985 28.2099934 152.488007
v 296.365997 43.3439941 114.506004
v 266.195984 35.6159973 89.4599991
v 347.466003 39.6759949 117.473999
v 318.135986 41.4819946 136.317993
v 326.171997 26.3619938 146.033997
v 318.135986 41.4819946 136.317993
v 347.466003 39.6759949 117.473999
v 340.984009 51.4499969 112.419998
v 340.984009 51.4499969 112.419998
v 296.365997 43.3439941 114.506004
v 318.135986 41.4819946 136.317993
v 182.476013 -108.710014 386.988007
v 166.039993 -103.586014 397.179993
v 169.259995 -109.928017 403.018005
v 166.039993 -103.586014 397.179993
v 182.476013 -108.710014 386.988007
v 177.828003 -101.234016 381.122009
v 177.828003 -101.234016 381.122009
v 159.236008 -95.5640182 382.970001
v 166.039993 -103.586014 397.179993
v 159.236008 -95.5640182 382.970001
v 144.381989 -102.774017 395.415985
v 166.039993 -103.586014 397.179993
v 146.762009 -110.152023 402.276001
v 166.039993 -103.586014 397.179993
v 144.381989 -102.774017 395.415985
v 166.039993 -103.586014 397.179993
v 146.762009 -110.152023 402.276001
v 169.259995 -109.928017 403.018005
v 188.692001 -105.210014 354.269989
v 177.828003 -101.234016 381.122009
v 182.476013 -108.710014 386.988007
v 177.828003 -101.234016 381.122009
v 188.692001 -105.210014 354.269989
v 182.938004 -97.4400101 351.078003
v 182.938004 -97.4400101 351.078003
v 172.983994 -94.3460159 366.869995
v 177.828003 -101.234016 381.122009
v 159.236008 -95.5640182 382.970001
v 177.828003 -101.234016 381.122009
v 172.983994 -94.3460159 366.869995
v 172.983994 -94.3460159 366.869995
v 142.421997 -86.6040192 345.730011
v 159.236008 -95.5640182 382.970001
v 142.421997 -86.6040192 345.730011
v 136.164001 -96.3620224 382.507996
v 159.236008 -95.5640182 382.970001
v 144.381989 -102.774017 395.415985
v 159.236008 -95.5640182 382.970001
v 136.164001 -96.3620224 382.507996
v 136.164001 -96.3620224 382.507996
v 116.549995 -101.220016 378.43399
v 144.381989 -102.774017 395.415985
v 116.451996 -109.08802 383.977997
v 144.381989 -102.774017 395.415985
v 116.549995 -101.220016 378.43399
v 144.381989 -102.774017 395.415985
v 116.451996 -109.08802 383.977997
v 146.762009 -110.152023 402.276001
v 188.761993 -101.654015 313.417969
v 182.938004 -97.4400101 351.078003
v 188.692001 -105.210014 354.269989
v 182.938004 -97.4400101 351.078003
v 188.761993 -101.654015 313.417969
v 183.162003 -94.4440155 314.048004
v 183.162003 -94.4440155 314.048004
v 179.060013 -93.5200119 346.485992
v 182.938004 -97.4400101 351.078003
v 172.983994 -94.3460159 366.869995
v 182.938004 -97.4400101 351.078003
v 179.060013 -93.5200119 346.485992
v 179.060013 -93.5200119 346.485992
v 162.231995 -86.4640198 332.303986
v 172.983994 -94.3460159 366.869995
v 142.421997 -86.6040192 345.730011
v 172.983994 -94.3460159 366.869995
v 162.231995 -86.4640198 332.303986
v 162.231995 -86.4640198 332.303986
v 123.508003 -82.4740143 301.167999
v 142.421997 -86.6040192 345.730011
v 123.508003 -82.4740143 301.167999
v 117.446007 -89.2500153 349.664001
v 142.421997 -86.6040192 345.730011
v 136.164001 -96.3620224 382.507996
v 142.421997 -86.6040192 345.730011
v 117.446007 -89.2500153 349.664001
v 117.446007 -89.2500153 349.664001
v 115.737999 -96.992012 372.190002
v 136.164001 -96.3620224 382.507996
v 116.549995 -101.220016 378.43399
v 136.164001 -96.3620224 382.507996
v 115.737999 -96.992012 372.190002
v 178.220001 -99.6240158 272.579987
v 183.162003 -94.4440155 314.048004
v 188.761993 -101.654015 313.417969
v 183.162003 -94.4440155 314.048004
v 178.220001 -99.6240158 272.579987
v 173.571991 -92.6520157 276.751984
v 166.138 -87.192009 281.665985
v 183.162003 -94.4440155 314.048004
v 173.571991 -92.6520157 276.751984
v 183.162003 -94.4440155 314.048004
v 166.138 -87.192009 281.665985
v 176.498001 -89.6980133 318.598022
v 179.060013 -93.5200119 346.485992
v 183.162003 -94.4440155 314.048004
v 176.498001 -89.6980133 318.598022
v 162.231995 -86.4640198 332.303986
v 179.060013 -93.5200119 346.485992
v 176.498001 -89.6980133 318.598022
v 176.498001 -89.6980133 318.598022
v 147.60199 -82.7260132 291.073975
v 162.231995 -86.4640198 332.303986
v 123.508003 -82.4740143 301.167999
v 162.231995 -86.4640198 332.303986
v 147.60199 -82.7260132 291.073975
v 178.220001 -99.6240158 272.579987
v 150.261993 -92.8200073 243.473999
v 173.571991 -92.6520157 276.751984
v 144.787994 -88.242012 248.891998
v 173.571991 -92.6520157 276.751984
v 150.261993 -92.8200073 243.473999
v 173.571991 -92.6520157 276.751984
v 144.787994 -88.242012 248.891998
v 166.138 -87.192009 281.665985
v 144.787994 -88.242012 248.891998
v 147.60199 -82.7260132 291.073975
v 166.138 -87.192009 281.665985
v 147.60199 -82.7260132 291.073975
v 176.498001 -89.6980133 318.598022
v 166.138 -87.192009 281.665985
v 150.261993 -92.8200073 243.473999
v 178.220001 -99.6240158 272.579987
v 153.131989 -99.9600067 236.082001
v 153.131989 -99.9600067 236.082001
v 123.900002 -95.1580124 221.81601
v 150.261993 -92.8200073 243.473999
v 127.470001 -91.154007 230.621994
v 150.261993 -92.8200073 243.473999
v 123.900002 -95.1580124 221.81601
v 150.261993 -92.8200073 243.473999
v 127.470001 -91.154007 230.621994
v 144.787994 -88.242012 248.891998
v 127.470001 -91.154007 230.621994
v 129.093994 -84.4620056 255.990005
v 144.787994 -88.242012 248.891998
v 147.60199 -82.7260132 291.073975
v 144.787994 -88.242012 248.891998
v 129.093994 -84.4620056 255.990005
v 129.093994 -84.4620056 255.990005
v 123.508003 -82.4740143 301.167999
v 147.60199 -82.7260132 291.073975
v 123.900002 -95.1580124 221.81601
v 153.131989 -99.9600067 236.082001
v 124.124001 -101.612007 213.248001
v 124.124001 -101.612007 213.248001
v 107.730003 -97.0620117 217.251999
v 123.900002 -95.1580124 221.81601
v 113.68 -90.6360168 229.628006
v 123.900002 -95.1580124 221.81601
v 107.730003 -97.0620117 217.251999
v 123.900002 -95.1580124 221.81601
v 113.68 -90.6360168 229.628006
v 127.470001 -91.154007 230.621994
v 129.093994 -84.4620056 255.990005
v 127.470001 -91.154007 230.621994
v 113.68 -90.6360168 229.628006
v 113.68 -90.6360168 229.628006
v 109.227997 -84.2380142 263.032013
v 129.093994 -84.4620056 255.990005
v 123.508003 -82.4740143 301.167999
v 129.093994 -84.4620056 255.990005
v 109.227997 -84.2380142 263.032013
v 89.5999985 -87.3740158 269.891998
v 123.508003 -82.4740143 301.167999
v 109.227997 -84.2380142 263.032013
v 123.508003 -82.4740143 301.167999
v 89.5999985 -87.3740158 269.891998
v 98.3499985 -86.2120132 308.783997
v 117.446007 -89.2500153 349.664001
v 123.508003 -82.4740143 301.167999
v 98.3499985 -86.2120132 308.783997
v 107.730003 -97.0620117 217.251999
v 124.124001 -101.612007 213.248001
v 106.428001 -104.664009 208.124008
v 94.1780014 -105.770012 211.442001
v 107.730003 -97.0620117 217.251999
v 106.428001 -104.664009 208.124008
v 107.730003 -97.0620117 217.251999
v 94.1780014 -105.770012 211.442001
v 96.0259933 -97.5800171 220.723984
v 99.8619995 -90.5520096 234.584
v 107.730003 -97.0620117 217.251999
v 96.0259933 -97.5800171 220.723984
v 107.730003 -97.0620117 217.251999
v 99.8619995 -90.5520096 234.584
v 113.68 -90.6360168 229.628006
v 109.227997 -84.2380142 263.032013
v 113.68 -90.6360168 229.628006
v 99.8619995 -90.5520096 234.584
v 86.1279984 -92.666008 239.329987
v 109.227997 -84.2380142 263.032013
v 99.8619995 -90.5520096 234.584
v 109.227997 -84.2380142 263.032013
v 86.1279984 -92.666008 239.329987
v 89.5999985 -87.3740158 269.891998
v 76.4400024 -94.878006 248.612
v 89.5999985 -87.3740158 269.891998
v 86.1279984 -92.666008 239.329987
v 89.5999985 -87.3740158 269.891998
v 76.4400024 -94.878006 248.612
v 73.9340057 -93.4780121 273.839996
v 73.9340057 -93.4780121 273.839996
v 98.3499985 -86.2120132 308.783997
v 89.5999985 -87.3740158 269.891998
v 82.3339996 -106.358009 216.552002
v 96.0259933 -97.5800171 220.723984
v 94.1780014 -105.770012 211.442001
v 96.0259933 -97.5800171 220.723984
v 82.3339996 -106.358009 216.552002
v 84.7000046 -98.7420044 225.330002
v 84.7000046 -98.7420044 225.330002
v 99.8619995 -90.5520096 234.584
v 96.0259933 -97.5800171 220.723984
v 99.8619995 -90.5520096 234.584
v 84.7000046 -98.7420044 225.330002
v 86.1279984 -92.666008 239.329987
v 74.7599945 -98.7420044 239.049988
v 86.1279984 -92.666008 239.329987
v 84.7000046 -98.7420044 225.330002
v 86.1279984 -92.666008 239.329987
v 74.7599945 -98.7420044 239.049988
v 76.4400024 -94.878006 248.612
v 67.5779953 -98.966011 272.467987
v 76.4400024 -94.878006 248.612
v 74.7599945 -98.7420044 239.049988
v 76.4400024 -94.878006 248.612
v 67.5779953 -98.966011 272.467987
v 73.9340057 -93.4780121 273.839996
v 71.0919952 -100.016014 313.473999
v 73.9340057 -93.4780121 273.839996
v 67.5779953 -98.966011 272.467987
v 73.9340057 -93.4780121 273.839996
v 71.0919952 -100.016014 313.473999
v 78.6380005 -93.4220123 313.138
v 98.3499985 -86.2120132 308.783997
v 73.9340057 -93.4780121 273.839996
v 78.6380005 -93.4220123 313.138
v 71.1760025 -105.518013 231.57399
v 84.7000046 -98.7420044 225.330002
v 82.3339996 -106.358009 216.552002
v 84.7000046 -98.7420044 225.330002
v 71.1760025 -105.518013 231.57399
v 74.7599945 -98.7420044 239.049988
v 62.8739967 -106.568016 267.652008
v 74.7599945 -98.7420044 239.049988
v 71.1760025 -105.518013 231.57399
v 74.7599945 -98.7420044 239.049988
v 62.8739967 -106.568016 267.652008
v 67.5779953 -98.966011 272.467987
v 66.9199982 -107.492012 312.367981
v 67.5779953 -98.966011 272.467987
v 62.8739967 -106.568016 267.652008
v 67.5779953 -98.966011 272.467987
v 66.9199982 -107.492012 312.367981
v 71.0919952 -100.016014 313.473999
v 66.9199982 -107.492012 312.367981
v 89.25 -100.604012 349.971985
v 71.0919952 -100.016014 313.473999
v 89.25 -100.604012 349.971985
v 78.6380005 -93.4220123 313.138
v 71.0919952 -100.016014 313.473999
v 78.6380005 -93.4220123 313.138
v 89.25 -100.604012 349.971985
v 96.5159988 -94.9060211 349.481995
v 96.5159988 -94.9060211 349.481995
v 98.3499985 -86.2120132 308.783997
v 78.6380005 -93.4220123 313.138
v 98.3499985 -86.2120132 308.783997
v 96.5159988 -94.9060211 349.481995
v 117.446007 -89.2500153 349.664001
v 115.737999 -96.992012 372.190002
v 117.446007 -89.2500153 349.664001
v 96.5159988 -94.9060211 349.481995
v 89.25 -100.604012 349.971985
v 115.737999 -96.992012 372.190002
v 96.5159988 -94.9060211 349.481995
v 115.737999 -96.992012 372.190002
v 89.25 -100.604012 349.971985
v 116.549995 -101.220016 378.43399
v 86.6460037 -108.248009 352.380005
v 116.549995 -101.220016 378.43399
v 89.25 -100.604012 349.971985
v 116.549995 -101.220016 378.43399
v 86.6460037 -108.248009 352.380005
v 116.451996 -109.08802 383.977997
v 89.25 -100.604012 349.971985
v 66.9199982 -107.492012 312.367981
v 86.6460037 -108.248009 352.380005
v -166.039993 -103.586014 397.179993
v -182.476013 -108.710014 386.988007
v -169.259995 -109.928017 403.018005
v -182.476013 -108.710014 386.988007
v -166.039993 -103.586014 397.179993
v -177.828003 -101.234016 381.122009
v -177.828003 -101.234016 381.122009
v -188.692001 -105.210014 354.269989
v -182.476013 -108.710014 386.988007
v -188.692001 -105.210014 354.269989
v -177.828003 -101.234016 381.122009
v -182.938004 -97.4400101 351.078003
v -182.938004 -97.4400101 351.078003
v -188.761993 -101.654015 313.417969
v -188.692001 -105.210014 354.269989
v -188.761993 -101.654015 313.417969
v -182.938004 -97.4400101 351.078003
v -183.162003 -94.4440155 314.048004
v -183.162003 -94.4440155 314.048004
v -178.220001 -99.6240158 272.579987
v -188.761993 -101.654015 313.417969
v -146.762009 -110.152023 402.276001
v -166.039993 -103.586014 397.179993
v -169.259995 -109.928017 403.018005
v -166.039993 -103.586014 397.179993
v -146.762009 -110.152023 402.276001
v -144.381989 -102.774017 395.415985
v -144.381989 -102.774017 395.415985
v -159.236008 -95.5640182 382.970001
v -166.039993 -103.586014 397.179993
v -159.236008 -95.5640182 382.970001
v -177.828003 -101.234016 381.122009
v -166.039993 -103.586014 397.179993
v -177.828003 -101.234016 381.122009
v -159.236008 -95.5640182 382.970001
v -172.983994 -94.3460159 366.869995
v -172.983994 -94.3460159 366.869995
v -182.938004 -97.4400101 351.078003
v -177.828003 -101.234016 381.122009
v -182.938004 -97.4400101 351.078003
v -172.983994 -94.3460159 366.869995
v -179.060013 -93.5200119 346.485992
v -179.060013 -93.5200119 346.485992
v -183.162003 -94.4440155 314.048004
v -182.938004 -97.4400101 351.078003
v -116.451996 -109.08802 383.977997
v -144.381989 -102.774017 395.415985
v -146.762009 -110.152023 402.276001
v -144.381989 -102.774017 395.415985
v -116.451996 -109.08802 383.977997
v -116.549995 -101.220016 378.43399
v -116.549995 -101.220016 378.43399
v -136.164001 -96.3620224 382.507996
v -144.381989 -102.774017 395.415985
v -159.236008 -95.5640182 382.970001
v -144.381989 -102.774017 395.415985
v -136.164001 -96.3620224 382.507996
v -136.164001 -96.3620224 382.507996
v -142.421997 -86.6040192 345.730011
v -159.236008 -95.5640182 382.970001
v -142.421997 -86.6040192 345.730011
v -172.983994 -94.3460159 366.869995
v -159.236008 -95.5640182 382.970001
v -172.983994 -94.3460159 366.869995
v -142.421997 -86.6040192 345.730011
v -162.231995 -86.4640198 332.303986
v -162.231995 -86.4640198 332.303986
v -179.060013 -93.5200119 346.485992
v -172.983994 -94.3460159 366.869995
v -179.060013 -93.5200119 346.485992
v -162.231995 -86.4640198 332.303986
v -176.498001 -89.6980133 318.598022
v -183.162003 -94.4440155 314.048004
v -179.060013 -93.5200119 346.485992
v -176.498001 -89.6980133 318.598022
v -86.6460037 -108.248009 352.380005
v -116.549995 -101.220016 378.43399
v -116.451996 -109.08802 383.977997
v -116.549995 -101.220016 378.43399
v -86.6460037 -108.248009 352.380005
v -89.25 -100.604012 349.971985
v -89.25 -100.604012 349.971985
v -115.737999 -96.992012 372.190002
v -116.549995 -101.220016 378.43399
v -136.164001 -96.3620224 382.507996
v -116.549995 -101.220016 378.43399
v -115.737999 -96.992012 372.190002
v -115.737999 -96.992012 372.190002
v -117.446007 -89.2500153 349.664001
v -136.164001 -96.3620224 382.507996
v -142.421997 -86.6040192 345.730011
v -136.164001 -96.3620224 382.507996
v -117.446007 -89.2500153 349.664001
v -117.446007 -89.2500153 349.664001
v -123.508003 -82.4740143 301.167999
v -142.421997 -86.6040192 345.730011
v -123.508003 -82.4740143 301.167999
v -162.231995 -86.4640198 332.303986
v -142.421997 -86.6040192 345.730011
v -162.231995 -86.4640198 332.303986
v -123.508003 -82.4740143 301.167999
v -147.60199 -82.7260132 291.073975
v -147.60199 -82.7260132 291.073975
v -176.498001 -89.6980133 318.598022
v -162.231995 -86.4640198 332.303986
v -176.498001 -89.6980133 318.598022
v -147.60199 -82.7260132 291.073975
v -166.138 -87.192009 281.665985
v -166.138 -87.192009 281.665985
v -183.162003 -94.4440155 314.048004
v -176.498001 -89.6980133 318.598022
v -66.9199982 -107.492012 312.367981
v -89.25 -100.604012 349.971985
v -86.6460037 -108.248009 352.380005
v -89.25 -100.604012 349.971985
v -66.9199982 -107.492012 312.367981
v -71.0919952 -100.016014 313.473999
v -78.6380005 -93.4220123 313.138
v -89.25 -100.604012 349.971985
v -71.0919952 -100.016014 313.473999
v -89.25 -100.604012 349.971985
v -78.6380005 -93.4220123 313.138
v -96.5159988 -94.9060211 349.481995
v -115.737999 -96.992012 372.190002
v -89.25 -100.604012 349.971985
v -96.5159988 -94.9060211 349.481995
v -117.446007 -89.2500153 349.664001
v -115.737999 -96.992012 372.190002
v -96.5159988 -94.9060211 349.481995
v -96.5159988 -94.9060211 349.481995
v -98.3499985 -86.2120132 308.783997
v -117.446007 -89.2500153 349.664001
v -123.508003 -82.4740143 301.167999
v -117.446007 -89.2500153 349.664001
v -98.3499985 -86.2120132 308.783997
v -66.9199982 -107.492012 312.367981
v -67.5779953 -98.966011 272.467987
v -71.0919952 -100.016014 313.473999
v -73.9340057 -93.4780121 273.839996
v -71.0919952 -100.016014 313.473999
v -67.5779953 -98.966011 272.467987
v -71.0919952 -100.016014 313.473999
v -73.9340057 -93.4780121 273.839996
v -78.6380005 -93.4220123 313.138
v -73.9340057 -93.4780121 273.839996
v -98.3499985 -86.2120132 308.783997
v -78.6380005 -93.4220123 313.138
v -98.3499985 -86.2120132 308.783997
v -96.5159988 -94.9060211 349.481995
v -78.6380005 -93.4220123 313.138
v -67.5779953 -98.966011 272.467987
v -66.9199982 -107.492012 312.367981
v -62.8739967 -106.568016 267.652008
v -62.8739967 -106.568016 267.652008
v -74.7599945 -98.7420044 239.049988
v -67.5779953 -98.966011 272.467987
v -76.4400024 -94.878006 248.612
v -67.5779953 -98.966011 272.467987
v -74.7599945 -98.7420044 239.049988
v -67.5779953 -98.966011 272.467987
v -76.4400024 -94.878006 248.612
v -73.9340057 -93.4780121 273.839996
v -76.4400024 -94.878006 248.612
v -89.5999985 -87.3740158 269.891998
v -73.9340057 -93.4780121 273.839996
v -98.3499985 -86.2120132 308.783997
v -73.9340057 -93.4780121 273.839996
v -89.5999985 -87.3740158 269.891998
v -89.5999985 -87.3740158 269.891998
v -123.508003 -82.4740143 301.167999
v -98.3499985 -86.2120132 308.783997
v -123.508003 -82.4740143 301.167999
v -89.5999985 -87.3740158 269.891998
v -109.227997 -84.2380142 263.032013
v -129.093994 -84.4620056 255.990005
v -123.508003 -82.4740143 301.167999
v -109.227997 -84.2380142 263.032013
v -123.508003 -82.4740143 301.167999
v -129.093994 -84.4620056 255.990005
v -147.60199 -82.7260132 291.073975
v -74.7599945 -98.7420044 239.049988
v -62.8739967 -106.568016 267.652008
v -71.1760025 -105.518013 231.57399
v -71.1760025 -105.518013 231.57399
v -84.7000046 -98.7420044 225.330002
v -74.7599945 -98.7420044 239.049988
v -86.1279984 -92.666008 239.329987
v -74.7599945 -98.7420044 239.049988
v -84.7000046 -98.7420044 225.330002
v -74.7599945 -98.7420044 239.049988
v -86.1279984 -92.666008 239.329987
v -76.4400024 -94.878006 248.612
v -89.5999985 -87.3740158 269.891998
v -76.4400024 -94.878006 248.612
v -86.1279984 -92.666008 239.329987
v -86.1279984 -92.666008 239.329987
v -109.227997 -84.2380142 263.032013
v -89.5999985 -87.3740158 269.891998
v -109.227997 -84.2380142 263.032013
v -86.1279984 -92.666008 239.329987
v -99.8619995 -90.5520096 234.584
v -113.68 -90.6360168 229.628006
v -109.227997 -84.2380142 263.032013
v -99.8619995 -90.5520096 234.584
v -109.227997 -84.2380142 263.032013
v -113.68 -90.6360168 229.628006
v -129.093994 -84.4620056 255.990005
v -127.470001 -91.154007 230.621994
v -129.093994 -84.4620056 255.990005
v -113.68 -90.6360168 229.628006
v -129.093994 -84.4620056 255.990005
v -127.470001 -91.154007 230.621994
v -144.787994 -88.242012 248.891998
v -144.787994 -88.242012 248.891998
v -147.60199 -82.7260132 291.073975
v -129.093994 -84.4620056 255.990005
v -147.60199 -82.7260132 291.073975
v -144.787994 -88.242012 248.891998
v -166.138 -87.192009 281.665985
v -84.7000046 -98.7420044 225.330002
v -71.1760025 -105.518013 231.57399
v -82.3339996 -106.358009 216.552002
v -82.3339996 -106.358009 216.552002
v -96.0259933 -97.5800171 220.723984
v -84.7000046 -98.7420044 225.330002
v -99.8619995 -90.5520096 234.584
v -84.7000046 -98.7420044 225.330002
v -96.0259933 -97.5800171 220.723984
v -84.7000046 -98.7420044 225.330002
v -99.8619995 -90.5520096 234.584
v -86.1279984 -92.666008 239.329987
v -96.0259933 -97.5800171 220.723984
v -82.3339996 -106.358009 216.552002
v -94.1780014 -105.770012 211.442001
v -94.1780014 -105.770012 211.442001
v -107.730003 -97.0620117 217.251999
v -96.0259933 -97.5800171 220.723984
v -113.68 -90.6360168 229.628006
v -96.0259933 -97.5800171 220.723984
v -107.730003 -97.0620117 217.251999
v -96.0259933 -97.5800171 220.723984
v -113.68 -90.6360168 229.628006
v -99.8619995 -90.5520096 234.584
v -107.730003 -97.0620117 217.251999
v -94.1780014 -105.770012 211.442001
v -106.428001 -104.664009 208.124008
v -124.124001 -101.612007 213.248001
v -107.730003 -97.0620117 217.251999
v -106.428001 -104.664009 208.124008
v -107.730003 -97.0620117 217.251999
v -124.124001 -101.612007 213.248001
v -123.900002 -95.1580124 221.81601
v -123.900002 -95.1580124 221.81601
v -113.68 -90.6360168 229.628006
v -107.730003 -97.0620117 217.251999
v -113.68 -90.6360168 229.628006
v -123.900002 -95.1580124 221.81601
v -127.470001 -91.154007 230.621994
v -150.261993 -92.8200073 243.473999
v -127.470001 -91.154007 230.621994
v -123.900002 -95.1580124 221.81601
v -127.470001 -91.154007 230.621994
v -150.261993 -92.8200073 243.473999
v -144.787994 -88.242012 248.891998
v -173.571991 -92.6520157 276.751984
v -144.787994 -88.242012 248.891998
v -150.261993 -92.8200073 243.473999
v -144.787994 -88.242012 248.891998
v -173.571991 -92.6520157 276.751984
v -166.138 -87.192009 281.665985
v -183.162003 -94.4440155 314.048004
v -166.138 -87.192009 281.665985
v -173.571991 -92.6520157 276.751984
v -178.220001 -99.6240158 272.579987
v -183.162003 -94.4440155 314.048004
v -173.571991 -92.6520157 276.751984
v -150.261993 -92.8200073 243.473999
v -178.220001 -99.6240158 272.579987
v -173.571991 -92.6520157 276.751984
v -178.220001 -99.6240158 272.579987
v -150.261993 -92.8200073 243.473999
v -153.131989 -99.9600067 236.082001
v -153.131989 -99.9600067 236.082001
v -123.900002 -95.1580124 221.81601
v -124.124001 -101.612007 213.248001
v -123.900002 -95.1580124 221.81601
v -153.131989 -99.9600067 236.082001
v -150.261993 -92.8200073 243.473999
v 220.556 -25.5220127 297.611969
v 223.131989 -26.7960148 308.209991
v 231.195999 -5.53001451 321.649994
v 223.131989 -26.7960148 308.209991
v 220.556 -25.5220127 297.611969
v 238.279999 -52.0240135 303.84201
v 223.131989 -26.7960148 308.209991
v 238.279999 -52.0240135 303.84201
v 284.633972 -34.0200157 353.541992
v 231.195999 -5.53001451 321.649994
v 223.131989 -26.7960148 308.209991
v 284.633972 -34.0200157 353.541992
v 282.156006 -0.364015788 361.199982
v 231.195999 -5.53001451 321.649994
v 284.633972 -34.0200157 353.541992
v 284.633972 -34.0200157 353.541992
v 341.152008 -15.9180174 399.769989
v 282.156006 -0.364015788 361.199982
v 351.484009 -36.8760147 398.846008
v 341.152008 -15.9180174 399.769989
v 284.633972 -34.0200157 353.541992
v 351.484009 -36.8760147 398.846008
v 364.279999 -34.132019 396.689972
v 341.152008 -15.9180174 399.769989
v 351.484009 -36.8760147 398.846008
v 349.174011 -57.0640144 384.34201
v 364.279999 -34.132019 396.689972
v 238.279999 -52.0240135 303.84201
v 293.56601 -64.1760178 337.217987
v 284.633972 -34.0200157 353.541992
v 284.633972 -34.0200157 353.541992
v 293.56601 -64.1760178 337.217987
v 349.174011 -57.0640144 384.34201
v 349.174011 -57.0640144 384.34201
v 351.484009 -36.8760147 398.846008
v 284.633972 -34.0200157 353.541992
v -223.131989 -26.7960148 308.209991
v -220.556 -25.5220127 297.611969
v -231.195999 -5.53001451 321.649994
v -220.556 -25.5220127 297.611969
v -223.131989 -26.7960148 308.209991
v -238.279999 -52.0240135 303.84201
v -238.279999 -52.0240135 303.84201
v -223.131989 -26.7960148 308.209991
v -284.633972 -34.0200157 353.541992
v -293.56601 -64.1760178 337.217987
v -238.279999 -52.0240135 303.84201
v -284.633972 -34.0200157 353.541992
v -293.56601 -64.1760178 337.217987
v -284.633972 -34.0200157 353.541992
v -349.174011 -57.0640144 384.34201
v -351.484009 -36.8760147 398.846008
v -349.174011 -57.0640144 384.34201
v -284.633972 -34.0200157 353.541992
v -349.174011 -57.0640144 384.34201
v -351.484009 -36.8760147 398.846008
v -364.279999 -34.132019 396.689972
v -223.131989 -26.7960148 308.209991
v -231.195999 -5.53001451 321.649994
v -284.633972 -34.0200157 353.541992
v -231.195999 -5.53001451 321.649994
v -282.156006 -0.364015788 361.199982
v -284.633972 -34.0200157 353.541992
v -341.152008 -15.9180174 399.769989
v -284.633972 -34.0200157 353.541992
v -282.156006 -0.364015788 361.199982
v -341.152008 -15.9180174 399.769989
v -351.484009 -36.8760147 398.846008
v -284.633972 -34.0200157 353.541992
v -364.279999 -34.132019 396.689972
v -351.484009 -36.8760147 398.846008
v -341.152008 -15.9180174 399.769989

# 1295 UV coordinates
vt 0.574400008 0.903900027 0
vt 0.542299986 0.92750001 0
vt 0.579299986 0.92900002 0
vt 0.554400027 0.903999984 0
vt 0.514500022 0.906300008 0
vt 0.50150001 0.912599981 0
vt 0.487699986 0.897099972 0
vt 0.470299989 0.897000015 0
vt 0.477400005 0.891499996 0
vt 0.460299999 0.893999994 0
vt 0.559800029 0.891799986 0
vt 0.537699997 0.890900016 0
vt 0.52670002 0.899399996 0
vt 0.505100012 0.895099998 0
vt 0.495000005 0.886399984 0
vt 0.575200021 0.892400026 0
vt 0.56400001 0.879899979 0
vt 0.545099974 0.881099999 0
vt 0.531599998 0.880599976 0
vt 0.521000028 0.888999999 0
vt 0.570599973 0.880400002 0
vt 0.565999985 0.864000022 0
vt 0.546199977 0.8653 0
vt 0.528699994 0.869799972 0
vt 0.511699975 0.878000021 0
vt 0.591199994 0.8671 0
vt 0.651199996 0.708000004 0
vt 0.661800027 0.688399971 0
vt 0.668500006 0.703199983 0
vt 0.628899992 0.696799994 0
vt 0.64200002 0.662299991 0
vt 0.615199983 0.672699988 0
vt 0.622699976 0.631200016 0
vt 0.602999985 0.648100019 0
vt 0.584200025 0.667299986 0
vt 0.62650001 0.714900017 0
vt 0.593999982 0.710399985 0
vt 0.589100003 0.688499987 0
vt 0.569599986 0.688300014 0
vt 0.567700028 0.711799979 0
vt 0.5546 0.707899988 0
vt 0.552900016 0.734099984 0
vt 0.599799991 0.726700008 0
vt 0.562300026 0.735499978 0
vt 0.564700007 0.753400028 0
vt 0.551199973 0.749300003 0
vt 0.553200006 0.764199972 0
vt 0.915300012 0.841000021 0
vt 0.928900003 0.823800027 0
vt 0.935000002 0.834299982 0
vt 0.908299983 0.835500002 0
vt 0.923200011 0.814499974 0
vt 0.881900012 0.835300028 0
vt 0.877799988 0.816100001 0
vt 0.913500011 0.796400011 0
vt 0.872099996 0.800599992 0
vt 0.903699994 0.779100001 0
vt 0.915300012 0.849799991 0
vt 0.89319998 0.854799986 0
vt 0.885800004 0.848500013 0
vt 0.854499996 0.85650003 0
vt 0.850899994 0.850899994 0
vt 0.845600009 0.829400003 0
vt 0.899699986 0.876299977 0
vt 0.878099978 0.880200028 0
vt 0.8574 0.864799976 0
vt 0.836099982 0.863399982 0
vt 0.8125 0.863699973 0
vt 0.820500016 0.83950001 0
vt 0.828299999 0.814599991 0
vt 0.881799996 0.897199988 0
vt 0.873600006 0.889299989 0
vt 0.87349999 0.896899998 0
vt 0.86559999 0.791000009 0
vt 0.896099985 0.766200006 0
vt 0.412099987 0.578599989 0
vt 0.422100008 0.572000027 0
vt 0.414099991 0.569899976 0
vt 0.417899996 0.589100003 0
vt 0.435900003 0.580299973 0
vt 0.430299997 0.595099986 0
vt 0.451799989 0.588999987 0
vt 0.442999989 0.600300014 0
vt 0.432700008 0.611800015 0
vt 0.409099996 0.591099977 0
vt 0.411000013 0.608200014 0
vt 0.421999991 0.610599995 0
vt 0.421400011 0.621900022 0
vt 0.410100013 0.625400007 0
vt 0.411500007 0.629999995 0
vt 0.399599999 0.632700026 0
vt 0.403299987 0.604399979 0
vt 0.398400009 0.626800001 0
vt 0.390799999 0.622500002 0
vt 0.387499988 0.629700005 0
vt 0.394800007 0.630900025 0
vt 0.392500013 0.633000016 0
vt 0.710500002 0.220899999 0
vt 0.705299973 0.235400006 0
vt 0.695599973 0.223199993 0
vt 0.716199994 0.235400006 0
vt 0.726800025 0.248699993 0
vt 0.711399972 0.25029999 0
vt 0.691999972 0.242300004 0
vt 0.688499987 0.2368 0
vt 0.682200015 0.247299999 0
vt 0.686399996 0.262300014 0
vt 0.735700011 0.219400004 0
vt 0.741400003 0.233899996 0
vt 0.754599988 0.249400005 0
vt 0.749599993 0.270300001 0
vt 0.731700003 0.269300014 0
vt 0.722800016 0.278299987 0
vt 0.712800026 0.287699997 0
vt 0.73150003 0.303499997 0
vt 0.755699992 0.214599997 0
vt 0.761200011 0.228400007 0
vt 0.771499991 0.246999994 0
vt 0.769800007 0.269199997 0
vt 0.761600018 0.287699997 0
vt 0.745199978 0.286900014 0
vt 0.739099979 0.295300007 0
vt 0.745700002 0.314799994 0
vt 0.776000023 0.221499994 0
vt 0.784099996 0.244299993 0
vt 0.785899997 0.270300001 0
vt 0.780900002 0.287 0
vt 0.768000007 0.300599992 0
vt 0.756500006 0.301699996 0
vt 0.769800007 0.210299999 0
vt 0.752200007 0.308200002 0
vt 0.757000029 0.309899986 0
vt 0.771099985 0.311699986 0
vt 0.769400001 0.323300004 0
vt 0.760299981 0.319000006 0
vt 0.786199987 0.300599992 0
vt 0.790899992 0.312999994 0
vt 0.788100004 0.328700006 0
vt 0.810699999 0.327499986 0
vt 0.813399971 0.3134 0
vt 0.829200029 0.324800014 0
vt 0.836499989 0.315600008 0
vt 0.800000012 0.290300012 0
vt 0.811200023 0.303000003 0
vt 0.834500015 0.307000011 0
vt 0.799600005 0.273099989 0
vt 0.818199992 0.295300007 0
vt 0.843900025 0.301999986 0
vt 0.846099973 0.276899993 0
vt 0.848200023 0.290800005 0
vt 0.832400024 0.284399986 0
vt 0.819299996 0.259200007 0
vt 0.835200012 0.250200003 0
vt 0.820900023 0.223000005 0
vt 0.805299997 0.230900005 0
vt 0.8046 0.205899999 0
vt 0.79460001 0.208800003 0
vt 0.835099995 0.304100007 0
vt 0.818700016 0.291700006 0
vt 0.802900016 0.2676 0
vt 0.789099991 0.238700002 0
vt 0.785399973 0.215299994 0
vt 0.4005 0.450700015 0
vt 0.369100004 0.426999986 0
vt 0.364199996 0.453000009 0
vt 0.404700011 0.439099997 0
vt 0.396299988 0.427599996 0
vt 0.387100011 0.418199986 0
vt 0.360799998 0.413599998 0
vt 0.377600014 0.410100013 0
vt 0.350699991 0.405699998 0
vt 0.337000012 0.398200005 0
vt 0.4296 0.452199996 0
vt 0.429699987 0.440200001 0
vt 0.425000012 0.429699987 0
vt 0.423900008 0.421400011 0
vt 0.413399994 0.413300008 0
vt 0.355500013 0.40079999 0
vt 0.334500015 0.378699988 0
vt 0.318100005 0.388200015 0
vt 0.449400008 0.450100005 0
vt 0.447400004 0.4384 0
vt 0.441700011 0.4287 0
vt 0.452800006 0.41929999 0
vt 0.449900001 0.4111 0
vt 0.439599991 0.400999993 0
vt 0.470899999 0.434199989 0
vt 0.460299999 0.426600009 0
vt 0.477800012 0.415100008 0
vt 0.470600009 0.406399995 0
vt 0.457700014 0.4014 0
vt 0.476500005 0.442900002 0
vt 0.50940001 0.423599988 0
vt 0.500999987 0.417199999 0
vt 0.497700006 0.4111 0
vt 0.488799989 0.406599998 0
vt 0.523100019 0.395200014 0
vt 0.509899974 0.3926 0
vt 0.512099981 0.430299997 0
vt 0.517799973 0.417499989 0
vt 0.517099977 0.406899989 0
vt 0.513899982 0.401899993 0
vt 0.546599984 0.396400005 0
vt 0.566399992 0.389200002 0
vt 0.539499998 0.385199994 0
vt 0.524600029 0.425399989 0
vt 0.531400025 0.417499989 0
vt 0.527499974 0.4111 0
vt 0.538699985 0.40259999 0
vt 0.57190001 0.399899989 0
vt 0.582700014 0.390100002 0
vt 0.594299972 0.376199991 0
vt 0.541199982 0.422699988 0
vt 0.570500016 0.4111 0
vt 0.567700028 0.406599998 0
vt 0.589600027 0.403699994 0
vt 0.588199973 0.395599991 0
vt 0.603999972 0.382200003 0
vt 0.574800014 0.415399998 0
vt 0.591099977 0.412900001 0
vt 0.606299996 0.40200001 0
vt 0.604300022 0.397399992 0
vt 0.600199997 0.39410001 0
vt 0.614700019 0.380299985 0
vt 0.614899993 0.366100013 0
vt 0.594099998 0.364600003 0
vt 0.624800026 0.3847 0
vt 0.621999979 0.379799992 0
vt 0.632099986 0.368200004 0
vt 0.628000021 0.365700006 0
vt 0.622799993 0.366600007 0
vt 0.622500002 0.362399995 0
vt 0.619300008 0.359600008 0
vt 0.609799981 0.361799985 0
vt 0.630900025 0.358900011 0
vt 0.626699984 0.361099988 0
vt 0.624000013 0.356999993 0
vt 0.613799989 0.353599995 0
vt 0.608399987 0.357199997 0
vt 0.600799978 0.359299988 0
vt 0.623300016 0.351300001 0
vt 0.607500017 0.34830001 0
vt 0.545000017 0.345499992 0
vt 0.544200003 0.350600004 0
vt 0.54519999 0.356299996 0
vt 0.582400024 0.361299992 0
vt 0.617299974 0.345800012 0
vt 0.601000011 0.344999999 0
vt 0.552299976 0.340700001 0
vt 0.516300023 0.333099991 0
vt 0.522099972 0.340999991 0
vt 0.627399981 0.3486 0
vt 0.628199995 0.343800008 0
vt 0.618499994 0.335700005 0
vt 0.603600025 0.33829999 0
vt 0.587700009 0.33950001 0
vt 0.556100011 0.336299986 0
vt 0.51789999 0.326900005 0
vt 0.622699976 0.329299986 0
vt 0.605300009 0.315400004 0
vt 0.596899986 0.317299992 0
vt 0.576399982 0.310400009 0
vt 0.578599989 0.332599998 0
vt 0.543799996 0.328599989 0
vt 0.608500004 0.310699999 0
vt 0.593800008 0.30219999 0
vt 0.57980001 0.303799987 0
vt 0.545700014 0.300599992 0
vt 0.541999996 0.32159999 0
vt 0.504599988 0.317799985 0
vt 0.453299999 0.315499991 0
vt 0.569000006 0.296200007 0
vt 0.530600011 0.290800005 0
vt 0.477100015 0.273900002 0
vt 0.503400028 0.309199989 0
vt 0.453799993 0.308299989 0
vt 0.580600023 0.29370001 0
vt 0.547200024 0.286300004 0
vt 0.539399981 0.289499998 0
vt 0.51880002 0.282000005 0
vt 0.483399987 0.270300001 0
vt 0.530499995 0.280600011 0
vt 0.516900003 0.274899989 0
vt 0.50029999 0.272300005 0
vt 0.47389999 0.256999999 0
vt 0.445800006 0.2579 0
vt 0.485900015 0.251599997 0
vt 0.461899996 0.239099994 0
vt 0.453299999 0.248699993 0
vt 0.430700004 0.243699998 0
vt 0.413100004 0.251599997 0
vt 0.421900004 0.2667 0
vt 0.431199998 0.276499987 0
vt 0.470400006 0.2852 0
vt 0.444400012 0.234200001 0
vt 0.416900009 0.230800003 0
vt 0.398200005 0.240500003 0
vt 0.377400011 0.252200007 0
vt 0.395799994 0.259900004 0
vt 0.379799992 0.236599997 0
vt 0.358700007 0.251399994 0
vt 0.33829999 0.265399992 0
vt 0.357499987 0.268099993 0
vt 0.347799987 0.279199988 0
vt 0.354900002 0.292499989 0
vt 0.378100008 0.296299994 0
vt 0.334500015 0.258300006 0
vt 0.314999998 0.265399992 0
vt 0.300399989 0.278800011 0
vt 0.291900009 0.272899985 0
vt 0.271699995 0.284500003 0
vt 0.293799996 0.289900005 0
vt 0.329600006 0.289200008 0
vt 0.342000008 0.302300006 0
vt 0.363099992 0.3037 0
vt 0.39320001 0.305299997 0
vt 0.407299995 0.297399998 0
vt 0.256999999 0.292299986 0
vt 0.270500004 0.298500001 0
vt 0.294699997 0.300000012 0
vt 0.315100014 0.305500001 0
vt 0.323700011 0.298700005 0
vt 0.333900005 0.308499992 0
vt 0.354999989 0.309599996 0
vt 0.243900001 0.299600005 0
vt 0.264499992 0.308099985 0
vt 0.288700014 0.309199989 0
vt 0.309500009 0.312599987 0
vt 0.328599989 0.314999998 0
vt 0.237499997 0.308600008 0
vt 0.261099994 0.318500012 0
vt 0.2852 0.319000006 0
vt 0.306400001 0.320800006 0
vt 0.325700015 0.3222 0
vt 0.347299993 0.323500007 0
vt 0.349900007 0.316100001 0
vt 0.234599993 0.318100005 0
vt 0.260600001 0.329400003 0
vt 0.284399986 0.329400003 0
vt 0.305700004 0.32980001 0
vt 0.325100005 0.33039999 0
vt 0.234699994 0.334300011 0
vt 0.262899995 0.340700001 0
vt 0.286599994 0.340000004 0
vt 0.307700008 0.339300007 0
vt 0.327399999 0.339100003 0
vt 0.347000003 0.331800014 0
vt 0.248300001 0.348100007 0
vt 0.271299988 0.351300001 0
vt 0.292800009 0.350199997 0
vt 0.313800007 0.350899994 0
vt 0.336199999 0.352600008 0
vt 0.3495 0.340600014 0
vt 0.373100013 0.333600014 0
vt 0.261000007 0.35769999 0
vt 0.279199988 0.370000005 0
vt 0.298500001 0.379500002 0
vt 0.32280001 0.360100001 0
vt 0.373699993 0.368400007 0
vt 0.373400003 0.359699994 0
vt 0.362899989 0.350199997 0
vt 0.377499998 0.342799991 0
vt 0.384900004 0.388099998 0
vt 0.418300003 0.3917 0
vt 0.470699996 0.387499988 0
vt 0.439799994 0.372000009 0
vt 0.435499996 0.360599995 0
vt 0.522899985 0.381700009 0
vt 0.494500011 0.376300007 0
vt 0.475199997 0.374799997 0
vt 0.462500006 0.374599993 0
vt 0.459399998 0.363799989 0
vt 0.543200016 0.368600011 0
vt 0.523800015 0.363000005 0
vt 0.491699994 0.364199996 0
vt 0.547399998 0.362199992 0
vt 0.521799982 0.355800003 0
vt 0.500199974 0.355300009 0
vt 0.479600012 0.354200006 0
vt 0.458000004 0.351900011 0
vt 0.508599997 0.346899986 0
vt 0.479099989 0.344000012 0
vt 0.457199991 0.340900004 0
vt 0.432700008 0.34920001 0
vt 0.431800008 0.338699996 0
vt 0.49059999 0.336699992 0
vt 0.458999991 0.329600006 0
vt 0.431699991 0.329600006 0
vt 0.433499992 0.321500003 0
vt 0.378500015 0.317799985 0
vt 0.375 0.325199991 0
vt 0.383599997 0.311500013 0
vt 0.0221999995 0.495900005 0
vt 0.0115999999 0.47420001 0
vt 0.0131000001 0.493299991 0
vt 0.0277999993 0.476999998 0
vt 0.0118000004 0.454299986 0
vt 0.0307999998 0.450100005 0
vt 0.0156999994 0.423099995 0
vt 0.0324999988 0.425300002 0
vt 0.0186000001 0.398000002 0
vt 0.0364000015 0.492799997 0
vt 0.0461999997 0.47209999 0
vt 0.0513999984 0.451299995 0
vt 0.0516999997 0.424299985 0
vt 0.0505000018 0.398699999 0
vt 0.0348999985 0.389400005 0
vt 0.0255999994 0.383599997 0
vt 0.0377999991 0.377299994 0
vt 0.0465999991 0.382699996 0
vt 0.129099995 0.564400017 0
vt 0.0172000006 0.581399977 0
vt 0.0074 0.596300006 0
vt 0.128800005 0.552699983 0
vt 0.0439999998 0.559099972 0
vt 0.129999995 0.537400007 0
vt 0.0789000019 0.528800011 0
vt 0.135600001 0.522099972 0
vt 0.116800003 0.503799975 0
vt 0.167999998 0.557299972 0
vt 0.169499993 0.544099987 0
vt 0.173600003 0.531700015 0
vt 0.176499993 0.521200001 0
vt 0.148599997 0.507700026 0
vt 0.155100003 0.482899994 0
vt 0.173600003 0.494300008 0
vt 0.194299996 0.554400027 0
vt 0.193800002 0.543500006 0
vt 0.212099999 0.533699989 0
vt 0.210700005 0.521799982 0
vt 0.183200002 0.512300014 0
vt 0.186299995 0.500500023 0
vt 0.208499998 0.510399997 0
vt 0.203999996 0.500400007 0
vt 0.214499995 0.544799984 0
vt 0.236599997 0.542100012 0
vt 0.234099999 0.523599982 0
vt 0.214200005 0.556599975 0
vt 0.238000005 0.551900029 0
vt 0.238000005 0.561100006 0
vt 0.235799998 0.503499985 0
vt 0.237399995 0.490700006 0
vt 0.290600002 0.578999996 0
vt 0.275099993 0.583000004 0
vt 0.268999994 0.575100005 0
vt 0.287099987 0.58920002 0
vt 0.300599992 0.592100024 0
vt 0.315299988 0.578000009 0
vt 0.316599995 0.592299998 0
vt 0.332300007 0.590799987 0
vt 0.33070001 0.576699972 0
vt 0.346799999 0.589100003 0
vt 0.345099986 0.574999988 0
vt 0.365399987 0.585399985 0
vt 0.359299988 0.572799981 0
vt 0.3838 0.573700011 0
vt 0.35769999 0.54610002 0
vt 0.387100011 0.547900021 0
vt 0.367700011 0.533100009 0
vt 0.378199995 0.537100017 0
vt 0.353799999 0.532299995 0
vt 0.341500014 0.546800017 0
vt 0.340000004 0.533399999 0
vt 0.325100005 0.535000026 0
vt 0.326900005 0.548099995 0
vt 0.309100002 0.537400007 0
vt 0.311500013 0.550199986 0
vt 0.294400007 0.541100025 0
vt 0.295300007 0.553300023 0
vt 0.282099992 0.546000004 0
vt 0.26820001 0.556900024 0
vt 0.280499995 0.566399992 0
vt 0.266200006 0.571699977 0
vt 0.575500011 0.516300023 0
vt 0.543500006 0.50999999 0
vt 0.575200021 0.50120002 0
vt 0.545799971 0.524399996 0
vt 0.507600009 0.515600026 0
vt 0.510399997 0.531400025 0
vt 0.476099998 0.517199993 0
vt 0.506099999 0.504400015 0
vt 0.575900018 0.527899981 0
vt 0.54610002 0.538699985 0
vt 0.512399971 0.546700001 0
vt 0.478799999 0.550400019 0
vt 0.476399988 0.534200013 0
vt 0.414900005 0.540400028 0
vt 0.409099996 0.521499991 0
vt 0.475899994 0.507600009 0
vt 0.503000021 0.493600011 0
vt 0.539300025 0.493200004 0
vt 0.539699972 0.503099978 0
vt 0.419499993 0.560599983 0
vt 0.572399974 0.498800009 0
vt 0.570200026 0.483200014 0
vt 0.537699997 0.478100002 0
vt 0.567600012 0.468300015 0
vt 0.53579998 0.46360001 0
vt 0.568199992 0.458799988 0
vt 0.53609997 0.45539999 0
vt 0.501699984 0.461400002 0
vt 0.501999974 0.476999998 0
vt 0.467900008 0.462099999 0
vt 0.467099994 0.478899986 0
vt 0.4102 0.462000012 0
vt 0.407499999 0.481599987 0
vt 0.470299989 0.496199995 0
vt 0.405600011 0.501600027 0
vt 0.407200009 0.511900008 0
vt 0.319099993 0.456099987 0
vt 0.34040001 0.413100004 0
vt 0.341600001 0.460299999 0
vt 0.318699986 0.413700014 0
vt 0.307399988 0.453299999 0
vt 0.304500014 0.413199991 0
vt 0.284799993 0.449600011 0
vt 0.286799997 0.411500007 0
vt 0.250800014 0.441599995 0
vt 0.248999998 0.422800004 0
vt 0.251899987 0.409099996 0
vt 0.265199989 0.513400018 0
vt 0.2773 0.513499975 0
vt 0.266299993 0.518400013 0
vt 0.27579999 0.508099973 0
vt 0.28670001 0.510399997 0
vt 0.285400003 0.505299985 0
vt 0.297699988 0.502900004 0
vt 0.299600005 0.508300006 0
vt 0.319799989 0.504100025 0
vt 0.319299996 0.509199977 0
vt 0.265799999 0.508300006 0
vt 0.27610001 0.502900004 0
vt 0.294800013 0.498600006 0
vt 0.318399996 0.497299999 0
vt 0.365200013 0.499599993 0
vt 0.378800005 0.510100007 0
vt 0.381999999 0.514100015 0
vt 0.265300006 0.499900013 0
vt 0.275599986 0.497200012 0
vt 0.292400002 0.494300008 0
vt 0.316900015 0.490399987 0
vt 0.344300002 0.487199992 0
vt 0.275700003 0.491400003 0
vt 0.288199991 0.490700006 0
vt 0.304899991 0.485199988 0
vt 0.3222 0.478599995 0
vt 0.262300014 0.491400003 0
vt 0.276600003 0.487199992 0
vt 0.287600011 0.485399991 0
vt 0.291799992 0.481099993 0
vt 0.299899995 0.473199993 0
vt 0.25940001 0.484600008 0
vt 0.852599978 0.879899979 0
vt 0.872600019 0.888300002 0
vt 0.868200004 0.894200027 0
vt 0.813199997 0.881799996 0
vt 0.812399983 0.870899975 0
vt 0.790499985 0.868300021 0
vt 0.789799988 0.876100004 0
vt 0.781599998 0.881699979 0
vt 0.780300021 0.869199991 0
vt 0.764500022 0.871200025 0
vt 0.766600013 0.885699987 0
vt 0.75 0.884500027 0
vt 0.751800001 0.87440002 0
vt 0.739600003 0.881600022 0
vt 0.793600023 0.847199976 0
vt 0.791000009 0.869700015 0
vt 0.781099975 0.868099988 0
vt 0.768299997 0.858699977 0
vt 0.758899987 0.849600017 0
vt 0.791199982 0.834399998 0
vt 0.754100025 0.836499989 0
vt 0.744899988 0.843500018 0
vt 0.738600016 0.834699988 0
vt 0.760100007 0.823400021 0
vt 0.749000013 0.804700017 0
vt 0.792299986 0.82130003 0
vt 0.801299989 0.807099998 0
vt 0.767199993 0.797500014 0
vt 0.764400005 0.806500018 0
vt 0.75999999 0.797999978 0
vt 0.95539999 0.823700011 0
vt 0.950399995 0.843500018 0
vt 0.949400008 0.825699985 0
vt 0.960099995 0.844200015 0
vt 0.951300025 0.86589998 0
vt 0.948099971 0.857800007 0
vt 0.934499979 0.874000013 0
vt 0.93599999 0.879299998 0
vt 0.918900013 0.885399997 0
vt 0.922500014 0.888700008 0
vt 0.970799983 0.821399987 0
vt 0.972000003 0.839100003 0
vt 0.965300024 0.860300004 0
vt 0.958500028 0.877399981 0
vt 0.941600025 0.888899982 0
vt 0.932200015 0.897499979 0
vt 0.976899981 0.82980001 0
vt 0.98150003 0.833700001 0
vt 0.984899998 0.840499997 0
vt 0.98089999 0.855499983 0
vt 0.975700021 0.857800007 0
vt 0.977500021 0.826300025 0
vt 0.975799978 0.821200013 0
vt 0.982200027 0.883700013 0
vt 0.978100002 0.8847 0
vt 0.965399981 0.889999986 0
vt 0.951200008 0.896200001 0
vt 0.947300017 0.898599982 0
vt 0.938199997 0.903900027 0
vt 0.697600007 0.717199981 0
vt 0.695900023 0.737999976 0
vt 0.686600029 0.736100018 0
vt 0.707700014 0.720200002 0
vt 0.711399972 0.738099992 0
vt 0.720499992 0.721800029 0
vt 0.735199988 0.738699973 0
vt 0.738300025 0.722899973 0
vt 0.759800017 0.733500004 0
vt 0.709200025 0.697799981 0
vt 0.718500018 0.700200021 0
vt 0.728100002 0.701699972 0
vt 0.74089998 0.702700019 0
vt 0.756299973 0.718500018 0
vt 0.770600021 0.714299977 0
vt 0.778699994 0.729300022 0
vt 0.713100016 0.68690002 0
vt 0.721700013 0.686999977 0
vt 0.730499983 0.674799979 0
vt 0.742699981 0.675300002 0
vt 0.753600001 0.68690002 0
vt 0.753700018 0.700399995 0
vt 0.764299989 0.69749999 0
vt 0.712700009 0.676400006 0
vt 0.720600009 0.674300015 0
vt 0.715200007 0.661800027 0
vt 0.727199972 0.654799998 0
vt 0.743300021 0.648599982 0
vt 0.755200028 0.673399985 0
vt 0.707799971 0.666299999 0
vt 0.700399995 0.654500008 0
vt 0.70599997 0.648899972 0
vt 0.721700013 0.636300027 0
vt 0.743200004 0.62559998 0
vt 0.760200024 0.650300026 0
vt 0.765399992 0.671700001 0
vt 0.762899995 0.684499979 0
vt 0.766200006 0.629599988 0
vt 0.773299992 0.653999984 0
vt 0.773699999 0.673300028 0
vt 0.771499991 0.685199976 0
vt 0.773599982 0.69690001 0
vt 0.780499995 0.712400019 0
vt 0.783699989 0.637300014 0
vt 0.781000018 0.657500029 0
vt 0.789300025 0.641900003 0
vt 0.785700023 0.729399979 0
vt 0.658699989 0.269699991 0
vt 0.669399977 0.259600013 0
vt 0.659600019 0.254700005 0
vt 0.673799992 0.276300013 0
vt 0.680700004 0.270399988 0
vt 0.686100006 0.295599997 0
vt 0.707300007 0.29550001 0
vt 0.70539999 0.315400004 0
vt 0.727100015 0.309899986 0
vt 0.657100022 0.294999987 0
vt 0.671700001 0.300799996 0
vt 0.686800003 0.314900011 0
vt 0.706099987 0.33129999 0
vt 0.725199997 0.326499999 0
vt 0.741400003 0.32100001 0
vt 0.74089998 0.330599993 0
vt 0.652199984 0.314900011 0
vt 0.666199982 0.320300013 0
vt 0.684700012 0.33070001 0
vt 0.707300007 0.345899999 0
vt 0.724699974 0.342900008 0
vt 0.739099979 0.3495 0
vt 0.726599991 0.361099988 0
vt 0.734799981 0.371699989 0
vt 0.647599995 0.328799993 0
vt 0.658999979 0.334899992 0
vt 0.681599975 0.343300015 0
vt 0.709299982 0.359699994 0
vt 0.730199993 0.379799992 0
vt 0.739000022 0.390799999 0
vt 0.183500007 0.453599989 0
vt 0.231700003 0.420100003 0
vt 0.190899998 0.461400002 0
vt 0.221300006 0.407999992 0
vt 0.204999998 0.406199992 0
vt 0.228200004 0.373899996 0
vt 0.203199998 0.376899987 0
vt 0.207200006 0.357899994 0
vt 0.184699997 0.363099992 0
vt 0.181700006 0.379599988 0
vt 0.164000005 0.371800005 0
vt 0.171000004 0.444700003 0
vt 0.183500007 0.404500008 0
vt 0.164100006 0.40079999 0
vt 0.1664 0.382400006 0
vt 0.147200003 0.382999986 0
vt 0.146400005 0.473500013 0
vt 0.135399997 0.459600002 0
vt 0.154599994 0.433800012 0
vt 0.138699993 0.421799988 0
vt 0.149299994 0.395500004 0
vt 0.128299996 0.40110001 0
vt 0.125300005 0.388000011 0
vt 0.113600001 0.478599995 0
vt 0.0975999981 0.462799996 0
vt 0.122000001 0.444400012 0
vt 0.108900003 0.42899999 0
vt 0.103799999 0.401899993 0
vt 0.0861999989 0.444799989 0
vt 0.0794999972 0.419 0
vt 0.0754000023 0.394400001 0
vt 0.0736000016 0.378399998 0
vt 0.104599997 0.384900004 0
vt 0.0737999976 0.368299991 0
vt 0.0119000003 0.551500022 0
vt 0.0291000009 0.557099998 0
vt 0.0182000007 0.56400001 0
vt 0.0221999995 0.538900018 0
vt 0.0441999994 0.543799996 0
vt 0.0370000005 0.52640003 0
vt 0.0577999987 0.530799985 0
vt 0.0527999997 0.517700016 0
vt 0.063500002 0.522800028 0
vt 0.063500002 0.513499975 0
vt 0.00659999996 0.533299983 0
vt 0.0153000001 0.521399975 0
vt 0.0293000005 0.510200024 0
vt 0.0456999987 0.505900025 0
vt 0.0560000017 0.506600022 0
vt 0.442699999 0.931699991 0
vt 0.441300005 0.939999998 0
vt 0.448900014 0.943099976 0
vt 0.451799989 0.927299976 0
vt 0.445300013 0.923900008 0
vt 0.449200004 0.92019999 0
vt 0.453299999 0.924300015 0
vt 0.459800005 0.917900026 0
vt 0.460200012 0.925000012 0
vt 0.472000003 0.919399977 0
vt 0.460299999 0.929499984 0
vt 0.459600002 0.94749999 0
vt 0.47240001 0.931699991 0
vt 0.471399993 0.926599979 0
vt 0.4815 0.922200024 0
vt 0.480300009 0.929199994 0
vt 0.489600003 0.925999999 0
vt 0.477299988 0.950399995 0
vt 0.4833 0.933600008 0
vt 0.490099996 0.940699995 0
vt 0.491600007 0.934599996 0
vt 0.486999989 0.930400014 0
vt 0.497599989 0.930800021 0
vt 0.49939999 0.938499987 0
vt 0.505500019 0.935400009 0
vt 0.498800009 0.947099984 0
vt 0.5079 0.941500008 0
vt 0.513700008 0.939499974 0
vt 0.516099989 0.943499982 0
vt 0.521600008 0.942900002 0
vt 0.622900009 0.971199989 0
vt 0.615199983 0.958400011 0
vt 0.614099979 0.984600008 0
vt 0.590699971 0.955299973 0
vt 0.592400014 0.989799976 0
vt 0.557399988 0.988900006 0
vt 0.555800021 0.957700014 0
vt 0.514900029 0.983399987 0
vt 0.513800025 0.962700009 0
vt 0.480300009 0.975700021 0
vt 0.479600012 0.968500018 0
vt 0.469799995 0.972100019 0
vt 0.60589999 0.922800004 0
vt 0.621200025 0.903800011 0
vt 0.621500015 0.921299994 0
vt 0.601999998 0.905600011 0
vt 0.601800025 0.892400026 0
vt 0.6171 0.886600018 0
vt 0.610499978 0.87650001 0
vt 0.600600004 0.884599984 0
vt 0.586700022 0.881600022 0
vt 0.581700027 0.903900027 0
vt 0.583899975 0.892700016 0
vt 0.626699984 0.838199973 0
vt 0.632499993 0.83099997 0
vt 0.632399976 0.843900025 0
vt 0.652800024 0.835200012 0
vt 0.653100014 0.845000029 0
vt 0.677299976 0.842599988 0
vt 0.676999986 0.833800018 0
vt 0.700500011 0.835399985 0
vt 0.700800002 0.845000029 0
vt 0.720099986 0.843800008 0
vt 0.652899981 0.825900018 0
vt 0.676699996 0.825900018 0
vt 0.699699998 0.826200008 0
vt 0.719299972 0.831399977 0
vt 0.724900007 0.838400006 0
vt 0.694100022 0.763999999 0
vt 0.695200026 0.754599988 0
vt 0.699500024 0.772800028 0
vt 0.711199999 0.763199985 0
vt 0.71329999 0.77609998 0
vt 0.735700011 0.762899995 0
vt 0.736999989 0.774900019 0
vt 0.761399984 0.761799991 0
vt 0.762399971 0.772800028 0
vt 0.779699981 0.766799986 0
vt 0.709699988 0.74879998 0
vt 0.733900011 0.749499977 0
vt 0.759599984 0.74940002 0
vt 0.778699994 0.753700018 0
vt 0.781499982 0.760299981 0
vt 0.143999994 0.302700013 0
vt 0.144299999 0.309700012 0
vt 0.162 0.305900007 0
vt 0.160500005 0.310400009 0
vt 0.181700006 0.31189999 0
vt 0.179199994 0.317200005 0
vt 0.199499995 0.328399986 0
vt 0.2051 0.324699998 0
vt 0.184200004 0.307700008 0
vt 0.211700007 0.319299996 0
vt 0.143600002 0.314399987 0
vt 0.158199996 0.316000015 0
vt 0.1752 0.324999988 0
vt 0.192599997 0.333999991 0
vt 0.204600006 0.343199998 0
vt 0.213799998 0.338699996 0
vt 0.216399997 0.334399998 0
vt 0.226199999 0.336899996 0
vt 0.138099998 0.322100013 0
vt 0.154799998 0.324400008 0
vt 0.169300005 0.334399998 0
vt 0.184799999 0.340000004 0
vt 0.195700005 0.346899986 0
vt 0.200100005 0.354099989 0
vt 0.212200001 0.350499988 0
vt 0.135700002 0.331400007 0
vt 0.152400002 0.33829999 0
vt 0.166600004 0.344399989 0
vt 0.1787 0.345600009 0
vt 0.188099995 0.348800004 0
vt 0.188500002 0.354699999 0
vt 0.134100005 0.346500009 0
vt 0.153099999 0.349599987 0
vt 0.158500001 0.358099997 0
vt 0.167600006 0.353100002 0
vt 0.178599998 0.353700012 0
vt 0.1373 0.358399987 0
vt 0.140699998 0.365399987 0
vt 0.145699993 0.369700015 0
vt 0.224000007 0.342400014 0
vt 0.599399984 0.507700026 0
vt 0.6074 0.500800014 0
vt 0.589699984 0.505800009 0
vt 0.58160001 0.487399995 0
vt 0.6074 0.480399996 0
vt 0.600099981 0.461899996 0
vt 0.581700027 0.466600001 0
vt 0.59009999 0.458799988 0
vt 0.543200016 0.728799999 0
vt 0.533100009 0.700200021 0
vt 0.550700009 0.704100013 0
vt 0.519400001 0.728999972 0
vt 0.507700026 0.716499984 0
vt 0.519699991 0.6954 0
vt 0.531599998 0.672800004 0
vt 0.551699996 0.671999991 0
vt 0.566299975 0.685400009 0
vt 0.532400012 0.739400029 0
vt 0.516799986 0.738499999 0
vt 0.507799983 0.731000006 0
vt 0.515799999 0.742399991 0
vt 0.578700006 0.662500024 0
vt 0.567600012 0.651300013 0
vt 0.595099986 0.640900016 0
vt 0.584699988 0.629899979 0
vt 0.611400008 0.620500028 0
vt 0.59859997 0.612299979 0
vt 0.588800013 0.601100028 0
vt 0.57099998 0.62379998 0
vt 0.551900029 0.648699999 0
vt 0.190599993 0.710600019 0
vt 0.195099995 0.684899986 0
vt 0.200800002 0.71390003 0
vt 0.185800001 0.687399983 0
vt 0.184499994 0.659600019 0
vt 0.169100001 0.643299997 0
vt 0.172900006 0.637300014 0
vt 0.165099993 0.637199998 0
vt 0.165099993 0.631600022 0
vt 0.188299999 0.728200018 0
vt 0.179100007 0.726000011 0
vt 0.180099994 0.710099995 0
vt 0.175999999 0.686500013 0
vt 0.165099993 0.647899985 0
vt 0.197300002 0.729399979 0
vt 0.181899995 0.739499986 0
vt 0.171700001 0.742699981 0
vt 0.165099993 0.725399971 0
vt 0.165099993 0.709800005 0
vt 0.165099993 0.684400022 0
vt 0.186299995 0.745100021 0
vt 0.174199998 0.754499972 0
vt 0.165099993 0.75120002 0
vt 0.165099993 0.743499994 0
vt 0.158600003 0.742699981 0
vt 0.151199996 0.726000011 0
vt 0.150199994 0.710099995 0
vt 0.154300004 0.686500013 0
vt 0.165099993 0.757099986 0
vt 0.156100005 0.754499972 0
vt 0.148300007 0.739499986 0
vt 0.142000005 0.728200018 0
vt 0.139599994 0.710600019 0
vt 0.144500002 0.6875 0
vt 0.1611 0.643400013 0
vt 0.143999994 0.745100021 0
vt 0.133000001 0.729399979 0
vt 0.1294 0.71390003 0
vt 0.135199994 0.684899986 0
vt 0.145699993 0.659600019 0
vt 0.157199994 0.637300014 0
vt 0.0186999999 0.851599991 0
vt 0.0471000001 0.879700005 0
vt 0.0266999993 0.882499993 0
vt 0.0412999988 0.847100019 0
vt 0.063500002 0.847899973 0
vt 0.0666000023 0.87529999 0
vt 0.061900001 0.902400017 0
vt 0.0496999994 0.913200021 0
vt 0.0749000013 0.931900024 0
vt 0.0326999985 0.79369998 0
vt 0.0513999984 0.8028 0
vt 0.0700000003 0.809300005 0
vt 0.0934000015 0.847800016 0
vt 0.0935000032 0.874000013 0
vt 0.0830999985 0.908699989 0
vt 0.0936999992 0.925300002 0
vt 0.0936999992 0.936600029 0
vt 0.0555000007 0.743700027 0
vt 0.0825000033 0.712199986 0
vt 0.0930999964 0.721800029 0
vt 0.0932999998 0.811100006 0
vt 0.123300001 0.847599983 0
vt 0.120399997 0.875100017 0
vt 0.0789000019 0.699699998 0
vt 0.0930999964 0.698300004 0
vt 0.103799999 0.712100029 0
vt 0.135199994 0.802699983 0
vt 0.116499998 0.809300005 0
vt 0.0930999964 0.68779999 0
vt 0.107299998 0.699699998 0
vt 0.130799994 0.743600011 0
vt 0.153799996 0.79339999 0
vt 0.145500004 0.846800029 0
vt 0.168099999 0.851000011 0
vt 0.139899999 0.879400015 0
vt 0.125300005 0.902199984 0
vt 0.104199998 0.908599973 0
vt 0.160300002 0.882000029 0
vt 0.137600005 0.912899971 0
vt 0.112499997 0.931800008 0
vt 0.0935999975 0.910300016 0
vt 0.842499971 0.508099973 0
vt 0.860000014 0.521600008 0
vt 0.847199976 0.500500023 0
vt 0.852299988 0.521700025 0
vt 0.850000024 0.547999978 0
vt 0.863600016 0.546999991 0
vt 0.858500004 0.570800006 0
vt 0.834100008 0.502799988 0
vt 0.833999991 0.514699996 0
vt 0.842299998 0.518400013 0
vt 0.846000016 0.534099996 0
vt 0.83829999 0.548900008 0
vt 0.846899986 0.5625 0
vt 0.833999991 0.494599998 0
vt 0.824500024 0.493299991 0
vt 0.824999988 0.501999974 0
vt 0.826600015 0.513899982 0
vt 0.826300025 0.525900006 0
vt 0.83859998 0.534699976 0
vt 0.814700007 0.494700015 0
vt 0.814800024 0.504599988 0
vt 0.817300022 0.515399992 0
vt 0.813199997 0.53490001 0
vt 0.826300025 0.535899997 0
vt 0.825699985 0.549199998 0
vt 0.801800013 0.50120002 0
vt 0.806999981 0.50940001 0
vt 0.808200002 0.520200014 0
vt 0.804899991 0.533999979 0
vt 0.813899994 0.551800013 0
vt 0.789399981 0.522800028 0
vt 0.799300015 0.520900011 0
vt 0.801900029 0.548600018 0
vt 0.805299997 0.56190002 0
vt 0.814100027 0.567300022 0
vt 0.825399995 0.561600029 0
vt 0.836799979 0.567200005 0
vt 0.840200007 0.575200021 0
vt 0.847299993 0.590799987 0
vt 0.832000017 0.584399998 0
vt 0.834299982 0.603699982 0
vt 0.825299978 0.57249999 0
vt 0.817700028 0.582899988 0
vt 0.824100018 0.587499976 0
vt 0.823400021 0.607500017 0
vt 0.813899994 0.602800012 0
vt 0.802699983 0.589600027 0
vt 0.81190002 0.573000014 0
vt 0.792100012 0.570599973 0
vt 0.786800027 0.548200011 0
vt 0.195500001 0.758899987 0
vt 0.211899996 0.804799974 0
vt 0.191200003 0.807500005 0
vt 0.214599997 0.763100028 0
vt 0.231199995 0.8028 0
vt 0.232899994 0.835099995 0
vt 0.216199994 0.837800026 0
vt 0.199399993 0.846700013 0
vt 0.225700006 0.864899993 0
vt 0.215700001 0.875899971 0
vt 0.215599999 0.70389998 0
vt 0.240099996 0.66900003 0
vt 0.250400007 0.675800025 0
vt 0.232500002 0.76639998 0
vt 0.25060001 0.802100003 0
vt 0.236900002 0.66079998 0
vt 0.25029999 0.655300021 0
vt 0.260600001 0.66900003 0
vt 0.286500007 0.762899995 0
vt 0.268599987 0.766300023 0
vt 0.25060001 0.767199993 0
vt 0.25029999 0.648500025 0
vt 0.263700008 0.660700023 0
vt 0.285299987 0.703800023 0
vt 0.305599988 0.758700013 0
vt 0.289400011 0.804700017 0
vt 0.270099998 0.8028 0
vt 0.310099989 0.807299972 0
vt 0.2852 0.837700009 0
vt 0.268400013 0.834999979 0
vt 0.250699997 0.836499989 0
vt 0.241699994 0.872300029 0
vt 0.302100003 0.846499979 0
vt 0.275700003 0.864899993 0
vt 0.2597 0.872200012 0
vt 0.250699997 0.874899983 0
vt 0.250800014 0.888999999 0
vt 0.234099999 0.89289999 0
vt 0.285699993 0.875800014 0
vt 0.267399997 0.89289999 0
vt 0.250800014 0.897800028 0
vt 0.332800001 0.620700002 0
vt 0.325100005 0.620700002 0
vt 0.332800001 0.614799976 0
vt 0.327399999 0.624899983 0
vt 0.315200001 0.64319998 0
vt 0.315299988 0.672800004 0
vt 0.305500001 0.671700001 0
vt 0.313800007 0.695200026 0
vt 0.303600013 0.6972 0
vt 0.340499997 0.620700002 0
vt 0.338099986 0.624899983 0
vt 0.332800001 0.635599971 0
vt 0.324200004 0.673699975 0
vt 0.323300004 0.693799973 0
vt 0.324099988 0.712899983 0
vt 0.315699995 0.71329999 0
vt 0.307300001 0.717299998 0
vt 0.350400001 0.643100023 0
vt 0.350499988 0.672699988 0
vt 0.341500014 0.673699975 0
vt 0.332899988 0.673799992 0
vt 0.332899988 0.695100009 0
vt 0.360300004 0.671599984 0
vt 0.351999998 0.695100009 0
vt 0.342500001 0.693700016 0
vt 0.341699988 0.712899983 0
vt 0.332899988 0.712800026 0
vt 0.362199992 0.697099984 0
vt 0.350100011 0.71329999 0
vt 0.358500004 0.717299998 0
vt 0.345499992 0.727500021 0
vt 0.338099986 0.727299988 0
vt 0.332899988 0.727400005 0
vt 0.327699989 0.727299988 0
vt 0.320300013 0.727500021 0
vt 0.350499988 0.732299984 0
vt 0.341100007 0.740999997 0
vt 0.332899988 0.739499986 0
vt 0.324699998 0.740999997 0
vt 0.315299988 0.732299984 0
vt 0.332899988 0.743499994 0
vt 0.453200012 0.763300002 0
vt 0.444799989 0.778100014 0
vt 0.439500004 0.763100028 0
vt 0.456400007 0.773000002 0
vt 0.4639 0.78670001 0
vt 0.45449999 0.794399977 0
vt 0.467500001 0.803200006 0
vt 0.46509999 0.809300005 0
vt 0.453200012 0.752900004 0
vt 0.493299991 0.763199985 0
vt 0.490099996 0.772899985 0
vt 0.48269999 0.786800027 0
vt 0.479000002 0.803300023 0
vt 0.4815 0.809300005 0
vt 0.492000014 0.794399977 0
vt 0.439500004 0.749000013 0
vt 0.446200013 0.732200027 0
vt 0.457700014 0.741400003 0
vt 0.493200004 0.752900004 0
vt 0.506900012 0.762899995 0
vt 0.501699984 0.777999997 0
vt 0.458499998 0.719900012 0
vt 0.46509999 0.732200027 0
vt 0.481299996 0.732200027 0
vt 0.488599986 0.741299987 0
vt 0.500100017 0.73210001 0
vt 0.506799996 0.74879998 0
vt 0.473100007 0.715600014 0
vt 0.473199993 0.729200006 0
vt 0.487800002 0.719799995 0
vt 0.386200011 0.931200027 0
vt 0.402999997 0.902100027 0
vt 0.415300012 0.922800004 0
vt 0.386099994 0.908200026 0
vt 0.386099994 0.890399992 0
vt 0.417100012 0.884000003 0
vt 0.440200001 0.897899985 0
vt 0.424499989 0.861999989 0
vt 0.454899997 0.863600016 0
vt 0.369300008 0.902100027 0
vt 0.355199993 0.88410002 0
vt 0.3477 0.861999989 0
vt 0.386099994 0.874599993 0
vt 0.35710001 0.922900021 0
vt 0.331999987 0.898000002 0
vt 0.317299992 0.863799989 0
vt 0.34799999 0.841799974 0
vt 0.386099994 0.852400005 0
vt 0.424199998 0.841799974 0
vt 0.4551 0.835200012 0
vt 0.446200013 0.805199981 0
vt 0.317099988 0.835300028 0
vt 0.325899988 0.805299997 0
vt 0.354799986 0.821200013 0
vt 0.386099994 0.823199987 0
vt 0.417299986 0.821200013 0
vt 0.406100005 0.800499976 0
vt 0.427100003 0.771200001 0
vt 0.391900003 0.780799985 0
vt 0.402799994 0.742200017 0
vt 0.365999997 0.800599992 0
vt 0.386099994 0.797900021 0
vt 0.380199999 0.780900002 0
vt 0.369300008 0.7421 0
vt 0.344999999 0.771200001 0
vt 0.731000006 0.958800018 0
vt 0.710500002 0.941500008 0
vt 0.720200002 0.938600004 0
vt 0.720499992 0.964699984 0
vt 0.707700014 0.967199981 0
vt 0.700500011 0.943199992 0
vt 0.708199978 0.928499997 0
vt 0.717400014 0.926699996 0
vt 0.710500002 0.915700018 0
vt 0.719699979 0.916000009 0
vt 0.739600003 0.978900015 0
vt 0.730499983 0.98360002 0
vt 0.716600001 0.984899998 0
vt 0.693000019 0.983900011 0
vt 0.689999998 0.967000008 0
vt 0.675700009 0.939999998 0
vt 0.700399995 0.916400015 0
vt 0.718299985 0.900699973 0
vt 0.725600004 0.906000018 0
vt 0.734399974 0.894999981 0
vt 0.729799986 0.887099981 0
vt 0.668900013 0.976499975 0
vt 0.672399998 0.960900009 0
vt 0.659799993 0.954100013 0
vt 0.666499972 0.935899973 0
vt 0.668200016 0.922599971 0
vt 0.676500022 0.912800014 0
vt 0.652499974 0.968699992 0
vt 0.647099972 0.964600027 0
vt 0.653199971 0.947700024 0
vt 0.658900023 0.931999981 0
vt 0.660000026 0.920099974 0
vt 0.666800022 0.909300029 0
vt 0.674499989 0.885599971 0
vt 0.691399992 0.885299981 0
vt 0.706900001 0.8926 0
vt 0.658100009 0.908100009 0
vt 0.660899997 0.888400018 0
vt 0.652999997 0.869099975 0
vt 0.671899974 0.862299979 0
vt 0.694700003 0.860599995 0
vt 0.71509999 0.872399986 0
vt 0.652499974 0.891499996 0
vt 0.646200001 0.874899983 0
vt 0.140499994 0.602999985 0
vt 0.186199993 0.574100018 0
vt 0.138600007 0.579200029 0
vt 0.188299999 0.600799978 0
vt 0.232500002 0.574699998 0
vt 0.236900002 0.621800005 0
vt 0.193299994 0.623399973 0
vt 0.147499993 0.623000026 0
vt 0.0905999988 0.587700009 0
vt 0.0917000026 0.606599987 0
vt 0.100900002 0.622399986 0
vt 0.0582999997 0.599799991 0
vt 0.0516999997 0.607500017 0
vt 0.066200003 0.617799997 0
vt 0.692200005 0.621699989 0
vt 0.686800003 0.612800002 0
vt 0.683000028 0.615400016 0
vt 0.69569999 0.617699981 0
vt 0.694100022 0.608099997 0
vt 0.685899973 0.601800025 0
vt 0.680899978 0.603500009 0
vt 0.709800005 0.623399973 0
vt 0.711399972 0.618499994 0
vt 0.703100026 0.613799989 0
vt 0.711600006 0.597000003 0
vt 0.692499995 0.596700013 0
vt 0.691900015 0.586300015 0
vt 0.686999977 0.585699975 0
vt 0.731299996 0.620400012 0
vt 0.730300009 0.61589998 0
vt 0.713500023 0.61559999 0
vt 0.719699979 0.605799973 0
vt 0.731999993 0.584399998 0
vt 0.707599998 0.584999979 0
vt 0.69569999 0.585699975 0
vt 0.751800001 0.611299992 0
vt 0.74849999 0.607900023 0
vt 0.745000005 0.603999972 0
vt 0.727500021 0.612100005 0
vt 0.738799989 0.595399976 0
vt 0.763300002 0.593299985 0
vt 0.759599984 0.590799987 0
vt 0.76849997 0.594799995 0
vt 0.771799982 0.577899992 0
vt 0.767199993 0.580500007 0
vt 0.754599988 0.583500028 0
vt 0.777199984 0.577199996 0
vt 0.772599995 0.569299996 0
vt 0.76639998 0.573599994 0
vt 0.749499977 0.574400008 0
vt 0.744599998 0.565199971 0
vt 0.726199985 0.57249999 0
vt 0.778199971 0.567300022 0
vt 0.775600016 0.561100006 0
vt 0.769900024 0.56370002 0
vt 0.762799978 0.567300022 0
vt 0.75940001 0.560699999 0
vt 0.754199982 0.556500018 0
vt 0.741400003 0.557200015 0
vt 0.771799982 0.555299997 0
vt 0.766700029 0.558300018 0
vt 0.759000003 0.55430001 0
vt 0.74150002 0.552900016 0
vt 0.721000016 0.557799995 0
vt 0.722299993 0.562600017 0
vt 0.762899995 0.550499976 0
vt 0.743399978 0.548099995 0
vt 0.720099986 0.553499997 0
vt 0.70389998 0.569899976 0
vt 0.705600023 0.574299991 0
vt 0.700699985 0.567099988 0
vt 0.686600029 0.665099978 0
vt 0.683300018 0.66049999 0
vt 0.6875 0.648000002 0
vt 0.669499993 0.666199982 0
vt 0.656499982 0.633400023 0
vt 0.668900013 0.621299982 0
vt 0.640200019 0.599300027 0
vt 0.629299998 0.603699982 0
vt 0.624499977 0.59890002 0
vt 0.623600006 0.614799976 0
vt 0.643599987 0.645699978 0

# 2491 vertex normals
vn 0.352816194 -0.933642805 0.061902795
vn 0.231393948 -0.91347611 0.334691197
vn 0.211695433 -0.937879741 0.274893999
vn 0.42679888 -0.901297569 0.0741997585
vn 0.44219169 -0.858983934 0.258095115
vn 0.380295992 -0.846491098 0.372596025
vn 0.78421098 -0.563207865 -0.260403663
vn 0.740434051 -0.571526289 -0.353716284
vn 0.741511941 -0.245503932 -0.624410152
vn 0.686699033 -0.44489941 -0.574899197
vn 0.632188857 -0.682387829 -0.366993517
vn 0.757359624 -0.553870499 -0.345881581
vn 0.589008987 -0.807912409 0.0186002497
vn 0.846405745 -0.401802719 -0.349502385
vn 0.766102731 -0.0122000147 -0.642602324
vn 0.619006097 -0.634906232 -0.462304592
vn 0.686068952 -0.195891112 -0.700668335
vn 0.760083795 -0.104997732 -0.641286314
vn 0.819222569 0.00830025319 -0.573415816
vn 0.857514203 -0.0125001837 -0.514308453
vn 0.632304609 -0.122300856 -0.765005529
vn 0.613311648 0.0835016146 -0.785414875
vn 0.688224137 0.142205015 -0.711424887
vn 0.767086148 0.22259602 -0.60168916
vn 0.81390518 0.126300827 -0.567103565
vn 0.58539027 0.0680989102 -0.80788666
vn -0.632304609 -0.122300856 -0.765005529
vn -0.613311648 0.0835016146 -0.785414875
vn -0.58539027 0.0680989102 -0.80788666
vn -0.686068952 -0.195891112 -0.700668335
vn -0.688224137 0.142205015 -0.711424887
vn -0.760083795 -0.104997732 -0.641286314
vn -0.767086148 0.22259602 -0.60168916
vn -0.819222569 0.00830025319 -0.573415816
vn -0.857514203 -0.0125001837 -0.514308453
vn -0.81390518 0.126300827 -0.567103565
vn -0.619006097 -0.634906232 -0.462304592
vn -0.632188857 -0.682387829 -0.366993517
vn -0.757359624 -0.553870499 -0.345881581
vn -0.846405745 -0.401802719 -0.349502385
vn -0.766102731 -0.0122000147 -0.642602324
vn -0.78421098 -0.563207865 -0.260403663
vn -0.741511941 -0.245503932 -0.624410152
vn -0.352816194 -0.933642805 0.061902795
vn -0.42679888 -0.901297569 0.0741997585
vn -0.589008987 -0.807912409 0.0186002497
vn -0.44219169 -0.858983934 0.258095115
vn -0.380295992 -0.846491098 0.372596025
vn -0.740434051 -0.571526289 -0.353716284
vn -0.686699033 -0.44489941 -0.574899197
vn -0.231393948 -0.91347611 0.334691197
vn -0.211695433 -0.937879741 0.274893999
vn -0.38189289 -0.445791632 -0.809584856
vn -0.269497156 -0.655693173 -0.705292642
vn -0.392084926 -0.45068264 -0.801969171
vn -0.20010297 -0.780011535 -0.5929088
vn 0.082603924 -0.953845382 -0.288713783
vn 0.218802139 -0.956309378 -0.193901956
vn 0.282291561 -0.951071501 -0.125596285
vn 0.348506689 -0.926517785 -0.141802758
vn 0.393611729 -0.915927351 -0.0784023851
vn -0.474291205 -0.428792 -0.768885732
vn -0.372109771 -0.750819802 -0.545714378
vn 0.193999916 -0.961099625 -0.19659996
vn 0.549413621 -0.830120623 -0.0951023996
vn 0.300590068 -0.915969789 -0.265791267
vn 0.732916176 -0.661114573 -0.160503581
vn 0.257496029 -0.878186405 -0.403093845
vn -0.663297594 -0.43659842 -0.607797801
vn -0.44160381 -0.716506124 -0.540004671
vn -0.748758137 -0.332581371 -0.573368013
vn -0.564790606 -0.542690933 -0.621689677
vn -0.741422296 -0.260007799 -0.618618608
vn 0.753972232 0.27628985 -0.595978022
vn 0.877541244 -0.0446020737 -0.477422446
vn 0.618382514 0.65358156 -0.436387658
vn 0.595577061 -0.612976372 -0.519180059
vn 0.112199701 -0.982797325 -0.146699652
vn 0.150405407 -0.975835085 -0.158505753
vn -0.350694478 -0.934885263 0.0547990948
vn -0.392004102 -0.916009605 0.0852008462
vn -0.620778441 -0.73937434 0.260690898
vn -0.640784144 -0.709282458 0.293792725
vn 0.596086681 -0.00779979117 -0.802882195
vn 0.439406574 -0.704110563 -0.557808399
vn 0.309408247 -0.93402493 -0.178504795
vn 0.558567762 -0.797454 -0.228186876
vn 0.185206562 -0.976534545 -0.109903932
vn -0.467306316 -0.873911858 0.133801773
vn 0.627622783 0.0118004633 -0.778428257
vn 0.508700013 -0.690299988 -0.514500022
vn 0.382691294 -0.922079027 -0.0575987287
vn 0.783646464 -0.594735265 -0.179410681
vn 0.357113272 -0.929934561 -0.0877033025
vn -0.468679905 -0.88136214 0.0594974123
vn -0.671485424 -0.733584106 0.104697697
vn 0.699684143 0.0487989299 -0.712783873
vn 0.716520905 0.036301095 -0.696620405
vn 0.743887305 0.0286995396 -0.667688608
vn -0.734402776 -0.562902212 0.379201472
vn -0.66259867 -0.659498692 0.354999274
vn 0.519518435 0.722725689 -0.45581615
vn 0.446308047 0.861815572 -0.241004303
vn 0.496395677 0.762693405 -0.414596349
vn 0.453301281 0.880102515 -0.141200364
vn 0.195108458 0.949141204 0.247110769
vn 0.118295804 0.934766829 0.334988177
vn 0.0304003116 0.90500921 0.424304396
vn 0.00940005481 0.911405325 0.411402404
vn -0.000699996541 0.910595536 0.413298041
vn 0.620131075 0.591329634 -0.515525818
vn 0.63279736 0.747396886 -0.20239912
vn 0.206903458 0.941815674 0.264904469
vn -0.09529908 0.932190955 0.349196672
vn 0.156797737 0.974485934 0.160597727
vn -0.337085664 0.92016083 0.19919157
vn 0.239504382 0.969517767 -0.051700905
vn 0.793291986 0.447995514 -0.412295848
vn 0.747700453 0.625400484 -0.223200113
vn 0.855614007 0.364605993 -0.367406011
vn 0.819515765 0.40710786 -0.403307736
vn 0.623468041 0.715063334 -0.316183746
vn 0.510195315 0.759693027 -0.403196275
vn 0.6046139 -0.114002585 -0.788318098
vn -0.14459908 -0.666995645 -0.730895281
vn 0.602741957 -0.116708092 -0.78935504
vn 0.45080182 -0.510402024 -0.732302964
vn -0.113496132 -0.916168809 -0.384386986
vn -0.752809107 -0.612807453 -0.240302935
vn -0.972189188 0.0347996242 -0.231597424
vn -0.829892039 0.0242997911 -0.557394624
vn -0.860215485 0.47400856 -0.188003346
vn -0.890895665 0.424297899 0.162099227
vn 0.541304171 -0.130700991 -0.830606461
vn 0.333009332 -0.557415545 -0.760521352
vn 0.0460007153 -0.890013874 -0.453607112
vn -0.185896158 -0.927580833 -0.324093312
vn -0.602403045 -0.753303826 -0.263901383
vn -0.990323365 0.11740277 0.0740017518
vn -0.835815251 0.491608977 0.24440448
vn -0.843100667 0.497600317 0.203900158
vn 0.352393299 -0.180996522 -0.918182611
vn 0.291104883 -0.648110807 -0.703711867
vn 0.154600903 -0.899705231 -0.40820244
vn -0.051301688 -0.948231161 -0.313410312
vn -0.230311111 -0.941845477 -0.244711861
vn -0.711126626 -0.667124987 -0.221908346
vn -0.985529304 0.147904396 0.082802467
vn -0.857027411 0.465514868 0.220907077
vn 0.312011778 -0.438116491 -0.843031824
vn 0.211105168 -0.887221694 -0.410210073
vn 0.089300409 -0.956304431 -0.278401345
vn -0.134799972 -0.97849977 -0.156100005
vn -0.460728735 -0.866053998 0.194112077
vn -0.746374547 -0.665277243 0.0181993488
vn 0.291106761 -0.227605239 -0.92922157
vn -0.985100031 0.138100013 0.102500007
vn -0.769321561 -0.208105877 0.60401696
vn -0.705893576 -0.378996551 0.598394454
vn -0.713574052 0.179193452 0.67727536
vn -0.745424509 0.205506742 0.634120882
vn -0.369418114 -0.888743639 0.271413296
vn -0.573205888 -0.265202761 0.775308013
vn -0.601472914 0.0867960602 0.79416424
vn -0.5800336 0.0371021144 0.813747168
vn -0.70925653 -0.205087483 0.674458623
vn -0.798431098 0.0303011555 0.601323426
vn -0.817994058 -0.12759909 0.56089586
vn -0.126806766 -0.990552843 -0.052202832
vn -0.495415121 -0.769823551 0.402412236
vn -0.73360157 -0.539301157 0.413500845
vn 0.116303943 -0.959732533 -0.255708694
vn -0.313889176 -0.94736737 0.0629977882
vn 0.983809948 0.140701428 -0.111001119
vn 0.981700778 0.186600149 -0.0380000174
vn 0.976763606 0.152394325 -0.150694385
vn 0.994877577 0.0617986135 -0.0799981952
vn 0.99487865 0.0132997101 0.100197852
vn 0.976983309 0.159097284 0.142097577
vn 0.948975205 0.124596737 0.289692461
vn 0.962996602 -0.0401998684 0.266499043
vn 0.938538849 0.0897037014 0.333313793
vn 0.959395349 -0.0407998152 0.27909863
vn 0.988487482 0.00119999144 -0.151298076
vn 0.991741598 -0.078003265 -0.101804271
vn 0.990757644 -0.125894621 0.0504978374
vn 0.96394372 -0.189808622 0.186508432
vn 0.952453911 -0.184310436 0.242613718
vn -0.617687583 0.0765984356 0.782684445
vn -0.609386802 -0.0896980986 0.787782967
vn -0.591305792 0.0514004678 0.804807842
vn -0.661366522 -0.00119997188 0.750061989
vn -0.657214403 -0.282606214 0.69871527
vn -0.56722182 -0.633024395 0.526820183
vn -0.557119012 -0.61172086 0.561619103
vn -0.282793045 -0.9494766 0.136096597
vn -0.332204103 -0.919211328 0.211402565
vn 0.0874032229 -0.972935796 -0.213907927
vn -0.703479588 0.12419638 0.699779809
vn -0.753008962 -0.00180005014 0.658007801
vn -0.727377057 -0.283191085 0.625080287
vn -0.596715808 -0.74031961 0.309608161
vn -0.221102476 -0.974310994 -0.0428005233
vn 0.101997167 -0.959473372 -0.26269275
vn 0.290289611 -0.906867445 -0.305489063
vn 0.334096462 -0.8938905 -0.298896879
vn -0.812329292 0.160005733 0.560820222
vn -0.853769541 -0.028299015 0.519881487
vn -0.811487913 -0.377594382 0.445993364
vn -0.642871261 -0.76136601 0.0838962123
vn -0.290298194 -0.952493966 -0.092099458
vn -0.0130003681 -0.977527678 -0.21040599
vn -0.935094059 0.00119997689 0.354397744
vn -0.890505135 -0.373502135 0.259801477
vn -0.783380806 -0.612384975 0.106297366
vn -0.480888635 -0.876679301 0.0133996448
vn -0.129895031 -0.981162488 -0.142994598
vn -0.923852801 0.148608476 0.352720171
vn -0.945174456 0.0339990668 0.324791253
vn -0.927871883 -0.239892736 0.285491318
vn -0.855760157 -0.430680007 0.286686659
vn -0.736982107 -0.64298445 0.208394915
vn -0.467881858 -0.87176621 0.145294324
vn -0.206099033 -0.975995421 -0.070399709
vn -0.922210455 0.0747008249 0.379404336
vn -0.875610709 -0.0369004719 0.481605887
vn -0.835916579 -0.277205527 0.473709375
vn -0.724001706 -0.586001456 0.36390084
vn -0.508395672 -0.806693077 0.301297367
vn -0.289689779 -0.951966405 0.0991964638
vn -0.156595051 -0.987368822 -0.0240992829
vn -0.829755366 0.0543970466 0.555470049
vn -0.767326832 0.0131004304 0.641122401
vn -0.774808288 -0.172501862 0.608206511
vn -0.709472954 -0.448882878 0.543279231
vn -0.679000378 -0.595100343 0.429900199
vn -0.449288785 -0.875678122 0.176995531
vn -0.220488518 -0.975349069 -0.00889957789
vn -0.737620175 0.155704245 0.657018006
vn -0.794519126 0.111502662 0.596914351
vn -0.756297708 -0.240299314 0.608498156
vn -0.900481701 -0.0701985955 0.429191262
vn -0.738582551 -0.604085743 0.299292892
vn -0.577795267 -0.811193466 0.0900992304
vn -0.801846027 0.214085564 0.557862461
vn -0.869348049 0.240785584 0.431574196
vn -0.920736313 0.290211409 0.260810316
vn -0.976401865 0.0664001182 0.205500409
vn -0.883566439 -0.399784833 0.243890703
vn -0.839746296 -0.538329661 0.0709038898
vn -0.259287387 -0.950253785 -0.172591656
vn 0.0778969601 -0.974161983 -0.211991772
vn -0.938177824 0.345491827 0.021399511
vn -0.998897374 0.0369999036 -0.0288999211
vn -0.826210141 0.462405682 -0.321803898
vn -0.883037508 -0.0253010541 -0.468619913
vn -0.727173626 -0.665275872 -0.169193909
vn -0.285718352 -0.763749063 -0.578837276
vn 0.297991395 -0.663180828 -0.686580181
vn 0.236097023 -0.84738934 -0.475594074
vn -0.237903044 0.456905872 -0.857110977
vn -0.340092182 -0.112997368 -0.933578551
vn 0.313206434 -0.137902796 -0.939619362
vn 0.626011372 -0.0997017696 -0.773414075
vn 0.599121809 -0.374213576 -0.70782578
vn 0.512693524 -0.624592066 -0.589092612
vn 0.434912562 0.362410516 -0.824323833
vn 0.635202944 0.214701012 -0.741903424
vn 0.686396599 0.0455998071 -0.725796342
vn 0.63459003 -0.22949639 -0.737988472
vn 0.507102072 -0.596102417 -0.622502565
vn 0.37949726 -0.826294065 -0.416197062
vn 0.198894709 0.806078613 -0.557385147
vn 0.553097069 0.51509732 -0.654796481
vn 0.691326439 0.256909907 -0.675325871
vn 0.601072669 0.546675086 -0.582973421
vn 0.629799187 0.263499677 -0.730699003
vn 0.0234008562 0.849531114 -0.527019262
vn -0.257891774 0.912970901 -0.316189885
vn -0.236596838 0.946187437 -0.220797017
vn 0.140396476 0.935376406 -0.324591786
vn 0.400807351 0.776814222 -0.485708863
vn 0.590013742 0.552112997 -0.589113772
vn 0.543513238 0.671916366 -0.503112197
vn -0.568903923 0.818305731 -0.0820005387
vn -0.505278289 0.862362981 0.0319986641
vn -0.156197011 0.983681083 -0.0892982408
vn -0.0271991845 0.996170163 -0.0830974653
vn 0.165999636 0.952398002 -0.255699396
vn 0.334004372 0.873811424 -0.353404552
vn -0.724409103 0.679608524 0.11560148
vn -0.595602751 0.758203506 0.265301287
vn -0.325391591 0.9356758 0.136496514
vn -0.0824010372 0.996312618 0.0239003468
vn 0.103597201 0.984373391 -0.142396107
vn 0.24150081 0.942603171 -0.23060073
vn 0.469101846 0.759303033 -0.451001793
vn -0.603594899 0.647794545 0.464796066
vn -0.430122375 0.859444678 0.276314408
vn -0.114795059 0.989457369 0.0882962421
vn 0.0572021678 0.996237814 -0.0651024282
vn 0.183299631 0.96579802 -0.183399588
vn -0.645597696 0.576197863 0.501198232
vn -0.680275798 0.438284427 0.587479115
vn -0.695798993 0.488099277 0.526899278
vn -0.74744463 0.536032021 0.392423451
vn -0.448396862 0.852994025 0.267098188
vn -0.797308862 0.321203589 0.5110057
vn -0.852301538 0.368600637 0.371100664
vn -0.730210602 0.599008679 0.328604788
vn -0.630715847 0.658916593 0.409910321
vn -0.361487389 0.853470266 0.375386924
vn -0.786119699 0.481912106 0.38700971
vn -0.709201455 0.457500905 0.536401153
vn -0.602402747 0.581102669 0.547202528
vn -0.55300355 0.536803484 0.63720417
vn -0.381085455 0.769970536 0.511780441
vn -0.137297019 0.96537894 0.221795201
vn -0.0183002558 0.999313891 0.0322004929
vn 0.010700101 0.999709427 -0.0216001607
vn -0.644597352 0.394798338 0.654697299
vn -0.601576567 0.306988031 0.737471342
vn -0.529887319 0.451989174 0.717582881
vn -0.397318333 0.714132905 0.576326609
vn -0.249198705 0.884995341 0.39329797
vn -0.538306653 0.394504845 0.744709253
vn -0.450791568 0.673787415 0.585489094
vn -0.330792129 0.870179296 0.36519137
vn -0.184605256 0.930826545 0.315409034
vn -0.10459882 0.97488898 0.196597829
vn 0.0679029673 0.99584353 0.0607026927
vn 0.0674977228 0.997666359 -0.010299609
vn -0.420401961 0.820003808 0.388401836
vn -0.417909145 0.860518813 0.291306406
vn -0.191502154 0.958410859 0.211602435
vn -0.340004444 0.927612126 0.154702067
vn -0.0854985192 0.971383214 0.221596211
vn 0.241406888 0.93672663 0.253507286
vn 0.0716007501 0.98791033 0.137501493
vn 0.338800758 0.939602077 -0.0486000665
vn 0.306989044 0.934266627 -0.181393489
vn 0.232187778 0.948250115 -0.216588572
vn 0.0593970604 0.996350706 -0.0612969212
vn 0.268808186 0.884026945 0.382411718
vn 0.557196379 0.690995455 0.460497051
vn 0.647798777 0.688298643 0.326499403
vn 0.658197463 0.740697145 0.134699523
vn 0.348393589 0.931082845 0.108198054
vn 0.682094276 0.715693951 -0.150098711
vn 0.61209321 0.693392396 -0.380195767
vn 0.567507148 0.593007505 0.571207285
vn 0.761984885 0.339793235 0.551289022
vn 0.846219957 0.359908462 0.392909259
vn 0.915200889 0.374600351 0.148600161
vn 0.911533892 0.353913158 -0.209407777
vn 0.730412602 0.297705114 0.614710689
vn 0.844713151 0.0109001463 0.535108328
vn 0.924549639 -0.00560031692 0.381020457
vn 0.99253732 -0.0030001183 0.121904589
vn 0.978752255 0.0328984037 -0.202390119
vn 0.846898615 -0.0219999421 -0.531299114
vn 0.801455855 0.326182067 -0.50127238
vn 0.802311242 -0.0851012245 0.590808272
vn 0.818113267 -0.311305106 0.483507842
vn 0.8888188 -0.319506735 0.328506917
vn 0.937176347 -0.334691554 0.0983975008
vn 0.918226719 -0.293608516 -0.265807748
vn 0.730491996 -0.472794801 0.492794573
vn 0.738695025 -0.589796066 0.32629779
vn 0.764385819 -0.630188346 0.136297435
vn 0.763510048 -0.640908539 -0.0793010741
vn 0.718477309 -0.60578084 -0.341789246
vn 0.784617543 -0.305806816 -0.539312124
vn 0.626811326 -0.727313221 0.279505044
vn 0.591010749 -0.799414575 0.107901938
vn 0.579412818 -0.814718008 -0.022700537
vn 0.504024386 -0.845040917 -0.178508669
vn 0.42350325 -0.839506447 -0.340402663
vn 0.640921474 -0.546318233 -0.539218068
vn 0.693916142 -0.270006269 -0.667515576
vn 0.537505627 -0.837708771 0.0966009796
vn 0.473109215 -0.878917038 -0.0606012158
vn 0.374392539 -0.900082111 -0.222895622
vn 0.347400546 -0.904601395 -0.247000426
vn 0.233400822 -0.915103197 -0.328801215
vn 0.324893445 -0.855782688 -0.402591914
vn 0.450506121 -0.737309933 -0.503406882
vn 0.565402329 -0.531302214 -0.630902648
vn 0.12879923 -0.950194359 -0.283798367
vn 0.0800016448 -0.967419922 -0.24020499
vn 0.110701211 -0.962310493 -0.248402759
vn 0.287010342 -0.883831918 -0.369413346
vn 0.452293724 -0.796588898 -0.401094466
vn -0.0172992889 -0.989859283 -0.140994251
vn 0.0450981669 -0.984960079 -0.166793287
vn 0.146501452 -0.973209679 -0.177201793
vn 0.168703586 -0.957020342 -0.235905051
vn 0.23099646 -0.95288533 -0.196597025
vn 0.093404457 -0.971846402 -0.216310352
vn 0.196602762 -0.904812694 -0.377705365
vn 0.148098528 -0.968290329 -0.201198027
vn 0.321796209 -0.840190113 -0.436494887
vn 0.488191545 -0.53889066 -0.686488152
vn 0.487478465 -0.670170367 -0.559675336
vn 0.479080617 -0.774068713 -0.413883299
vn 0.639869869 -0.667568505 -0.380682081
vn 0.660205424 -0.11450091 -0.742306113
vn 0.762905419 -0.123500846 -0.634604454
vn 0.82659477 -0.174698874 -0.534996629
vn 0.664302588 -0.570702195 -0.482701898
vn 0.703680158 -0.310291231 -0.639182031
vn 0.669302106 0.407301307 -0.621401906
vn 0.695783079 0.433889478 -0.572386086
vn 0.74690485 0.0703004822 -0.661204219
vn 0.644090474 0.425493747 -0.63569057
vn 0.688525915 0.339712828 -0.640724063
vn 0.725703537 -0.00239998195 -0.688003421
vn 0.509229541 0.719241798 -0.472627431
vn 0.965776265 0.178595603 0.188095376
vn 0.951320708 0.308106661 0.00770018063
vn 0.961497605 0.252099365 0.109399736
vn 0.990706146 0.13590084 -0.00570002897
vn 0.896826982 0.313809454 -0.311809361
vn 0.91750145 0.141000226 -0.371900558
vn 0.786017835 0.203604653 -0.583713233
vn 0.742271006 -0.0208991542 -0.669773817
vn 0.594174683 0.148193732 -0.790566385
vn 0.958441675 -0.100204363 0.267111599
vn 0.997297525 -0.0262999292 -0.0685998276
vn 0.886496842 -0.0570997782 -0.459198385
vn 0.728699446 -0.179099843 -0.660999537
vn 0.621682286 -0.209693998 -0.754678488
vn 0.494297236 -0.039499741 -0.86839509
vn 0.37470755 0.124702543 -0.918718398
vn 0.280989468 -0.0610976666 -0.957764089
vn 0.409900784 -0.220400378 -0.885101736
vn 0.87923497 -0.11770466 -0.461618364
vn 0.83005929 -0.392280787 -0.396380603
vn 0.881489694 -0.205597565 -0.425095022
vn 0.806809366 -0.401304632 -0.433605015
vn 0.5093804 -0.825168192 -0.244190633
vn 0.549081624 -0.780073941 -0.299990028
vn 0.249098539 -0.955994368 -0.154999122
vn 0.326204598 -0.928713083 -0.176302537
vn 0.102802232 -0.992221534 -0.0702015683
vn 0.828181744 -0.081598185 -0.554487824
vn 0.771548569 -0.353322208 -0.529033303
vn 0.580291033 -0.728988826 -0.363094449
vn 0.411504984 -0.890910804 -0.192202389
vn 0.208005682 -0.977626681 -0.0313008986
vn 0.126301169 -0.991209149 0.0394003242
vn 0.174103081 -0.981617391 0.0782013461
vn 0.686519265 -0.128203556 -0.715720057
vn 0.67052561 -0.410115659 -0.618223667
vn 0.561619937 -0.735326052 -0.379313469
vn 0.464378268 -0.863359571 -0.197390795
vn 0.262597919 -0.963492393 -0.0521996245
vn 0.149699137 -0.98869431 0.00859990716
vn 0.31689474 -0.946084261 -0.0670989305
vn 0.231709912 -0.971941531 -0.0405017734
vn 0.581722021 -0.451417029 -0.676625609
vn 0.519400656 -0.77620101 -0.357400477
vn 0.50650382 -0.851106465 -0.138101071
vn 0.524205387 -0.214602172 -0.824108541
vn 0.512887597 -0.438889325 -0.73778218
vn 0.472202748 -0.278601587 -0.836304903
vn 0.34570986 -0.935726702 -0.0700020418
vn 0.322288334 -0.94066602 -0.106196202
vn 0.992007196 0.125800908 0.00980007648
vn 0.993981957 0.0666987896 -0.0868984163
vn 0.994710982 -0.0891009793 -0.0511005707
vn 0.981831074 0.187305927 -0.030400956
vn 0.975643694 0.165907443 0.143506423
vn 0.948590815 0.144298598 0.281697273
vn 0.943095922 0.131999418 0.305198699
vn 0.881574035 0.111096703 0.458786428
vn 0.838063896 0.102395564 0.53587687
vn 0.72549808 0.104799695 0.680198193
vn 0.667378545 0.0984968022 0.738176286
vn 0.5566836 0.110996701 0.823275805
vn 0.518405795 0.0742007941 0.851909578
vn 0.465998471 0.0512997955 0.883297145
vn 0.484607428 -0.142702222 0.863013148
vn 0.417516619 -0.0389015861 0.907836199
vn 0.397185653 -0.127295449 0.90886724
vn 0.305100769 0.0418000631 0.951402366
vn 0.529189169 -0.277094334 0.801983476
vn 0.685307086 -0.279202908 0.672606945
vn 0.693558633 -0.288382798 0.660160542
vn 0.825676024 -0.261292428 0.499985456
vn 0.871403635 -0.233000979 0.431701779
vn 0.933870137 -0.22259289 0.279891044
vn 0.951067924 -0.207992986 0.228492275
vn 0.973700941 -0.201300204 0.1067001
vn 0.991749287 -0.127006307 0.0174008589
vn 0.975971758 -0.215593755 -0.0315990932
vn 0.999375343 0.0189995319 -0.0297992621
vn 0.988510728 0.15030162 -0.0160001665
vn 0.985794902 0.167899132 0.00429998524
vn 0.219407395 0.971132755 0.0936032012
vn 0.0806008577 0.994010568 0.0738008246
vn 0.0865976214 0.994172752 0.0641982779
vn 0.295593858 0.949280322 0.107197814
vn -0.0808993131 0.988991618 0.12389899
vn 0.326012522 0.941436172 0.0861033425
vn -0.263390601 0.948666215 0.175093785
vn -0.987288654 0.124498568 0.098798871
vn 0.487895638 0.861192286 0.142498761
vn 0.502601385 0.856902301 0.114500359
vn 0.516094565 0.852991045 0.0777992159
vn 0.463898301 0.885196805 0.0349999107
vn 0.283804625 0.957015574 0.0598010123
vn 0.16700232 0.98271364 0.0799011514
vn -0.513984859 0.820775807 0.249292701
vn -0.954825342 0.168604434 0.244706497
vn -0.735003054 -0.678002834 0.00910000876
vn -0.766336143 -0.628329575 -0.133906335
vn -0.955407023 -0.248701811 -0.159201175
vn 0.428103954 0.903708339 0.00620009704
vn -0.777290046 -0.590792477 -0.216297254
vn -0.322308838 -0.940725803 -0.105602942
vn -0.224003896 -0.972316861 -0.0665011927
vn 0.259611309 -0.964742005 0.0433018431
vn 0.388103366 -0.920107961 0.052700419
vn 0.708711922 -0.682411492 0.179002985
vn 0.703429818 -0.701529682 0.114204809
vn 0.264296263 -0.964286387 -0.0172997992
vn -0.185892776 -0.98186183 -0.0372985937
vn -0.0113996202 -0.998066664 -0.0610980019
vn -0.198205695 -0.979528189 -0.0352010541
vn -0.0454996377 -0.996092081 -0.0756994411
vn -0.306900859 -0.951702654 -0.00860006642
vn -0.684725106 -0.721226513 0.104803823
vn -0.728780389 -0.667982042 0.150595933
vn -0.959414601 -0.0507007837 0.277404189
vn 0.211502761 -0.0267003905 0.977012694
vn 0.230997115 -0.033199627 0.97238785
vn 0.216111526 -0.0374020375 0.975652039
vn 0.255010873 -0.0137006277 0.966841221
vn 0.414716244 -0.0408016406 0.909035563
vn 0.586715579 -0.0716019347 0.806621373
vn 0.752595246 -0.116499282 0.648095906
vn 0.829754591 -0.129192948 0.54297024
vn 0.871985853 -0.113498181 0.476192296
vn 0.870844662 -0.136507004 0.472224176
vn 0.854953527 -0.180111274 0.486430466
vn -0.34570986 -0.935726702 -0.0700020418
vn -0.231709912 -0.971941531 -0.0405017734
vn -0.322288334 -0.94066602 -0.106196202
vn -0.31689474 -0.946084261 -0.0670989305
vn -0.149699137 -0.98869431 0.00859990716
vn -0.262597919 -0.963492393 -0.0521996245
vn -0.174103081 -0.981617391 0.0782013461
vn -0.208005682 -0.977626681 -0.0313008986
vn -0.126301169 -0.991209149 0.0394003242
vn -0.102802232 -0.992221534 -0.0702015683
vn -0.50650382 -0.851106465 -0.138101071
vn -0.464378268 -0.863359571 -0.197390795
vn -0.411504984 -0.890910804 -0.192202389
vn -0.326204598 -0.928713083 -0.176302537
vn -0.249098539 -0.955994368 -0.154999122
vn -0.549081624 -0.780073941 -0.299990028
vn -0.5093804 -0.825168192 -0.244190633
vn -0.561619937 -0.735326052 -0.379313469
vn -0.580291033 -0.728988826 -0.363094449
vn -0.771548569 -0.353322208 -0.529033303
vn -0.806809366 -0.401304632 -0.433605015
vn -0.83005929 -0.392280787 -0.396380603
vn -0.87923497 -0.11770466 -0.461618364
vn -0.881489694 -0.205597565 -0.425095022
vn -0.519400656 -0.77620101 -0.357400477
vn -0.581722021 -0.451417029 -0.676625609
vn -0.67052561 -0.410115659 -0.618223667
vn -0.686519265 -0.128203556 -0.715720057
vn -0.828181744 -0.081598185 -0.554487824
vn -0.512887597 -0.438889325 -0.73778218
vn -0.524205387 -0.214602172 -0.824108541
vn -0.472202748 -0.278601587 -0.836304903
vn -0.25598675 0.619767904 -0.741861522
vn -0.378996372 0.420796007 -0.824192047
vn -0.316183627 0.437577397 -0.841756463
vn -0.284907401 0.69871819 -0.656216979
vn -0.558777273 0.434682399 -0.706271291
vn -0.361289263 0.744977891 -0.560783386
vn -0.482685775 0.745578051 -0.459486485
vn -0.703711629 0.473607868 -0.529608786
vn -0.553304613 0.741506159 -0.379503101
vn -0.769418776 0.4583112 -0.444910824
vn -0.023900548 0.950921774 -0.308507025
vn -0.0248002205 0.96370852 -0.265802324
vn -0.0628017113 0.979126751 -0.193305239
vn -0.151701435 0.972009122 -0.179401636
vn -0.199096456 0.96308285 -0.181196719
vn -0.65022403 0.661924481 -0.372913778
vn -0.778585613 0.468691349 -0.417292267
vn 0.209099844 0.975499213 0.0683999956
vn 0.213193595 0.976570547 0.0292991605
vn 0.103600167 0.994601548 -0.00589996623
vn 0.00840032566 0.998338819 -0.0570021681
vn -0.00650028558 0.996643662 -0.081603542
vn 0.36578685 0.902467489 0.227491885
vn 0.207405642 0.961626232 0.179604948
vn 0.0558015257 0.997427225 0.0450012758
vn 0.042801436 0.99903357 -0.0100002922
vn 0.412219346 0.86234045 0.294013858
vn 0.39480868 0.872719109 0.287206352
vn 0.117002472 0.950120032 0.28910616
vn 0.0547995195 0.979291439 0.194898337
vn 0.0556979291 0.995862901 0.0717973709
vn 0.48161158 0.79411912 0.370708942
vn -0.699684143 0.0487989299 -0.712783873
vn -0.716520905 0.036301095 -0.696620405
vn -0.743887305 0.0286995396 -0.667688608
vn -0.508700013 -0.690299988 -0.514500022
vn -0.627622783 0.0118004633 -0.778428257
vn -0.439406574 -0.704110563 -0.557808399
vn -0.382691294 -0.922079027 -0.0575987287
vn -0.210408166 -0.967637539 0.139305368
vn -0.300893605 -0.937780082 0.173296273
vn -0.439791441 -0.868283093 0.229495496
vn -0.865546644 -0.500827074 -0.00110008125
vn -0.596086681 -0.00779979117 -0.802882195
vn -0.595577061 -0.612976372 -0.519180059
vn -0.309408247 -0.93402493 -0.178504795
vn -0.558567762 -0.797454 -0.228186876
vn -0.783646464 -0.594735265 -0.179410681
vn -0.753972232 0.27628985 -0.595978022
vn -0.877541244 -0.0446020737 -0.477422446
vn -0.112199701 -0.982797325 -0.146699652
vn -0.150405407 -0.975835085 -0.158505753
vn -0.185206562 -0.976534545 -0.109903932
vn -0.357113272 -0.929934561 -0.0877033025
vn -0.91674602 -0.374318779 -0.139507025
vn -0.618382514 0.65358156 -0.436387658
vn -0.901877403 -0.431989193 -0.00159997877
vn -0.975364625 -0.193792984 0.105396181
vn -0.871250272 -0.125107244 0.474627376
vn -0.853313446 -0.296904713 0.428606778
vn -0.646397889 -0.267699152 0.714497685
vn -0.67038548 -0.260494411 0.694784939
vn -0.609300792 -0.295300424 0.735900939
vn -0.602031291 -0.320016652 0.731537998
vn -0.668899536 -0.311799824 0.674799502
vn 0.734402776 -0.562902212 0.379201472
vn 0.640784144 -0.709282458 0.293792725
vn 0.66259867 -0.659498692 0.354999274
vn 0.620778441 -0.73937434 0.260690898
vn 0.392004102 -0.916009605 0.0852008462
vn 0.350694478 -0.934885263 0.0547990948
vn 0.467306316 -0.873911858 0.133801773
vn 0.671485424 -0.733584106 0.104697697
vn 0.468679905 -0.88136214 0.0594974123
vn 0.285082847 -0.956842303 0.0563965589
vn 0.0831012502 -0.996515095 -0.00720015215
vn 0.120101489 -0.992712319 0.00990008004
vn 0.259199798 -0.96009922 0.10499987
vn 0.239998266 -0.942693233 0.231798291
vn 0.359998167 -0.93209523 -0.0399998352
vn 0.217797026 -0.814788997 0.537292659
vn 0.192895532 -0.575286627 0.794881523
vn 0.484375149 -0.315583855 0.815958083
vn 0.373701334 -0.819802999 0.433901548
vn 0.51097697 -0.309186131 0.802063882
vn 0.380379766 -0.880053163 -0.28428489
vn 0.502005637 -0.824509323 -0.261102974
vn 0.541903377 -0.72240448 -0.429502755
vn 0.606074572 -0.736669064 0.299987376
vn 0.583282113 -0.274791598 0.764376581
vn -0.357807785 0.933120191 -0.0355007313
vn -0.688195944 0.698295951 -0.196898803
vn -0.537833691 0.829651892 -0.149709329
vn -0.139504388 0.98863101 0.0561018027
vn -0.413709849 0.908721566 0.055401355
vn -0.894310534 0.447405279 -0.00610005204
vn -0.423414797 0.819628537 0.385913491
vn -0.0894996226 0.981595814 0.168699324
vn -0.375303805 0.811608255 0.447704554
vn -0.0692032725 0.963445544 0.258812279
vn 0.30201152 0.856132686 0.419316024
vn 0.414198041 0.882395744 0.223198965
vn 0.143798932 0.989092648 0.0318998061
vn 0.0594002977 0.994204998 -0.0896003991
vn 0.121699549 0.966096461 -0.227699116
vn 0.338199019 0.938097239 -0.0747997388
vn 0.46320796 0.772313297 0.434707522
vn 0.533600688 0.782901108 0.319900513
vn 0.567691386 0.812687576 0.131398037
vn 0.757519305 0.556114197 0.341908723
vn 0.655591488 0.696291029 0.292196244
vn 0.515389681 0.570688546 0.639287233
vn 0.502702534 0.476002395 0.721603692
vn 0.84290576 0.42660293 0.327902257
vn 0.480888098 0.868778527 0.118197113
vn 0.166794166 0.982765615 -0.0796971694
vn -0.0277008563 0.941629171 -0.335510343
vn 0.218593031 0.915670812 -0.337289184
vn 0.416008323 0.88391763 -0.213604212
vn 0.865915537 -0.48520872 0.121502168
vn 0.67827785 -0.732576013 0.0571980998
vn 0.921258628 -0.379882991 0.0834962353
vn 0.478086084 -0.876474559 0.0567983091
vn -0.141798109 -0.985886753 -0.0889988542
vn -0.186503872 -0.980620325 -0.0600012839
vn -0.438026577 -0.886153758 -0.15120922
vn -0.415314108 -0.905430734 -0.0878030285
vn -0.586590946 -0.807687461 -0.0595991127
vn 0.836476684 -0.546184778 0.0445987321
vn 0.490812898 -0.870222867 -0.042601157
vn -0.135304049 -0.987029612 -0.0864026323
vn -0.382011026 -0.921826541 -0.06560193
vn -0.547618449 -0.836728215 0.000399976911
vn -0.775281072 -0.540686786 0.326492012
vn -0.81771034 -0.385804862 0.427205354
vn 0.792387724 -0.536191642 -0.290895492
vn 0.443319976 -0.828837276 -0.341315389
vn -0.0968003273 -0.958403349 -0.268500954
vn -0.333403707 -0.93361038 -0.131201506
vn -0.532993555 -0.84488982 -0.0455994867
vn -0.534105361 -0.84540844 -0.00400007749
vn -0.793832421 -0.562222958 0.231809452
vn 0.58067894 -0.493282109 -0.647676528
vn 0.290594667 -0.730086625 -0.618488669
vn 0.0669010803 -0.772312522 -0.631710231
vn -0.234687597 -0.944350064 -0.230487853
vn -0.32189554 -0.940186918 -0.111498497
vn -0.510806501 -0.853010833 -0.107001394
vn 0.320908606 -0.478712857 -0.81722194
vn 0.196905971 -0.518615663 -0.83202523
vn -0.066499263 -0.868790329 -0.490694612
vn -0.253810078 -0.958037972 -0.133205324
vn -0.293806762 -0.954421937 -0.0525012463
vn -0.44959715 -0.887894332 -0.0974994078
vn -0.8705194 -0.490710914 -0.0374008529
vn -0.830478787 -0.551085889 0.0812978968
vn -0.434224695 -0.89665103 -0.0864049643
vn -0.830767691 -0.542078912 -0.126395091
vn -0.9905563 -0.131294206 -0.0394982658
vn -0.960297346 -0.151899576 0.233999357
vn -0.841189742 -0.221497327 0.493293971
vn -0.799979329 -0.183795258 0.571185231
vn -0.879372001 -0.447585762 -0.162394851
vn -0.972421288 -0.174803808 -0.154403403
vn -0.964215875 -0.198003247 -0.17630291
vn -0.812338173 -0.053502541 0.580727279
vn 0.14459908 -0.666995645 -0.730895281
vn -0.6046139 -0.114002585 -0.788318098
vn -0.602741957 -0.116708092 -0.78935504
vn -0.45080182 -0.510402024 -0.732302964
vn -0.541304171 -0.130700991 -0.830606461
vn -0.333009332 -0.557415545 -0.760521352
vn -0.352393299 -0.180996522 -0.918182611
vn -0.292997807 -0.604095399 -0.74109447
vn -0.308205903 -0.552110553 -0.774714828
vn -0.291106761 -0.227605239 -0.92922157
vn 0.113496132 -0.916168809 -0.384386986
vn -0.0460007153 -0.890013874 -0.453607112
vn -0.169094384 -0.889170408 -0.425185919
vn -0.196606755 -0.907331109 -0.371612787
vn -0.089300409 -0.956304431 -0.278401345
vn -0.116303943 -0.959732533 -0.255708694
vn 0.752809107 -0.612807453 -0.240302935
vn 0.602403045 -0.753303826 -0.263901383
vn 0.185896158 -0.927580833 -0.324093312
vn 0.051301688 -0.948231161 -0.313410312
vn 0.134799972 -0.97849977 -0.156100005
vn 0.126806766 -0.990552843 -0.052202832
vn 0.313889176 -0.94736737 0.0629977882
vn 0.972189188 0.0347996242 -0.231597424
vn 0.990323365 0.11740277 0.0740017518
vn 0.711126626 -0.667124987 -0.221908346
vn 0.230311111 -0.941845477 -0.244711861
vn 0.460728735 -0.866053998 0.194112077
vn 0.369418114 -0.888743639 0.271413296
vn 0.829892039 0.0242997911 -0.557394624
vn 0.860215485 0.47400856 -0.188003346
vn 0.890895665 0.424297899 0.162099227
vn 0.835815251 0.491608977 0.24440448
vn 0.843100667 0.497600317 0.203900158
vn 0.985529304 0.147904396 0.082802467
vn 0.746374547 -0.665277243 0.0181993488
vn 0.769321561 -0.208105877 0.60401696
vn 0.724106371 -0.296702653 0.622605503
vn 0.536298811 -0.344999254 0.770298243
vn 0.495415121 -0.769823551 0.402412236
vn 0.857027411 0.465514868 0.220907077
vn 0.985100031 0.138100013 0.102500007
vn 0.73360157 -0.539301157 0.413500845
vn 0.70925653 -0.205087483 0.674458623
vn 0.817994058 -0.12759909 0.56089586
vn 0.798431098 0.0303011555 0.601323426
vn 0.5800336 0.0371021144 0.813747168
vn 0.621295929 0.131899104 0.772395015
vn 0.735596538 0.21409896 0.642696917
vn 0.745424509 0.205506742 0.634120882
vn -0.981700778 0.186600149 -0.0380000174
vn -0.983809948 0.140701428 -0.111001119
vn -0.976763606 0.152394325 -0.150694385
vn -0.994877577 0.0617986135 -0.0799981952
vn -0.988487482 0.00119999144 -0.151298076
vn -0.991741598 -0.078003265 -0.101804271
vn -0.99487865 0.0132997101 0.100197852
vn -0.990757644 -0.125894621 0.0504978374
vn -0.96394372 -0.189808622 0.186508432
vn -0.976983309 0.159097284 0.142097577
vn -0.948975205 0.124596737 0.289692461
vn -0.962996602 -0.0401998684 0.266499043
vn -0.952453911 -0.184310436 0.242613718
vn -0.959395349 -0.0407998152 0.27909863
vn -0.938538849 0.0897037014 0.333313793
vn -0.993981957 0.0666987896 -0.0868984163
vn -0.992007196 0.125800908 0.00980007648
vn -0.994710982 -0.0891009793 -0.0511005707
vn -0.981831074 0.187305927 -0.030400956
vn -0.975643694 0.165907443 0.143506423
vn -0.948590815 0.144298598 0.281697273
vn -0.943095922 0.131999418 0.305198699
vn -0.881574035 0.111096703 0.458786428
vn -0.838063896 0.102395564 0.53587687
vn -0.698120177 0.101002902 0.708820581
vn -0.700194538 0.106299132 0.705994427
vn -0.538476586 0.0837963223 0.838463604
vn -0.528396487 0.116299197 0.840994477
vn -0.465998471 0.0512997955 0.883297145
vn -0.484607428 -0.142702222 0.863013148
vn -0.417516619 -0.0389015861 0.907836199
vn -0.397185653 -0.127295449 0.90886724
vn -0.529189169 -0.277094334 0.801983476
vn -0.685307086 -0.279202908 0.672606945
vn -0.693558633 -0.288382798 0.660160542
vn -0.825676024 -0.261292428 0.499985456
vn -0.871403635 -0.233000979 0.431701779
vn -0.305100769 0.0418000631 0.951402366
vn -0.933870137 -0.22259289 0.279891044
vn -0.951067924 -0.207992986 0.228492275
vn -0.973700941 -0.201300204 0.1067001
vn -0.991749287 -0.127006307 0.0174008589
vn -0.975971758 -0.215593755 -0.0315990932
vn -0.999375343 0.0189995319 -0.0297992621
vn -0.988510728 0.15030162 -0.0160001665
vn -0.985794902 0.167899132 0.00429998524
vn -0.0806008577 0.994010568 0.0738008246
vn -0.219407395 0.971132755 0.0936032012
vn -0.0865976214 0.994172752 0.0641982779
vn -0.295593858 0.949280322 0.107197814
vn -0.487895638 0.861192286 0.142498761
vn -0.502601385 0.856902301 0.114500359
vn -0.326012522 0.941436172 0.0861033425
vn -0.516094565 0.852991045 0.0777992159
vn -0.463898301 0.885196805 0.0349999107
vn 0.0808993131 0.988991618 0.12389899
vn 0.263390601 0.948666215 0.175093785
vn -0.283804625 0.957015574 0.0598010123
vn -0.428103954 0.903708339 0.00620009704
vn -0.16700232 0.98271364 0.0799011514
vn 0.513984859 0.820775807 0.249292701
vn 0.954825342 0.168604434 0.244706497
vn 0.959414601 -0.0507007837 0.277404189
vn 0.987288654 0.124498568 0.098798871
vn 0.735003054 -0.678002834 0.00910000876
vn 0.684725106 -0.721226513 0.104803823
vn 0.728780389 -0.667982042 0.150595933
vn 0.306900859 -0.951702654 -0.00860006642
vn 0.198205695 -0.979528189 -0.0352010541
vn 0.0454996377 -0.996092081 -0.0756994411
vn 0.0113996202 -0.998066664 -0.0610980019
vn 0.766336143 -0.628329575 -0.133906335
vn 0.224003896 -0.972316861 -0.0665011927
vn 0.185892776 -0.98186183 -0.0372985937
vn -0.264296263 -0.964286387 -0.0172997992
vn -0.388103366 -0.920107961 0.052700419
vn -0.703429818 -0.701529682 0.114204809
vn -0.708711922 -0.682411492 0.179002985
vn 0.955407023 -0.248701811 -0.159201175
vn 0.777290046 -0.590792477 -0.216297254
vn 0.322308838 -0.940725803 -0.105602942
vn -0.259611309 -0.964742005 0.0433018431
vn -0.230997115 -0.033199627 0.97238785
vn -0.211502761 -0.0267003905 0.977012694
vn -0.216111526 -0.0374020375 0.975652039
vn -0.255010873 -0.0137006277 0.966841221
vn -0.414716244 -0.0408016406 0.909035563
vn -0.586715579 -0.0716019347 0.806621373
vn -0.752595246 -0.116499282 0.648095906
vn -0.811986685 -0.122898012 0.570590615
vn -0.908801198 -0.138700202 0.393500507
vn -0.929869354 -0.140295401 0.340088755
vn -0.971240461 -0.151106298 0.18400766
vn 0.378996372 0.420796007 -0.824192047
vn 0.25598675 0.619767904 -0.741861522
vn 0.316183627 0.437577397 -0.841756463
vn 0.284907401 0.69871819 -0.656216979
vn 0.023900548 0.950921774 -0.308507025
vn 0.0248002205 0.96370852 -0.265802324
vn -0.209099844 0.975499213 0.0683999956
vn -0.213193595 0.976570547 0.0292991605
vn -0.36578685 0.902467489 0.227491885
vn -0.412219346 0.86234045 0.294013858
vn 0.558777273 0.434682399 -0.706271291
vn 0.361289263 0.744977891 -0.560783386
vn 0.0628017113 0.979126751 -0.193305239
vn -0.103600167 0.994601548 -0.00589996623
vn -0.207405642 0.961626232 0.179604948
vn -0.39480868 0.872719109 0.287206352
vn -0.48161158 0.79411912 0.370708942
vn 0.482685775 0.745578051 -0.459486485
vn 0.151701435 0.972009122 -0.179401636
vn -0.00840032566 0.998338819 -0.0570021681
vn -0.0558015257 0.997427225 0.0450012758
vn -0.0547995195 0.979291439 0.194898337
vn -0.117002472 0.950120032 0.28910616
vn 0.703711629 0.473607868 -0.529608786
vn 0.553304613 0.741506159 -0.379503101
vn 0.199096456 0.96308285 -0.181196719
vn 0.00650028558 0.996643662 -0.081603542
vn -0.042801436 0.99903357 -0.0100002922
vn -0.0556979291 0.995862901 0.0717973709
vn 0.769418776 0.4583112 -0.444910824
vn 0.65022403 0.661924481 -0.372913778
vn 0.778585613 0.468691349 -0.417292267
vn -0.951320708 0.308106661 0.00770018063
vn -0.965776265 0.178595603 0.188095376
vn -0.961497605 0.252099365 0.109399736
vn -0.990706146 0.13590084 -0.00570002897
vn -0.958441675 -0.100204363 0.267111599
vn -0.997297525 -0.0262999292 -0.0685998276
vn -0.91750145 0.141000226 -0.371900558
vn -0.886496842 -0.0570997782 -0.459198385
vn -0.742271006 -0.0208991542 -0.669773817
vn -0.728699446 -0.179099843 -0.660999537
vn -0.896826982 0.313809454 -0.311809361
vn -0.786017835 0.203604653 -0.583713233
vn -0.594174683 0.148193732 -0.790566385
vn -0.494297236 -0.039499741 -0.86839509
vn -0.621682286 -0.209693998 -0.754678488
vn -0.37470755 0.124702543 -0.918718398
vn -0.280989468 -0.0610976666 -0.957764089
vn -0.409900784 -0.220400378 -0.885101736
vn -0.218593031 0.915670812 -0.337289184
vn -0.338199019 0.938097239 -0.0747997388
vn -0.416008323 0.88391763 -0.213604212
vn -0.121699549 0.966096461 -0.227699116
vn 0.0894996226 0.981595814 0.168699324
vn 0.0692032725 0.963445544 0.258812279
vn 0.375303805 0.811608255 0.447704554
vn 0.423414797 0.819628537 0.385913491
vn 0.413709849 0.908721566 0.055401355
vn 0.894310534 0.447405279 -0.00610005204
vn 0.0277008563 0.941629171 -0.335510343
vn -0.0594002977 0.994204998 -0.0896003991
vn -0.143798932 0.989092648 0.0318998061
vn 0.139504388 0.98863101 0.0561018027
vn 0.688195944 0.698295951 -0.196898803
vn -0.166794166 0.982765615 -0.0796971694
vn -0.480888098 0.868778527 0.118197113
vn -0.655591488 0.696291029 0.292196244
vn -0.414198041 0.882395744 0.223198965
vn -0.30201152 0.856132686 0.419316024
vn 0.357807785 0.933120191 -0.0355007313
vn 0.537833691 0.829651892 -0.149709329
vn -0.84290576 0.42660293 0.327902257
vn -0.757519305 0.556114197 0.341908723
vn -0.567691386 0.812687576 0.131398037
vn -0.533600688 0.782901108 0.319900513
vn -0.46320796 0.772313297 0.434707522
vn -0.515389681 0.570688546 0.639287233
vn -0.502702534 0.476002395 0.721603692
vn -0.67827785 -0.732576013 0.0571980998
vn -0.865915537 -0.48520872 0.121502168
vn -0.921258628 -0.379882991 0.0834962353
vn -0.478086084 -0.876474559 0.0567983091
vn -0.836476684 -0.546184778 0.0445987321
vn -0.490812898 -0.870222867 -0.042601157
vn -0.792387724 -0.536191642 -0.290895492
vn -0.443319976 -0.828837276 -0.341315389
vn -0.58067894 -0.493282109 -0.647676528
vn 0.141798109 -0.985886753 -0.0889988542
vn 0.186503872 -0.980620325 -0.0600012839
vn 0.135304049 -0.987029612 -0.0864026323
vn 0.0968003273 -0.958403349 -0.268500954
vn -0.290594667 -0.730086625 -0.618488669
vn -0.320908606 -0.478712857 -0.81722194
vn -0.0669010803 -0.772312522 -0.631710231
vn -0.196905971 -0.518615663 -0.83202523
vn 0.438026577 -0.886153758 -0.15120922
vn 0.415314108 -0.905430734 -0.0878030285
vn 0.382011026 -0.921826541 -0.06560193
vn 0.333403707 -0.93361038 -0.131201506
vn 0.234687597 -0.944350064 -0.230487853
vn 0.586590946 -0.807687461 -0.0595991127
vn 0.547618449 -0.836728215 0.000399976911
vn 0.534105361 -0.84540844 -0.00400007749
vn 0.532993555 -0.84488982 -0.0455994867
vn 0.510806501 -0.853010833 -0.107001394
vn 0.316111684 -0.942134738 -0.111604162
vn 0.775281072 -0.540686786 0.326492012
vn 0.793832421 -0.562222958 0.231809452
vn 0.830478787 -0.551085889 0.0812978968
vn 0.8705194 -0.490710914 -0.0374008529
vn 0.486300915 -0.866401613 -0.113400243
vn 0.81771034 -0.385804862 0.427205354
vn 0.799979329 -0.183795258 0.571185231
vn 0.841189742 -0.221497327 0.493293971
vn 0.960297346 -0.151899576 0.233999357
vn 0.9905563 -0.131294206 -0.0394982658
vn 0.881882966 -0.449891299 -0.140997306
vn 0.812338173 -0.053502541 0.580727279
vn 0.972421288 -0.174803808 -0.154403403
vn 0.812627077 -0.565318823 -0.141604751
vn 0.360116005 -0.930541277 -0.0664029866
vn 0.277911365 -0.959639251 -0.0431018062
vn 0.253810078 -0.958037972 -0.133205324
vn 0.964215875 -0.198003247 -0.17630291
vn 0.066499263 -0.868790329 -0.490694612
vn -0.446308047 0.861815572 -0.241004303
vn -0.519518435 0.722725689 -0.45581615
vn -0.496395677 0.762693405 -0.414596349
vn -0.453301281 0.880102515 -0.141200364
vn -0.620131075 0.591329634 -0.515525818
vn -0.63279736 0.747396886 -0.20239912
vn -0.793291986 0.447995514 -0.412295848
vn -0.747700453 0.625400484 -0.223200113
vn -0.855614007 0.364605993 -0.367406011
vn -0.819515765 0.40710786 -0.403307736
vn -0.152796388 0.943577707 0.293793082
vn -0.136305392 0.938237131 0.318012595
vn -0.206903458 0.941815674 0.264904469
vn -0.156797737 0.974485934 0.160597727
vn -0.239504382 0.969517767 -0.051700905
vn -0.623468041 0.715063334 -0.316183746
vn -0.510195315 0.759693027 -0.403196275
vn -0.0209002309 0.908710003 0.416904688
vn 0.000699996541 0.910595536 0.413298041
vn 0.09529908 0.932190955 0.349196672
vn 0.337085664 0.92016083 0.19919157
vn -0.0333015211 0.90824151 0.417119116
vn -0.299693227 -0.945178628 -0.129697114
vn -0.142796934 -0.958179355 -0.247994706
vn -0.27079469 -0.946281433 -0.176696569
vn -0.203204811 -0.959622741 -0.194504663
vn 0.20010297 -0.780011535 -0.5929088
vn 0.269497156 -0.655693173 -0.705292642
vn 0.38189289 -0.445791632 -0.809584856
vn 0.392084926 -0.45068264 -0.801969171
vn -0.393611729 -0.915927351 -0.0784023851
vn -0.193999916 -0.961099625 -0.19659996
vn 0.372109771 -0.750819802 -0.545714378
vn 0.474291205 -0.428792 -0.768885732
vn -0.549413621 -0.830120623 -0.0951023996
vn -0.300590068 -0.915969789 -0.265791267
vn 0.44160381 -0.716506124 -0.540004671
vn 0.663297594 -0.43659842 -0.607797801
vn -0.732916176 -0.661114573 -0.160503581
vn -0.257496029 -0.878186405 -0.403093845
vn 0.564790606 -0.542690933 -0.621689677
vn 0.748758137 -0.332581371 -0.573368013
vn 0.741422296 -0.260007799 -0.618618608
vn -0.61371541 0.494712442 -0.615315378
vn -0.435099006 0.741398275 -0.510898829
vn -0.589895368 0.428996652 -0.684094548
vn -0.3758021 0.881104827 -0.287101507
vn 0.229699209 0.957996726 0.171699449
vn 0.136903584 0.958725035 0.249206543
vn 0.53959018 0.760086179 0.362093419
vn 0.408110768 0.845922291 0.343309104
vn 0.583892405 0.74129045 0.330995768
vn -0.53399843 0.614898205 -0.580298245
vn -0.348203152 0.89310813 -0.284802526
vn -0.0216011927 0.98335427 0.180409998
vn 0.185005963 0.928829968 0.321010411
vn 0.531794548 0.769292057 0.354096383
vn 0.595417619 0.712621033 0.371010989
vn 0.578467429 0.702260494 0.414976686
vn -0.330304086 0.710108817 -0.621807694
vn -0.244103119 0.939912021 -0.238703012
vn -0.0875979438 0.972877145 0.214095026
vn -0.0223004147 0.935317397 0.353106588
vn 0.342587709 0.838070035 0.424584866
vn 0.382402599 0.720004857 0.579103887
vn 0.165195659 0.826478302 0.538185894
vn 0.370097756 0.658096015 0.655696094
vn -0.289305001 0.733612716 -0.614910543
vn -0.262011945 0.926142275 -0.271312326
vn -0.147899553 0.967097223 0.206999436
vn -0.0542980544 0.923766851 0.379086435
vn 0.276594728 0.76018554 0.587888837
vn 0.413709521 0.665815234 0.620914221
vn -0.276594728 0.76018554 0.587888837
vn -0.370097756 0.658096015 0.655696094
vn -0.413709521 0.665815234 0.620914221
vn -0.165195659 0.826478302 0.538185894
vn -0.382402599 0.720004857 0.579103887
vn -0.342587709 0.838070035 0.424584866
vn -0.578467429 0.702260494 0.414976686
vn -0.531794548 0.769292057 0.354096383
vn -0.595417619 0.712621033 0.371010989
vn -0.583892405 0.74129045 0.330995768
vn 0.0542980544 0.923766851 0.379086435
vn 0.0223004147 0.935317397 0.353106588
vn -0.185005963 0.928829968 0.321010411
vn -0.408110768 0.845922291 0.343309104
vn -0.53959018 0.760086179 0.362093419
vn -0.136903584 0.958725035 0.249206543
vn -0.229699209 0.957996726 0.171699449
vn 0.132694542 0.959060609 0.250189781
vn 0.103100918 0.97550863 0.194301769
vn 0.0216011927 0.98335427 0.180409998
vn 0.348203152 0.89310813 -0.284802526
vn 0.3758021 0.881104827 -0.287101507
vn 0.435099006 0.741398275 -0.510898829
vn 0.61371541 0.494712442 -0.615315378
vn 0.589895368 0.428996652 -0.684094548
vn 0.24658981 0.957660437 -0.148593813
vn 0.247608915 0.922533214 -0.296010613
vn 0.330304086 0.710108817 -0.621807694
vn 0.53399843 0.614898205 -0.580298245
vn 0.289305001 0.733612716 -0.614910543
vn -0.325497568 -0.578795731 0.747694373
vn -0.153406546 -0.323413819 0.933739841
vn -0.157094702 -0.347388327 0.924468815
vn -0.232899725 -0.713699162 0.660599232
vn -0.281988472 -0.928762019 0.240590125
vn 0.0520001762 -0.98540324 -0.162100583
vn 0.134592727 -0.866453171 -0.480774045
vn 0.435219079 -0.579025328 -0.689430237
vn 0.375598073 -0.534397185 -0.757196128
vn 0.102596775 -0.774675667 -0.623980403
vn 0.294091284 -0.421787441 -0.857674599
vn -0.454010904 -0.802219331 0.38770929
vn -0.274498731 -0.958295524 -0.0794996619
vn -0.224397123 -0.913188279 -0.340195686
vn 0.0549972728 -0.64076817 -0.765762031
vn 0.201692834 -0.53508091 -0.820370913
vn -0.602618635 -0.581618011 0.546416879
vn -0.602228999 -0.706134021 0.372417927
vn -0.365591824 -0.92857933 0.0638985336
vn -0.210491687 -0.953662336 -0.21499157
vn -0.050198134 -0.812869728 -0.580278397
vn 0.179201156 -0.815305233 -0.550603569
vn 0.434321046 -0.63823092 -0.635630846
vn -0.724269569 -0.523477972 0.448781073
vn -0.664476752 -0.706975281 0.242191508
vn -0.437103868 -0.898607969 0.0380002968
vn -0.264795065 -0.945482314 -0.189596504
vn 0.122398615 -0.935589433 -0.331196308
vn -0.444589823 -0.891079605 -0.0911979526
vn -0.248911947 -0.942145288 -0.224510819
vn -0.0913018584 -0.962619603 -0.25500524
vn 0.522828281 -0.818244219 -0.239012942
vn 0.643824637 -0.709427059 -0.286711007
vn 0.822752774 -0.527669728 -0.211287901
vn -0.761414289 0.0767014176 0.643712103
vn -0.811250806 -0.00850055832 0.584636569
vn -0.812519729 0.0193004441 0.582614124
vn -0.757089376 0.160097733 0.633391142
vn -0.78257972 -0.0287992805 0.621883929
vn -0.682683229 0.236794174 0.691283047
vn -0.697795212 -0.0120999487 0.716195107
vn -0.669324815 0.199707359 0.715626538
vn -0.726988673 0.0431993008 0.685289323
vn -0.731983125 0.176795885 0.657984793
vn -0.677894473 0.312797397 0.665294588
vn -0.666623592 0.406614363 0.624722123
vn -0.607820868 0.435614944 0.663922787
vn -0.543512404 0.412209362 0.731216609
vn -0.61342746 0.335314989 0.715031981
vn 0.153406546 -0.323413819 0.933739841
vn 0.325497568 -0.578795731 0.747694373
vn 0.157094702 -0.347388327 0.924468815
vn 0.232899725 -0.713699162 0.660599232
vn 0.281988472 -0.928762019 0.240590125
vn 0.454010904 -0.802219331 0.38770929
vn 0.602618635 -0.581618011 0.546416879
vn 0.602228999 -0.706134021 0.372417927
vn 0.724269569 -0.523477972 0.448781073
vn 0.664476752 -0.706975281 0.242191508
vn -0.0520001762 -0.98540324 -0.162100583
vn -0.134592727 -0.866453171 -0.480774045
vn 0.274498731 -0.958295524 -0.0794996619
vn 0.365591824 -0.92857933 0.0638985336
vn 0.437103868 -0.898607969 0.0380002968
vn 0.444589823 -0.891079605 -0.0911979526
vn 0.264795065 -0.945482314 -0.189596504
vn 0.248911947 -0.942145288 -0.224510819
vn -0.435219079 -0.579025328 -0.689430237
vn -0.375598073 -0.534397185 -0.757196128
vn -0.102596775 -0.774675667 -0.623980403
vn 0.175698549 -0.91959244 -0.351397127
vn 0.229995713 -0.95718205 -0.175796747
vn -0.122398615 -0.935589433 -0.331196308
vn 0.0913018584 -0.962619603 -0.25500524
vn -0.522828281 -0.818244219 -0.239012942
vn -0.294091284 -0.421787441 -0.857674599
vn -0.0549972728 -0.64076817 -0.765762031
vn -0.0769990161 -0.734990597 -0.673691392
vn -0.159690797 -0.806353509 -0.569467247
vn -0.434321046 -0.63823092 -0.635630846
vn -0.643824637 -0.709427059 -0.286711007
vn -0.822752774 -0.527669728 -0.211287901
vn -0.201692834 -0.53508091 -0.820370913
vn 0.811250806 -0.00850055832 0.584636569
vn 0.761414289 0.0767014176 0.643712103
vn 0.812519729 0.0193004441 0.582614124
vn 0.757089376 0.160097733 0.633391142
vn 0.677894473 0.312797397 0.665294588
vn 0.666623592 0.406614363 0.624722123
vn 0.682683229 0.236794174 0.691283047
vn 0.607820868 0.435614944 0.663922787
vn 0.543512404 0.412209362 0.731216609
vn 0.78257972 -0.0287992805 0.621883929
vn 0.697795212 -0.0120999487 0.716195107
vn 0.669324815 0.199707359 0.715626538
vn 0.61342746 0.335314989 0.715031981
vn 0.731983125 0.176795885 0.657984793
vn 0.726988673 0.0431993008 0.685289323
vn -0.845385969 0.242196009 -0.4760921
vn -0.845095217 0.280698419 -0.45499742
vn -0.770298779 0.563399136 -0.298699528
vn -0.621685565 0.520188034 -0.585586429
vn -0.656522453 0.259608924 -0.708224237
vn -0.271913886 0.314016104 -0.909646511
vn -0.120796584 0.512785494 -0.849976003
vn 0.287395477 0.435093164 -0.853286505
vn 0.0406998619 0.721997559 -0.690697551
vn 0.417497933 0.498097599 -0.759996235
vn -0.373484939 0.893064082 -0.250889868
vn -0.459016412 0.887631714 0.0376013815
vn -0.232492179 0.965167522 -0.119995922
vn 0.199391901 0.775468528 -0.599075615
vn 0.517899036 0.515199065 -0.6828987
vn 0.329601198 0.779002845 -0.533401906
vn 0.645088375 0.511790812 -0.567389786
vn -0.337608427 0.927223206 0.1621041
vn -0.0456986278 0.994570196 -0.0934971496
vn -0.164099872 0.977599144 0.131799936
vn 0.409879506 0.859357059 -0.305784643
vn 0.486412734 0.738319337 -0.4672122
vn 0.615881622 0.605382025 -0.504184961
vn 0.272706956 0.927023649 -0.257406533
vn 0.495918244 0.640723586 -0.5861215
vn -0.183194742 0.973272085 0.138496086
vn 0.224901795 0.901807129 -0.369002879
vn 0.316900551 0.737401307 -0.596500933
vn 0.138698339 0.91448909 -0.380095422
vn 0.15400587 0.806430757 -0.570921719
vn -0.566797554 -0.331098557 0.754396796
vn -0.59968096 -0.340089232 0.724377036
vn -0.607895732 -0.336697638 0.719094932
vn -0.569185913 -0.313292295 0.760181129
vn -0.569290578 -0.307194978 0.762587368
vn -0.438002646 -0.257501602 0.861305177
vn -0.370419413 -0.223611742 0.901547134
vn -0.273991823 -0.173394889 0.945971847
vn -0.241792247 -0.163994789 0.956369281
vn -0.229508027 -0.172306076 0.957933545
vn -0.234406248 -0.187805057 0.953825474
vn -0.27349177 -0.207293838 0.939271808
vn 0.845095217 0.280698419 -0.45499742
vn 0.845385969 0.242196009 -0.4760921
vn 0.770298779 0.563399136 -0.298699528
vn 0.621685565 0.520188034 -0.585586429
vn 0.373484939 0.893064082 -0.250889868
vn 0.459016412 0.887631714 0.0376013815
vn 0.232492179 0.965167522 -0.119995922
vn 0.337608427 0.927223206 0.1621041
vn 0.656522453 0.259608924 -0.708224237
vn 0.271913886 0.314016104 -0.909646511
vn 0.120796584 0.512785494 -0.849976003
vn -0.0406998619 0.721997559 -0.690697551
vn -0.199391901 0.775468528 -0.599075615
vn -0.329601198 0.779002845 -0.533401906
vn 0.0456986278 0.994570196 -0.0934971496
vn 0.164099872 0.977599144 0.131799936
vn 0.183194742 0.973272085 0.138496086
vn -0.287395477 0.435093164 -0.853286505
vn -0.417497933 0.498097599 -0.759996235
vn -0.517899036 0.515199065 -0.6828987
vn -0.645088375 0.511790812 -0.567389786
vn -0.486412734 0.738319337 -0.4672122
vn -0.409879506 0.859357059 -0.305784643
vn -0.272706956 0.927023649 -0.257406533
vn -0.224901795 0.901807129 -0.369002879
vn -0.138698339 0.91448909 -0.380095422
vn -0.316900551 0.737401307 -0.596500933
vn -0.15400587 0.806430757 -0.570921719
vn -0.615881622 0.605382025 -0.504184961
vn -0.495918244 0.640723586 -0.5861215
vn 0.59968096 -0.340089232 0.724377036
vn 0.566797554 -0.331098557 0.754396796
vn 0.607895732 -0.336697638 0.719094932
vn 0.569185913 -0.313292295 0.760181129
vn 0.569290578 -0.307194978 0.762587368
vn 0.438002646 -0.257501602 0.861305177
vn 0.370419413 -0.223611742 0.901547134
vn 0.273991823 -0.173394889 0.945971847
vn 0.241792247 -0.163994789 0.956369281
vn 0.229508027 -0.172306076 0.957933545
vn 0.234406248 -0.187805057 0.953825474
vn 0.27349177 -0.207293838 0.939271808
vn 0.668899536 -0.311799824 0.674799502
vn 0.602031291 -0.320016652 0.731537998
vn 0.609300792 -0.295300424 0.735900939
vn 0.646397889 -0.267699152 0.714497685
vn 0.67038548 -0.260494411 0.694784939
vn 0.871250272 -0.125107244 0.474627376
vn 0.853313446 -0.296904713 0.428606778
vn 0.975364625 -0.193792984 0.105396181
vn 0.865546644 -0.500827074 -0.00110008125
vn 0.91674602 -0.374318779 -0.139507025
vn 0.210408166 -0.967637539 0.139305368
vn 0.439791441 -0.868283093 0.229495496
vn 0.901877403 -0.431989193 -0.00159997877
vn 0.300893605 -0.937780082 0.173296273
vn -0.606074572 -0.736669064 0.299987376
vn -0.51097697 -0.309186131 0.802063882
vn -0.583282113 -0.274791598 0.764376581
vn -0.373701334 -0.819802999 0.433901548
vn -0.484375149 -0.315583855 0.815958083
vn -0.217797026 -0.814788997 0.537292659
vn -0.192895532 -0.575286627 0.794881523
vn -0.239998266 -0.942693233 0.231798291
vn -0.380379766 -0.880053163 -0.28428489
vn -0.359998167 -0.93209523 -0.0399998352
vn -0.285082847 -0.956842303 0.0563965589
vn -0.259199798 -0.96009922 0.10499987
vn -0.120101489 -0.992712319 0.00990008004
vn -0.0831012502 -0.996515095 -0.00720015215
vn -0.541903377 -0.72240448 -0.429502755
vn -0.502005637 -0.824509323 -0.261102974
vn 0.750184953 0.512189746 -0.418191612
vn 0.757670522 0.477881372 -0.444482654
vn 0.624584496 0.748681426 -0.222194463
vn 0.477072984 0.715059459 -0.51097095
vn 0.170196131 0.977577686 -0.123997129
vn 0.266190588 0.950566351 0.159894377
vn 0.0225999635 0.999598324 0.0171000157
vn 0.144395918 0.946073234 0.289991826
vn 0.56041497 0.487113029 -0.669817865
vn 0.165300101 0.486500323 -0.85790056
vn -0.0214009564 0.638728619 -0.769134402
vn -0.216300234 0.78530091 -0.580100596
vn -0.378815025 0.791131377 -0.480219007
vn -0.504483223 0.757974863 -0.413486242
vn -0.165092513 0.985055268 0.0490978174
vn -0.0370004661 0.962512136 0.268703431
vn -0.0170996394 0.961379588 0.274694204
vn -0.404389709 0.478087842 -0.779680073
vn -0.540836215 0.498833507 -0.677245438
vn -0.63959533 0.483896554 -0.597295642
vn -0.758807242 0.437604189 -0.48240459
vn -0.646884799 0.676284134 -0.35239172
vn -0.590718746 0.787425041 -0.176105559
vn -0.468698442 0.875197053 -0.119799562
vn -0.421011478 0.876323879 -0.234106332
vn -0.339901179 0.908203244 -0.244200826
vn -0.485785902 0.729178786 -0.481985986
vn -0.340087414 0.826669514 -0.448283434
vn -0.747023523 0.525716543 -0.406912804
vn -0.640307069 0.596606553 -0.483805329
vn 0.486407727 -0.814312875 -0.316705048
vn 0.646589756 -0.478392363 -0.594190598
vn 0.630682468 -0.533385158 -0.563684344
vn 0.348185122 -0.819165051 -0.455780596
vn 0.154897124 -0.547589779 -0.822284818
vn 0.410608023 -0.345506668 -0.843816459
vn -0.147394598 -0.080896996 -0.985763907
vn -0.225799695 -0.255399644 -0.940098763
vn -0.515885472 -0.213693947 -0.829576612
vn -0.532803714 0.0418003239 -0.845205843
vn -0.0257000756 -0.985502958 -0.167700544
vn -0.307901144 -0.766002774 -0.564302087
vn 0.0820014551 -0.9922176 0.0937016234
vn -0.196996048 -0.980080366 -0.0251995381
vn -0.491684437 -0.741776466 -0.456085593
vn -0.657400429 -0.236700103 -0.715400398
vn -0.647408128 0.0596007816 -0.759809554
vn -0.0410007052 -0.973216712 0.226203829
vn -0.244407788 -0.960030615 0.136404306
vn -0.40778327 -0.908462763 -0.0916962847
vn -0.639015257 -0.64801544 -0.414409906
vn -0.746198356 -0.173199579 -0.642798603
vn -0.729958236 0.0905948356 -0.677461207
vn -0.182004064 -0.950721204 0.25100553
vn -0.660188615 -0.674088359 -0.331294328
vn -0.75771153 -0.519007862 -0.395606011
vn -0.855827391 -0.12180388 -0.502716124
vn -0.824831665 -0.0852032378 -0.558921456
vn -0.819438994 0.137106553 -0.556526482
vn -0.619381309 -0.660180032 -0.42488718
vn -0.698584855 -0.307493329 -0.646086037
vn -0.771222591 -0.0846024454 -0.630918503
vn -0.843907297 0.029000273 -0.535704613
vn -0.601719618 -0.496016175 -0.626020432
vn 0.685209572 -0.302604288 0.662509322
vn 0.65288496 -0.304893017 0.693384051
vn 0.692223549 -0.29681012 0.657822371
vn 0.650829911 -0.288113266 0.702432334
vn 0.649780929 -0.282491744 0.705679238
vn 0.514989614 -0.275894463 0.811583638
vn 0.443610907 -0.262806505 0.85682106
vn 0.340600699 -0.240600526 0.90890187
vn 0.307692558 -0.239394248 0.920877695
vn 0.297494948 -0.250095755 0.921384215
vn 0.305490047 -0.263291478 0.915070176
vn 0.347290784 -0.271892816 0.897476137
vn -0.757670522 0.477881372 -0.444482654
vn -0.750184953 0.512189746 -0.418191612
vn -0.624584496 0.748681426 -0.222194463
vn -0.477072984 0.715059459 -0.51097095
vn -0.56041497 0.487113029 -0.669817865
vn -0.165300101 0.486500323 -0.85790056
vn 0.0214009564 0.638728619 -0.769134402
vn 0.404389709 0.478087842 -0.779680073
vn 0.216300234 0.78530091 -0.580100596
vn 0.540836215 0.498833507 -0.677245438
vn -0.170196131 0.977577686 -0.123997129
vn -0.266190588 0.950566351 0.159894377
vn -0.0225999635 0.999598324 0.0171000157
vn 0.378815025 0.791131377 -0.480219007
vn 0.63959533 0.483896554 -0.597295642
vn 0.504483223 0.757974863 -0.413486242
vn 0.758807242 0.437604189 -0.48240459
vn -0.144395918 0.946073234 0.289991826
vn 0.165092513 0.985055268 0.0490978174
vn 0.0370004661 0.962512136 0.268703431
vn 0.590718746 0.787425041 -0.176105559
vn 0.646884799 0.676284134 -0.35239172
vn 0.747023523 0.525716543 -0.406912804
vn 0.468698442 0.875197053 -0.119799562
vn 0.640307069 0.596606553 -0.483805329
vn 0.0170996394 0.961379588 0.274694204
vn 0.421011478 0.876323879 -0.234106332
vn 0.485785902 0.729178786 -0.481985986
vn 0.339901179 0.908203244 -0.244200826
vn 0.340087414 0.826669514 -0.448283434
vn -0.646589756 -0.478392363 -0.594190598
vn -0.486407727 -0.814312875 -0.316705048
vn -0.630682468 -0.533385158 -0.563684344
vn -0.348185122 -0.819165051 -0.455780596
vn 0.0257000756 -0.985502958 -0.167700544
vn -0.0820014551 -0.9922176 0.0937016234
vn 0.196996048 -0.980080366 -0.0251995381
vn 0.0410007052 -0.973216712 0.226203829
vn 0.244407788 -0.960030615 0.136404306
vn 0.182004064 -0.950721204 0.25100553
vn -0.154897124 -0.547589779 -0.822284818
vn 0.307901144 -0.766002774 -0.564302087
vn 0.491684437 -0.741776466 -0.456085593
vn 0.639015257 -0.64801544 -0.414409906
vn 0.40778327 -0.908462763 -0.0916962847
vn -0.410608023 -0.345506668 -0.843816459
vn 0.147394598 -0.080896996 -0.985763907
vn 0.225799695 -0.255399644 -0.940098763
vn 0.515885472 -0.213693947 -0.829576612
vn 0.657400429 -0.236700103 -0.715400398
vn 0.746198356 -0.173199579 -0.642798603
vn 0.532803714 0.0418003239 -0.845205843
vn 0.647408128 0.0596007816 -0.759809554
vn 0.729958236 0.0905948356 -0.677461207
vn 0.819438994 0.137106553 -0.556526482
vn 0.824831665 -0.0852032378 -0.558921456
vn 0.855827391 -0.12180388 -0.502716124
vn 0.75771153 -0.519007862 -0.395606011
vn 0.843907297 0.029000273 -0.535704613
vn 0.771222591 -0.0846024454 -0.630918503
vn 0.660188615 -0.674088359 -0.331294328
vn 0.619381309 -0.660180032 -0.42488718
vn 0.698584855 -0.307493329 -0.646086037
vn 0.601719618 -0.496016175 -0.626020432
vn -0.65288496 -0.304893017 0.693384051
vn -0.685209572 -0.302604288 0.662509322
vn -0.692223549 -0.29681012 0.657822371
vn -0.650829911 -0.288113266 0.702432334
vn -0.649780929 -0.282491744 0.705679238
vn -0.514989614 -0.275894463 0.811583638
vn -0.443610907 -0.262806505 0.85682106
vn -0.340600699 -0.240600526 0.90890187
vn -0.307692558 -0.239394248 0.920877695
vn -0.297494948 -0.250095755 0.921384215
vn -0.305490047 -0.263291478 0.915070176
vn -0.347290784 -0.271892816 0.897476137
vn 0.89471823 -0.444809049 -0.0403008424
vn 0.853626311 -0.468914449 0.226806954
vn 0.826197982 -0.522898734 0.209699467
vn 0.712977469 -0.50898397 0.482284784
vn 0.676086724 -0.577588677 0.45749101
vn 0.390577555 -0.496571481 0.775155425
vn 0.428919643 -0.420819342 0.799336672
vn 0.0277000088 -0.310100138 0.950300276
vn -0.00960006844 -0.380802751 0.924606442
vn -0.283605367 -0.193003699 0.939317703
vn 0.715182602 -0.441689312 0.541686773
vn 0.427507699 -0.426807731 0.796914279
vn 0.108999208 -0.260898143 0.959193051
vn -0.2558074 -0.136603981 0.957027674
vn -0.536679745 0.0054997555 0.843768239
vn -0.267189413 -0.108095676 -0.957562089
vn -0.258296311 -0.161997631 -0.952386379
vn -0.23750408 -0.0411006659 -0.970516682
vn -0.347491354 -0.0907977074 -0.933276892
vn -0.338205457 0.10660176 -0.935015082
vn -0.516913831 -0.00500009581 -0.856022954
vn -0.50459671 0.151299059 -0.84999454
vn -0.667385995 0.0782983899 -0.740584493
vn -0.615624547 0.229009181 -0.754030108
vn -0.697776556 0.120096005 -0.706176281
vn -0.384216845 -0.245010689 -0.890138984
vn -0.517620206 -0.166606456 -0.839232743
vn -0.6760692 -0.11009495 -0.728566825
vn -0.726517856 0.00650019012 -0.687116861
vn -0.652819633 0.0346010737 -0.756722748
vn 0.733794034 -0.19629842 0.650394678
vn 0.65019536 0.139798954 0.746794701
vn 0.557598054 0.121999539 0.821097136
vn 0.208289906 0.644068778 0.736064374
vn -0.0783983693 0.628086805 0.774183869
vn -0.242288619 0.916856885 0.31728512
vn -0.355115801 0.906840324 0.227010146
vn -0.2861889 0.585377276 0.758570611
vn -0.0565994456 0.201797977 0.977790415
vn -0.239395469 0.159196943 0.957781911
vn 0.113801263 0.851109505 0.51250571
vn -0.225294381 0.944876432 0.237594128
vn -0.345812857 0.937934816 0.026301017
vn -0.36009559 0.927388549 -0.101398714
vn -0.61418891 0.655788124 -0.438992023
vn -0.719269574 0.690270841 -0.0785966441
vn -0.69750613 0.459804028 0.549604893
vn -0.767105043 0.292801917 0.570803761
vn -0.234889552 0.968156993 0.0865961909
vn -0.336107194 0.941320062 0.0308006983
vn -0.439412743 0.878625572 -0.186905399
vn -0.389606565 0.870714605 -0.300104976
vn -0.545220435 0.573921502 -0.61102289
vn -0.621309578 0.26130408 -0.738711476
vn -0.722909808 0.327104479 -0.608608305
vn -0.318411887 0.947935343 -0.00570017146
vn -0.469600141 0.879400253 -0.0782999918
vn -0.666721165 0.665821135 -0.334910601
vn -0.459780306 0.645772338 -0.609573841
vn -0.435704082 0.481604546 -0.76040715
vn -0.481487989 0.182795465 -0.857178628
vn -0.402605623 0.915012777 0.0257003978
vn -0.671601295 0.739901364 -0.0387000404
vn -0.907056808 0.390481412 -0.157392487
vn -0.68792963 0.41841808 -0.593025565
vn -0.440978348 0.279286295 -0.852958083
vn -0.483908892 0.867515922 0.11510215
vn -0.844484627 0.535090208 0.0228996072
vn -0.91752553 0.396710992 0.0277007874
vn -0.902369797 0.40258655 -0.153794825
vn 0.196698904 0.199298903 -0.959994555
vn 0.101898961 0.185798138 -0.977290034
vn 0.125505343 0.188908085 -0.973941565
vn 0.0662979931 0.174794748 -0.982370317
vn 0.0582985207 0.179795474 -0.981975079
vn 0.0920008495 0.169601619 -0.98120904
vn 0.107099555 0.164199337 -0.980595887
vn 0.118996315 0.166294903 -0.978869736
vn -0.65019536 0.139798954 0.746794701
vn -0.733794034 -0.19629842 0.650394678
vn -0.557598054 0.121999539 0.821097136
vn -0.208289906 0.644068778 0.736064374
vn -0.113801263 0.851109505 0.51250571
vn 0.225294381 0.944876432 0.237594128
vn 0.234889552 0.968156993 0.0865961909
vn 0.336107194 0.941320062 0.0308006983
vn 0.318411887 0.947935343 -0.00570017146
vn 0.0783983693 0.628086805 0.774183869
vn 0.242288619 0.916856885 0.31728512
vn 0.345812857 0.937934816 0.026301017
vn 0.439412743 0.878625572 -0.186905399
vn 0.469600141 0.879400253 -0.0782999918
vn 0.402605623 0.915012777 0.0257003978
vn 0.713540077 0.695939124 -0.0808045119
vn 0.483908892 0.867515922 0.11510215
vn 0.355115801 0.906840324 0.227010146
vn 0.36009559 0.927388549 -0.101398714
vn 0.389606565 0.870714605 -0.300104976
vn 0.459780306 0.645772338 -0.609573841
vn 0.615088224 0.710186422 -0.342493415
vn 0.2861889 0.585377276 0.758570611
vn 0.719269574 0.690270841 -0.0785966441
vn 0.61418891 0.655788124 -0.438992023
vn 0.545220435 0.573921502 -0.61102289
vn 0.435704082 0.481604546 -0.76040715
vn 0.0565994456 0.201797977 0.977790415
vn 0.239395469 0.159196943 0.957781911
vn 0.69750613 0.459804028 0.549604893
vn 0.902369797 0.40258655 -0.153794825
vn 0.722909808 0.327104479 -0.608608305
vn 0.621309578 0.26130408 -0.738711476
vn 0.481487989 0.182795465 -0.857178628
vn 0.440978348 0.279286295 -0.852958083
vn 0.767105043 0.292801917 0.570803761
vn 0.729700387 0.434700251 -0.527800262
vn 0.914193034 0.395896971 -0.0866993144
vn 0.844484627 0.535090208 0.0228996072
vn 0.91752553 0.396710992 0.0277007874
vn -0.101898961 0.185798138 -0.977290034
vn -0.196698904 0.199298903 -0.959994555
vn -0.125505343 0.188908085 -0.973941565
vn -0.0662979931 0.174794748 -0.982370317
vn -0.0582985207 0.179795474 -0.981975079
vn -0.0920008495 0.169601619 -0.98120904
vn -0.107099555 0.164199337 -0.980595887
vn -0.118996315 0.166294903 -0.978869736
vn -0.853626311 -0.468914449 0.226806954
vn -0.89471823 -0.444809049 -0.0403008424
vn -0.826197982 -0.522898734 0.209699467
vn -0.712977469 -0.50898397 0.482284784
vn -0.715182602 -0.441689312 0.541686773
vn -0.428919643 -0.420819342 0.799336672
vn -0.427507699 -0.426807731 0.796914279
vn -0.108999208 -0.260898143 0.959193051
vn -0.0277000088 -0.310100138 0.950300276
vn 0.2558074 -0.136603981 0.957027674
vn -0.676086724 -0.577588677 0.45749101
vn -0.390577555 -0.496571481 0.775155425
vn 0.00960006844 -0.380802751 0.924606442
vn 0.283605367 -0.193003699 0.939317703
vn 0.536679745 0.0054997555 0.843768239
vn 0.258296311 -0.161997631 -0.952386379
vn 0.267189413 -0.108095676 -0.957562089
vn 0.23750408 -0.0411006659 -0.970516682
vn 0.347491354 -0.0907977074 -0.933276892
vn 0.384216845 -0.245010689 -0.890138984
vn 0.517620206 -0.166606456 -0.839232743
vn 0.516913831 -0.00500009581 -0.856022954
vn 0.6760692 -0.11009495 -0.728566825
vn 0.667385995 0.0782983899 -0.740584493
vn 0.726517856 0.00650019012 -0.687116861
vn 0.338205457 0.10660176 -0.935015082
vn 0.50459671 0.151299059 -0.84999454
vn 0.615624547 0.229009181 -0.754030108
vn 0.697776556 0.120096005 -0.706176281
vn 0.652819633 0.0346010737 -0.756722748
vn 0.939865172 -0.221491784 -0.259990364
vn 0.999757826 0.0198991597 -0.00939960219
vn 0.990889132 -0.126398608 -0.0464994945
vn 0.951821387 0.0199004598 -0.306006849
vn 0.950293541 0.262398213 -0.167598858
vn 0.98806566 0.151594728 0.0272990577
vn 0.933475971 0.252293468 0.254893452
vn 0.973181725 0.047899086 0.224995762
vn 0.976136684 -0.188907087 0.107104011
vn 0.603283286 -0.366589844 -0.708280444
vn 0.437190413 0.0779983252 -0.895980358
vn 0.613568306 0.495574445 -0.614768207
vn -0.255799145 0.116399661 -0.95969677
vn 0.932703555 -0.299101174 0.201500744
vn 0.932232797 0.0491017103 0.35851258
vn 0.869205117 -0.433402538 0.238001376
vn 0.899871945 0.0274991225 0.435286433
vn 0.808116317 -0.552011132 0.205504134
vn 0.903863192 0.0297987666 0.426782608
vn 0.604108512 0.573308051 0.553507805
vn 0.70057565 0.482983202 0.525281787
vn 0.816956282 0.38487941 0.429477036
vn 0.679176688 0.718275428 0.150994867
vn 0.783768415 0.522578955 0.335586518
vn 0.785490572 0.615192592 0.0673992187
vn 0.653394222 0.667394102 0.357296884
vn 0.717475533 0.575280368 0.392786652
vn 0.560303032 0.687603772 0.461802542
vn 0.587997794 0.603197813 0.538898051
vn 0 0.749875724 0.661578715
vn 0 0.710896552 0.703296661
vn 0.646468341 0.744463503 -0.166891783
vn 0.332900792 0.93430227 -0.127500266
vn 0.402289569 0.895876765 0.188595161
vn 0.368417889 0.865642011 0.339016467
vn 0 0.884162188 0.467180073
vn 0.700995922 0.658096194 -0.274798363
vn 0.503490269 0.772185087 -0.387592494
vn 0.194201455 0.911006808 -0.363802671
vn 0 0.985184669 -0.171497285
vn 0 0.98963517 0.143605143
vn 0 0.949122488 0.314907491
vn 0.586402774 0.691103339 -0.422502011
vn 0.31639114 0.817177117 -0.48178646
vn 0 0.882294834 -0.470697194
vn 0 0.940466046 -0.339887649
vn -0.194201455 0.911006808 -0.363802671
vn -0.332900792 0.93430227 -0.127500266
vn -0.402289569 0.895876765 0.188595161
vn -0.368417889 0.865642011 0.339016467
vn 0 0.860591948 -0.509295166
vn -0.31639114 0.817177117 -0.48178646
vn -0.503490269 0.772185087 -0.387592494
vn -0.646468341 0.744463503 -0.166891783
vn -0.679176688 0.718275428 0.150994867
vn -0.653394222 0.667394102 0.357296884
vn -0.560303032 0.687603772 0.461802542
vn -0.586402774 0.691103339 -0.422502011
vn -0.700995922 0.658096194 -0.274798363
vn -0.785490572 0.615192592 0.0673992187
vn -0.783768415 0.522578955 0.335586518
vn -0.717475533 0.575280368 0.392786652
vn -0.587997794 0.603197813 0.538898051
vn 0.822126269 -0.555117726 -0.12630406
vn 0.679717124 -0.637516081 -0.362709194
vn 0.730797589 -0.521098256 -0.440898597
vn 0.745391905 -0.663992763 -0.0591993853
vn 0.426804364 -0.887309074 -0.174701825
vn 0.370997548 -0.817294657 -0.440897137
vn 0.548890293 -0.596689463 -0.585389674
vn 0.615397871 -0.535698175 -0.578198016
vn 0.374495655 -0.601692975 -0.705491781
vn 0.802382588 -0.584887326 0.11869739
vn 0.631522715 -0.770127714 0.0899031982
vn 0.344611913 -0.938732445 0.00490012811
vn 0.00309999287 -0.980897725 -0.194499582
vn 0.0263993125 -0.907376409 -0.419489115
vn 0.250489533 -0.747868717 -0.614774287
vn 0 -0.665814996 -0.746116877
vn 0 -0.617092609 -0.786890566
vn 0.721093535 -0.674393952 0.158798561
vn 0.500905871 -0.84780997 0.174102008
vn 0 -0.994398177 0.105699763
vn -0.0363995917 -0.998688757 -0.0359996371
vn -0.428903729 -0.892007828 -0.142701283
vn -0.34031567 -0.84173882 -0.419119328
vn 0.524212956 -0.811020076 0.259706408
vn 0 -0.960433424 0.278509647
vn -0.500905871 -0.84780997 0.174102008
vn -0.631522715 -0.770127714 0.0899031982
vn -0.384785801 -0.922565937 0.0284989066
vn 0 -0.947344959 0.320215136
vn -0.524212956 -0.811020076 0.259706408
vn -0.721093535 -0.674393952 0.158798561
vn -0.802382588 -0.584887326 0.11869739
vn -0.745391905 -0.663992763 -0.0591993853
vn -0.822126269 -0.555117726 -0.12630406
vn -0.679717124 -0.637516081 -0.362709194
vn -0.548890293 -0.596689463 -0.585389674
vn -0.250489533 -0.747868717 -0.614774287
vn -0.730797589 -0.521098256 -0.440898597
vn -0.615397871 -0.535698175 -0.578198016
vn -0.374495655 -0.601692975 -0.705491781
vn 0 -0.79491961 -0.606714964
vn -0.604108512 0.573308051 0.553507805
vn -0.899871945 0.0274991225 0.435286433
vn -0.903863192 0.0297987666 0.426782608
vn -0.70057565 0.482983202 0.525281787
vn -0.932232797 0.0491017103 0.35851258
vn -0.869205117 -0.433402538 0.238001376
vn -0.808116317 -0.552011132 0.205504134
vn -0.816956282 0.38487941 0.429477036
vn -0.973181725 0.047899086 0.224995762
vn -0.932703555 -0.299101174 0.201500744
vn -0.933475971 0.252293468 0.254893452
vn -0.999757826 0.0198991597 -0.00939960219
vn -0.976136684 -0.188907087 0.107104011
vn -0.98806566 0.151594728 0.0272990577
vn -0.950293541 0.262398213 -0.167598858
vn -0.951821387 0.0199004598 -0.306006849
vn -0.939865172 -0.221491784 -0.259990364
vn -0.990889132 -0.126398608 -0.0464994945
vn -0.613568306 0.495574445 -0.614768207
vn -0.437190413 0.0779983252 -0.895980358
vn -0.603283286 -0.366589844 -0.708280444
vn 0.255799145 0.116399661 -0.95969677
vn -0.904364765 -0.310387909 -0.292888582
vn -0.940829694 -0.338610709 0.013500412
vn -0.888591766 -0.0487995259 -0.456095785
vn -0.909851432 -0.39407897 0.12989305
vn -0.693890154 -0.647090852 0.315895498
vn -0.621894598 -0.766393304 0.160898566
vn -0.473810226 -0.813217521 0.337907255
vn -0.64960444 -0.286301911 -0.704304814
vn -0.60798496 -0.767081082 -0.204794988
vn -0.734983504 -0.678084731 -0.00060001621
vn -0.672093153 -0.690692961 0.266897261
vn -0.404184818 -0.856467903 0.321087897
vn -0.498024911 -0.770938635 0.397019863
vn -0.617312014 -0.0868016556 -0.781915188
vn -0.385989547 -0.0654981807 -0.920175016
vn -0.251095712 -0.319294512 -0.913784444
vn -0.275595099 -0.783886075 -0.556390107
vn -0.0256990064 -0.99676156 -0.0761971027
vn -0.42069307 -0.892385304 0.163297251
vn -0.0348986685 -0.0406984016 -0.998561859
vn 0.153997019 -0.240395293 -0.958381474
vn 0.319311619 -0.745827138 -0.584621251
vn 0.469605118 -0.868109465 -0.160801798
vn 0.0626999512 -0.996499181 0.0552999079
vn 0.07739871 -0.988183558 0.132297769
vn 0.400603443 0.0565005243 -0.914507866
vn 0.545285642 -0.232093841 -0.805478752
vn 0.606105447 -0.669705987 -0.429103851
vn 0.783466876 -0.574675679 -0.236490011
vn 0.582201362 -0.810401917 -0.0655001849
vn 0.825280488 -0.189195514 -0.532087505
vn 0.768813968 -0.341406167 -0.540709853
vn 0.774620295 -0.588215351 -0.232306093
vn 0.735511243 -0.667210221 -0.117701828
vn 0.586201012 -0.80950141 0.0328000225
vn 0.0990019739 -0.973019302 0.208404094
vn -0.326279074 -0.853845239 0.405573964
vn -0.415901184 -0.797202289 0.437601179
vn -0.346891552 -0.859679163 0.374990851
vn -0.266305476 -0.868917942 0.417208582
vn -0.148699999 -0.885699928 0.439799935
vn 0.108696595 -0.964769781 0.239592463
vn 0.558017492 -0.82552582 0.0844025984
vn 0.163403198 -0.930118263 0.328906387
vn 0.211093992 -0.90167439 0.377389252
vn 0.514091611 -0.838786304 0.179297015
vn 0.655814648 -0.75481683 -0.0126003139
vn 0.718001783 -0.695501745 -0.0274000987
vn 0.686031759 -0.715533078 -0.13180612
vn 0.646506548 -0.69730711 -0.309503168
vn 0.940829694 -0.338610709 0.013500412
vn 0.904364765 -0.310387909 -0.292888582
vn 0.888591766 -0.0487995259 -0.456095785
vn 0.909851432 -0.39407897 0.12989305
vn 0.734983504 -0.678084731 -0.00060001621
vn 0.60798496 -0.767081082 -0.204794988
vn 0.64960444 -0.286301911 -0.704304814
vn 0.617312014 -0.0868016556 -0.781915188
vn 0.385989547 -0.0654981807 -0.920175016
vn 0.693890154 -0.647090852 0.315895498
vn 0.672093153 -0.690692961 0.266897261
vn 0.42069307 -0.892385304 0.163297251
vn 0.0256990064 -0.99676156 -0.0761971027
vn 0.275595099 -0.783886075 -0.556390107
vn 0.251095712 -0.319294512 -0.913784444
vn 0.0348986685 -0.0406984016 -0.998561859
vn 0.621894598 -0.766393304 0.160898566
vn 0.473810226 -0.813217521 0.337907255
vn 0.498024911 -0.770938635 0.397019863
vn 0.404184818 -0.856467903 0.321087897
vn -0.07739871 -0.988183558 0.132297769
vn -0.0626999512 -0.996499181 0.0552999079
vn -0.469605118 -0.868109465 -0.160801798
vn -0.319311619 -0.745827138 -0.584621251
vn 0.415901184 -0.797202289 0.437601179
vn 0.326279074 -0.853845239 0.405573964
vn -0.0990019739 -0.973019302 0.208404094
vn -0.582201362 -0.810401917 -0.0655001849
vn 0.346891552 -0.859679163 0.374990851
vn 0.266305476 -0.868917942 0.417208582
vn -0.108696595 -0.964769781 0.239592463
vn -0.586201012 -0.80950141 0.0328000225
vn -0.735511243 -0.667210221 -0.117701828
vn -0.774620295 -0.588215351 -0.232306093
vn -0.783466876 -0.574675679 -0.236490011
vn 0.148699999 -0.885699928 0.439799935
vn -0.163403198 -0.930118263 0.328906387
vn -0.558017492 -0.82552582 0.0844025984
vn -0.718001783 -0.695501745 -0.0274000987
vn -0.686031759 -0.715533078 -0.13180612
vn -0.646506548 -0.69730711 -0.309503168
vn -0.825280488 -0.189195514 -0.532087505
vn -0.211093992 -0.90167439 0.377389252
vn -0.514091611 -0.838786304 0.179297015
vn -0.655814648 -0.75481683 -0.0126003139
vn -0.153997019 -0.240395293 -0.958381474
vn -0.400603443 0.0565005243 -0.914507866
vn -0.545285642 -0.232093841 -0.805478752
vn -0.768813968 -0.341406167 -0.540709853
vn -0.606105447 -0.669705987 -0.429103851
vn 0.883397102 -0.466098487 0.0485998243
vn 0.78981328 -0.609510243 -0.0685011819
vn 0.879470468 -0.47038421 -0.0725975856
vn 0.718236208 -0.693934917 0.0509025306
vn 0.522187054 -0.84827894 -0.0879978463
vn 0.449700415 -0.85240078 -0.266800284
vn 0.776257396 -0.594167352 -0.210688472
vn 0.824690163 -0.506193995 -0.252297014
vn 0.646060705 -0.640561044 -0.415074795
vn 0.723112464 -0.545509338 -0.423707336
vn 0.803667665 -0.58237654 0.122295059
vn 0.550686896 -0.819680452 0.157696202
vn 0 -0.994977713 0.100097723
vn 0.427488536 -0.903875709 0.0161995254
vn 0 -0.992206931 -0.12460091
vn 0.590509236 -0.768012106 0.247903869
vn 0 -0.96178776 0.273796439
vn -0.550686896 -0.819680452 0.157696202
vn -0.718236208 -0.693934917 0.0509025306
vn -0.427488536 -0.903875709 0.0161995254
vn 0 -0.999993145 0.00369993085
vn 0 -0.957445741 0.288613707
vn -0.590509236 -0.768012106 0.247903869
vn -0.803667665 -0.58237654 0.122295059
vn -0.883397102 -0.466098487 0.0485998243
vn -0.78981328 -0.609510243 -0.0685011819
vn -0.522187054 -0.84827894 -0.0879978463
vn -0.879470468 -0.47038421 -0.0725975856
vn -0.776257396 -0.594167352 -0.210688472
vn -0.449700415 -0.85240078 -0.266800284
vn 0 -0.936931908 -0.349511921
vn 0.291205496 -0.805115223 -0.516709805
vn -0.824690163 -0.506193995 -0.252297014
vn -0.646060705 -0.640561044 -0.415074795
vn -0.291205496 -0.805115223 -0.516709805
vn 0 -0.849494874 -0.527596891
vn 0 -0.724487364 -0.68928808
vn 0.43769142 -0.646387279 -0.624987781
vn -0.723112464 -0.545509338 -0.423707336
vn -0.43769142 -0.646387279 -0.624987781
vn 0 -0.649208784 -0.760610402
vn 0 0.710797071 0.703397155
vn -0.643804967 0.502803862 0.576804519
vn 0 0.700223327 0.713923872
vn -0.609621167 0.623721659 0.489217013
vn -0.808913469 0.476707935 0.344105721
vn -0.734189749 0.626691282 0.261196405
vn -0.874774516 0.451786816 0.175094917
vn -0.779187858 0.625790179 0.0353994742
vn -0.869648755 0.493670851 0.000399997982
vn 0.643804967 0.502803862 0.576804519
vn 0.609621167 0.623721659 0.489217013
vn 0 0.876608312 0.481204599
vn -0.477172554 0.833851993 0.277484089
vn -0.474907219 0.876713276 0.076401189
vn -0.44817394 0.87824893 -0.166790277
vn -0.764427125 0.62812227 -0.145305127
vn -0.817720711 0.538213611 -0.204105139
vn 0.808913469 0.476707935 0.344105721
vn 0.734189749 0.626691282 0.261196405
vn 0.477172554 0.833851993 0.277484089
vn 0 0.971847415 0.235611528
vn 0 0.999990344 -0.00439991383
vn 0.874774516 0.451786816 0.175094917
vn 0.779187858 0.625790179 0.0353994742
vn 0.474907219 0.876713276 0.076401189
vn 0.44817394 0.87824893 -0.166790277
vn 0 0.972455382 -0.233089253
vn 0.869648755 0.493670851 0.000399997982
vn 0.764427125 0.62812227 -0.145305127
vn 0.817720711 0.538213611 -0.204105139
vn 0.641006231 0.678506553 -0.358803451
vn 0.29039529 0.858586133 -0.42249313
vn 0 0.90719986 -0.420699924
vn -0.29039529 0.858586133 -0.42249313
vn -0.641006231 0.678506553 -0.358803451
vn 0.717624485 0.581319928 -0.383513093
vn 0.424707562 0.704812586 -0.568210065
vn 0 0.793266654 -0.608874381
vn -0.424707562 0.704812586 -0.568210065
vn -0.717624485 0.581319928 -0.383513093
vn 0 0.701433957 -0.712734461
vn -0.514981747 0.856569588 -0.0328987986
vn -0.69506216 0.669163525 -0.26288566
vn -0.782760441 0.622068524 -0.017799072
vn -0.254110694 0.958640277 -0.128205344
vn -0.37779811 0.890195608 -0.254598677
vn -0.544086516 0.802280188 -0.245593891
vn -0.216710269 0.929444075 -0.298614085
vn -0.174107745 0.892439842 -0.416218519
vn -0.45341444 0.866927683 0.207006633
vn 0.367917776 0.929844916 0.00500028208
vn 0.386083037 0.90356034 -0.185791805
vn 0.269908845 0.936130762 -0.225407362
vn 0.216904357 0.909118295 -0.355607122
vn 0.262394994 0.888483107 -0.376492798
vn 0.544086516 0.802280188 -0.245593891
vn -0.747600675 0.637600541 0.185900196
vn -0.619797707 0.66889751 0.410398513
vn -0.237098381 0.906093717 0.350397646
vn 0.453088373 0.864677846 0.216894478
vn 0.782760441 0.622068524 -0.017799072
vn 0.69506216 0.669163525 -0.26288566
vn -0.384774864 0.714553297 0.584261894
vn -0.162501872 0.850109816 0.500905812
vn 0.135595918 0.877773523 0.459486216
vn 0.331896663 0.855291426 0.397896022
vn 0.619797707 0.66889751 0.410398513
vn 0.747600675 0.637600541 0.185900196
vn 0 0.731424272 0.681922674
vn 0 0.828572631 0.559881568
vn 0.384774864 0.714553297 0.584261894
vn 0 -0.892478883 0.451089293
vn 0.115498476 -0.9253878 0.360995203
vn 0.32768175 -0.842853129 0.426876187
vn 0 -0.939005554 0.343901962
vn 0 -0.966067135 0.258291185
vn 0.299790084 -0.906369984 0.297690094
vn 0.621678114 -0.726974428 0.291589677
vn 0.411509931 -0.897321701 0.159603804
vn 0.773404539 -0.633903682 0.00339999236
vn -0.115498476 -0.9253878 0.360995203
vn -0.299790084 -0.906369984 0.297690094
vn -0.411509931 -0.897321701 0.159603804
vn 0 -0.959946215 0.280184269
vn -0.32768175 -0.842853129 0.426876187
vn -0.621678114 -0.726974428 0.291589677
vn -0.773404539 -0.633903682 0.00339999236
vn -0.55391705 -0.811824918 -0.184705704
vn 0 -0.999889076 -0.0148998806
vn 0.55391705 -0.811824918 -0.184705704
vn 0.772382736 -0.590086758 -0.234994769
vn 0.716404676 -0.587503791 -0.37630251
vn -0.772382736 -0.590086758 -0.234994769
vn -0.716404676 -0.587503791 -0.37630251
vn -0.403903484 -0.856707394 -0.320802808
vn 0 -0.974081874 -0.226195842
vn 0.403903484 -0.856707394 -0.320802808
vn 0.44299531 -0.820191383 -0.361996204
vn 0.624296427 -0.660896182 -0.416497648
vn 0.220307902 -0.86243093 -0.455716372
vn 0.321409881 -0.776823938 -0.541516721
vn -0.44299531 -0.820191383 -0.361996204
vn 0 -0.972211838 -0.23410289
vn -0.264794767 -0.8723827 -0.410891891
vn -0.212810054 -0.783937156 -0.583227634
vn -0.624296427 -0.660896182 -0.416497648
vn 0.970957398 0.189391688 0.146193609
vn 0.854174554 0.509884775 0.101996981
vn 0.990489721 0.137298599 0.0088999141
vn 0.825899899 0.553199887 0.108900011
vn 0.479597986 0.874396384 0.0735997334
vn 0.505898654 0.854497671 0.117899716
vn 0.863592267 0.497395515 -0.0824992359
vn 0.939687967 0.162997931 -0.300696164
vn 0.808015823 0.481009424 -0.340206623
vn 0.770616651 0.301606536 -0.561412096
vn 0.964590371 0.233997643 0.121698789
vn 0.815283418 0.572088361 0.0895982087
vn 0.493795872 0.868992686 0.0318997689
vn 0.31839779 0.947893381 -0.0109998817
vn 0.344705582 0.934415162 0.0897014961
vn 0.230196401 0.939385355 0.254096091
vn 0.477181911 0.875866771 0.0717973113
vn 0.663612187 0.640311718 -0.386807054
vn 0.62907666 0.457883 -0.62817663
vn 0.629017115 0.50571382 -0.590416074
vn 0.615177214 0.771671414 -0.161493987
vn 0.263094455 0.962079763 0.0719985217
vn 0.244991064 0.951065242 0.188293174
vn -0.145502388 0.840313792 0.522208571
vn -0.268704116 0.776311874 0.570208728
vn -0.375107765 0.826217115 0.420308769
vn 0.146795392 0.96176976 0.231192783
vn -0.0523992665 0.914887249 0.400294453
vn -0.459088683 0.597785234 0.657183766
vn -0.429582208 0.597975135 0.676671982
vn -0.586378992 0.540680647 0.603178442
vn -0.740327656 0.561120987 0.370213866
vn -0.430482209 0.864464223 0.259589314
vn 0.148104534 0.962329388 0.228007019
vn 0.362795025 0.907387614 0.212197155
vn 0.490706146 0.867010832 0.0866011232
vn -0.735008359 0.663107574 0.141601637
vn -0.432703048 0.893106282 0.123000912
vn -0.0889965966 0.972662807 0.214491829
vn 0.294017226 0.917453766 0.268015772
vn 0.404498518 0.872496843 0.274099052
vn 0.463994831 0.866390407 0.184597984
vn -0.631709933 0.774912179 0.021300368
vn -0.559102476 0.827003717 0.0589002967
vn -0.953371346 -0.286591381 0.0945971459
vn -0.962868094 -0.132195637 0.235392213
vn -0.984152317 -0.140407473 0.108305752
vn -0.924510241 -0.290803224 0.246402711
vn -0.924479723 -0.16349642 0.344392419
vn -0.900718987 -0.304406434 0.309906512
vn -0.887970626 -0.410886437 0.206593156
vn -0.886637866 -0.448319107 0.11350482
vn -0.993131578 -0.117003724 9.99980621e-05
vn -0.957567275 -0.287690163 -0.0172994211
vn -0.857441783 -0.514525056 0.00760034798
vn -0.99769628 -0.0504998118 -0.0452998318
vn -0.976935983 -0.20840767 -0.0465017222
vn -0.878837943 -0.475620568 -0.0378016531
vn 0.976401865 0.0664001182 0.205500409
vn 0.938177824 0.345491827 0.021399511
vn 0.920736313 0.290211409 0.260810316
vn 0.998897374 0.0369999036 -0.0288999211
vn 0.826210141 0.462405682 -0.321803898
vn 0.883037508 -0.0253010541 -0.468619913
vn 0.237903044 0.456905872 -0.857110977
vn 0.900481701 -0.0701985955 0.429191262
vn 0.883566439 -0.399784833 0.243890703
vn 0.839746296 -0.538329661 0.0709038898
vn 0.727173626 -0.665275872 -0.169193909
vn 0.285718352 -0.763749063 -0.578837276
vn 0.340092182 -0.112997368 -0.933578551
vn 0.869348049 0.240785584 0.431574196
vn 0.794519126 0.111502662 0.596914351
vn 0.756297708 -0.240299314 0.608498156
vn 0.679000378 -0.595100343 0.429900199
vn 0.738582551 -0.604085743 0.299292892
vn 0.577795267 -0.811193466 0.0900992304
vn 0.259287387 -0.950253785 -0.172591656
vn 0.801846027 0.214085564 0.557862461
vn 0.737620175 0.155704245 0.657018006
vn 0.767326832 0.0131004304 0.641122401
vn 0.774808288 -0.172501862 0.608206511
vn 0.709472954 -0.448882878 0.543279231
vn 0.508395672 -0.806693077 0.301297367
vn 0.449288785 -0.875678122 0.176995531
vn 0.220488518 -0.975349069 -0.00889957789
vn 0.829755366 0.0543970466 0.555470049
vn 0.875610709 -0.0369004719 0.481605887
vn 0.835916579 -0.277205527 0.473709375
vn 0.724001706 -0.586001456 0.36390084
vn 0.467881858 -0.87176621 0.145294324
vn 0.289689779 -0.951966405 0.0991964638
vn 0.922210455 0.0747008249 0.379404336
vn 0.945174456 0.0339990668 0.324791253
vn 0.927871883 -0.239892736 0.285491318
vn 0.855760157 -0.430680007 0.286686659
vn 0.736982107 -0.64298445 0.208394915
vn 0.923852801 0.148608476 0.352720171
vn 0.935094059 0.00119997689 0.354397744
vn 0.890505135 -0.373502135 0.259801477
vn 0.783380806 -0.612384975 0.106297366
vn 0.480888635 -0.876679301 0.0133996448
vn 0.206099033 -0.975995421 -0.070399709
vn 0.156595051 -0.987368822 -0.0240992829
vn 0.812329292 0.160005733 0.560820222
vn 0.853769541 -0.028299015 0.519881487
vn 0.811487913 -0.377594382 0.445993364
vn 0.642871261 -0.76136601 0.0838962123
vn 0.290298194 -0.952493966 -0.092099458
vn 0.129895031 -0.981162488 -0.142994598
vn 0.753008962 -0.00180005014 0.658007801
vn 0.727377057 -0.283191085 0.625080287
vn 0.596715808 -0.74031961 0.309608161
vn 0.221102476 -0.974310994 -0.0428005233
vn 0.0130003681 -0.977527678 -0.21040599
vn 0.703479588 0.12419638 0.699779809
vn 0.652314603 0.00690012099 0.757916927
vn 0.657214403 -0.282606214 0.69871527
vn 0.56722182 -0.633024395 0.526820183
vn 0.282793045 -0.9494766 0.136096597
vn -0.101997167 -0.959473372 -0.26269275
vn 0.634716749 0.0914023742 0.767320335
vn 0.589316666 0.0593016483 0.805722892
vn 0.612597167 -0.128399447 0.779896438
vn 0.557119012 -0.61172086 0.561619103
vn 0.332204103 -0.919211328 0.211402565
vn -0.0874032229 -0.972935796 -0.213907927
vn -0.290289611 -0.906867445 -0.305489063
vn -0.233400822 -0.915103197 -0.328801215
vn -0.12879923 -0.950194359 -0.283798367
vn -0.0800016448 -0.967419922 -0.24020499
vn -0.334096462 -0.8938905 -0.298896879
vn -0.374392539 -0.900082111 -0.222895622
vn -0.347400546 -0.904601395 -0.247000426
vn -0.42350325 -0.839506447 -0.340402663
vn -0.324893445 -0.855782688 -0.402591914
vn -0.287010342 -0.883831918 -0.369413346
vn -0.110701211 -0.962310493 -0.248402759
vn -0.504024386 -0.845040917 -0.178508669
vn -0.718477309 -0.60578084 -0.341789246
vn -0.640921474 -0.546318233 -0.539218068
vn -0.450506121 -0.737309933 -0.503406882
vn -0.473109215 -0.878917038 -0.0606012158
vn -0.579412818 -0.814718008 -0.022700537
vn -0.763510048 -0.640908539 -0.0793010741
vn -0.918226719 -0.293608516 -0.265807748
vn -0.784617543 -0.305806816 -0.539312124
vn -0.693916142 -0.270006269 -0.667515576
vn -0.565402329 -0.531302214 -0.630902648
vn -0.591010749 -0.799414575 0.107901938
vn -0.764385819 -0.630188346 0.136297435
vn -0.937176347 -0.334691554 0.0983975008
vn -0.99253732 -0.0030001183 0.121904589
vn -0.978752255 0.0328984037 -0.202390119
vn -0.846898615 -0.0219999421 -0.531299114
vn -0.537505627 -0.837708771 0.0966009796
vn -0.626811326 -0.727313221 0.279505044
vn -0.738695025 -0.589796066 0.32629779
vn -0.8888188 -0.319506735 0.328506917
vn -0.924549639 -0.00560031692 0.381020457
vn -0.846219957 0.359908462 0.392909259
vn -0.915200889 0.374600351 0.148600161
vn -0.911533892 0.353913158 -0.209407777
vn -0.730491996 -0.472794801 0.492794573
vn -0.818113267 -0.311305106 0.483507842
vn -0.844713151 0.0109001463 0.535108328
vn -0.761984885 0.339793235 0.551289022
vn -0.557196379 0.690995455 0.460497051
vn -0.647798777 0.688298643 0.326499403
vn -0.658197463 0.740697145 0.134699523
vn -0.802311242 -0.0851012245 0.590808272
vn -0.730412602 0.297705114 0.614710689
vn -0.567507148 0.593007505 0.571207285
vn -0.268808186 0.884026945 0.382411718
vn -0.241406888 0.93672663 0.253507286
vn -0.348393589 0.931082845 0.108198054
vn -0.682094276 0.715693951 -0.150098711
vn -0.801455855 0.326182067 -0.50127238
vn 0.0854985192 0.971383214 0.221596211
vn 0.191502154 0.958410859 0.211602435
vn -0.0716007501 0.98791033 0.137501493
vn -0.338800758 0.939602077 -0.0486000665
vn -0.61209321 0.693392396 -0.380195767
vn -0.688525915 0.339712828 -0.640724063
vn -0.725703537 -0.00239998195 -0.688003421
vn 0.340004444 0.927612126 0.154702067
vn 0.417909145 0.860518813 0.291306406
vn 0.330792129 0.870179296 0.36519137
vn 0.10459882 0.97488898 0.196597829
vn -0.0679029673 0.99584353 0.0607026927
vn -0.306989044 0.934266627 -0.181393489
vn -0.509229541 0.719241798 -0.472627431
vn 0.420401961 0.820003808 0.388401836
vn 0.450791568 0.673787415 0.585489094
vn 0.397318333 0.714132905 0.576326609
vn 0.184605256 0.930826545 0.315409034
vn 0.137297019 0.96537894 0.221795201
vn -0.0674977228 0.997666359 -0.010299609
vn -0.232187778 0.948250115 -0.216588572
vn 0.538306653 0.394504845 0.744709253
vn 0.529887319 0.451989174 0.717582881
vn 0.381085455 0.769970536 0.511780441
vn 0.249198705 0.884995341 0.39329797
vn 0.601576567 0.306988031 0.737471342
vn 0.55300355 0.536803484 0.63720417
vn 0.361487389 0.853470266 0.375386924
vn 0.644597352 0.394798338 0.654697299
vn 0.602402747 0.581102669 0.547202528
vn 0.630715847 0.658916593 0.409910321
vn 0.448396862 0.852994025 0.267098188
vn 0.114795059 0.989457369 0.0882962421
vn 0.0183002558 0.999313891 0.0322004929
vn 0.709201455 0.457500905 0.536401153
vn 0.786119699 0.481912106 0.38700971
vn 0.730210602 0.599008679 0.328604788
vn 0.74744463 0.536032021 0.392423451
vn 0.430122375 0.859444678 0.276314408
vn 0.0824010372 0.996312618 0.0239003468
vn -0.0572021678 0.996237814 -0.0651024282
vn -0.010700101 0.999709427 -0.0216001607
vn 0.852301538 0.368600637 0.371100664
vn 0.797308862 0.321203589 0.5110057
vn 0.695798993 0.488099277 0.526899278
vn 0.603594899 0.647794545 0.464796066
vn 0.325391591 0.9356758 0.136496514
vn 0.0271991845 0.996170163 -0.0830974653
vn -0.103597201 0.984373391 -0.142396107
vn 0.680275798 0.438284427 0.587479115
vn 0.645597696 0.576197863 0.501198232
vn 0.595602751 0.758203506 0.265301287
vn 0.505278289 0.862362981 0.0319986641
vn 0.156197011 0.983681083 -0.0892982408
vn -0.140396476 0.935376406 -0.324591786
vn -0.165999636 0.952398002 -0.255699396
vn -0.334004372 0.873811424 -0.353404552
vn -0.24150081 0.942603171 -0.23060073
vn 0.724409103 0.679608524 0.11560148
vn 0.568903923 0.818305731 -0.0820005387
vn 0.236596838 0.946187437 -0.220797017
vn -0.198894709 0.806078613 -0.557385147
vn -0.553097069 0.51509732 -0.654796481
vn -0.400807351 0.776814222 -0.485708863
vn -0.590013742 0.552112997 -0.589113772
vn -0.543513238 0.671916366 -0.503112197
vn 0.257891774 0.912970901 -0.316189885
vn -0.0234008562 0.849531114 -0.527019262
vn -0.434912562 0.362410516 -0.824323833
vn -0.635202944 0.214701012 -0.741903424
vn -0.691326439 0.256909907 -0.675325871
vn -0.626011372 -0.0997017696 -0.773414075
vn -0.686396599 0.0455998071 -0.725796342
vn -0.601072669 0.546675086 -0.582973421
vn -0.313206434 -0.137902796 -0.939619362
vn -0.297991395 -0.663180828 -0.686580181
vn -0.599121809 -0.374213576 -0.70782578
vn -0.63459003 -0.22949639 -0.737988472
vn -0.629799187 0.263499677 -0.730699003
vn -0.236097023 -0.84738934 -0.475594074
vn -0.512693524 -0.624592066 -0.589092612
vn -0.507102072 -0.596102417 -0.622502565
vn -0.488191545 -0.53889066 -0.686488152
vn -0.660205424 -0.11450091 -0.742306113
vn -0.669302106 0.407301307 -0.621401906
vn -0.0778969601 -0.974161983 -0.211991772
vn -0.37949726 -0.826294065 -0.416197062
vn -0.321796209 -0.840190113 -0.436494887
vn -0.196602762 -0.904812694 -0.377705365
vn -0.487478465 -0.670170367 -0.559675336
vn -0.762905419 -0.123500846 -0.634604454
vn 0.0172992889 -0.989859283 -0.140994251
vn -0.093404457 -0.971846402 -0.216310352
vn -0.0450981669 -0.984960079 -0.166793287
vn -0.148098528 -0.968290329 -0.201198027
vn -0.479080617 -0.774068713 -0.413883299
vn -0.146501452 -0.973209679 -0.177201793
vn -0.23099646 -0.95288533 -0.196597025
vn -0.639869869 -0.667568505 -0.380682081
vn -0.82659477 -0.174698874 -0.534996629
vn -0.664302588 -0.570702195 -0.482701898
vn -0.703680158 -0.310291231 -0.639182031
vn -0.74690485 0.0703004822 -0.661204219
vn -0.695783079 0.433889478 -0.572386086
vn -0.452293724 -0.796588898 -0.401094466
vn -0.644090474 0.425493747 -0.63569057
vn -0.168703586 -0.957020342 -0.235905051
vn -0.469101846 0.759303033 -0.451001793
vn -0.183299631 0.96579802 -0.183399588
vn -0.0593970604 0.996350706 -0.0612969212
vn 0.99769628 -0.0504998118 -0.0452998318
vn 0.957567275 -0.287690163 -0.0172994211
vn 0.976935983 -0.20840767 -0.0465017222
vn 0.993131578 -0.117003724 9.99980621e-05
vn 0.953371346 -0.286591381 0.0945971459
vn 0.857441783 -0.514525056 0.00760034798
vn 0.878837943 -0.475620568 -0.0378016531
vn 0.984152317 -0.140407473 0.108305752
vn 0.962868094 -0.132195637 0.235392213
vn 0.924510241 -0.290803224 0.246402711
vn 0.886637866 -0.448319107 0.11350482
vn 0.924479723 -0.16349642 0.344392419
vn 0.900718987 -0.304406434 0.309906512
vn 0.887970626 -0.410886437 0.206593156
vn -0.854174554 0.509884775 0.101996981
vn -0.970957398 0.189391688 0.146193609
vn -0.990489721 0.137298599 0.0088999141
vn -0.825899899 0.553199887 0.108900011
vn -0.964590371 0.233997643 0.121698789
vn -0.815283418 0.572088361 0.0895982087
vn -0.493795872 0.868992686 0.0318997689
vn -0.479597986 0.874396384 0.0735997334
vn -0.31839779 0.947893381 -0.0109998817
vn -0.863592267 0.497395515 -0.0824992359
vn -0.505898654 0.854497671 0.117899716
vn -0.939687967 0.162997931 -0.300696164
vn -0.808015823 0.481009424 -0.340206623
vn -0.477181911 0.875866771 0.0717973113
vn -0.230196401 0.939385355 0.254096091
vn -0.344705582 0.934415162 0.0897014961
vn -0.263094455 0.962079763 0.0719985217
vn -0.244991064 0.951065242 0.188293174
vn 0.0523992665 0.914887249 0.400294453
vn -0.770616651 0.301606536 -0.561412096
vn -0.663612187 0.640311718 -0.386807054
vn -0.490706146 0.867010832 0.0866011232
vn -0.359406561 0.908616543 0.212703913
vn -0.146795392 0.96176976 0.231192783
vn -0.62907666 0.457883 -0.62817663
vn -0.629017115 0.50571382 -0.590416074
vn -0.615177214 0.771671414 -0.161493987
vn -0.463994831 0.866390407 0.184597984
vn -0.378115922 0.885537207 0.269911379
vn -0.191508189 0.950340629 0.24531053
vn 0.430482209 0.864464223 0.259589314
vn 0.375107765 0.826217115 0.420308769
vn -0.211805791 0.944925785 0.249506876
vn 0.34989208 0.923979044 0.154396549
vn 0.735008359 0.663107574 0.141601637
vn 0.740327656 0.561120987 0.370213866
vn 0.586378992 0.540680647 0.603178442
vn 0.268704116 0.776311874 0.570208728
vn 0.169290945 0.968448102 0.182890236
vn 0.559102476 0.827003717 0.0589002967
vn 0.631709933 0.774912179 0.021300368
vn 0.429582208 0.597975135 0.676671982
vn 0.145502388 0.840313792 0.522208571
vn 0.459088683 0.597785234 0.657183766
vn 0.6045928 0.69009167 0.39779526
vn 0.221791238 0.78716886 0.575477242
vn 0.256002575 0.721807182 0.643006384
vn 0.546006799 0.78020972 0.305203855
vn 0.109901518 0.929712832 0.351504892
vn -0.212502882 0.734209895 0.644808769
vn -0.165299803 0.640099287 0.750299215
vn 0.763438344 0.626431406 0.157307923
vn 0.695391059 0.70659095 0.130998343
vn 0.335484117 0.918956578 0.207290232
vn 0.0164998733 0.983892381 0.177998677
vn -0.159899682 0.898598254 0.408599228
vn -0.487801701 0.612302065 0.622202277
vn -0.499792755 0.508192599 0.70138979
vn 0.78898114 0.614085317 -0.0201994907
vn 0.67972225 0.731623948 -0.0520016737
vn 0.497782588 0.860169947 0.110996164
vn 0.173806727 0.980137885 0.0955037326
vn -0.0528977737 0.997757971 0.0409983173
vn -0.159304738 0.963128746 0.216806501
vn -0.365194321 0.816487253 0.447193086
vn 0.697252691 0.65064919 -0.300822705
vn 0.566005588 0.780307829 -0.266002625
vn 0.38832134 0.912350118 -0.129707083
vn 0.389010727 0.921125412 0.0141004296
vn 0.139794946 0.989364266 -0.0401985049
vn 0.450384855 0.774673998 -0.443885058
vn 0.269797742 0.92599231 -0.26409775
vn 0.464623004 0.722535789 -0.51192528
vn 0.218694985 0.821381211 -0.526787877
vn 0.177105203 0.907826781 -0.380111158
vn 0.0451994687 0.986388445 -0.158098087
vn 0.17521061 0.777147114 -0.604436576
vn -0.0856994763 0.834894955 -0.543696642
vn -0.0188993141 0.943865836 -0.329788029
vn -0.11509487 0.986056089 -0.120194606
vn -0.263597906 0.963392437 -0.0488995761
vn -0.251898438 0.962594032 0.099799417
vn -0.089697279 0.771576643 -0.629780889
vn -0.248501152 0.754203498 -0.607802808
vn -0.248696446 0.815888405 -0.521992505
vn -0.18069905 0.930095136 -0.319798261
vn -0.318513632 0.919639349 -0.229809791
vn -0.512305081 0.84570843 -0.149401441
vn -0.512521148 0.858635485 0.00820037629
vn -0.391711384 0.739821494 -0.547015905
vn -0.401001453 0.813502967 -0.421201497
vn -0.635310113 0.731011689 -0.249003932
vn -0.771900177 0.635100126 -0.0285999775
vn -0.74560231 0.635701954 0.199900642
vn -0.507282734 0.840371311 0.190893531
vn -0.641713858 0.685414851 -0.344107389
vn -0.822859108 0.562472105 -0.0807959586
vn -0.857905984 0.446803093 0.253701776
vn -0.661498249 0.595998466 0.455198854
vn -0.387587667 0.870372355 0.303690374
vn -0.709924042 0.428114474 0.559218943
vn -0.221791238 0.78716886 0.575477242
vn -0.6045928 0.69009167 0.39779526
vn -0.256002575 0.721807182 0.643006384
vn -0.546006799 0.78020972 0.305203855
vn -0.763438344 0.626431406 0.157307923
vn -0.695391059 0.70659095 0.130998343
vn -0.78898114 0.614085317 -0.0201994907
vn -0.67972225 0.731623948 -0.0520016737
vn -0.697252691 0.65064919 -0.300822705
vn 0.165299803 0.640099287 0.750299215
vn 0.212502882 0.734209895 0.644808769
vn -0.109901518 0.929712832 0.351504892
vn -0.335484117 0.918956578 0.207290232
vn -0.497782588 0.860169947 0.110996164
vn 0.499792755 0.508192599 0.70138979
vn 0.487801701 0.612302065 0.622202277
vn 0.159899682 0.898598254 0.408599228
vn -0.0164998733 0.983892381 0.177998677
vn -0.173806727 0.980137885 0.0955037326
vn -0.389010727 0.921125412 0.0141004296
vn 0.709924042 0.428114474 0.559218943
vn 0.661498249 0.595998466 0.455198854
vn 0.365194321 0.816487253 0.447193086
vn 0.159304738 0.963128746 0.216806501
vn 0.0528977737 0.997757971 0.0409983173
vn -0.139794946 0.989364266 -0.0401985049
vn -0.38832134 0.912350118 -0.129707083
vn 0.857905984 0.446803093 0.253701776
vn 0.74560231 0.635701954 0.199900642
vn 0.507282734 0.840371311 0.190893531
vn 0.387587667 0.870372355 0.303690374
vn 0.251898438 0.962594032 0.099799417
vn 0.771900177 0.635100126 -0.0285999775
vn 0.512521148 0.858635485 0.00820037629
vn 0.822859108 0.562472105 -0.0807959586
vn 0.635310113 0.731011689 -0.249003932
vn 0.512305081 0.84570843 -0.149401441
vn 0.263597906 0.963392437 -0.0488995761
vn 0.11509487 0.986056089 -0.120194606
vn -0.0451994687 0.986388445 -0.158098087
vn 0.641713858 0.685414851 -0.344107389
vn 0.401001453 0.813502967 -0.421201497
vn 0.318513632 0.919639349 -0.229809791
vn 0.185307354 0.934537113 -0.303811997
vn 0.0396017507 0.939041615 -0.341515094
vn -0.177105203 0.907826781 -0.380111158
vn -0.269797742 0.92599231 -0.26409775
vn 0.391711384 0.739821494 -0.547015905
vn 0.230891034 0.833067656 -0.502680421
vn 0.248501152 0.754203498 -0.607802808
vn 0.0756982565 0.822581112 -0.56358695
vn 0.089697279 0.771576643 -0.629780889
vn -0.17521061 0.777147114 -0.604436576
vn -0.218694985 0.821381211 -0.526787877
vn -0.450384855 0.774673998 -0.443885058
vn -0.566005588 0.780307829 -0.266002625
vn -0.464623004 0.722535789 -0.51192528
vn -0.961020827 -0.177103847 0.212304592
vn -0.810909033 -0.287803233 0.509505689
vn -0.759297907 -0.100099757 0.642998278
vn -0.670235753 -0.524628043 0.524928033
vn -0.55530417 -0.373802841 0.742905617
vn -0.578909934 -0.221203834 0.784813464
vn -0.345414907 -0.176307663 0.921739757
vn -0.179096147 -0.367092133 0.912780344
vn 0.219199672 -0.290599585 0.93139863
vn -0.27508983 -0.561279237 0.780571103
vn -0.51711607 -0.520816267 0.679221153
vn 0.810909033 -0.287803233 0.509505689
vn 0.961020827 -0.177103847 0.212304592
vn 0.759297907 -0.100099757 0.642998278
vn 0.670235753 -0.524628043 0.524928033
vn 0.55530417 -0.373802841 0.742905617
vn 0.51711607 -0.520816267 0.679221153
vn 0.27508983 -0.561279237 0.780571103
vn 0.179096147 -0.367092133 0.912780344
vn -0.219199672 -0.290599585 0.93139863
vn 0.578909934 -0.221203834 0.784813464
vn 0.345414907 -0.176307663 0.921739757

# Mesh 'PipelineFBX' with 3546 faces
g PipelineFBX
usemtl DefaultMaterial
f  1/1/1 2/2/2 3/3/3
f  4/2/2 5/1/1 6/4/4
f  7/2/2 8/4/4 9/5/5
f  10/6/6 11/2/2 12/5/5
f  13/7/7 14/6/6 15/5/5
f  16/8/8 17/6/6 18/7/7
f  19/8/8 20/7/7 21/9/9
f  22/10/10 23/8/8 24/9/9
f  25/1/1 26/11/11 27/4/4
f  28/12/12 29/4/4 30/11/11
f  31/4/4 32/12/12 33/13/13
f  34/4/4 35/13/13 36/5/5
f  37/14/14 38/5/5 39/13/13
f  40/5/5 41/14/14 42/7/7
f  43/15/15 44/7/7 45/14/14
f  46/7/7 47/15/15 48/9/9
f  49/11/11 50/1/1 51/16/16
f  52/16/16 53/17/17 54/11/11
f  55/18/18 56/11/11 57/17/17
f  58/11/11 59/18/18 60/12/12
f  61/18/18 62/19/19 63/12/12
f  64/19/19 65/20/20 66/12/12
f  67/20/20 68/14/14 69/12/12
f  70/14/14 71/13/13 72/12/12
f  73/17/17 74/16/16 75/21/21
f  76/21/21 77/22/22 78/17/17
f  79/23/23 80/17/17 81/22/22
f  82/17/17 83/23/23 84/18/18
f  85/24/24 86/18/18 87/23/23
f  88/18/18 89/24/24 90/19/19
f  91/24/24 92/20/20 93/19/19
f  94/20/20 95/24/24 96/25/25
f  97/25/25 98/14/14 99/20/20
f  100/14/14 101/25/25 102/15/15
f  103/22/22 104/21/21 105/26/26
f  106/21/27 107/22/28 108/26/29
f  109/22/28 110/21/27 111/17/30
f  112/17/30 113/23/31 114/22/28
f  115/23/31 116/17/30 117/18/32
f  118/18/32 119/24/33 120/23/31
f  121/24/33 122/18/32 123/19/34
f  124/20/35 125/24/33 126/19/34
f  127/24/33 128/20/35 129/25/36
f  130/16/37 131/17/30 132/21/27
f  133/17/30 134/16/37 135/11/38
f  136/11/38 137/18/32 138/17/30
f  139/18/32 140/11/38 141/12/39
f  142/19/34 143/18/32 144/12/39
f  145/20/35 146/19/34 147/12/39
f  148/14/40 149/20/35 150/12/39
f  151/14/40 152/25/36 153/20/35
f  154/25/36 155/14/40 156/15/41
f  157/7/42 158/15/41 159/14/40
f  160/15/41 161/7/42 162/9/43
f  163/1/44 164/11/38 165/16/37
f  166/11/38 167/1/44 168/4/45
f  169/4/45 170/12/39 171/11/38
f  172/12/39 173/4/45 174/13/46
f  175/13/46 176/14/40 177/12/39
f  178/5/47 179/14/40 180/13/46
f  181/14/40 182/5/47 183/7/42
f  184/6/48 185/7/42 186/5/47
f  187/6/48 188/8/49 189/7/42
f  190/7/42 191/8/49 192/9/43
f  193/8/49 194/10/50 195/9/43
f  196/1/44 197/2/51 198/4/45
f  199/4/45 200/2/51 201/5/47
f  202/13/46 203/4/45 204/5/47
f  205/2/51 206/1/44 207/3/52
f  208/2/51 209/6/48 210/5/47
f  211/27/53 212/28/54 213/29/55
f  214/28/54 215/27/53 216/30/56
f  217/30/56 218/31/57 219/28/54
f  220/31/57 221/30/56 222/32/58
f  223/32/58 224/33/59 225/31/57
f  226/33/59 227/32/58 228/34/60
f  229/32/58 230/35/61 231/34/60
f  232/27/53 233/36/62 234/30/56
f  235/36/62 236/37/63 237/30/56
f  238/38/64 239/30/56 240/37/63
f  241/30/56 242/38/64 243/32/58
f  244/35/61 245/32/58 246/38/64
f  247/38/64 248/39/65 249/35/61
f  250/39/65 251/38/64 252/40/66
f  253/41/67 254/39/65 255/40/66
f  256/42/68 257/41/67 258/40/66
f  259/37/63 260/36/62 261/43/69
f  262/43/69 263/44/70 264/37/63
f  265/40/66 266/37/63 267/44/70
f  268/37/63 269/40/66 270/38/64
f  271/44/70 272/43/69 273/45/71
f  274/45/71 275/46/72 276/44/70
f  277/42/68 278/44/70 279/46/72
f  280/44/70 281/42/68 282/40/66
f  283/46/72 284/45/71 285/47/73
f  286/48/74 287/49/75 288/50/76
f  289/49/75 290/48/74 291/51/77
f  292/52/78 293/49/75 294/51/77
f  295/53/79 296/52/78 297/51/77
f  298/54/80 299/52/78 300/53/79
f  301/52/78 302/54/80 303/55/81
f  304/56/82 305/55/81 306/54/80
f  307/55/81 308/56/82 309/57/83
f  310/48/74 311/58/84 312/51/77
f  313/51/77 314/58/84 315/59/85
f  316/59/85 317/60/86 318/51/77
f  319/60/86 320/53/79 321/51/77
f  322/60/86 323/61/87 324/53/79
f  325/61/87 326/62/88 327/53/79
f  328/63/89 329/53/79 330/62/88
f  331/54/80 332/53/79 333/63/89
f  334/56/82 335/54/80 336/63/89
f  337/64/90 338/59/85 339/58/84
f  340/65/91 341/59/85 342/64/90
f  343/66/92 344/59/85 345/65/91
f  346/60/86 347/59/85 348/66/92
f  349/61/87 350/60/86 351/66/92
f  352/61/87 353/66/92 354/67/93
f  355/61/87 356/67/93 357/62/88
f  358/62/88 359/67/93 360/68/94
f  361/69/95 362/62/88 363/68/94
f  364/62/88 365/69/95 366/63/89
f  367/69/95 368/70/96 369/63/89
f  370/56/82 371/63/89 372/70/96
f  373/71/97 374/65/91 375/64/90
f  376/71/97 377/72/98 378/65/91
f  379/72/98 380/71/97 381/73/99
f  382/56/82 383/70/96 384/74/100
f  385/74/100 386/57/83 387/56/82
f  388/57/83 389/74/100 390/75/101
f  391/76/102 392/77/103 393/78/104
f  394/77/103 395/76/102 396/79/105
f  397/79/105 398/80/106 399/77/103
f  400/80/106 401/79/105 402/81/107
f  403/81/107 404/82/108 405/80/106
f  406/82/108 407/81/107 408/83/109
f  409/81/107 410/84/110 411/83/109
f  412/79/105 413/76/102 414/85/111
f  415/85/111 416/86/112 417/79/105
f  418/87/113 419/79/105 420/86/112
f  421/79/105 422/87/113 423/81/107
f  424/84/110 425/81/107 426/87/113
f  427/87/113 428/88/114 429/84/110
f  430/88/114 431/87/113 432/89/115
f  433/90/116 434/88/114 435/89/115
f  436/91/117 437/90/116 438/89/115
f  439/86/112 440/85/111 441/92/118
f  442/92/118 443/93/119 444/86/112
f  445/89/115 446/86/112 447/93/119
f  448/86/112 449/89/115 450/87/113
f  451/93/119 452/92/118 453/94/120
f  454/95/121 455/93/119 456/94/120
f  457/93/119 458/95/121 459/96/122
f  460/91/117 461/93/119 462/96/122
f  463/93/119 464/91/117 465/89/115
f  466/97/123 467/96/122 468/95/121
f  469/97/123 470/91/117 471/96/122
f  472/98/124 473/99/125 474/100/126
f  475/99/125 476/98/124 477/101/127
f  478/99/125 479/101/127 480/102/128
f  481/103/129 482/99/125 483/102/128
f  484/99/125 485/103/129 486/104/130
f  487/105/131 488/99/125 489/104/130
f  490/106/132 491/105/131 492/104/130
f  493/107/133 494/106/132 495/104/130
f  496/108/134 497/101/127 498/98/124
f  499/101/127 500/108/134 501/109/135
f  502/109/135 503/102/128 504/101/127
f  505/102/128 506/109/135 507/110/136
f  508/110/136 509/111/137 510/102/128
f  511/111/137 512/112/138 513/102/128
f  514/112/138 515/103/129 516/102/128
f  517/113/139 518/103/129 519/112/138
f  520/103/129 521/113/139 522/104/130
f  523/113/139 524/107/133 525/104/130
f  526/107/133 527/113/139 528/114/140
f  529/113/139 530/115/141 531/114/140
f  532/116/142 533/109/135 534/108/134
f  535/109/135 536/116/142 537/117/143
f  538/117/143 539/110/136 540/109/135
f  541/110/136 542/117/143 543/118/144
f  544/118/144 545/119/145 546/110/136
f  547/111/137 548/110/136 549/119/145
f  550/119/145 551/120/146 552/111/137
f  553/121/147 554/111/137 555/120/146
f  556/111/137 557/121/147 558/112/138
f  559/121/147 560/113/139 561/112/138
f  562/113/139 563/121/147 564/122/148
f  565/115/141 566/113/139 567/122/148
f  568/122/148 569/123/149 570/115/141
f  571/116/142 572/124/150 573/117/143
f  574/125/151 575/117/143 576/124/150
f  577/117/143 578/125/151 579/118/144
f  580/125/151 581/126/152 582/118/144
f  583/119/145 584/118/144 585/126/152
f  586/126/152 587/127/153 588/119/145
f  589/120/146 590/119/145 591/127/153
f  592/127/153 593/128/154 594/120/146
f  595/129/155 596/120/146 597/128/154
f  598/120/146 599/129/155 600/121/147
f  601/129/155 602/122/148 603/121/147
f  604/124/150 605/116/142 606/130/156
f  607/122/148 608/129/155 609/131/157
f  610/123/149 611/122/148 612/131/157
f  613/128/154 614/132/158 615/129/155
f  616/132/158 617/128/154 618/133/159
f  619/134/160 620/132/158 621/133/159
f  622/132/158 623/134/160 624/135/161
f  625/136/162 626/133/159 627/128/154
f  628/133/159 629/136/162 630/137/163
f  631/137/163 632/134/160 633/133/159
f  634/134/160 635/137/163 636/138/164
f  637/137/163 638/139/165 639/138/164
f  640/139/165 641/137/163 642/140/166
f  643/140/166 644/141/167 645/139/165
f  646/141/167 647/140/166 648/142/168
f  649/128/154 650/127/153 651/136/162
f  652/143/169 653/136/162 654/127/153
f  655/136/162 656/143/169 657/144/170
f  658/144/170 659/137/163 660/136/162
f  661/137/163 662/144/170 663/140/166
f  664/145/171 665/140/166 666/144/170
f  667/140/166 668/145/171 669/142/168
f  670/127/153 671/126/152 672/143/169
f  673/146/172 674/143/169 675/126/152
f  676/143/169 677/146/172 678/147/173
f  679/147/173 680/144/170 681/143/169
f  682/144/170 683/147/173 684/145/171
f  685/126/152 686/125/151 687/146/172
f  688/148/174 689/149/175 690/150/176
f  691/149/175 692/148/174 693/151/177
f  694/152/178 695/149/175 696/151/177
f  697/149/175 698/152/178 699/153/179
f  700/152/178 701/154/180 702/153/179
f  703/154/180 704/152/178 705/155/181
f  706/155/181 707/156/182 708/154/180
f  709/156/182 710/155/181 711/157/183
f  712/158/184 713/151/177 714/148/174
f  715/151/177 716/158/184 717/159/185
f  718/159/185 719/152/178 720/151/177
f  721/152/178 722/159/185 723/160/186
f  724/161/187 725/152/178 726/160/186
f  727/152/178 728/161/187 729/155/181
f  730/162/188 731/155/181 732/161/187
f  733/155/181 734/162/188 735/157/183
f  736/163/189 737/164/190 738/165/191
f  739/164/190 740/163/189 741/166/192
f  742/167/193 743/164/190 744/166/192
f  745/168/194 746/164/190 747/167/193
f  748/164/190 749/168/194 750/169/195
f  751/170/196 752/169/195 753/168/194
f  754/169/195 755/170/196 756/171/197
f  757/172/198 758/171/197 759/170/196
f  760/173/199 761/166/192 762/163/189
f  763/166/192 764/173/199 765/174/200
f  766/175/201 767/166/192 768/174/200
f  769/166/192 770/175/201 771/167/193
f  772/176/202 773/167/193 774/175/201
f  775/167/193 776/176/202 777/168/194
f  778/177/203 779/168/194 780/176/202
f  781/168/194 782/177/203 783/170/196
f  784/178/204 785/170/196 786/177/203
f  787/170/196 788/178/204 789/172/198
f  790/179/205 791/172/198 792/178/204
f  793/172/198 794/179/205 795/180/206
f  796/181/207 797/174/200 798/173/199
f  799/174/200 800/181/207 801/182/208
f  802/183/209 803/174/200 804/182/208
f  805/174/200 806/183/209 807/175/201
f  808/176/202 809/175/201 810/183/209
f  811/183/209 812/184/210 813/176/202
f  814/185/211 815/176/202 816/184/210
f  817/176/202 818/185/211 819/177/203
f  820/186/212 821/177/203 822/185/211
f  823/177/203 824/186/212 825/178/204
f  826/181/207 827/187/213 828/182/208
f  829/188/214 830/182/208 831/187/213
f  832/182/208 833/188/214 834/183/209
f  835/184/210 836/183/209 837/188/214
f  838/188/214 839/189/215 840/184/210
f  841/190/216 842/184/210 843/189/215
f  844/184/210 845/190/216 846/185/211
f  847/191/217 848/185/211 849/190/216
f  850/185/211 851/191/217 852/186/212
f  853/187/213 854/181/207 855/192/218
f  856/192/218 857/193/219 858/187/213
f  859/194/220 860/187/213 861/193/219
f  862/187/213 863/194/220 864/188/214
f  865/189/215 866/188/214 867/194/220
f  868/194/220 869/195/221 870/189/215
f  871/196/222 872/189/215 873/195/221
f  874/189/215 875/196/222 876/190/216
f  877/196/222 878/197/223 879/190/216
f  880/198/224 881/190/216 882/197/223
f  883/190/216 884/198/224 885/191/217
f  886/193/219 887/192/218 888/199/225
f  889/199/225 890/200/226 891/193/219
f  892/193/219 893/200/226 894/194/220
f  895/201/227 896/194/220 897/200/226
f  898/194/220 899/201/227 900/195/221
f  901/202/228 902/195/221 903/201/227
f  904/195/221 905/202/228 906/196/222
f  907/197/223 908/196/222 909/202/228
f  910/197/223 911/202/228 912/203/229
f  913/197/223 914/203/229 915/204/230
f  916/204/230 917/205/231 918/197/223
f  919/197/223 920/205/231 921/198/224
f  922/200/226 923/199/225 924/206/232
f  925/200/226 926/206/232 927/207/233
f  928/208/234 929/200/226 930/207/233
f  931/201/227 932/200/226 933/208/234
f  934/208/234 935/209/235 936/201/227
f  937/209/235 938/202/228 939/201/227
f  940/202/228 941/209/235 942/203/229
f  943/210/236 944/203/229 945/209/235
f  946/203/229 947/210/236 948/211/237
f  949/211/237 950/204/230 951/203/229
f  952/211/237 953/212/238 954/204/230
f  955/205/231 956/204/230 957/212/238
f  958/213/239 959/207/233 960/206/232
f  961/213/239 962/214/240 963/207/233
f  964/215/241 965/207/233 966/214/240
f  967/207/233 968/215/241 969/208/234
f  970/215/241 971/209/235 972/208/234
f  973/209/235 974/215/241 975/210/236
f  976/216/242 977/210/236 978/215/241
f  979/210/236 980/216/242 981/217/243
f  982/217/243 983/211/237 984/210/236
f  985/211/237 986/217/243 987/218/244
f  988/218/244 989/212/238 990/211/237
f  991/214/240 992/213/239 993/219/245
f  994/220/246 995/214/240 996/219/245
f  997/214/240 998/220/246 999/216/242
f  1000/216/242 1001/215/241 1002/214/240
f  1003/221/247 1004/216/242 1005/220/246
f  1006/216/242 1007/221/247 1008/222/248
f  1009/223/249 1010/216/242 1011/222/248
f  1012/217/243 1013/216/242 1014/223/249
f  1015/223/249 1016/218/244 1017/217/243
f  1018/218/244 1019/223/249 1020/224/250
f  1021/224/250 1022/225/251 1023/218/244
f  1024/212/238 1025/218/244 1026/225/251
f  1027/225/251 1028/226/252 1029/212/238
f  1030/212/238 1031/226/252 1032/205/231
f  1033/227/253 1034/222/248 1035/221/247
f  1036/222/248 1037/227/253 1038/228/254
f  1039/224/250 1040/222/248 1041/228/254
f  1042/222/248 1043/224/250 1044/223/249
f  1045/229/255 1046/228/254 1047/227/253
f  1048/228/254 1049/229/255 1050/230/256
f  1051/231/257 1052/228/254 1053/230/256
f  1054/228/254 1055/231/257 1056/224/250
f  1057/225/251 1058/224/250 1059/231/257
f  1060/225/251 1061/231/257 1062/232/258
f  1063/233/259 1064/225/251 1065/232/258
f  1066/225/251 1067/233/259 1068/234/260
f  1069/234/260 1070/226/252 1071/225/251
f  1072/235/261 1073/230/256 1074/229/255
f  1075/230/256 1076/235/261 1077/236/262
f  1078/232/258 1079/230/256 1080/236/262
f  1081/230/256 1082/232/258 1083/231/257
f  1084/235/261 1085/237/263 1086/236/262
f  1087/237/263 1088/232/258 1089/236/262
f  1090/232/258 1091/237/263 1092/233/259
f  1093/238/264 1094/233/259 1095/237/263
f  1096/233/259 1097/238/264 1098/239/265
f  1099/239/265 1100/234/260 1101/233/259
f  1102/234/260 1103/239/265 1104/240/266
f  1105/240/266 1106/226/252 1107/234/260
f  1108/237/263 1109/235/261 1110/241/267
f  1111/241/267 1112/238/264 1113/237/263
f  1114/238/264 1115/241/267 1116/242/268
f  1117/242/268 1118/243/269 1119/238/264
f  1120/243/269 1121/239/265 1122/238/264
f  1123/239/265 1124/243/269 1125/244/270
f  1126/244/270 1127/240/266 1128/239/265
f  1129/240/266 1130/244/270 1131/245/271
f  1132/246/272 1133/240/266 1134/245/271
f  1135/226/252 1136/240/266 1137/246/272
f  1138/247/273 1139/242/268 1140/241/267
f  1141/242/268 1142/247/273 1143/248/274
f  1144/248/274 1145/249/275 1146/242/268
f  1147/243/269 1148/242/268 1149/249/275
f  1150/250/276 1151/243/269 1152/249/275
f  1153/243/269 1154/250/276 1155/251/277
f  1156/251/277 1157/244/270 1158/243/269
f  1159/247/273 1160/241/267 1161/252/278
f  1162/253/279 1163/247/273 1164/252/278
f  1165/247/273 1166/253/279 1167/254/280
f  1168/254/280 1169/255/281 1170/247/273
f  1171/255/281 1172/248/274 1173/247/273
f  1174/248/274 1175/255/281 1176/256/282
f  1177/248/274 1178/256/282 1179/257/283
f  1180/249/275 1181/248/274 1182/257/283
f  1183/258/284 1184/249/275 1185/257/283
f  1186/249/275 1187/258/284 1188/250/276
f  1189/259/285 1190/254/280 1191/253/279
f  1192/254/280 1193/259/285 1194/260/286
f  1195/260/286 1196/261/287 1197/254/280
f  1198/255/281 1199/254/280 1200/261/287
f  1201/261/287 1202/262/288 1203/255/281
f  1204/263/289 1205/255/281 1206/262/288
f  1207/263/289 1208/256/282 1209/255/281
f  1210/263/289 1211/264/290 1212/256/282
f  1213/264/290 1214/257/283 1215/256/282
f  1216/257/283 1217/264/290 1218/258/284
f  1219/265/291 1220/260/286 1221/259/285
f  1222/266/292 1223/260/286 1224/265/291
f  1225/266/292 1226/267/293 1227/260/286
f  1228/261/287 1229/260/286 1230/267/293
f  1231/267/293 1232/262/288 1233/261/287
f  1234/267/293 1235/268/294 1236/262/288
f  1237/268/294 1238/269/295 1239/262/288
f  1240/263/289 1241/262/288 1242/269/295
f  1243/264/290 1244/263/289 1245/269/295
f  1246/269/295 1247/270/296 1248/264/290
f  1249/270/296 1250/258/284 1251/264/290
f  1252/258/284 1253/270/296 1254/271/297
f  1255/271/297 1256/250/276 1257/258/284
f  1258/267/293 1259/266/292 1260/272/298
f  1261/272/298 1262/273/299 1263/267/293
f  1264/268/294 1265/267/293 1266/273/299
f  1267/268/294 1268/273/299 1269/274/300
f  1270/274/300 1271/275/301 1272/268/294
f  1273/275/301 1274/269/295 1275/268/294
f  1276/270/296 1277/269/295 1278/275/301
f  1279/270/296 1280/275/301 1281/276/302
f  1282/276/302 1283/271/297 1284/270/296
f  1285/277/303 1286/272/298 1287/266/292
f  1288/272/298 1289/277/303 1290/278/304
f  1291/278/304 1292/279/305 1293/272/298
f  1294/273/299 1295/272/298 1296/279/305
f  1297/280/306 1298/273/299 1299/279/305
f  1300/273/299 1301/280/306 1302/281/307
f  1303/281/307 1304/274/300 1305/273/299
f  1306/282/308 1307/279/305 1308/278/304
f  1309/279/305 1310/282/308 1311/280/306
f  1312/283/309 1313/280/306 1314/282/308
f  1315/280/306 1316/283/309 1317/284/310
f  1318/284/310 1319/281/307 1320/280/306
f  1321/285/311 1322/281/307 1323/284/310
f  1324/281/307 1325/285/311 1326/286/312
f  1327/286/312 1328/274/300 1329/281/307
f  1330/287/313 1331/284/310 1332/283/309
f  1333/284/310 1334/287/313 1335/285/311
f  1336/288/314 1337/285/311 1338/287/313
f  1339/285/311 1340/288/314 1341/289/315
f  1342/289/315 1343/286/312 1344/285/311
f  1345/290/316 1346/286/312 1347/289/315
f  1348/286/312 1349/290/316 1350/291/317
f  1351/291/317 1352/292/318 1353/286/312
f  1354/274/300 1355/286/312 1356/292/318
f  1357/292/318 1358/293/319 1359/274/300
f  1360/293/319 1361/294/320 1362/274/300
f  1363/275/301 1364/274/300 1365/294/320
f  1366/295/321 1367/289/315 1368/288/314
f  1369/289/315 1370/295/321 1371/290/316
f  1372/296/322 1373/290/316 1374/295/321
f  1375/290/316 1376/296/322 1377/297/323
f  1378/297/323 1379/291/317 1380/290/316
f  1381/291/317 1382/297/323 1383/298/324
f  1384/298/324 1385/299/325 1386/291/317
f  1387/292/318 1388/291/317 1389/299/325
f  1390/300/326 1391/297/323 1392/296/322
f  1393/300/326 1394/298/324 1395/297/323
f  1396/298/324 1397/300/326 1398/301/327
f  1399/301/327 1400/302/328 1401/298/324
f  1402/303/329 1403/298/324 1404/302/328
f  1405/298/324 1406/303/329 1407/299/325
f  1408/292/318 1409/299/325 1410/303/329
f  1411/303/329 1412/304/330 1413/292/318
f  1414/305/331 1415/292/318 1416/304/330
f  1417/306/332 1418/292/318 1419/305/331
f  1420/292/318 1421/306/332 1422/293/319
f  1423/302/328 1424/301/327 1425/307/333
f  1426/302/328 1427/307/333 1428/308/334
f  1429/308/334 1430/309/335 1431/302/328
f  1432/304/330 1433/302/328 1434/309/335
f  1435/302/328 1436/304/330 1437/303/329
f  1438/309/335 1439/308/334 1440/310/336
f  1441/309/335 1442/310/336 1443/311/337
f  1444/311/337 1445/312/338 1446/309/335
f  1447/309/335 1448/312/338 1449/313/339
f  1450/309/335 1451/313/339 1452/304/330
f  1453/305/331 1454/304/330 1455/313/339
f  1456/313/339 1457/314/340 1458/305/331
f  1459/315/341 1460/305/331 1461/314/340
f  1462/305/331 1463/315/341 1464/306/332
f  1465/316/342 1466/306/332 1467/315/341
f  1468/306/332 1469/316/342 1470/317/343
f  1471/317/343 1472/293/319 1473/306/332
f  1474/312/338 1475/311/337 1476/318/344
f  1477/318/344 1478/319/345 1479/312/338
f  1480/320/346 1481/312/338 1482/319/345
f  1483/321/347 1484/312/338 1485/320/346
f  1486/312/338 1487/321/347 1488/322/348
f  1489/322/348 1490/313/339 1491/312/338
f  1492/314/340 1493/313/339 1494/322/348
f  1495/322/348 1496/323/349 1497/314/340
f  1498/324/350 1499/314/340 1500/323/349
f  1501/314/340 1502/324/350 1503/315/341
f  1504/319/345 1505/318/344 1506/325/351
f  1507/325/351 1508/326/352 1509/319/345
f  1510/327/353 1511/319/345 1512/326/352
f  1513/319/345 1514/327/353 1515/320/346
f  1516/328/354 1517/320/346 1518/327/353
f  1519/320/346 1520/328/354 1521/321/347
f  1522/329/355 1523/321/347 1524/328/354
f  1525/321/347 1526/329/355 1527/323/349
f  1528/323/349 1529/322/348 1530/321/347
f  1531/326/352 1532/325/351 1533/330/356
f  1534/330/356 1535/331/357 1536/326/352
f  1537/332/358 1538/326/352 1539/331/357
f  1540/326/352 1541/332/358 1542/327/353
f  1543/333/359 1544/327/353 1545/332/358
f  1546/327/353 1547/333/359 1548/328/354
f  1549/334/360 1550/328/354 1551/333/359
f  1552/328/354 1553/334/360 1554/329/355
f  1555/335/361 1556/329/355 1557/334/360
f  1558/329/355 1559/335/361 1560/336/362
f  1561/336/362 1562/323/349 1563/329/355
f  1564/331/357 1565/330/356 1566/337/363
f  1567/337/363 1568/338/364 1569/331/357
f  1570/339/365 1571/331/357 1572/338/364
f  1573/331/357 1574/339/365 1575/332/358
f  1576/340/366 1577/332/358 1578/339/365
f  1579/332/358 1580/340/366 1581/333/359
f  1582/341/367 1583/333/359 1584/340/366
f  1585/333/359 1586/341/367 1587/334/360
f  1588/341/367 1589/335/361 1590/334/360
f  1591/338/364 1592/337/363 1593/342/368
f  1594/338/364 1595/342/368 1596/343/369
f  1597/343/369 1598/339/365 1599/338/364
f  1600/339/365 1601/343/369 1602/344/370
f  1603/344/370 1604/340/366 1605/339/365
f  1606/340/366 1607/344/370 1608/345/371
f  1609/345/371 1610/341/367 1611/340/366
f  1612/341/367 1613/345/371 1614/346/372
f  1615/346/372 1616/347/373 1617/341/367
f  1618/335/361 1619/341/367 1620/347/373
f  1621/348/374 1622/343/369 1623/342/368
f  1624/343/369 1625/348/374 1626/349/375
f  1627/349/375 1628/344/370 1629/343/369
f  1630/344/370 1631/349/375 1632/350/376
f  1633/350/376 1634/345/371 1635/344/370
f  1636/345/371 1637/350/376 1638/351/377
f  1639/345/371 1640/351/377 1641/346/372
f  1642/346/372 1643/351/377 1644/352/378
f  1645/346/372 1646/352/378 1647/353/379
f  1648/347/373 1649/346/372 1650/353/379
f  1651/353/379 1652/354/380 1653/347/373
f  1654/354/380 1655/335/361 1656/347/373
f  1657/349/375 1658/348/374 1659/355/381
f  1660/355/381 1661/356/382 1662/349/375
f  1663/356/382 1664/350/376 1665/349/375
f  1666/350/376 1667/356/382 1668/351/377
f  1669/357/383 1670/351/377 1671/356/382
f  1672/351/377 1673/357/383 1674/358/384
f  1675/358/384 1676/352/378 1677/351/377
f  1678/179/205 1679/352/378 1680/358/384
f  1681/359/385 1682/352/378 1683/179/205
f  1684/359/385 1685/360/386 1686/352/378
f  1687/361/387 1688/352/378 1689/360/386
f  1690/353/379 1691/352/378 1692/361/387
f  1693/361/387 1694/362/388 1695/353/379
f  1696/354/380 1697/353/379 1698/362/388
f  1699/357/383 1700/179/205 1701/358/384
f  1702/179/205 1703/357/383 1704/180/206
f  1705/178/204 1706/359/385 1707/179/205
f  1708/359/385 1709/178/204 1710/363/389
f  1711/359/385 1712/363/389 1713/364/390
f  1714/364/390 1715/365/391 1716/359/385
f  1717/366/392 1718/359/385 1719/365/391
f  1720/359/385 1721/366/392 1722/360/386
f  1723/361/387 1724/360/386 1725/366/392
f  1726/366/392 1727/367/393 1728/361/387
f  1729/367/393 1730/362/388 1731/361/387
f  1732/363/389 1733/178/204 1734/186/212
f  1735/186/212 1736/364/390 1737/363/389
f  1738/191/217 1739/364/390 1740/186/212
f  1741/364/390 1742/191/217 1743/365/391
f  1744/198/224 1745/365/391 1746/191/217
f  1747/365/391 1748/198/224 1749/368/394
f  1750/369/395 1751/365/391 1752/368/394
f  1753/369/395 1754/370/396 1755/365/391
f  1756/365/391 1757/370/396 1758/371/397
f  1759/365/391 1760/371/397 1761/366/392
f  1762/372/398 1763/366/392 1764/371/397
f  1765/366/392 1766/372/398 1767/367/393
f  1768/198/224 1769/205/231 1770/368/394
f  1771/205/231 1772/226/252 1773/368/394
f  1774/368/394 1775/226/252 1776/373/399
f  1777/373/399 1778/369/395 1779/368/394
f  1780/373/399 1781/374/400 1782/369/395
f  1783/369/395 1784/374/400 1785/375/401
f  1786/375/401 1787/370/396 1788/369/395
f  1789/372/398 1790/370/396 1791/375/401
f  1792/370/396 1793/372/398 1794/371/397
f  1795/246/272 1796/373/399 1797/226/252
f  1798/373/399 1799/246/272 1800/376/402
f  1801/373/399 1802/376/402 1803/374/400
f  1804/245/271 1805/374/400 1806/376/402
f  1807/374/400 1808/245/271 1809/377/403
f  1810/378/404 1811/374/400 1812/377/403
f  1813/374/400 1814/378/404 1815/375/401
f  1816/375/401 1817/378/404 1818/379/405
f  1819/379/405 1820/372/398 1821/375/401
f  1822/372/398 1823/379/405 1824/380/406
f  1825/380/406 1826/367/393 1827/372/398
f  1828/245/271 1829/376/402 1830/246/272
f  1831/244/270 1832/377/403 1833/245/271
f  1834/377/403 1835/244/270 1836/381/407
f  1837/381/407 1838/378/404 1839/377/403
f  1840/382/408 1841/378/404 1842/381/407
f  1843/378/404 1844/382/408 1845/379/405
f  1846/382/408 1847/380/406 1848/379/405
f  1849/380/406 1850/382/408 1851/383/409
f  1852/383/409 1853/384/410 1854/380/406
f  1855/367/393 1856/380/406 1857/384/410
f  1858/362/388 1859/367/393 1860/384/410
f  1861/385/411 1862/362/388 1863/384/410
f  1864/362/388 1865/385/411 1866/354/380
f  1867/244/270 1868/251/277 1869/381/407
f  1870/381/407 1871/251/277 1872/386/412
f  1873/386/412 1874/382/408 1875/381/407
f  1876/387/413 1877/382/408 1878/386/412
f  1879/382/408 1880/387/413 1881/383/409
f  1882/388/414 1883/383/409 1884/387/413
f  1885/383/409 1886/388/414 1887/385/411
f  1888/384/410 1889/383/409 1890/385/411
f  1891/251/277 1892/250/276 1893/386/412
f  1894/387/413 1895/386/412 1896/250/276
f  1897/250/276 1898/271/297 1899/387/413
f  1900/387/413 1901/271/297 1902/389/415
f  1903/387/413 1904/389/415 1905/388/414
f  1906/390/416 1907/388/414 1908/389/415
f  1909/388/414 1910/390/416 1911/391/417
f  1912/385/411 1913/388/414 1914/391/417
f  1915/391/417 1916/354/380 1917/385/411
f  1918/335/361 1919/354/380 1920/391/417
f  1921/391/417 1922/336/362 1923/335/361
f  1924/392/418 1925/389/415 1926/271/297
f  1927/389/415 1928/392/418 1929/390/416
f  1930/324/350 1931/390/416 1932/392/418
f  1933/390/416 1934/324/350 1935/336/362
f  1936/336/362 1937/391/417 1938/390/416
f  1939/271/297 1940/316/342 1941/392/418
f  1942/315/341 1943/392/418 1944/316/342
f  1945/392/418 1946/315/341 1947/324/350
f  1948/316/342 1949/271/297 1950/276/302
f  1951/276/302 1952/317/343 1953/316/342
f  1954/317/343 1955/276/302 1956/275/301
f  1957/317/343 1958/275/301 1959/294/320
f  1960/294/320 1961/293/319 1962/317/343
f  1963/323/349 1964/336/362 1965/324/350
f  1966/393/419 1967/394/420 1968/395/421
f  1969/394/420 1970/393/419 1971/396/422
f  1972/396/422 1973/397/423 1974/394/420
f  1975/397/423 1976/396/422 1977/398/424
f  1978/398/424 1979/399/425 1980/397/423
f  1981/399/425 1982/398/424 1983/400/426
f  1984/400/426 1985/401/427 1986/399/425
f  1987/402/428 1988/396/422 1989/393/419
f  1990/396/422 1991/402/428 1992/403/429
f  1993/403/429 1994/398/424 1995/396/422
f  1996/398/424 1997/403/429 1998/404/430
f  1999/404/430 2000/400/426 2001/398/424
f  2002/400/426 2003/404/430 2004/405/431
f  2005/406/432 2006/400/426 2007/405/431
f  2008/400/426 2009/406/432 2010/407/433
f  2011/401/427 2012/400/426 2013/407/433
f  2014/407/433 2015/408/434 2016/401/427
f  2017/408/434 2018/407/433 2019/409/435
f  2020/407/433 2021/410/436 2022/409/435
f  2023/410/436 2024/407/433 2025/406/432
f  2026/411/437 2027/412/438 2028/413/439
f  2029/412/438 2030/411/437 2031/414/440
f  2032/414/440 2033/415/441 2034/412/438
f  2035/415/441 2036/414/440 2037/416/442
f  2038/416/442 2039/417/443 2040/415/441
f  2041/417/443 2042/416/442 2043/418/444
f  2044/418/444 2045/419/445 2046/417/443
f  2047/420/446 2048/414/440 2049/411/437
f  2050/414/440 2051/420/446 2052/421/447
f  2053/421/447 2054/416/442 2055/414/440
f  2056/416/442 2057/421/447 2058/422/448
f  2059/422/448 2060/418/444 2061/416/442
f  2062/418/444 2063/422/448 2064/423/449
f  2065/423/449 2066/424/450 2067/418/444
f  2068/419/445 2069/418/444 2070/424/450
f  2071/424/450 2072/425/451 2073/419/445
f  2074/425/451 2075/424/450 2076/426/452
f  2077/420/446 2078/427/453 2079/421/447
f  2080/427/453 2081/428/454 2082/421/447
f  2083/421/447 2084/428/454 2085/422/448
f  2086/428/454 2087/429/455 2088/422/448
f  2089/430/456 2090/422/448 2091/429/455
f  2092/422/448 2093/430/456 2094/423/449
f  2095/430/456 2096/431/457 2097/423/449
f  2098/424/450 2099/423/449 2100/431/457
f  2101/431/457 2102/426/452 2103/424/450
f  2104/426/452 2105/431/457 2106/432/458
f  2107/433/459 2108/432/458 2109/431/457
f  2110/432/458 2111/433/459 2112/434/460
f  2113/435/461 2114/428/454 2115/427/453
f  2116/435/461 2117/429/455 2118/428/454
f  2119/435/461 2120/436/462 2121/429/455
f  2122/437/463 2123/429/455 2124/436/462
f  2125/429/455 2126/437/463 2127/430/456
f  2128/437/463 2129/433/459 2130/430/456
f  2131/431/457 2132/430/456 2133/433/459
f  2134/435/461 2135/427/453 2136/438/464
f  2137/438/464 2138/439/465 2139/435/461
f  2140/436/462 2141/435/461 2142/439/465
f  2143/439/465 2144/438/464 2145/440/466
f  2146/433/459 2147/437/463 2148/441/467
f  2149/441/467 2150/434/460 2151/433/459
f  2152/434/460 2153/441/467 2154/442/468
f  2155/443/469 2156/444/470 2157/445/471
f  2158/444/470 2159/443/469 2160/446/472
f  2161/446/472 2162/443/469 2163/447/473
f  2164/448/474 2165/447/473 2166/443/469
f  2167/447/473 2168/448/474 2169/449/475
f  2170/448/474 2171/450/476 2172/449/475
f  2173/450/476 2174/448/474 2175/451/477
f  2176/451/477 2177/452/478 2178/450/476
f  2179/452/478 2180/451/477 2181/453/479
f  2182/453/479 2183/454/480 2184/452/478
f  2185/454/480 2186/453/479 2187/455/481
f  2188/454/480 2189/455/481 2190/456/482
f  2191/457/483 2192/456/482 2193/455/481
f  2194/456/482 2195/457/483 2196/458/484
f  2197/459/485 2198/458/484 2199/457/483
f  2200/458/484 2201/459/485 2202/460/486
f  2203/459/485 2204/457/483 2205/461/487
f  2206/462/488 2207/461/487 2208/457/483
f  2209/461/487 2210/462/488 2211/463/489
f  2212/462/488 2213/464/490 2214/463/489
f  2215/464/490 2216/462/488 2217/465/491
f  2218/465/491 2219/466/492 2220/464/490
f  2221/466/492 2222/465/491 2223/467/493
f  2224/467/493 2225/468/494 2226/466/492
f  2227/468/494 2228/467/493 2229/469/495
f  2230/468/494 2231/469/495 2232/470/496
f  2233/469/495 2234/471/497 2235/470/496
f  2236/469/495 2237/472/498 2238/471/497
f  2239/471/497 2240/472/498 2241/473/499
f  2242/474/500 2243/475/501 2244/476/502
f  2245/475/501 2246/474/500 2247/477/503
f  2248/477/503 2249/478/504 2250/475/501
f  2251/478/504 2252/477/503 2253/479/505
f  2254/479/505 2255/480/506 2256/478/504
f  2257/480/506 2258/481/507 2259/478/504
f  2260/482/508 2261/477/503 2262/474/500
f  2263/477/503 2264/482/508 2265/483/509
f  2266/483/509 2267/479/505 2268/477/503
f  2269/479/505 2270/483/509 2271/484/510
f  2272/485/511 2273/479/505 2274/484/510
f  2275/479/505 2276/485/511 2277/486/512
f  2278/480/506 2279/479/505 2280/486/512
f  2281/487/513 2282/480/506 2283/486/512
f  2284/480/506 2285/487/513 2286/488/514
f  2287/488/514 2288/489/515 2289/480/506
f  2290/481/507 2291/480/506 2292/489/515
f  2293/489/515 2294/490/516 2295/481/507
f  2296/491/517 2297/481/507 2298/490/516
f  2299/481/507 2300/491/517 2301/492/518
f  2302/493/519 2303/486/512 2304/485/511
f  2305/486/512 2306/493/519 2307/487/513
f  2308/491/517 2309/494/520 2310/492/518
f  2311/491/517 2312/495/521 2313/494/520
f  2314/495/521 2315/491/517 2316/496/522
f  2317/496/522 2318/497/523 2319/495/521
f  2320/497/523 2321/496/522 2322/498/524
f  2323/498/524 2324/499/525 2325/497/523
f  2326/499/525 2327/498/524 2328/500/526
f  2329/498/524 2330/501/527 2331/500/526
f  2332/490/516 2333/496/522 2334/491/517
f  2335/496/522 2336/490/516 2337/502/528
f  2338/502/528 2339/498/524 2340/496/522
f  2341/498/524 2342/502/528 2343/501/527
f  2344/502/528 2345/503/529 2346/501/527
f  2347/503/529 2348/502/528 2349/504/530
f  2350/504/530 2351/505/531 2352/503/529
f  2353/505/531 2354/504/530 2355/506/532
f  2356/507/533 2357/506/532 2358/504/530
f  2359/506/532 2360/507/533 2361/508/534
f  2362/507/533 2363/502/528 2364/490/516
f  2365/502/528 2366/507/533 2367/504/530
f  2368/490/516 2369/489/515 2370/507/533
f  2371/509/535 2372/507/533 2373/489/515
f  2374/507/533 2375/509/535 2376/508/534
f  2377/489/515 2378/488/514 2379/509/535
f  2380/510/536 2381/511/537 2382/512/538
f  2383/511/537 2384/510/536 2385/513/539
f  2386/514/540 2387/513/539 2388/510/536
f  2389/513/539 2390/514/540 2391/515/541
f  2392/516/542 2393/515/541 2394/514/540
f  2395/515/541 2396/516/542 2397/517/543
f  2398/518/544 2399/517/543 2400/516/542
f  2401/517/543 2402/518/544 2403/519/545
f  2404/519/545 2405/520/546 2406/517/543
f  2407/441/547 2408/434/548 2409/442/549
f  2410/434/548 2411/441/547 2412/433/550
f  2413/433/550 2414/432/551 2415/434/548
f  2416/432/551 2417/433/550 2418/431/552
f  2419/431/552 2420/426/553 2421/432/551
f  2422/426/553 2423/431/552 2424/424/554
f  2425/424/554 2426/425/555 2427/426/553
f  2428/425/555 2429/424/554 2430/419/556
f  2431/437/557 2432/433/550 2433/441/547
f  2434/433/550 2435/437/557 2436/430/558
f  2437/430/558 2438/431/552 2439/433/550
f  2440/431/552 2441/430/558 2442/423/559
f  2443/423/559 2444/424/554 2445/431/552
f  2446/424/554 2447/423/559 2448/418/560
f  2449/418/560 2450/419/556 2451/424/554
f  2452/419/556 2453/418/560 2454/417/561
f  2455/416/562 2456/417/561 2457/418/560
f  2458/417/561 2459/416/562 2460/415/563
f  2461/437/557 2462/429/564 2463/430/558
f  2464/422/565 2465/430/558 2466/429/564
f  2467/430/558 2468/422/565 2469/423/559
f  2470/422/565 2471/418/560 2472/423/559
f  2473/418/560 2474/422/565 2475/416/562
f  2476/421/566 2477/416/562 2478/422/565
f  2479/416/562 2480/421/566 2481/414/567
f  2482/414/567 2483/415/563 2484/416/562
f  2485/415/563 2486/414/567 2487/412/568
f  2488/411/569 2489/412/568 2490/414/567
f  2491/412/568 2492/411/569 2493/413/570
f  2494/429/564 2495/437/557 2496/436/571
f  2497/436/571 2498/435/572 2499/429/564
f  2500/429/564 2501/435/572 2502/428/573
f  2503/429/564 2504/428/573 2505/422/565
f  2506/428/573 2507/421/566 2508/422/565
f  2509/428/573 2510/427/574 2511/421/566
f  2512/427/574 2513/420/575 2514/421/566
f  2515/420/575 2516/414/567 2517/421/566
f  2518/414/567 2519/420/575 2520/411/569
f  2521/435/572 2522/436/571 2523/439/576
f  2524/439/576 2525/438/577 2526/435/572
f  2527/427/574 2528/435/572 2529/438/577
f  2530/428/573 2531/435/572 2532/427/574
f  2533/438/577 2534/439/576 2535/440/578
f  2536/521/579 2537/522/580 2538/523/581
f  2539/522/580 2540/521/579 2541/524/582
f  2542/524/582 2543/525/583 2544/522/580
f  2545/526/584 2546/525/583 2547/524/582
f  2548/525/583 2549/526/584 2550/527/585
f  2551/525/583 2552/527/585 2553/528/586
f  2554/529/587 2555/528/586 2556/527/585
f  2557/528/586 2558/529/587 2559/530/588
f  2560/531/589 2561/524/582 2562/521/579
f  2563/524/582 2564/531/589 2565/532/590
f  2566/526/584 2567/524/582 2568/532/590
f  2569/533/591 2570/526/584 2571/532/590
f  2572/533/591 2573/527/585 2574/526/584
f  2575/534/592 2576/527/585 2577/533/591
f  2578/527/585 2579/534/592 2580/529/587
f  2581/535/593 2582/529/587 2583/534/592
f  2584/529/587 2585/535/593 2586/536/594
f  2587/536/594 2588/530/588 2589/529/587
f  2590/530/588 2591/536/594 2592/537/595
f  2593/538/596 2594/532/590 2595/531/589
f  2596/532/590 2597/538/596 2598/539/597
f  2599/539/597 2600/533/591 2601/532/590
f  2602/533/591 2603/539/597 2604/540/598
f  2605/541/599 2606/533/591 2607/540/598
f  2608/533/591 2609/541/599 2610/534/592
f  2611/542/600 2612/534/592 2613/541/599
f  2614/534/592 2615/542/600 2616/535/593
f  2617/538/596 2618/543/601 2619/539/597
f  2620/544/602 2621/539/597 2622/543/601
f  2623/539/597 2624/544/602 2625/540/598
f  2626/545/603 2627/540/598 2628/544/602
f  2629/540/598 2630/545/603 2631/541/599
f  2632/546/604 2633/541/599 2634/545/603
f  2635/541/599 2636/546/604 2637/542/600
f  2638/543/601 2639/538/596 2640/547/605
f  2641/547/605 2642/548/606 2643/543/601
f  2644/548/606 2645/544/602 2646/543/601
f  2647/544/602 2648/548/606 2649/549/607
f  2650/550/608 2651/544/602 2652/549/607
f  2653/544/602 2654/550/608 2655/545/603
f  2656/551/609 2657/545/603 2658/550/608
f  2659/545/603 2660/551/609 2661/546/604
f  2662/548/606 2663/547/605 2664/552/610
f  2665/71/611 2666/72/612 2667/73/613
f  2668/72/612 2669/71/611 2670/65/614
f  2671/65/614 2672/71/611 2673/64/615
f  2674/59/616 2675/65/614 2676/64/615
f  2677/59/616 2678/66/617 2679/65/614
f  2680/553/618 2681/65/614 2682/66/617
f  2683/65/614 2684/553/618 2685/554/619
f  2686/554/619 2687/553/618 2688/555/620
f  2689/555/620 2690/553/618 2691/556/621
f  2692/59/616 2693/64/615 2694/58/622
f  2695/58/622 2696/51/623 2697/59/616
f  2698/60/624 2699/59/616 2700/51/623
f  2701/59/616 2702/60/624 2703/66/617
f  2704/60/624 2705/61/625 2706/66/617
f  2707/66/617 2708/61/625 2709/67/626
f  2710/67/626 2711/556/621 2712/66/617
f  2713/553/618 2714/66/617 2715/556/621
f  2716/58/622 2717/48/627 2718/51/623
f  2719/48/627 2720/49/628 2721/51/623
f  2722/49/628 2723/52/629 2724/51/623
f  2725/52/629 2726/53/630 2727/51/623
f  2728/53/630 2729/60/624 2730/51/623
f  2731/61/625 2732/60/624 2733/53/630
f  2734/62/631 2735/61/625 2736/53/630
f  2737/67/626 2738/61/625 2739/62/631
f  2740/67/626 2741/62/631 2742/68/632
f  2743/557/633 2744/67/626 2745/68/632
f  2746/557/633 2747/556/621 2748/67/626
f  2749/49/628 2750/48/627 2751/50/634
f  2752/558/635 2753/557/633 2754/68/632
f  2755/557/633 2756/558/635 2757/559/636
f  2758/557/633 2759/559/636 2760/556/621
f  2761/559/636 2762/560/637 2763/556/621
f  2764/559/636 2765/561/638 2766/560/637
f  2767/560/637 2768/561/638 2769/562/639
f  2770/560/637 2771/562/639 2772/563/640
f  2773/562/639 2774/564/641 2775/563/640
f  2776/558/635 2777/561/638 2778/559/636
f  2779/564/641 2780/562/639 2781/565/642
f  2782/565/642 2783/566/643 2784/564/641
f  2785/74/644 2786/57/645 2787/75/646
f  2788/57/645 2789/74/644 2790/56/647
f  2791/56/647 2792/55/648 2793/57/645
f  2794/55/648 2795/56/647 2796/54/649
f  2797/54/649 2798/52/629 2799/55/648
f  2800/52/629 2801/54/649 2802/53/630
f  2803/53/630 2804/54/649 2805/63/650
f  2806/53/630 2807/63/650 2808/62/631
f  2809/70/651 2810/56/647 2811/74/644
f  2812/63/650 2813/56/647 2814/70/651
f  2815/54/649 2816/56/647 2817/63/650
f  2818/70/651 2819/69/652 2820/63/650
f  2821/69/652 2822/62/631 2823/63/650
f  2824/62/631 2825/69/652 2826/68/632
f  2827/69/652 2828/567/653 2829/68/632
f  2830/68/632 2831/567/653 2832/568/654
f  2833/569/655 2834/568/654 2835/567/653
f  2836/570/656 2837/569/655 2838/567/653
f  2839/567/653 2840/571/657 2841/570/656
f  2842/69/652 2843/70/651 2844/572/658
f  2845/572/658 2846/567/653 2847/69/652
f  2848/571/657 2849/567/653 2850/572/658
f  2851/573/659 2852/571/657 2853/572/658
f  2854/574/660 2855/571/657 2856/573/659
f  2857/573/659 2858/575/661 2859/574/660
f  2860/576/662 2861/575/661 2862/573/659
f  2863/575/661 2864/576/662 2865/577/663
f  2866/578/664 2867/572/658 2868/70/651
f  2869/576/662 2870/572/658 2871/578/664
f  2872/573/659 2873/572/658 2874/576/662
f  2875/70/651 2876/579/665 2877/578/664
f  2878/580/666 2879/578/664 2880/579/665
f  2881/578/664 2882/580/666 2883/581/667
f  2884/581/667 2885/576/662 2886/578/664
f  2887/577/663 2888/576/662 2889/581/667
f  2890/577/663 2891/581/667 2892/582/668
f  2893/583/669 2894/584/670 2895/585/671
f  2896/584/670 2897/583/669 2898/586/672
f  2899/584/670 2900/586/672 2901/587/673
f  2902/584/670 2903/587/673 2904/588/674
f  2905/587/673 2906/589/675 2907/588/674
f  2908/589/675 2909/587/673 2910/590/676
f  2911/590/676 2912/591/677 2913/589/675
f  2914/591/677 2915/590/676 2916/592/678
f  2917/593/679 2918/586/672 2919/583/669
f  2920/594/680 2921/586/672 2922/593/679
f  2923/594/680 2924/595/681 2925/586/672
f  2926/595/681 2927/587/673 2928/586/672
f  2929/596/682 2930/587/673 2931/595/681
f  2932/596/682 2933/590/676 2934/587/673
f  2935/590/676 2936/596/682 2937/597/683
f  2938/598/684 2939/590/676 2940/597/683
f  2941/590/676 2942/598/684 2943/592/678
f  2944/593/679 2945/599/685 2946/594/680
f  2947/599/685 2948/600/686 2949/594/680
f  2950/594/680 2951/600/686 2952/601/687
f  2953/594/680 2954/601/687 2955/602/688
f  2956/603/689 2957/594/680 2958/602/688
f  2959/594/680 2960/603/689 2961/595/681
f  2962/599/685 2963/593/679 2964/604/690
f  2965/599/685 2966/604/690 2967/600/686
f  2968/604/690 2969/593/679 2970/605/691
f  2971/606/692 2972/603/689 2973/602/688
f  2974/603/689 2975/606/692 2976/607/693
f  2977/603/689 2978/607/693 2979/595/681
f  2980/607/693 2981/608/694 2982/595/681
f  2983/608/694 2984/596/682 2985/595/681
f  2986/609/695 2987/596/682 2988/608/694
f  2989/597/683 2990/596/682 2991/609/695
f  2992/597/683 2993/609/695 2994/610/696
f  2995/610/696 2996/598/684 2997/597/683
f  2998/598/684 2999/610/696 3000/611/697
f  3001/612/698 3002/613/699 3003/614/700
f  3004/613/699 3005/612/698 3006/615/701
f  3007/615/701 3008/616/702 3009/613/699
f  3010/616/702 3011/615/701 3012/617/703
f  3013/617/703 3014/618/704 3015/616/702
f  3016/618/704 3017/617/703 3018/619/705
f  3019/619/705 3020/620/706 3021/618/704
f  3022/621/707 3023/615/701 3024/612/698
f  3025/615/701 3026/621/707 3027/622/708
f  3028/622/708 3029/617/703 3030/615/701
f  3031/617/703 3032/622/708 3033/623/709
f  3034/623/709 3035/619/705 3036/617/703
f  3037/619/705 3038/623/709 3039/624/710
f  3040/624/710 3041/625/711 3042/619/705
f  3043/620/706 3044/619/705 3045/625/711
f  3046/626/712 3047/620/706 3048/625/711
f  3049/620/706 3050/626/712 3051/627/713
f  3052/628/714 3053/622/708 3054/621/707
f  3055/622/708 3056/628/714 3057/629/715
f  3058/629/715 3059/623/709 3060/622/708
f  3061/630/716 3062/623/709 3063/629/715
f  3064/631/717 3065/623/709 3066/630/716
f  3067/623/709 3068/631/717 3069/624/710
f  3070/631/717 3071/632/718 3072/624/710
f  3073/624/710 3074/632/718 3075/633/719
f  3076/625/711 3077/624/710 3078/633/719
f  3079/634/720 3080/625/711 3081/633/719
f  3082/625/711 3083/634/720 3084/626/712
f  3085/635/721 3086/629/715 3087/628/714
f  3088/629/715 3089/635/721 3090/636/722
f  3091/636/722 3092/630/716 3093/629/715
f  3094/637/723 3095/630/716 3096/636/722
f  3097/630/716 3098/637/723 3099/638/724
f  3100/638/724 3101/631/717 3102/630/716
f  3103/631/717 3104/638/724 3105/639/725
f  3106/639/725 3107/640/726 3108/631/717
f  3109/631/717 3110/640/726 3111/632/718
f  3112/641/727 3113/636/722 3114/635/721
f  3115/636/722 3116/641/727 3117/637/723
f  3118/642/728 3119/637/723 3120/641/727
f  3121/637/723 3122/642/728 3123/643/729
f  3124/643/729 3125/638/724 3126/637/723
f  3127/638/724 3128/643/729 3129/644/730
f  3130/644/730 3131/639/725 3132/638/724
f  3133/639/725 3134/644/730 3135/645/731
f  3136/645/731 3137/646/732 3138/639/725
f  3139/640/726 3140/639/725 3141/646/732
f  3142/646/732 3143/647/733 3144/640/726
f  3145/648/734 3146/640/726 3147/647/733
f  3148/640/726 3149/648/734 3150/632/718
f  3151/634/720 3152/632/718 3153/648/734
f  3154/632/718 3155/634/720 3156/633/719
f  3157/646/732 3158/645/731 3159/649/735
f  3160/649/735 3161/650/736 3162/646/732
f  3163/647/733 3164/646/732 3165/650/736
f  3166/650/736 3167/651/737 3168/647/733
f  3169/652/738 3170/647/733 3171/651/737
f  3172/647/733 3173/652/738 3174/648/734
f  3175/652/738 3176/634/720 3177/648/734
f  3178/634/720 3179/652/738 3180/653/739
f  3181/653/739 3182/626/712 3183/634/720
f  3184/626/712 3185/653/739 3186/654/740
f  3187/654/740 3188/627/713 3189/626/712
f  3190/650/736 3191/649/735 3192/655/741
f  3193/655/741 3194/656/742 3195/650/736
f  3196/651/737 3197/650/736 3198/656/742
f  3199/656/742 3200/655/741 3201/657/743
f  3202/627/713 3203/654/740 3204/658/744
f  3205/99/745 3206/98/746 3207/100/747
f  3208/98/746 3209/99/745 3210/101/748
f  3211/101/748 3212/108/749 3213/98/746
f  3214/108/749 3215/101/748 3216/109/750
f  3217/109/750 3218/116/751 3219/108/749
f  3220/116/751 3221/109/750 3222/117/752
f  3223/124/753 3224/116/751 3225/117/752
f  3226/116/751 3227/124/753 3228/130/754
f  3229/101/748 3230/99/745 3231/102/755
f  3232/102/755 3233/109/750 3234/101/748
f  3235/109/750 3236/102/755 3237/110/756
f  3238/110/756 3239/117/752 3240/109/750
f  3241/117/752 3242/110/756 3243/118/757
f  3244/118/757 3245/124/753 3246/117/752
f  3247/124/753 3248/118/757 3249/125/758
f  3250/126/759 3251/125/758 3252/118/757
f  3253/125/758 3254/126/759 3255/146/760
f  3256/99/745 3257/103/761 3258/102/755
f  3259/103/761 3260/112/762 3261/102/755
f  3262/112/762 3263/111/763 3264/102/755
f  3265/111/763 3266/110/756 3267/102/755
f  3268/110/756 3269/111/763 3270/119/764
f  3271/119/764 3272/118/757 3273/110/756
f  3274/118/757 3275/119/764 3276/126/759
f  3277/127/765 3278/126/759 3279/119/764
f  3280/126/759 3281/127/765 3282/143/766
f  3283/143/766 3284/146/760 3285/126/759
f  3286/146/760 3287/143/766 3288/147/767
f  3289/103/761 3290/99/745 3291/104/768
f  3292/113/769 3293/103/761 3294/104/768
f  3295/103/761 3296/113/769 3297/112/762
f  3298/113/769 3299/121/770 3300/112/762
f  3301/121/770 3302/111/763 3303/112/762
f  3304/111/763 3305/121/770 3306/120/771
f  3307/120/771 3308/119/764 3309/111/763
f  3310/119/764 3311/120/771 3312/127/765
f  3313/128/772 3314/127/765 3315/120/771
f  3316/127/765 3317/128/772 3318/136/773
f  3319/136/773 3320/143/766 3321/127/765
f  3322/99/745 3323/105/774 3324/104/768
f  3325/105/774 3326/106/775 3327/104/768
f  3328/106/775 3329/107/776 3330/104/768
f  3331/107/776 3332/113/769 3333/104/768
f  3334/113/769 3335/107/776 3336/114/777
f  3337/115/778 3338/113/769 3339/114/777
f  3340/113/769 3341/115/778 3342/122/779
f  3343/121/770 3344/113/769 3345/122/779
f  3346/122/779 3347/129/780 3348/121/770
f  3349/129/780 3350/120/771 3351/121/770
f  3352/120/771 3353/129/780 3354/128/772
f  3355/132/781 3356/128/772 3357/129/780
f  3358/128/772 3359/132/781 3360/133/782
f  3361/133/782 3362/136/773 3363/128/772
f  3364/136/773 3365/133/782 3366/137/783
f  3367/137/783 3368/144/784 3369/136/773
f  3370/143/766 3371/136/773 3372/144/784
f  3373/123/785 3374/122/779 3375/115/778
f  3376/122/779 3377/123/785 3378/131/786
f  3379/129/780 3380/122/779 3381/131/786
f  3382/144/784 3383/147/767 3384/143/766
f  3385/147/767 3386/144/784 3387/145/787
f  3388/140/788 3389/145/787 3390/144/784
f  3391/145/787 3392/140/788 3393/142/789
f  3394/140/788 3395/141/790 3396/142/789
f  3397/141/790 3398/140/788 3399/139/791
f  3400/137/783 3401/139/791 3402/140/788
f  3403/139/791 3404/137/783 3405/138/792
f  3406/133/782 3407/138/792 3408/137/783
f  3409/138/792 3410/133/782 3411/134/793
f  3412/144/784 3413/137/783 3414/140/788
f  3415/132/781 3416/134/793 3417/133/782
f  3418/134/793 3419/132/781 3420/135/794
f  3421/149/795 3422/148/796 3423/150/797
f  3424/148/796 3425/149/795 3426/151/798
f  3427/151/798 3428/158/799 3429/148/796
f  3430/158/799 3431/151/798 3432/159/800
f  3433/152/801 3434/159/800 3435/151/798
f  3436/159/800 3437/152/801 3438/160/802
f  3439/152/801 3440/161/803 3441/160/802
f  3442/149/795 3443/152/801 3444/151/798
f  3445/152/801 3446/149/795 3447/153/804
f  3448/154/805 3449/152/801 3450/153/804
f  3451/152/801 3452/154/805 3453/155/806
f  3454/161/803 3455/152/801 3456/155/806
f  3457/155/806 3458/162/807 3459/161/803
f  3460/162/807 3461/155/806 3462/157/808
f  3463/155/806 3464/156/809 3465/157/808
f  3466/156/809 3467/155/806 3468/154/805
f  3469/444/810 3470/443/811 3471/445/812
f  3472/443/811 3473/444/810 3474/446/813
f  3475/443/811 3476/446/813 3477/447/814
f  3478/447/814 3479/448/815 3480/443/811
f  3481/448/815 3482/447/814 3483/449/816
f  3484/450/817 3485/448/815 3486/449/816
f  3487/448/815 3488/450/817 3489/451/818
f  3490/452/819 3491/451/818 3492/450/817
f  3493/451/818 3494/452/819 3495/453/820
f  3496/452/819 3497/455/821 3498/453/820
f  3499/455/821 3500/452/819 3501/454/822
f  3502/455/821 3503/454/822 3504/456/823
f  3505/456/823 3506/457/824 3507/455/821
f  3508/457/824 3509/456/823 3510/458/825
f  3511/458/825 3512/459/826 3513/457/824
f  3514/457/824 3515/459/826 3516/461/827
f  3517/461/827 3518/462/828 3519/457/824
f  3520/462/828 3521/461/827 3522/463/829
f  3523/464/830 3524/462/828 3525/463/829
f  3526/462/828 3527/464/830 3528/465/831
f  3529/459/826 3530/458/825 3531/460/832
f  3532/466/833 3533/465/831 3534/464/830
f  3535/465/831 3536/466/833 3537/467/834
f  3538/468/835 3539/467/834 3540/466/833
f  3541/467/834 3542/468/835 3543/469/836
f  3544/469/836 3545/468/835 3546/470/837
f  3547/471/838 3548/469/836 3549/470/837
f  3550/472/839 3551/469/836 3552/471/838
f  3553/472/839 3554/471/838 3555/473/840
f  3556/475/841 3557/474/842 3558/476/843
f  3559/474/842 3560/475/841 3561/477/844
f  3562/477/844 3563/482/845 3564/474/842
f  3565/482/845 3566/477/844 3567/483/846
f  3568/479/847 3569/483/846 3570/477/844
f  3571/483/846 3572/479/847 3573/484/848
f  3574/479/847 3575/485/849 3576/484/848
f  3577/478/850 3578/477/844 3579/475/841
f  3580/477/844 3581/478/850 3582/479/847
f  3583/480/851 3584/479/847 3585/478/850
f  3586/479/847 3587/480/851 3588/486/852
f  3589/485/849 3590/479/847 3591/486/852
f  3592/486/852 3593/493/853 3594/485/849
f  3595/493/853 3596/486/852 3597/487/854
f  3598/480/851 3599/487/854 3600/486/852
f  3601/487/854 3602/480/851 3603/488/855
f  3604/489/856 3605/488/855 3606/480/851
f  3607/488/855 3608/489/856 3609/509/857
f  3610/481/858 3611/480/851 3612/478/850
f  3613/480/851 3614/481/858 3615/489/856
f  3616/490/859 3617/489/856 3618/481/858
f  3619/489/856 3620/490/859 3621/507/860
f  3622/507/860 3623/509/857 3624/489/856
f  3625/509/857 3626/507/860 3627/508/861
f  3628/507/860 3629/506/862 3630/508/861
f  3631/506/862 3632/507/860 3633/504/863
f  3634/504/863 3635/505/864 3636/506/862
f  3637/505/864 3638/504/863 3639/503/865
f  3640/481/858 3641/491/866 3642/490/859
f  3643/496/867 3644/490/859 3645/491/866
f  3646/490/859 3647/496/867 3648/502/868
f  3649/502/868 3650/507/860 3651/490/859
f  3652/507/860 3653/502/868 3654/504/863
f  3655/502/868 3656/503/865 3657/504/863
f  3658/503/865 3659/502/868 3660/501/869
f  3661/502/868 3662/498/870 3663/501/869
f  3664/501/869 3665/498/870 3666/500/871
f  3667/498/870 3668/499/872 3669/500/871
f  3670/491/866 3671/481/858 3672/492/873
f  3673/494/874 3674/491/866 3675/492/873
f  3676/495/875 3677/491/866 3678/494/874
f  3679/491/866 3680/495/875 3681/496/867
f  3682/497/876 3683/496/867 3684/495/875
f  3685/496/867 3686/497/876 3687/498/870
f  3688/498/870 3689/502/868 3690/496/867
f  3691/499/872 3692/498/870 3693/497/876
f  3694/511/877 3695/510/878 3696/512/879
f  3697/510/878 3698/511/877 3699/513/880
f  3700/513/880 3701/514/881 3702/510/878
f  3703/514/881 3704/513/880 3705/515/882
f  3706/515/882 3707/516/883 3708/514/881
f  3709/516/883 3710/515/882 3711/517/884
f  3712/517/884 3713/518/885 3714/516/883
f  3715/518/885 3716/517/884 3717/520/886
f  3718/520/886 3719/519/887 3720/518/885
f  3721/522/888 3722/521/889 3723/523/890
f  3724/521/889 3725/522/888 3726/524/891
f  3727/524/891 3728/531/892 3729/521/889
f  3730/531/892 3731/524/891 3732/532/893
f  3733/532/893 3734/538/894 3735/531/892
f  3736/538/894 3737/532/893 3738/539/895
f  3739/543/896 3740/538/894 3741/539/895
f  3742/538/894 3743/543/896 3744/547/897
f  3745/525/898 3746/524/891 3747/522/888
f  3748/525/898 3749/526/899 3750/524/891
f  3751/524/891 3752/526/899 3753/532/893
f  3754/526/899 3755/533/900 3756/532/893
f  3757/533/900 3758/539/895 3759/532/893
f  3760/539/895 3761/533/900 3762/540/901
f  3763/544/902 3764/539/895 3765/540/901
f  3766/539/895 3767/544/902 3768/543/896
f  3769/544/902 3770/548/903 3771/543/896
f  3772/548/903 3773/547/897 3774/543/896
f  3775/547/897 3776/548/903 3777/552/904
f  3778/526/899 3779/525/898 3780/527/905
f  3781/527/905 3782/533/900 3783/526/899
f  3784/527/905 3785/534/906 3786/533/900
f  3787/541/907 3788/533/900 3789/534/906
f  3790/533/900 3791/541/907 3792/540/901
f  3793/545/908 3794/540/901 3795/541/907
f  3796/540/901 3797/545/908 3798/544/902
f  3799/550/909 3800/544/902 3801/545/908
f  3802/544/902 3803/550/909 3804/549/910
f  3805/548/903 3806/544/902 3807/549/910
f  3808/527/905 3809/525/898 3810/528/911
f  3811/528/911 3812/529/912 3813/527/905
f  3814/534/906 3815/527/905 3816/529/912
f  3817/529/912 3818/535/913 3819/534/906
f  3820/542/914 3821/534/906 3822/535/913
f  3823/534/906 3824/542/914 3825/541/907
f  3826/546/915 3827/541/907 3828/542/914
f  3829/541/907 3830/546/915 3831/545/908
f  3832/551/916 3833/545/908 3834/546/915
f  3835/545/908 3836/551/916 3837/550/909
f  3838/529/912 3839/528/911 3840/530/917
f  3841/530/917 3842/536/918 3843/529/912
f  3844/535/913 3845/529/912 3846/536/918
f  3847/536/918 3848/530/917 3849/537/919
f  3850/394/920 3851/393/921 3852/395/922
f  3853/393/921 3854/394/920 3855/396/923
f  3856/396/923 3857/402/924 3858/393/921
f  3859/402/924 3860/396/923 3861/403/925
f  3862/398/926 3863/403/925 3864/396/923
f  3865/403/925 3866/398/926 3867/404/927
f  3868/400/928 3869/404/927 3870/398/926
f  3871/404/927 3872/400/928 3873/405/929
f  3874/397/930 3875/396/923 3876/394/920
f  3877/396/923 3878/397/930 3879/398/926
f  3880/399/931 3881/398/926 3882/397/930
f  3883/398/926 3884/399/931 3885/400/928
f  3886/401/932 3887/400/928 3888/399/931
f  3889/400/928 3890/401/932 3891/407/933
f  3892/406/934 3893/400/928 3894/407/933
f  3895/400/928 3896/406/934 3897/405/929
f  3898/408/935 3899/407/933 3900/401/932
f  3901/407/933 3902/408/935 3903/409/936
f  3904/410/937 3905/407/933 3906/409/936
f  3907/407/933 3908/410/937 3909/406/934
f  3910/610/938 3911/598/939 3912/611/940
f  3913/598/939 3914/610/938 3915/597/941
f  3916/590/942 3917/598/939 3918/597/941
f  3919/598/939 3920/590/942 3921/592/943
f  3922/590/942 3923/591/944 3924/592/943
f  3925/591/944 3926/590/942 3927/589/945
f  3928/587/946 3929/589/945 3930/590/942
f  3931/589/945 3932/587/946 3933/588/947
f  3934/609/948 3935/597/941 3936/610/938
f  3937/596/949 3938/597/941 3939/609/948
f  3940/596/949 3941/590/942 3942/597/941
f  3943/590/942 3944/596/949 3945/587/946
f  3946/587/946 3947/596/949 3948/595/950
f  3949/587/946 3950/595/950 3951/586/951
f  3952/586/951 3953/584/952 3954/587/946
f  3955/587/946 3956/584/952 3957/588/947
f  3958/596/949 3959/609/948 3960/608/953
f  3961/596/949 3962/608/953 3963/595/950
f  3964/608/953 3965/607/954 3966/595/950
f  3967/607/954 3968/603/955 3969/595/950
f  3970/603/955 3971/594/956 3972/595/950
f  3973/595/950 3974/594/956 3975/586/951
f  3976/586/951 3977/594/956 3978/593/957
f  3979/586/951 3980/593/957 3981/583/958
f  3982/583/958 3983/584/952 3984/586/951
f  3985/584/952 3986/583/958 3987/585/959
f  3988/606/960 3989/603/955 3990/607/954
f  3991/603/955 3992/606/960 3993/602/961
f  3994/594/956 3995/603/955 3996/602/961
f  3997/601/962 3998/594/956 3999/602/961
f  4000/600/963 4001/594/956 4002/601/962
f  4003/600/963 4004/599/964 4005/594/956
f  4006/599/964 4007/593/957 4008/594/956
f  4009/593/957 4010/599/964 4011/604/965
f  4012/593/957 4013/604/965 4014/605/966
f  4015/604/965 4016/599/964 4017/600/963
f  4018/613/967 4019/612/968 4020/614/969
f  4021/612/968 4022/613/967 4023/615/970
f  4024/615/970 4025/621/971 4026/612/968
f  4027/621/971 4028/615/970 4029/622/972
f  4030/622/972 4031/628/973 4032/621/971
f  4033/628/973 4034/622/972 4035/629/974
f  4036/629/974 4037/635/975 4038/628/973
f  4039/616/976 4040/615/970 4041/613/967
f  4042/615/970 4043/616/976 4044/617/977
f  4045/617/977 4046/622/972 4047/615/970
f  4048/622/972 4049/617/977 4050/623/978
f  4051/623/978 4052/629/974 4053/622/972
f  4054/623/978 4055/630/979 4056/629/974
f  4057/630/979 4058/636/980 4059/629/974
f  4060/635/975 4061/629/974 4062/636/980
f  4063/636/980 4064/641/981 4065/635/975
f  4066/641/981 4067/636/980 4068/637/982
f  4069/637/982 4070/642/983 4071/641/981
f  4072/618/984 4073/617/977 4074/616/976
f  4075/617/977 4076/618/984 4077/619/985
f  4078/619/985 4079/623/978 4080/617/977
f  4081/623/978 4082/619/985 4083/624/986
f  4084/631/987 4085/623/978 4086/624/986
f  4087/623/978 4088/631/987 4089/630/979
f  4090/631/987 4091/638/988 4092/630/979
f  4093/637/982 4094/630/979 4095/638/988
f  4096/630/979 4097/637/982 4098/636/980
f  4099/620/989 4100/619/985 4101/618/984
f  4102/619/985 4103/620/989 4104/625/990
f  4105/625/990 4106/624/986 4107/619/985
f  4108/624/986 4109/625/990 4110/633/991
f  4111/632/992 4112/624/986 4113/633/991
f  4114/632/992 4115/631/987 4116/624/986
f  4117/640/993 4118/631/987 4119/632/992
f  4120/640/993 4121/639/994 4122/631/987
f  4123/638/988 4124/631/987 4125/639/994
f  4126/620/989 4127/626/995 4128/625/990
f  4129/634/996 4130/625/990 4131/626/995
f  4132/625/990 4133/634/996 4134/633/991
f  4135/634/996 4136/632/992 4137/633/991
f  4138/632/992 4139/634/996 4140/648/997
f  4141/648/997 4142/640/993 4143/632/992
f  4144/640/993 4145/648/997 4146/647/998
f  4147/647/998 4148/646/999 4149/640/993
f  4150/639/994 4151/640/993 4152/646/999
f  4153/626/995 4154/620/989 4155/627/1000
f  4156/627/1000 4157/654/1001 4158/626/995
f  4159/653/1002 4160/626/995 4161/654/1001
f  4162/626/995 4163/653/1002 4164/634/996
f  4165/652/1003 4166/634/996 4167/653/1002
f  4168/634/996 4169/652/1003 4170/648/997
f  4171/652/1003 4172/647/998 4173/648/997
f  4174/647/998 4175/652/1003 4176/651/1004
f  4177/651/1004 4178/650/1005 4179/647/998
f  4180/646/999 4181/647/998 4182/650/1005
f  4183/654/1001 4184/627/1000 4185/658/1006
f  4186/650/1005 4187/651/1004 4188/656/1007
f  4189/656/1007 4190/655/1008 4191/650/1005
f  4192/655/1008 4193/646/999 4194/650/1005
f  4195/646/999 4196/655/1008 4197/649/1009
f  4198/649/1009 4199/639/994 4200/646/999
f  4201/639/994 4202/649/1009 4203/645/1010
f  4204/644/1011 4205/639/994 4206/645/1010
f  4207/639/994 4208/644/1011 4209/638/988
f  4210/655/1008 4211/656/1007 4212/657/1012
f  4213/643/1013 4214/638/988 4215/644/1011
f  4216/638/988 4217/643/1013 4218/637/982
f  4219/642/983 4220/637/982 4221/643/1013
f  4222/77/1014 4223/76/1015 4224/78/1016
f  4225/76/1015 4226/77/1014 4227/79/1017
f  4228/76/1015 4229/79/1017 4230/85/1018
f  4231/86/1019 4232/85/1018 4233/79/1017
f  4234/85/1018 4235/86/1019 4236/92/1020
f  4237/93/1021 4238/92/1020 4239/86/1019
f  4240/92/1020 4241/93/1021 4242/94/1022
f  4243/93/1021 4244/95/1023 4245/94/1022
f  4246/80/1024 4247/79/1017 4248/77/1014
f  4249/79/1017 4250/80/1024 4251/81/1025
f  4252/87/1026 4253/79/1017 4254/81/1025
f  4255/79/1017 4256/87/1026 4257/86/1019
f  4258/89/1027 4259/86/1019 4260/87/1026
f  4261/86/1019 4262/89/1027 4263/93/1021
f  4264/91/1028 4265/93/1021 4266/89/1027
f  4267/93/1021 4268/91/1028 4269/96/1029
f  4270/95/1023 4271/93/1021 4272/96/1029
f  4273/96/1029 4274/97/1030 4275/95/1023
f  4276/91/1028 4277/97/1030 4278/96/1029
f  4279/80/1024 4280/83/1031 4281/81/1025
f  4282/84/1032 4283/81/1025 4284/83/1031
f  4285/81/1025 4286/84/1032 4287/87/1026
f  4288/88/1033 4289/87/1026 4290/84/1032
f  4291/87/1026 4292/88/1033 4293/89/1027
f  4294/88/1033 4295/90/1034 4296/89/1027
f  4297/90/1034 4298/91/1028 4299/89/1027
f  4300/83/1031 4301/80/1024 4302/82/1035
f  4303/34/1036 4304/31/1037 4305/33/1038
f  4306/31/1037 4307/34/1036 4308/32/1039
f  4309/30/1040 4310/31/1037 4311/32/1039
f  4312/31/1037 4313/30/1040 4314/28/1041
f  4315/27/1042 4316/28/1041 4317/30/1040
f  4318/28/1041 4319/27/1042 4320/29/1043
f  4321/35/1044 4322/32/1039 4323/34/1036
f  4324/32/1039 4325/35/1044 4326/38/1045
f  4327/38/1045 4328/30/1040 4329/32/1039
f  4330/30/1040 4331/38/1045 4332/37/1046
f  4333/37/1046 4334/36/1047 4335/30/1040
f  4336/36/1047 4337/27/1042 4338/30/1040
f  4339/39/1048 4340/38/1045 4341/35/1044
f  4342/38/1045 4343/39/1048 4344/40/1049
f  4345/40/1049 4346/37/1046 4347/38/1045
f  4348/37/1046 4349/40/1049 4350/44/1050
f  4351/44/1050 4352/43/1051 4353/37/1046
f  4354/36/1047 4355/37/1046 4356/43/1051
f  4357/39/1048 4358/41/1052 4359/40/1049
f  4360/41/1052 4361/42/1053 4362/40/1049
f  4363/42/1053 4364/44/1050 4365/40/1049
f  4366/44/1050 4367/42/1053 4368/46/1054
f  4369/46/1054 4370/45/1055 4371/44/1050
f  4372/43/1051 4373/44/1050 4374/45/1055
f  4375/45/1055 4376/46/1054 4377/47/1056
f  4378/659/1057 4379/660/1058 4380/661/1059
f  4381/660/1058 4382/659/1057 4383/662/1060
f  4384/660/1058 4385/662/1060 4386/663/1061
f  4387/663/1061 4388/662/1060 4389/664/1062
f  4390/665/1063 4391/663/1061 4392/664/1062
f  4393/666/1064 4394/665/1063 4395/664/1062
f  4396/666/1064 4397/667/1065 4398/665/1063
f  4399/668/1066 4400/662/1060 4401/659/1057
f  4402/662/1060 4403/668/1066 4404/669/1067
f  4405/669/1067 4406/664/1062 4407/662/1060
f  4408/664/1062 4409/669/1067 4410/670/1068
f  4411/670/1068 4412/666/1064 4413/664/1062
f  4414/666/1064 4415/670/1068 4416/671/1069
f  4417/671/1069 4418/672/1070 4419/666/1064
f  4420/667/1065 4421/666/1064 4422/672/1070
f  4423/672/1070 4424/673/1071 4425/667/1065
f  4426/673/1071 4427/672/1070 4428/674/1072
f  4429/675/1073 4430/669/1067 4431/668/1066
f  4432/669/1067 4433/675/1073 4434/676/1074
f  4435/676/1074 4436/670/1068 4437/669/1067
f  4438/670/1068 4439/676/1074 4440/677/1075
f  4441/677/1075 4442/671/1069 4443/670/1068
f  4444/671/1069 4445/677/1075 4446/678/1076
f  4447/678/1076 4448/679/1077 4449/671/1069
f  4450/672/1070 4451/671/1069 4452/679/1077
f  4453/679/1077 4454/674/1072 4455/672/1070
f  4456/674/1072 4457/679/1077 4458/680/1078
f  4459/681/1079 4460/680/1078 4461/679/1077
f  4462/680/1078 4463/681/1079 4464/682/1080
f  4465/683/1081 4466/676/1074 4467/675/1073
f  4468/676/1074 4469/683/1081 4470/684/1082
f  4471/685/1083 4472/676/1074 4473/684/1082
f  4474/676/1074 4475/685/1083 4476/677/1075
f  4477/685/1083 4478/678/1076 4479/677/1075
f  4480/678/1076 4481/685/1083 4482/686/1084
f  4483/686/1084 4484/681/1079 4485/678/1076
f  4486/679/1077 4487/678/1076 4488/681/1079
f  4489/681/1079 4490/686/1084 4491/687/1085
f  4492/687/1085 4493/682/1080 4494/681/1079
f  4495/682/1080 4496/687/1085 4497/688/1086
f  4498/687/1087 4499/682/1088 4500/688/1089
f  4501/682/1088 4502/687/1087 4503/681/1090
f  4504/681/1090 4505/680/1091 4506/682/1088
f  4507/680/1091 4508/681/1090 4509/679/1092
f  4510/679/1092 4511/674/1093 4512/680/1091
f  4513/674/1093 4514/679/1092 4515/672/1094
f  4516/672/1094 4517/673/1095 4518/674/1093
f  4519/673/1095 4520/672/1094 4521/667/1096
f  4522/686/1097 4523/681/1090 4524/687/1087
f  4525/681/1090 4526/686/1097 4527/678/1098
f  4528/678/1098 4529/679/1092 4530/681/1090
f  4531/679/1092 4532/678/1098 4533/671/1099
f  4534/671/1099 4535/672/1094 4536/679/1092
f  4537/672/1094 4538/671/1099 4539/666/1100
f  4540/666/1100 4541/667/1096 4542/672/1094
f  4543/667/1096 4544/666/1100 4545/665/1101
f  4546/665/1101 4547/666/1100 4548/664/1102
f  4549/663/1103 4550/665/1101 4551/664/1102
f  4552/685/1104 4553/678/1098 4554/686/1097
f  4555/678/1098 4556/685/1104 4557/677/1105
f  4558/677/1105 4559/671/1099 4560/678/1098
f  4561/671/1099 4562/677/1105 4563/670/1106
f  4564/670/1106 4565/666/1100 4566/671/1099
f  4567/666/1100 4568/670/1106 4569/664/1102
f  4570/669/1107 4571/664/1102 4572/670/1106
f  4573/664/1102 4574/669/1107 4575/662/1108
f  4576/662/1108 4577/663/1103 4578/664/1102
f  4579/662/1108 4580/660/1109 4581/663/1103
f  4582/659/1110 4583/660/1109 4584/662/1108
f  4585/660/1109 4586/659/1110 4587/661/1111
f  4588/684/1112 4589/677/1105 4590/685/1104
f  4591/677/1105 4592/684/1112 4593/676/1113
f  4594/676/1113 4595/670/1106 4596/677/1105
f  4597/670/1106 4598/676/1113 4599/669/1107
f  4600/675/1114 4601/669/1107 4602/676/1113
f  4603/669/1107 4604/675/1114 4605/668/1115
f  4606/668/1115 4607/662/1108 4608/669/1107
f  4609/662/1108 4610/668/1115 4611/659/1110
f  4612/683/1116 4613/676/1113 4614/684/1112
f  4615/676/1113 4616/683/1116 4617/675/1114
f  4618/689/1117 4619/690/1118 4620/691/1119
f  4621/690/1118 4622/689/1117 4623/692/1120
f  4624/689/1117 4625/693/1121 4626/692/1120
f  4627/694/1122 4628/692/1120 4629/693/1121
f  4630/693/1121 4631/695/1123 4632/694/1122
f  4633/694/1122 4634/695/1123 4635/696/1124
f  4636/695/1123 4637/697/1125 4638/696/1124
f  4639/697/1125 4640/695/1123 4641/698/1126
f  4642/698/1126 4643/699/1127 4644/697/1125
f  4645/693/1121 4646/689/1117 4647/700/1128
f  4648/700/1128 4649/701/1129 4650/693/1121
f  4651/695/1123 4652/693/1121 4653/701/1129
f  4654/701/1129 4655/698/1126 4656/695/1123
f  4657/698/1126 4658/701/1129 4659/702/1130
f  4660/702/1130 4661/703/1131 4662/698/1126
f  4663/699/1127 4664/698/1126 4665/703/1131
f  4666/703/1131 4667/704/1132 4668/699/1127
f  4669/705/1133 4670/700/1128 4671/689/1117
f  4672/700/1128 4673/705/1133 4674/706/1134
f  4675/706/1134 4676/707/1135 4677/700/1128
f  4678/701/1129 4679/700/1128 4680/707/1135
f  4681/707/1135 4682/702/1130 4683/701/1129
f  4684/702/1130 4685/707/1135 4686/708/1136
f  4687/708/1136 4688/709/1137 4689/702/1130
f  4690/703/1131 4691/702/1130 4692/709/1137
f  4693/704/1132 4694/703/1131 4695/709/1137
f  4696/710/1138 4697/704/1132 4698/709/1137
f  4699/704/1132 4700/710/1138 4701/711/1139
f  4702/712/1140 4703/706/1134 4704/705/1133
f  4705/706/1134 4706/712/1140 4707/713/1141
f  4708/713/1141 4709/714/1142 4710/706/1134
f  4711/707/1135 4712/706/1134 4713/714/1142
f  4714/714/1142 4715/708/1136 4716/707/1135
f  4717/708/1136 4718/714/1142 4719/715/1143
f  4720/716/1144 4721/708/1136 4722/715/1143
f  4723/708/1136 4724/716/1144 4725/710/1138
f  4726/709/1137 4727/708/1136 4728/710/1138
f  4729/714/1142 4730/713/1141 4731/717/1145
f  4732/717/1145 4733/715/1143 4734/714/1142
f  4735/715/1143 4736/717/1145 4737/718/1146
f  4738/718/1146 4739/716/1144 4740/715/1143
f  4741/716/1144 4742/718/1146 4743/719/1147
f  4744/716/1144 4745/719/1147 4746/720/1148
f  4747/716/1144 4748/720/1148 4749/721/1149
f  4750/711/1139 4751/716/1144 4752/721/1149
f  4753/716/1144 4754/711/1139 4755/710/1138
f  4756/720/1148 4757/722/1150 4758/721/1149
f  4759/723/1151 4760/724/1152 4761/725/1153
f  4762/724/1152 4763/723/1151 4764/726/1154
f  4765/726/1154 4766/727/1155 4767/724/1152
f  4768/727/1155 4769/726/1154 4770/728/1156
f  4771/728/1156 4772/729/1157 4773/727/1155
f  4774/729/1157 4775/728/1156 4776/730/1158
f  4777/730/1158 4778/731/1159 4779/729/1157
f  4780/731/1159 4781/730/1158 4782/732/1160
f  4783/733/1161 4784/726/1154 4785/723/1151
f  4786/726/1154 4787/733/1161 4788/734/1162
f  4789/734/1162 4790/728/1156 4791/726/1154
f  4792/728/1156 4793/734/1162 4794/735/1163
f  4795/736/1164 4796/728/1156 4797/735/1163
f  4798/728/1156 4799/736/1164 4800/730/1158
f  4801/737/1165 4802/730/1158 4803/736/1164
f  4804/730/1158 4805/737/1165 4806/732/1160
f  4807/690/1166 4808/689/1167 4809/691/1168
f  4810/689/1167 4811/690/1166 4812/692/1169
f  4813/693/1170 4814/689/1167 4815/692/1169
f  4816/689/1167 4817/693/1170 4818/700/1171
f  4819/700/1171 4820/705/1172 4821/689/1167
f  4822/705/1172 4823/700/1171 4824/706/1173
f  4825/706/1173 4826/712/1174 4827/705/1172
f  4828/712/1174 4829/706/1173 4830/713/1175
f  4831/692/1169 4832/694/1176 4833/693/1170
f  4834/695/1177 4835/693/1170 4836/694/1176
f  4837/693/1170 4838/695/1177 4839/701/1178
f  4840/701/1178 4841/700/1171 4842/693/1170
f  4843/700/1171 4844/701/1178 4845/707/1179
f  4846/707/1179 4847/706/1173 4848/700/1171
f  4849/706/1173 4850/707/1179 4851/714/1180
f  4852/714/1180 4853/713/1175 4854/706/1173
f  4855/713/1175 4856/714/1180 4857/717/1181
f  4858/715/1182 4859/717/1181 4860/714/1180
f  4861/717/1181 4862/715/1182 4863/718/1183
f  4864/695/1177 4865/694/1176 4866/696/1184
f  4867/697/1185 4868/695/1177 4869/696/1184
f  4870/695/1177 4871/697/1185 4872/698/1186
f  4873/698/1186 4874/701/1178 4875/695/1177
f  4876/701/1178 4877/698/1186 4878/702/1187
f  4879/702/1187 4880/707/1179 4881/701/1178
f  4882/707/1179 4883/702/1187 4884/708/1188
f  4885/708/1188 4886/714/1180 4887/707/1179
f  4888/714/1180 4889/708/1188 4890/715/1182
f  4891/708/1188 4892/716/1189 4893/715/1182
f  4894/716/1189 4895/718/1183 4896/715/1182
f  4897/718/1183 4898/716/1189 4899/719/1190
f  4900/719/1190 4901/716/1189 4902/720/1191
f  4903/699/1192 4904/698/1186 4905/697/1185
f  4906/698/1186 4907/699/1192 4908/703/1193
f  4909/703/1193 4910/702/1187 4911/698/1186
f  4912/702/1187 4913/703/1193 4914/709/1194
f  4915/710/1195 4916/702/1187 4917/709/1194
f  4918/702/1187 4919/710/1195 4920/708/1188
f  4921/716/1189 4922/708/1188 4923/710/1195
f  4924/711/1196 4925/716/1189 4926/710/1195
f  4927/716/1189 4928/711/1196 4929/721/1197
f  4930/720/1191 4931/716/1189 4932/721/1197
f  4933/722/1198 4934/720/1191 4935/721/1197
f  4936/704/1199 4937/703/1193 4938/699/1192
f  4939/703/1193 4940/704/1199 4941/709/1194
f  4942/704/1199 4943/710/1195 4944/709/1194
f  4945/710/1195 4946/704/1199 4947/711/1196
f  4948/724/1200 4949/723/1201 4950/725/1202
f  4951/723/1201 4952/724/1200 4953/726/1203
f  4954/726/1203 4955/733/1204 4956/723/1201
f  4957/733/1204 4958/726/1203 4959/734/1205
f  4960/728/1206 4961/734/1205 4962/726/1203
f  4963/734/1205 4964/728/1206 4965/735/1207
f  4966/728/1206 4967/736/1208 4968/735/1207
f  4969/727/1209 4970/726/1203 4971/724/1200
f  4972/726/1203 4973/727/1209 4974/728/1206
f  4975/729/1210 4976/728/1206 4977/727/1209
f  4978/728/1206 4979/729/1210 4980/730/1211
f  4981/736/1208 4982/728/1206 4983/730/1211
f  4984/730/1211 4985/737/1212 4986/736/1208
f  4987/737/1212 4988/730/1211 4989/732/1213
f  4990/730/1211 4991/731/1214 4992/732/1213
f  4993/731/1214 4994/730/1211 4995/729/1210
f  4996/738/1215 4997/739/1216 4998/740/1217
f  4999/741/1218 5000/738/1215 5001/740/1217
f  5002/742/1219 5003/738/1215 5004/741/1218
f  5005/741/1218 5006/743/1220 5007/742/1219
f  5008/743/1220 5009/741/1218 5010/744/1221
f  5011/744/1221 5012/745/1222 5013/743/1220
f  5014/745/1222 5015/744/1221 5016/746/1223
f  5017/746/1223 5018/747/1224 5019/745/1222
f  5020/740/1217 5021/748/1225 5022/741/1218
f  5023/746/1223 5024/741/1218 5025/748/1225
f  5026/741/1218 5027/746/1223 5028/744/1221
f  5029/748/1225 5030/740/1217 5031/749/1226
f  5032/749/1226 5033/750/1227 5034/748/1225
f  5035/751/1228 5036/748/1225 5037/750/1227
f  5038/748/1225 5039/751/1228 5040/746/1223
f  5041/747/1224 5042/746/1223 5043/751/1228
f  5044/751/1228 5045/752/1229 5046/747/1224
f  5047/752/1229 5048/751/1228 5049/753/1230
f  5050/753/1230 5051/754/1231 5052/752/1229
f  5053/750/1227 5054/749/1226 5055/755/1232
f  5056/756/1233 5057/750/1227 5058/755/1232
f  5059/753/1230 5060/750/1227 5061/756/1233
f  5062/750/1227 5063/753/1230 5064/751/1228
f  5065/755/1232 5066/757/1234 5067/756/1233
f  5068/757/1234 5069/758/1235 5070/756/1233
f  5071/758/1235 5072/759/1236 5073/756/1233
f  5074/759/1236 5075/753/1230 5076/756/1233
f  5077/754/1231 5078/753/1230 5079/759/1236
f  5080/758/1235 5081/754/1231 5082/759/1236
f  5083/754/1231 5084/758/1235 5085/760/1237
f  5086/761/1238 5087/760/1237 5088/758/1235
f  5089/760/1237 5090/761/1238 5091/762/1239
f  5092/763/1240 5093/757/1234 5094/755/1232
f  5095/763/1240 5096/761/1238 5097/757/1234
f  5098/761/1238 5099/758/1235 5100/757/1234
f  5101/761/1238 5102/763/1240 5103/764/1241
f  5104/764/1241 5105/762/1239 5106/761/1238
f  5107/762/1239 5108/764/1241 5109/765/1242
f  5110/764/1241 5111/766/1243 5112/765/1242
f  5113/766/1243 5114/767/1244 5115/765/1242
f  5116/766/1243 5117/764/1241 5118/763/1240
f  5119/768/1245 5120/769/1246 5121/770/1247
f  5122/771/1248 5123/770/1247 5124/769/1246
f  5125/770/1247 5126/771/1248 5127/772/1249
f  5128/771/1248 5129/773/1250 5130/772/1249
f  5131/773/1250 5132/771/1248 5133/774/1251
f  5134/774/1251 5135/775/1252 5136/773/1250
f  5137/776/1253 5138/775/1252 5139/774/1251
f  5140/776/1253 5141/777/1254 5142/775/1252
f  5143/777/1254 5144/776/1253 5145/778/1255
f  5146/777/1254 5147/778/1255 5148/779/1256
f  5149/739/1257 5150/738/1258 5151/740/1259
f  5152/738/1258 5153/741/1260 5154/740/1259
f  5155/748/1261 5156/740/1259 5157/741/1260
f  5158/740/1259 5159/748/1261 5160/749/1262
f  5161/750/1263 5162/749/1262 5163/748/1261
f  5164/749/1262 5165/750/1263 5166/755/1264
f  5167/738/1258 5168/742/1265 5169/741/1260
f  5170/743/1266 5171/741/1260 5172/742/1265
f  5173/741/1260 5174/743/1266 5175/744/1267
f  5176/746/1268 5177/741/1260 5178/744/1267
f  5179/741/1260 5180/746/1268 5181/748/1261
f  5182/751/1269 5183/748/1261 5184/746/1268
f  5185/748/1261 5186/751/1269 5187/750/1263
f  5188/753/1270 5189/750/1263 5190/751/1269
f  5191/750/1263 5192/753/1270 5193/756/1271
f  5194/750/1263 5195/756/1271 5196/755/1264
f  5197/757/1272 5198/755/1264 5199/756/1271
f  5200/757/1272 5201/763/1273 5202/755/1264
f  5203/745/1274 5204/744/1267 5205/743/1266
f  5206/744/1267 5207/745/1274 5208/746/1268
f  5209/747/1275 5210/746/1268 5211/745/1274
f  5212/746/1268 5213/747/1275 5214/751/1269
f  5215/752/1276 5216/751/1269 5217/747/1275
f  5218/751/1269 5219/752/1276 5220/753/1270
f  5221/754/1277 5222/753/1270 5223/752/1276
f  5224/753/1270 5225/754/1277 5226/759/1278
f  5227/753/1270 5228/759/1278 5229/756/1271
f  5230/759/1278 5231/758/1279 5232/756/1271
f  5233/758/1279 5234/757/1272 5235/756/1271
f  5236/758/1279 5237/761/1280 5238/757/1272
f  5239/761/1280 5240/763/1273 5241/757/1272
f  5242/763/1273 5243/761/1280 5244/764/1281
f  5245/764/1281 5246/766/1282 5247/763/1273
f  5248/766/1282 5249/764/1281 5250/765/1283
f  5251/767/1284 5252/766/1282 5253/765/1283
f  5254/754/1277 5255/758/1279 5256/759/1278
f  5257/758/1279 5258/754/1277 5259/760/1285
f  5260/760/1285 5261/761/1280 5262/758/1279
f  5263/761/1280 5264/760/1285 5265/762/1286
f  5266/762/1286 5267/764/1281 5268/761/1280
f  5269/764/1281 5270/762/1286 5271/765/1283
f  5272/769/1287 5273/768/1288 5274/770/1289
f  5275/770/1289 5276/771/1290 5277/769/1287
f  5278/771/1290 5279/770/1289 5280/772/1291
f  5281/773/1292 5282/771/1290 5283/772/1291
f  5284/771/1290 5285/773/1292 5286/774/1293
f  5287/775/1294 5288/774/1293 5289/773/1292
f  5290/775/1294 5291/776/1295 5292/774/1293
f  5293/777/1296 5294/776/1295 5295/775/1294
f  5296/776/1295 5297/777/1296 5298/778/1297
f  5299/778/1297 5300/777/1296 5301/779/1298
f  5302/566/1299 5303/565/1300 5304/564/1301
f  5305/562/1302 5306/564/1301 5307/565/1300
f  5308/564/1301 5309/562/1302 5310/563/1303
f  5311/562/1302 5312/560/1304 5313/563/1303
f  5314/561/1305 5315/560/1304 5316/562/1302
f  5317/561/1305 5318/559/1306 5319/560/1304
f  5320/560/1304 5321/559/1306 5322/556/1307
f  5323/559/1306 5324/557/1308 5325/556/1307
f  5326/556/1307 5327/557/1308 5328/67/93
f  5329/556/1307 5330/67/93 5331/66/92
f  5332/66/92 5333/553/1309 5334/556/1307
f  5335/553/1309 5336/555/1310 5337/556/1307
f  5338/561/1305 5339/558/1311 5340/559/1306
f  5341/558/1311 5342/557/1308 5343/559/1306
f  5344/557/1308 5345/558/1311 5346/68/94
f  5347/67/93 5348/557/1308 5349/68/94
f  5350/553/1309 5351/554/1312 5352/555/1310
f  5353/553/1309 5354/65/91 5355/554/1312
f  5356/65/91 5357/553/1309 5358/66/92
f  5359/581/1313 5360/577/1314 5361/582/1315
f  5362/576/1316 5363/577/1314 5364/581/1313
f  5365/576/1316 5366/575/1317 5367/577/1314
f  5368/575/1317 5369/576/1316 5370/573/1318
f  5371/575/1317 5372/573/1318 5373/574/1319
f  5374/571/1320 5375/574/1319 5376/573/1318
f  5377/576/1316 5378/581/1313 5379/578/1321
f  5380/572/1322 5381/576/1316 5382/578/1321
f  5383/572/1322 5384/573/1318 5385/576/1316
f  5386/571/1320 5387/573/1318 5388/572/1322
f  5389/567/1323 5390/571/1320 5391/572/1322
f  5392/571/1320 5393/567/1323 5394/570/1324
f  5395/569/1325 5396/570/1324 5397/567/1323
f  5398/568/1326 5399/569/1325 5400/567/1323
f  5401/567/1323 5402/68/94 5403/568/1326
f  5404/580/1327 5405/578/1321 5406/581/1313
f  5407/578/1321 5408/580/1327 5409/579/1328
f  5410/579/1328 5411/70/96 5412/578/1321
f  5413/572/1322 5414/578/1321 5415/70/96
f  5416/70/96 5417/69/95 5418/572/1322
f  5419/567/1323 5420/572/1322 5421/69/95
f  5422/567/1323 5423/69/95 5424/68/94
f  5425/739/1329 5426/738/1330 5427/740/1331
f  5428/738/1330 5429/741/1332 5430/740/1331
f  5431/748/1333 5432/740/1331 5433/741/1332
f  5434/740/1331 5435/748/1333 5436/749/1334
f  5437/750/1335 5438/749/1334 5439/748/1333
f  5440/749/1334 5441/750/1335 5442/755/1336
f  5443/738/1330 5444/742/1337 5445/741/1332
f  5446/743/1338 5447/741/1332 5448/742/1337
f  5449/741/1332 5450/743/1338 5451/744/1339
f  5452/746/1340 5453/741/1332 5454/744/1339
f  5455/741/1332 5456/746/1340 5457/748/1333
f  5458/751/1341 5459/748/1333 5460/746/1340
f  5461/748/1333 5462/751/1341 5463/750/1335
f  5464/753/1342 5465/750/1335 5466/751/1341
f  5467/750/1335 5468/753/1342 5469/756/1343
f  5470/750/1335 5471/756/1343 5472/755/1336
f  5473/757/1344 5474/755/1336 5475/756/1343
f  5476/757/1344 5477/763/1345 5478/755/1336
f  5479/745/1346 5480/744/1339 5481/743/1338
f  5482/744/1339 5483/745/1346 5484/746/1340
f  5485/747/1347 5486/746/1340 5487/745/1346
f  5488/746/1340 5489/747/1347 5490/751/1341
f  5491/752/1348 5492/751/1341 5493/747/1347
f  5494/751/1341 5495/752/1348 5496/753/1342
f  5497/754/1349 5498/753/1342 5499/752/1348
f  5500/753/1342 5501/754/1349 5502/759/1350
f  5503/753/1342 5504/759/1350 5505/756/1343
f  5506/759/1350 5507/758/1351 5508/756/1343
f  5509/758/1351 5510/757/1344 5511/756/1343
f  5512/758/1351 5513/761/1352 5514/757/1344
f  5515/761/1352 5516/763/1345 5517/757/1344
f  5518/763/1345 5519/761/1352 5520/764/1353
f  5521/764/1353 5522/766/1354 5523/763/1345
f  5524/766/1354 5525/764/1353 5526/765/1355
f  5527/767/1356 5528/766/1354 5529/765/1355
f  5530/754/1349 5531/758/1351 5532/759/1350
f  5533/758/1351 5534/754/1349 5535/760/1357
f  5536/760/1357 5537/761/1352 5538/758/1351
f  5539/761/1352 5540/760/1357 5541/762/1358
f  5542/762/1358 5543/764/1353 5544/761/1352
f  5545/764/1353 5546/762/1358 5547/765/1355
f  5548/780/1359 5549/781/1360 5550/782/1361
f  5551/780/1359 5552/783/1362 5553/781/1360
f  5554/781/1360 5555/783/1362 5556/784/1363
f  5557/784/1363 5558/785/1364 5559/781/1360
f  5560/784/1363 5561/786/1365 5562/785/1364
f  5563/786/1365 5564/784/1363 5565/787/1366
f  5566/788/1367 5567/786/1365 5568/787/1366
f  5569/786/1365 5570/788/1367 5571/26/1368
f  5572/789/1369 5573/783/1362 5574/780/1359
f  5575/790/1370 5576/783/1362 5577/789/1369
f  5578/783/1362 5579/790/1370 5580/784/1363
f  5581/788/1367 5582/784/1363 5583/790/1370
f  5584/784/1363 5585/788/1367 5586/787/1366
f  5587/780/1359 5588/3/1371 5589/789/1369
f  5590/3/1371 5591/4/1372 5592/789/1369
f  5593/11/1373 5594/789/1369 5595/4/1372
f  5596/789/1369 5597/11/1373 5598/790/1370
f  5599/17/1374 5600/790/1370 5601/11/1373
f  5602/790/1370 5603/17/1374 5604/788/1367
f  5605/22/1375 5606/788/1367 5607/17/1374
f  5608/788/1367 5609/22/1375 5610/26/1368
f  5611/4/1372 5612/3/1371 5613/2/1376
f  5614/4/1372 5615/2/1376 5616/5/1377
f  5617/13/1378 5618/4/1372 5619/5/1377
f  5620/12/1379 5621/4/1372 5622/13/1378
f  5623/4/1372 5624/12/1379 5625/11/1373
f  5626/18/1380 5627/11/1373 5628/12/1379
f  5629/11/1373 5630/18/1380 5631/17/1374
f  5632/23/1381 5633/17/1374 5634/18/1380
f  5635/17/1374 5636/23/1381 5637/22/1375
f  5638/2/1376 5639/6/1382 5640/5/1377
f  5641/6/1382 5642/7/1383 5643/5/1377
f  5644/14/1384 5645/5/1377 5646/7/1383
f  5647/5/1377 5648/14/1384 5649/13/1378
f  5650/13/1378 5651/14/1384 5652/12/1379
f  5653/14/1384 5654/20/1385 5655/12/1379
f  5656/20/1385 5657/19/1386 5658/12/1379
f  5659/19/1386 5660/18/1380 5661/12/1379
f  5662/24/1387 5663/18/1380 5664/19/1386
f  5665/18/1380 5666/24/1387 5667/23/1381
f  5668/6/1382 5669/8/1388 5670/7/1383
f  5671/7/1383 5672/8/1388 5673/9/1389
f  5674/15/1390 5675/7/1383 5676/9/1389
f  5677/7/1383 5678/15/1390 5679/14/1384
f  5680/25/1391 5681/14/1384 5682/15/1390
f  5683/14/1384 5684/25/1391 5685/20/1385
f  5686/24/1387 5687/20/1385 5688/25/1391
f  5689/20/1385 5690/24/1387 5691/19/1386
f  5692/8/1388 5693/10/1392 5694/9/1389
f  5695/769/1393 5696/768/1394 5697/770/1395
f  5698/770/1395 5699/771/1396 5700/769/1393
f  5701/771/1396 5702/770/1395 5703/772/1397
f  5704/773/1398 5705/771/1396 5706/772/1397
f  5707/771/1396 5708/773/1398 5709/774/1399
f  5710/775/1400 5711/774/1399 5712/773/1398
f  5713/775/1400 5714/776/1401 5715/774/1399
f  5716/777/1402 5717/776/1401 5718/775/1400
f  5719/776/1401 5720/777/1402 5721/778/1403
f  5722/778/1403 5723/777/1402 5724/779/1404
f  5725/738/1405 5726/739/1406 5727/740/1407
f  5728/741/1408 5729/738/1405 5730/740/1407
f  5731/742/1409 5732/738/1405 5733/741/1408
f  5734/741/1408 5735/743/1410 5736/742/1409
f  5737/743/1410 5738/741/1408 5739/744/1411
f  5740/744/1411 5741/745/1412 5742/743/1410
f  5743/745/1412 5744/744/1411 5745/746/1413
f  5746/746/1413 5747/747/1414 5748/745/1412
f  5749/740/1407 5750/748/1415 5751/741/1408
f  5752/746/1413 5753/741/1408 5754/748/1415
f  5755/741/1408 5756/746/1413 5757/744/1411
f  5758/748/1415 5759/740/1407 5760/749/1416
f  5761/749/1416 5762/750/1417 5763/748/1415
f  5764/751/1418 5765/748/1415 5766/750/1417
f  5767/748/1415 5768/751/1418 5769/746/1413
f  5770/747/1414 5771/746/1413 5772/751/1418
f  5773/751/1418 5774/752/1419 5775/747/1414
f  5776/752/1419 5777/751/1418 5778/753/1420
f  5779/753/1420 5780/754/1421 5781/752/1419
f  5782/750/1417 5783/749/1416 5784/755/1422
f  5785/756/1423 5786/750/1417 5787/755/1422
f  5788/753/1420 5789/750/1417 5790/756/1423
f  5791/750/1417 5792/753/1420 5793/751/1418
f  5794/755/1422 5795/757/1424 5796/756/1423
f  5797/757/1424 5798/758/1425 5799/756/1423
f  5800/758/1425 5801/759/1426 5802/756/1423
f  5803/759/1426 5804/753/1420 5805/756/1423
f  5806/754/1421 5807/753/1420 5808/759/1426
f  5809/758/1425 5810/754/1421 5811/759/1426
f  5812/754/1421 5813/758/1425 5814/760/1427
f  5815/761/1428 5816/760/1427 5817/758/1425
f  5818/760/1427 5819/761/1428 5820/762/1429
f  5821/763/1430 5822/757/1424 5823/755/1422
f  5824/763/1430 5825/761/1428 5826/757/1424
f  5827/761/1428 5828/758/1425 5829/757/1424
f  5830/761/1428 5831/763/1430 5832/764/1431
f  5833/764/1431 5834/762/1429 5835/761/1428
f  5836/762/1429 5837/764/1431 5838/765/1432
f  5839/764/1431 5840/766/1433 5841/765/1432
f  5842/766/1433 5843/767/1434 5844/765/1432
f  5845/766/1433 5846/764/1431 5847/763/1430
f  5848/781/1435 5849/780/1436 5850/782/1437
f  5851/783/1438 5852/780/1436 5853/781/1435
f  5854/783/1438 5855/789/1439 5856/780/1436
f  5857/3/1440 5858/780/1436 5859/789/1439
f  5860/4/1441 5861/3/1440 5862/789/1439
f  5863/3/1440 5864/4/1441 5865/2/1442
f  5866/2/1442 5867/4/1441 5868/5/1443
f  5869/6/1444 5870/2/1442 5871/5/1443
f  5872/783/1438 5873/781/1435 5874/784/1445
f  5875/790/1446 5876/783/1438 5877/784/1445
f  5878/783/1438 5879/790/1446 5880/789/1439
f  5881/11/1447 5882/789/1439 5883/790/1446
f  5884/789/1439 5885/11/1447 5886/4/1441
f  5887/12/1448 5888/4/1441 5889/11/1447
f  5890/4/1441 5891/12/1448 5892/13/1449
f  5893/4/1441 5894/13/1449 5895/5/1443
f  5896/785/1450 5897/784/1445 5898/781/1435
f  5899/786/1451 5900/784/1445 5901/785/1450
f  5902/784/1445 5903/786/1451 5904/787/1452
f  5905/788/1453 5906/784/1445 5907/787/1452
f  5908/784/1445 5909/788/1453 5910/790/1446
f  5911/17/1454 5912/790/1446 5913/788/1453
f  5914/790/1446 5915/17/1454 5916/11/1447
f  5917/18/1455 5918/11/1447 5919/17/1454
f  5920/11/1447 5921/18/1455 5922/12/1448
f  5923/786/1451 5924/788/1453 5925/787/1452
f  5926/788/1453 5927/786/1451 5928/26/1456
f  5929/22/1457 5930/788/1453 5931/26/1456
f  5932/788/1453 5933/22/1457 5934/17/1454
f  5935/23/1458 5936/17/1454 5937/22/1457
f  5938/17/1454 5939/23/1458 5940/18/1455
f  5941/24/1459 5942/18/1455 5943/23/1458
f  5944/18/1455 5945/24/1459 5946/19/1460
f  5947/18/1455 5948/19/1460 5949/12/1448
f  5950/19/1460 5951/20/1461 5952/12/1448
f  5953/20/1461 5954/14/1462 5955/12/1448
f  5956/14/1462 5957/13/1449 5958/12/1448
f  5959/14/1462 5960/5/1443 5961/13/1449
f  5962/24/1459 5963/20/1461 5964/19/1460
f  5965/20/1461 5966/24/1459 5967/25/1463
f  5968/25/1463 5969/14/1462 5970/20/1461
f  5971/14/1462 5972/25/1463 5973/15/1464
f  5974/15/1464 5975/7/1465 5976/14/1462
f  5977/5/1443 5978/14/1462 5979/7/1465
f  5980/7/1465 5981/6/1444 5982/5/1443
f  5983/8/1466 5984/6/1444 5985/7/1465
f  5986/8/1466 5987/7/1465 5988/9/1467
f  5989/10/1468 5990/8/1466 5991/9/1467
f  5992/7/1465 5993/15/1464 5994/9/1467
f  5995/768/1469 5996/769/1470 5997/770/1471
f  5998/771/1472 5999/770/1471 6000/769/1470
f  6001/770/1471 6002/771/1472 6003/772/1473
f  6004/771/1472 6005/773/1474 6006/772/1473
f  6007/773/1474 6008/771/1472 6009/774/1475
f  6010/774/1475 6011/775/1476 6012/773/1474
f  6013/776/1477 6014/775/1476 6015/774/1475
f  6016/776/1477 6017/777/1478 6018/775/1476
f  6019/777/1478 6020/776/1477 6021/778/1479
f  6022/777/1478 6023/778/1479 6024/779/1480
f  6025/791/1481 6026/792/1482 6027/793/1483
f  6028/792/1482 6029/794/1484 6030/793/1483
f  6031/794/1484 6032/795/1485 6033/793/1483
f  6034/794/1484 6035/796/1486 6036/795/1485
f  6037/796/1486 6038/794/1484 6039/797/1487
f  6040/798/1488 6041/796/1486 6042/797/1487
f  6043/796/1486 6044/798/1488 6045/799/1489
f  6046/800/1490 6047/799/1489 6048/798/1488
f  6049/792/1482 6050/801/1491 6051/794/1484
f  6052/801/1491 6053/797/1487 6054/794/1484
f  6055/797/1487 6056/801/1491 6057/802/1492
f  6058/803/1493 6059/797/1487 6060/802/1492
f  6061/797/1487 6062/803/1493 6063/798/1488
f  6064/803/1493 6065/804/1494 6066/798/1488
f  6067/804/1494 6068/800/1490 6069/798/1488
f  6070/805/1495 6071/800/1490 6072/804/1494
f  6073/806/1496 6074/807/1497 6075/808/1498
f  6076/808/1498 6077/807/1497 6078/809/1499
f  6079/810/1500 6080/808/1498 6081/809/1499
f  6082/811/1501 6083/810/1500 6084/809/1499
f  6085/810/1500 6086/811/1501 6087/812/1502
f  6088/813/1503 6089/812/1502 6090/811/1501
f  6091/812/1502 6092/813/1503 6093/814/1504
f  6094/815/1505 6095/814/1504 6096/813/1503
f  6097/807/1497 6098/816/1506 6099/809/1499
f  6100/817/1507 6101/809/1499 6102/816/1506
f  6103/809/1499 6104/817/1507 6105/811/1501
f  6106/818/1508 6107/811/1501 6108/817/1507
f  6109/811/1501 6110/818/1508 6111/813/1503
f  6112/818/1508 6113/819/1509 6114/813/1503
f  6115/819/1509 6116/815/1505 6117/813/1503
f  6118/820/1510 6119/815/1505 6120/819/1509
f  6121/821/1511 6122/822/1512 6123/823/1513
f  6124/822/1512 6125/824/1514 6126/823/1513
f  6127/824/1514 6128/825/1515 6129/823/1513
f  6130/824/1514 6131/826/1516 6132/825/1515
f  6133/827/1517 6134/825/1515 6135/826/1516
f  6136/825/1515 6137/827/1517 6138/828/1518
f  6139/828/1518 6140/829/1519 6141/825/1515
f  6142/829/1519 6143/828/1518 6144/830/1520
f  6145/824/1514 6146/822/1512 6147/831/1521
f  6148/831/1521 6149/832/1522 6150/824/1514
f  6151/826/1516 6152/824/1514 6153/832/1522
f  6154/832/1522 6155/833/1523 6156/826/1516
f  6157/834/1524 6158/826/1516 6159/833/1523
f  6160/826/1516 6161/834/1524 6162/827/1517
f  6163/835/1525 6164/827/1517 6165/834/1524
f  6166/827/1517 6167/835/1525 6168/836/1526
f  6169/836/1526 6170/828/1518 6171/827/1517
f  6172/828/1518 6173/836/1526 6174/837/1527
f  6175/837/1527 6176/830/1520 6177/828/1518
f  6178/830/1520 6179/837/1527 6180/838/1528
f  6181/832/1522 6182/831/1521 6183/839/1529
f  6184/839/1529 6185/840/1530 6186/832/1522
f  6187/833/1523 6188/832/1522 6189/840/1530
f  6190/840/1530 6191/841/1531 6192/833/1523
f  6193/842/1532 6194/833/1523 6195/841/1531
f  6196/833/1523 6197/842/1532 6198/834/1524
f  6199/843/1533 6200/834/1524 6201/842/1532
f  6202/834/1524 6203/843/1533 6204/835/1525
f  6205/844/1534 6206/835/1525 6207/843/1533
f  6208/835/1525 6209/844/1534 6210/845/1535
f  6211/845/1535 6212/836/1526 6213/835/1525
f  6214/840/1530 6215/839/1529 6216/846/1536
f  6217/846/1536 6218/847/1537 6219/840/1530
f  6220/841/1531 6221/840/1530 6222/847/1537
f  6223/847/1537 6224/848/1538 6225/841/1531
f  6226/849/1539 6227/841/1531 6228/848/1538
f  6229/841/1531 6230/849/1539 6231/842/1532
f  6232/850/1540 6233/842/1532 6234/849/1539
f  6235/842/1532 6236/850/1540 6237/843/1533
f  6238/851/1541 6239/843/1533 6240/850/1540
f  6241/843/1533 6242/851/1541 6243/844/1534
f  6244/847/1537 6245/846/1536 6246/852/1542
f  6247/852/1542 6248/853/1543 6249/847/1537
f  6250/848/1538 6251/847/1537 6252/853/1543
f  6253/854/1544 6254/848/1538 6255/853/1543
f  6256/848/1538 6257/854/1544 6258/855/1545
f  6259/855/1545 6260/849/1539 6261/848/1538
f  6262/849/1539 6263/855/1545 6264/856/1546
f  6265/856/1546 6266/850/1540 6267/849/1539
f  6268/850/1540 6269/856/1546 6270/851/1541
f  6271/853/1543 6272/852/1542 6273/857/1547
f  6274/857/1547 6275/858/1548 6276/853/1543
f  6277/853/1543 6278/858/1548 6279/854/1544
f  6280/858/1548 6281/859/1549 6282/854/1544
f  6283/836/1526 6284/845/1535 6285/860/1550
f  6286/860/1550 6287/837/1527 6288/836/1526
f  6289/837/1527 6290/860/1550 6291/838/1528
f  6292/861/1551 6293/862/1552 6294/863/1553
f  6295/862/1552 6296/864/1554 6297/863/1553
f  6298/864/1554 6299/862/1552 6300/865/1555
f  6301/866/1556 6302/864/1554 6303/865/1555
f  6304/864/1554 6305/866/1556 6306/867/1557
f  6307/868/1558 6308/867/1557 6309/866/1556
f  6310/822/1559 6311/821/1560 6312/823/1561
f  6313/824/1562 6314/822/1559 6315/823/1561
f  6316/822/1559 6317/824/1562 6318/831/1563
f  6319/832/1564 6320/831/1563 6321/824/1562
f  6322/831/1563 6323/832/1564 6324/839/1565
f  6325/840/1566 6326/839/1565 6327/832/1564
f  6328/839/1565 6329/840/1566 6330/846/1567
f  6331/825/1568 6332/824/1562 6333/823/1561
f  6334/826/1569 6335/824/1562 6336/825/1568
f  6337/824/1562 6338/826/1569 6339/832/1564
f  6340/833/1570 6341/832/1564 6342/826/1569
f  6343/832/1564 6344/833/1570 6345/840/1566
f  6346/841/1571 6347/840/1566 6348/833/1570
f  6349/840/1566 6350/841/1571 6351/847/1572
f  6352/847/1572 6353/846/1567 6354/840/1566
f  6355/846/1567 6356/847/1572 6357/852/1573
f  6358/853/1574 6359/852/1573 6360/847/1572
f  6361/852/1573 6362/853/1574 6363/857/1575
f  6364/825/1568 6365/827/1576 6366/826/1569
f  6367/834/1577 6368/826/1569 6369/827/1576
f  6370/826/1569 6371/834/1577 6372/833/1570
f  6373/842/1578 6374/833/1570 6375/834/1577
f  6376/833/1570 6377/842/1578 6378/841/1571
f  6379/849/1579 6380/841/1571 6381/842/1578
f  6382/841/1571 6383/849/1579 6384/848/1580
f  6385/848/1580 6386/847/1572 6387/841/1571
f  6388/847/1572 6389/848/1580 6390/853/1574
f  6391/827/1576 6392/825/1568 6393/828/1581
f  6394/828/1581 6395/836/1582 6396/827/1576
f  6397/835/1583 6398/827/1576 6399/836/1582
f  6400/827/1576 6401/835/1583 6402/834/1577
f  6403/843/1584 6404/834/1577 6405/835/1583
f  6406/834/1577 6407/843/1584 6408/842/1578
f  6409/850/1585 6410/842/1578 6411/843/1584
f  6412/842/1578 6413/850/1585 6414/849/1579
f  6415/829/1586 6416/828/1581 6417/825/1568
f  6418/828/1581 6419/829/1586 6420/830/1587
f  6421/830/1587 6422/837/1588 6423/828/1581
f  6424/836/1582 6425/828/1581 6426/837/1588
f  6427/837/1588 6428/860/1589 6429/836/1582
f  6430/845/1590 6431/836/1582 6432/860/1589
f  6433/836/1582 6434/845/1590 6435/835/1583
f  6436/844/1591 6437/835/1583 6438/845/1590
f  6439/835/1583 6440/844/1591 6441/843/1584
f  6442/851/1592 6443/843/1584 6444/844/1591
f  6445/843/1584 6446/851/1592 6447/850/1585
f  6448/856/1593 6449/850/1585 6450/851/1592
f  6451/850/1585 6452/856/1593 6453/849/1579
f  6454/837/1588 6455/830/1587 6456/838/1594
f  6457/860/1589 6458/837/1588 6459/838/1594
f  6460/855/1595 6461/849/1579 6462/856/1593
f  6463/849/1579 6464/855/1595 6465/848/1580
f  6466/855/1595 6467/853/1574 6468/848/1580
f  6469/853/1574 6470/855/1595 6471/854/1596
f  6472/858/1597 6473/853/1574 6474/854/1596
f  6475/858/1597 6476/857/1575 6477/853/1574
f  6478/859/1598 6479/858/1597 6480/854/1596
f  6481/862/1599 6482/861/1600 6483/863/1601
f  6484/864/1602 6485/862/1599 6486/863/1601
f  6487/862/1599 6488/864/1602 6489/865/1603
f  6490/864/1602 6491/866/1604 6492/865/1603
f  6493/866/1604 6494/864/1602 6495/867/1605
f  6496/867/1605 6497/868/1606 6498/866/1604
f  6499/792/1607 6500/791/1608 6501/793/1609
f  6502/794/1610 6503/792/1607 6504/793/1609
f  6505/801/1611 6506/792/1607 6507/794/1610
f  6508/797/1612 6509/801/1611 6510/794/1610
f  6511/801/1611 6512/797/1612 6513/802/1613
f  6514/797/1612 6515/803/1614 6516/802/1613
f  6517/803/1614 6518/797/1612 6519/798/1615
f  6520/804/1616 6521/803/1614 6522/798/1615
f  6523/795/1617 6524/794/1610 6525/793/1609
f  6526/796/1618 6527/794/1610 6528/795/1617
f  6529/794/1610 6530/796/1618 6531/797/1612
f  6532/796/1618 6533/798/1615 6534/797/1612
f  6535/798/1615 6536/796/1618 6537/799/1619
f  6538/799/1619 6539/800/1620 6540/798/1615
f  6541/800/1620 6542/804/1616 6543/798/1615
f  6544/800/1620 6545/805/1621 6546/804/1616
f  6547/807/1622 6548/806/1623 6549/808/1624
f  6550/807/1622 6551/808/1624 6552/809/1625
f  6553/816/1626 6554/807/1622 6555/809/1625
f  6556/809/1625 6557/817/1627 6558/816/1626
f  6559/817/1627 6560/809/1625 6561/811/1628
f  6562/811/1628 6563/818/1629 6564/817/1627
f  6565/818/1629 6566/811/1628 6567/813/1630
f  6568/819/1631 6569/818/1629 6570/813/1630
f  6571/808/1624 6572/810/1632 6573/809/1625
f  6574/810/1632 6575/811/1628 6576/809/1625
f  6577/811/1628 6578/810/1632 6579/812/1633
f  6580/812/1633 6581/813/1630 6582/811/1628
f  6583/813/1630 6584/812/1633 6585/814/1634
f  6586/814/1634 6587/815/1635 6588/813/1630
f  6589/815/1635 6590/819/1631 6591/813/1630
f  6592/815/1635 6593/820/1636 6594/819/1631
f  6595/869/1637 6596/870/1638 6597/871/1639
f  6598/870/1638 6599/869/1637 6600/872/1640
f  6601/873/1641 6602/870/1638 6603/872/1640
f  6604/870/1638 6605/873/1641 6606/874/1642
f  6607/875/1643 6608/870/1638 6609/874/1642
f  6610/870/1638 6611/875/1643 6612/876/1644
f  6613/877/1645 6614/870/1638 6615/876/1644
f  6616/870/1638 6617/877/1645 6618/871/1639
f  6619/878/1646 6620/872/1640 6621/869/1637
f  6622/872/1640 6623/878/1646 6624/879/1647
f  6625/880/1648 6626/872/1640 6627/879/1647
f  6628/872/1640 6629/880/1648 6630/873/1641
f  6631/881/1649 6632/879/1647 6633/878/1646
f  6634/880/1648 6635/879/1647 6636/881/1649
f  6637/876/1644 6638/882/1650 6639/877/1645
f  6640/882/1650 6641/876/1644 6642/883/1651
f  6643/883/1651 6644/884/1652 6645/882/1650
f  6646/884/1652 6647/883/1651 6648/885/1653
f  6649/885/1653 6650/886/1654 6651/884/1652
f  6652/886/1654 6653/885/1653 6654/887/1655
f  6655/885/1653 6656/888/1656 6657/887/1655
f  6658/888/1656 6659/885/1653 6660/889/1657
f  6661/876/1644 6662/890/1658 6663/883/1651
f  6664/889/1657 6665/883/1651 6666/890/1658
f  6667/883/1651 6668/889/1657 6669/885/1653
f  6670/890/1658 6671/876/1644 6672/875/1643
f  6673/891/1659 6674/892/1660 6675/893/1661
f  6676/892/1660 6677/891/1659 6678/894/1662
f  6679/895/1663 6680/892/1660 6681/894/1662
f  6682/896/1664 6683/895/1663 6684/894/1662
f  6685/896/1664 6686/897/1665 6687/895/1663
f  6688/898/1666 6689/897/1665 6690/896/1664
f  6691/897/1665 6692/898/1666 6693/899/1667
f  6694/893/1661 6695/900/1668 6696/891/1659
f  6697/901/1669 6698/891/1659 6699/900/1668
f  6700/891/1659 6701/901/1669 6702/902/1670
f  6703/902/1670 6704/894/1662 6705/891/1659
f  6706/894/1662 6707/902/1670 6708/903/1671
f  6709/903/1671 6710/896/1664 6711/894/1662
f  6712/896/1664 6713/903/1671 6714/904/1672
f  6715/896/1664 6716/904/1672 6717/898/1666
f  6718/900/1668 6719/893/1661 6720/905/1673
f  6721/900/1668 6722/905/1673 6723/906/1674
f  6724/901/1669 6725/900/1668 6726/906/1674
f  6727/907/1675 6728/901/1669 6729/906/1674
f  6730/901/1669 6731/907/1675 6732/908/1676
f  6733/909/1677 6734/901/1669 6735/908/1676
f  6736/901/1669 6737/909/1677 6738/902/1670
f  6739/909/1677 6740/903/1671 6741/902/1670
f  6742/903/1671 6743/909/1677 6744/910/1678
f  6745/910/1678 6746/904/1672 6747/903/1671
f  6748/905/1673 6749/911/1679 6750/906/1674
f  6751/911/1679 6752/912/1680 6753/906/1674
f  6754/912/1680 6755/907/1675 6756/906/1674
f  6757/907/1675 6758/912/1680 6759/913/1681
f  6760/914/1682 6761/907/1675 6762/913/1681
f  6763/907/1675 6764/914/1682 6765/908/1676
f  6766/914/1682 6767/915/1683 6768/908/1676
f  6769/915/1683 6770/916/1684 6771/908/1676
f  6772/916/1684 6773/909/1677 6774/908/1676
f  6775/909/1677 6776/916/1684 6777/917/1685
f  6778/918/1686 6779/909/1677 6780/917/1685
f  6781/909/1677 6782/918/1686 6783/910/1678
f  6784/904/1672 6785/910/1678 6786/918/1686
f  6787/912/1680 6788/919/1687 6789/913/1681
f  6790/919/1687 6791/920/1688 6792/913/1681
f  6793/920/1688 6794/915/1683 6795/913/1681
f  6796/915/1683 6797/914/1682 6798/913/1681
f  6799/915/1683 6800/920/1688 6801/921/1689
f  6802/916/1684 6803/915/1683 6804/921/1689
f  6805/922/1690 6806/916/1684 6807/921/1689
f  6808/923/1691 6809/916/1684 6810/922/1690
f  6811/916/1684 6812/923/1691 6813/917/1685
f  6814/924/1692 6815/917/1685 6816/923/1691
f  6817/917/1685 6818/924/1692 6819/918/1686
f  6820/925/1693 6821/918/1686 6822/924/1692
f  6823/918/1686 6824/925/1693 6825/904/1672
f  6826/904/1672 6827/925/1693 6828/898/1666
f  6829/920/1688 6830/926/1694 6831/921/1689
f  6832/926/1694 6833/927/1695 6834/921/1689
f  6835/927/1695 6836/922/1690 6837/921/1689
f  6838/928/1696 6839/922/1690 6840/927/1695
f  6841/922/1690 6842/928/1696 6843/923/1691
f  6844/929/1697 6845/923/1691 6846/928/1696
f  6847/923/1691 6848/929/1697 6849/924/1692
f  6850/924/1692 6851/929/1697 6852/930/1698
f  6853/930/1698 6854/925/1693 6855/924/1692
f  6856/930/1698 6857/931/1699 6858/925/1693
f  6859/931/1699 6860/898/1666 6861/925/1693
f  6862/898/1666 6863/931/1699 6864/899/1667
f  6865/932/1700 6866/933/1701 6867/934/1702
f  6868/933/1701 6869/932/1700 6870/935/1703
f  6871/936/1704 6872/933/1701 6873/935/1703
f  6874/933/1701 6875/936/1704 6876/937/1705
f  6877/937/1705 6878/938/1706 6879/933/1701
f  6880/934/1702 6881/933/1701 6882/938/1706
f  6883/939/1707 6884/934/1702 6885/938/1706
f  6886/940/1708 6887/939/1707 6888/938/1706
f  6889/941/1709 6890/935/1703 6891/932/1700
f  6892/935/1703 6893/941/1709 6894/942/1710
f  6895/942/1710 6896/936/1704 6897/935/1703
f  6898/936/1704 6899/942/1710 6900/943/1711
f  6901/943/1711 6902/944/1712 6903/936/1704
f  6904/945/1713 6905/936/1704 6906/944/1712
f  6907/936/1704 6908/945/1713 6909/937/1705
f  6910/945/1713 6911/946/1714 6912/937/1705
f  6913/937/1705 6914/946/1714 6915/938/1706
f  6916/946/1714 6917/940/1708 6918/938/1706
f  6919/940/1708 6920/946/1714 6921/947/1715
f  6922/948/1716 6923/940/1708 6924/947/1715
f  6925/942/1710 6926/941/1709 6927/949/1717
f  6928/949/1717 6929/950/1718 6930/942/1710
f  6931/951/1719 6932/942/1710 6933/950/1718
f  6934/942/1710 6935/951/1719 6936/943/1711
f  6937/951/1719 6938/952/1720 6939/943/1711
f  6940/944/1712 6941/943/1711 6942/952/1720
f  6943/952/1720 6944/953/1721 6945/944/1712
f  6946/954/1722 6947/944/1712 6948/953/1721
f  6949/944/1712 6950/954/1722 6951/945/1713
f  6952/949/1717 6953/955/1723 6954/950/1718
f  6955/955/1723 6956/956/1724 6957/950/1718
f  6958/951/1719 6959/950/1718 6960/956/1724
f  6961/957/1725 6962/951/1719 6963/956/1724
f  6964/958/1726 6965/951/1719 6966/957/1725
f  6967/951/1719 6968/958/1726 6969/959/1727
f  6970/952/1720 6971/951/1719 6972/959/1727
f  6973/953/1721 6974/952/1720 6975/959/1727
f  6976/956/1724 6977/955/1723 6978/960/1728
f  6979/961/1729 6980/956/1724 6981/960/1728
f  6982/956/1724 6983/961/1729 6984/957/1725
f  6985/957/1725 6986/961/1729 6987/962/1730
f  6988/957/1725 6989/962/1730 6990/958/1726
f  6991/962/1730 6992/963/1731 6993/958/1726
f  6994/963/1731 6995/964/1732 6996/958/1726
f  6997/953/1721 6998/958/1726 6999/964/1732
f  7000/958/1726 7001/953/1721 7002/959/1727
f  7003/964/1732 7004/963/1731 7005/965/1733
f  7006/965/1733 7007/966/1734 7008/964/1732
f  7009/966/1734 7010/953/1721 7011/964/1732
f  7012/953/1721 7013/966/1734 7014/954/1722
f  7015/967/1735 7016/954/1722 7017/966/1734
f  7018/967/1735 7019/968/1736 7020/954/1722
f  7021/968/1736 7022/945/1713 7023/954/1722
f  7024/966/1734 7025/965/1733 7026/969/1737
f  7027/966/1734 7028/969/1737 7029/967/1735
f  7030/969/1737 7031/970/1738 7032/967/1735
f  7033/970/1738 7034/971/1739 7035/967/1735
f  7036/971/1739 7037/968/1736 7038/967/1735
f  7039/968/1736 7040/971/1739 7041/947/1715
f  7042/972/1740 7043/968/1736 7044/947/1715
f  7045/968/1736 7046/972/1740 7047/945/1713
f  7048/945/1713 7049/972/1740 7050/946/1714
f  7051/946/1714 7052/972/1740 7053/947/1715
f  7054/971/1739 7055/948/1716 7056/947/1715
f  7057/888/1741 7058/885/1742 7059/887/1743
f  7060/885/1742 7061/888/1741 7062/889/1744
f  7063/889/1744 7064/883/1745 7065/885/1742
f  7066/883/1745 7067/884/1746 7068/885/1742
f  7069/886/1747 7070/885/1742 7071/884/1746
f  7072/885/1742 7073/886/1747 7074/887/1743
f  7075/883/1745 7076/889/1744 7077/890/1748
f  7078/890/1748 7079/876/1749 7080/883/1745
f  7081/876/1749 7082/882/1750 7083/883/1745
f  7084/884/1746 7085/883/1745 7086/882/1750
f  7087/876/1749 7088/890/1748 7089/875/1751
f  7090/875/1751 7091/870/1752 7092/876/1749
f  7093/870/1752 7094/877/1753 7095/876/1749
f  7096/882/1750 7097/876/1749 7098/877/1753
f  7099/870/1752 7100/875/1751 7101/874/1754
f  7102/873/1755 7103/870/1752 7104/874/1754
f  7105/870/1752 7106/873/1755 7107/872/1756
f  7108/869/1757 7109/870/1752 7110/872/1756
f  7111/870/1752 7112/869/1757 7113/871/1758
f  7114/877/1753 7115/870/1752 7116/871/1758
f  7117/880/1759 7118/872/1756 7119/873/1755
f  7120/872/1756 7121/880/1759 7122/879/1760
f  7123/878/1761 7124/872/1756 7125/879/1760
f  7126/872/1756 7127/878/1761 7128/869/1757
f  7129/879/1760 7130/880/1759 7131/881/1762
f  7132/879/1760 7133/881/1762 7134/878/1761
f  7135/973/1763 7136/974/1764 7137/975/1765
f  7138/974/1764 7139/973/1763 7140/976/1766
f  7141/976/1766 7142/977/1767 7143/974/1764
f  7144/974/1764 7145/977/1767 7146/978/1768
f  7147/977/1767 7148/979/1769 7149/978/1768
f  7150/975/1765 7151/980/1770 7152/973/1763
f  7153/981/1771 7154/973/1763 7155/980/1770
f  7156/973/1763 7157/981/1771 7158/982/1772
f  7159/982/1772 7160/976/1766 7161/973/1763
f  7162/983/1773 7163/976/1766 7164/982/1772
f  7165/983/1773 7166/977/1767 7167/976/1766
f  7168/977/1767 7169/983/1773 7170/984/1774
f  7171/977/1767 7172/984/1774 7173/985/1775
f  7174/979/1769 7175/977/1767 7176/985/1775
f  7177/980/1770 7178/975/1765 7179/986/1776
f  7180/987/1777 7181/980/1770 7182/986/1776
f  7183/980/1770 7184/987/1777 7185/988/1778
f  7186/989/1779 7187/980/1770 7188/988/1778
f  7189/980/1770 7190/989/1779 7191/981/1771
f  7192/989/1779 7193/990/1780 7194/981/1771
f  7195/981/1771 7196/990/1780 7197/991/1781
f  7198/982/1772 7199/981/1771 7200/991/1781
f  7201/983/1773 7202/982/1772 7203/991/1781
f  7204/984/1774 7205/983/1773 7206/991/1781
f  7207/992/1782 7208/988/1778 7209/987/1777
f  7210/988/1778 7211/992/1782 7212/993/1783
f  7213/994/1784 7214/988/1778 7215/993/1783
f  7216/988/1778 7217/994/1784 7218/989/1779
f  7219/989/1779 7220/994/1784 7221/990/1780
f  7222/990/1780 7223/994/1784 7224/995/1785
f  7225/995/1785 7226/996/1786 7227/990/1780
f  7228/990/1780 7229/996/1786 7230/991/1781
f  7231/996/1786 7232/997/1787 7233/991/1781
f  7234/997/1787 7235/984/1774 7236/991/1781
f  7237/998/1788 7238/993/1783 7239/992/1782
f  7240/993/1783 7241/998/1788 7242/999/1789
f  7243/999/1789 7244/994/1784 7245/993/1783
f  7246/994/1784 7247/999/1789 7248/1000/1790
f  7249/994/1784 7250/1000/1790 7251/995/1785
f  7252/1000/1790 7253/1001/1791 7254/995/1785
f  7255/1001/1791 7256/1002/1792 7257/995/1785
f  7258/1002/1792 7259/997/1787 7260/995/1785
f  7261/997/1787 7262/996/1786 7263/995/1785
f  7264/1003/1793 7265/999/1789 7266/998/1788
f  7267/999/1789 7268/1003/1793 7269/1004/1794
f  7270/1004/1794 7271/1000/1790 7272/999/1789
f  7273/1001/1791 7274/1000/1790 7275/1004/1794
f  7276/1004/1794 7277/1003/1793 7278/1001/1791
f  7279/1001/1791 7280/1003/1793 7281/1005/1795
f  7282/1005/1795 7283/1002/1792 7284/1001/1791
f  7285/1005/1795 7286/1006/1796 7287/1002/1792
f  7288/1002/1792 7289/1006/1796 7290/1007/1797
f  7291/1007/1797 7292/1008/1798 7293/1002/1792
f  7294/1002/1792 7295/1008/1798 7296/997/1787
f  7297/997/1787 7298/1008/1798 7299/984/1774
f  7300/1008/1798 7301/1009/1799 7302/984/1774
f  7303/985/1775 7304/984/1774 7305/1009/1799
f  7306/1010/1800 7307/985/1775 7308/1009/1799
f  7309/1010/1800 7310/979/1769 7311/985/1775
f  7312/979/1769 7313/1010/1800 7314/1011/1801
f  7315/1012/1802 7316/1011/1801 7317/1010/1800
f  7318/1011/1801 7319/1012/1802 7320/1013/1803
f  7321/1014/1804 7322/1009/1799 7323/1008/1798
f  7324/1014/1804 7325/1012/1802 7326/1009/1799
f  7327/1012/1802 7328/1010/1800 7329/1009/1799
f  7330/1014/1804 7331/1008/1798 7332/1007/1797
f  7333/1015/1805 7334/1014/1804 7335/1007/1797
f  7336/1016/1806 7337/1014/1804 7338/1015/1805
f  7339/1016/1806 7340/1012/1802 7341/1014/1804
f  7342/1016/1806 7343/1013/1803 7344/1012/1802
f  7345/1013/1803 7346/1016/1806 7347/1017/1807
f  7348/1016/1806 7349/1018/1808 7350/1017/1807
f  7351/1018/1808 7352/1016/1806 7353/1015/1805
f  7354/1015/1805 7355/1019/1809 7356/1018/1808
f  7357/1019/1809 7358/1015/1805 7359/1020/1810
f  7360/1020/1810 7361/1021/1811 7362/1019/1809
f  7363/1020/1810 7364/1015/1805 7365/1007/1797
f  7366/1006/1796 7367/1020/1810 7368/1007/1797
f  7369/1021/1811 7370/1020/1810 7371/1006/1796
f  7372/1005/1795 7373/1021/1811 7374/1006/1796
f  7375/1021/1811 7376/1005/1795 7377/1022/1812
f  7378/1005/1795 7379/1003/1793 7380/1022/1812
f  7381/974/1813 7382/973/1814 7383/975/1815
f  7384/973/1814 7385/974/1813 7386/976/1816
f  7387/976/1816 7388/982/1817 7389/973/1814
f  7390/981/1818 7391/973/1814 7392/982/1817
f  7393/973/1814 7394/981/1818 7395/980/1819
f  7396/980/1819 7397/975/1815 7398/973/1814
f  7399/975/1815 7400/980/1819 7401/986/1820
f  7402/980/1819 7403/987/1821 7404/986/1820
f  7405/977/1822 7406/976/1816 7407/974/1813
f  7408/977/1822 7409/983/1823 7410/976/1816
f  7411/976/1816 7412/983/1823 7413/982/1817
f  7414/982/1817 7415/983/1823 7416/991/1824
f  7417/981/1818 7418/982/1817 7419/991/1824
f  7420/990/1825 7421/981/1818 7422/991/1824
f  7423/990/1825 7424/989/1826 7425/981/1818
f  7426/989/1826 7427/980/1819 7428/981/1818
f  7429/980/1819 7430/989/1826 7431/988/1827
f  7432/987/1821 7433/980/1819 7434/988/1827
f  7435/988/1827 7436/992/1828 7437/987/1821
f  7438/977/1822 7439/974/1813 7440/978/1829
f  7441/979/1830 7442/977/1822 7443/978/1829
f  7444/977/1822 7445/979/1830 7446/985/1831
f  7447/984/1832 7448/977/1822 7449/985/1831
f  7450/983/1823 7451/977/1822 7452/984/1832
f  7453/983/1823 7454/984/1832 7455/991/1824
f  7456/984/1832 7457/997/1833 7458/991/1824
f  7459/997/1833 7460/996/1834 7461/991/1824
f  7462/996/1834 7463/990/1825 7464/991/1824
f  7465/996/1834 7466/995/1835 7467/990/1825
f  7468/994/1836 7469/990/1825 7470/995/1835
f  7471/994/1836 7472/989/1826 7473/990/1825
f  7474/979/1830 7475/1010/1837 7476/985/1831
f  7477/985/1831 7478/1010/1837 7479/1009/1838
f  7480/984/1832 7481/985/1831 7482/1009/1838
f  7483/1009/1838 7484/1008/1839 7485/984/1832
f  7486/1008/1839 7487/997/1833 7488/984/1832
f  7489/1008/1839 7490/1002/1840 7491/997/1833
f  7492/997/1833 7493/1002/1840 7494/995/1835
f  7495/996/1834 7496/997/1833 7497/995/1835
f  7498/1010/1837 7499/979/1830 7500/1011/1841
f  7501/1011/1841 7502/1012/1842 7503/1010/1837
f  7504/1010/1837 7505/1012/1842 7506/1009/1838
f  7507/1012/1842 7508/1014/1843 7509/1009/1838
f  7510/1009/1838 7511/1014/1843 7512/1008/1839
f  7513/1008/1839 7514/1014/1843 7515/1007/1844
f  7516/1008/1839 7517/1007/1844 7518/1002/1840
f  7519/1006/1845 7520/1002/1840 7521/1007/1844
f  7522/1006/1845 7523/1005/1846 7524/1002/1840
f  7525/1002/1840 7526/1005/1846 7527/1001/1847
f  7528/1002/1840 7529/1001/1847 7530/995/1835
f  7531/1012/1842 7532/1011/1841 7533/1013/1848
f  7534/1013/1848 7535/1016/1849 7536/1012/1842
f  7537/1012/1842 7538/1016/1849 7539/1014/1843
f  7540/1014/1843 7541/1016/1849 7542/1015/1850
f  7543/1014/1843 7544/1015/1850 7545/1007/1844
f  7546/1015/1850 7547/1020/1851 7548/1007/1844
f  7549/1020/1851 7550/1006/1845 7551/1007/1844
f  7552/1020/1851 7553/1021/1852 7554/1006/1845
f  7555/1021/1852 7556/1005/1846 7557/1006/1845
f  7558/1005/1846 7559/1021/1852 7560/1022/1853
f  7561/1003/1854 7562/1005/1846 7563/1022/1853
f  7564/1003/1854 7565/1001/1847 7566/1005/1846
f  7567/1016/1849 7568/1013/1848 7569/1017/1855
f  7570/1018/1856 7571/1016/1849 7572/1017/1855
f  7573/1016/1849 7574/1018/1856 7575/1015/1850
f  7576/1019/1857 7577/1015/1850 7578/1018/1856
f  7579/1015/1850 7580/1019/1857 7581/1020/1851
f  7582/1021/1852 7583/1020/1851 7584/1019/1857
f  7585/994/1836 7586/988/1827 7587/989/1826
f  7588/988/1827 7589/994/1836 7590/993/1858
f  7591/992/1828 7592/988/1827 7593/993/1858
f  7594/993/1858 7595/998/1859 7596/992/1828
f  7597/998/1859 7598/993/1858 7599/999/1860
f  7600/999/1860 7601/1003/1854 7602/998/1859
f  7603/1003/1854 7604/999/1860 7605/1004/1861
f  7606/1003/1854 7607/1004/1861 7608/1001/1847
f  7609/994/1836 7610/999/1860 7611/993/1858
f  7612/999/1860 7613/994/1836 7614/1000/1862
f  7615/1000/1862 7616/1004/1861 7617/999/1860
f  7618/1000/1862 7619/1001/1847 7620/1004/1861
f  7621/1001/1847 7622/1000/1862 7623/995/1835
f  7624/1000/1862 7625/994/1836 7626/995/1835
f  7627/1023/1863 7628/1024/1864 7629/1025/1865
f  7630/1024/1864 7631/1023/1863 7632/1026/1866
f  7633/1026/1866 7634/1027/1867 7635/1024/1864
f  7636/1028/1868 7637/1024/1864 7638/1027/1867
f  7639/1024/1864 7640/1028/1868 7641/1029/1869
f  7642/1029/1869 7643/1025/1865 7644/1024/1864
f  7645/1025/1865 7646/1029/1869 7647/1030/1870
f  7648/1031/1871 7649/1030/1870 7650/1029/1869
f  7651/1030/1870 7652/1031/1871 7653/1032/1872
f  7654/1026/1866 7655/1023/1863 7656/1033/1873
f  7657/1033/1873 7658/1034/1874 7659/1026/1866
f  7660/1035/1875 7661/1026/1866 7662/1034/1874
f  7663/1026/1866 7664/1035/1875 7665/1036/1876
f  7666/1027/1867 7667/1026/1866 7668/1036/1876
f  7669/1036/1876 7670/1037/1877 7671/1027/1867
f  7672/1037/1877 7673/1028/1868 7674/1027/1867
f  7675/1033/1873 7676/1038/1878 7677/1034/1874
f  7678/1038/1878 7679/1039/1879 7680/1034/1874
f  7681/1035/1875 7682/1034/1874 7683/1039/1879
f  7684/1040/1880 7685/1035/1875 7686/1039/1879
f  7687/1041/1881 7688/1035/1875 7689/1040/1880
f  7690/1035/1875 7691/1041/1881 7692/1042/1882
f  7693/1043/1883 7694/1035/1875 7695/1042/1882
f  7696/1035/1875 7697/1043/1883 7698/1036/1876
f  7699/1037/1877 7700/1036/1876 7701/1043/1883
f  7702/1039/1879 7703/1038/1878 7704/1044/1884
f  7705/1045/1885 7706/1039/1879 7707/1044/1884
f  7708/1039/1879 7709/1045/1885 7710/1040/1880
f  7711/1040/1880 7712/1045/1885 7713/1046/1886
f  7714/1040/1880 7715/1046/1886 7716/1041/1881
f  7717/1046/1886 7718/1047/1887 7719/1041/1881
f  7720/1047/1887 7721/1048/1888 7722/1041/1881
f  7723/1049/1889 7724/1041/1881 7725/1048/1888
f  7726/1041/1881 7727/1049/1889 7728/1042/1882
f  7729/1037/1877 7730/1042/1882 7731/1049/1889
f  7732/1042/1882 7733/1037/1877 7734/1043/1883
f  7735/1048/1888 7736/1047/1887 7737/1050/1890
f  7738/1050/1890 7739/1051/1891 7740/1048/1888
f  7741/1052/1892 7742/1048/1888 7743/1051/1891
f  7744/1048/1888 7745/1052/1892 7746/1049/1889
f  7747/1052/1892 7748/1037/1877 7749/1049/1889
f  7750/1037/1877 7751/1052/1892 7752/1053/1893
f  7753/1028/1868 7754/1037/1877 7755/1053/1893
f  7756/1054/1894 7757/1028/1868 7758/1053/1893
f  7759/1028/1868 7760/1054/1894 7761/1031/1871
f  7762/1029/1869 7763/1028/1868 7764/1031/1871
f  7765/1051/1891 7766/1050/1890 7767/1055/1895
f  7768/1055/1895 7769/1056/1896 7770/1051/1891
f  7771/1052/1892 7772/1051/1891 7773/1056/1896
f  7774/1057/1897 7775/1052/1892 7776/1056/1896
f  7777/1053/1893 7778/1052/1892 7779/1057/1897
f  7780/1057/1897 7781/1058/1898 7782/1053/1893
f  7783/1058/1898 7784/1054/1894 7785/1053/1893
f  7786/1054/1894 7787/1058/1898 7788/1059/1899
f  7789/1060/1900 7790/1054/1894 7791/1059/1899
f  7792/1054/1894 7793/1060/1900 7794/1031/1871
f  7795/1060/1900 7796/1032/1872 7797/1031/1871
f  7798/1056/1896 7799/1055/1895 7800/1061/1901
f  7801/1061/1901 7802/1062/1902 7803/1056/1896
f  7804/1062/1902 7805/1057/1897 7806/1056/1896
f  7807/1057/1897 7808/1062/1902 7809/1059/1899
f  7810/1058/1898 7811/1057/1897 7812/1059/1899
f  7813/1062/1902 7814/1063/1903 7815/1059/1899
f  7816/1063/1903 7817/1060/1900 7818/1059/1899
f  7819/1064/1904 7820/1065/1905 7821/1066/1906
f  7822/1065/1905 7823/1064/1904 7824/1067/1907
f  7825/1068/1908 7826/1065/1905 7827/1067/1907
f  7828/1068/1908 7829/1067/1907 7830/1069/1909
f  7831/1069/1909 7832/1070/1910 7833/1068/1908
f  7834/1071/1911 7835/1070/1910 7836/1069/1909
f  7837/1070/1910 7838/1071/1911 7839/1072/1912
f  7840/1073/1913 7841/1064/1904 7842/1066/1906
f  7843/1064/1904 7844/1073/1913 7845/1074/1914
f  7846/1074/1914 7847/1075/1915 7848/1064/1904
f  7849/1075/1915 7850/1067/1907 7851/1064/1904
f  7852/1075/1915 7853/1069/1909 7854/1067/1907
f  7855/1069/1909 7856/1075/1915 7857/1076/1916
f  7858/1077/1917 7859/1069/1909 7860/1076/1916
f  7861/1069/1909 7862/1077/1917 7863/1071/1911
f  7864/1078/1918 7865/1071/1911 7866/1077/1917
f  7867/1071/1911 7868/1078/1918 7869/1079/1919
f  7870/1079/1919 7871/1072/1912 7872/1071/1911
f  7873/1072/1912 7874/1079/1919 7875/1080/1920
f  7876/1074/1914 7877/1073/1913 7878/1081/1921
f  7879/1074/1914 7880/1081/1921 7881/1082/1922
f  7882/1082/1922 7883/1075/1915 7884/1074/1914
f  7885/1075/1915 7886/1082/1922 7887/1083/1923
f  7888/1084/1924 7889/1075/1915 7890/1083/1923
f  7891/1075/1915 7892/1084/1924 7893/1076/1916
f  7894/1084/1924 7895/1077/1917 7896/1076/1916
f  7897/1077/1917 7898/1084/1924 7899/1085/1925
f  7900/1085/1925 7901/1078/1918 7902/1077/1917
f  7903/1081/1921 7904/1086/1926 7905/1082/1922
f  7906/1086/1926 7907/1087/1927 7908/1082/1922
f  7909/1088/1928 7910/1082/1922 7911/1087/1927
f  7912/1082/1922 7913/1088/1928 7914/1083/1923
f  7915/1088/1928 7916/1084/1924 7917/1083/1923
f  7918/1084/1924 7919/1088/1928 7920/1085/1925
f  7921/1089/1929 7922/1085/1925 7923/1088/1928
f  7924/1085/1925 7925/1089/1929 7926/1090/1930
f  7927/1078/1918 7928/1085/1925 7929/1090/1930
f  7930/1087/1927 7931/1086/1926 7932/1091/1931
f  7933/1091/1931 7934/1092/1932 7935/1087/1927
f  7936/1089/1929 7937/1087/1927 7938/1092/1932
f  7939/1087/1927 7940/1089/1929 7941/1088/1928
f  7942/1092/1932 7943/1091/1931 7944/1093/1933
f  7945/1093/1933 7946/1094/1934 7947/1092/1932
f  7948/1089/1929 7949/1092/1932 7950/1094/1934
f  7951/1095/1935 7952/1089/1929 7953/1094/1934
f  7954/1090/1930 7955/1089/1929 7956/1095/1935
f  7957/1095/1935 7958/1096/1936 7959/1090/1930
f  7960/1096/1936 7961/1097/1937 7962/1090/1930
f  7963/1097/1937 7964/1078/1918 7965/1090/1930
f  7966/1078/1918 7967/1097/1937 7968/1098/1938
f  7969/1079/1919 7970/1078/1918 7971/1098/1938
f  7972/1098/1938 7973/1080/1920 7974/1079/1919
f  7975/1094/1934 7976/1093/1933 7977/1099/1939
f  7978/1099/1939 7979/1100/1940 7980/1094/1934
f  7981/1100/1940 7982/1095/1935 7983/1094/1934
f  7984/1095/1935 7985/1100/1940 7986/1101/1941
f  7987/1096/1936 7988/1095/1935 7989/1101/1941
f  7990/1097/1937 7991/1096/1936 7992/1101/1941
f  7993/1102/1942 7994/1097/1937 7995/1101/1941
f  7996/1097/1937 7997/1102/1942 7998/1098/1938
f  7999/1102/1942 8000/1103/1943 8001/1098/1938
f  8002/1080/1920 8003/1098/1938 8004/1103/1943
f  8005/1100/1940 8006/1104/1944 8007/1101/1941
f  8008/1104/1944 8009/1102/1942 8010/1101/1941
f  8011/1105/1945 8012/1106/1946 8013/1107/1947
f  8014/1106/1946 8015/1105/1945 8016/1108/1948
f  8017/1109/1949 8018/1106/1946 8019/1108/1948
f  8020/1106/1946 8021/1109/1949 8022/1110/1950
f  8023/1109/1949 8024/1111/1951 8025/1110/1950
f  8026/1111/1951 8027/1112/1952 8028/1110/1950
f  8029/1107/1947 8030/1113/1953 8031/1105/1945
f  8032/1113/1953 8033/1114/1954 8034/1105/1945
f  8035/1114/1954 8036/1108/1948 8037/1105/1945
f  8038/1108/1948 8039/1114/1954 8040/1115/1955
f  8041/1116/1956 8042/1108/1948 8043/1115/1955
f  8044/1108/1948 8045/1116/1956 8046/1109/1949
f  8047/1116/1956 8048/1111/1951 8049/1109/1949
f  8050/1111/1951 8051/1116/1956 8052/1117/1957
f  8053/1117/1957 8054/1112/1952 8055/1111/1951
f  8056/1112/1952 8057/1117/1957 8058/1118/1958
f  8059/1118/1958 8060/1117/1957 8061/1119/1959
f  8062/1113/1953 8063/1107/1947 8064/1120/1960
f  8065/1121/1961 8066/1113/1953 8067/1120/1960
f  8068/1113/1953 8069/1121/1961 8070/1122/1962
f  8071/1122/1962 8072/1123/1963 8073/1113/1953
f  8074/1114/1954 8075/1113/1953 8076/1123/1963
f  8077/1123/1963 8078/1124/1964 8079/1114/1954
f  8080/1125/1965 8081/1114/1954 8082/1124/1964
f  8083/1114/1954 8084/1125/1965 8085/1115/1955
f  8086/1125/1965 8087/1116/1956 8088/1115/1955
f  8089/1126/1966 8090/1122/1962 8091/1121/1961
f  8092/1122/1962 8093/1126/1966 8094/1127/1967
f  8095/1128/1968 8096/1122/1962 8097/1127/1967
f  8098/1122/1962 8099/1128/1968 8100/1129/1969
f  8101/1123/1963 8102/1122/1962 8103/1129/1969
f  8104/1130/1970 8105/1123/1963 8106/1129/1969
f  8107/1123/1963 8108/1130/1970 8109/1131/1971
f  8110/1124/1964 8111/1123/1963 8112/1131/1971
f  8113/1132/1972 8114/1127/1967 8115/1126/1966
f  8116/1127/1967 8117/1132/1972 8118/1133/1973
f  8119/1127/1967 8120/1133/1973 8121/1128/1968
f  8122/1132/1972 8123/1128/1968 8124/1133/1973
f  8125/1128/1968 8126/1132/1972 8127/1134/1974
f  8128/1134/1974 8129/1129/1969 8130/1128/1968
f  8131/1129/1969 8132/1134/1974 8133/1130/1970
f  8134/1116/1956 8135/1125/1965 8136/1119/1959
f  8137/1117/1957 8138/1116/1956 8139/1119/1959
f  8140/1135/1975 8141/1136/1976 8142/1137/1977
f  8143/1136/1976 8144/1135/1975 8145/1138/1978
f  8146/1136/1976 8147/1138/1978 8148/1139/1979
f  8149/1140/1980 8150/1136/1976 8151/1139/1979
f  8152/1140/1980 8153/1137/1977 8154/1136/1976
f  8155/1137/1977 8156/1140/1980 8157/1141/1981
f  8158/1142/1982 8159/1141/1981 8160/1140/1980
f  8161/1141/1981 8162/1142/1982 8163/1143/1983
f  8164/1135/1975 8165/1144/1984 8166/1138/1978
f  8167/1138/1978 8168/1144/1984 8169/1139/1979
f  8170/1144/1984 8171/1145/1985 8172/1139/1979
f  8173/1145/1985 8174/1146/1986 8175/1139/1979
f  8176/1146/1986 8177/1147/1987 8178/1139/1979
f  8179/1147/1987 8180/1142/1982 8181/1139/1979
f  8182/1142/1982 8183/1140/1980 8184/1139/1979
f  8185/1144/1984 8186/1135/1975 8187/1148/1988
f  8188/1148/1988 8189/1145/1985 8190/1144/1984
f  8191/1145/1985 8192/1148/1988 8193/1149/1989
f  8194/1149/1989 8195/1146/1986 8196/1145/1985
f  8197/1146/1986 8198/1149/1989 8199/1150/1990
f  8200/1150/1990 8201/1151/1991 8202/1146/1986
f  8203/1146/1986 8204/1151/1991 8205/1152/1992
f  8206/1147/1987 8207/1146/1986 8208/1152/1992
f  8209/1142/1982 8210/1147/1987 8211/1152/1992
f  8212/1153/1993 8213/1142/1982 8214/1152/1992
f  8215/1153/1993 8216/1143/1983 8217/1142/1982
f  8218/1143/1983 8219/1153/1993 8220/1154/1994
f  8221/1153/1993 8222/1155/1995 8223/1154/1994
f  8224/1151/1991 8225/1150/1990 8226/1156/1996
f  8227/1157/1997 8228/1151/1991 8229/1156/1996
f  8230/1151/1991 8231/1157/1997 8232/1158/1998
f  8233/1151/1991 8234/1158/1998 8235/1159/1999
f  8236/1151/1991 8237/1159/1999 8238/1152/1992
f  8239/1159/1999 8240/1153/1993 8241/1152/1992
f  8242/1159/1999 8243/1160/2000 8244/1153/1993
f  8245/1155/1995 8246/1153/1993 8247/1160/2000
f  8248/1161/2001 8249/1155/1995 8250/1160/2000
f  8251/1155/1995 8252/1161/2001 8253/1162/2002
f  8254/1163/2003 8255/1162/2002 8256/1161/2001
f  8257/1162/2002 8258/1163/2003 8259/1164/2004
f  8260/1157/1997 8261/1165/2005 8262/1158/1998
f  8263/1158/1998 8264/1165/2005 8265/1166/2006
f  8266/1159/1999 8267/1158/1998 8268/1166/2006
f  8269/1160/2000 8270/1159/1999 8271/1166/2006
f  8272/1161/2001 8273/1160/2000 8274/1166/2006
f  8275/1163/2003 8276/1161/2001 8277/1166/2006
f  8278/1167/2007 8279/1163/2003 8280/1166/2006
f  8281/1168/2008 8282/1163/2003 8283/1167/2007
f  8284/1163/2003 8285/1168/2008 8286/1164/2004
f  8287/1165/2005 8288/1157/1997 8289/1169/2009
f  8290/1169/2009 8291/1167/2007 8292/1165/2005
f  8293/1165/2005 8294/1167/2007 8295/1166/2006
f  8296/1167/2007 8297/1169/2009 8298/1168/2008
f  8299/1170/2010 8300/1171/2011 8301/1172/2012
f  8302/1171/2011 8303/1170/2010 8304/1173/2013
f  8305/1174/2014 8306/1171/2011 8307/1173/2013
f  8308/1171/2011 8309/1174/2014 8310/1175/2015
f  8311/1171/2011 8312/1175/2015 8313/1176/2016
f  8314/1176/2016 8315/1172/2012 8316/1171/2011
f  8317/1172/2012 8318/1176/2016 8319/1177/2017
f  8320/1178/2018 8321/1177/2017 8322/1176/2016
f  8323/1177/2017 8324/1178/2018 8325/1179/2019
f  8326/1180/2020 8327/1173/2013 8328/1170/2010
f  8329/1173/2013 8330/1180/2020 8331/1181/2021
f  8332/1182/2022 8333/1173/2013 8334/1181/2021
f  8335/1173/2013 8336/1182/2022 8337/1174/2014
f  8338/1183/2023 8339/1174/2014 8340/1182/2022
f  8341/1174/2014 8342/1183/2023 8343/1184/2024
f  8344/1174/2014 8345/1184/2024 8346/1175/2015
f  8347/1185/2025 8348/1175/2015 8349/1184/2024
f  8350/1185/2025 8351/1186/2026 8352/1175/2015
f  8353/1176/2016 8354/1175/2015 8355/1186/2026
f  8356/1176/2016 8357/1186/2026 8358/1178/2018
f  8359/1186/2026 8360/1187/2027 8361/1178/2018
f  8362/1187/2027 8363/1179/2019 8364/1178/2018
f  8365/1179/2019 8366/1187/2027 8367/1188/2028
f  8368/1187/2027 8369/1189/2029 8370/1188/2028
f  8371/1189/2029 8372/1187/2027 8373/1190/2030
f  8374/1191/2031 8375/1184/2024 8376/1183/2023
f  8377/1184/2024 8378/1191/2031 8379/1192/2032
f  8380/1192/2032 8381/1185/2025 8382/1184/2024
f  8383/1193/2033 8384/1185/2025 8385/1192/2032
f  8386/1185/2025 8387/1193/2033 8388/1194/2034
f  8389/1195/2035 8390/1185/2025 8391/1194/2034
f  8392/1196/2036 8393/1185/2025 8394/1195/2035
f  8395/1186/2026 8396/1185/2025 8397/1196/2036
f  8398/1197/2037 8399/1192/2032 8400/1191/2031
f  8401/1192/2032 8402/1197/2037 8403/1193/2033
f  8404/1198/2038 8405/1193/2033 8406/1197/2037
f  8407/1193/2033 8408/1198/2038 8409/1199/2039
f  8410/1199/2039 8411/1194/2034 8412/1193/2033
f  8413/1194/2034 8414/1199/2039 8415/1200/2040
f  8416/1200/2040 8417/1195/2035 8418/1194/2034
f  8419/1195/2035 8420/1200/2040 8421/1201/2041
f  8422/1201/2041 8423/1202/2042 8424/1195/2035
f  8425/1202/2042 8426/1196/2036 8427/1195/2035
f  8428/1202/2042 8429/1203/2043 8430/1196/2036
f  8431/1203/2043 8432/1204/2044 8433/1196/2036
f  8434/1204/2044 8435/1186/2026 8436/1196/2036
f  8437/1205/2045 8438/1186/2026 8439/1204/2044
f  8440/1187/2027 8441/1186/2026 8442/1205/2045
f  8443/1190/2030 8444/1187/2027 8445/1205/2045
f  8446/1202/2042 8447/1201/2041 8448/1206/2046
f  8449/1206/2046 8450/1207/2047 8451/1202/2042
f  8452/1203/2043 8453/1202/2042 8454/1207/2047
f  8455/1208/2048 8456/1203/2043 8457/1207/2047
f  8458/1203/2043 8459/1208/2048 8460/1209/2049
f  8461/1209/2049 8462/1204/2044 8463/1203/2043
f  8464/1204/2044 8465/1209/2049 8466/1210/2050
f  8467/1211/2051 8468/1204/2044 8469/1210/2050
f  8470/1204/2044 8471/1211/2051 8472/1205/2045
f  8473/1211/2051 8474/1190/2030 8475/1205/2045
f  8476/1207/2047 8477/1206/2046 8478/1212/2052
f  8479/1213/2053 8480/1207/2047 8481/1212/2052
f  8482/1207/2047 8483/1213/2053 8484/1208/2048
f  8485/1214/2054 8486/1215/2055 8487/1216/2056
f  8488/1215/2055 8489/1214/2054 8490/1217/2057
f  8491/1218/2058 8492/1215/2055 8493/1217/2057
f  8494/1219/2059 8495/1218/2058 8496/1217/2057
f  8497/1220/2060 8498/1219/2059 8499/1217/2057
f  8500/1217/2057 8501/1221/2061 8502/1220/2060
f  8503/1222/2062 8504/1214/2054 8505/1216/2056
f  8506/1214/2054 8507/1222/2062 8508/1223/2063
f  8509/1224/2064 8510/1214/2054 8511/1223/2063
f  8512/1214/2054 8513/1224/2064 8514/1221/2061
f  8515/1221/2061 8516/1217/2057 8517/1214/2054
f  8518/1225/2065 8519/1223/2063 8520/1222/2062
f  8521/1223/2063 8522/1225/2065 8523/1226/2066
f  8524/1227/2067 8525/1223/2063 8526/1226/2066
f  8527/1223/2063 8528/1227/2067 8529/1224/2064
f  8530/222/2068 8531/227/2069 8532/221/2070
f  8533/227/2069 8534/222/2068 8535/228/2071
f  8536/228/2071 8537/229/2072 8538/227/2069
f  8539/229/2072 8540/228/2071 8541/230/2073
f  8542/230/2073 8543/235/2074 8544/229/2072
f  8545/221/2070 8546/216/2075 8547/222/2068
f  8548/216/2075 8549/223/2076 8550/222/2068
f  8551/224/2077 8552/222/2068 8553/223/2076
f  8554/222/2068 8555/224/2077 8556/228/2071
f  8557/231/2078 8558/228/2071 8559/224/2077
f  8560/228/2071 8561/231/2078 8562/230/2073
f  8563/232/2079 8564/230/2073 8565/231/2078
f  8566/230/2073 8567/232/2079 8568/236/2080
f  8569/235/2074 8570/230/2073 8571/236/2080
f  8572/216/2075 8573/221/2070 8574/220/2081
f  8575/220/2081 8576/214/2082 8577/216/2075
f  8578/215/2083 8579/216/2075 8580/214/2082
f  8581/210/2084 8582/216/2075 8583/215/2083
f  8584/216/2075 8585/210/2084 8586/217/2085
f  8587/216/2075 8588/217/2085 8589/223/2076
f  8590/218/2086 8591/223/2076 8592/217/2085
f  8593/223/2076 8594/218/2086 8595/224/2077
f  8596/225/2087 8597/224/2077 8598/218/2086
f  8599/224/2077 8600/225/2087 8601/231/2078
f  8602/231/2078 8603/225/2087 8604/232/2079
f  8605/214/2082 8606/220/2081 8607/219/2088
f  8608/213/2089 8609/214/2082 8610/219/2088
f  8611/214/2082 8612/213/2089 8613/207/2090
f  8614/207/2090 8615/215/2083 8616/214/2082
f  8617/215/2083 8618/207/2090 8619/208/2091
f  8620/209/2092 8621/215/2083 8622/208/2091
f  8623/215/2083 8624/209/2092 8625/210/2084
f  8626/203/2093 8627/210/2084 8628/209/2092
f  8629/210/2084 8630/203/2093 8631/211/2094
f  8632/211/2094 8633/217/2085 8634/210/2084
f  8635/217/2085 8636/211/2094 8637/218/2086
f  8638/212/2095 8639/218/2086 8640/211/2094
f  8641/218/2086 8642/212/2095 8643/225/2087
f  8644/207/2090 8645/213/2089 8646/206/2096
f  8647/206/2096 8648/200/2097 8649/207/2090
f  8650/200/2097 8651/208/2091 8652/207/2090
f  8653/200/2097 8654/201/2098 8655/208/2091
f  8656/209/2092 8657/208/2091 8658/201/2098
f  8659/202/2099 8660/209/2092 8661/201/2098
f  8662/209/2092 8663/202/2099 8664/203/2093
f  8665/202/2099 8666/197/2100 8667/203/2093
f  8668/203/2093 8669/197/2100 8670/204/2101
f  8671/204/2101 8672/211/2094 8673/203/2093
f  8674/212/2095 8675/211/2094 8676/204/2101
f  8677/199/2102 8678/200/2097 8679/206/2096
f  8680/200/2097 8681/199/2102 8682/193/2103
f  8683/200/2097 8684/193/2103 8685/194/2104
f  8686/194/2104 8687/201/2098 8688/200/2097
f  8689/201/2098 8690/194/2104 8691/195/2105
f  8692/195/2105 8693/202/2099 8694/201/2098
f  8695/202/2099 8696/195/2105 8697/196/2106
f  8698/196/2106 8699/197/2100 8700/202/2099
f  8701/192/2107 8702/193/2103 8703/199/2102
f  8704/193/2103 8705/192/2107 8706/187/2108
f  8707/187/2108 8708/194/2104 8709/193/2103
f  8710/194/2104 8711/187/2108 8712/188/2109
f  8713/188/2109 8714/189/2110 8715/194/2104
f  8716/195/2105 8717/194/2104 8718/189/2110
f  8719/189/2110 8720/196/2106 8721/195/2105
f  8722/196/2106 8723/189/2110 8724/190/2111
f  8725/197/2100 8726/196/2106 8727/190/2111
f  8728/190/2111 8729/198/2112 8730/197/2100
f  8731/205/2113 8732/197/2100 8733/198/2112
f  8734/205/2113 8735/204/2101 8736/197/2100
f  8737/181/2114 8738/187/2108 8739/192/2107
f  8740/187/2108 8741/181/2114 8742/182/2115
f  8743/182/2115 8744/188/2109 8745/187/2108
f  8746/188/2109 8747/182/2115 8748/183/2116
f  8749/183/2116 8750/184/2117 8751/188/2109
f  8752/189/2110 8753/188/2109 8754/184/2117
f  8755/184/2117 8756/190/2111 8757/189/2110
f  8758/190/2111 8759/184/2117 8760/185/2118
f  8761/185/2118 8762/191/2119 8763/190/2111
f  8764/198/2112 8765/190/2111 8766/191/2119
f  8767/181/2114 8768/174/2120 8769/182/2115
f  8770/174/2120 8771/183/2116 8772/182/2115
f  8773/183/2116 8774/174/2120 8775/175/2121
f  8776/175/2121 8777/176/2122 8778/183/2116
f  8779/184/2117 8780/183/2116 8781/176/2122
f  8782/176/2122 8783/185/2118 8784/184/2117
f  8785/185/2118 8786/176/2122 8787/177/2123
f  8788/177/2123 8789/186/2124 8790/185/2118
f  8791/191/2119 8792/185/2118 8793/186/2124
f  8794/174/2120 8795/181/2114 8796/173/2125
f  8797/173/2125 8798/166/2126 8799/174/2120
f  8800/166/2126 8801/175/2121 8802/174/2120
f  8803/175/2121 8804/166/2126 8805/167/2127
f  8806/167/2127 8807/176/2122 8808/175/2121
f  8809/176/2122 8810/167/2127 8811/168/2128
f  8812/168/2128 8813/177/2123 8814/176/2122
f  8815/177/2123 8816/168/2128 8817/170/2129
f  8818/170/2129 8819/178/2130 8820/177/2123
f  8821/186/2124 8822/177/2123 8823/178/2130
f  8824/166/2126 8825/173/2125 8826/163/2131
f  8827/165/2132 8828/166/2126 8829/163/2131
f  8830/166/2126 8831/165/2132 8832/164/2133
f  8833/164/2133 8834/167/2127 8835/166/2126
f  8836/164/2133 8837/168/2128 8838/167/2127
f  8839/168/2128 8840/164/2133 8841/169/2134
f  8842/169/2134 8843/170/2129 8844/168/2128
f  8845/170/2129 8846/169/2134 8847/171/2135
f  8848/171/2135 8849/172/2136 8850/170/2129
f  8851/178/2130 8852/170/2129 8853/172/2136
f  8854/172/2136 8855/179/2137 8856/178/2130
f  8857/359/2138 8858/178/2130 8859/179/2137
f  8860/178/2130 8861/359/2138 8862/363/2139
f  8863/178/2130 8864/363/2139 8865/186/2124
f  8866/364/2140 8867/186/2124 8868/363/2139
f  8869/364/2140 8870/191/2119 8871/186/2124
f  8872/179/2137 8873/172/2136 8874/180/2141
f  8875/357/2142 8876/179/2137 8877/180/2141
f  8878/179/2137 8879/357/2142 8880/358/2143
f  8881/352/2144 8882/179/2137 8883/358/2143
f  8884/352/2144 8885/359/2138 8886/179/2137
f  8887/360/2145 8888/359/2138 8889/352/2144
f  8890/366/2146 8891/359/2138 8892/360/2145
f  8893/359/2138 8894/366/2146 8895/365/2147
f  8896/365/2147 8897/364/2140 8898/359/2138
f  8899/363/2139 8900/359/2138 8901/364/2140
f  8902/357/2142 8903/351/2148 8904/358/2143
f  8905/352/2144 8906/358/2143 8907/351/2148
f  8908/351/2148 8909/346/2149 8910/352/2144
f  8911/352/2144 8912/346/2149 8913/353/2150
f  8914/352/2144 8915/353/2150 8916/361/2151
f  8917/352/2144 8918/361/2151 8919/360/2145
f  8920/360/2145 8921/361/2151 8922/366/2146
f  8923/351/2148 8924/357/2142 8925/356/2152
f  8926/356/2152 8927/350/2153 8928/351/2148
f  8929/350/2153 8930/345/2154 8931/351/2148
f  8932/351/2148 8933/345/2154 8934/346/2149
f  8935/345/2154 8936/341/2155 8937/346/2149
f  8938/347/2156 8939/346/2149 8940/341/2155
f  8941/346/2149 8942/347/2156 8943/353/2150
f  8944/354/2157 8945/353/2150 8946/347/2156
f  8947/353/2150 8948/354/2157 8949/362/2158
f  8950/362/2158 8951/361/2151 8952/353/2150
f  8953/350/2153 8954/356/2152 8955/349/2159
f  8956/349/2159 8957/344/2160 8958/350/2153
f  8959/345/2154 8960/350/2153 8961/344/2160
f  8962/344/2160 8963/340/2161 8964/345/2154
f  8965/341/2155 8966/345/2154 8967/340/2161
f  8968/333/2162 8969/341/2155 8970/340/2161
f  8971/341/2155 8972/333/2162 8973/334/2163
f  8974/335/2164 8975/341/2155 8976/334/2163
f  8977/341/2155 8978/335/2164 8979/347/2156
f  8980/335/2164 8981/354/2157 8982/347/2156
f  8983/349/2159 8984/356/2152 8985/355/2165
f  8986/355/2165 8987/348/2166 8988/349/2159
f  8989/348/2166 8990/343/2167 8991/349/2159
f  8992/344/2160 8993/349/2159 8994/343/2167
f  8995/343/2167 8996/339/2168 8997/344/2160
f  8998/340/2161 8999/344/2160 9000/339/2168
f  9001/332/2169 9002/340/2161 9003/339/2168
f  9004/340/2161 9005/332/2169 9006/333/2162
f  9007/327/2170 9008/333/2162 9009/332/2169
f  9010/333/2162 9011/327/2170 9012/328/2171
f  9013/328/2171 9014/334/2163 9015/333/2162
f  9016/334/2163 9017/328/2171 9018/329/2172
f  9019/329/2172 9020/335/2164 9021/334/2163
f  9022/343/2167 9023/348/2166 9024/342/2173
f  9025/342/2173 9026/338/2174 9027/343/2167
f  9028/339/2168 9029/343/2167 9030/338/2174
f  9031/331/2175 9032/339/2168 9033/338/2174
f  9034/339/2168 9035/331/2175 9036/332/2169
f  9037/326/2176 9038/332/2169 9039/331/2175
f  9040/332/2169 9041/326/2176 9042/327/2170
f  9043/319/2177 9044/327/2170 9045/326/2176
f  9046/327/2170 9047/319/2177 9048/320/2178
f  9049/320/2178 9050/328/2171 9051/327/2170
f  9052/328/2171 9053/320/2178 9054/321/2179
f  9055/321/2179 9056/329/2172 9057/328/2171
f  9058/337/2180 9059/338/2174 9060/342/2173
f  9061/338/2174 9062/337/2180 9063/331/2175
f  9064/330/2181 9065/331/2175 9066/337/2180
f  9067/331/2175 9068/330/2181 9069/326/2176
f  9070/325/2182 9071/326/2176 9072/330/2181
f  9073/326/2176 9074/325/2182 9075/319/2177
f  9076/318/2183 9077/319/2177 9078/325/2182
f  9079/319/2177 9080/318/2183 9081/312/2184
f  9082/312/2184 9083/320/2178 9084/319/2177
f  9085/312/2184 9086/321/2179 9087/320/2178
f  9088/321/2179 9089/312/2184 9090/322/2185
f  9091/322/2185 9092/323/2186 9093/321/2179
f  9094/329/2172 9095/321/2179 9096/323/2186
f  9097/323/2186 9098/336/2187 9099/329/2172
f  9100/335/2164 9101/329/2172 9102/336/2187
f  9103/311/2188 9104/312/2184 9105/318/2183
f  9106/312/2184 9107/311/2188 9108/309/2189
f  9109/312/2184 9110/309/2189 9111/313/2190
f  9112/313/2190 9113/322/2185 9114/312/2184
f  9115/313/2190 9116/314/2191 9117/322/2185
f  9118/323/2186 9119/322/2185 9120/314/2191
f  9121/314/2191 9122/324/2192 9123/323/2186
f  9124/336/2187 9125/323/2186 9126/324/2192
f  9127/324/2192 9128/390/2193 9129/336/2187
f  9130/391/2194 9131/336/2187 9132/390/2193
f  9133/336/2187 9134/391/2194 9135/335/2164
f  9136/354/2157 9137/335/2164 9138/391/2194
f  9139/310/2195 9140/309/2189 9141/311/2188
f  9142/308/2196 9143/309/2189 9144/310/2195
f  9145/309/2189 9146/308/2196 9147/302/2197
f  9148/302/2197 9149/304/2198 9150/309/2189
f  9151/313/2190 9152/309/2189 9153/304/2198
f  9154/304/2198 9155/305/2199 9156/313/2190
f  9157/314/2191 9158/313/2190 9159/305/2199
f  9160/305/2199 9161/315/2200 9162/314/2191
f  9163/324/2192 9164/314/2191 9165/315/2200
f  9166/315/2200 9167/392/2201 9168/324/2192
f  9169/390/2193 9170/324/2192 9171/392/2201
f  9172/307/2202 9173/302/2197 9174/308/2196
f  9175/301/2203 9176/302/2197 9177/307/2202
f  9178/302/2197 9179/301/2203 9180/298/2204
f  9181/298/2204 9182/303/2205 9183/302/2197
f  9184/304/2198 9185/302/2197 9186/303/2205
f  9187/304/2198 9188/303/2205 9189/292/2206
f  9190/292/2206 9191/305/2199 9192/304/2198
f  9193/292/2206 9194/306/2207 9195/305/2199
f  9196/315/2200 9197/305/2199 9198/306/2207
f  9199/306/2207 9200/316/2208 9201/315/2200
f  9202/392/2201 9203/315/2200 9204/316/2208
f  9205/300/2209 9206/298/2204 9207/301/2203
f  9208/298/2204 9209/300/2209 9210/297/2210
f  9211/297/2210 9212/291/2211 9213/298/2204
f  9214/299/2212 9215/298/2204 9216/291/2211
f  9217/303/2205 9218/298/2204 9219/299/2212
f  9220/299/2212 9221/292/2206 9222/303/2205
f  9223/297/2210 9224/300/2209 9225/296/2213
f  9226/296/2213 9227/290/2214 9228/297/2210
f  9229/291/2211 9230/297/2210 9231/290/2214
f  9232/290/2214 9233/286/2215 9234/291/2211
f  9235/292/2206 9236/291/2211 9237/286/2215
f  9238/291/2211 9239/292/2206 9240/299/2212
f  9241/290/2214 9242/296/2213 9243/295/2216
f  9244/295/2216 9245/289/2217 9246/290/2214
f  9247/286/2215 9248/290/2214 9249/289/2217
f  9250/286/2215 9251/289/2217 9252/285/2218
f  9253/285/2218 9254/281/2219 9255/286/2215
f  9256/274/2220 9257/286/2215 9258/281/2219
f  9259/286/2215 9260/274/2220 9261/292/2206
f  9262/293/2221 9263/292/2206 9264/274/2220
f  9265/306/2207 9266/292/2206 9267/293/2221
f  9268/289/2217 9269/295/2216 9270/288/2222
f  9271/288/2222 9272/285/2218 9273/289/2217
f  9274/285/2218 9275/288/2222 9276/287/2223
f  9277/287/2223 9278/284/2224 9279/285/2218
f  9280/281/2219 9281/285/2218 9282/284/2224
f  9283/281/2219 9284/284/2224 9285/280/2225
f  9286/280/2225 9287/273/2226 9288/281/2219
f  9289/274/2220 9290/281/2219 9291/273/2226
f  9292/273/2226 9293/268/2227 9294/274/2220
f  9295/275/2228 9296/274/2220 9297/268/2227
f  9298/274/2220 9299/275/2228 9300/294/2229
f  9301/294/2229 9302/293/2221 9303/274/2220
f  9304/284/2224 9305/287/2223 9306/283/2230
f  9307/283/2230 9308/280/2225 9309/284/2224
f  9310/280/2225 9311/283/2230 9312/282/2231
f  9313/282/2231 9314/279/2232 9315/280/2225
f  9316/273/2226 9317/280/2225 9318/279/2232
f  9319/272/2233 9320/273/2226 9321/279/2232
f  9322/273/2226 9323/272/2233 9324/267/2234
f  9325/267/2234 9326/268/2227 9327/273/2226
f  9328/268/2227 9329/267/2234 9330/262/2235
f  9331/269/2236 9332/268/2227 9333/262/2235
f  9334/269/2236 9335/275/2228 9336/268/2227
f  9337/279/2232 9338/282/2231 9339/278/2237
f  9340/279/2232 9341/278/2237 9342/272/2233
f  9343/277/2238 9344/272/2233 9345/278/2237
f  9346/272/2233 9347/277/2238 9348/266/2239
f  9349/266/2239 9350/267/2234 9351/272/2233
f  9352/267/2234 9353/266/2239 9354/260/2240
f  9355/260/2240 9356/261/2241 9357/267/2234
f  9358/262/2235 9359/267/2234 9360/261/2241
f  9361/262/2235 9362/261/2241 9363/255/2242
f  9364/255/2242 9365/263/2243 9366/262/2235
f  9367/262/2235 9368/263/2243 9369/269/2236
f  9370/263/2243 9371/264/2244 9372/269/2236
f  9373/270/2245 9374/269/2236 9375/264/2244
f  9376/269/2236 9377/270/2245 9378/275/2228
f  9379/260/2240 9380/266/2239 9381/265/2246
f  9382/260/2240 9383/265/2246 9384/259/2247
f  9385/259/2247 9386/254/2248 9387/260/2240
f  9388/261/2241 9389/260/2240 9390/254/2248
f  9391/254/2248 9392/255/2242 9393/261/2241
f  9394/255/2242 9395/254/2248 9396/247/2249
f  9397/248/2250 9398/255/2242 9399/247/2249
f  9400/255/2242 9401/248/2250 9402/256/2251
f  9403/256/2251 9404/263/2243 9405/255/2242
f  9406/264/2244 9407/263/2243 9408/256/2251
f  9409/257/2252 9410/264/2244 9411/256/2251
f  9412/264/2244 9413/257/2252 9414/258/2253
f  9415/258/2253 9416/270/2245 9417/264/2244
f  9418/254/2248 9419/259/2247 9420/253/2254
f  9421/253/2254 9422/247/2249 9423/254/2248
f  9424/247/2249 9425/253/2254 9426/252/2255
f  9427/241/2256 9428/247/2249 9429/252/2255
f  9430/242/2257 9431/247/2249 9432/241/2256
f  9433/247/2249 9434/242/2257 9435/248/2250
f  9436/249/2258 9437/248/2250 9438/242/2257
f  9439/248/2250 9440/249/2258 9441/257/2252
f  9442/256/2251 9443/248/2250 9444/257/2252
f  9445/241/2256 9446/238/2259 9447/242/2257
f  9448/243/2260 9449/242/2257 9450/238/2259
f  9451/242/2257 9452/243/2260 9453/249/2258
f  9454/243/2260 9455/250/2261 9456/249/2258
f  9457/258/2253 9458/249/2258 9459/250/2261
f  9460/249/2258 9461/258/2253 9462/257/2252
f  9463/238/2259 9464/241/2256 9465/237/2262
f  9466/233/2263 9467/238/2259 9468/237/2262
f  9469/238/2259 9470/233/2263 9471/239/2264
f  9472/239/2264 9473/243/2260 9474/238/2259
f  9475/243/2260 9476/239/2264 9477/244/2265
f  9478/244/2265 9479/251/2266 9480/243/2260
f  9481/250/2261 9482/243/2260 9483/251/2266
f  9484/235/2074 9485/237/2262 9486/241/2256
f  9487/237/2262 9488/235/2074 9489/236/2080
f  9490/232/2079 9491/237/2262 9492/236/2080
f  9493/237/2262 9494/232/2079 9495/233/2263
f  9496/225/2087 9497/233/2263 9498/232/2079
f  9499/233/2263 9500/225/2087 9501/234/2267
f  9502/234/2267 9503/239/2264 9504/233/2263
f  9505/239/2264 9506/234/2267 9507/240/2268
f  9508/240/2268 9509/244/2265 9510/239/2264
f  9511/244/2265 9512/240/2268 9513/245/2269
f  9514/377/2270 9515/244/2265 9516/245/2269
f  9517/244/2265 9518/377/2270 9519/381/2271
f  9520/251/2266 9521/244/2265 9522/381/2271
f  9523/251/2266 9524/381/2271 9525/386/2272
f  9526/250/2261 9527/251/2266 9528/386/2272
f  9529/226/2273 9530/234/2267 9531/225/2087
f  9532/226/2273 9533/240/2268 9534/234/2267
f  9535/240/2268 9536/226/2273 9537/246/2274
f  9538/240/2268 9539/246/2274 9540/245/2269
f  9541/376/2275 9542/245/2269 9543/246/2274
f  9544/374/2276 9545/245/2269 9546/376/2275
f  9547/245/2269 9548/374/2276 9549/377/2270
f  9550/374/2276 9551/378/2277 9552/377/2270
f  9553/378/2277 9554/381/2271 9555/377/2270
f  9556/378/2277 9557/382/2278 9558/381/2271
f  9559/382/2278 9560/386/2272 9561/381/2271
f  9562/226/2273 9563/225/2087 9564/212/2095
f  9565/226/2273 9566/212/2095 9567/205/2113
f  9568/226/2273 9569/205/2113 9570/368/2279
f  9571/226/2273 9572/368/2279 9573/373/2280
f  9574/373/2280 9575/246/2274 9576/226/2273
f  9577/246/2274 9578/373/2280 9579/376/2275
f  9580/376/2275 9581/373/2280 9582/374/2276
f  9583/374/2276 9584/373/2280 9585/369/2281
f  9586/374/2276 9587/369/2281 9588/375/2282
f  9589/378/2277 9590/374/2276 9591/375/2282
f  9592/378/2277 9593/375/2282 9594/379/2283
f  9595/382/2278 9596/378/2277 9597/379/2283
f  9598/204/2101 9599/205/2113 9600/212/2095
f  9601/369/2281 9602/373/2280 9603/368/2279
f  9604/365/2147 9605/369/2281 9606/368/2279
f  9607/370/2284 9608/369/2281 9609/365/2147
f  9610/370/2284 9611/375/2282 9612/369/2281
f  9613/370/2284 9614/372/2285 9615/375/2282
f  9616/372/2285 9617/379/2283 9618/375/2282
f  9619/379/2283 9620/372/2285 9621/380/2286
f  9622/380/2286 9623/382/2278 9624/379/2283
f  9625/198/2112 9626/365/2147 9627/368/2279
f  9628/365/2147 9629/198/2112 9630/191/2119
f  9631/191/2119 9632/364/2140 9633/365/2147
f  9634/205/2113 9635/198/2112 9636/368/2279
f  9637/382/2278 9638/380/2286 9639/383/2287
f  9640/384/2288 9641/383/2287 9642/380/2286
f  9643/383/2287 9644/384/2288 9645/385/2289
f  9646/388/2290 9647/383/2287 9648/385/2289
f  9649/383/2287 9650/388/2290 9651/387/2291
f  9652/387/2291 9653/382/2278 9654/383/2287
f  9655/382/2278 9656/387/2291 9657/386/2272
f  9658/386/2272 9659/387/2291 9660/250/2261
f  9661/380/2286 9662/367/2292 9663/384/2288
f  9664/367/2292 9665/362/2158 9666/384/2288
f  9667/362/2158 9668/385/2289 9669/384/2288
f  9670/385/2289 9671/362/2158 9672/354/2157
f  9673/354/2157 9674/391/2194 9675/385/2289
f  9676/388/2290 9677/385/2289 9678/391/2194
f  9679/390/2193 9680/388/2290 9681/391/2194
f  9682/388/2290 9683/390/2193 9684/389/2293
f  9685/389/2293 9686/387/2291 9687/388/2290
f  9688/367/2292 9689/380/2286 9690/372/2285
f  9691/372/2285 9692/366/2146 9693/367/2292
f  9694/367/2292 9695/366/2146 9696/361/2151
f  9697/362/2158 9698/367/2292 9699/361/2151
f  9700/366/2146 9701/372/2285 9702/371/2294
f  9703/371/2294 9704/365/2147 9705/366/2146
f  9706/370/2284 9707/365/2147 9708/371/2294
f  9709/372/2285 9710/370/2284 9711/371/2294
f  9712/392/2201 9713/389/2293 9714/390/2193
f  9715/389/2293 9716/392/2201 9717/271/2295
f  9718/271/2295 9719/387/2291 9720/389/2293
f  9721/271/2295 9722/250/2261 9723/387/2291
f  9724/250/2261 9725/271/2295 9726/258/2253
f  9727/270/2245 9728/258/2253 9729/271/2295
f  9730/271/2295 9731/276/2296 9732/270/2245
f  9733/275/2228 9734/270/2245 9735/276/2296
f  9736/316/2208 9737/271/2295 9738/392/2201
f  9739/271/2295 9740/316/2208 9741/276/2296
f  9742/317/2297 9743/276/2296 9744/316/2208
f  9745/276/2296 9746/317/2297 9747/275/2228
f  9748/275/2228 9749/317/2297 9750/294/2229
f  9751/293/2221 9752/294/2229 9753/317/2297
f  9754/293/2221 9755/317/2297 9756/306/2207
f  9757/316/2208 9758/306/2207 9759/317/2297
f  9760/1225/2298 9761/1223/2299 9762/1226/2300
f  9763/1223/2299 9764/1225/2298 9765/1222/2301
f  9766/1222/2301 9767/1214/2302 9768/1223/2299
f  9769/1214/2302 9770/1224/2303 9771/1223/2299
f  9772/1227/2304 9773/1223/2299 9774/1224/2303
f  9775/1223/2299 9776/1227/2304 9777/1226/2300
f  9778/1214/2302 9779/1222/2301 9780/1216/2305
f  9781/1215/2306 9782/1214/2302 9783/1216/2305
f  9784/1214/2302 9785/1215/2306 9786/1217/2307
f  9787/1217/2307 9788/1221/2308 9789/1214/2302
f  9790/1224/2303 9791/1214/2302 9792/1221/2308
f  9793/1215/2306 9794/1218/2309 9795/1217/2307
f  9796/1218/2309 9797/1219/2310 9798/1217/2307
f  9799/1219/2310 9800/1220/2311 9801/1217/2307
f  9802/1221/2308 9803/1217/2307 9804/1220/2311
f  9805/1171/2312 9806/1170/2313 9807/1172/2314
f  9808/1170/2313 9809/1171/2312 9810/1173/2315
f  9811/1173/2315 9812/1180/2316 9813/1170/2313
f  9814/1180/2316 9815/1173/2315 9816/1181/2317
f  9817/1173/2315 9818/1182/2318 9819/1181/2317
f  9820/1182/2318 9821/1173/2315 9822/1174/2319
f  9823/1174/2319 9824/1183/2320 9825/1182/2318
f  9826/1172/2314 9827/1176/2321 9828/1171/2312
f  9829/1175/2322 9830/1171/2312 9831/1176/2321
f  9832/1174/2319 9833/1171/2312 9834/1175/2322
f  9835/1171/2312 9836/1174/2319 9837/1173/2315
f  9838/1176/2321 9839/1172/2314 9840/1177/2323
f  9841/1177/2323 9842/1178/2324 9843/1176/2321
f  9844/1186/2325 9845/1176/2321 9846/1178/2324
f  9847/1175/2322 9848/1176/2321 9849/1186/2325
f  9850/1186/2325 9851/1185/2326 9852/1175/2322
f  9853/1175/2322 9854/1185/2326 9855/1184/2327
f  9856/1184/2327 9857/1174/2319 9858/1175/2322
f  9859/1183/2320 9860/1174/2319 9861/1184/2327
f  9862/1184/2327 9863/1191/2328 9864/1183/2320
f  9865/1191/2328 9866/1184/2327 9867/1192/2329
f  9868/1192/2329 9869/1197/2330 9870/1191/2328
f  9871/1178/2324 9872/1177/2323 9873/1179/2331
f  9874/1179/2331 9875/1187/2332 9876/1178/2324
f  9877/1187/2332 9878/1186/2325 9879/1178/2324
f  9880/1186/2325 9881/1187/2332 9882/1205/2333
f  9883/1186/2325 9884/1205/2333 9885/1204/2334
f  9886/1186/2325 9887/1204/2334 9888/1196/2335
f  9889/1185/2326 9890/1186/2325 9891/1196/2335
f  9892/1187/2332 9893/1179/2331 9894/1188/2336
f  9895/1189/2337 9896/1187/2332 9897/1188/2336
f  9898/1187/2332 9899/1189/2337 9900/1190/2338
f  9901/1187/2332 9902/1190/2338 9903/1205/2333
f  9904/1190/2338 9905/1211/2339 9906/1205/2333
f  9907/1211/2339 9908/1204/2334 9909/1205/2333
f  9910/1204/2334 9911/1211/2339 9912/1210/2340
f  9913/1210/2340 9914/1203/2341 9915/1204/2334
f  9916/1204/2334 9917/1203/2341 9918/1196/2335
f  9919/1203/2341 9920/1202/2342 9921/1196/2335
f  9922/1196/2335 9923/1202/2342 9924/1195/2343
f  9925/1185/2326 9926/1196/2335 9927/1195/2343
f  9928/1203/2341 9929/1210/2340 9930/1209/2344
f  9931/1209/2344 9932/1207/2345 9933/1203/2341
f  9934/1202/2342 9935/1203/2341 9936/1207/2345
f  9937/1207/2345 9938/1206/2346 9939/1202/2342
f  9940/1201/2347 9941/1202/2342 9942/1206/2346
f  9943/1202/2342 9944/1201/2347 9945/1195/2343
f  9946/1200/2348 9947/1195/2343 9948/1201/2347
f  9949/1195/2343 9950/1200/2348 9951/1194/2349
f  9952/1185/2326 9953/1195/2343 9954/1194/2349
f  9955/1207/2345 9956/1209/2344 9957/1208/2350
f  9958/1213/2351 9959/1207/2345 9960/1208/2350
f  9961/1207/2345 9962/1213/2351 9963/1212/2352
f  9964/1206/2346 9965/1207/2345 9966/1212/2352
f  9967/1199/2353 9968/1194/2349 9969/1200/2348
f  9970/1194/2349 9971/1199/2353 9972/1193/2354
f  9973/1193/2354 9974/1185/2326 9975/1194/2349
f  9976/1185/2326 9977/1193/2354 9978/1192/2329
f  9979/1185/2326 9980/1192/2329 9981/1184/2327
f  9982/1198/2355 9983/1193/2354 9984/1199/2353
f  9985/1193/2354 9986/1198/2355 9987/1197/2330
f  9988/1197/2330 9989/1192/2329 9990/1193/2354
f  9991/1228/2356 9992/1229/2357 9993/1230/2358
f  9994/1229/2357 9995/1228/2356 9996/1231/2359
f  9997/1231/2359 9998/1232/2360 9999/1229/2357
f  10000/1232/2360 10001/1233/2361 10002/1229/2357
f  10003/1234/2362 10004/1229/2357 10005/1233/2361
f  10006/1229/2357 10007/1234/2362 10008/1230/2358
f  10009/1235/2363 10010/1231/2359 10011/1228/2356
f  10012/1231/2359 10013/1235/2363 10014/1236/2364
f  10015/1236/2364 10016/1237/2365 10017/1231/2359
f  10018/1232/2360 10019/1231/2359 10020/1237/2365
f  10021/1237/2365 10022/1238/2366 10023/1232/2360
f  10024/1238/2366 10025/1239/2367 10026/1232/2360
f  10027/1233/2361 10028/1232/2360 10029/1239/2367
f  10030/1239/2367 10031/1240/2368 10032/1233/2361
f  10033/1241/2369 10034/1233/2361 10035/1240/2368
f  10036/1233/2361 10037/1241/2369 10038/1234/2362
f  10039/1242/2370 10040/1236/2364 10041/1235/2363
f  10042/1236/2364 10043/1242/2370 10044/1243/2371
f  10045/1243/2371 10046/1244/2372 10047/1236/2364
f  10048/1237/2365 10049/1236/2364 10050/1244/2372
f  10051/1244/2372 10052/1245/2373 10053/1237/2365
f  10054/1238/2366 10055/1237/2365 10056/1245/2373
f  10057/1245/2373 10058/1246/2374 10059/1238/2366
f  10060/1246/2374 10061/1247/2375 10062/1238/2366
f  10063/1239/2367 10064/1238/2366 10065/1247/2375
f  10066/1247/2375 10067/1248/2376 10068/1239/2367
f  10069/1240/2368 10070/1239/2367 10071/1248/2376
f  10072/1249/2377 10073/1243/2371 10074/1242/2370
f  10075/1243/2371 10076/1249/2377 10077/1250/2378
f  10078/1251/2379 10079/1243/2371 10080/1250/2378
f  10081/1243/2371 10082/1251/2379 10083/1252/2380
f  10084/1244/2372 10085/1243/2371 10086/1252/2380
f  10087/1245/2373 10088/1244/2372 10089/1252/2380
f  10090/1252/2380 10091/1253/2381 10092/1245/2373
f  10093/1246/2374 10094/1245/2373 10095/1253/2381
f  10096/1249/2377 10097/1254/2382 10098/1250/2378
f  10099/1255/2383 10100/1250/2378 10101/1254/2382
f  10102/1250/2378 10103/1255/2383 10104/1251/2379
f  10105/1255/2383 10106/1253/2381 10107/1251/2379
f  10108/1253/2381 10109/1252/2380 10110/1251/2379
f  10111/1254/2382 10112/1249/2377 10113/1256/2384
f  10114/1256/2384 10115/1257/2385 10116/1254/2382
f  10117/1258/2386 10118/1254/2382 10119/1257/2385
f  10120/1254/2382 10121/1258/2386 10122/1255/2383
f  10123/1258/2386 10124/1259/2387 10125/1255/2383
f  10126/1253/2381 10127/1255/2383 10128/1259/2387
f  10129/1259/2387 10130/1246/2374 10131/1253/2381
f  10132/1257/2385 10133/1256/2384 10134/1260/2388
f  10135/1260/2388 10136/1261/2389 10137/1257/2385
f  10138/1262/2390 10139/1257/2385 10140/1261/2389
f  10141/1257/2385 10142/1262/2390 10143/1258/2386
f  10144/1259/2387 10145/1258/2386 10146/1262/2390
f  10147/1262/2390 10148/1263/2391 10149/1259/2387
f  10150/1246/2374 10151/1259/2387 10152/1263/2391
f  10153/1264/2392 10154/1246/2374 10155/1263/2391
f  10156/1246/2374 10157/1264/2392 10158/1265/2393
f  10159/1247/2375 10160/1246/2374 10161/1265/2393
f  10162/1261/2389 10163/1260/2388 10164/1266/2394
f  10165/1267/2395 10166/1261/2389 10167/1266/2394
f  10168/1261/2389 10169/1267/2395 10170/1268/2396
f  10171/1269/2397 10172/1261/2389 10173/1268/2396
f  10174/1261/2389 10175/1269/2397 10176/1262/2390
f  10177/1263/2391 10178/1262/2390 10179/1269/2397
f  10180/1270/2398 10181/1263/2391 10182/1269/2397
f  10183/1263/2391 10184/1270/2398 10185/1264/2392
f  10186/1271/2399 10187/1264/2392 10188/1270/2398
f  10189/1264/2392 10190/1271/2399 10191/1272/2400
f  10192/1272/2400 10193/1265/2393 10194/1264/2392
f  10195/1273/2401 10196/1268/2396 10197/1267/2395
f  10198/1268/2396 10199/1273/2401 10200/1274/2402
f  10201/1274/2402 10202/1269/2397 10203/1268/2396
f  10204/1269/2397 10205/1274/2402 10206/1270/2398
f  10207/1275/2403 10208/1270/2398 10209/1274/2402
f  10210/1270/2398 10211/1275/2403 10212/1271/2399
f  10213/1276/2404 10214/1271/2399 10215/1275/2403
f  10216/1271/2399 10217/1276/2404 10218/1272/2400
f  10219/1277/2405 10220/1272/2400 10221/1276/2404
f  10222/1272/2400 10223/1277/2405 10224/1278/2406
f  10225/1265/2393 10226/1272/2400 10227/1278/2406
f  10228/1279/2407 10229/1274/2402 10230/1273/2401
f  10231/1274/2402 10232/1279/2407 10233/1275/2403
f  10234/1280/2408 10235/1275/2403 10236/1279/2407
f  10237/1275/2403 10238/1280/2408 10239/1276/2404
f  10240/1281/2409 10241/1276/2404 10242/1280/2408
f  10243/1276/2404 10244/1281/2409 10245/1277/2405
f  10246/1281/2409 10247/1282/2410 10248/1277/2405
f  10249/1282/2410 10250/1278/2406 10251/1277/2405
f  10252/1278/2406 10253/1282/2410 10254/1283/2411
f  10255/1283/2411 10256/1265/2393 10257/1278/2406
f  10258/1265/2393 10259/1283/2411 10260/1247/2375
f  10261/1248/2376 10262/1247/2375 10263/1283/2411
f  10264/1282/2410 10265/1248/2376 10266/1283/2411
f  10267/1248/2376 10268/1282/2410 10269/1240/2368
f  10270/1284/2412 10271/1240/2368 10272/1282/2410
f  10273/1240/2368 10274/1284/2412 10275/1241/2369
f  10276/1282/2410 10277/1281/2409 10278/1284/2412
f  10279/1229/2413 10280/1228/2414 10281/1230/2415
f  10282/1228/2414 10283/1229/2413 10284/1231/2416
f  10285/1231/2416 10286/1235/2417 10287/1228/2414
f  10288/1235/2417 10289/1231/2416 10290/1236/2418
f  10291/1236/2418 10292/1242/2419 10293/1235/2417
f  10294/1242/2419 10295/1236/2418 10296/1243/2420
f  10297/1243/2420 10298/1249/2421 10299/1242/2419
f  10300/1234/2422 10301/1229/2413 10302/1230/2415
f  10303/1229/2413 10304/1234/2422 10305/1233/2423
f  10306/1233/2423 10307/1232/2424 10308/1229/2413
f  10309/1232/2424 10310/1231/2416 10311/1229/2413
f  10312/1231/2416 10313/1232/2424 10314/1237/2425
f  10315/1237/2425 10316/1236/2418 10317/1231/2416
f  10318/1236/2418 10319/1237/2425 10320/1244/2426
f  10321/1244/2426 10322/1243/2420 10323/1236/2418
f  10324/1241/2427 10325/1233/2423 10326/1234/2422
f  10327/1233/2423 10328/1241/2427 10329/1240/2428
f  10330/1240/2428 10331/1239/2429 10332/1233/2423
f  10333/1232/2424 10334/1233/2423 10335/1239/2429
f  10336/1239/2429 10337/1238/2430 10338/1232/2424
f  10339/1238/2430 10340/1237/2425 10341/1232/2424
f  10342/1237/2425 10343/1238/2430 10344/1245/2431
f  10345/1245/2431 10346/1244/2426 10347/1237/2425
f  10348/1244/2426 10349/1245/2431 10350/1252/2432
f  10351/1243/2420 10352/1244/2426 10353/1252/2432
f  10354/1284/2433 10355/1240/2428 10356/1241/2427
f  10357/1240/2428 10358/1284/2433 10359/1282/2434
f  10360/1282/2434 10361/1248/2435 10362/1240/2428
f  10363/1239/2429 10364/1240/2428 10365/1248/2435
f  10366/1248/2435 10367/1247/2436 10368/1239/2429
f  10369/1238/2430 10370/1239/2429 10371/1247/2436
f  10372/1247/2436 10373/1246/2437 10374/1238/2430
f  10375/1246/2437 10376/1245/2431 10377/1238/2430
f  10378/1245/2431 10379/1246/2437 10380/1253/2438
f  10381/1253/2438 10382/1252/2432 10383/1245/2431
f  10384/1252/2432 10385/1253/2438 10386/1251/2439
f  10387/1251/2439 10388/1243/2420 10389/1252/2432
f  10390/1281/2440 10391/1282/2434 10392/1284/2433
f  10393/1282/2434 10394/1281/2440 10395/1277/2441
f  10396/1278/2442 10397/1282/2434 10398/1277/2441
f  10399/1282/2434 10400/1278/2442 10401/1283/2443
f  10402/1248/2435 10403/1282/2434 10404/1283/2443
f  10405/1247/2436 10406/1248/2435 10407/1283/2443
f  10408/1283/2443 10409/1265/2444 10410/1247/2436
f  10411/1246/2437 10412/1247/2436 10413/1265/2444
f  10414/1281/2440 10415/1276/2445 10416/1277/2441
f  10417/1272/2446 10418/1277/2441 10419/1276/2445
f  10420/1277/2441 10421/1272/2446 10422/1278/2442
f  10423/1272/2446 10424/1265/2444 10425/1278/2442
f  10426/1265/2444 10427/1283/2443 10428/1278/2442
f  10429/1276/2445 10430/1281/2440 10431/1280/2447
f  10432/1280/2447 10433/1275/2448 10434/1276/2445
f  10435/1271/2449 10436/1276/2445 10437/1275/2448
f  10438/1276/2445 10439/1271/2449 10440/1272/2446
f  10441/1271/2449 10442/1264/2450 10443/1272/2446
f  10444/1265/2444 10445/1272/2446 10446/1264/2450
f  10447/1264/2450 10448/1246/2437 10449/1265/2444
f  10450/1246/2437 10451/1264/2450 10452/1263/2451
f  10453/1259/2452 10454/1246/2437 10455/1263/2451
f  10456/1246/2437 10457/1259/2452 10458/1253/2438
f  10459/1275/2448 10460/1280/2447 10461/1279/2453
f  10462/1279/2453 10463/1274/2454 10464/1275/2448
f  10465/1270/2455 10466/1275/2448 10467/1274/2454
f  10468/1275/2448 10469/1270/2455 10470/1271/2449
f  10471/1264/2450 10472/1271/2449 10473/1270/2455
f  10474/1270/2455 10475/1263/2451 10476/1264/2450
f  10477/1263/2451 10478/1270/2455 10479/1269/2456
f  10480/1262/2457 10481/1263/2451 10482/1269/2456
f  10483/1263/2451 10484/1262/2457 10485/1259/2452
f  10486/1258/2458 10487/1259/2452 10488/1262/2457
f  10489/1259/2452 10490/1258/2458 10491/1255/2459
f  10492/1255/2459 10493/1253/2438 10494/1259/2452
f  10495/1253/2438 10496/1255/2459 10497/1251/2439
f  10498/1274/2454 10499/1279/2453 10500/1273/2460
f  10501/1273/2460 10502/1268/2461 10503/1274/2454
f  10504/1269/2456 10505/1274/2454 10506/1268/2461
f  10507/1274/2454 10508/1269/2456 10509/1270/2455
f  10510/1268/2461 10511/1273/2460 10512/1267/2462
f  10513/1267/2462 10514/1261/2463 10515/1268/2461
f  10516/1262/2457 10517/1268/2461 10518/1261/2463
f  10519/1268/2461 10520/1262/2457 10521/1269/2456
f  10522/1261/2463 10523/1267/2462 10524/1266/2464
f  10525/1260/2465 10526/1261/2463 10527/1266/2464
f  10528/1261/2463 10529/1260/2465 10530/1257/2466
f  10531/1257/2466 10532/1262/2457 10533/1261/2463
f  10534/1262/2457 10535/1257/2466 10536/1258/2458
f  10537/1254/2467 10538/1258/2458 10539/1257/2466
f  10540/1258/2458 10541/1254/2467 10542/1255/2459
f  10543/1250/2468 10544/1255/2459 10545/1254/2467
f  10546/1255/2459 10547/1250/2468 10548/1251/2439
f  10549/1243/2420 10550/1251/2439 10551/1250/2468
f  10552/1249/2421 10553/1243/2420 10554/1250/2468
f  10555/1254/2467 10556/1249/2421 10557/1250/2468
f  10558/1249/2421 10559/1254/2467 10560/1256/2469
f  10561/1256/2469 10562/1257/2466 10563/1260/2465
f  10564/1257/2466 10565/1256/2469 10566/1254/2467
f  10567/1285/2470 10568/1286/2471 10569/1287/2472
f  10570/1286/2471 10571/1285/2470 10572/1288/2473
f  10573/1286/2471 10574/1288/2473 10575/1289/2474
f  10576/1287/2472 10577/1286/2471 10578/1289/2474
f  10579/1290/2475 10580/1287/2472 10581/1289/2474
f  10582/1289/2474 10583/1291/2476 10584/1290/2475
f  10585/1292/2477 10586/1291/2476 10587/1289/2474
f  10588/1292/2477 10589/1293/2478 10590/1291/2476
f  10591/1292/2477 10592/1294/2479 10593/1293/2478
f  10594/1288/2473 10595/1295/2480 10596/1289/2474
f  10597/1289/2474 10598/1295/2480 10599/1294/2479
f  10600/1294/2479 10601/1292/2477 10602/1289/2474
f  10603/1286/2481 10604/1285/2482 10605/1287/2483
f  10606/1285/2482 10607/1286/2481 10608/1288/2484
f  10609/1288/2484 10610/1286/2481 10611/1289/2485
f  10612/1295/2486 10613/1288/2484 10614/1289/2485
f  10615/1295/2486 10616/1289/2485 10617/1294/2487
f  10618/1292/2488 10619/1294/2487 10620/1289/2485
f  10621/1294/2487 10622/1292/2488 10623/1293/2489
f  10624/1286/2481 10625/1287/2483 10626/1289/2485
f  10627/1287/2483 10628/1290/2490 10629/1289/2485
f  10630/1291/2491 10631/1289/2485 10632/1290/2490
f  10633/1291/2491 10634/1292/2488 10635/1289/2485
f  10636/1293/2489 10637/1292/2488 10638/1291/2491

