# File produced by Open Asset Import Library (http://www.assimp.sf.net)
# (assimp v6.0.0)

mtllib ship15g.mtl

# 5304 vertex positions
v -44.0719986 2.83599758 54.4199944
v -42.8599968 2.3839972 57.8079948
v -43.7560005 2.75599718 57.0759964
v -42.8599968 2.3839972 57.8079948
v -44.0719986 2.83599758 54.4199944
v -40.6839981 1.45599747 57.1439934
v -41.5839996 1.4919982 41.423996
v -40.6839981 1.45599747 57.1439934
v -44.0719986 2.83599758 54.4199944
v -40.6839981 1.45599747 57.1439934
v -41.5839996 1.4919982 41.423996
v -20.9120026 -5.86000204 42.2519989
v -37.1760025 -0.0920013264 30.4599972
v -20.9120026 -5.86000204 42.2519989
v -41.5839996 1.4919982 41.423996
v -20.9120026 -5.86000204 42.2519989
v -37.1760025 -0.0920013264 30.4599972
v -17.7479992 -6.5440011 38.3959961
v -30.920002 -1.3080008 21.7559986
v -17.7479992 -6.5440011 38.3959961
v -37.1760025 -0.0920013264 30.4599972
v -17.7479992 -6.5440011 38.3959961
v -30.920002 -1.3080008 21.7559986
v -13.7600002 -6.81600094 27.6399975
v -26.7840004 -1.82000065 17.7279987
v -13.7600002 -6.81600094 27.6399975
v -30.920002 -1.3080008 21.7559986
v -13.7600002 -6.81600094 27.6399975
v -26.7840004 -1.82000065 17.7279987
v -6.7840004 -7.4000001 17.1639996
v -21.4000015 -2.40400052 14.8039989
v -6.7840004 -7.4000001 17.1639996
v -26.7840004 -1.82000065 17.7279987
v -7.22400045 -6.70800018 15.224
v -6.7840004 -7.4000001 17.1639996
v -21.4000015 -2.40400052 14.8039989
v -15.1639996 -3.44000053 13.3039989
v -7.22400045 -6.70800018 15.224
v -21.4000015 -2.40400052 14.8039989
v -7.22400045 -6.70800018 15.224
v -15.1639996 -3.44000053 13.3039989
v -9.86400032 -5.20000029 13.5679979
v 5.95600033 5.8599987 35.0159988
v 12.5479994 11.3359976 33.9840012
v 12.4040003 5.9039979 31.7239971
v 12.5479994 11.3359976 33.9840012
v 5.95600033 5.8599987 35.0159988
v 1.82400012 11.8359976 39.1679955
v 10.2199993 12.791996 45.8199959
v 12.5479994 11.3359976 33.9840012
v 1.82400012 11.8359976 39.1679955
v 12.5479994 11.3359976 33.9840012
v 10.2199993 12.791996 45.8199959
v 15.6760006 11.7039976 39.8120003
v 18.1560001 5.03999805 38.6439972
v 12.5479994 11.3359976 33.9840012
v 15.6760006 11.7039976 39.8120003
v 12.5479994 11.3359976 33.9840012
v 18.1560001 5.03999805 38.6439972
v 12.4040003 5.9039979 31.7239971
v 0 5.85999823 36.3400002
v 1.82400012 11.8359976 39.1679955
v 5.95600033 5.8599987 35.0159988
v 0 5.85999823 36.3400002
v -6.55999994 11.7159977 37.6079979
v 1.82400012 11.8359976 39.1679955
v 1.82400012 11.8359976 39.1679955
v -6.55999994 11.7159977 37.6079979
v 0 12.9999971 48.7559967
v 10.2199993 12.791996 45.8199959
v 1.82400012 11.8359976 39.1679955
v 0 12.9999971 48.7559967
v 10.2199993 12.791996 45.8199959
v 0 12.9999971 48.7559967
v 7.82800007 10.3199968 51.2079964
v 10.2199993 12.791996 45.8199959
v 7.82800007 10.3199968 51.2079964
v 14.5239992 9.79199696 48.1199951
v 10.2199993 12.791996 45.8199959
v 14.5239992 9.79199696 48.1199951
v 15.6760006 11.7039976 39.8120003
v 14.5239992 9.79199696 48.1199951
v 17.6639996 9.36799717 43.8399963
v 15.6760006 11.7039976 39.8120003
v 17.6639996 9.36799717 43.8399963
v 18.1560001 5.03999805 38.6439972
v 15.6760006 11.7039976 39.8120003
v -6.55999994 11.7159977 37.6079979
v 0 5.85999823 36.3400002
v -5.95600033 5.8599987 35.0159988
v -5.95600033 5.8599987 35.0159988
v -12.5479994 11.3359976 33.9840012
v -6.55999994 11.7159977 37.6079979
v -15.6760006 11.7039976 39.8120003
v -6.55999994 11.7159977 37.6079979
v -12.5479994 11.3359976 33.9840012
v -6.55999994 11.7159977 37.6079979
v -15.6760006 11.7039976 39.8120003
v -10.2199993 12.791996 45.8199959
v -6.55999994 11.7159977 37.6079979
v -10.2199993 12.791996 45.8199959
v 0 12.9999971 48.7559967
v 0 12.9999971 48.7559967
v -10.2199993 12.791996 45.8199959
v -7.82800007 10.3199968 51.2079964
v 0 10.211997 52.7519951
v 0 12.9999971 48.7559967
v -7.82800007 10.3199968 51.2079964
v 0 12.9999971 48.7559967
v 0 10.211997 52.7519951
v 7.82800007 10.3199968 51.2079964
v -12.5479994 11.3359976 33.9840012
v -5.95600033 5.8599987 35.0159988
v -12.4040003 5.9039979 31.7239971
v -14.5239992 9.79199696 48.1199951
v -7.82800007 10.3199968 51.2079964
v -10.2199993 12.791996 45.8199959
v -14.5239992 9.79199696 48.1199951
v -10.2199993 12.791996 45.8199959
v -15.6760006 11.7039976 39.8120003
v -17.6639996 9.36799717 43.8399963
v -14.5239992 9.79199696 48.1199951
v -15.6760006 11.7039976 39.8120003
v -18.3239994 5.02399778 39.1639977
v -17.6639996 9.36799717 43.8399963
v -15.6760006 11.7039976 39.8120003
v -12.5479994 11.3359976 33.9840012
v -18.3239994 5.02399778 39.1639977
v -15.6760006 11.7039976 39.8120003
v -18.3239994 5.02399778 39.1639977
v -12.5479994 11.3359976 33.9840012
v -12.4040003 5.9039979 31.7239971
v 35.1839981 -7.23599958 10.7479992
v 36.0439987 -6.95599937 8.37999916
v 35.8079987 -6.97200012 10.2359991
v 36.0439987 -6.95599937 8.37999916
v 35.1839981 -7.23599958 10.7479992
v 33.6800003 -7.93200016 10.2879992
v 33.6800003 -7.93200016 10.2879992
v 34.4039993 -8.15599918 -0.704000354
v 36.0439987 -6.95599937 8.37999916
v 34.4039993 -8.15599918 -0.704000354
v 33.6800003 -7.93200016 10.2879992
v 20.052 -13.6319981 -0.120000593
v 20.052 -13.6319981 -0.120000593
v 31.4120026 -9.52399921 -8.38000011
v 34.4039993 -8.15599918 -0.704000354
v 31.4120026 -9.52399921 -8.38000011
v 20.052 -13.6319981 -0.120000593
v 17.8760014 -14.2279987 -2.8240006
v 17.8760014 -14.2279987 -2.8240006
v 27.1079979 -10.6239986 -14.4839993
v 31.4120026 -9.52399921 -8.38000011
v 27.1079979 -10.6239986 -14.4839993
v 17.8760014 -14.2279987 -2.8240006
v 15.1559992 -14.6639996 -10.368
v 15.1559992 -14.6639996 -10.368
v 24.2479992 -11.119998 -17.316
v 27.1079979 -10.6239986 -14.4839993
v 24.2479992 -11.119998 -17.316
v 15.1559992 -14.6639996 -10.368
v 10.3480005 -15.3679981 -17.7279987
v 10.3480005 -15.3679981 -17.7279987
v 20.5040016 -11.6679983 -19.3839989
v 24.2479992 -11.119998 -17.316
v 10.3480005 -15.3679981 -17.7279987
v 10.6560011 -14.9079981 -19.0959988
v 20.5040016 -11.6679983 -19.3839989
v 10.6560011 -14.9079981 -19.0959988
v 16.1679993 -12.5199976 -20.4519997
v 20.5040016 -11.6679983 -19.3839989
v 16.1679993 -12.5199976 -20.4519997
v 10.6560011 -14.9079981 -19.0959988
v 12.4880009 -13.8359985 -20.2639999
v 7.98000002 -11.0679979 -39.0879974
v 9.33599949 -13.4279966 -41.8159981
v 9.4800005 -13.5879984 -39.6639977
v 9.33599949 -13.4279966 -41.8159981
v 7.98000002 -11.0679979 -39.0879974
v 7.52400017 -10.3079977 -41.0599976
v 8.46000004 -7.75599813 -44.9399986
v 9.33599949 -13.4279966 -41.8159981
v 7.52400017 -10.3079977 -41.0599976
v 9.33599949 -13.4279966 -41.8159981
v 8.46000004 -7.75599813 -44.9399986
v 11.0160007 -12.5319977 -45.9999962
v 8.46000004 -7.75599813 -44.9399986
v 12.9360008 -10.7319975 -48.6759987
v 11.0160007 -12.5319977 -45.9999962
v 12.9360008 -10.7319975 -48.6759987
v 8.46000004 -7.75599813 -44.9399986
v 10.5599995 -6.05999756 -47.512001
v 10.5599995 -6.05999756 -47.512001
v 15.6800003 -8.74399757 -49.1879959
v 12.9360008 -10.7319975 -48.6759987
v 15.6800003 -8.74399757 -49.1879959
v 10.5599995 -6.05999756 -47.512001
v 13.7199993 -4.91999769 -48.1879959
v 13.7199993 -4.91999769 -48.1879959
v 18.2320004 -7.55999708 -47.567997
v 15.6800003 -8.74399757 -49.1879959
v 18.2320004 -7.55999708 -47.567997
v 13.7199993 -4.91999769 -48.1879959
v 16.3279991 -4.08399773 -46.7319984
v 16.3279991 -4.08399773 -46.7319984
v 19.171999 -7.99199724 -44.6879997
v 18.2320004 -7.55999708 -47.567997
v 19.171999 -7.99199724 -44.6879997
v 16.3279991 -4.08399773 -46.7319984
v 17.1080017 -4.19599771 -43.6039963
v 15.6240005 -5.29199791 -40.7439957
v 19.171999 -7.99199724 -44.6879997
v 17.1080017 -4.19599771 -43.6039963
v 19.171999 -7.99199724 -44.6879997
v 15.6240005 -5.29199791 -40.7439957
v 18.3599987 -9.88799763 -41.7479973
v 15.6240005 -5.29199791 -40.7439957
v 15.4799995 -11.7999973 -40.2759972
v 18.3599987 -9.88799763 -41.7479973
v 15.4799995 -11.7999973 -40.2759972
v 15.6240005 -5.29199791 -40.7439957
v 12.7719994 -7.06799793 -39.1359978
v 9.65199947 -9.85999775 -38.447998
v 15.4799995 -11.7999973 -40.2759972
v 12.7719994 -7.06799793 -39.1359978
v 15.4799995 -11.7999973 -40.2759972
v 9.65199947 -9.85999775 -38.447998
v 11.512001 -13.0719967 -39.1959991
v 9.65199947 -9.85999775 -38.447998
v 9.4800005 -13.5879984 -39.6639977
v 11.512001 -13.0719967 -39.1959991
v 9.4800005 -13.5879984 -39.6639977
v 9.65199947 -9.85999775 -38.447998
v 7.98000002 -11.0679979 -39.0879974
v 12.6760006 -6.36400032 12.2959986
v 10.6160002 -1.44000053 15.54
v 11.6120005 -1.72800052 12.2639999
v 10.6160002 -1.44000053 15.54
v 12.6760006 -6.36400032 12.2959986
v 11.9920006 -7.30799961 15.5079975
v 13.7999992 -8.68400002 21.9639969
v 10.6160002 -1.44000053 15.54
v 11.9920006 -7.30799961 15.5079975
v 10.6160002 -1.44000053 15.54
v 13.7999992 -8.68400002 21.9639969
v 11.7200012 -0.072000958 22.0559978
v 13.7999992 -8.68400002 21.9639969
v 14.3120003 0.163998798 27.3759995
v 11.7200012 -0.072000958 22.0559978
v 14.3120003 0.163998798 27.3759995
v 13.7999992 -8.68400002 21.9639969
v 16.1760006 -8.29200077 27.4319992
v 20.8080006 -6.18800068 30.0359974
v 14.3120003 0.163998798 27.3759995
v 16.1760006 -8.29200077 27.4319992
v 14.3120003 0.163998798 27.3759995
v 20.8080006 -6.18800068 30.0359974
v 18.868 0.619998634 30.2599964
v 20.8080006 -6.18800068 30.0359974
v 23.8080006 1.55599856 29.2359982
v 18.868 0.619998634 30.2599964
v 23.8080006 1.55599856 29.2359982
v 20.8080006 -6.18800068 30.0359974
v 25.3360004 -4.69600058 29.0559978
v -14.2119999 -9.7679987 -20.5240002
v -16.2240009 -13.0319986 -22.711998
v -15.552001 -9.74399853 -22.5480003
v -16.2240009 -13.0319986 -22.711998
v -14.2119999 -9.7679987 -20.5240002
v -15.0960016 -13.9279985 -20.7759991
v -14.2119999 -9.7679987 -20.5240002
v -14.9880009 -15.4719982 -16.1919994
v -15.0960016 -13.9279985 -20.7759991
v -14.9880009 -15.4719982 -16.1919994
v -14.2119999 -9.7679987 -20.5240002
v -13.6400003 -9.37199879 -15.8039989
v -14.3120003 -9.72399902 -11.6879997
v -14.9880009 -15.4719982 -16.1919994
v -13.6400003 -9.37199879 -15.8039989
v -14.9880009 -15.4719982 -16.1919994
v -14.3120003 -9.72399902 -11.6879997
v -15.4840012 -15.7159986 -12.0079994
v -14.3120003 -9.72399902 -11.6879997
v -18.1040001 -14.6079988 -9.14400005
v -15.4840012 -15.7159986 -12.0079994
v -18.1040001 -14.6079988 -9.14400005
v -14.3120003 -9.72399902 -11.6879997
v -16.8080006 -9.78799915 -8.79599953
v -20.368 -9.21599865 -8.40399933
v -18.1040001 -14.6079988 -9.14400005
v -16.8080006 -9.78799915 -8.79599953
v -18.1040001 -14.6079988 -9.14400005
v -20.368 -9.21599865 -8.40399933
v -21.3799992 -13.6359997 -8.76000023
v -10.6560011 -14.9079981 -19.0959988
v -16.1679993 -12.5199976 -20.4519997
v -12.4880009 -13.8359985 -20.2639999
v -16.1679993 -12.5199976 -20.4519997
v -10.6560011 -14.9079981 -19.0959988
v -20.5040016 -11.6679983 -19.3839989
v -10.6560011 -14.9079981 -19.0959988
v -10.3480005 -15.3679981 -17.7279987
v -20.5040016 -11.6679983 -19.3839989
v -20.5040016 -11.6679983 -19.3839989
v -10.3480005 -15.3679981 -17.7279987
v -24.2479992 -11.119998 -17.316
v -15.1559992 -14.6639996 -10.368
v -24.2479992 -11.119998 -17.316
v -10.3480005 -15.3679981 -17.7279987
v -24.2479992 -11.119998 -17.316
v -15.1559992 -14.6639996 -10.368
v -27.1079979 -10.6239986 -14.4839993
v -17.8760014 -14.2279987 -2.8240006
v -27.1079979 -10.6239986 -14.4839993
v -15.1559992 -14.6639996 -10.368
v -27.1079979 -10.6239986 -14.4839993
v -17.8760014 -14.2279987 -2.8240006
v -31.4120026 -9.52399921 -8.38000011
v -20.052 -13.6319981 -0.120000593
v -31.4120026 -9.52399921 -8.38000011
v -17.8760014 -14.2279987 -2.8240006
v -31.4120026 -9.52399921 -8.38000011
v -20.052 -13.6319981 -0.120000593
v -34.4039993 -8.15599918 -0.704000354
v -33.6800003 -7.93200016 10.2879992
v -34.4039993 -8.15599918 -0.704000354
v -20.052 -13.6319981 -0.120000593
v -34.4039993 -8.15599918 -0.704000354
v -33.6800003 -7.93200016 10.2879992
v -36.0439987 -6.95599937 8.37999916
v -35.1839981 -7.23599958 10.7479992
v -36.0439987 -6.95599937 8.37999916
v -33.6800003 -7.93200016 10.2879992
v -36.0439987 -6.95599937 8.37999916
v -35.1839981 -7.23599958 10.7479992
v -35.8079987 -6.97200012 10.2359991
v -34.7000008 -5.22800064 11.1399984
v -35.8079987 -6.97200012 10.2359991
v -35.1839981 -7.23599958 10.7479992
v -35.8079987 -6.97200012 10.2359991
v -34.7000008 -5.22800064 11.1399984
v -35.3159981 -4.94000006 10.5999985
v -35.5040016 -4.83599997 8.67199898
v -35.8079987 -6.97200012 10.2359991
v -35.3159981 -4.94000006 10.5999985
v -35.8079987 -6.97200012 10.2359991
v -35.5040016 -4.83599997 8.67199898
v -36.0439987 -6.95599937 8.37999916
v -34.2160034 -5.39199972 1.57199955
v -36.0439987 -6.95599937 8.37999916
v -35.5040016 -4.83599997 8.67199898
v -36.0439987 -6.95599937 8.37999916
v -34.2160034 -5.39199972 1.57199955
v -34.4039993 -8.15599918 -0.704000354
v -34.4039993 -8.15599918 -0.704000354
v -34.2160034 -5.39199972 1.57199955
v -31.1800003 -6.49999905 -7.38000011
v -34.4039993 -8.15599918 -0.704000354
v -31.1800003 -6.49999905 -7.38000011
v -31.4120026 -9.52399921 -8.38000011
v -25.9400005 -7.51999855 -14.5519991
v -31.4120026 -9.52399921 -8.38000011
v -31.1800003 -6.49999905 -7.38000011
v -31.4120026 -9.52399921 -8.38000011
v -25.9400005 -7.51999855 -14.5519991
v -27.1079979 -10.6239986 -14.4839993
v -27.1079979 -10.6239986 -14.4839993
v -25.9400005 -7.51999855 -14.5519991
v -24.2479992 -11.119998 -17.316
v -22.8080025 -7.97599888 -17.1679993
v -24.2479992 -11.119998 -17.316
v -25.9400005 -7.51999855 -14.5519991
v -22.8080025 -7.97599888 -17.1679993
v -19.8520012 -8.46799946 -18.723999
v -24.2479992 -11.119998 -17.316
v -24.2479992 -11.119998 -17.316
v -19.8520012 -8.46799946 -18.723999
v -20.5040016 -11.6679983 -19.3839989
v -15.6040001 -9.45599842 -19.7880001
v -20.5040016 -11.6679983 -19.3839989
v -19.8520012 -8.46799946 -18.723999
v -16.1679993 -12.5199976 -20.4519997
v -20.5040016 -11.6679983 -19.3839989
v -15.6040001 -9.45599842 -19.7880001
v -12.4880009 -13.8359985 -20.2639999
v -16.1679993 -12.5199976 -20.4519997
v -15.6040001 -9.45599842 -19.7880001
v -11.4720001 -11.1119986 -19.407999
v -12.4880009 -13.8359985 -20.2639999
v -15.6040001 -9.45599842 -19.7880001
v -42.8599968 2.3839972 57.8079948
v -40.1840019 4.4319973 57.9039955
v -42.2399979 5.25199747 58.435997
v -40.1840019 4.4319973 57.9039955
v -42.8599968 2.3839972 57.8079948
v -40.6839981 1.45599747 57.1439934
v -40.1840019 4.4319973 57.9039955
v -40.6839981 1.45599747 57.1439934
v -20.9120026 -5.86000204 42.2519989
v -20.9120026 -5.86000204 42.2519989
v -20.4640007 -1.60400188 43.6759987
v -40.1840019 4.4319973 57.9039955
v -20.9120026 -5.86000204 42.2519989
v -16.9000015 -2.19200158 39.9720001
v -20.4640007 -1.60400188 43.6759987
v -16.9000015 -2.19200158 39.9720001
v -20.9120026 -5.86000204 42.2519989
v -17.7479992 -6.5440011 38.3959961
v -16.9000015 -2.19200158 39.9720001
v -17.7479992 -6.5440011 38.3959961
v -13.7600002 -6.81600094 27.6399975
v -13.7600002 -6.81600094 27.6399975
v -13.132 -2.1400013 29.5399971
v -16.9000015 -2.19200158 39.9720001
v -13.7600002 -6.81600094 27.6399975
v -7.13600016 -3.15200067 20.7199993
v -13.132 -2.1400013 29.5399971
v -7.13600016 -3.15200067 20.7199993
v -13.7600002 -6.81600094 27.6399975
v -6.7840004 -7.4000001 17.1639996
v -6.7840004 -7.4000001 17.1639996
v -6.03200006 -3.08400083 18.1039982
v -7.13600016 -3.15200067 20.7199993
v -6.03200006 -3.08400083 18.1039982
v -6.7840004 -7.4000001 17.1639996
v -6.48800039 -2.49600053 16.407999
v -6.7840004 -7.4000001 17.1639996
v -7.22400045 -6.70800018 15.224
v -6.48800039 -2.49600053 16.407999
v -6.48800039 -2.49600053 16.407999
v -7.22400045 -6.70800018 15.224
v -8.52000046 -1.30800056 14.8999996
v -7.22400045 -6.70800018 15.224
v -9.86400032 -5.20000029 13.5679979
v -8.52000046 -1.30800056 14.8999996
v -12.2720003 0.21599853 33.3639984
v -18.3239994 5.02399778 39.1639977
v -12.4040003 5.9039979 31.7239971
v -18.3239994 5.02399778 39.1639977
v -12.2720003 0.21599853 33.3639984
v -15.8000011 -0.800001562 38.2199974
v -17.9160004 3.51199818 44.2039986
v -18.3239994 5.02399778 39.1639977
v -15.8000011 -0.800001562 38.2199974
v -18.3239994 5.02399778 39.1639977
v -17.9160004 3.51199818 44.2039986
v -17.6639996 9.36799717 43.8399963
v -14.8200006 5.34399748 48.4399948
v -17.6639996 9.36799717 43.8399963
v -17.9160004 3.51199818 44.2039986
v -17.6639996 9.36799717 43.8399963
v -14.8200006 5.34399748 48.4399948
v -14.5239992 9.79199696 48.1199951
v -14.8200006 5.34399748 48.4399948
v -7.82800007 10.3199968 51.2079964
v -14.5239992 9.79199696 48.1199951
v -6.59200048 -0.0360016227 37.1919975
v -15.8000011 -0.800001562 38.2199974
v -12.2720003 0.21599853 33.3639984
v -15.8000011 -0.800001562 38.2199974
v -6.59200048 -0.0360016227 37.1919975
v -7.06399965 -1.12800193 45.6519966
v -14.4120007 1.30399787 47.6679993
v -15.8000011 -0.800001562 38.2199974
v -7.06399965 -1.12800193 45.6519966
v -14.4120007 1.30399787 47.6679993
v -17.9160004 3.51199818 44.2039986
v -15.8000011 -0.800001562 38.2199974
v -17.9160004 3.51199818 44.2039986
v -14.4120007 1.30399787 47.6679993
v -14.8200006 5.34399748 48.4399948
v -7.80399942 1.50799763 51.6479988
v -14.8200006 5.34399748 48.4399948
v -14.4120007 1.30399787 47.6679993
v -7.82800007 10.3199968 51.2079964
v -14.8200006 5.34399748 48.4399948
v -7.80399942 1.50799763 51.6479988
v -7.80399942 1.50799763 51.6479988
v 0 10.211997 52.7519951
v -7.82800007 10.3199968 51.2079964
v -12.2720003 0.21599853 33.3639984
v -5.95600033 5.8599987 35.0159988
v -6.59200048 -0.0360016227 37.1919975
v -5.95600033 5.8599987 35.0159988
v 0 -0.0440016873 38.6919975
v -6.59200048 -0.0360016227 37.1919975
v -6.59200048 -0.0360016227 37.1919975
v 0 -0.0440016873 38.6919975
v -7.06399965 -1.12800193 45.6519966
v 0 -0.0440016873 38.6919975
v 10.4960003 -1.08800185 43.4679947
v -7.06399965 -1.12800193 45.6519966
v -7.06399965 -1.12800193 45.6519966
v 10.4960003 -1.08800185 43.4679947
v 0 1.21999764 52.2879982
v -7.80399942 1.50799763 51.6479988
v -7.06399965 -1.12800193 45.6519966
v 0 1.21999764 52.2879982
v -7.80399942 1.50799763 51.6479988
v -14.4120007 1.30399787 47.6679993
v -7.06399965 -1.12800193 45.6519966
v -5.95600033 5.8599987 35.0159988
v -12.2720003 0.21599853 33.3639984
v -12.4040003 5.9039979 31.7239971
v -7.80399942 1.50799763 51.6479988
v 0 1.21999764 52.2879982
v 0 10.211997 52.7519951
v 0 1.21999764 52.2879982
v 7.56800032 1.36799777 51.6119995
v 0 10.211997 52.7519951
v 0 10.211997 52.7519951
v 7.56800032 1.36799777 51.6119995
v 7.82800007 10.3199968 51.2079964
v 14.8200006 5.34399748 48.4399948
v 7.82800007 10.3199968 51.2079964
v 7.56800032 1.36799777 51.6119995
v 7.82800007 10.3199968 51.2079964
v 14.8200006 5.34399748 48.4399948
v 14.5239992 9.79199696 48.1199951
v 14.8200006 5.34399748 48.4399948
v 17.6639996 9.36799717 43.8399963
v 14.5239992 9.79199696 48.1199951
v 17.6639996 9.36799717 43.8399963
v 14.8200006 5.34399748 48.4399948
v 17.6079998 2.68399811 44.2519951
v 18.1560001 5.03999805 38.6439972
v 17.6639996 9.36799717 43.8399963
v 17.6079998 2.68399811 44.2519951
v 10.4960003 -1.08800185 43.4679947
v 7.56800032 1.36799777 51.6119995
v 0 1.21999764 52.2879982
v 14.4120007 1.30399787 47.6679993
v 7.56800032 1.36799777 51.6119995
v 10.4960003 -1.08800185 43.4679947
v 14.8200006 5.34399748 48.4399948
v 7.56800032 1.36799777 51.6119995
v 14.4120007 1.30399787 47.6679993
v 14.4120007 1.30399787 47.6679993
v 17.6079998 2.68399811 44.2519951
v 14.8200006 5.34399748 48.4399948
v 15.8000011 -0.800001562 38.2199974
v 17.6079998 2.68399811 44.2519951
v 14.4120007 1.30399787 47.6679993
v 18.1560001 5.03999805 38.6439972
v 17.6079998 2.68399811 44.2519951
v 15.8000011 -0.800001562 38.2199974
v 12.2720003 0.21599853 33.3639984
v 18.1560001 5.03999805 38.6439972
v 15.8000011 -0.800001562 38.2199974
v 18.1560001 5.03999805 38.6439972
v 12.2720003 0.21599853 33.3639984
v 12.4040003 5.9039979 31.7239971
v 15.8000011 -0.800001562 38.2199974
v 14.4120007 1.30399787 47.6679993
v 10.4960003 -1.08800185 43.4679947
v 6.59200048 -0.0360016227 37.1919975
v 15.8000011 -0.800001562 38.2199974
v 10.4960003 -1.08800185 43.4679947
v 15.8000011 -0.800001562 38.2199974
v 6.59200048 -0.0360016227 37.1919975
v 12.2720003 0.21599853 33.3639984
v 5.95600033 5.8599987 35.0159988
v 12.2720003 0.21599853 33.3639984
v 6.59200048 -0.0360016227 37.1919975
v 12.2720003 0.21599853 33.3639984
v 5.95600033 5.8599987 35.0159988
v 12.4040003 5.9039979 31.7239971
v 6.59200048 -0.0360016227 37.1919975
v 10.4960003 -1.08800185 43.4679947
v 0 -0.0440016873 38.6919975
v 0 -0.0440016873 38.6919975
v 5.95600033 5.8599987 35.0159988
v 6.59200048 -0.0360016227 37.1919975
v 5.95600033 5.8599987 35.0159988
v 0 -0.0440016873 38.6919975
v 0 5.85999823 36.3400002
v 0 -0.0440016873 38.6919975
v -5.95600033 5.8599987 35.0159988
v 0 5.85999823 36.3400002
v -16.092001 -5.91599989 12.1999989
v -11.6120005 -1.72800052 12.2639999
v -12.6760006 -6.36400032 12.2959986
v -11.6120005 -1.72800052 12.2639999
v -16.092001 -5.91599989 12.1999989
v -14.7039995 -0.22000052 12.2279997
v -22.7679996 -5.82000065 15.1759996
v -14.7039995 -0.22000052 12.2279997
v -16.092001 -5.91599989 12.1999989
v -14.7039995 -0.22000052 12.2279997
v -22.7679996 -5.82000065 15.1759996
v -20.8080006 2.73599911 15.5079994
v -27.0279999 -4.75200033 19.223999
v -20.8080006 2.73599911 15.5079994
v -22.7679996 -5.82000065 15.1759996
v -20.8080006 2.73599911 15.5079994
v -27.0279999 -4.75200033 19.223999
v -24.907999 3.51199889 19.7199993
v -27.868 -4.19600105 24.5759983
v -24.907999 3.51199889 19.7199993
v -27.0279999 -4.75200033 19.223999
v -24.907999 3.51199889 19.7199993
v -27.868 -4.19600105 24.5759983
v -26.0599995 2.5719986 24.9640007
v -25.3360004 -4.69600058 29.0559978
v -26.0599995 2.5719986 24.9640007
v -27.868 -4.19600105 24.5759983
v -26.0599995 2.5719986 24.9640007
v -25.3360004 -4.69600058 29.0559978
v -23.8080006 1.55599856 29.2359982
v -20.8080006 -6.18800068 30.0359974
v -23.8080006 1.55599856 29.2359982
v -25.3360004 -4.69600058 29.0559978
v -23.8080006 1.55599856 29.2359982
v -20.8080006 -6.18800068 30.0359974
v -18.868 0.619998634 30.2599964
v -20.8080006 -6.18800068 30.0359974
v -14.3120003 0.163998798 27.3759995
v -18.868 0.619998634 30.2599964
v -14.3120003 0.163998798 27.3759995
v -20.8080006 -6.18800068 30.0359974
v -16.1760006 -8.29200077 27.4319992
v -13.7999992 -8.68400002 21.9639969
v -14.3120003 0.163998798 27.3759995
v -16.1760006 -8.29200077 27.4319992
v -14.3120003 0.163998798 27.3759995
v -13.7999992 -8.68400002 21.9639969
v -11.7200012 -0.072000958 22.0559978
v -13.7999992 -8.68400002 21.9639969
v -10.6160002 -1.44000053 15.54
v -11.7200012 -0.072000958 22.0559978
v -10.6160002 -1.44000053 15.54
v -13.7999992 -8.68400002 21.9639969
v -11.9920006 -7.30799961 15.5079975
v -12.6760006 -6.36400032 12.2959986
v -10.6160002 -1.44000053 15.54
v -11.9920006 -7.30799961 15.5079975
v -10.6160002 -1.44000053 15.54
v -12.6760006 -6.36400032 12.2959986
v -11.6120005 -1.72800052 12.2639999
v 15.552001 -9.74399853 -22.5480003
v 18.5559998 -12.8279972 -22.0519981
v 16.2240009 -13.0319986 -22.711998
v 18.5559998 -12.8279972 -22.0519981
v 15.552001 -9.74399853 -22.5480003
v 17.6639996 -8.7879982 -21.816
v 21.1520004 -7.18399906 -18.1280003
v 18.5559998 -12.8279972 -22.0519981
v 17.6639996 -8.7879982 -21.816
v 18.5559998 -12.8279972 -22.0519981
v 21.1520004 -7.18399906 -18.1280003
v 22.4640007 -13.223999 -18.6959991
v 21.1520004 -7.18399906 -18.1280003
v 24.5280018 -12.9439983 -15.0279999
v 22.4640007 -13.223999 -18.6959991
v 24.5280018 -12.9439983 -15.0279999
v 21.1520004 -7.18399906 -18.1280003
v 23.0720005 -7.11999941 -14.407999
v 23.0720005 -7.11999941 -14.407999
v 24.012001 -13.0119982 -11.2160006
v 24.5280018 -12.9439983 -15.0279999
v 24.012001 -13.0119982 -11.2160006
v 23.0720005 -7.11999941 -14.407999
v 22.7720013 -8.23599911 -10.7319994
v 22.7720013 -8.23599911 -10.7319994
v 21.3799992 -13.6359997 -8.76000023
v 24.012001 -13.0119982 -11.2160006
v 21.3799992 -13.6359997 -8.76000023
v 22.7720013 -8.23599911 -10.7319994
v 20.368 -9.21599865 -8.40399933
v 20.368 -9.21599865 -8.40399933
v 18.1040001 -14.6079988 -9.14400005
v 21.3799992 -13.6359997 -8.76000023
v 18.1040001 -14.6079988 -9.14400005
v 20.368 -9.21599865 -8.40399933
v 16.8080006 -9.78799915 -8.79599953
v 14.3120003 -9.72399902 -11.6879997
v 18.1040001 -14.6079988 -9.14400005
v 16.8080006 -9.78799915 -8.79599953
v 18.1040001 -14.6079988 -9.14400005
v 14.3120003 -9.72399902 -11.6879997
v 15.4840012 -15.7159986 -12.0079994
v 14.3120003 -9.72399902 -11.6879997
v 14.9880009 -15.4719982 -16.1919994
v 15.4840012 -15.7159986 -12.0079994
v 14.9880009 -15.4719982 -16.1919994
v 14.3120003 -9.72399902 -11.6879997
v 13.6400003 -9.37199879 -15.8039989
v 14.2119999 -9.7679987 -20.5240002
v 14.9880009 -15.4719982 -16.1919994
v 13.6400003 -9.37199879 -15.8039989
v 14.9880009 -15.4719982 -16.1919994
v 14.2119999 -9.7679987 -20.5240002
v 15.0960016 -13.9279985 -20.7759991
v 14.2119999 -9.7679987 -20.5240002
v 16.2240009 -13.0319986 -22.711998
v 15.0960016 -13.9279985 -20.7759991
v 16.2240009 -13.0319986 -22.711998
v 14.2119999 -9.7679987 -20.5240002
v 15.552001 -9.74399853 -22.5480003
v 15.1639996 -3.44000053 13.3039989
v 7.22400045 -6.70800018 15.224
v 9.86400032 -5.20000029 13.5679979
v 7.22400045 -6.70800018 15.224
v 15.1639996 -3.44000053 13.3039989
v 21.4000015 -2.40400052 14.8039989
v 6.7840004 -7.4000001 17.1639996
v 7.22400045 -6.70800018 15.224
v 21.4000015 -2.40400052 14.8039989
v 6.7840004 -7.4000001 17.1639996
v 21.4000015 -2.40400052 14.8039989
v 26.7840004 -1.82000065 17.7279987
v 26.7840004 -1.82000065 17.7279987
v 13.7600002 -6.81600094 27.6399975
v 6.7840004 -7.4000001 17.1639996
v 13.7600002 -6.81600094 27.6399975
v 26.7840004 -1.82000065 17.7279987
v 30.920002 -1.3080008 21.7559986
v 30.920002 -1.3080008 21.7559986
v 17.7479992 -6.5440011 38.3959961
v 13.7600002 -6.81600094 27.6399975
v 17.7479992 -6.5440011 38.3959961
v 30.920002 -1.3080008 21.7559986
v 37.1760025 -0.0920013264 30.4599972
v 37.1760025 -0.0920013264 30.4599972
v 20.9120026 -5.86000204 42.2519989
v 17.7479992 -6.5440011 38.3959961
v 20.9120026 -5.86000204 42.2519989
v 37.1760025 -0.0920013264 30.4599972
v 41.5839996 1.4919982 41.423996
v 41.5839996 1.4919982 41.423996
v 40.6839981 1.45599747 57.1439934
v 20.9120026 -5.86000204 42.2519989
v 40.6839981 1.45599747 57.1439934
v 41.5839996 1.4919982 41.423996
v 44.0719986 2.83599758 54.4199944
v 44.0719986 2.83599758 54.4199944
v 42.8599968 2.3839972 57.8079948
v 40.6839981 1.45599747 57.1439934
v 42.8599968 2.3839972 57.8079948
v 44.0719986 2.83599758 54.4199944
v 43.7560005 2.75599718 57.0759964
v 43.7560005 2.75599718 57.0759964
v 42.2399979 5.25199747 58.435997
v 42.8599968 2.3839972 57.8079948
v 42.2399979 5.25199747 58.435997
v 43.7560005 2.75599718 57.0759964
v 43.1279984 5.65999699 57.6679955
v 43.7560005 2.75599718 57.0759964
v 43.3760033 5.87199688 54.9199944
v 43.1279984 5.65999699 57.6679955
v 43.3760033 5.87199688 54.9199944
v 43.7560005 2.75599718 57.0759964
v 44.0719986 2.83599758 54.4199944
v 44.0719986 2.83599758 54.4199944
v 41.4360008 5.36799812 44.7719994
v 43.3760033 5.87199688 54.9199944
v 41.4360008 5.36799812 44.7719994
v 44.0719986 2.83599758 54.4199944
v 41.5839996 1.4919982 41.423996
v 41.4360008 5.36799812 44.7719994
v 41.5839996 1.4919982 41.423996
v 36.9600029 4.1999979 31.9919987
v 36.9600029 4.1999979 31.9919987
v 41.5839996 1.4919982 41.423996
v 37.1760025 -0.0920013264 30.4599972
v 37.1760025 -0.0920013264 30.4599972
v 29.3600025 3.16799903 21.7759972
v 36.9600029 4.1999979 31.9919987
v 29.3600025 3.16799903 21.7759972
v 37.1760025 -0.0920013264 30.4599972
v 30.920002 -1.3080008 21.7559986
v 29.3600025 3.16799903 21.7759972
v 30.920002 -1.3080008 21.7559986
v 26.7840004 -1.82000065 17.7279987
v 26.7840004 -1.82000065 17.7279987
v 24.8359985 2.71199894 18.0679989
v 29.3600025 3.16799903 21.7759972
v 20.5800018 2.16399908 15.8640003
v 24.8359985 2.71199894 18.0679989
v 26.7840004 -1.82000065 17.7279987
v 20.5800018 2.16399908 15.8640003
v 26.7840004 -1.82000065 17.7279987
v 21.4000015 -2.40400052 14.8039989
v 21.4000015 -2.40400052 14.8039989
v 14.4720001 0.931999266 14.3599987
v 20.5800018 2.16399908 15.8640003
v 21.4000015 -2.40400052 14.8039989
v 15.1639996 -3.44000053 13.3039989
v 14.4720001 0.931999266 14.3599987
v 15.1639996 -3.44000053 13.3039989
v 9.86400032 -5.20000029 13.5679979
v 14.4720001 0.931999266 14.3599987
v 9.86400032 -5.20000029 13.5679979
v 8.52000046 -1.30800056 14.8999996
v 14.4720001 0.931999266 14.3599987
v -9.33599949 -13.4279966 -41.8159981
v -7.98000002 -11.0679979 -39.0879974
v -9.4800005 -13.5879984 -39.6639977
v -7.98000002 -11.0679979 -39.0879974
v -9.33599949 -13.4279966 -41.8159981
v -7.52400017 -10.3079977 -41.0599976
v -11.0160007 -12.5319977 -45.9999962
v -7.52400017 -10.3079977 -41.0599976
v -9.33599949 -13.4279966 -41.8159981
v -7.52400017 -10.3079977 -41.0599976
v -11.0160007 -12.5319977 -45.9999962
v -8.46000004 -7.75599813 -44.9399986
v -12.9360008 -10.7319975 -48.6759987
v -8.46000004 -7.75599813 -44.9399986
v -11.0160007 -12.5319977 -45.9999962
v -8.46000004 -7.75599813 -44.9399986
v -12.9360008 -10.7319975 -48.6759987
v -10.5599995 -6.05999756 -47.512001
v -15.6800003 -8.74399757 -49.1879959
v -10.5599995 -6.05999756 -47.512001
v -12.9360008 -10.7319975 -48.6759987
v -10.5599995 -6.05999756 -47.512001
v -15.6800003 -8.74399757 -49.1879959
v -13.7199993 -4.91999769 -48.1879959
v -18.2320004 -7.55999708 -47.567997
v -13.7199993 -4.91999769 -48.1879959
v -15.6800003 -8.74399757 -49.1879959
v -13.7199993 -4.91999769 -48.1879959
v -18.2320004 -7.55999708 -47.567997
v -16.3279991 -4.08399773 -46.7319984
v -19.171999 -7.99199724 -44.6879997
v -16.3279991 -4.08399773 -46.7319984
v -18.2320004 -7.55999708 -47.567997
v -16.3279991 -4.08399773 -46.7319984
v -19.171999 -7.99199724 -44.6879997
v -17.1080017 -4.19599771 -43.6039963
v -19.171999 -7.99199724 -44.6879997
v -15.6240005 -5.29199791 -40.7439957
v -17.1080017 -4.19599771 -43.6039963
v -15.6240005 -5.29199791 -40.7439957
v -19.171999 -7.99199724 -44.6879997
v -18.3599987 -9.88799763 -41.7479973
v -15.4799995 -11.7999973 -40.2759972
v -15.6240005 -5.29199791 -40.7439957
v -18.3599987 -9.88799763 -41.7479973
v -15.6240005 -5.29199791 -40.7439957
v -15.4799995 -11.7999973 -40.2759972
v -12.7719994 -7.06799793 -39.1359978
v -15.4799995 -11.7999973 -40.2759972
v -9.65199947 -9.85999775 -38.447998
v -12.7719994 -7.06799793 -39.1359978
v -9.65199947 -9.85999775 -38.447998
v -15.4799995 -11.7999973 -40.2759972
v -11.512001 -13.0719967 -39.1959991
v -9.4800005 -13.5879984 -39.6639977
v -9.65199947 -9.85999775 -38.447998
v -11.512001 -13.0719967 -39.1959991
v -9.65199947 -9.85999775 -38.447998
v -9.4800005 -13.5879984 -39.6639977
v -7.98000002 -11.0679979 -39.0879974
v 33.276001 -5.84399986 10.7679996
v 35.1839981 -7.23599958 10.7479992
v 34.7000008 -5.22800064 11.1399984
v 35.1839981 -7.23599958 10.7479992
v 33.276001 -5.84399986 10.7679996
v 33.6800003 -7.93200016 10.2879992
v 33.6800003 -7.93200016 10.2879992
v 33.276001 -5.84399986 10.7679996
v 20.052 -13.6319981 -0.120000593
v 19.6639996 -10.6359987 0.799999535
v 20.052 -13.6319981 -0.120000593
v 33.276001 -5.84399986 10.7679996
v 17.2000008 -11.1679983 -1.80000055
v 20.052 -13.6319981 -0.120000593
v 19.6639996 -10.6359987 0.799999535
v 20.052 -13.6319981 -0.120000593
v 17.2000008 -11.1679983 -1.80000055
v 17.8760014 -14.2279987 -2.8240006
v 17.8760014 -14.2279987 -2.8240006
v 17.2000008 -11.1679983 -1.80000055
v 15.1559992 -14.6639996 -10.368
v 14.6280003 -11.3719988 -9.1239996
v 15.1559992 -14.6639996 -10.368
v 17.2000008 -11.1679983 -1.80000055
v 10.5 -12.3279991 -15.3120003
v 15.1559992 -14.6639996 -10.368
v 14.6280003 -11.3719988 -9.1239996
v 15.1559992 -14.6639996 -10.368
v 10.5 -12.3279991 -15.3120003
v 10.3480005 -15.3679981 -17.7279987
v 9.74399948 -12.3439989 -17.1520004
v 10.3480005 -15.3679981 -17.7279987
v 10.5 -12.3279991 -15.3120003
v 10.3480005 -15.3679981 -17.7279987
v 9.74399948 -12.3439989 -17.1520004
v 10.0640001 -11.9559984 -18.3439999
v 10.6560011 -14.9079981 -19.0959988
v 10.3480005 -15.3679981 -17.7279987
v 10.0640001 -11.9559984 -18.3439999
v 10.6560011 -14.9079981 -19.0959988
v 10.0640001 -11.9559984 -18.3439999
v 11.4720001 -11.1119986 -19.407999
v 12.4880009 -13.8359985 -20.2639999
v 10.6560011 -14.9079981 -19.0959988
v 11.4720001 -11.1119986 -19.407999
v 25.3360004 -4.69600058 29.0559978
v 26.0599995 2.5719986 24.9640007
v 23.8080006 1.55599856 29.2359982
v 26.0599995 2.5719986 24.9640007
v 25.3360004 -4.69600058 29.0559978
v 27.868 -4.19600105 24.5759983
v 27.868 -4.19600105 24.5759983
v 24.907999 3.51199889 19.7199993
v 26.0599995 2.5719986 24.9640007
v 24.907999 3.51199889 19.7199993
v 27.868 -4.19600105 24.5759983
v 27.0279999 -4.75200033 19.223999
v 27.0279999 -4.75200033 19.223999
v 20.8080006 2.73599911 15.5079994
v 24.907999 3.51199889 19.7199993
v 20.8080006 2.73599911 15.5079994
v 27.0279999 -4.75200033 19.223999
v 22.7679996 -5.82000065 15.1759996
v 16.092001 -5.91599989 12.1999989
v 20.8080006 2.73599911 15.5079994
v 22.7679996 -5.82000065 15.1759996
v 20.8080006 2.73599911 15.5079994
v 16.092001 -5.91599989 12.1999989
v 14.7039995 -0.22000052 12.2279997
v 16.092001 -5.91599989 12.1999989
v 11.6120005 -1.72800052 12.2639999
v 14.7039995 -0.22000052 12.2279997
v 11.6120005 -1.72800052 12.2639999
v 16.092001 -5.91599989 12.1999989
v 12.6760006 -6.36400032 12.2959986
v -22.7720013 -8.23599911 -10.7319994
v -21.3799992 -13.6359997 -8.76000023
v -20.368 -9.21599865 -8.40399933
v -21.3799992 -13.6359997 -8.76000023
v -22.7720013 -8.23599911 -10.7319994
v -24.012001 -13.0119982 -11.2160006
v -23.0720005 -7.11999941 -14.407999
v -24.012001 -13.0119982 -11.2160006
v -22.7720013 -8.23599911 -10.7319994
v -24.012001 -13.0119982 -11.2160006
v -23.0720005 -7.11999941 -14.407999
v -24.5280018 -12.9439983 -15.0279999
v -21.1520004 -7.18399906 -18.1280003
v -24.5280018 -12.9439983 -15.0279999
v -23.0720005 -7.11999941 -14.407999
v -24.5280018 -12.9439983 -15.0279999
v -21.1520004 -7.18399906 -18.1280003
v -22.4640007 -13.223999 -18.6959991
v -17.6639996 -8.7879982 -21.816
v -22.4640007 -13.223999 -18.6959991
v -21.1520004 -7.18399906 -18.1280003
v -22.4640007 -13.223999 -18.6959991
v -17.6639996 -8.7879982 -21.816
v -18.5559998 -12.8279972 -22.0519981
v -15.552001 -9.74399853 -22.5480003
v -18.5559998 -12.8279972 -22.0519981
v -17.6639996 -8.7879982 -21.816
v -18.5559998 -12.8279972 -22.0519981
v -15.552001 -9.74399853 -22.5480003
v -16.2240009 -13.0319986 -22.711998
v 40.1840019 4.4319973 57.9039955
v 42.8599968 2.3839972 57.8079948
v 42.2399979 5.25199747 58.435997
v 42.8599968 2.3839972 57.8079948
v 40.1840019 4.4319973 57.9039955
v 40.6839981 1.45599747 57.1439934
v 40.6839981 1.45599747 57.1439934
v 40.1840019 4.4319973 57.9039955
v 20.9120026 -5.86000204 42.2519989
v 20.4640007 -1.60400188 43.6759987
v 20.9120026 -5.86000204 42.2519989
v 40.1840019 4.4319973 57.9039955
v 16.9000015 -2.19200158 39.9720001
v 20.9120026 -5.86000204 42.2519989
v 20.4640007 -1.60400188 43.6759987
v 20.9120026 -5.86000204 42.2519989
v 16.9000015 -2.19200158 39.9720001
v 17.7479992 -6.5440011 38.3959961
v 17.7479992 -6.5440011 38.3959961
v 16.9000015 -2.19200158 39.9720001
v 13.7600002 -6.81600094 27.6399975
v 13.132 -2.1400013 29.5399971
v 13.7600002 -6.81600094 27.6399975
v 16.9000015 -2.19200158 39.9720001
v 7.13600016 -3.15200067 20.7199993
v 13.7600002 -6.81600094 27.6399975
v 13.132 -2.1400013 29.5399971
v 13.7600002 -6.81600094 27.6399975
v 7.13600016 -3.15200067 20.7199993
v 6.7840004 -7.4000001 17.1639996
v 6.03200006 -3.08400083 18.1039982
v 6.7840004 -7.4000001 17.1639996
v 7.13600016 -3.15200067 20.7199993
v 6.7840004 -7.4000001 17.1639996
v 6.03200006 -3.08400083 18.1039982
v 6.48800039 -2.49600053 16.407999
v 7.22400045 -6.70800018 15.224
v 6.7840004 -7.4000001 17.1639996
v 6.48800039 -2.49600053 16.407999
v 7.22400045 -6.70800018 15.224
v 6.48800039 -2.49600053 16.407999
v 8.52000046 -1.30800056 14.8999996
v 9.86400032 -5.20000029 13.5679979
v 7.22400045 -6.70800018 15.224
v 8.52000046 -1.30800056 14.8999996
v -42.2399979 5.25199747 58.435997
v -43.7560005 2.75599718 57.0759964
v -42.8599968 2.3839972 57.8079948
v -43.7560005 2.75599718 57.0759964
v -42.2399979 5.25199747 58.435997
v -43.1279984 5.65999699 57.6679955
v -43.3760033 5.87199688 54.9199944
v -43.7560005 2.75599718 57.0759964
v -43.1279984 5.65999699 57.6679955
v -43.7560005 2.75599718 57.0759964
v -43.3760033 5.87199688 54.9199944
v -44.0719986 2.83599758 54.4199944
v -41.4360008 5.36799812 44.7719994
v -44.0719986 2.83599758 54.4199944
v -43.3760033 5.87199688 54.9199944
v -44.0719986 2.83599758 54.4199944
v -41.4360008 5.36799812 44.7719994
v -41.5839996 1.4919982 41.423996
v -41.5839996 1.4919982 41.423996
v -41.4360008 5.36799812 44.7719994
v -36.9600029 4.1999979 31.9919987
v -41.5839996 1.4919982 41.423996
v -36.9600029 4.1999979 31.9919987
v -37.1760025 -0.0920013264 30.4599972
v -29.3600025 3.16799903 21.7759972
v -37.1760025 -0.0920013264 30.4599972
v -36.9600029 4.1999979 31.9919987
v -37.1760025 -0.0920013264 30.4599972
v -29.3600025 3.16799903 21.7759972
v -30.920002 -1.3080008 21.7559986
v -30.920002 -1.3080008 21.7559986
v -29.3600025 3.16799903 21.7759972
v -26.7840004 -1.82000065 17.7279987
v -24.8359985 2.71199894 18.0679989
v -26.7840004 -1.82000065 17.7279987
v -29.3600025 3.16799903 21.7759972
v -24.8359985 2.71199894 18.0679989
v -20.5800018 2.16399908 15.8640003
v -26.7840004 -1.82000065 17.7279987
v -26.7840004 -1.82000065 17.7279987
v -20.5800018 2.16399908 15.8640003
v -21.4000015 -2.40400052 14.8039989
v -14.4720001 0.931999266 14.3599987
v -21.4000015 -2.40400052 14.8039989
v -20.5800018 2.16399908 15.8640003
v -15.1639996 -3.44000053 13.3039989
v -21.4000015 -2.40400052 14.8039989
v -14.4720001 0.931999266 14.3599987
v -9.86400032 -5.20000029 13.5679979
v -15.1639996 -3.44000053 13.3039989
v -14.4720001 0.931999266 14.3599987
v -8.52000046 -1.30800056 14.8999996
v -9.86400032 -5.20000029 13.5679979
v -14.4720001 0.931999266 14.3599987
v 35.8079987 -6.97200012 10.2359991
v 34.7000008 -5.22800064 11.1399984
v 35.1839981 -7.23599958 10.7479992
v 34.7000008 -5.22800064 11.1399984
v 35.8079987 -6.97200012 10.2359991
v 35.3159981 -4.94000006 10.5999985
v 35.8079987 -6.97200012 10.2359991
v 35.5040016 -4.83599997 8.67199898
v 35.3159981 -4.94000006 10.5999985
v 35.5040016 -4.83599997 8.67199898
v 35.8079987 -6.97200012 10.2359991
v 36.0439987 -6.95599937 8.37999916
v 36.0439987 -6.95599937 8.37999916
v 34.2160034 -5.39199972 1.57199955
v 35.5040016 -4.83599997 8.67199898
v 34.2160034 -5.39199972 1.57199955
v 36.0439987 -6.95599937 8.37999916
v 34.4039993 -8.15599918 -0.704000354
v 34.2160034 -5.39199972 1.57199955
v 34.4039993 -8.15599918 -0.704000354
v 31.1800003 -6.49999905 -7.38000011
v 31.1800003 -6.49999905 -7.38000011
v 34.4039993 -8.15599918 -0.704000354
v 31.4120026 -9.52399921 -8.38000011
v 31.4120026 -9.52399921 -8.38000011
v 25.9400005 -7.51999855 -14.5519991
v 31.1800003 -6.49999905 -7.38000011
v 25.9400005 -7.51999855 -14.5519991
v 31.4120026 -9.52399921 -8.38000011
v 27.1079979 -10.6239986 -14.4839993
v 25.9400005 -7.51999855 -14.5519991
v 27.1079979 -10.6239986 -14.4839993
v 24.2479992 -11.119998 -17.316
v 24.2479992 -11.119998 -17.316
v 22.8080025 -7.97599888 -17.1679993
v 25.9400005 -7.51999855 -14.5519991
v 19.8520012 -8.46799946 -18.723999
v 22.8080025 -7.97599888 -17.1679993
v 24.2479992 -11.119998 -17.316
v 19.8520012 -8.46799946 -18.723999
v 24.2479992 -11.119998 -17.316
v 20.5040016 -11.6679983 -19.3839989
v 20.5040016 -11.6679983 -19.3839989
v 15.6040001 -9.45599842 -19.7880001
v 19.8520012 -8.46799946 -18.723999
v 20.5040016 -11.6679983 -19.3839989
v 16.1679993 -12.5199976 -20.4519997
v 15.6040001 -9.45599842 -19.7880001
v 16.1679993 -12.5199976 -20.4519997
v 12.4880009 -13.8359985 -20.2639999
v 15.6040001 -9.45599842 -19.7880001
v 12.4880009 -13.8359985 -20.2639999
v 11.4720001 -11.1119986 -19.407999
v 15.6040001 -9.45599842 -19.7880001
v -35.1839981 -7.23599958 10.7479992
v -33.276001 -5.84399986 10.7679996
v -34.7000008 -5.22800064 11.1399984
v -33.276001 -5.84399986 10.7679996
v -35.1839981 -7.23599958 10.7479992
v -33.6800003 -7.93200016 10.2879992
v -33.276001 -5.84399986 10.7679996
v -33.6800003 -7.93200016 10.2879992
v -20.052 -13.6319981 -0.120000593
v -20.052 -13.6319981 -0.120000593
v -19.6639996 -10.6359987 0.799999535
v -33.276001 -5.84399986 10.7679996
v -20.052 -13.6319981 -0.120000593
v -17.2000008 -11.1679983 -1.80000055
v -19.6639996 -10.6359987 0.799999535
v -17.2000008 -11.1679983 -1.80000055
v -20.052 -13.6319981 -0.120000593
v -17.8760014 -14.2279987 -2.8240006
v -17.2000008 -11.1679983 -1.80000055
v -17.8760014 -14.2279987 -2.8240006
v -15.1559992 -14.6639996 -10.368
v -15.1559992 -14.6639996 -10.368
v -14.6280003 -11.3719988 -9.1239996
v -17.2000008 -11.1679983 -1.80000055
v -15.1559992 -14.6639996 -10.368
v -10.5 -12.3279991 -15.3120003
v -14.6280003 -11.3719988 -9.1239996
v -10.5 -12.3279991 -15.3120003
v -15.1559992 -14.6639996 -10.368
v -10.3480005 -15.3679981 -17.7279987
v -10.3480005 -15.3679981 -17.7279987
v -9.74399948 -12.3439989 -17.1520004
v -10.5 -12.3279991 -15.3120003
v -9.74399948 -12.3439989 -17.1520004
v -10.3480005 -15.3679981 -17.7279987
v -10.0640001 -11.9559984 -18.3439999
v -10.3480005 -15.3679981 -17.7279987
v -10.6560011 -14.9079981 -19.0959988
v -10.0640001 -11.9559984 -18.3439999
v -10.0640001 -11.9559984 -18.3439999
v -10.6560011 -14.9079981 -19.0959988
v -11.4720001 -11.1119986 -19.407999
v -10.6560011 -14.9079981 -19.0959988
v -12.4880009 -13.8359985 -20.2639999
v -11.4720001 -11.1119986 -19.407999
v -6.03200006 -3.08400083 18.1039982
v -6.48800039 -2.49600053 16.407999
v -7.13600016 -3.15200067 20.7199993
v -6.48800039 -2.49600053 16.407999
v -8.52000046 -1.30800056 14.8999996
v -7.13600016 -3.15200067 20.7199993
v -7.13600016 -3.15200067 20.7199993
v -8.52000046 -1.30800056 14.8999996
v -13.132 -2.1400013 29.5399971
v -8.52000046 -1.30800056 14.8999996
v -14.4720001 0.931999266 14.3599987
v -13.132 -2.1400013 29.5399971
v -14.4720001 0.931999266 14.3599987
v -20.5800018 2.16399908 15.8640003
v -13.132 -2.1400013 29.5399971
v -20.5800018 2.16399908 15.8640003
v -24.8359985 2.71199894 18.0679989
v -13.132 -2.1400013 29.5399971
v -16.9000015 -2.19200158 39.9720001
v -13.132 -2.1400013 29.5399971
v -24.8359985 2.71199894 18.0679989
v -24.8359985 2.71199894 18.0679989
v -20.4640007 -1.60400188 43.6759987
v -16.9000015 -2.19200158 39.9720001
v -29.3600025 3.16799903 21.7759972
v -20.4640007 -1.60400188 43.6759987
v -24.8359985 2.71199894 18.0679989
v -36.9600029 4.1999979 31.9919987
v -20.4640007 -1.60400188 43.6759987
v -29.3600025 3.16799903 21.7759972
v -41.4360008 5.36799812 44.7719994
v -20.4640007 -1.60400188 43.6759987
v -36.9600029 4.1999979 31.9919987
v -40.1840019 4.4319973 57.9039955
v -20.4640007 -1.60400188 43.6759987
v -41.4360008 5.36799812 44.7719994
v -43.3760033 5.87199688 54.9199944
v -40.1840019 4.4319973 57.9039955
v -41.4360008 5.36799812 44.7719994
v -43.1279984 5.65999699 57.6679955
v -40.1840019 4.4319973 57.9039955
v -43.3760033 5.87199688 54.9199944
v -42.2399979 5.25199747 58.435997
v -40.1840019 4.4319973 57.9039955
v -43.1279984 5.65999699 57.6679955
v -14.7039995 -0.22000052 12.2279997
v -10.6160002 -1.44000053 15.54
v -11.6120005 -1.72800052 12.2639999
v -20.8080006 2.73599911 15.5079994
v -10.6160002 -1.44000053 15.54
v -14.7039995 -0.22000052 12.2279997
v -10.6160002 -1.44000053 15.54
v -20.8080006 2.73599911 15.5079994
v -11.7200012 -0.072000958 22.0559978
v -20.8080006 2.73599911 15.5079994
v -14.3120003 0.163998798 27.3759995
v -11.7200012 -0.072000958 22.0559978
v -14.3120003 0.163998798 27.3759995
v -20.8080006 2.73599911 15.5079994
v -24.907999 3.51199889 19.7199993
v -24.907999 3.51199889 19.7199993
v -18.868 0.619998634 30.2599964
v -14.3120003 0.163998798 27.3759995
v -18.868 0.619998634 30.2599964
v -24.907999 3.51199889 19.7199993
v -26.0599995 2.5719986 24.9640007
v -26.0599995 2.5719986 24.9640007
v -23.8080006 1.55599856 29.2359982
v -18.868 0.619998634 30.2599964
v -11.9920006 -7.30799961 15.5079975
v -16.092001 -5.91599989 12.1999989
v -12.6760006 -6.36400032 12.2959986
v -13.7999992 -8.68400002 21.9639969
v -16.092001 -5.91599989 12.1999989
v -11.9920006 -7.30799961 15.5079975
v -16.092001 -5.91599989 12.1999989
v -13.7999992 -8.68400002 21.9639969
v -22.7679996 -5.82000065 15.1759996
v -13.7999992 -8.68400002 21.9639969
v -27.0279999 -4.75200033 19.223999
v -22.7679996 -5.82000065 15.1759996
v -27.0279999 -4.75200033 19.223999
v -13.7999992 -8.68400002 21.9639969
v -16.1760006 -8.29200077 27.4319992
v -20.8080006 -6.18800068 30.0359974
v -27.0279999 -4.75200033 19.223999
v -16.1760006 -8.29200077 27.4319992
v -27.0279999 -4.75200033 19.223999
v -20.8080006 -6.18800068 30.0359974
v -27.868 -4.19600105 24.5759983
v -20.8080006 -6.18800068 30.0359974
v -25.3360004 -4.69600058 29.0559978
v -27.868 -4.19600105 24.5759983
v 14.2119999 -9.7679987 -20.5240002
v 17.6639996 -8.7879982 -21.816
v 15.552001 -9.74399853 -22.5480003
v 13.6400003 -9.37199879 -15.8039989
v 17.6639996 -8.7879982 -21.816
v 14.2119999 -9.7679987 -20.5240002
v 17.6639996 -8.7879982 -21.816
v 13.6400003 -9.37199879 -15.8039989
v 21.1520004 -7.18399906 -18.1280003
v 14.3120003 -9.72399902 -11.6879997
v 21.1520004 -7.18399906 -18.1280003
v 13.6400003 -9.37199879 -15.8039989
v 21.1520004 -7.18399906 -18.1280003
v 14.3120003 -9.72399902 -11.6879997
v 23.0720005 -7.11999941 -14.407999
v 16.8080006 -9.78799915 -8.79599953
v 23.0720005 -7.11999941 -14.407999
v 14.3120003 -9.72399902 -11.6879997
v 23.0720005 -7.11999941 -14.407999
v 16.8080006 -9.78799915 -8.79599953
v 22.7720013 -8.23599911 -10.7319994
v 20.368 -9.21599865 -8.40399933
v 22.7720013 -8.23599911 -10.7319994
v 16.8080006 -9.78799915 -8.79599953
v 18.5559998 -12.8279972 -22.0519981
v 15.0960016 -13.9279985 -20.7759991
v 16.2240009 -13.0319986 -22.711998
v 22.4640007 -13.223999 -18.6959991
v 15.0960016 -13.9279985 -20.7759991
v 18.5559998 -12.8279972 -22.0519981
v 15.0960016 -13.9279985 -20.7759991
v 22.4640007 -13.223999 -18.6959991
v 14.9880009 -15.4719982 -16.1919994
v 24.5280018 -12.9439983 -15.0279999
v 14.9880009 -15.4719982 -16.1919994
v 22.4640007 -13.223999 -18.6959991
v 14.9880009 -15.4719982 -16.1919994
v 24.5280018 -12.9439983 -15.0279999
v 15.4840012 -15.7159986 -12.0079994
v 24.5280018 -12.9439983 -15.0279999
v 18.1040001 -14.6079988 -9.14400005
v 15.4840012 -15.7159986 -12.0079994
v 18.1040001 -14.6079988 -9.14400005
v 24.5280018 -12.9439983 -15.0279999
v 24.012001 -13.0119982 -11.2160006
v 21.3799992 -13.6359997 -8.76000023
v 18.1040001 -14.6079988 -9.14400005
v 24.012001 -13.0119982 -11.2160006
v -25.0959988 2.8400023 -56.4839973
v -24.2399998 2.4960022 -57.2999954
v -21.4960003 -1.31999755 -54.0519981
v -25.2320023 0.152002186 -50.1639977
v -25.0959988 2.8400023 -56.4839973
v -21.4960003 -1.31999755 -54.0519981
v -19.0279999 -4.15199757 -52.1799927
v -25.2320023 0.152002186 -50.1639977
v -21.4960003 -1.31999755 -54.0519981
v -23.9239998 -2.87199783 -45.2919998
v -25.2320023 0.152002186 -50.1639977
v -19.0279999 -4.15199757 -52.1799927
v -20.9520016 -6.1119976 -41.9599991
v -23.9239998 -2.87199783 -45.2919998
v -19.0279999 -4.15199757 -52.1799927
v -20.9520016 -6.1119976 -41.9599991
v -19.0279999 -4.15199757 -52.1799927
v -12.3199997 -8.85199738 -50.3879929
v -15.3240013 -10.5639973 -39.1800003
v -20.9520016 -6.1119976 -41.9599991
v -12.3199997 -8.85199738 -50.3879929
v -15.3240013 -10.5639973 -39.1800003
v -12.3199997 -8.85199738 -50.3879929
v -9.99600029 -10.5759974 -48.5399971
v -15.3240013 -10.5639973 -39.1800003
v -9.99600029 -10.5759974 -48.5399971
v -6.52400017 -13.2039967 -43.2319984
v -15.3240013 -10.5639973 -39.1800003
v -6.52400017 -13.2039967 -43.2319984
v -9.53200054 -13.1559973 -38.4039955
v -6.52400017 -13.2039967 -43.2319984
v -6.02400017 -13.7079973 -41.2519951
v -9.53200054 -13.1559973 -38.4039955
v -6.02400017 -13.7079973 -41.2519951
v -6.74399948 -13.7999973 -39.5919991
v -9.53200054 -13.1559973 -38.4039955
v -23.6040001 3.96000218 -56.8159943
v -25.0959988 2.8400023 -56.4839973
v -24.1760006 4.21600246 -56.1079941
v -25.0959988 2.8400023 -56.4839973
v -23.6040001 3.96000218 -56.8159943
v -24.2399998 2.4960022 -57.2999954
v -20.4800014 -0.035997659 -53.447998
v -24.2399998 2.4960022 -57.2999954
v -23.6040001 3.96000218 -56.8159943
v -24.2399998 2.4960022 -57.2999954
v -20.4800014 -0.035997659 -53.447998
v -21.4960003 -1.31999755 -54.0519981
v -21.4960003 -1.31999755 -54.0519981
v -20.4800014 -0.035997659 -53.447998
v -19.0279999 -4.15199757 -52.1799927
v -17.4720001 -2.75599742 -51.5360031
v -19.0279999 -4.15199757 -52.1799927
v -20.4800014 -0.035997659 -53.447998
v -17.4720001 -2.75599742 -51.5360031
v -12.3199997 -8.85199738 -50.3879929
v -19.0279999 -4.15199757 -52.1799927
v -12.3199997 -8.85199738 -50.3879929
v -17.4720001 -2.75599742 -51.5360031
v -11.0440006 -6.65199709 -49.711998
v -11.0440006 -6.65199709 -49.711998
v -9.99600029 -10.5759974 -48.5399971
v -12.3199997 -8.85199738 -50.3879929
v -9.99600029 -10.5759974 -48.5399971
v -11.0440006 -6.65199709 -49.711998
v -8.73200035 -8.27599812 -47.8599968
v -8.73200035 -8.27599812 -47.8599968
v -6.52400017 -13.2039967 -43.2319984
v -9.99600029 -10.5759974 -48.5399971
v -6.52400017 -13.2039967 -43.2319984
v -8.73200035 -8.27599812 -47.8599968
v -5.02399969 -11.3679981 -41.9319992
v -5.02399969 -11.3679981 -41.9319992
v -6.02400017 -13.7079973 -41.2519951
v -6.52400017 -13.2039967 -43.2319984
v -6.23600006 -11.6679983 -38.4519997
v -5.0999999 -11.7759981 -39.8839989
v -5.02399969 -11.3679981 -41.9319992
v -5.02399969 -11.3679981 -41.9319992
v -8.34399986 -11.0119972 -37.7999992
v -6.23600006 -11.6679983 -38.4519997
v -5.02399969 -11.3679981 -41.9319992
v -12.3920002 -9.28799725 -37.9999962
v -8.34399986 -11.0119972 -37.7999992
v -8.73200035 -8.27599812 -47.8599968
v -12.3920002 -9.28799725 -37.9999962
v -5.02399969 -11.3679981 -41.9319992
v -12.3920002 -9.28799725 -37.9999962
v -8.73200035 -8.27599812 -47.8599968
v -11.0440006 -6.65199709 -49.711998
v -11.0440006 -6.65199709 -49.711998
v -17.0440006 -6.191998 -39.659996
v -12.3920002 -9.28799725 -37.9999962
v -17.0440006 -6.191998 -39.659996
v -11.0440006 -6.65199709 -49.711998
v -21.1879997 -2.91599798 -42.2559929
v -11.0440006 -6.65199709 -49.711998
v -17.4720001 -2.75599742 -51.5360031
v -21.1879997 -2.91599798 -42.2559929
v -17.4720001 -2.75599742 -51.5360031
v -23.632 -0.0119979866 -46.0639992
v -21.1879997 -2.91599798 -42.2559929
v -17.4720001 -2.75599742 -51.5360031
v -20.4800014 -0.035997659 -53.447998
v -23.632 -0.0119979866 -46.0639992
v -20.4800014 -0.035997659 -53.447998
v -23.6040001 3.96000218 -56.8159943
v -23.632 -0.0119979866 -46.0639992
v -23.632 -0.0119979866 -46.0639992
v -23.6040001 3.96000218 -56.8159943
v -24.5440006 3.22400236 -52.8079948
v -23.6040001 3.96000218 -56.8159943
v -24.1760006 4.21600246 -56.1079941
v -24.5440006 3.22400236 -52.8079948
v -24.1760006 4.21600246 -56.1079941
v -25.0959988 2.8400023 -56.4839973
v -24.5440006 3.22400236 -52.8079948
v -24.5440006 3.22400236 -52.8079948
v -25.0959988 2.8400023 -56.4839973
v -25.2320023 0.152002186 -50.1639977
v -25.2320023 0.152002186 -50.1639977
v -23.632 -0.0119979866 -46.0639992
v -24.5440006 3.22400236 -52.8079948
v -23.9239998 -2.87199783 -45.2919998
v -23.632 -0.0119979866 -46.0639992
v -25.2320023 0.152002186 -50.1639977
v -23.9239998 -2.87199783 -45.2919998
v -21.1879997 -2.91599798 -42.2559929
v -23.632 -0.0119979866 -46.0639992
v -21.1879997 -2.91599798 -42.2559929
v -23.9239998 -2.87199783 -45.2919998
v -20.9520016 -6.1119976 -41.9599991
v -21.1879997 -2.91599798 -42.2559929
v -20.9520016 -6.1119976 -41.9599991
v -17.0440006 -6.191998 -39.659996
v -15.3240013 -10.5639973 -39.1800003
v -17.0440006 -6.191998 -39.659996
v -20.9520016 -6.1119976 -41.9599991
v -17.0440006 -6.191998 -39.659996
v -15.3240013 -10.5639973 -39.1800003
v -12.3920002 -9.28799725 -37.9999962
v -9.53200054 -13.1559973 -38.4039955
v -12.3920002 -9.28799725 -37.9999962
v -15.3240013 -10.5639973 -39.1800003
v -12.3920002 -9.28799725 -37.9999962
v -9.53200054 -13.1559973 -38.4039955
v -8.34399986 -11.0119972 -37.7999992
v -8.34399986 -11.0119972 -37.7999992
v -9.53200054 -13.1559973 -38.4039955
v -6.23600006 -11.6679983 -38.4519997
v -6.74399948 -13.7999973 -39.5919991
v -6.23600006 -11.6679983 -38.4519997
v -9.53200054 -13.1559973 -38.4039955
v -6.23600006 -11.6679983 -38.4519997
v -6.74399948 -13.7999973 -39.5919991
v -5.0999999 -11.7759981 -39.8839989
v -5.0999999 -11.7759981 -39.8839989
v -6.74399948 -13.7999973 -39.5919991
v -6.02400017 -13.7079973 -41.2519951
v -6.02400017 -13.7079973 -41.2519951
v -5.02399969 -11.3679981 -41.9319992
v -5.0999999 -11.7759981 -39.8839989
v 6.48800039 -2.49600053 16.407999
v 6.03200006 -3.08400083 18.1039982
v 7.13600016 -3.15200067 20.7199993
v 8.52000046 -1.30800056 14.8999996
v 6.48800039 -2.49600053 16.407999
v 7.13600016 -3.15200067 20.7199993
v 8.52000046 -1.30800056 14.8999996
v 7.13600016 -3.15200067 20.7199993
v 13.132 -2.1400013 29.5399971
v 14.4720001 0.931999266 14.3599987
v 8.52000046 -1.30800056 14.8999996
v 13.132 -2.1400013 29.5399971
v 20.5800018 2.16399908 15.8640003
v 14.4720001 0.931999266 14.3599987
v 13.132 -2.1400013 29.5399971
v 24.8359985 2.71199894 18.0679989
v 20.5800018 2.16399908 15.8640003
v 13.132 -2.1400013 29.5399971
v 13.132 -2.1400013 29.5399971
v 16.9000015 -2.19200158 39.9720001
v 24.8359985 2.71199894 18.0679989
v 20.4640007 -1.60400188 43.6759987
v 24.8359985 2.71199894 18.0679989
v 16.9000015 -2.19200158 39.9720001
v 20.4640007 -1.60400188 43.6759987
v 29.3600025 3.16799903 21.7759972
v 24.8359985 2.71199894 18.0679989
v 20.4640007 -1.60400188 43.6759987
v 36.9600029 4.1999979 31.9919987
v 29.3600025 3.16799903 21.7759972
v 20.4640007 -1.60400188 43.6759987
v 41.4360008 5.36799812 44.7719994
v 36.9600029 4.1999979 31.9919987
v 20.4640007 -1.60400188 43.6759987
v 40.1840019 4.4319973 57.9039955
v 41.4360008 5.36799812 44.7719994
v 40.1840019 4.4319973 57.9039955
v 43.3760033 5.87199688 54.9199944
v 41.4360008 5.36799812 44.7719994
v 40.1840019 4.4319973 57.9039955
v 43.1279984 5.65999699 57.6679955
v 43.3760033 5.87199688 54.9199944
v 40.1840019 4.4319973 57.9039955
v 42.2399979 5.25199747 58.435997
v 43.1279984 5.65999699 57.6679955
v 1.31200004 -8.58399963 -2.52000022
v -0.0920000002 -10.5479994 -2.72400022
v -2.95599985 -9.59599876 -3.14000034
v -2.95599985 -9.59599876 -3.14000034
v -0.0920000002 -10.5479994 -2.72400022
v -3.02399993 -11.5679989 -2.95600033
v -2.95599985 -9.59599876 -3.14000034
v -3.02399993 -11.5679989 -2.95600033
v -5.3119998 -10.7759991 -2.46800041
v -7.22000027 -9.77199936 -0.620000362
v -2.95599985 -9.59599876 -3.14000034
v -5.3119998 -10.7759991 -2.46800041
v -7.84799957 -7.99199963 1.03199959
v -2.95599985 -9.59599876 -3.14000034
v -7.22000027 -9.77199936 -0.620000362
v -3.02399993 -11.5679989 -2.95600033
v -0.0920000002 -10.5479994 -2.72400022
v -1.05200005 -12.4239998 -1.96400046
v -1.05200005 -12.4239998 -1.96400046
v -5.09600019 -13.987999 -0.452000618
v -3.02399993 -11.5679989 -2.95600033
v -5.3119998 -10.7759991 -2.46800041
v -3.02399993 -11.5679989 -2.95600033
v -5.09600019 -13.987999 -0.452000618
v -5.3119998 -10.7759991 -2.46800041
v -5.09600019 -13.987999 -0.452000618
v -7.33200026 -11.5679989 -0.516000509
v -7.22000027 -9.77199936 -0.620000362
v -5.3119998 -10.7759991 -2.46800041
v -7.33200026 -11.5679989 -0.516000509
v -7.22000027 -9.77199936 -0.620000362
v -7.33200026 -11.5679989 -0.516000509
v -7.77200031 -10.7479992 1.31199944
v -7.84799957 -7.99199963 1.03199959
v -7.22000027 -9.77199936 -0.620000362
v -7.77200031 -10.7479992 1.31199944
v -7.84799957 -7.99199963 1.03199959
v -7.77200031 -10.7479992 1.31199944
v -8.94800091 -9.97599983 3.9799993
v -7.84799957 -7.99199963 1.03199959
v -8.94800091 -9.97599983 3.9799993
v -9.82800007 -10.3319998 7.05199909
v -10 -7.6960001 7.30399942
v -7.84799957 -7.99199963 1.03199959
v -9.82800007 -10.3319998 7.05199909
v -8.72000027 -6.58400011 7.18799925
v -7.84799957 -7.99199963 1.03199959
v -10 -7.6960001 7.30399942
v -1.05200005 -12.4239998 -1.96400046
v -0.160000011 -14.5679989 -0.548000574
v -5.09600019 -13.987999 -0.452000618
v -0.160000011 -14.5679989 -0.548000574
v -1.98800004 -16.1280003 3.42799878
v -5.09600019 -13.987999 -0.452000618
v -1.98800004 -16.1280003 3.42799878
v -6.1960001 -14.6279993 4.90399885
v -5.09600019 -13.987999 -0.452000618
v -7.98399973 -11.9239988 1.96399939
v -5.09600019 -13.987999 -0.452000618
v -6.1960001 -14.6279993 4.90399885
v -7.33200026 -11.5679989 -0.516000509
v -5.09600019 -13.987999 -0.452000618
v -7.98399973 -11.9239988 1.96399939
v -7.77200031 -10.7479992 1.31199944
v -7.33200026 -11.5679989 -0.516000509
v -7.98399973 -11.9239988 1.96399939
v -7.77200031 -10.7479992 1.31199944
v -7.98399973 -11.9239988 1.96399939
v -8.94800091 -9.97599983 3.9799993
v -8.94800091 -9.97599983 3.9799993
v -7.98399973 -11.9239988 1.96399939
v -8.97200012 -13.2000008 4.65599918
v -8.94800091 -9.97599983 3.9799993
v -8.97200012 -13.2000008 4.65599918
v -8.60000038 -12.2199993 5.99199915
v -8.94800091 -9.97599983 3.9799993
v -8.60000038 -12.2199993 5.99199915
v -9.82800007 -10.3319998 7.05199909
v 0.576000035 -13.2519979 -2.55200052
v -0.160000011 -14.5679989 -0.548000574
v -1.05200005 -12.4239998 -1.96400046
v 0.576000035 -13.2519979 -2.55200052
v 1.64400005 -14.8839979 -0.872000635
v -0.160000011 -14.5679989 -0.548000574
v 1.64400005 -14.8839979 -0.872000635
v -1.98800004 -16.1280003 3.42799878
v -0.160000011 -14.5679989 -0.548000574
v 1.64400005 -14.8839979 -0.872000635
v 1.75200009 -16.3199997 6.29599857
v -1.98800004 -16.1280003 3.42799878
v 1.75200009 -16.3199997 6.29599857
v -2.6960001 -16.1599998 6.27199888
v -1.98800004 -16.1280003 3.42799878
v -1.98800004 -16.1280003 3.42799878
v -2.6960001 -16.1599998 6.27199888
v -6.1960001 -14.6279993 4.90399885
v -8.97200012 -13.2000008 4.65599918
v -6.1960001 -14.6279993 4.90399885
v -2.6960001 -16.1599998 6.27199888
v -8.97200012 -13.2000008 4.65599918
v -7.98399973 -11.9239988 1.96399939
v -6.1960001 -14.6279993 4.90399885
v 0.900000036 -12.4759989 -2.45600033
v 0.576000035 -13.2519979 -2.55200052
v -1.05200005 -12.4239998 -1.96400046
v 0.900000036 -12.4759989 -2.45600033
v 2.68400002 -13.2039986 -1.81600046
v 0.576000035 -13.2519979 -2.55200052
v 2.68400002 -13.2039986 -1.81600046
v 1.64400005 -14.8839979 -0.872000635
v 0.576000035 -13.2519979 -2.55200052
v 5.22400045 -14.9960003 1.52399933
v 1.64400005 -14.8839979 -0.872000635
v 2.68400002 -13.2039986 -1.81600046
v 5.22400045 -14.9960003 1.52399933
v 1.75200009 -16.3199997 6.29599857
v 1.64400005 -14.8839979 -0.872000635
v -0.0920000002 -10.5479994 -2.72400022
v 0.900000036 -12.4759989 -2.45600033
v -1.05200005 -12.4239998 -1.96400046
v 2.13199997 -11.4959993 -3.13200021
v 0.900000036 -12.4759989 -2.45600033
v -0.0920000002 -10.5479994 -2.72400022
v 0.900000036 -12.4759989 -2.45600033
v 2.13199997 -11.4959993 -3.13200021
v 2.68400002 -13.2039986 -1.81600046
v 2.13199997 -11.4959993 -3.13200021
v 6.64400005 -10.8239994 -0.952000499
v 2.68400002 -13.2039986 -1.81600046
v 6.64400005 -10.8239994 -0.952000499
v 5.22400045 -14.9960003 1.52399933
v 2.68400002 -13.2039986 -1.81600046
v 6.64400005 -10.8239994 -0.952000499
v 7.18400049 -12.3679991 1.69199932
v 5.22400045 -14.9960003 1.52399933
v 7.18400049 -12.3679991 1.69199932
v 6.65199995 -14.3719988 4.73999882
v 5.22400045 -14.9960003 1.52399933
v 6.65199995 -14.3719988 4.73999882
v 1.75200009 -16.3199997 6.29599857
v 5.22400045 -14.9960003 1.52399933
v -0.0920000002 -10.5479994 -2.72400022
v 3.61600041 -9.87199879 -2.90000033
v 2.13199997 -11.4959993 -3.13200021
v 2.13199997 -11.4959993 -3.13200021
v 3.61600041 -9.87199879 -2.90000033
v 6.64400005 -10.8239994 -0.952000499
v 7.71199989 -8.26399899 0.615999639
v 6.64400005 -10.8239994 -0.952000499
v 3.61600041 -9.87199879 -2.90000033
v 6.64400005 -10.8239994 -0.952000499
v 7.71199989 -8.26399899 0.615999639
v 8.3560009 -11.9359999 2.41199946
v 6.64400005 -10.8239994 -0.952000499
v 8.3560009 -11.9359999 2.41199946
v 7.18400049 -12.3679991 1.69199932
v 8.3560009 -11.9359999 2.41199946
v 8.77600002 -13.2839994 4.58399916
v 7.18400049 -12.3679991 1.69199932
v 7.18400049 -12.3679991 1.69199932
v 8.77600002 -13.2839994 4.58399916
v 6.65199995 -14.3719988 4.73999882
v 8.77600002 -13.2839994 4.58399916
v 6.35599995 -14.6519995 6.40399837
v 6.65199995 -14.3719988 4.73999882
v 6.65199995 -14.3719988 4.73999882
v 6.35599995 -14.6519995 6.40399837
v 1.75200009 -16.3199997 6.29599857
v 1.31200004 -8.58399963 -2.52000022
v 3.61600041 -9.87199879 -2.90000033
v -0.0920000002 -10.5479994 -2.72400022
v 1.31200004 -8.58399963 -2.52000022
v 7.71199989 -8.26399899 0.615999639
v 3.61600041 -9.87199879 -2.90000033
v -6.44400024 -5.60400057 12.5199995
v -8.72000027 -6.58400011 7.18799925
v -10 -7.6960001 7.30399942
v -6.44400024 -5.60400057 12.5199995
v -10 -7.6960001 7.30399942
v -8.95600033 -9.68400002 11.5079994
v -6.44400024 -5.60400057 12.5199995
v -8.95600033 -9.68400002 11.5079994
v -6.38800049 -7.5999999 13.3639994
v -6.44400024 -5.60400057 12.5199995
v -6.38800049 -7.5999999 13.3639994
v -2.77600002 -7.50800037 16.7679977
v -6.44400024 -5.60400057 12.5199995
v -2.77600002 -7.50800037 16.7679977
v -0.404000014 -5.76800013 16.539999
v 0.0159999989 -5.10400057 14.5519991
v -6.44400024 -5.60400057 12.5199995
v -0.404000014 -5.76800013 16.539999
v -8.95600033 -9.68400002 11.5079994
v -10 -7.6960001 7.30399942
v -9.36800003 -10.9239998 10.0479984
v -8.95600033 -9.68400002 11.5079994
v -9.36800003 -10.9239998 10.0479984
v -6.01199961 -12.1159992 12.7039986
v -6.38800049 -7.5999999 13.3639994
v -8.95600033 -9.68400002 11.5079994
v -6.01199961 -12.1159992 12.7039986
v -5.45200014 -10.6599998 13.6919975
v -6.38800049 -7.5999999 13.3639994
v -6.01199961 -12.1159992 12.7039986
v -6.38800049 -7.5999999 13.3639994
v -5.45200014 -10.6599998 13.6919975
v -5.24000025 -9.50399971 15.1119976
v -2.77600002 -7.50800037 16.7679977
v -6.38800049 -7.5999999 13.3639994
v -5.24000025 -9.50399971 15.1119976
v -2.77600002 -7.50800037 16.7679977
v -5.24000025 -9.50399971 15.1119976
v -1.8039999 -9.6079998 16.8199997
v -10 -7.6960001 7.30399942
v -9.82800007 -10.3319998 7.05199909
v -9.36800003 -10.9239998 10.0479984
v -9.82800007 -10.3319998 7.05199909
v -8.16800022 -13.1599998 9.26799965
v -9.36800003 -10.9239998 10.0479984
v -9.36800003 -10.9239998 10.0479984
v -8.16800022 -13.1599998 9.26799965
v -6.01199961 -12.1159992 12.7039986
v -3.53999996 -14.5120001 11.6799984
v -6.01199961 -12.1159992 12.7039986
v -8.16800022 -13.1599998 9.26799965
v -3.13600016 -13.6199999 12.9959993
v -6.01199961 -12.1159992 12.7039986
v -3.53999996 -14.5120001 11.6799984
v -3.13600016 -13.6199999 12.9959993
v -2.60400009 -13.2439995 14.4199982
v -6.01199961 -12.1159992 12.7039986
v -1.76800001 -11.6680002 15.447998
v -6.01199961 -12.1159992 12.7039986
v -2.60400009 -13.2439995 14.4199982
v -1.76800001 -11.6680002 15.447998
v -5.45200014 -10.6599998 13.6919975
v -6.01199961 -12.1159992 12.7039986
v -5.24000025 -9.50399971 15.1119976
v -5.45200014 -10.6599998 13.6919975
v -1.76800001 -11.6680002 15.447998
v -1.8039999 -9.6079998 16.8199997
v -5.24000025 -9.50399971 15.1119976
v -1.76800001 -11.6680002 15.447998
v -8.60000038 -12.2199993 5.99199915
v -8.16800022 -13.1599998 9.26799965
v -9.82800007 -10.3319998 7.05199909
v -8.60000038 -12.2199993 5.99199915
v -6.44799995 -14.6120005 6.49599886
v -8.16800022 -13.1599998 9.26799965
v -2.6960001 -16.1599998 6.27199888
v -8.16800022 -13.1599998 9.26799965
v -6.44799995 -14.6120005 6.49599886
v -3.53999996 -14.5120001 11.6799984
v -8.16800022 -13.1599998 9.26799965
v -2.6960001 -16.1599998 6.27199888
v -0.252000004 -14.8959999 12.9239979
v -3.53999996 -14.5120001 11.6799984
v -2.6960001 -16.1599998 6.27199888
v -3.53999996 -14.5120001 11.6799984
v -0.252000004 -14.8959999 12.9239979
v -3.13600016 -13.6199999 12.9959993
v 1.87199986 -13.8880005 13.4599991
v -3.13600016 -13.6199999 12.9959993
v -0.252000004 -14.8959999 12.9239979
v 1.87199986 -13.8880005 13.4599991
v 1.52400005 -13.3879995 14.723999
v -3.13600016 -13.6199999 12.9959993
v 1.52400005 -13.3879995 14.723999
v -2.60400009 -13.2439995 14.4199982
v -3.13600016 -13.6199999 12.9959993
v 0.75999999 -11.6960001 15.7999992
v -2.60400009 -13.2439995 14.4199982
v 1.52400005 -13.3879995 14.723999
v -1.76800001 -11.6680002 15.447998
v -2.60400009 -13.2439995 14.4199982
v 0.75999999 -11.6960001 15.7999992
v 0.75999999 -11.6960001 15.7999992
v -1.8039999 -9.6079998 16.8199997
v -1.76800001 -11.6680002 15.447998
v -8.60000038 -12.2199993 5.99199915
v -8.97200012 -13.2000008 4.65599918
v -6.44799995 -14.6120005 6.49599886
v -8.97200012 -13.2000008 4.65599918
v -2.6960001 -16.1599998 6.27199888
v -6.44799995 -14.6120005 6.49599886
v 1.75200009 -16.3199997 6.29599857
v -0.252000004 -14.8959999 12.9239979
v -2.6960001 -16.1599998 6.27199888
v 3.36800027 -14.5 11.7039995
v -0.252000004 -14.8959999 12.9239979
v 1.75200009 -16.3199997 6.29599857
v 1.87199986 -13.8880005 13.4599991
v -0.252000004 -14.8959999 12.9239979
v 3.36800027 -14.5 11.7039995
v 3.36800027 -14.5 11.7039995
v 5.96000051 -11.7679996 12.8999987
v 1.87199986 -13.8880005 13.4599991
v 5.96000051 -11.7679996 12.8999987
v 1.52400005 -13.3879995 14.723999
v 1.87199986 -13.8880005 13.4599991
v 0.75999999 -11.6960001 15.7999992
v 1.52400005 -13.3879995 14.723999
v 5.96000051 -11.7679996 12.8999987
v 4.07999992 -11.2480001 14.2919989
v 0.75999999 -11.6960001 15.7999992
v 5.96000051 -11.7679996 12.8999987
v 2.44400001 -9.66800022 16.6399994
v 0.75999999 -11.6960001 15.7999992
v 4.07999992 -11.2480001 14.2919989
v 2.44400001 -9.66800022 16.6399994
v -1.8039999 -9.6079998 16.8199997
v 0.75999999 -11.6960001 15.7999992
v 2.27999997 -7.17600012 16.9119987
v -1.8039999 -9.6079998 16.8199997
v 2.44400001 -9.66800022 16.6399994
v -2.77600002 -7.50800037 16.7679977
v -1.8039999 -9.6079998 16.8199997
v 2.27999997 -7.17600012 16.9119987
v -0.404000014 -5.76800013 16.539999
v -2.77600002 -7.50800037 16.7679977
v 2.27999997 -7.17600012 16.9119987
v 6.35599995 -14.6519995 6.40399837
v 3.36800027 -14.5 11.7039995
v 1.75200009 -16.3199997 6.29599857
v 7.46000051 -13.0679998 10.9839993
v 3.36800027 -14.5 11.7039995
v 6.35599995 -14.6519995 6.40399837
v 7.46000051 -13.0679998 10.9839993
v 5.96000051 -11.7679996 12.8999987
v 3.36800027 -14.5 11.7039995
v 8.51200008 -10.9920006 11.6399994
v 5.96000051 -11.7679996 12.8999987
v 7.46000051 -13.0679998 10.9839993
v 6.35599995 -9.07600021 13.2919989
v 5.96000051 -11.7679996 12.8999987
v 8.51200008 -10.9920006 11.6399994
v 4.07999992 -11.2480001 14.2919989
v 5.96000051 -11.7679996 12.8999987
v 6.35599995 -9.07600021 13.2919989
v 5.31599998 -9.43599987 14.9439993
v 4.07999992 -11.2480001 14.2919989
v 6.35599995 -9.07600021 13.2919989
v 5.31599998 -9.43599987 14.9439993
v 2.44400001 -9.66800022 16.6399994
v 4.07999992 -11.2480001 14.2919989
v 2.27999997 -7.17600012 16.9119987
v 2.44400001 -9.66800022 16.6399994
v 5.31599998 -9.43599987 14.9439993
v 5.96800041 -7.13600016 13.6879997
v 2.27999997 -7.17600012 16.9119987
v 5.31599998 -9.43599987 14.9439993
v 3.53199983 -5.69200039 14.6079988
v 2.27999997 -7.17600012 16.9119987
v 5.96800041 -7.13600016 13.6879997
v 3.53199983 -5.69200039 14.6079988
v -0.404000014 -5.76800013 16.539999
v 2.27999997 -7.17600012 16.9119987
v 3.53199983 -5.69200039 14.6079988
v 0.0159999989 -5.10400057 14.5519991
v -0.404000014 -5.76800013 16.539999
v 9.36400032 -11.7200003 7.98799849
v 7.46000051 -13.0679998 10.9839993
v 6.35599995 -14.6519995 6.40399837
v 9.36400032 -11.7200003 7.98799849
v 8.51200008 -10.9920006 11.6399994
v 7.46000051 -13.0679998 10.9839993
v 9.75600052 -8.96799946 9.77199936
v 8.51200008 -10.9920006 11.6399994
v 9.36400032 -11.7200003 7.98799849
v 9.75600052 -8.96799946 9.77199936
v 6.35599995 -9.07600021 13.2919989
v 8.51200008 -10.9920006 11.6399994
v 9.06799984 -7.05999994 9.35199833
v 6.35599995 -9.07600021 13.2919989
v 9.75600052 -8.96799946 9.77199936
v 9.06799984 -7.05999994 9.35199833
v 5.96800041 -7.13600016 13.6879997
v 6.35599995 -9.07600021 13.2919989
v 5.96800041 -7.13600016 13.6879997
v 5.31599998 -9.43599987 14.9439993
v 6.35599995 -9.07600021 13.2919989
v 8.59200001 -12.1119995 5.97199917
v 9.36400032 -11.7200003 7.98799849
v 6.35599995 -14.6519995 6.40399837
v 9.03199959 -10.5679998 3.88399935
v 9.36400032 -11.7200003 7.98799849
v 8.59200001 -12.1119995 5.97199917
v 9.9119997 -7.95599985 6.49199963
v 9.36400032 -11.7200003 7.98799849
v 9.03199959 -10.5679998 3.88399935
v 9.9119997 -7.95599985 6.49199963
v 9.75600052 -8.96799946 9.77199936
v 9.36400032 -11.7200003 7.98799849
v 9.9119997 -7.95599985 6.49199963
v 9.06799984 -7.05999994 9.35199833
v 9.75600052 -8.96799946 9.77199936
v 8.68799973 -6.4920001 7.70799923
v 9.06799984 -7.05999994 9.35199833
v 9.9119997 -7.95599985 6.49199963
v 6.04799986 -5.5720005 12.7519989
v 9.06799984 -7.05999994 9.35199833
v 8.68799973 -6.4920001 7.70799923
v 9.06799984 -7.05999994 9.35199833
v 6.04799986 -5.5720005 12.7519989
v 5.96800041 -7.13600016 13.6879997
v 6.04799986 -5.5720005 12.7519989
v 3.53199983 -5.69200039 14.6079988
v 5.96800041 -7.13600016 13.6879997
v 6.04799986 -5.5720005 12.7519989
v 0.0159999989 -5.10400057 14.5519991
v 3.53199983 -5.69200039 14.6079988
v 8.59200001 -12.1119995 5.97199917
v 6.35599995 -14.6519995 6.40399837
v 8.77600002 -13.2839994 4.58399916
v 9.03199959 -10.5679998 3.88399935
v 8.59200001 -12.1119995 5.97199917
v 8.77600002 -13.2839994 4.58399916
v 9.03199959 -10.5679998 3.88399935
v 8.77600002 -13.2839994 4.58399916
v 8.3560009 -11.9359999 2.41199946
v 7.71199989 -8.26399899 0.615999639
v 9.03199959 -10.5679998 3.88399935
v 8.3560009 -11.9359999 2.41199946
v 7.71199989 -8.26399899 0.615999639
v 9.9119997 -7.95599985 6.49199963
v 9.03199959 -10.5679998 3.88399935
v 7.71199989 -8.26399899 0.615999639
v 8.68799973 -6.4920001 7.70799923
v 9.9119997 -7.95599985 6.49199963
v -7.52400017 -10.3079977 -41.0599976
v -9.65199947 -9.85999775 -38.447998
v -7.98000002 -11.0679979 -39.0879974
v -8.46000004 -7.75599813 -44.9399986
v -9.65199947 -9.85999775 -38.447998
v -7.52400017 -10.3079977 -41.0599976
v -9.65199947 -9.85999775 -38.447998
v -8.46000004 -7.75599813 -44.9399986
v -12.7719994 -7.06799793 -39.1359978
v -8.46000004 -7.75599813 -44.9399986
v -15.6240005 -5.29199791 -40.7439957
v -12.7719994 -7.06799793 -39.1359978
v -15.6240005 -5.29199791 -40.7439957
v -8.46000004 -7.75599813 -44.9399986
v -10.5599995 -6.05999756 -47.512001
v -10.5599995 -6.05999756 -47.512001
v -17.1080017 -4.19599771 -43.6039963
v -15.6240005 -5.29199791 -40.7439957
v -17.1080017 -4.19599771 -43.6039963
v -10.5599995 -6.05999756 -47.512001
v -13.7199993 -4.91999769 -48.1879959
v -13.7199993 -4.91999769 -48.1879959
v -16.3279991 -4.08399773 -46.7319984
v -17.1080017 -4.19599771 -43.6039963
v -11.512001 -13.0719967 -39.1959991
v -9.33599949 -13.4279966 -41.8159981
v -9.4800005 -13.5879984 -39.6639977
v -15.4799995 -11.7999973 -40.2759972
v -9.33599949 -13.4279966 -41.8159981
v -11.512001 -13.0719967 -39.1959991
v -9.33599949 -13.4279966 -41.8159981
v -15.4799995 -11.7999973 -40.2759972
v -11.0160007 -12.5319977 -45.9999962
v -15.4799995 -11.7999973 -40.2759972
v -12.9360008 -10.7319975 -48.6759987
v -11.0160007 -12.5319977 -45.9999962
v -12.9360008 -10.7319975 -48.6759987
v -15.4799995 -11.7999973 -40.2759972
v -18.3599987 -9.88799763 -41.7479973
v -19.171999 -7.99199724 -44.6879997
v -12.9360008 -10.7319975 -48.6759987
v -18.3599987 -9.88799763 -41.7479973
v -12.9360008 -10.7319975 -48.6759987
v -19.171999 -7.99199724 -44.6879997
v -15.6800003 -8.74399757 -49.1879959
v -19.171999 -7.99199724 -44.6879997
v -18.2320004 -7.55999708 -47.567997
v -15.6800003 -8.74399757 -49.1879959
v 10.0640001 -11.9559984 -18.3439999
v 9.74399948 -12.3439989 -17.1520004
v 10.5 -12.3279991 -15.3120003
v 11.4720001 -11.1119986 -19.407999
v 10.0640001 -11.9559984 -18.3439999
v 10.5 -12.3279991 -15.3120003
v 11.4720001 -11.1119986 -19.407999
v 10.5 -12.3279991 -15.3120003
v 14.6280003 -11.3719988 -9.1239996
v 15.6040001 -9.45599842 -19.7880001
v 11.4720001 -11.1119986 -19.407999
v 14.6280003 -11.3719988 -9.1239996
v 19.8520012 -8.46799946 -18.723999
v 15.6040001 -9.45599842 -19.7880001
v 14.6280003 -11.3719988 -9.1239996
v 22.8080025 -7.97599888 -17.1679993
v 19.8520012 -8.46799946 -18.723999
v 14.6280003 -11.3719988 -9.1239996
v 14.6280003 -11.3719988 -9.1239996
v 17.2000008 -11.1679983 -1.80000055
v 22.8080025 -7.97599888 -17.1679993
v 19.6639996 -10.6359987 0.799999535
v 22.8080025 -7.97599888 -17.1679993
v 17.2000008 -11.1679983 -1.80000055
v 19.6639996 -10.6359987 0.799999535
v 25.9400005 -7.51999855 -14.5519991
v 22.8080025 -7.97599888 -17.1679993
v 19.6639996 -10.6359987 0.799999535
v 31.1800003 -6.49999905 -7.38000011
v 25.9400005 -7.51999855 -14.5519991
v 19.6639996 -10.6359987 0.799999535
v 34.2160034 -5.39199972 1.57199955
v 31.1800003 -6.49999905 -7.38000011
v 19.6639996 -10.6359987 0.799999535
v 33.276001 -5.84399986 10.7679996
v 34.2160034 -5.39199972 1.57199955
v 33.276001 -5.84399986 10.7679996
v 35.5040016 -4.83599997 8.67199898
v 34.2160034 -5.39199972 1.57199955
v 33.276001 -5.84399986 10.7679996
v 35.3159981 -4.94000006 10.5999985
v 35.5040016 -4.83599997 8.67199898
v 33.276001 -5.84399986 10.7679996
v 34.7000008 -5.22800064 11.1399984
v 35.3159981 -4.94000006 10.5999985
v 9.65199947 -9.85999775 -38.447998
v 7.52400017 -10.3079977 -41.0599976
v 7.98000002 -11.0679979 -39.0879974
v 12.7719994 -7.06799793 -39.1359978
v 7.52400017 -10.3079977 -41.0599976
v 9.65199947 -9.85999775 -38.447998
v 7.52400017 -10.3079977 -41.0599976
v 12.7719994 -7.06799793 -39.1359978
v 8.46000004 -7.75599813 -44.9399986
v 15.6240005 -5.29199791 -40.7439957
v 8.46000004 -7.75599813 -44.9399986
v 12.7719994 -7.06799793 -39.1359978
v 8.46000004 -7.75599813 -44.9399986
v 15.6240005 -5.29199791 -40.7439957
v 10.5599995 -6.05999756 -47.512001
v 17.1080017 -4.19599771 -43.6039963
v 10.5599995 -6.05999756 -47.512001
v 15.6240005 -5.29199791 -40.7439957
v 10.5599995 -6.05999756 -47.512001
v 17.1080017 -4.19599771 -43.6039963
v 13.7199993 -4.91999769 -48.1879959
v 16.3279991 -4.08399773 -46.7319984
v 13.7199993 -4.91999769 -48.1879959
v 17.1080017 -4.19599771 -43.6039963
v 9.33599949 -13.4279966 -41.8159981
v 11.512001 -13.0719967 -39.1959991
v 9.4800005 -13.5879984 -39.6639977
v 11.0160007 -12.5319977 -45.9999962
v 11.512001 -13.0719967 -39.1959991
v 9.33599949 -13.4279966 -41.8159981
v 11.512001 -13.0719967 -39.1959991
v 11.0160007 -12.5319977 -45.9999962
v 15.4799995 -11.7999973 -40.2759972
v 12.9360008 -10.7319975 -48.6759987
v 15.4799995 -11.7999973 -40.2759972
v 11.0160007 -12.5319977 -45.9999962
v 15.4799995 -11.7999973 -40.2759972
v 12.9360008 -10.7319975 -48.6759987
v 18.3599987 -9.88799763 -41.7479973
v 12.9360008 -10.7319975 -48.6759987
v 19.171999 -7.99199724 -44.6879997
v 18.3599987 -9.88799763 -41.7479973
v 19.171999 -7.99199724 -44.6879997
v 12.9360008 -10.7319975 -48.6759987
v 15.6800003 -8.74399757 -49.1879959
v 18.2320004 -7.55999708 -47.567997
v 19.171999 -7.99199724 -44.6879997
v 15.6800003 -8.74399757 -49.1879959
v 24.2399998 2.4960022 -57.2999954
v 25.0959988 2.8400023 -56.4839973
v 21.4960003 -1.31999755 -54.0519981
v 25.0959988 2.8400023 -56.4839973
v 25.2320023 0.152002186 -50.1639977
v 21.4960003 -1.31999755 -54.0519981
v 25.2320023 0.152002186 -50.1639977
v 19.0279999 -4.15199757 -52.1799927
v 21.4960003 -1.31999755 -54.0519981
v 25.2320023 0.152002186 -50.1639977
v 23.9239998 -2.87199783 -45.2919998
v 19.0279999 -4.15199757 -52.1799927
v 23.9239998 -2.87199783 -45.2919998
v 20.9520016 -6.1119976 -41.9599991
v 19.0279999 -4.15199757 -52.1799927
v 19.0279999 -4.15199757 -52.1799927
v 20.9520016 -6.1119976 -41.9599991
v 12.3199997 -8.85199738 -50.3879929
v 20.9520016 -6.1119976 -41.9599991
v 15.3240013 -10.5639973 -39.1800003
v 12.3199997 -8.85199738 -50.3879929
v 12.3199997 -8.85199738 -50.3879929
v 15.3240013 -10.5639973 -39.1800003
v 9.99600029 -10.5759974 -48.5399971
v 9.99600029 -10.5759974 -48.5399971
v 15.3240013 -10.5639973 -39.1800003
v 6.52400017 -13.2039967 -43.2319984
v 6.52400017 -13.2039967 -43.2319984
v 15.3240013 -10.5639973 -39.1800003
v 9.53200054 -13.1559973 -38.4039955
v 6.02400017 -13.7079973 -41.2519951
v 6.52400017 -13.2039967 -43.2319984
v 9.53200054 -13.1559973 -38.4039955
v 6.74399948 -13.7999973 -39.5919991
v 6.02400017 -13.7079973 -41.2519951
v 9.53200054 -13.1559973 -38.4039955
v 25.0959988 2.8400023 -56.4839973
v 23.6040001 3.96000218 -56.8159943
v 24.1760006 4.21600246 -56.1079941
v 23.6040001 3.96000218 -56.8159943
v 25.0959988 2.8400023 -56.4839973
v 24.2399998 2.4960022 -57.2999954
v 24.2399998 2.4960022 -57.2999954
v 20.4800014 -0.035997659 -53.447998
v 23.6040001 3.96000218 -56.8159943
v 20.4800014 -0.035997659 -53.447998
v 24.2399998 2.4960022 -57.2999954
v 21.4960003 -1.31999755 -54.0519981
v 20.4800014 -0.035997659 -53.447998
v 21.4960003 -1.31999755 -54.0519981
v 19.0279999 -4.15199757 -52.1799927
v 19.0279999 -4.15199757 -52.1799927
v 17.4720001 -2.75599742 -51.5360031
v 20.4800014 -0.035997659 -53.447998
v 12.3199997 -8.85199738 -50.3879929
v 17.4720001 -2.75599742 -51.5360031
v 19.0279999 -4.15199757 -52.1799927
v 17.4720001 -2.75599742 -51.5360031
v 12.3199997 -8.85199738 -50.3879929
v 11.0440006 -6.65199709 -49.711998
v 9.99600029 -10.5759974 -48.5399971
v 11.0440006 -6.65199709 -49.711998
v 12.3199997 -8.85199738 -50.3879929
v 11.0440006 -6.65199709 -49.711998
v 9.99600029 -10.5759974 -48.5399971
v 8.73200035 -8.27599812 -47.8599968
v 6.52400017 -13.2039967 -43.2319984
v 8.73200035 -8.27599812 -47.8599968
v 9.99600029 -10.5759974 -48.5399971
v 8.73200035 -8.27599812 -47.8599968
v 6.52400017 -13.2039967 -43.2319984
v 5.02399969 -11.3679981 -41.9319992
v 6.02400017 -13.7079973 -41.2519951
v 5.02399969 -11.3679981 -41.9319992
v 6.52400017 -13.2039967 -43.2319984
v 5.0999999 -11.7759981 -39.8839989
v 6.23600006 -11.6679983 -38.4519997
v 5.02399969 -11.3679981 -41.9319992
v 8.34399986 -11.0119972 -37.7999992
v 5.02399969 -11.3679981 -41.9319992
v 6.23600006 -11.6679983 -38.4519997
v 12.3920002 -9.28799725 -37.9999962
v 5.02399969 -11.3679981 -41.9319992
v 8.34399986 -11.0119972 -37.7999992
v 12.3920002 -9.28799725 -37.9999962
v 8.73200035 -8.27599812 -47.8599968
v 5.02399969 -11.3679981 -41.9319992
v 8.73200035 -8.27599812 -47.8599968
v 12.3920002 -9.28799725 -37.9999962
v 11.0440006 -6.65199709 -49.711998
v 17.0440006 -6.191998 -39.659996
v 11.0440006 -6.65199709 -49.711998
v 12.3920002 -9.28799725 -37.9999962
v 11.0440006 -6.65199709 -49.711998
v 17.0440006 -6.191998 -39.659996
v 21.1879997 -2.91599798 -42.2559929
v 17.4720001 -2.75599742 -51.5360031
v 11.0440006 -6.65199709 -49.711998
v 21.1879997 -2.91599798 -42.2559929
v 23.632 -0.0119979866 -46.0639992
v 17.4720001 -2.75599742 -51.5360031
v 21.1879997 -2.91599798 -42.2559929
v 20.4800014 -0.035997659 -53.447998
v 17.4720001 -2.75599742 -51.5360031
v 23.632 -0.0119979866 -46.0639992
v 23.6040001 3.96000218 -56.8159943
v 20.4800014 -0.035997659 -53.447998
v 23.632 -0.0119979866 -46.0639992
v 23.6040001 3.96000218 -56.8159943
v 23.632 -0.0119979866 -46.0639992
v 24.5440006 3.22400236 -52.8079948
v 24.1760006 4.21600246 -56.1079941
v 23.6040001 3.96000218 -56.8159943
v 24.5440006 3.22400236 -52.8079948
v 25.0959988 2.8400023 -56.4839973
v 24.1760006 4.21600246 -56.1079941
v 24.5440006 3.22400236 -52.8079948
v 25.0959988 2.8400023 -56.4839973
v 24.5440006 3.22400236 -52.8079948
v 25.2320023 0.152002186 -50.1639977
v 23.632 -0.0119979866 -46.0639992
v 25.2320023 0.152002186 -50.1639977
v 24.5440006 3.22400236 -52.8079948
v 23.632 -0.0119979866 -46.0639992
v 23.9239998 -2.87199783 -45.2919998
v 25.2320023 0.152002186 -50.1639977
v 21.1879997 -2.91599798 -42.2559929
v 23.9239998 -2.87199783 -45.2919998
v 23.632 -0.0119979866 -46.0639992
v 23.9239998 -2.87199783 -45.2919998
v 21.1879997 -2.91599798 -42.2559929
v 20.9520016 -6.1119976 -41.9599991
v 20.9520016 -6.1119976 -41.9599991
v 21.1879997 -2.91599798 -42.2559929
v 17.0440006 -6.191998 -39.659996
v 17.0440006 -6.191998 -39.659996
v 15.3240013 -10.5639973 -39.1800003
v 20.9520016 -6.1119976 -41.9599991
v 15.3240013 -10.5639973 -39.1800003
v 17.0440006 -6.191998 -39.659996
v 12.3920002 -9.28799725 -37.9999962
v 12.3920002 -9.28799725 -37.9999962
v 9.53200054 -13.1559973 -38.4039955
v 15.3240013 -10.5639973 -39.1800003
v 9.53200054 -13.1559973 -38.4039955
v 12.3920002 -9.28799725 -37.9999962
v 8.34399986 -11.0119972 -37.7999992
v 9.53200054 -13.1559973 -38.4039955
v 8.34399986 -11.0119972 -37.7999992
v 6.23600006 -11.6679983 -38.4519997
v 6.23600006 -11.6679983 -38.4519997
v 6.74399948 -13.7999973 -39.5919991
v 9.53200054 -13.1559973 -38.4039955
v 6.74399948 -13.7999973 -39.5919991
v 6.23600006 -11.6679983 -38.4519997
v 5.0999999 -11.7759981 -39.8839989
v 6.74399948 -13.7999973 -39.5919991
v 5.0999999 -11.7759981 -39.8839989
v 6.02400017 -13.7079973 -41.2519951
v 5.02399969 -11.3679981 -41.9319992
v 6.02400017 -13.7079973 -41.2519951
v 5.0999999 -11.7759981 -39.8839989
v 10.6160002 -1.44000053 15.54
v 14.7039995 -0.22000052 12.2279997
v 11.6120005 -1.72800052 12.2639999
v 11.7200012 -0.072000958 22.0559978
v 14.7039995 -0.22000052 12.2279997
v 10.6160002 -1.44000053 15.54
v 14.7039995 -0.22000052 12.2279997
v 11.7200012 -0.072000958 22.0559978
v 20.8080006 2.73599911 15.5079994
v 14.3120003 0.163998798 27.3759995
v 20.8080006 2.73599911 15.5079994
v 11.7200012 -0.072000958 22.0559978
v 20.8080006 2.73599911 15.5079994
v 14.3120003 0.163998798 27.3759995
v 24.907999 3.51199889 19.7199993
v 18.868 0.619998634 30.2599964
v 24.907999 3.51199889 19.7199993
v 14.3120003 0.163998798 27.3759995
v 24.907999 3.51199889 19.7199993
v 18.868 0.619998634 30.2599964
v 26.0599995 2.5719986 24.9640007
v 23.8080006 1.55599856 29.2359982
v 26.0599995 2.5719986 24.9640007
v 18.868 0.619998634 30.2599964
v 16.092001 -5.91599989 12.1999989
v 11.9920006 -7.30799961 15.5079975
v 12.6760006 -6.36400032 12.2959986
v 22.7679996 -5.82000065 15.1759996
v 11.9920006 -7.30799961 15.5079975
v 16.092001 -5.91599989 12.1999989
v 11.9920006 -7.30799961 15.5079975
v 22.7679996 -5.82000065 15.1759996
v 13.7999992 -8.68400002 21.9639969
v 27.0279999 -4.75200033 19.223999
v 13.7999992 -8.68400002 21.9639969
v 22.7679996 -5.82000065 15.1759996
v 13.7999992 -8.68400002 21.9639969
v 27.0279999 -4.75200033 19.223999
v 16.1760006 -8.29200077 27.4319992
v 27.0279999 -4.75200033 19.223999
v 20.8080006 -6.18800068 30.0359974
v 16.1760006 -8.29200077 27.4319992
v 20.8080006 -6.18800068 30.0359974
v 27.0279999 -4.75200033 19.223999
v 27.868 -4.19600105 24.5759983
v 25.3360004 -4.69600058 29.0559978
v 20.8080006 -6.18800068 30.0359974
v 27.868 -4.19600105 24.5759983
v 1.73199999 -3.26800132 36.3919983
v -3.52800012 -3.3960011 34.8239975
v -2.54400015 -5.78400135 36.2559967
v 1.73199999 -3.26800132 36.3919983
v -2.54400015 -5.78400135 36.2559967
v 2.24800014 -5.78000116 37.3879967
v 1.73199999 -3.26800132 36.3919983
v 2.24800014 -5.78000116 37.3879967
v 4.05999994 -8.60000134 35.0159988
v 5.82800007 -5.82000113 35.2959976
v 1.73199999 -3.26800132 36.3919983
v 4.05999994 -8.60000134 35.0159988
v 1.73199999 -3.26800132 36.3919983
v 5.82800007 -5.82000113 35.2959976
v 5.13199997 -3.6400013 34.8839989
v 5.13199997 -3.6400013 34.8839989
v 5.82800007 -5.82000113 35.2959976
v 6.44000006 -4.31200123 31.8279991
v 2.24800014 -5.78000116 37.3879967
v -2.54400015 -5.78400135 36.2559967
v 0.988000095 -7.40400124 36.8959961
v 4.05999994 -8.60000134 35.0159988
v 2.24800014 -5.78000116 37.3879967
v 0.988000095 -7.40400124 36.8959961
v 4.05999994 -8.60000134 35.0159988
v 0.988000095 -7.40400124 36.8959961
v 1.18799996 -10.0640011 32.0119972
v 4.05999994 -8.60000134 35.0159988
v 1.18799996 -10.0640011 32.0119972
v 3.05200005 -9.8560009 28.1359978
v 5.45600033 -8.44000053 31.039999
v 4.05999994 -8.60000134 35.0159988
v 3.05200005 -9.8560009 28.1359978
v 6.06800032 -7.57600069 32.7519951
v 4.05999994 -8.60000134 35.0159988
v 5.45600033 -8.44000053 31.039999
v 5.82800007 -5.82000113 35.2959976
v 4.05999994 -8.60000134 35.0159988
v 6.06800032 -7.57600069 32.7519951
v 6.44000006 -4.31200123 31.8279991
v 5.82800007 -5.82000113 35.2959976
v 6.06800032 -7.57600069 32.7519951
v -2.54400015 -5.78400135 36.2559967
v -2.26799989 -8.78800106 35.2399979
v 0.988000095 -7.40400124 36.8959961
v 1.18799996 -10.0640011 32.0119972
v 0.988000095 -7.40400124 36.8959961
v -2.26799989 -8.78800106 35.2399979
v -3.77600002 -8.64800072 33.0279999
v 1.18799996 -10.0640011 32.0119972
v -2.26799989 -8.78800106 35.2399979
v 1.18799996 -10.0640011 32.0119972
v -3.77600002 -8.64800072 33.0279999
v -1.148 -10.1880007 29.7239971
v 1.18799996 -10.0640011 32.0119972
v -1.148 -10.1880007 29.7239971
v 3.05200005 -9.8560009 28.1359978
v -0.0159999989 -8.84000111 25.5240002
v 3.05200005 -9.8560009 28.1359978
v -1.148 -10.1880007 29.7239971
v 3.97600007 -5.64000082 25.3279972
v 3.05200005 -9.8560009 28.1359978
v -0.0159999989 -8.84000111 25.5240002
v 0.164000005 -6.44800091 24.0959988
v 3.97600007 -5.64000082 25.3279972
v -0.0159999989 -8.84000111 25.5240002
v 1.5 -4.9640007 24.6759987
v 3.97600007 -5.64000082 25.3279972
v 0.164000005 -6.44800091 24.0959988
v -3.86799979 -5.33600044 26.1759968
v 1.5 -4.9640007 24.6759987
v 0.164000005 -6.44800091 24.0959988
v -4.6960001 -6.9360013 34.0599976
v -3.77600002 -8.64800072 33.0279999
v -2.26799989 -8.78800106 35.2399979
v -5.23600006 -4.03200102 30.407999
v -3.77600002 -8.64800072 33.0279999
v -4.6960001 -6.9360013 34.0599976
v -5.23600006 -4.03200102 30.407999
v -5.57600021 -5.92400122 29.6039982
v -3.77600002 -8.64800072 33.0279999
v -5.57600021 -5.92400122 29.6039982
v -4.30799961 -8.50400066 29.5319977
v -3.77600002 -8.64800072 33.0279999
v -1.148 -10.1880007 29.7239971
v -3.77600002 -8.64800072 33.0279999
v -4.30799961 -8.50400066 29.5319977
v -0.0159999989 -8.84000111 25.5240002
v -1.148 -10.1880007 29.7239971
v -4.30799961 -8.50400066 29.5319977
v -3.86799979 -5.33600044 26.1759968
v -0.0159999989 -8.84000111 25.5240002
v -4.30799961 -8.50400066 29.5319977
v 0.164000005 -6.44800091 24.0959988
v -0.0159999989 -8.84000111 25.5240002
v -3.86799979 -5.33600044 26.1759968
v -2.54400015 -5.78400135 36.2559967
v -4.6960001 -6.9360013 34.0599976
v -2.26799989 -8.78800106 35.2399979
v -3.52800012 -3.3960011 34.8239975
v -4.6960001 -6.9360013 34.0599976
v -2.54400015 -5.78400135 36.2559967
v -3.52800012 -3.3960011 34.8239975
v -5.23600006 -4.03200102 30.407999
v -4.6960001 -6.9360013 34.0599976
v -5.57600021 -5.92400122 29.6039982
v -3.86799979 -5.33600044 26.1759968
v -4.30799961 -8.50400066 29.5319977
v -5.23600006 -4.03200102 30.407999
v -3.86799979 -5.33600044 26.1759968
v -5.57600021 -5.92400122 29.6039982
v 6.44000006 -4.31200123 31.8279991
v 6.06800032 -7.57600069 32.7519951
v 5.45600033 -8.44000053 31.039999
v 6.4920001 -5.33600092 28.5439968
v 6.44000006 -4.31200123 31.8279991
v 5.45600033 -8.44000053 31.039999
v 3.97600007 -5.64000082 25.3279972
v 6.44000006 -4.31200123 31.8279991
v 6.4920001 -5.33600092 28.5439968
v 3.97600007 -5.64000082 25.3279972
v 6.4920001 -5.33600092 28.5439968
v 4.96399975 -7.89600086 26.9919968
v 3.97600007 -5.64000082 25.3279972
v 4.96399975 -7.89600086 26.9919968
v 3.05200005 -9.8560009 28.1359978
v 4.96399975 -7.89600086 26.9919968
v 5.45600033 -8.44000053 31.039999
v 3.05200005 -9.8560009 28.1359978
v 6.4920001 -5.33600092 28.5439968
v 5.45600033 -8.44000053 31.039999
v 4.96399975 -7.89600086 26.9919968
v -17.6639996 -8.7879982 -21.816
v -14.2119999 -9.7679987 -20.5240002
v -15.552001 -9.74399853 -22.5480003
v -21.1520004 -7.18399906 -18.1280003
v -14.2119999 -9.7679987 -20.5240002
v -17.6639996 -8.7879982 -21.816
v -14.2119999 -9.7679987 -20.5240002
v -21.1520004 -7.18399906 -18.1280003
v -13.6400003 -9.37199879 -15.8039989
v -21.1520004 -7.18399906 -18.1280003
v -14.3120003 -9.72399902 -11.6879997
v -13.6400003 -9.37199879 -15.8039989
v -14.3120003 -9.72399902 -11.6879997
v -21.1520004 -7.18399906 -18.1280003
v -23.0720005 -7.11999941 -14.407999
v -23.0720005 -7.11999941 -14.407999
v -16.8080006 -9.78799915 -8.79599953
v -14.3120003 -9.72399902 -11.6879997
v -16.8080006 -9.78799915 -8.79599953
v -23.0720005 -7.11999941 -14.407999
v -22.7720013 -8.23599911 -10.7319994
v -22.7720013 -8.23599911 -10.7319994
v -20.368 -9.21599865 -8.40399933
v -16.8080006 -9.78799915 -8.79599953
v -15.0960016 -13.9279985 -20.7759991
v -18.5559998 -12.8279972 -22.0519981
v -16.2240009 -13.0319986 -22.711998
v -14.9880009 -15.4719982 -16.1919994
v -18.5559998 -12.8279972 -22.0519981
v -15.0960016 -13.9279985 -20.7759991
v -18.5559998 -12.8279972 -22.0519981
v -14.9880009 -15.4719982 -16.1919994
v -22.4640007 -13.223999 -18.6959991
v -14.9880009 -15.4719982 -16.1919994
v -24.5280018 -12.9439983 -15.0279999
v -22.4640007 -13.223999 -18.6959991
v -24.5280018 -12.9439983 -15.0279999
v -14.9880009 -15.4719982 -16.1919994
v -15.4840012 -15.7159986 -12.0079994
v -18.1040001 -14.6079988 -9.14400005
v -24.5280018 -12.9439983 -15.0279999
v -15.4840012 -15.7159986 -12.0079994
v -24.5280018 -12.9439983 -15.0279999
v -18.1040001 -14.6079988 -9.14400005
v -24.012001 -13.0119982 -11.2160006
v -18.1040001 -14.6079988 -9.14400005
v -21.3799992 -13.6359997 -8.76000023
v -24.012001 -13.0119982 -11.2160006
v -9.74399948 -12.3439989 -17.1520004
v -10.0640001 -11.9559984 -18.3439999
v -10.5 -12.3279991 -15.3120003
v -10.0640001 -11.9559984 -18.3439999
v -11.4720001 -11.1119986 -19.407999
v -10.5 -12.3279991 -15.3120003
v -10.5 -12.3279991 -15.3120003
v -11.4720001 -11.1119986 -19.407999
v -14.6280003 -11.3719988 -9.1239996
v -11.4720001 -11.1119986 -19.407999
v -15.6040001 -9.45599842 -19.7880001
v -14.6280003 -11.3719988 -9.1239996
v -15.6040001 -9.45599842 -19.7880001
v -19.8520012 -8.46799946 -18.723999
v -14.6280003 -11.3719988 -9.1239996
v -19.8520012 -8.46799946 -18.723999
v -22.8080025 -7.97599888 -17.1679993
v -14.6280003 -11.3719988 -9.1239996
v -17.2000008 -11.1679983 -1.80000055
v -14.6280003 -11.3719988 -9.1239996
v -22.8080025 -7.97599888 -17.1679993
v -22.8080025 -7.97599888 -17.1679993
v -19.6639996 -10.6359987 0.799999535
v -17.2000008 -11.1679983 -1.80000055
v -25.9400005 -7.51999855 -14.5519991
v -19.6639996 -10.6359987 0.799999535
v -22.8080025 -7.97599888 -17.1679993
v -31.1800003 -6.49999905 -7.38000011
v -19.6639996 -10.6359987 0.799999535
v -25.9400005 -7.51999855 -14.5519991
v -34.2160034 -5.39199972 1.57199955
v -19.6639996 -10.6359987 0.799999535
v -31.1800003 -6.49999905 -7.38000011
v -33.276001 -5.84399986 10.7679996
v -19.6639996 -10.6359987 0.799999535
v -34.2160034 -5.39199972 1.57199955
v -35.5040016 -4.83599997 8.67199898
v -33.276001 -5.84399986 10.7679996
v -34.2160034 -5.39199972 1.57199955
v -35.3159981 -4.94000006 10.5999985
v -33.276001 -5.84399986 10.7679996
v -35.5040016 -4.83599997 8.67199898
v -34.7000008 -5.22800064 11.1399984
v -33.276001 -5.84399986 10.7679996
v -35.3159981 -4.94000006 10.5999985
v -3.17200017 -16.5439968 -40.5
v -5.07600021 -15.9239969 -38.7840004
v -2.76800013 -13.1999979 -40.1399956
v -3.17200017 -16.5439968 -40.5
v -0.69600004 -19.8279972 -37.1879997
v -5.07600021 -15.9239969 -38.7840004
v -7.56400013 -19.0719986 -33.8759995
v -5.07600021 -15.9239969 -38.7840004
v -0.69600004 -19.8279972 -37.1879997
v -7.93200064 -16.1559963 -38.6199989
v -5.07600021 -15.9239969 -38.7840004
v -7.56400013 -19.0719986 -33.8759995
v -5.07600021 -15.9239969 -38.7840004
v -7.93200064 -16.1559963 -38.6199989
v -9.51599979 -12.4199982 -36.8399963
v -5.07600021 -15.9239969 -38.7840004
v -9.51599979 -12.4199982 -36.8399963
v -2.76800013 -13.1999979 -40.1399956
v -9.51599979 -12.4199982 -36.8399963
v -2.63999987 -10.119997 -39.8759995
v -2.76800013 -13.1999979 -40.1399956
v -7.30799961 -9.61599827 -37.3880005
v -2.63999987 -10.119997 -39.8759995
v -9.51599979 -12.4199982 -36.8399963
v 2.87199998 -16.2159977 -40.9199982
v -0.69600004 -19.8279972 -37.1879997
v -3.17200017 -16.5439968 -40.5
v 7.4000001 -18.6119976 -34.5479965
v -0.69600004 -19.8279972 -37.1879997
v 2.87199998 -16.2159977 -40.9199982
v 7.4000001 -18.6119976 -34.5479965
v 0.41200003 -21.9679985 -31.1399994
v -0.69600004 -19.8279972 -37.1879997
v -7.56400013 -19.0719986 -33.8759995
v -0.69600004 -19.8279972 -37.1879997
v 0.41200003 -21.9679985 -31.1399994
v 0.41200003 -21.9679985 -31.1399994
v -8.44799995 -19.9279976 -29.4119987
v -7.56400013 -19.0719986 -33.8759995
v -12.8639994 -16.3919964 -32.355999
v -7.56400013 -19.0719986 -33.8759995
v -8.44799995 -19.9279976 -29.4119987
v -10.3039999 -14.3639984 -36.5999985
v -7.56400013 -19.0719986 -33.8759995
v -12.8639994 -16.3919964 -32.355999
v -7.56400013 -19.0719986 -33.8759995
v -10.3039999 -14.3639984 -36.5999985
v -7.93200064 -16.1559963 -38.6199989
v -10.3039999 -14.3639984 -36.5999985
v -9.51599979 -12.4199982 -36.8399963
v -7.93200064 -16.1559963 -38.6199989
v -0.179999992 -13.9719963 -41.5999985
v 2.87199998 -16.2159977 -40.9199982
v -3.17200017 -16.5439968 -40.5
v 2.87199998 -16.2159977 -40.9199982
v -0.179999992 -13.9719963 -41.5999985
v 2.27999997 -11.5999975 -40.1519966
v 5.06799984 -15.3279963 -39.067997
v 2.87199998 -16.2159977 -40.9199982
v 2.27999997 -11.5999975 -40.1519966
v 7.4000001 -18.6119976 -34.5479965
v 2.87199998 -16.2159977 -40.9199982
v 5.06799984 -15.3279963 -39.067997
v -3.17200017 -16.5439968 -40.5
v -2.76800013 -13.1999979 -40.1399956
v -0.179999992 -13.9719963 -41.5999985
v -2.76800013 -13.1999979 -40.1399956
v 2.27999997 -11.5999975 -40.1519966
v -0.179999992 -13.9719963 -41.5999985
v 2.27999997 -11.5999975 -40.1519966
v -2.76800013 -13.1999979 -40.1399956
v -2.63999987 -10.119997 -39.8759995
v -2.63999987 -10.119997 -39.8759995
v 1.87600017 -8.97199726 -38.6599998
v 2.27999997 -11.5999975 -40.1519966
v 2.27999997 -11.5999975 -40.1519966
v 1.87600017 -8.97199726 -38.6599998
v 9.79199982 -10.395998 -36.2799988
v 9.79199982 -10.395998 -36.2799988
v 5.06799984 -15.3279963 -39.067997
v 2.27999997 -11.5999975 -40.1519966
v 9.23200035 -12.3599968 -36.8959999
v 5.06799984 -15.3279963 -39.067997
v 9.79199982 -10.395998 -36.2799988
v 7.85600042 -16.1399956 -38.6399994
v 5.06799984 -15.3279963 -39.067997
v 9.23200035 -12.3599968 -36.8959999
v 5.06799984 -15.3279963 -39.067997
v 7.85600042 -16.1399956 -38.6399994
v 7.4000001 -18.6119976 -34.5479965
v 10.3480005 -14.4239969 -36.5919991
v 7.4000001 -18.6119976 -34.5479965
v 7.85600042 -16.1399956 -38.6399994
v 7.4000001 -18.6119976 -34.5479965
v 10.3480005 -14.4239969 -36.5919991
v 11.6960001 -16.0599957 -34.6079979
v 11.6960001 -16.0599957 -34.6079979
v 9.46800041 -18.935997 -31.447998
v 7.4000001 -18.6119976 -34.5479965
v 7.4000001 -18.6119976 -34.5479965
v 9.46800041 -18.935997 -31.447998
v 0.41200003 -21.9679985 -31.1399994
v 12.4359999 -12.6399984 -32.1799965
v 9.23200035 -12.3599968 -36.8959999
v 9.79199982 -10.395998 -36.2799988
v 13.0600004 -13.8919973 -33.6799965
v 9.23200035 -12.3599968 -36.8959999
v 12.4359999 -12.6399984 -32.1799965
v 10.3480005 -14.4239969 -36.5919991
v 9.23200035 -12.3599968 -36.8959999
v 13.0600004 -13.8919973 -33.6799965
v 7.85600042 -16.1399956 -38.6399994
v 9.23200035 -12.3599968 -36.8959999
v 10.3480005 -14.4239969 -36.5919991
v 12.4359999 -12.6399984 -32.1799965
v 9.79199982 -10.395998 -36.2799988
v 12.8639994 -9.65599823 -29.5479965
v 12.4359999 -12.6399984 -32.1799965
v 12.8639994 -9.65599823 -29.5479965
v 13.0960007 -15.0199966 -28.9919987
v 13.0960007 -15.0199966 -28.9919987
v 13.0600004 -13.8919973 -33.6799965
v 12.4359999 -12.6399984 -32.1799965
v 13.0600004 -13.8919973 -33.6799965
v 13.0960007 -15.0199966 -28.9919987
v 12.9360008 -16.3759956 -31.343998
v 12.9360008 -16.3759956 -31.343998
v 11.6960001 -16.0599957 -34.6079979
v 13.0600004 -13.8919973 -33.6799965
v 13.0600004 -13.8919973 -33.6799965
v 11.6960001 -16.0599957 -34.6079979
v 10.3480005 -14.4239969 -36.5919991
v 12.8639994 -9.65599823 -29.5479965
v 13.8840008 -15.3359985 -23.9639988
v 13.0960007 -15.0199966 -28.9919987
v 13.0960007 -15.0199966 -28.9919987
v 13.8840008 -15.3359985 -23.9639988
v 14.3439989 -16.211998 -26.828001
v 13.0960007 -15.0199966 -28.9919987
v 14.3439989 -16.211998 -26.828001
v 9.46800041 -18.935997 -31.447998
v 12.9360008 -16.3759956 -31.343998
v 13.0960007 -15.0199966 -28.9919987
v 9.46800041 -18.935997 -31.447998
v 12.9360008 -16.3759956 -31.343998
v 9.46800041 -18.935997 -31.447998
v 11.6960001 -16.0599957 -34.6079979
v 13.0080004 -10.2039986 -24.2559986
v 13.8840008 -15.3359985 -23.9639988
v 12.8639994 -9.65599823 -29.5479965
v 11.3719997 -13.9799986 -19.5559998
v 13.8840008 -15.3359985 -23.9639988
v 13.0080004 -10.2039986 -24.2559986
v 13.8840008 -15.3359985 -23.9639988
v 11.3719997 -13.9799986 -19.5559998
v 11.868 -16.7719975 -23.3240013
v 11.868 -16.7719975 -23.3240013
v 14.3439989 -16.211998 -26.828001
v 13.8840008 -15.3359985 -23.9639988
v 14.3439989 -16.211998 -26.828001
v 11.868 -16.7719975 -23.3240013
v 10.2080002 -19.4719963 -28.0960007
v 14.3439989 -16.211998 -26.828001
v 10.2080002 -19.4719963 -28.0960007
v 9.46800041 -18.935997 -31.447998
v 10.2080002 -19.4719963 -28.0960007
v 0.41200003 -21.9679985 -31.1399994
v 9.46800041 -18.935997 -31.447998
v 9.23600006 -9.19599819 -18.5479984
v 13.0080004 -10.2039986 -24.2559986
v 12.8639994 -9.65599823 -29.5479965
v 9.23600006 -9.19599819 -18.5479984
v 11.3719997 -13.9799986 -19.5559998
v 13.0080004 -10.2039986 -24.2559986
v 9.23600006 -9.19599819 -18.5479984
v 6.83199978 -10.5719986 -15.3359995
v 11.3719997 -13.9799986 -19.5559998
v 7.94399977 -14.8039989 -16.3239994
v 11.3719997 -13.9799986 -19.5559998
v 6.83199978 -10.5719986 -15.3359995
v 11.3719997 -13.9799986 -19.5559998
v 7.94399977 -14.8039989 -16.3239994
v 7.36400032 -16.8199997 -17.4319992
v 11.3719997 -13.9799986 -19.5559998
v 7.36400032 -16.8199997 -17.4319992
v 10.6480007 -18.3679981 -19.9120007
v 10.6480007 -18.3679981 -19.9120007
v 11.868 -16.7719975 -23.3240013
v 11.3719997 -13.9799986 -19.5559998
v 11.868 -16.7719975 -23.3240013
v 10.6480007 -18.3679981 -19.9120007
v 10.2080002 -19.4719963 -28.0960007
v 10.2080002 -19.4719963 -28.0960007
v 10.6480007 -18.3679981 -19.9120007
v 5.62400007 -21.3319969 -22.3279991
v 5.62400007 -21.3319969 -22.3279991
v 0.41200003 -21.9679985 -31.1399994
v 10.2080002 -19.4719963 -28.0960007
v -2.75600004 -9.49999809 -14.2559996
v 6.83199978 -10.5719986 -15.3359995
v 9.23600006 -9.19599819 -18.5479984
v 6.83199978 -10.5719986 -15.3359995
v -2.75600004 -9.49999809 -14.2559996
v 0.54399997 -11.6359987 -13.4679995
v 2.95599985 -14.4919996 -13.9000006
v 6.83199978 -10.5719986 -15.3359995
v 0.54399997 -11.6359987 -13.4679995
v 7.94399977 -14.8039989 -16.3239994
v 6.83199978 -10.5719986 -15.3359995
v 2.95599985 -14.4919996 -13.9000006
v 2.95599985 -14.4919996 -13.9000006
v 7.36400032 -16.8199997 -17.4319992
v 7.94399977 -14.8039989 -16.3239994
v 2.95599985 -14.4919996 -13.9000006
v 3.98000002 -16.7679977 -13.3879995
v 7.36400032 -16.8199997 -17.4319992
v 3.98000002 -16.7679977 -13.3879995
v 3.79200029 -19.1879997 -14.8480005
v 7.36400032 -16.8199997 -17.4319992
v 7.36400032 -16.8199997 -17.4319992
v 3.79200029 -19.1879997 -14.8480005
v 5.07200003 -20.2199974 -19.7399998
v 7.36400032 -16.8199997 -17.4319992
v 5.07200003 -20.2199974 -19.7399998
v 10.6480007 -18.3679981 -19.9120007
v 5.07200003 -20.2199974 -19.7399998
v 5.62400007 -21.3319969 -22.3279991
v 10.6480007 -18.3679981 -19.9120007
v 5.62400007 -21.3319969 -22.3279991
v 5.07200003 -20.2199974 -19.7399998
v 0.364000022 -21.3079967 -19.3640003
v 0.364000022 -21.3079967 -19.3640003
v -1.7240001 -21.9239979 -23.0759983
v 5.62400007 -21.3319969 -22.3279991
v 0.41200003 -21.9679985 -31.1399994
v 5.62400007 -21.3319969 -22.3279991
v -1.7240001 -21.9239979 -23.0759983
v 2.95599985 -14.4919996 -13.9000006
v -1.72800016 -17.8359985 -13.3959999
v 3.98000002 -16.7679977 -13.3879995
v -1.72800016 -17.8359985 -13.3959999
v 3.79200029 -19.1879997 -14.8480005
v 3.98000002 -16.7679977 -13.3879995
v -1.72800016 -17.8359985 -13.3959999
v 0.364000022 -21.3079967 -19.3640003
v 3.79200029 -19.1879997 -14.8480005
v 5.07200003 -20.2199974 -19.7399998
v 3.79200029 -19.1879997 -14.8480005
v 0.364000022 -21.3079967 -19.3640003
v -1.72800016 -17.8359985 -13.3959999
v 2.95599985 -14.4919996 -13.9000006
v -3.32400012 -14.4999981 -13.9440002
v -3.32400012 -14.4999981 -13.9440002
v -4.00400019 -16.7839985 -13.4759998
v -1.72800016 -17.8359985 -13.3959999
v -4.00400019 -16.7839985 -13.4759998
v -4.9000001 -19.0839996 -15.8720007
v -1.72800016 -17.8359985 -13.3959999
v -1.72800016 -17.8359985 -13.3959999
v -4.9000001 -19.0839996 -15.8720007
v 0.364000022 -21.3079967 -19.3640003
v -4.9000001 -19.0839996 -15.8720007
v -1.7240001 -21.9239979 -23.0759983
v 0.364000022 -21.3079967 -19.3640003
v -5.94000006 -19.5159969 -19.2679996
v -1.7240001 -21.9239979 -23.0759983
v -4.9000001 -19.0839996 -15.8720007
v -1.7240001 -21.9239979 -23.0759983
v -5.94000006 -19.5159969 -19.2679996
v -6.03200006 -21.1560001 -21.7280006
v 0.41200003 -21.9679985 -31.1399994
v -1.7240001 -21.9239979 -23.0759983
v -6.03200006 -21.1560001 -21.7280006
v -6.03200006 -21.1560001 -21.7280006
v -8.44799995 -19.9279976 -29.4119987
v 0.41200003 -21.9679985 -31.1399994
v 2.95599985 -14.4919996 -13.9000006
v 0.54399997 -11.6359987 -13.4679995
v -3.32400012 -14.4999981 -13.9440002
v -3.32400012 -14.4999981 -13.9440002
v 0.54399997 -11.6359987 -13.4679995
v -2.75600004 -9.49999809 -14.2559996
v -8.45200062 -10.7679987 -16.6039982
v -3.32400012 -14.4999981 -13.9440002
v -2.75600004 -9.49999809 -14.2559996
v -8.74800014 -14.9399986 -16.9399986
v -3.32400012 -14.4999981 -13.9440002
v -8.45200062 -10.7679987 -16.6039982
v -6.28400087 -15.8679981 -15.7360001
v -3.32400012 -14.4999981 -13.9440002
v -8.74800014 -14.9399986 -16.9399986
v -4.00400019 -16.7839985 -13.4759998
v -3.32400012 -14.4999981 -13.9440002
v -6.28400087 -15.8679981 -15.7360001
v -4.9000001 -19.0839996 -15.8720007
v -4.00400019 -16.7839985 -13.4759998
v -6.28400087 -15.8679981 -15.7360001
v -6.28400087 -15.8679981 -15.7360001
v -5.94000006 -19.5159969 -19.2679996
v -4.9000001 -19.0839996 -15.8720007
v -5.94000006 -19.5159969 -19.2679996
v -6.28400087 -15.8679981 -15.7360001
v -8.74800014 -14.9399986 -16.9399986
v -10.0199995 -18.3879967 -19.3519993
v -5.94000006 -19.5159969 -19.2679996
v -8.74800014 -14.9399986 -16.9399986
v -6.03200006 -21.1560001 -21.7280006
v -5.94000006 -19.5159969 -19.2679996
v -10.0199995 -18.3879967 -19.3519993
v -10.0199995 -18.3879967 -19.3519993
v -11.684 -18.4759979 -27.7840004
v -6.03200006 -21.1560001 -21.7280006
v -8.44799995 -19.9279976 -29.4119987
v -6.03200006 -21.1560001 -21.7280006
v -11.684 -18.4759979 -27.7840004
v -8.44799995 -19.9279976 -29.4119987
v -11.684 -18.4759979 -27.7840004
v -13.171999 -15.0559978 -29.1079979
v -13.171999 -15.0559978 -29.1079979
v -12.8639994 -16.3919964 -32.355999
v -8.44799995 -19.9279976 -29.4119987
v -8.45200062 -10.7679987 -16.6039982
v -2.75600004 -9.49999809 -14.2559996
v -10.0640001 -9.14399815 -19.7999992
v -8.45200062 -10.7679987 -16.6039982
v -10.0640001 -9.14399815 -19.7999992
v -11.7959995 -12.7279987 -20.1519985
v -8.74800014 -14.9399986 -16.9399986
v -8.45200062 -10.7679987 -16.6039982
v -11.7959995 -12.7279987 -20.1519985
v -11.7959995 -12.7279987 -20.1519985
v -11.8800001 -15.8239975 -22
v -8.74800014 -14.9399986 -16.9399986
v -10.0199995 -18.3879967 -19.3519993
v -8.74800014 -14.9399986 -16.9399986
v -11.8800001 -15.8239975 -22
v -10.0199995 -18.3879967 -19.3519993
v -11.8800001 -15.8239975 -22
v -11.684 -18.4759979 -27.7840004
v -11.684 -18.4759979 -27.7840004
v -11.8800001 -15.8239975 -22
v -13.9320002 -15.3679981 -24.1519985
v -13.9320002 -15.3679981 -24.1519985
v -14.2999992 -15.8239975 -27.0839996
v -11.684 -18.4759979 -27.7840004
v -11.684 -18.4759979 -27.7840004
v -14.2999992 -15.8239975 -27.0839996
v -13.171999 -15.0559978 -29.1079979
v -10.0640001 -9.14399815 -19.7999992
v -13.2159996 -10.1799984 -26.0680008
v -11.7959995 -12.7279987 -20.1519985
v -13.2159996 -10.1799984 -26.0680008
v -13.9320002 -15.3679981 -24.1519985
v -11.7959995 -12.7279987 -20.1519985
v -11.7959995 -12.7279987 -20.1519985
v -13.9320002 -15.3679981 -24.1519985
v -11.8800001 -15.8239975 -22
v -13.2159996 -10.1799984 -26.0680008
v -10.0640001 -9.14399815 -19.7999992
v -11.4520006 -9.01999855 -27.8239975
v -11.4520006 -9.01999855 -27.8239975
v -12.2440004 -9.89999866 -31.7519989
v -13.2159996 -10.1799984 -26.0680008
v -13.171999 -15.0559978 -29.1079979
v -13.2159996 -10.1799984 -26.0680008
v -12.2440004 -9.89999866 -31.7519989
v -13.9320002 -15.3679981 -24.1519985
v -13.2159996 -10.1799984 -26.0680008
v -13.171999 -15.0559978 -29.1079979
v -13.9320002 -15.3679981 -24.1519985
v -13.171999 -15.0559978 -29.1079979
v -14.2999992 -15.8239975 -27.0839996
v -7.30799961 -9.61599827 -37.3880005
v -12.2440004 -9.89999866 -31.7519989
v -11.4520006 -9.01999855 -27.8239975
v -12.2440004 -9.89999866 -31.7519989
v -7.30799961 -9.61599827 -37.3880005
v -9.51599979 -12.4199982 -36.8399963
v -9.51599979 -12.4199982 -36.8399963
v -13.0439997 -13.8519974 -33.2879982
v -12.2440004 -9.89999866 -31.7519989
v -13.0439997 -13.8519974 -33.2879982
v -13.171999 -15.0559978 -29.1079979
v -12.2440004 -9.89999866 -31.7519989
v -13.171999 -15.0559978 -29.1079979
v -13.0439997 -13.8519974 -33.2879982
v -12.8639994 -16.3919964 -32.355999
v -12.8639994 -16.3919964 -32.355999
v -13.0439997 -13.8519974 -33.2879982
v -10.3039999 -14.3639984 -36.5999985
v -9.51599979 -12.4199982 -36.8399963
v -10.3039999 -14.3639984 -36.5999985
v -13.0439997 -13.8519974 -33.2879982
v 0 -4.49600077 19.8799992
v 0 -0.480000913 21.1319981
v 1.92799997 -1.86400068 19.987999
v 0 -0.480000913 21.1319981
v 0 -4.49600077 19.8799992
v -1.92799997 -1.86400068 19.987999
v -6.94000053 -5.09200001 17.9119987
v -1.92799997 -1.86400068 19.987999
v 0 -4.49600077 19.8799992
v -1.92799997 -1.86400068 19.987999
v -6.94000053 -5.09200001 17.9119987
v -7.59200001 -1.98000062 17.907999
v -8.59599972 -4.85200024 16.6879978
v -7.59200001 -1.98000062 17.907999
v -6.94000053 -5.09200001 17.9119987
v -7.59200001 -1.98000062 17.907999
v -8.59599972 -4.85200024 16.6879978
v -11.9439993 -3.84400058 12.6960001
v -11.7959995 -2.48800039 13.3599987
v -7.59200001 -1.98000062 17.907999
v -11.9439993 -3.84400058 12.6960001
v 1.92799997 -1.86400068 19.987999
v 6.94000053 -5.09200001 17.9119987
v 0 -4.49600077 19.8799992
v 0 -6.74800014 20.7279987
v 0 -4.49600077 19.8799992
v 6.94000053 -5.09200001 17.9119987
v 0 -4.49600077 19.8799992
v 0 -6.74800014 20.7279987
v -6.94000053 -5.09200001 17.9119987
v 0 -6.74800014 20.7279987
v -6.42400026 -7.14000034 20.1359997
v -6.94000053 -5.09200001 17.9119987
v -6.42400026 -7.14000034 20.1359997
v -8.59599972 -4.85200024 16.6879978
v -6.94000053 -5.09200001 17.9119987
v -10.3240004 -7.18800068 17.7879982
v -8.59599972 -4.85200024 16.6879978
v -6.42400026 -7.14000034 20.1359997
v -8.59599972 -4.85200024 16.6879978
v -10.3240004 -7.18800068 17.7879982
v -11.908 -5.88000059 14.0119991
v -8.59599972 -4.85200024 16.6879978
v -11.908 -5.88000059 14.0119991
v -11.9439993 -3.84400058 12.6960001
v 6.94000053 -5.09200001 17.9119987
v 1.92799997 -1.86400068 19.987999
v 7.59200001 -1.98000062 17.907999
v 7.59200001 -1.98000062 17.907999
v 8.59599972 -4.85200024 16.6879978
v 6.94000053 -5.09200001 17.9119987
v 8.59599972 -4.85200024 16.6879978
v 6.42400026 -7.14000034 20.1359997
v 6.94000053 -5.09200001 17.9119987
v 6.42400026 -7.14000034 20.1359997
v 0 -6.74800014 20.7279987
v 6.94000053 -5.09200001 17.9119987
v 0 -8.34400082 25.0639992
v 0 -6.74800014 20.7279987
v 6.42400026 -7.14000034 20.1359997
v 0 -6.74800014 20.7279987
v 0 -8.34400082 25.0639992
v -6.42400026 -7.14000034 20.1359997
v -6.42400026 -7.14000034 20.1359997
v 0 -8.34400082 25.0639992
v -11.1199999 -7.18000031 19.9439983
v -10.3240004 -7.18800068 17.7879982
v -6.42400026 -7.14000034 20.1359997
v -11.1199999 -7.18000031 19.9439983
v -11.1199999 -7.18000031 19.9439983
v -13.3559999 -5.49600029 13.7559986
v -10.3240004 -7.18800068 17.7879982
v -11.908 -5.88000059 14.0119991
v -10.3240004 -7.18800068 17.7879982
v -13.3559999 -5.49600029 13.7559986
v -11.9439993 -3.84400058 12.6960001
v -11.908 -5.88000059 14.0119991
v -13.3559999 -5.49600029 13.7559986
v 8.59599972 -4.85200024 16.6879978
v 7.59200001 -1.98000062 17.907999
v 11.9439993 -3.84400058 12.6960001
v 11.908 -5.88000059 14.0119991
v 8.59599972 -4.85200024 16.6879978
v 11.9439993 -3.84400058 12.6960001
v 10.3240004 -7.18800068 17.7879982
v 8.59599972 -4.85200024 16.6879978
v 11.908 -5.88000059 14.0119991
v 8.59599972 -4.85200024 16.6879978
v 10.3240004 -7.18800068 17.7879982
v 6.42400026 -7.14000034 20.1359997
v 6.42400026 -7.14000034 20.1359997
v 10.3240004 -7.18800068 17.7879982
v 11.1199999 -7.18000031 19.9439983
v 0 -8.34400082 25.0639992
v 6.42400026 -7.14000034 20.1359997
v 11.1199999 -7.18000031 19.9439983
v 7.59200001 -1.98000062 17.907999
v 11.7959995 -2.48800039 13.3599987
v 11.9439993 -3.84400058 12.6960001
v 11.9439993 -3.84400058 12.6960001
v 11.7959995 -2.48800039 13.3599987
v 13.5480003 -2.96800017 13.3239985
v 13.3559999 -5.49600029 13.7559986
v 11.9439993 -3.84400058 12.6960001
v 13.5480003 -2.96800017 13.3239985
v 11.908 -5.88000059 14.0119991
v 11.9439993 -3.84400058 12.6960001
v 13.3559999 -5.49600029 13.7559986
v 10.3240004 -7.18800068 17.7879982
v 11.908 -5.88000059 14.0119991
v 13.3559999 -5.49600029 13.7559986
v 13.3559999 -5.49600029 13.7559986
v 11.1199999 -7.18000031 19.9439983
v 10.3240004 -7.18800068 17.7879982
v 14.2000008 -5.44000101 17.0839977
v 11.1199999 -7.18000031 19.9439983
v 13.3559999 -5.49600029 13.7559986
v 11.1479998 -5.88000059 23.4279976
v 11.1199999 -7.18000031 19.9439983
v 14.2000008 -5.44000101 17.0839977
v 11.1199999 -7.18000031 19.9439983
v 11.1479998 -5.88000059 23.4279976
v 7.56400013 -7.38800049 24.8479996
v 0 -8.34400082 25.0639992
v 11.1199999 -7.18000031 19.9439983
v 7.56400013 -7.38800049 24.8479996
v 14.2360001 -4.06400061 13.9039993
v 13.3559999 -5.49600029 13.7559986
v 13.5480003 -2.96800017 13.3239985
v 14.2000008 -5.44000101 17.0839977
v 13.3559999 -5.49600029 13.7559986
v 14.2360001 -4.06400061 13.9039993
v 14.684001 -3.18400049 15.3879986
v 14.2000008 -5.44000101 17.0839977
v 14.2360001 -4.06400061 13.9039993
v 14.2000008 -5.44000101 17.0839977
v 14.684001 -3.18400049 15.3879986
v 14.2560005 -4.45200062 18.6999989
v 11.1479998 -5.88000059 23.4279976
v 14.2000008 -5.44000101 17.0839977
v 14.2560005 -4.45200062 18.6999989
v 12.5200005 -3.64000058 22.2799988
v 11.1479998 -5.88000059 23.4279976
v 14.2560005 -4.45200062 18.6999989
v 12.5200005 -3.64000058 22.2799988
v 8.86399937 -3.49600077 26.4919968
v 11.1479998 -5.88000059 23.4279976
v 8.86399937 -3.49600077 26.4919968
v 4.98800039 -6.32400084 28.0679989
v 11.1479998 -5.88000059 23.4279976
v 4.98800039 -6.32400084 28.0679989
v 7.56400013 -7.38800049 24.8479996
v 11.1479998 -5.88000059 23.4279976
v 13.5480003 -2.96800017 13.3239985
v 14.684001 -3.18400049 15.3879986
v 14.2360001 -4.06400061 13.9039993
v -11.7959995 -2.48800039 13.3599987
v -11.9439993 -3.84400058 12.6960001
v -13.5480003 -2.96800017 13.3239985
v -11.9439993 -3.84400058 12.6960001
v -13.3559999 -5.49600029 13.7559986
v -13.5480003 -2.96800017 13.3239985
v -13.3559999 -5.49600029 13.7559986
v -14.2360001 -4.06400061 13.9039993
v -13.5480003 -2.96800017 13.3239985
v -14.684001 -3.18400049 15.3879986
v -13.5480003 -2.96800017 13.3239985
v -14.2360001 -4.06400061 13.9039993
v -14.2000008 -5.44000101 17.0839977
v -14.684001 -3.18400049 15.3879986
v -14.2360001 -4.06400061 13.9039993
v -14.684001 -3.18400049 15.3879986
v -14.2000008 -5.44000101 17.0839977
v -14.2560005 -4.45200062 18.6999989
v -14.2000008 -5.44000101 17.0839977
v -11.1479998 -5.88000059 23.4279976
v -14.2560005 -4.45200062 18.6999989
v -11.1479998 -5.88000059 23.4279976
v -12.5200005 -3.64000058 22.2799988
v -14.2560005 -4.45200062 18.6999989
v -8.86399937 -3.49600077 26.4919968
v -12.5200005 -3.64000058 22.2799988
v -11.1479998 -5.88000059 23.4279976
v -13.3559999 -5.49600029 13.7559986
v -14.2000008 -5.44000101 17.0839977
v -14.2360001 -4.06400061 13.9039993
v -11.1199999 -7.18000031 19.9439983
v -14.2000008 -5.44000101 17.0839977
v -13.3559999 -5.49600029 13.7559986
v -11.1199999 -7.18000031 19.9439983
v -11.1479998 -5.88000059 23.4279976
v -14.2000008 -5.44000101 17.0839977
v -11.1479998 -5.88000059 23.4279976
v -11.1199999 -7.18000031 19.9439983
v -7.56400013 -7.38800049 24.8479996
v -7.56400013 -7.38800049 24.8479996
v -4.98800039 -6.32400084 28.0679989
v -11.1479998 -5.88000059 23.4279976
v -4.98800039 -6.32400084 28.0679989
v -8.86399937 -3.49600077 26.4919968
v -11.1479998 -5.88000059 23.4279976
v -4.98800039 -6.32400084 28.0679989
v -5.32400036 -4.51200104 28.7599964
v -8.86399937 -3.49600077 26.4919968
v -5.32400036 -4.51200104 28.7599964
v -5.34800005 -2.20400119 28.3599987
v -8.86399937 -3.49600077 26.4919968
v -5.34800005 -2.20400119 28.3599987
v -5.32400036 -4.51200104 28.7599964
v -2.08400011 -3.01200104 29.7880001
v -5.32400036 -4.51200104 28.7599964
v 0 -5.01600122 30.0679951
v -2.08400011 -3.01200104 29.7880001
v 0 -5.01600122 30.0679951
v 0 -0.932001173 28.7879982
v -2.08400011 -3.01200104 29.7880001
v -11.1199999 -7.18000031 19.9439983
v 0 -8.34400082 25.0639992
v -7.56400013 -7.38800049 24.8479996
v -3.12000012 -7.53200054 26.9879971
v -7.56400013 -7.38800049 24.8479996
v 0 -8.34400082 25.0639992
v -4.98800039 -6.32400084 28.0679989
v -7.56400013 -7.38800049 24.8479996
v -3.12000012 -7.53200054 26.9879971
v 0 -6.33600092 29.2239971
v -4.98800039 -6.32400084 28.0679989
v -3.12000012 -7.53200054 26.9879971
v -4.98800039 -6.32400084 28.0679989
v 0 -6.33600092 29.2239971
v 0 -5.01600122 30.0679951
v -5.32400036 -4.51200104 28.7599964
v -4.98800039 -6.32400084 28.0679989
v 0 -5.01600122 30.0679951
v 0 -8.34400082 25.0639992
v 0 -6.33600092 29.2239971
v -3.12000012 -7.53200054 26.9879971
v 0 -6.33600092 29.2239971
v 0 -8.34400082 25.0639992
v 3.12000012 -7.53200054 26.9879971
v 4.98800039 -6.32400084 28.0679989
v 0 -6.33600092 29.2239971
v 3.12000012 -7.53200054 26.9879971
v 0 -6.33600092 29.2239971
v 4.98800039 -6.32400084 28.0679989
v 0 -5.01600122 30.0679951
v 4.98800039 -6.32400084 28.0679989
v 5.32400036 -4.51200104 28.7599964
v 0 -5.01600122 30.0679951
v 0 -5.01600122 30.0679951
v 5.32400036 -4.51200104 28.7599964
v 2.08400011 -3.01200104 29.7880001
v 0 -0.932001173 28.7879982
v 0 -5.01600122 30.0679951
v 2.08400011 -3.01200104 29.7880001
v 7.56400013 -7.38800049 24.8479996
v 3.12000012 -7.53200054 26.9879971
v 0 -8.34400082 25.0639992
v 7.56400013 -7.38800049 24.8479996
v 4.98800039 -6.32400084 28.0679989
v 3.12000012 -7.53200054 26.9879971
v 5.32400036 -4.51200104 28.7599964
v 5.34800005 -2.20400119 28.3599987
v 2.08400011 -3.01200104 29.7880001
v 5.34800005 -2.20400119 28.3599987
v 5.32400036 -4.51200104 28.7599964
v 8.86399937 -3.49600077 26.4919968
v 5.32400036 -4.51200104 28.7599964
v 4.98800039 -6.32400084 28.0679989
v 8.86399937 -3.49600077 26.4919968
v 0 -0.480000913 21.1319981
v 2.82000017 -0.10000094 21.5999985
v 1.92799997 -1.86400068 19.987999
v 2.82000017 -0.10000094 21.5999985
v 0 -0.480000913 21.1319981
v 0 0.323998868 25.1000004
v 9.11600018 0.0479990691 21.2719975
v 2.82000017 -0.10000094 21.5999985
v 0 0.323998868 25.1000004
v 8.28800011 -0.464000791 18.8159981
v 2.82000017 -0.10000094 21.5999985
v 9.11600018 0.0479990691 21.2719975
v 1.92799997 -1.86400068 19.987999
v 2.82000017 -0.10000094 21.5999985
v 8.28800011 -0.464000791 18.8159981
v 1.92799997 -1.86400068 19.987999
v 8.28800011 -0.464000791 18.8159981
v 7.59200001 -1.98000062 17.907999
v 7.59200001 -1.98000062 17.907999
v 8.28800011 -0.464000791 18.8159981
v 11.7959995 -2.48800039 13.3599987
v 11.7959995 -2.48800039 13.3599987
v 8.28800011 -0.464000791 18.8159981
v 12.0760002 -1.22800064 15.448
v 11.7959995 -2.48800039 13.3599987
v 12.0760002 -1.22800064 15.448
v 13.5480003 -2.96800017 13.3239985
v 0 -0.480000913 21.1319981
v -2.82000017 -0.10000094 21.5999985
v 0 0.323998868 25.1000004
v -2.82000017 -0.10000094 21.5999985
v -9.11600018 0.0479990691 21.2719975
v 0 0.323998868 25.1000004
v 0 0.323998868 25.1000004
v -9.11600018 0.0479990691 21.2719975
v -4.6880002 0.119998887 25.1439991
v 0 -0.932001173 28.7879982
v 0 0.323998868 25.1000004
v -4.6880002 0.119998887 25.1439991
v 0 0.323998868 25.1000004
v 0 -0.932001173 28.7879982
v 4.6880002 0.119998887 25.1439991
v 9.11600018 0.0479990691 21.2719975
v 0 0.323998868 25.1000004
v 4.6880002 0.119998887 25.1439991
v -2.82000017 -0.10000094 21.5999985
v 0 -0.480000913 21.1319981
v -1.92799997 -1.86400068 19.987999
v -2.82000017 -0.10000094 21.5999985
v -1.92799997 -1.86400068 19.987999
v -8.28800011 -0.464000791 18.8159981
v -2.82000017 -0.10000094 21.5999985
v -8.28800011 -0.464000791 18.8159981
v -9.11600018 0.0479990691 21.2719975
v -9.11600018 0.0479990691 21.2719975
v -8.28800011 -0.464000791 18.8159981
v -12.0760002 -1.22800064 15.448
v -12.1399994 -0.976000726 19.3439999
v -9.11600018 0.0479990691 21.2719975
v -12.0760002 -1.22800064 15.448
v -12.1399994 -0.976000726 19.3439999
v -9.74800014 -1.20400095 24.2679977
v -9.11600018 0.0479990691 21.2719975
v -9.74800014 -1.20400095 24.2679977
v -4.6880002 0.119998887 25.1439991
v -9.11600018 0.0479990691 21.2719975
v -3.50800014 -0.952001214 28.0599995
v -4.6880002 0.119998887 25.1439991
v -9.74800014 -1.20400095 24.2679977
v -3.50800014 -0.952001214 28.0599995
v 0 -0.932001173 28.7879982
v -4.6880002 0.119998887 25.1439991
v 0 -0.932001173 28.7879982
v -3.50800014 -0.952001214 28.0599995
v -2.08400011 -3.01200104 29.7880001
v -3.50800014 -0.952001214 28.0599995
v -5.34800005 -2.20400119 28.3599987
v -2.08400011 -3.01200104 29.7880001
v -8.28800011 -0.464000791 18.8159981
v -1.92799997 -1.86400068 19.987999
v -7.59200001 -1.98000062 17.907999
v -8.28800011 -0.464000791 18.8159981
v -7.59200001 -1.98000062 17.907999
v -11.7959995 -2.48800039 13.3599987
v -8.28800011 -0.464000791 18.8159981
v -11.7959995 -2.48800039 13.3599987
v -12.0760002 -1.22800064 15.448
v -12.0760002 -1.22800064 15.448
v -11.7959995 -2.48800039 13.3599987
v -13.5480003 -2.96800017 13.3239985
v -14.684001 -3.18400049 15.3879986
v -12.0760002 -1.22800064 15.448
v -13.5480003 -2.96800017 13.3239985
v -14.684001 -3.18400049 15.3879986
v -13.7480001 -2.2760005 18.9639988
v -12.0760002 -1.22800064 15.448
v -12.0760002 -1.22800064 15.448
v -13.7480001 -2.2760005 18.9639988
v -12.1399994 -0.976000726 19.3439999
v -13.7480001 -2.2760005 18.9639988
v -9.74800014 -1.20400095 24.2679977
v -12.1399994 -0.976000726 19.3439999
v -9.74800014 -1.20400095 24.2679977
v -13.7480001 -2.2760005 18.9639988
v -12.5200005 -3.64000058 22.2799988
v -9.74800014 -1.20400095 24.2679977
v -12.5200005 -3.64000058 22.2799988
v -8.86399937 -3.49600077 26.4919968
v -5.34800005 -2.20400119 28.3599987
v -9.74800014 -1.20400095 24.2679977
v -8.86399937 -3.49600077 26.4919968
v -3.50800014 -0.952001214 28.0599995
v -9.74800014 -1.20400095 24.2679977
v -5.34800005 -2.20400119 28.3599987
v -13.7480001 -2.2760005 18.9639988
v -14.684001 -3.18400049 15.3879986
v -14.2560005 -4.45200062 18.6999989
v -12.5200005 -3.64000058 22.2799988
v -13.7480001 -2.2760005 18.9639988
v -14.2560005 -4.45200062 18.6999989
v 12.0760002 -1.22800064 15.448
v 14.684001 -3.18400049 15.3879986
v 13.5480003 -2.96800017 13.3239985
v 13.7480001 -2.2760005 18.9639988
v 14.684001 -3.18400049 15.3879986
v 12.0760002 -1.22800064 15.448
v 14.684001 -3.18400049 15.3879986
v 13.7480001 -2.2760005 18.9639988
v 14.2560005 -4.45200062 18.6999989
v 13.7480001 -2.2760005 18.9639988
v 12.5200005 -3.64000058 22.2799988
v 14.2560005 -4.45200062 18.6999989
v 13.7480001 -2.2760005 18.9639988
v 9.74800014 -1.20400095 24.2679977
v 12.5200005 -3.64000058 22.2799988
v 12.5200005 -3.64000058 22.2799988
v 9.74800014 -1.20400095 24.2679977
v 8.86399937 -3.49600077 26.4919968
v 9.74800014 -1.20400095 24.2679977
v 5.34800005 -2.20400119 28.3599987
v 8.86399937 -3.49600077 26.4919968
v 13.7480001 -2.2760005 18.9639988
v 12.0760002 -1.22800064 15.448
v 12.1399994 -0.976000726 19.3439999
v 9.74800014 -1.20400095 24.2679977
v 13.7480001 -2.2760005 18.9639988
v 12.1399994 -0.976000726 19.3439999
v 9.74800014 -1.20400095 24.2679977
v 12.1399994 -0.976000726 19.3439999
v 9.11600018 0.0479990691 21.2719975
v 4.6880002 0.119998887 25.1439991
v 9.74800014 -1.20400095 24.2679977
v 9.11600018 0.0479990691 21.2719975
v 4.6880002 0.119998887 25.1439991
v 3.50800014 -0.952001214 28.0599995
v 9.74800014 -1.20400095 24.2679977
v 9.74800014 -1.20400095 24.2679977
v 3.50800014 -0.952001214 28.0599995
v 5.34800005 -2.20400119 28.3599987
v 5.34800005 -2.20400119 28.3599987
v 3.50800014 -0.952001214 28.0599995
v 2.08400011 -3.01200104 29.7880001
v 3.50800014 -0.952001214 28.0599995
v 0 -0.932001173 28.7879982
v 2.08400011 -3.01200104 29.7880001
v 0 -0.932001173 28.7879982
v 3.50800014 -0.952001214 28.0599995
v 4.6880002 0.119998887 25.1439991
v 9.11600018 0.0479990691 21.2719975
v 12.1399994 -0.976000726 19.3439999
v 12.0760002 -1.22800064 15.448
v 8.28800011 -0.464000791 18.8159981
v 9.11600018 0.0479990691 21.2719975
v 12.0760002 -1.22800064 15.448
v 2.51999998 -6.65199947 1.59199953
v 0 -8.02799988 2.47999954
v 2.13199997 -9.76399899 1.47999954
v 0 -8.02799988 2.47999954
v 2.51999998 -6.65199947 1.59199953
v 2.68000007 -3.92399955 0.471999824
v 0 -0.267999887 -1.81599987
v 0 -8.02799988 2.47999954
v 2.68000007 -3.92399955 0.471999824
v 0 -8.02799988 2.47999954
v 0 -0.267999887 -1.81599987
v -2.68000007 -3.92399955 0.471999824
v -2.51999998 -6.65199947 1.59199953
v 0 -8.02799988 2.47999954
v -2.68000007 -3.92399955 0.471999824
v 0 -8.02799988 2.47999954
v -2.51999998 -6.65199947 1.59199953
v -2.13199997 -9.76399899 1.47999954
v -2.13199997 -9.76399899 1.47999954
v -2.51999998 -6.65199947 1.59199953
v -7.25200033 -8.11199951 -1.70000029
v 2.51999998 -6.65199947 1.59199953
v 2.13199997 -9.76399899 1.47999954
v 7.25200033 -8.11199951 -1.70000029
v 2.51999998 -6.65199947 1.59199953
v 7.25200033 -8.11199951 -1.70000029
v 7.57599974 -5.11199999 -2.67600012
v 2.51999998 -6.65199947 1.59199953
v 7.57599974 -5.11199999 -2.67600012
v 2.68000007 -3.92399955 0.471999824
v 2.68000007 -3.92399955 0.471999824
v 7.57599974 -5.11199999 -2.67600012
v 8.55200005 -0.995999694 -6.35999918
v 8.55200005 -0.995999694 -6.35999918
v 3.3039999 0.788000166 -3.80799961
v 2.68000007 -3.92399955 0.471999824
v 3.3039999 0.788000166 -3.80799961
v 0 -0.267999887 -1.81599987
v 2.68000007 -3.92399955 0.471999824
v 0 3.15200019 -7.51599979
v 0 -0.267999887 -1.81599987
v 3.3039999 0.788000166 -3.80799961
v 0 -0.267999887 -1.81599987
v 0 3.15200019 -7.51599979
v -3.3039999 0.788000166 -3.80799961
v 0 -0.267999887 -1.81599987
v -3.3039999 0.788000166 -3.80799961
v -2.68000007 -3.92399955 0.471999824
v 7.25200033 -8.11199951 -1.70000029
v 17.2440014 -7.11599922 -13.1359987
v 7.57599974 -5.11199999 -2.67600012
v 7.57599974 -5.11199999 -2.67600012
v 17.2440014 -7.11599922 -13.1359987
v 18.2520008 -2.9959991 -16.5599995
v 8.55200005 -0.995999694 -6.35999918
v 7.57599974 -5.11199999 -2.67600012
v 18.2520008 -2.9959991 -16.5599995
v 13.6960011 2.37200069 -17.4359989
v 8.55200005 -0.995999694 -6.35999918
v 18.2520008 -2.9959991 -16.5599995
v 13.6960011 2.37200069 -17.4359989
v 6.30400038 2.65199995 -8.65599918
v 8.55200005 -0.995999694 -6.35999918
v 8.55200005 -0.995999694 -6.35999918
v 6.30400038 2.65199995 -8.65599918
v 3.3039999 0.788000166 -3.80799961
v 6.30400038 2.65199995 -8.65599918
v 0 3.15200019 -7.51599979
v 3.3039999 0.788000166 -3.80799961
v 18.2520008 -2.9959991 -16.5599995
v 17.2440014 -7.11599922 -13.1359987
v 21.8440018 -5.99999905 -20.9159985
v 21.8440018 -5.99999905 -20.9159985
v 21.0480003 -2.04799867 -24.6239986
v 18.2520008 -2.9959991 -16.5599995
v 21.0480003 -2.04799867 -24.6239986
v 16.8799992 1.48000085 -21.7679996
v 18.2520008 -2.9959991 -16.5599995
v 16.8799992 1.48000085 -21.7679996
v 13.6960011 2.37200069 -17.4359989
v 18.2520008 -2.9959991 -16.5599995
v 16.8799992 1.48000085 -21.7679996
v 13.6560011 3.1000011 -26.1999969
v 13.6960011 2.37200069 -17.4359989
v 13.6560011 3.1000011 -26.1999969
v 7.68400049 4.00000048 -16.3719978
v 13.6960011 2.37200069 -17.4359989
v 6.30400038 2.65199995 -8.65599918
v 13.6960011 2.37200069 -17.4359989
v 7.68400049 4.00000048 -16.3719978
v 0 3.15200019 -7.51599979
v 6.30400038 2.65199995 -8.65599918
v 7.68400049 4.00000048 -16.3719978
v 21.8440018 -5.99999905 -20.9159985
v 23.0200005 -6.07599831 -24.8599987
v 21.0480003 -2.04799867 -24.6239986
v 23.0200005 -6.07599831 -24.8599987
v 22.5359993 -4.25999832 -29.3919983
v 21.0480003 -2.04799867 -24.6239986
v 21.0480003 -2.04799867 -24.6239986
v 22.5359993 -4.25999832 -29.3919983
v 19.7360001 -0.991998613 -30.1040001
v 19.7360001 -0.991998613 -30.1040001
v 16.8799992 1.48000085 -21.7679996
v 21.0480003 -2.04799867 -24.6239986
v 13.6560011 3.1000011 -26.1999969
v 16.8799992 1.48000085 -21.7679996
v 19.7360001 -0.991998613 -30.1040001
v 13.6560011 3.1000011 -26.1999969
v 19.7360001 -0.991998613 -30.1040001
v 16.4120007 -0.139998496 -34.3279991
v 16.4120007 -0.139998496 -34.3279991
v 8.96000004 0.804001689 -41.132
v 13.6560011 3.1000011 -26.1999969
v 13.6560011 3.1000011 -26.1999969
v 8.96000004 0.804001689 -41.132
v 6.35599995 4.20400095 -25.9919987
v 7.68400049 4.00000048 -16.3719978
v 13.6560011 3.1000011 -26.1999969
v 6.35599995 4.20400095 -25.9919987
v 6.35599995 4.20400095 -25.9919987
v 0 4.43600082 -27.2359982
v 7.68400049 4.00000048 -16.3719978
v 0 4.43600082 -27.2359982
v 0 3.15200019 -7.51599979
v 7.68400049 4.00000048 -16.3719978
v 19.7360001 -0.991998613 -30.1040001
v 22.5359993 -4.25999832 -29.3919983
v 20.8240013 -5.47999763 -35.4759979
v 19.7360001 -0.991998613 -30.1040001
v 20.8240013 -5.47999763 -35.4759979
v 16.4120007 -0.139998496 -34.3279991
v 20.8240013 -5.47999763 -35.4759979
v 8.60000038 -2.99199772 -47.8999977
v 16.4120007 -0.139998496 -34.3279991
v 8.96000004 0.804001689 -41.132
v 16.4120007 -0.139998496 -34.3279991
v 8.60000038 -2.99199772 -47.8999977
v 8.96000004 0.804001689 -41.132
v 8.60000038 -2.99199772 -47.8999977
v 5.10400009 -1.30799782 -46.739994
v 0 2.84000158 -36.8079948
v 8.96000004 0.804001689 -41.132
v 5.10400009 -1.30799782 -46.739994
v 8.96000004 0.804001689 -41.132
v 0 2.84000158 -36.8079948
v 6.35599995 4.20400095 -25.9919987
v 0 4.43600082 -27.2359982
v 6.35599995 4.20400095 -25.9919987
v 0 2.84000158 -36.8079948
v -6.35599995 4.20400095 -25.9919987
v 0 4.43600082 -27.2359982
v 0 2.84000158 -36.8079948
v 0 4.43600082 -27.2359982
v -6.35599995 4.20400095 -25.9919987
v -7.68400049 4.00000048 -16.3719978
v 0 3.15200019 -7.51599979
v 0 4.43600082 -27.2359982
v -7.68400049 4.00000048 -16.3719978
v -6.30400038 2.65199995 -8.65599918
v 0 3.15200019 -7.51599979
v -7.68400049 4.00000048 -16.3719978
v 0 3.15200019 -7.51599979
v -6.30400038 2.65199995 -8.65599918
v -3.3039999 0.788000166 -3.80799961
v 20.8240013 -5.47999763 -35.4759979
v 15.6240005 -6.35599756 -43.0919991
v 8.60000038 -2.99199772 -47.8999977
v 8.60000038 -2.99199772 -47.8999977
v 15.6240005 -6.35599756 -43.0919991
v 8.49600029 -5.52799749 -49.9719963
v 8.49600029 -5.52799749 -49.9719963
v 5.15199995 -4.89999771 -50.8479958
v 8.60000038 -2.99199772 -47.8999977
v 5.15199995 -4.89999771 -50.8479958
v 5.10400009 -1.30799782 -46.739994
v 8.60000038 -2.99199772 -47.8999977
v 0.948000073 -5.17999744 -48.3120003
v 5.10400009 -1.30799782 -46.739994
v 5.15199995 -4.89999771 -50.8479958
v 0.948000073 -5.17999744 -48.3120003
v 0 -0.0799980909 -43.5599976
v 5.10400009 -1.30799782 -46.739994
v 0 -0.0799980909 -43.5599976
v 0 2.84000158 -36.8079948
v 5.10400009 -1.30799782 -46.739994
v 0 2.84000158 -36.8079948
v 0 -0.0799980909 -43.5599976
v -5.10400009 -1.30799782 -46.739994
v -8.96000004 0.804001689 -41.132
v 0 2.84000158 -36.8079948
v -5.10400009 -1.30799782 -46.739994
v 0 2.84000158 -36.8079948
v -8.96000004 0.804001689 -41.132
v -6.35599995 4.20400095 -25.9919987
v -8.96000004 0.804001689 -41.132
v -13.6560011 3.1000011 -26.1999969
v -6.35599995 4.20400095 -25.9919987
v -13.6560011 3.1000011 -26.1999969
v -7.68400049 4.00000048 -16.3719978
v -6.35599995 4.20400095 -25.9919987
v -7.68400049 4.00000048 -16.3719978
v -13.6560011 3.1000011 -26.1999969
v -13.6960011 2.37200069 -17.4359989
v -13.6960011 2.37200069 -17.4359989
v -6.30400038 2.65199995 -8.65599918
v -7.68400049 4.00000048 -16.3719978
v -6.30400038 2.65199995 -8.65599918
v -13.6960011 2.37200069 -17.4359989
v -8.55200005 -0.995999694 -6.35999918
v -6.30400038 2.65199995 -8.65599918
v -8.55200005 -0.995999694 -6.35999918
v -3.3039999 0.788000166 -3.80799961
v -3.3039999 0.788000166 -3.80799961
v -8.55200005 -0.995999694 -6.35999918
v -2.68000007 -3.92399955 0.471999824
v 0 -5.49199772 -48.2199974
v 0 -0.0799980909 -43.5599976
v 0.948000073 -5.17999744 -48.3120003
v 0 -0.0799980909 -43.5599976
v 0 -5.49199772 -48.2199974
v -0.948000073 -5.17999744 -48.3120003
v 0 -0.0799980909 -43.5599976
v -0.948000073 -5.17999744 -48.3120003
v -5.10400009 -1.30799782 -46.739994
v -5.10400009 -1.30799782 -46.739994
v -0.948000073 -5.17999744 -48.3120003
v -5.15199995 -4.89999771 -50.8479958
v -5.10400009 -1.30799782 -46.739994
v -5.15199995 -4.89999771 -50.8479958
v -8.60000038 -2.99199772 -47.8999977
v -8.60000038 -2.99199772 -47.8999977
v -8.96000004 0.804001689 -41.132
v -5.10400009 -1.30799782 -46.739994
v -16.4120007 -0.139998496 -34.3279991
v -8.96000004 0.804001689 -41.132
v -8.60000038 -2.99199772 -47.8999977
v -8.96000004 0.804001689 -41.132
v -16.4120007 -0.139998496 -34.3279991
v -13.6560011 3.1000011 -26.1999969
v -19.7360001 -0.991998613 -30.1040001
v -13.6560011 3.1000011 -26.1999969
v -16.4120007 -0.139998496 -34.3279991
v -16.8799992 1.48000085 -21.7679996
v -13.6560011 3.1000011 -26.1999969
v -19.7360001 -0.991998613 -30.1040001
v -13.6560011 3.1000011 -26.1999969
v -16.8799992 1.48000085 -21.7679996
v -13.6960011 2.37200069 -17.4359989
v -13.6960011 2.37200069 -17.4359989
v -16.8799992 1.48000085 -21.7679996
v -18.2520008 -2.9959991 -16.5599995
v -8.55200005 -0.995999694 -6.35999918
v -13.6960011 2.37200069 -17.4359989
v -18.2520008 -2.9959991 -16.5599995
v -7.57599974 -5.11199999 -2.67600012
v -8.55200005 -0.995999694 -6.35999918
v -18.2520008 -2.9959991 -16.5599995
v -7.57599974 -5.11199999 -2.67600012
v -2.68000007 -3.92399955 0.471999824
v -8.55200005 -0.995999694 -6.35999918
v -7.57599974 -5.11199999 -2.67600012
v -2.51999998 -6.65199947 1.59199953
v -2.68000007 -3.92399955 0.471999824
v -5.15199995 -4.89999771 -50.8479958
v -8.49600029 -5.52799749 -49.9719963
v -8.60000038 -2.99199772 -47.8999977
v -15.6240005 -6.35599756 -43.0919991
v -8.60000038 -2.99199772 -47.8999977
v -8.49600029 -5.52799749 -49.9719963
v -15.6240005 -6.35599756 -43.0919991
v -20.8240013 -5.47999763 -35.4759979
v -8.60000038 -2.99199772 -47.8999977
v -8.60000038 -2.99199772 -47.8999977
v -20.8240013 -5.47999763 -35.4759979
v -16.4120007 -0.139998496 -34.3279991
v -20.8240013 -5.47999763 -35.4759979
v -19.7360001 -0.991998613 -30.1040001
v -16.4120007 -0.139998496 -34.3279991
v -22.5359993 -4.25999832 -29.3919983
v -19.7360001 -0.991998613 -30.1040001
v -20.8240013 -5.47999763 -35.4759979
v -22.5359993 -4.25999832 -29.3919983
v -21.0480003 -2.04799867 -24.6239986
v -19.7360001 -0.991998613 -30.1040001
v -16.8799992 1.48000085 -21.7679996
v -19.7360001 -0.991998613 -30.1040001
v -21.0480003 -2.04799867 -24.6239986
v -16.8799992 1.48000085 -21.7679996
v -21.0480003 -2.04799867 -24.6239986
v -18.2520008 -2.9959991 -16.5599995
v -21.0480003 -2.04799867 -24.6239986
v -21.8440018 -5.99999905 -20.9159985
v -18.2520008 -2.9959991 -16.5599995
v -17.2440014 -7.11599922 -13.1359987
v -18.2520008 -2.9959991 -16.5599995
v -21.8440018 -5.99999905 -20.9159985
v -17.2440014 -7.11599922 -13.1359987
v -7.57599974 -5.11199999 -2.67600012
v -18.2520008 -2.9959991 -16.5599995
v -17.2440014 -7.11599922 -13.1359987
v -7.25200033 -8.11199951 -1.70000029
v -7.57599974 -5.11199999 -2.67600012
v -7.25200033 -8.11199951 -1.70000029
v -2.51999998 -6.65199947 1.59199953
v -7.57599974 -5.11199999 -2.67600012
v -22.5359993 -4.25999832 -29.3919983
v -23.0200005 -6.07599831 -24.8599987
v -21.0480003 -2.04799867 -24.6239986
v -23.0200005 -6.07599831 -24.8599987
v -21.8440018 -5.99999905 -20.9159985
v -21.0480003 -2.04799867 -24.6239986
v 0 -8.02799988 2.47999954
v 0 -14.5319986 -2.65200043
v 2.13199997 -9.76399899 1.47999954
v 0 -14.5319986 -2.65200043
v 0 -8.02799988 2.47999954
v -2.13199997 -9.76399899 1.47999954
v -4.46799994 -14.4959993 -3.98800015
v 0 -14.5319986 -2.65200043
v -2.13199997 -9.76399899 1.47999954
v 0 -14.5319986 -2.65200043
v -4.46799994 -14.4959993 -3.98800015
v -6.96799994 -16.2479992 -13.6280003
v 0 -16.1319981 -13.2480001
v 0 -14.5319986 -2.65200043
v -6.96799994 -16.2479992 -13.6280003
v 0 -14.5319986 -2.65200043
v 0 -16.1319981 -13.2480001
v 6.96799994 -16.2479992 -13.6280003
v 4.46799994 -14.4959993 -3.98800015
v 0 -14.5319986 -2.65200043
v 6.96799994 -16.2479992 -13.6280003
v 0 -14.5319986 -2.65200043
v 4.46799994 -14.4959993 -3.98800015
v 2.13199997 -9.76399899 1.47999954
v 7.25200033 -8.11199951 -1.70000029
v 2.13199997 -9.76399899 1.47999954
v 4.46799994 -14.4959993 -3.98800015
v -2.13199997 -9.76399899 1.47999954
v -7.25200033 -8.11199951 -1.70000029
v -4.46799994 -14.4959993 -3.98800015
v -7.25200033 -8.11199951 -1.70000029
v -17.7320004 -11.9119987 -17.6240005
v -4.46799994 -14.4959993 -3.98800015
v -17.7320004 -11.9119987 -17.6240005
v -12.8840017 -14.8199978 -15.2479992
v -4.46799994 -14.4959993 -3.98800015
v -4.46799994 -14.4959993 -3.98800015
v -12.8840017 -14.8199978 -15.2479992
v -6.96799994 -16.2479992 -13.6280003
v -12.8840017 -14.8199978 -15.2479992
v -15.6440001 -14.7759981 -25.3239975
v -6.96799994 -16.2479992 -13.6280003
v -15.6440001 -14.7759981 -25.3239975
v -11.3080006 -15.0759983 -19.5279999
v -6.96799994 -16.2479992 -13.6280003
v -6.96799994 -16.2479992 -13.6280003
v -11.3080006 -15.0759983 -19.5279999
v -4.05200005 -15.671999 -14.3520002
v 0 -16.1319981 -13.2480001
v -6.96799994 -16.2479992 -13.6280003
v -4.05200005 -15.671999 -14.3520002
v -17.2440014 -7.11599922 -13.1359987
v -17.7320004 -11.9119987 -17.6240005
v -7.25200033 -8.11199951 -1.70000029
v -17.2440014 -7.11599922 -13.1359987
v -21.8440018 -5.99999905 -20.9159985
v -17.7320004 -11.9119987 -17.6240005
v -21.8440018 -5.99999905 -20.9159985
v -21.2719994 -10.9119978 -25.1119976
v -17.7320004 -11.9119987 -17.6240005
v -21.2719994 -10.9119978 -25.1119976
v -12.8840017 -14.8199978 -15.2479992
v -17.7320004 -11.9119987 -17.6240005
v -15.6440001 -14.7759981 -25.3239975
v -12.8840017 -14.8199978 -15.2479992
v -21.2719994 -10.9119978 -25.1119976
v -15.6440001 -14.7759981 -25.3239975
v -21.2719994 -10.9119978 -25.1119976
v -17.8439999 -13.395997 -29.9720001
v -15.6440001 -14.7759981 -25.3239975
v -17.8439999 -13.395997 -29.9720001
v -14.0080004 -14.1359978 -28.1839981
v -11.3080006 -15.0759983 -19.5279999
v -15.6440001 -14.7759981 -25.3239975
v -14.0080004 -14.1359978 -28.1839981
v -14.0080004 -14.1359978 -28.1839981
v -10.3240004 -11.6839991 -24.1160011
v -11.3080006 -15.0759983 -19.5279999
v -11.3080006 -15.0759983 -19.5279999
v -10.3240004 -11.6839991 -24.1160011
v -6.11999989 -12.2679987 -18.4559994
v -6.11999989 -12.2679987 -18.4559994
v -4.05200005 -15.671999 -14.3520002
v -11.3080006 -15.0759983 -19.5279999
v -6.11999989 -12.2679987 -18.4559994
v 0 -12.2359991 -16.552
v -4.05200005 -15.671999 -14.3520002
v 0 -12.2359991 -16.552
v 0 -16.1319981 -13.2480001
v -4.05200005 -15.671999 -14.3520002
v -23.0200005 -6.07599831 -24.8599987
v -21.2719994 -10.9119978 -25.1119976
v -21.8440018 -5.99999905 -20.9159985
v -21.2719994 -10.9119978 -25.1119976
v -23.0200005 -6.07599831 -24.8599987
v -23.0200005 -7.02799797 -29.0079994
v -21.2719994 -10.9119978 -25.1119976
v -23.0200005 -7.02799797 -29.0079994
v -22.2720013 -8.64799786 -31.579998
v -21.2719994 -10.9119978 -25.1119976
v -22.2720013 -8.64799786 -31.579998
v -17.8439999 -13.395997 -29.9720001
v -17.8439999 -13.395997 -29.9720001
v -22.2720013 -8.64799786 -31.579998
v -19.6120014 -10.0319977 -35.8279991
v -12.7360001 -13.935997 -37.2840004
v -17.8439999 -13.395997 -29.9720001
v -19.6120014 -10.0319977 -35.8279991
v -12.4679995 -13.8759975 -34.1639977
v -17.8439999 -13.395997 -29.9720001
v -12.7360001 -13.935997 -37.2840004
v -14.0080004 -14.1359978 -28.1839981
v -17.8439999 -13.395997 -29.9720001
v -12.4679995 -13.8759975 -34.1639977
v -23.0200005 -7.02799797 -29.0079994
v -23.0200005 -6.07599831 -24.8599987
v -22.5359993 -4.25999832 -29.3919983
v -22.2720013 -8.64799786 -31.579998
v -23.0200005 -7.02799797 -29.0079994
v -22.5359993 -4.25999832 -29.3919983
v -22.2720013 -8.64799786 -31.579998
v -22.5359993 -4.25999832 -29.3919983
v -20.8240013 -5.47999763 -35.4759979
v -22.2720013 -8.64799786 -31.579998
v -20.8240013 -5.47999763 -35.4759979
v -19.6120014 -10.0319977 -35.8279991
v -20.8240013 -5.47999763 -35.4759979
v -15.6240005 -6.35599756 -43.0919991
v -19.6120014 -10.0319977 -35.8279991
v -15.6240005 -6.35599756 -43.0919991
v -14.7320004 -8.67599773 -43.5839996
v -19.6120014 -10.0319977 -35.8279991
v -14.7320004 -8.67599773 -43.5839996
v -11.9960003 -11.803998 -42.8240013
v -19.6120014 -10.0319977 -35.8279991
v -11.9960003 -11.803998 -42.8240013
v -12.7360001 -13.935997 -37.2840004
v -19.6120014 -10.0319977 -35.8279991
v -6.77200031 -14.3399973 -41.1239967
v -12.7360001 -13.935997 -37.2840004
v -11.9960003 -11.803998 -42.8240013
v -12.7360001 -13.935997 -37.2840004
v -6.77200031 -14.3399973 -41.1239967
v -7.55200005 -13.9079981 -37.9559975
v -12.4679995 -13.8759975 -34.1639977
v -12.7360001 -13.935997 -37.2840004
v -7.55200005 -13.9079981 -37.9559975
v -9.72399998 -11.3239985 -32.7919998
v -12.4679995 -13.8759975 -34.1639977
v -7.55200005 -13.9079981 -37.9559975
v -14.0080004 -14.1359978 -28.1839981
v -12.4679995 -13.8759975 -34.1639977
v -9.72399998 -11.3239985 -32.7919998
v -14.7320004 -8.67599773 -43.5839996
v -15.6240005 -6.35599756 -43.0919991
v -7.42799997 -8.07199669 -50.9519958
v -11.9960003 -11.803998 -42.8240013
v -14.7320004 -8.67599773 -43.5839996
v -7.42799997 -8.07199669 -50.9519958
v -11.9960003 -11.803998 -42.8240013
v -7.42799997 -8.07199669 -50.9519958
v -6.28000069 -10.1639967 -49.5399971
v -6.28000069 -10.1639967 -49.5399971
v -6.77200031 -14.3399973 -41.1239967
v -11.9960003 -11.803998 -42.8240013
v 0 -15.119997 -40.7359962
v -6.77200031 -14.3399973 -41.1239967
v -6.28000069 -10.1639967 -49.5399971
v -6.77200031 -14.3399973 -41.1239967
v 0 -15.119997 -40.7359962
v -7.55200005 -13.9079981 -37.9559975
v 0 -15.119997 -40.7359962
v 0 -11.4079971 -36.9079971
v -7.55200005 -13.9079981 -37.9559975
v -7.55200005 -13.9079981 -37.9559975
v 0 -11.4079971 -36.9079971
v -5 -10.9399977 -35.2399979
v -9.72399998 -11.3239985 -32.7919998
v -7.55200005 -13.9079981 -37.9559975
v -5 -10.9399977 -35.2399979
v -7.42799997 -8.07199669 -50.9519958
v -15.6240005 -6.35599756 -43.0919991
v -8.49600029 -5.52799749 -49.9719963
v -5.15199995 -4.89999771 -50.8479958
v -7.42799997 -8.07199669 -50.9519958
v -8.49600029 -5.52799749 -49.9719963
v -4.90799999 -6.60799694 -51.3839989
v -7.42799997 -8.07199669 -50.9519958
v -5.15199995 -4.89999771 -50.8479958
v -4.90799999 -6.60799694 -51.3839989
v -4.62000036 -8.90799713 -50.7639961
v -7.42799997 -8.07199669 -50.9519958
v -7.42799997 -8.07199669 -50.9519958
v -4.62000036 -8.90799713 -50.7639961
v -6.28000069 -10.1639967 -49.5399971
v -4.62000036 -8.90799713 -50.7639961
v 0 -11.7799969 -46.5359993
v -6.28000069 -10.1639967 -49.5399971
v 0 -11.7799969 -46.5359993
v 0 -15.119997 -40.7359962
v -6.28000069 -10.1639967 -49.5399971
v 0 -15.119997 -40.7359962
v 0 -11.7799969 -46.5359993
v 6.28000069 -10.1639967 -49.5399971
v 6.77200031 -14.3399973 -41.1239967
v 0 -15.119997 -40.7359962
v 6.28000069 -10.1639967 -49.5399971
v 0 -15.119997 -40.7359962
v 6.77200031 -14.3399973 -41.1239967
v 7.55200005 -13.9079981 -37.9559975
v 0 -11.4079971 -36.9079971
v 0 -15.119997 -40.7359962
v 7.55200005 -13.9079981 -37.9559975
v -0.948000073 -5.17999744 -48.3120003
v -4.90799999 -6.60799694 -51.3839989
v -5.15199995 -4.89999771 -50.8479958
v -4.90799999 -6.60799694 -51.3839989
v -0.948000073 -5.17999744 -48.3120003
v -4.62000036 -8.90799713 -50.7639961
v -0.948000073 -5.17999744 -48.3120003
v 0 -11.7799969 -46.5359993
v -4.62000036 -8.90799713 -50.7639961
v -0.948000073 -5.17999744 -48.3120003
v 0 -5.49199772 -48.2199974
v 0 -11.7799969 -46.5359993
v 0 -5.49199772 -48.2199974
v 0.948000073 -5.17999744 -48.3120003
v 0 -11.7799969 -46.5359993
v 0 -11.7799969 -46.5359993
v 0.948000073 -5.17999744 -48.3120003
v 4.62000036 -8.90799713 -50.7639961
v 0 -11.7799969 -46.5359993
v 4.62000036 -8.90799713 -50.7639961
v 6.28000069 -10.1639967 -49.5399971
v 4.62000036 -8.90799713 -50.7639961
v 7.42799997 -8.07199669 -50.9519958
v 6.28000069 -10.1639967 -49.5399971
v 7.42799997 -8.07199669 -50.9519958
v 11.9960003 -11.803998 -42.8240013
v 6.28000069 -10.1639967 -49.5399971
v 6.77200031 -14.3399973 -41.1239967
v 6.28000069 -10.1639967 -49.5399971
v 11.9960003 -11.803998 -42.8240013
v 12.7360001 -13.935997 -37.2840004
v 6.77200031 -14.3399973 -41.1239967
v 11.9960003 -11.803998 -42.8240013
v 6.77200031 -14.3399973 -41.1239967
v 12.7360001 -13.935997 -37.2840004
v 7.55200005 -13.9079981 -37.9559975
v 0.948000073 -5.17999744 -48.3120003
v 4.90799999 -6.60799694 -51.3839989
v 4.62000036 -8.90799713 -50.7639961
v 4.62000036 -8.90799713 -50.7639961
v 4.90799999 -6.60799694 -51.3839989
v 7.42799997 -8.07199669 -50.9519958
v 7.42799997 -8.07199669 -50.9519958
v 4.90799999 -6.60799694 -51.3839989
v 5.15199995 -4.89999771 -50.8479958
v 7.42799997 -8.07199669 -50.9519958
v 5.15199995 -4.89999771 -50.8479958
v 8.49600029 -5.52799749 -49.9719963
v 15.6240005 -6.35599756 -43.0919991
v 7.42799997 -8.07199669 -50.9519958
v 8.49600029 -5.52799749 -49.9719963
v 15.6240005 -6.35599756 -43.0919991
v 14.7320004 -8.67599773 -43.5839996
v 7.42799997 -8.07199669 -50.9519958
v 14.7320004 -8.67599773 -43.5839996
v 11.9960003 -11.803998 -42.8240013
v 7.42799997 -8.07199669 -50.9519958
v 11.9960003 -11.803998 -42.8240013
v 14.7320004 -8.67599773 -43.5839996
v 19.6120014 -10.0319977 -35.8279991
v 12.7360001 -13.935997 -37.2840004
v 11.9960003 -11.803998 -42.8240013
v 19.6120014 -10.0319977 -35.8279991
v 4.90799999 -6.60799694 -51.3839989
v 0.948000073 -5.17999744 -48.3120003
v 5.15199995 -4.89999771 -50.8479958
v 14.7320004 -8.67599773 -43.5839996
v 15.6240005 -6.35599756 -43.0919991
v 19.6120014 -10.0319977 -35.8279991
v 15.6240005 -6.35599756 -43.0919991
v 20.8240013 -5.47999763 -35.4759979
v 19.6120014 -10.0319977 -35.8279991
v 20.8240013 -5.47999763 -35.4759979
v 22.2720013 -8.64799786 -31.579998
v 19.6120014 -10.0319977 -35.8279991
v 22.2720013 -8.64799786 -31.579998
v 17.8439999 -13.395997 -29.9720001
v 19.6120014 -10.0319977 -35.8279991
v 17.8439999 -13.395997 -29.9720001
v 12.7360001 -13.935997 -37.2840004
v 19.6120014 -10.0319977 -35.8279991
v 17.8439999 -13.395997 -29.9720001
v 12.4679995 -13.8759975 -34.1639977
v 12.7360001 -13.935997 -37.2840004
v 12.7360001 -13.935997 -37.2840004
v 12.4679995 -13.8759975 -34.1639977
v 7.55200005 -13.9079981 -37.9559975
v 12.4679995 -13.8759975 -34.1639977
v 9.72399998 -11.3239985 -32.7919998
v 7.55200005 -13.9079981 -37.9559975
v 7.55200005 -13.9079981 -37.9559975
v 9.72399998 -11.3239985 -32.7919998
v 5 -10.9399977 -35.2399979
v 0 -11.4079971 -36.9079971
v 7.55200005 -13.9079981 -37.9559975
v 5 -10.9399977 -35.2399979
v 22.5359993 -4.25999832 -29.3919983
v 22.2720013 -8.64799786 -31.579998
v 20.8240013 -5.47999763 -35.4759979
v 23.0200005 -7.02799797 -29.0079994
v 22.2720013 -8.64799786 -31.579998
v 22.5359993 -4.25999832 -29.3919983
v 23.0200005 -7.02799797 -29.0079994
v 21.2719994 -10.9119978 -25.1119976
v 22.2720013 -8.64799786 -31.579998
v 22.2720013 -8.64799786 -31.579998
v 21.2719994 -10.9119978 -25.1119976
v 17.8439999 -13.395997 -29.9720001
v 21.2719994 -10.9119978 -25.1119976
v 15.6440001 -14.7759981 -25.3239975
v 17.8439999 -13.395997 -29.9720001
v 17.8439999 -13.395997 -29.9720001
v 15.6440001 -14.7759981 -25.3239975
v 14.0080004 -14.1359978 -28.1839981
v 17.8439999 -13.395997 -29.9720001
v 14.0080004 -14.1359978 -28.1839981
v 12.4679995 -13.8759975 -34.1639977
v 12.4679995 -13.8759975 -34.1639977
v 14.0080004 -14.1359978 -28.1839981
v 9.72399998 -11.3239985 -32.7919998
v 14.0080004 -14.1359978 -28.1839981
v 11.0640001 -11.4159985 -28.7159996
v 9.72399998 -11.3239985 -32.7919998
v 11.0640001 -11.4159985 -28.7159996
v 5.76800013 -9.94399834 -31.1239986
v 9.72399998 -11.3239985 -32.7919998
v 5.76800013 -9.94399834 -31.1239986
v 5 -10.9399977 -35.2399979
v 9.72399998 -11.3239985 -32.7919998
v 23.0200005 -6.07599831 -24.8599987
v 23.0200005 -7.02799797 -29.0079994
v 22.5359993 -4.25999832 -29.3919983
v 23.0200005 -6.07599831 -24.8599987
v 21.2719994 -10.9119978 -25.1119976
v 23.0200005 -7.02799797 -29.0079994
v 21.2719994 -10.9119978 -25.1119976
v 23.0200005 -6.07599831 -24.8599987
v 21.8440018 -5.99999905 -20.9159985
v 21.2719994 -10.9119978 -25.1119976
v 21.8440018 -5.99999905 -20.9159985
v 17.7320004 -11.9119987 -17.6240005
v 12.8840017 -14.8199978 -15.2479992
v 21.2719994 -10.9119978 -25.1119976
v 17.7320004 -11.9119987 -17.6240005
v 12.8840017 -14.8199978 -15.2479992
v 15.6440001 -14.7759981 -25.3239975
v 21.2719994 -10.9119978 -25.1119976
v 15.6440001 -14.7759981 -25.3239975
v 12.8840017 -14.8199978 -15.2479992
v 6.96799994 -16.2479992 -13.6280003
v 11.3080006 -15.0759983 -19.5279999
v 15.6440001 -14.7759981 -25.3239975
v 6.96799994 -16.2479992 -13.6280003
v 15.6440001 -14.7759981 -25.3239975
v 11.3080006 -15.0759983 -19.5279999
v 14.0080004 -14.1359978 -28.1839981
v 10.3240004 -11.6839991 -24.1160011
v 14.0080004 -14.1359978 -28.1839981
v 11.3080006 -15.0759983 -19.5279999
v 14.0080004 -14.1359978 -28.1839981
v 10.3240004 -11.6839991 -24.1160011
v 11.0640001 -11.4159985 -28.7159996
v 10.3240004 -11.6839991 -24.1160011
v 5.59599972 -10.4319983 -23.171999
v 11.0640001 -11.4159985 -28.7159996
v 5.59599972 -10.4319983 -23.171999
v 5.76800013 -9.94399834 -31.1239986
v 11.0640001 -11.4159985 -28.7159996
v 21.8440018 -5.99999905 -20.9159985
v 17.2440014 -7.11599922 -13.1359987
v 17.7320004 -11.9119987 -17.6240005
v 17.7320004 -11.9119987 -17.6240005
v 17.2440014 -7.11599922 -13.1359987
v 7.25200033 -8.11199951 -1.70000029
v 17.7320004 -11.9119987 -17.6240005
v 7.25200033 -8.11199951 -1.70000029
v 4.46799994 -14.4959993 -3.98800015
v 12.8840017 -14.8199978 -15.2479992
v 17.7320004 -11.9119987 -17.6240005
v 4.46799994 -14.4959993 -3.98800015
v 12.8840017 -14.8199978 -15.2479992
v 4.46799994 -14.4959993 -3.98800015
v 6.96799994 -16.2479992 -13.6280003
v 5.59599972 -10.4319983 -23.171999
v 0 -9.36799812 -28.5680008
v 5.76800013 -9.94399834 -31.1239986
v 0 -12.2359991 -16.552
v 0 -9.36799812 -28.5680008
v 5.59599972 -10.4319983 -23.171999
v 0 -9.36799812 -28.5680008
v 0 -12.2359991 -16.552
v -5.59599972 -10.4319983 -23.171999
v 0 -9.36799812 -28.5680008
v -5.59599972 -10.4319983 -23.171999
v -5.76800013 -9.94399834 -31.1239986
v 0 -9.36799812 -28.5680008
v -5.76800013 -9.94399834 -31.1239986
v -5 -10.9399977 -35.2399979
v 0 -11.4079971 -36.9079971
v 0 -9.36799812 -28.5680008
v -5 -10.9399977 -35.2399979
v 0 -9.36799812 -28.5680008
v 0 -11.4079971 -36.9079971
v 5 -10.9399977 -35.2399979
v 5.76800013 -9.94399834 -31.1239986
v 0 -9.36799812 -28.5680008
v 5 -10.9399977 -35.2399979
v 0 -12.2359991 -16.552
v 5.59599972 -10.4319983 -23.171999
v 6.11999989 -12.2679987 -18.4559994
v 0 -12.2359991 -16.552
v 6.11999989 -12.2679987 -18.4559994
v 4.05200005 -15.671999 -14.3520002
v 0 -16.1319981 -13.2480001
v 0 -12.2359991 -16.552
v 4.05200005 -15.671999 -14.3520002
v 6.96799994 -16.2479992 -13.6280003
v 0 -16.1319981 -13.2480001
v 4.05200005 -15.671999 -14.3520002
v 11.3080006 -15.0759983 -19.5279999
v 6.96799994 -16.2479992 -13.6280003
v 4.05200005 -15.671999 -14.3520002
v 4.05200005 -15.671999 -14.3520002
v 6.11999989 -12.2679987 -18.4559994
v 11.3080006 -15.0759983 -19.5279999
v 10.3240004 -11.6839991 -24.1160011
v 11.3080006 -15.0759983 -19.5279999
v 6.11999989 -12.2679987 -18.4559994
v 5.59599972 -10.4319983 -23.171999
v 10.3240004 -11.6839991 -24.1160011
v 6.11999989 -12.2679987 -18.4559994
v -5 -10.9399977 -35.2399979
v -5.76800013 -9.94399834 -31.1239986
v -9.72399998 -11.3239985 -32.7919998
v -5.76800013 -9.94399834 -31.1239986
v -11.0640001 -11.4159985 -28.7159996
v -9.72399998 -11.3239985 -32.7919998
v -11.0640001 -11.4159985 -28.7159996
v -14.0080004 -14.1359978 -28.1839981
v -9.72399998 -11.3239985 -32.7919998
v -10.3240004 -11.6839991 -24.1160011
v -14.0080004 -14.1359978 -28.1839981
v -11.0640001 -11.4159985 -28.7159996
v -5.59599972 -10.4319983 -23.171999
v -10.3240004 -11.6839991 -24.1160011
v -11.0640001 -11.4159985 -28.7159996
v -10.3240004 -11.6839991 -24.1160011
v -5.59599972 -10.4319983 -23.171999
v -6.11999989 -12.2679987 -18.4559994
v -5.59599972 -10.4319983 -23.171999
v 0 -12.2359991 -16.552
v -6.11999989 -12.2679987 -18.4559994
v -5.76800013 -9.94399834 -31.1239986
v -5.59599972 -10.4319983 -23.171999
v -11.0640001 -11.4159985 -28.7159996
v 2.51999998 3.02799797 44.3919945
v 0 1.65199792 45.2799988
v 2.13199997 -0.0840019286 44.2799988
v 0 1.65199792 45.2799988
v 2.51999998 3.02799797 44.3919945
v 2.68000007 5.75599813 43.2719955
v 0 9.4119978 40.9839973
v 0 1.65199792 45.2799988
v 2.68000007 5.75599813 43.2719955
v 0 1.65199792 45.2799988
v 0 9.4119978 40.9839973
v -2.68000007 5.75599813 43.2719955
v -2.51999998 3.02799797 44.3919945
v 0 1.65199792 45.2799988
v -2.68000007 5.75599813 43.2719955
v 0 1.65199792 45.2799988
v -2.51999998 3.02799797 44.3919945
v -2.13199997 -0.0840019286 44.2799988
v -2.13199997 -0.0840019286 44.2799988
v -2.51999998 3.02799797 44.3919945
v -7.25200033 1.56799805 41.0999985
v 2.51999998 3.02799797 44.3919945
v 2.13199997 -0.0840019286 44.2799988
v 7.25200033 1.56799805 41.0999985
v 2.51999998 3.02799797 44.3919945
v 7.25200033 1.56799805 41.0999985
v 7.57599974 4.56799793 40.1240005
v 2.51999998 3.02799797 44.3919945
v 7.57599974 4.56799793 40.1240005
v 2.68000007 5.75599813 43.2719955
v 2.68000007 5.75599813 43.2719955
v 7.57599974 4.56799793 40.1240005
v 8.55200005 8.68399715 36.4399986
v 8.55200005 8.68399715 36.4399986
v 3.3039999 10.4679976 38.9919968
v 2.68000007 5.75599813 43.2719955
v 3.3039999 10.4679976 38.9919968
v 0 9.4119978 40.9839973
v 2.68000007 5.75599813 43.2719955
v 0 12.8319988 35.2839966
v 0 9.4119978 40.9839973
v 3.3039999 10.4679976 38.9919968
v 0 9.4119978 40.9839973
v 0 12.8319988 35.2839966
v -3.3039999 10.4679976 38.9919968
v 0 9.4119978 40.9839973
v -3.3039999 10.4679976 38.9919968
v -2.68000007 5.75599813 43.2719955
v 7.25200033 1.56799805 41.0999985
v 17.2440014 2.56399846 29.6639996
v 7.57599974 4.56799793 40.1240005
v 7.57599974 4.56799793 40.1240005
v 17.2440014 2.56399846 29.6639996
v 18.2520008 6.68399811 26.2399979
v 8.55200005 8.68399715 36.4399986
v 7.57599974 4.56799793 40.1240005
v 18.2520008 6.68399811 26.2399979
v 13.6960011 12.0519981 25.3640003
v 8.55200005 8.68399715 36.4399986
v 18.2520008 6.68399811 26.2399979
v 13.6960011 12.0519981 25.3640003
v 6.30400038 12.3319979 34.144001
v 8.55200005 8.68399715 36.4399986
v 8.55200005 8.68399715 36.4399986
v 6.30400038 12.3319979 34.144001
v 3.3039999 10.4679976 38.9919968
v 6.30400038 12.3319979 34.144001
v 0 12.8319988 35.2839966
v 3.3039999 10.4679976 38.9919968
v 18.2520008 6.68399811 26.2399979
v 17.2440014 2.56399846 29.6639996
v 21.8440018 3.67999864 21.8839989
v 21.8440018 3.67999864 21.8839989
v 21.0480003 7.63199854 18.1760006
v 18.2520008 6.68399811 26.2399979
v 21.0480003 7.63199854 18.1760006
v 16.8799992 11.1599989 21.0319996
v 18.2520008 6.68399811 26.2399979
v 16.8799992 11.1599989 21.0319996
v 13.6960011 12.0519981 25.3640003
v 18.2520008 6.68399811 26.2399979
v 16.8799992 11.1599989 21.0319996
v 13.6560011 12.7799978 16.6000004
v 13.6960011 12.0519981 25.3640003
v 13.6560011 12.7799978 16.6000004
v 7.68400049 13.6799984 26.4279995
v 13.6960011 12.0519981 25.3640003
v 6.30400038 12.3319979 34.144001
v 13.6960011 12.0519981 25.3640003
v 7.68400049 13.6799984 26.4279995
v 0 12.8319988 35.2839966
v 6.30400038 12.3319979 34.144001
v 7.68400049 13.6799984 26.4279995
v 21.8440018 3.67999864 21.8839989
v 23.0200005 3.60399914 17.9400005
v 21.0480003 7.63199854 18.1760006
v 23.0200005 3.60399914 17.9400005
v 22.5359993 5.41999912 13.408
v 21.0480003 7.63199854 18.1760006
v 21.0480003 7.63199854 18.1760006
v 22.5359993 5.41999912 13.408
v 19.7360001 8.68799877 12.6960001
v 19.7360001 8.68799877 12.6960001
v 16.8799992 11.1599989 21.0319996
v 21.0480003 7.63199854 18.1760006
v 13.6560011 12.7799978 16.6000004
v 16.8799992 11.1599989 21.0319996
v 19.7360001 8.68799877 12.6960001
v 13.6560011 12.7799978 16.6000004
v 19.7360001 8.68799877 12.6960001
v 16.4120007 9.53999901 8.47199917
v 16.4120007 9.53999901 8.47199917
v 8.96000004 10.4839993 1.66800046
v 13.6560011 12.7799978 16.6000004
v 13.6560011 12.7799978 16.6000004
v 8.96000004 10.4839993 1.66800046
v 6.35599995 13.8839979 16.8079987
v 7.68400049 13.6799984 26.4279995
v 13.6560011 12.7799978 16.6000004
v 6.35599995 13.8839979 16.8079987
v 6.35599995 13.8839979 16.8079987
v 0 14.1159983 15.5639992
v 7.68400049 13.6799984 26.4279995
v 0 14.1159983 15.5639992
v 0 12.8319988 35.2839966
v 7.68400049 13.6799984 26.4279995
v 19.7360001 8.68799877 12.6960001
v 22.5359993 5.41999912 13.408
v 20.8240013 4.19999933 7.32399988
v 19.7360001 8.68799877 12.6960001
v 20.8240013 4.19999933 7.32399988
v 16.4120007 9.53999901 8.47199917
v 20.8240013 4.19999933 7.32399988
v 8.60000038 6.68799973 -5.09999895
v 16.4120007 9.53999901 8.47199917
v 8.96000004 10.4839993 1.66800046
v 16.4120007 9.53999901 8.47199917
v 8.60000038 6.68799973 -5.09999895
v 8.96000004 10.4839993 1.66800046
v 8.60000038 6.68799973 -5.09999895
v 5.10400009 8.37199879 -3.93999934
v 0 12.5199995 5.99200058
v 8.96000004 10.4839993 1.66800046
v 5.10400009 8.37199879 -3.93999934
v 8.96000004 10.4839993 1.66800046
v 0 12.5199995 5.99200058
v 6.35599995 13.8839979 16.8079987
v 0 14.1159983 15.5639992
v 6.35599995 13.8839979 16.8079987
v 0 12.5199995 5.99200058
v -6.35599995 13.8839979 16.8079987
v 0 14.1159983 15.5639992
v 0 12.5199995 5.99200058
v 0 14.1159983 15.5639992
v -6.35599995 13.8839979 16.8079987
v -7.68400049 13.6799984 26.4279995
v 0 12.8319988 35.2839966
v 0 14.1159983 15.5639992
v -7.68400049 13.6799984 26.4279995
v -6.30400038 12.3319979 34.144001
v 0 12.8319988 35.2839966
v -7.68400049 13.6799984 26.4279995
v 0 12.8319988 35.2839966
v -6.30400038 12.3319979 34.144001
v -3.3039999 10.4679976 38.9919968
v 20.8240013 4.19999933 7.32399988
v 15.6240005 3.32399988 -0.291999847
v 8.60000038 6.68799973 -5.09999895
v 8.60000038 6.68799973 -5.09999895
v 15.6240005 3.32399988 -0.291999847
v 8.49600029 4.15199995 -7.17199898
v 8.49600029 4.15199995 -7.17199898
v 5.15199995 4.78000021 -8.04799843
v 8.60000038 6.68799973 -5.09999895
v 5.15199995 4.78000021 -8.04799843
v 5.10400009 8.37199879 -3.93999934
v 8.60000038 6.68799973 -5.09999895
v 0.948000073 4.5 -5.51199913
v 5.10400009 8.37199879 -3.93999934
v 5.15199995 4.78000021 -8.04799843
v 0.948000073 4.5 -5.51199913
v 0 9.59999943 -0.759999514
v 5.10400009 8.37199879 -3.93999934
v 0 9.59999943 -0.759999514
v 0 12.5199995 5.99200058
v 5.10400009 8.37199879 -3.93999934
v 0 12.5199995 5.99200058
v 0 9.59999943 -0.759999514
v -5.10400009 8.37199879 -3.93999934
v -8.96000004 10.4839993 1.66800046
v 0 12.5199995 5.99200058
v -5.10400009 8.37199879 -3.93999934
v 0 12.5199995 5.99200058
v -8.96000004 10.4839993 1.66800046
v -6.35599995 13.8839979 16.8079987
v -8.96000004 10.4839993 1.66800046
v -13.6560011 12.7799978 16.6000004
v -6.35599995 13.8839979 16.8079987
v -13.6560011 12.7799978 16.6000004
v -7.68400049 13.6799984 26.4279995
v -6.35599995 13.8839979 16.8079987
v -7.68400049 13.6799984 26.4279995
v -13.6560011 12.7799978 16.6000004
v -13.6960011 12.0519981 25.3640003
v -13.6960011 12.0519981 25.3640003
v -6.30400038 12.3319979 34.144001
v -7.68400049 13.6799984 26.4279995
v -6.30400038 12.3319979 34.144001
v -13.6960011 12.0519981 25.3640003
v -8.55200005 8.68399715 36.4399986
v -6.30400038 12.3319979 34.144001
v -8.55200005 8.68399715 36.4399986
v -3.3039999 10.4679976 38.9919968
v -3.3039999 10.4679976 38.9919968
v -8.55200005 8.68399715 36.4399986
v -2.68000007 5.75599813 43.2719955
v 0 4.1880002 -5.41999912
v 0 9.59999943 -0.759999514
v 0.948000073 4.5 -5.51199913
v 0 9.59999943 -0.759999514
v 0 4.1880002 -5.41999912
v -0.948000073 4.5 -5.51199913
v 0 9.59999943 -0.759999514
v -0.948000073 4.5 -5.51199913
v -5.10400009 8.37199879 -3.93999934
v -5.10400009 8.37199879 -3.93999934
v -0.948000073 4.5 -5.51199913
v -5.15199995 4.78000021 -8.04799843
v -5.10400009 8.37199879 -3.93999934
v -5.15199995 4.78000021 -8.04799843
v -8.60000038 6.68799973 -5.09999895
v -8.60000038 6.68799973 -5.09999895
v -8.96000004 10.4839993 1.66800046
v -5.10400009 8.37199879 -3.93999934
v -16.4120007 9.53999901 8.47199917
v -8.96000004 10.4839993 1.66800046
v -8.60000038 6.68799973 -5.09999895
v -8.96000004 10.4839993 1.66800046
v -16.4120007 9.53999901 8.47199917
v -13.6560011 12.7799978 16.6000004
v -19.7360001 8.68799877 12.6960001
v -13.6560011 12.7799978 16.6000004
v -16.4120007 9.53999901 8.47199917
v -16.8799992 11.1599989 21.0319996
v -13.6560011 12.7799978 16.6000004
v -19.7360001 8.68799877 12.6960001
v -13.6560011 12.7799978 16.6000004
v -16.8799992 11.1599989 21.0319996
v -13.6960011 12.0519981 25.3640003
v -13.6960011 12.0519981 25.3640003
v -16.8799992 11.1599989 21.0319996
v -18.2520008 6.68399811 26.2399979
v -8.55200005 8.68399715 36.4399986
v -13.6960011 12.0519981 25.3640003
v -18.2520008 6.68399811 26.2399979
v -7.57599974 4.56799793 40.1240005
v -8.55200005 8.68399715 36.4399986
v -18.2520008 6.68399811 26.2399979
v -7.57599974 4.56799793 40.1240005
v -2.68000007 5.75599813 43.2719955
v -8.55200005 8.68399715 36.4399986
v -7.57599974 4.56799793 40.1240005
v -2.51999998 3.02799797 44.3919945
v -2.68000007 5.75599813 43.2719955
v -5.15199995 4.78000021 -8.04799843
v -8.49600029 4.15199995 -7.17199898
v -8.60000038 6.68799973 -5.09999895
v -15.6240005 3.32399988 -0.291999847
v -8.60000038 6.68799973 -5.09999895
v -8.49600029 4.15199995 -7.17199898
v -15.6240005 3.32399988 -0.291999847
v -20.8240013 4.19999933 7.32399988
v -8.60000038 6.68799973 -5.09999895
v -8.60000038 6.68799973 -5.09999895
v -20.8240013 4.19999933 7.32399988
v -16.4120007 9.53999901 8.47199917
v -20.8240013 4.19999933 7.32399988
v -19.7360001 8.68799877 12.6960001
v -16.4120007 9.53999901 8.47199917
v -22.5359993 5.41999912 13.408
v -19.7360001 8.68799877 12.6960001
v -20.8240013 4.19999933 7.32399988
v -22.5359993 5.41999912 13.408
v -21.0480003 7.63199854 18.1760006
v -19.7360001 8.68799877 12.6960001
v -16.8799992 11.1599989 21.0319996
v -19.7360001 8.68799877 12.6960001
v -21.0480003 7.63199854 18.1760006
v -16.8799992 11.1599989 21.0319996
v -21.0480003 7.63199854 18.1760006
v -18.2520008 6.68399811 26.2399979
v -21.0480003 7.63199854 18.1760006
v -21.8440018 3.67999864 21.8839989
v -18.2520008 6.68399811 26.2399979
v -17.2440014 2.56399846 29.6639996
v -18.2520008 6.68399811 26.2399979
v -21.8440018 3.67999864 21.8839989
v -17.2440014 2.56399846 29.6639996
v -7.57599974 4.56799793 40.1240005
v -18.2520008 6.68399811 26.2399979
v -17.2440014 2.56399846 29.6639996
v -7.25200033 1.56799805 41.0999985
v -7.57599974 4.56799793 40.1240005
v -7.25200033 1.56799805 41.0999985
v -2.51999998 3.02799797 44.3919945
v -7.57599974 4.56799793 40.1240005
v -22.5359993 5.41999912 13.408
v -23.0200005 3.60399914 17.9400005
v -21.0480003 7.63199854 18.1760006
v -23.0200005 3.60399914 17.9400005
v -21.8440018 3.67999864 21.8839989
v -21.0480003 7.63199854 18.1760006
v 0 1.65199792 45.2799988
v 0 -4.85200119 40.1479988
v 2.13199997 -0.0840019286 44.2799988
v 0 -4.85200119 40.1479988
v 0 1.65199792 45.2799988
v -2.13199997 -0.0840019286 44.2799988
v -4.46799994 -4.81600142 38.8120003
v 0 -4.85200119 40.1479988
v -2.13199997 -0.0840019286 44.2799988
v 0 -4.85200119 40.1479988
v -4.46799994 -4.81600142 38.8120003
v -6.96799994 -6.56800079 29.171999
v 0 -6.45200109 29.5519981
v 0 -4.85200119 40.1479988
v -6.96799994 -6.56800079 29.171999
v 0 -4.85200119 40.1479988
v 0 -6.45200109 29.5519981
v 6.96799994 -6.56800079 29.171999
v 4.46799994 -4.81600142 38.8120003
v 0 -4.85200119 40.1479988
v 6.96799994 -6.56800079 29.171999
v 0 -4.85200119 40.1479988
v 4.46799994 -4.81600142 38.8120003
v 2.13199997 -0.0840019286 44.2799988
v 7.25200033 1.56799805 41.0999985
v 2.13199997 -0.0840019286 44.2799988
v 4.46799994 -4.81600142 38.8120003
v -2.13199997 -0.0840019286 44.2799988
v -7.25200033 1.56799805 41.0999985
v -4.46799994 -4.81600142 38.8120003
v -7.25200033 1.56799805 41.0999985
v -17.7320004 -2.23200083 25.1759987
v -4.46799994 -4.81600142 38.8120003
v -17.7320004 -2.23200083 25.1759987
v -12.8840017 -5.14000082 27.5519981
v -4.46799994 -4.81600142 38.8120003
v -4.46799994 -4.81600142 38.8120003
v -12.8840017 -5.14000082 27.5519981
v -6.96799994 -6.56800079 29.171999
v -12.8840017 -5.14000082 27.5519981
v -15.6440001 -5.09600019 17.4759979
v -6.96799994 -6.56800079 29.171999
v -15.6440001 -5.09600019 17.4759979
v -11.3080006 -5.39600086 23.2719975
v -6.96799994 -6.56800079 29.171999
v -6.96799994 -6.56800079 29.171999
v -11.3080006 -5.39600086 23.2719975
v -4.05200005 -5.99200106 28.447998
v 0 -6.45200109 29.5519981
v -6.96799994 -6.56800079 29.171999
v -4.05200005 -5.99200106 28.447998
v -17.2440014 2.56399846 29.6639996
v -17.7320004 -2.23200083 25.1759987
v -7.25200033 1.56799805 41.0999985
v -17.2440014 2.56399846 29.6639996
v -21.8440018 3.67999864 21.8839989
v -17.7320004 -2.23200083 25.1759987
v -21.8440018 3.67999864 21.8839989
v -21.2719994 -1.23200071 17.6879997
v -17.7320004 -2.23200083 25.1759987
v -21.2719994 -1.23200071 17.6879997
v -12.8840017 -5.14000082 27.5519981
v -17.7320004 -2.23200083 25.1759987
v -15.6440001 -5.09600019 17.4759979
v -12.8840017 -5.14000082 27.5519981
v -21.2719994 -1.23200071 17.6879997
v -15.6440001 -5.09600019 17.4759979
v -21.2719994 -1.23200071 17.6879997
v -17.8439999 -3.71600032 12.8279991
v -15.6440001 -5.09600019 17.4759979
v -17.8439999 -3.71600032 12.8279991
v -14.0080004 -4.45600033 14.6159983
v -11.3080006 -5.39600086 23.2719975
v -15.6440001 -5.09600019 17.4759979
v -14.0080004 -4.45600033 14.6159983
v -14.0080004 -4.45600033 14.6159983
v -10.3240004 -2.00400066 18.6839981
v -11.3080006 -5.39600086 23.2719975
v -11.3080006 -5.39600086 23.2719975
v -10.3240004 -2.00400066 18.6839981
v -6.11999989 -2.58800077 24.3439999
v -6.11999989 -2.58800077 24.3439999
v -4.05200005 -5.99200106 28.447998
v -11.3080006 -5.39600086 23.2719975
v -6.11999989 -2.58800077 24.3439999
v 0 -2.55600095 26.2479973
v -4.05200005 -5.99200106 28.447998
v 0 -2.55600095 26.2479973
v 0 -6.45200109 29.5519981
v -4.05200005 -5.99200106 28.447998
v -23.0200005 3.60399914 17.9400005
v -21.2719994 -1.23200071 17.6879997
v -21.8440018 3.67999864 21.8839989
v -21.2719994 -1.23200071 17.6879997
v -23.0200005 3.60399914 17.9400005
v -23.0200005 2.65199924 13.7919998
v -21.2719994 -1.23200071 17.6879997
v -23.0200005 2.65199924 13.7919998
v -22.2720013 1.03199947 11.2199993
v -21.2719994 -1.23200071 17.6879997
v -22.2720013 1.03199947 11.2199993
v -17.8439999 -3.71600032 12.8279991
v -17.8439999 -3.71600032 12.8279991
v -22.2720013 1.03199947 11.2199993
v -19.6120014 -0.352000266 6.97199965
v -12.7360001 -4.25600004 5.51599932
v -17.8439999 -3.71600032 12.8279991
v -19.6120014 -0.352000266 6.97199965
v -12.4679995 -4.1960001 8.63599968
v -17.8439999 -3.71600032 12.8279991
v -12.7360001 -4.25600004 5.51599932
v -14.0080004 -4.45600033 14.6159983
v -17.8439999 -3.71600032 12.8279991
v -12.4679995 -4.1960001 8.63599968
v -23.0200005 2.65199924 13.7919998
v -23.0200005 3.60399914 17.9400005
v -22.5359993 5.41999912 13.408
v -22.2720013 1.03199947 11.2199993
v -23.0200005 2.65199924 13.7919998
v -22.5359993 5.41999912 13.408
v -22.2720013 1.03199947 11.2199993
v -22.5359993 5.41999912 13.408
v -20.8240013 4.19999933 7.32399988
v -22.2720013 1.03199947 11.2199993
v -20.8240013 4.19999933 7.32399988
v -19.6120014 -0.352000266 6.97199965
v -20.8240013 4.19999933 7.32399988
v -15.6240005 3.32399988 -0.291999847
v -19.6120014 -0.352000266 6.97199965
v -15.6240005 3.32399988 -0.291999847
v -14.7320004 1.00400007 -0.78399992
v -19.6120014 -0.352000266 6.97199965
v -14.7320004 1.00400007 -0.78399992
v -11.9960003 -2.12400007 -0.0240000915
v -19.6120014 -0.352000266 6.97199965
v -11.9960003 -2.12400007 -0.0240000915
v -12.7360001 -4.25600004 5.51599932
v -19.6120014 -0.352000266 6.97199965
v -6.77200031 -4.65999937 1.67599976
v -12.7360001 -4.25600004 5.51599932
v -11.9960003 -2.12400007 -0.0240000915
v -12.7360001 -4.25600004 5.51599932
v -6.77200031 -4.65999937 1.67599976
v -7.55200005 -4.22800016 4.84399939
v -12.4679995 -4.1960001 8.63599968
v -12.7360001 -4.25600004 5.51599932
v -7.55200005 -4.22800016 4.84399939
v -9.72399998 -1.64400029 10.0079994
v -12.4679995 -4.1960001 8.63599968
v -7.55200005 -4.22800016 4.84399939
v -14.0080004 -4.45600033 14.6159983
v -12.4679995 -4.1960001 8.63599968
v -9.72399998 -1.64400029 10.0079994
v -14.7320004 1.00400007 -0.78399992
v -15.6240005 3.32399988 -0.291999847
v -7.42799997 1.60800016 -8.15199947
v -11.9960003 -2.12400007 -0.0240000915
v -14.7320004 1.00400007 -0.78399992
v -7.42799997 1.60800016 -8.15199947
v -11.9960003 -2.12400007 -0.0240000915
v -7.42799997 1.60800016 -8.15199947
v -6.28000069 -0.483999699 -6.73999977
v -6.28000069 -0.483999699 -6.73999977
v -6.77200031 -4.65999937 1.67599976
v -11.9960003 -2.12400007 -0.0240000915
v 0 -5.44000006 2.06399965
v -6.77200031 -4.65999937 1.67599976
v -6.28000069 -0.483999699 -6.73999977
v -6.77200031 -4.65999937 1.67599976
v 0 -5.44000006 2.06399965
v -7.55200005 -4.22800016 4.84399939
v 0 -5.44000006 2.06399965
v 0 -1.72800016 5.89199972
v -7.55200005 -4.22800016 4.84399939
v -7.55200005 -4.22800016 4.84399939
v 0 -1.72800016 5.89199972
v -5 -1.26000023 7.55999947
v -9.72399998 -1.64400029 10.0079994
v -7.55200005 -4.22800016 4.84399939
v -5 -1.26000023 7.55999947
v -7.42799997 1.60800016 -8.15199947
v -15.6240005 3.32399988 -0.291999847
v -8.49600029 4.15199995 -7.17199898
v -5.15199995 4.78000021 -8.04799843
v -7.42799997 1.60800016 -8.15199947
v -8.49600029 4.15199995 -7.17199898
v -4.90799999 3.07200027 -8.58399963
v -7.42799997 1.60800016 -8.15199947
v -5.15199995 4.78000021 -8.04799843
v -4.90799999 3.07200027 -8.58399963
v -4.62000036 0.772000313 -7.96399927
v -7.42799997 1.60800016 -8.15199947
v -7.42799997 1.60800016 -8.15199947
v -4.62000036 0.772000313 -7.96399927
v -6.28000069 -0.483999699 -6.73999977
v -4.62000036 0.772000313 -7.96399927
v 0 -2.09999967 -3.73599982
v -6.28000069 -0.483999699 -6.73999977
v 0 -2.09999967 -3.73599982
v 0 -5.44000006 2.06399965
v -6.28000069 -0.483999699 -6.73999977
v 0 -5.44000006 2.06399965
v 0 -2.09999967 -3.73599982
v 6.28000069 -0.483999699 -6.73999977
v 6.77200031 -4.65999937 1.67599976
v 0 -5.44000006 2.06399965
v 6.28000069 -0.483999699 -6.73999977
v 0 -5.44000006 2.06399965
v 6.77200031 -4.65999937 1.67599976
v 7.55200005 -4.22800016 4.84399939
v 0 -1.72800016 5.89199972
v 0 -5.44000006 2.06399965
v 7.55200005 -4.22800016 4.84399939
v -0.948000073 4.5 -5.51199913
v -4.90799999 3.07200027 -8.58399963
v -5.15199995 4.78000021 -8.04799843
v -4.90799999 3.07200027 -8.58399963
v -0.948000073 4.5 -5.51199913
v -4.62000036 0.772000313 -7.96399927
v -0.948000073 4.5 -5.51199913
v 0 -2.09999967 -3.73599982
v -4.62000036 0.772000313 -7.96399927
v -0.948000073 4.5 -5.51199913
v 0 4.1880002 -5.41999912
v 0 -2.09999967 -3.73599982
v 0 4.1880002 -5.41999912
v 0.948000073 4.5 -5.51199913
v 0 -2.09999967 -3.73599982
v 0 -2.09999967 -3.73599982
v 0.948000073 4.5 -5.51199913
v 4.62000036 0.772000313 -7.96399927
v 0 -2.09999967 -3.73599982
v 4.62000036 0.772000313 -7.96399927
v 6.28000069 -0.483999699 -6.73999977
v 4.62000036 0.772000313 -7.96399927
v 7.42799997 1.60800016 -8.15199947
v 6.28000069 -0.483999699 -6.73999977
v 7.42799997 1.60800016 -8.15199947
v 11.9960003 -2.12400007 -0.0240000915
v 6.28000069 -0.483999699 -6.73999977
v 6.77200031 -4.65999937 1.67599976
v 6.28000069 -0.483999699 -6.73999977
v 11.9960003 -2.12400007 -0.0240000915
v 12.7360001 -4.25600004 5.51599932
v 6.77200031 -4.65999937 1.67599976
v 11.9960003 -2.12400007 -0.0240000915
v 6.77200031 -4.65999937 1.67599976
v 12.7360001 -4.25600004 5.51599932
v 7.55200005 -4.22800016 4.84399939
v 0.948000073 4.5 -5.51199913
v 4.90799999 3.07200027 -8.58399963
v 4.62000036 0.772000313 -7.96399927
v 4.62000036 0.772000313 -7.96399927
v 4.90799999 3.07200027 -8.58399963
v 7.42799997 1.60800016 -8.15199947
v 7.42799997 1.60800016 -8.15199947
v 4.90799999 3.07200027 -8.58399963
v 5.15199995 4.78000021 -8.04799843
v 7.42799997 1.60800016 -8.15199947
v 5.15199995 4.78000021 -8.04799843
v 8.49600029 4.15199995 -7.17199898
v 15.6240005 3.32399988 -0.291999847
v 7.42799997 1.60800016 -8.15199947
v 8.49600029 4.15199995 -7.17199898
v 15.6240005 3.32399988 -0.291999847
v 14.7320004 1.00400007 -0.78399992
v 7.42799997 1.60800016 -8.15199947
v 14.7320004 1.00400007 -0.78399992
v 11.9960003 -2.12400007 -0.0240000915
v 7.42799997 1.60800016 -8.15199947
v 11.9960003 -2.12400007 -0.0240000915
v 14.7320004 1.00400007 -0.78399992
v 19.6120014 -0.352000266 6.97199965
v 12.7360001 -4.25600004 5.51599932
v 11.9960003 -2.12400007 -0.0240000915
v 19.6120014 -0.352000266 6.97199965
v 4.90799999 3.07200027 -8.58399963
v 0.948000073 4.5 -5.51199913
v 5.15199995 4.78000021 -8.04799843
v 14.7320004 1.00400007 -0.78399992
v 15.6240005 3.32399988 -0.291999847
v 19.6120014 -0.352000266 6.97199965
v 15.6240005 3.32399988 -0.291999847
v 20.8240013 4.19999933 7.32399988
v 19.6120014 -0.352000266 6.97199965
v 20.8240013 4.19999933 7.32399988
v 22.2720013 1.03199947 11.2199993
v 19.6120014 -0.352000266 6.97199965
v 22.2720013 1.03199947 11.2199993
v 17.8439999 -3.71600032 12.8279991
v 19.6120014 -0.352000266 6.97199965
v 17.8439999 -3.71600032 12.8279991
v 12.7360001 -4.25600004 5.51599932
v 19.6120014 -0.352000266 6.97199965
v 17.8439999 -3.71600032 12.8279991
v 12.4679995 -4.1960001 8.63599968
v 12.7360001 -4.25600004 5.51599932
v 12.7360001 -4.25600004 5.51599932
v 12.4679995 -4.1960001 8.63599968
v 7.55200005 -4.22800016 4.84399939
v 12.4679995 -4.1960001 8.63599968
v 9.72399998 -1.64400029 10.0079994
v 7.55200005 -4.22800016 4.84399939
v 7.55200005 -4.22800016 4.84399939
v 9.72399998 -1.64400029 10.0079994
v 5 -1.26000023 7.55999947
v 0 -1.72800016 5.89199972
v 7.55200005 -4.22800016 4.84399939
v 5 -1.26000023 7.55999947
v 22.5359993 5.41999912 13.408
v 22.2720013 1.03199947 11.2199993
v 20.8240013 4.19999933 7.32399988
v 23.0200005 2.65199924 13.7919998
v 22.2720013 1.03199947 11.2199993
v 22.5359993 5.41999912 13.408
v 23.0200005 2.65199924 13.7919998
v 21.2719994 -1.23200071 17.6879997
v 22.2720013 1.03199947 11.2199993
v 22.2720013 1.03199947 11.2199993
v 21.2719994 -1.23200071 17.6879997
v 17.8439999 -3.71600032 12.8279991
v 21.2719994 -1.23200071 17.6879997
v 15.6440001 -5.09600019 17.4759979
v 17.8439999 -3.71600032 12.8279991
v 17.8439999 -3.71600032 12.8279991
v 15.6440001 -5.09600019 17.4759979
v 14.0080004 -4.45600033 14.6159983
v 17.8439999 -3.71600032 12.8279991
v 14.0080004 -4.45600033 14.6159983
v 12.4679995 -4.1960001 8.63599968
v 12.4679995 -4.1960001 8.63599968
v 14.0080004 -4.45600033 14.6159983
v 9.72399998 -1.64400029 10.0079994
v 14.0080004 -4.45600033 14.6159983
v 11.0640001 -1.73600066 14.0839996
v 9.72399998 -1.64400029 10.0079994
v 11.0640001 -1.73600066 14.0839996
v 5.76800013 -0.264000505 11.6759996
v 9.72399998 -1.64400029 10.0079994
v 5.76800013 -0.264000505 11.6759996
v 5 -1.26000023 7.55999947
v 9.72399998 -1.64400029 10.0079994
v 23.0200005 3.60399914 17.9400005
v 23.0200005 2.65199924 13.7919998
v 22.5359993 5.41999912 13.408
v 23.0200005 3.60399914 17.9400005
v 21.2719994 -1.23200071 17.6879997
v 23.0200005 2.65199924 13.7919998
v 21.2719994 -1.23200071 17.6879997
v 23.0200005 3.60399914 17.9400005
v 21.8440018 3.67999864 21.8839989
v 21.2719994 -1.23200071 17.6879997
v 21.8440018 3.67999864 21.8839989
v 17.7320004 -2.23200083 25.1759987
v 12.8840017 -5.14000082 27.5519981
v 21.2719994 -1.23200071 17.6879997
v 17.7320004 -2.23200083 25.1759987
v 12.8840017 -5.14000082 27.5519981
v 15.6440001 -5.09600019 17.4759979
v 21.2719994 -1.23200071 17.6879997
v 15.6440001 -5.09600019 17.4759979
v 12.8840017 -5.14000082 27.5519981
v 6.96799994 -6.56800079 29.171999
v 11.3080006 -5.39600086 23.2719975
v 15.6440001 -5.09600019 17.4759979
v 6.96799994 -6.56800079 29.171999
v 15.6440001 -5.09600019 17.4759979
v 11.3080006 -5.39600086 23.2719975
v 14.0080004 -4.45600033 14.6159983
v 10.3240004 -2.00400066 18.6839981
v 14.0080004 -4.45600033 14.6159983
v 11.3080006 -5.39600086 23.2719975
v 14.0080004 -4.45600033 14.6159983
v 10.3240004 -2.00400066 18.6839981
v 11.0640001 -1.73600066 14.0839996
v 10.3240004 -2.00400066 18.6839981
v 5.59599972 -0.752000809 19.6279984
v 11.0640001 -1.73600066 14.0839996
v 5.59599972 -0.752000809 19.6279984
v 5.76800013 -0.264000505 11.6759996
v 11.0640001 -1.73600066 14.0839996
v 21.8440018 3.67999864 21.8839989
v 17.2440014 2.56399846 29.6639996
v 17.7320004 -2.23200083 25.1759987
v 17.7320004 -2.23200083 25.1759987
v 17.2440014 2.56399846 29.6639996
v 7.25200033 1.56799805 41.0999985
v 17.7320004 -2.23200083 25.1759987
v 7.25200033 1.56799805 41.0999985
v 4.46799994 -4.81600142 38.8120003
v 12.8840017 -5.14000082 27.5519981
v 17.7320004 -2.23200083 25.1759987
v 4.46799994 -4.81600142 38.8120003
v 12.8840017 -5.14000082 27.5519981
v 4.46799994 -4.81600142 38.8120003
v 6.96799994 -6.56800079 29.171999
v 5.59599972 -0.752000809 19.6279984
v 0 0.311999351 14.2319994
v 5.76800013 -0.264000505 11.6759996
v 0 -2.55600095 26.2479973
v 0 0.311999351 14.2319994
v 5.59599972 -0.752000809 19.6279984
v 0 0.311999351 14.2319994
v 0 -2.55600095 26.2479973
v -5.59599972 -0.752000809 19.6279984
v 0 0.311999351 14.2319994
v -5.59599972 -0.752000809 19.6279984
v -5.76800013 -0.264000505 11.6759996
v 0 0.311999351 14.2319994
v -5.76800013 -0.264000505 11.6759996
v -5 -1.26000023 7.55999947
v 0 -1.72800016 5.89199972
v 0 0.311999351 14.2319994
v -5 -1.26000023 7.55999947
v 0 0.311999351 14.2319994
v 0 -1.72800016 5.89199972
v 5 -1.26000023 7.55999947
v 5.76800013 -0.264000505 11.6759996
v 0 0.311999351 14.2319994
v 5 -1.26000023 7.55999947
v 0 -2.55600095 26.2479973
v 5.59599972 -0.752000809 19.6279984
v 6.11999989 -2.58800077 24.3439999
v 0 -2.55600095 26.2479973
v 6.11999989 -2.58800077 24.3439999
v 4.05200005 -5.99200106 28.447998
v 0 -6.45200109 29.5519981
v 0 -2.55600095 26.2479973
v 4.05200005 -5.99200106 28.447998
v 6.96799994 -6.56800079 29.171999
v 0 -6.45200109 29.5519981
v 4.05200005 -5.99200106 28.447998
v 11.3080006 -5.39600086 23.2719975
v 6.96799994 -6.56800079 29.171999
v 4.05200005 -5.99200106 28.447998
v 4.05200005 -5.99200106 28.447998
v 6.11999989 -2.58800077 24.3439999
v 11.3080006 -5.39600086 23.2719975
v 10.3240004 -2.00400066 18.6839981
v 11.3080006 -5.39600086 23.2719975
v 6.11999989 -2.58800077 24.3439999
v 5.59599972 -0.752000809 19.6279984
v 10.3240004 -2.00400066 18.6839981
v 6.11999989 -2.58800077 24.3439999
v -5 -1.26000023 7.55999947
v -5.76800013 -0.264000505 11.6759996
v -9.72399998 -1.64400029 10.0079994
v -5.76800013 -0.264000505 11.6759996
v -11.0640001 -1.73600066 14.0839996
v -9.72399998 -1.64400029 10.0079994
v -11.0640001 -1.73600066 14.0839996
v -14.0080004 -4.45600033 14.6159983
v -9.72399998 -1.64400029 10.0079994
v -10.3240004 -2.00400066 18.6839981
v -14.0080004 -4.45600033 14.6159983
v -11.0640001 -1.73600066 14.0839996
v -5.59599972 -0.752000809 19.6279984
v -10.3240004 -2.00400066 18.6839981
v -11.0640001 -1.73600066 14.0839996
v -10.3240004 -2.00400066 18.6839981
v -5.59599972 -0.752000809 19.6279984
v -6.11999989 -2.58800077 24.3439999
v -5.59599972 -0.752000809 19.6279984
v 0 -2.55600095 26.2479973
v -6.11999989 -2.58800077 24.3439999
v -5.76800013 -0.264000505 11.6759996
v -5.59599972 -0.752000809 19.6279984
v -11.0640001 -1.73600066 14.0839996
v -6.64400005 3.37999964 4.63199997
v 0 -0.251999944 -0.84799999
v -5.96400023 -0.255999833 -3.1639998
v 0 3.39599943 5.98399973
v 0 -0.251999944 -0.84799999
v -6.64400005 3.37999964 4.63199997
v 0 -0.251999944 -0.84799999
v 0 3.39599943 5.98399973
v 6.64400005 3.37999964 4.63199997
v 0 -0.251999944 -0.84799999
v 6.64400005 3.37999964 4.63199997
v 5.96400023 -0.255999833 -3.1639998
v 6.64400005 3.37999964 4.63199997
v 11.7360001 0.416000307 -7.28399944
v 5.96400023 -0.255999833 -3.1639998
v 5.96400023 -0.255999833 -3.1639998
v 11.7360001 0.416000307 -7.28399944
v 13.6480007 -2.09999943 -10.355999
v -11.7360001 0.416000307 -7.28399944
v -6.64400005 3.37999964 4.63199997
v -5.96400023 -0.255999833 -3.1639998
v -6.64400005 3.37999964 4.63199997
v -11.7360001 0.416000307 -7.28399944
v -15.2040005 3.51599979 -0.0919998437
v -15.2040005 3.51599979 -0.0919998437
v -8.56799984 3.00399923 12.1919994
v -6.64400005 3.37999964 4.63199997
v -6.64400005 3.37999964 4.63199997
v -8.56799984 3.00399923 12.1919994
v 0 3.29599905 13.079998
v 0 3.39599943 5.98399973
v -6.64400005 3.37999964 4.63199997
v 0 3.29599905 13.079998
v 6.64400005 3.37999964 4.63199997
v 0 3.39599943 5.98399973
v 0 3.29599905 13.079998
v 8.56799984 3.00399923 12.1919994
v 6.64400005 3.37999964 4.63199997
v 0 3.29599905 13.079998
v 8.56799984 3.00399923 12.1919994
v 15.2040005 3.51599979 -0.0919998437
v 6.64400005 3.37999964 4.63199997
v 11.7360001 0.416000307 -7.28399944
v 6.64400005 3.37999964 4.63199997
v 15.2040005 3.51599979 -0.0919998437
v -11.7360001 0.416000307 -7.28399944
v -5.96400023 -0.255999833 -3.1639998
v -13.6480007 -2.09999943 -10.355999
v -16.5960007 0.752000272 -7.16799879
v -11.7360001 0.416000307 -7.28399944
v -13.6480007 -2.09999943 -10.355999
v -11.7360001 0.416000307 -7.28399944
v -16.5960007 0.752000272 -7.16799879
v -15.2040005 3.51599979 -0.0919998437
v -16.5960007 0.752000272 -7.16799879
v -19.4960003 0.975999832 2.96000004
v -15.2040005 3.51599979 -0.0919998437
v -19.4960003 0.975999832 2.96000004
v -16.9239998 1.67999947 8.55599976
v -15.2040005 3.51599979 -0.0919998437
v -16.9239998 1.67999947 8.55599976
v -8.56799984 3.00399923 12.1919994
v -15.2040005 3.51599979 -0.0919998437
v -8.56799984 3.00399923 12.1919994
v -16.9239998 1.67999947 8.55599976
v -12.9519997 -0.70800066 15.5480003
v -8.56799984 3.00399923 12.1919994
v -12.9519997 -0.70800066 15.5480003
v -5.86000061 1.07999921 17.0559998
v -5.86000061 1.07999921 17.0559998
v 0 3.29599905 13.079998
v -8.56799984 3.00399923 12.1919994
v -16.5960007 0.752000272 -7.16799879
v -13.6480007 -2.09999943 -10.355999
v -16.5720005 -3.96799946 -9.6239996
v -16.5960007 0.752000272 -7.16799879
v -16.5720005 -3.96799946 -9.6239996
v -19.5760002 -2.48799968 -3.56399989
v -19.4960003 0.975999832 2.96000004
v -16.5960007 0.752000272 -7.16799879
v -19.5760002 -2.48799968 -3.56399989
v -5.86000061 1.07999921 17.0559998
v -12.9519997 -0.70800066 15.5480003
v -4.20800018 -1.74800074 19.4559994
v 0 -0.108000822 18.9959984
v -5.86000061 1.07999921 17.0559998
v -4.20800018 -1.74800074 19.4559994
v -5.86000061 1.07999921 17.0559998
v 0 -0.108000822 18.9959984
v 0 3.29599905 13.079998
v 0 -0.108000822 18.9959984
v 5.86000061 1.07999921 17.0559998
v 0 3.29599905 13.079998
v 0 3.29599905 13.079998
v 5.86000061 1.07999921 17.0559998
v 8.56799984 3.00399923 12.1919994
v 12.9519997 -0.70800066 15.5480003
v 8.56799984 3.00399923 12.1919994
v 5.86000061 1.07999921 17.0559998
v 16.9239998 1.67999947 8.55599976
v 8.56799984 3.00399923 12.1919994
v 12.9519997 -0.70800066 15.5480003
v 8.56799984 3.00399923 12.1919994
v 16.9239998 1.67999947 8.55599976
v 15.2040005 3.51599979 -0.0919998437
v 5.86000061 1.07999921 17.0559998
v 0 -0.108000822 18.9959984
v 4.20800018 -1.74800074 19.4559994
v 12.9519997 -0.70800066 15.5480003
v 5.86000061 1.07999921 17.0559998
v 4.20800018 -1.74800074 19.4559994
v 16.9239998 1.67999947 8.55599976
v 12.9519997 -0.70800066 15.5480003
v 19.5560017 -2.19200039 9.10399914
v 19.4960003 0.975999832 2.96000004
v 16.9239998 1.67999947 8.55599976
v 19.5560017 -2.19200039 9.10399914
v 16.9239998 1.67999947 8.55599976
v 19.4960003 0.975999832 2.96000004
v 15.2040005 3.51599979 -0.0919998437
v 19.4960003 0.975999832 2.96000004
v 16.5960007 0.752000272 -7.16799879
v 15.2040005 3.51599979 -0.0919998437
v 16.5960007 0.752000272 -7.16799879
v 11.7360001 0.416000307 -7.28399944
v 15.2040005 3.51599979 -0.0919998437
v 11.7360001 0.416000307 -7.28399944
v 16.5960007 0.752000272 -7.16799879
v 13.6480007 -2.09999943 -10.355999
v 13.6480007 -2.09999943 -10.355999
v 16.5960007 0.752000272 -7.16799879
v 16.5720005 -3.96799946 -9.6239996
v 16.5720005 -3.96799946 -9.6239996
v 16.5960007 0.752000272 -7.16799879
v 19.5760002 -2.48799968 -3.56399989
v 16.5960007 0.752000272 -7.16799879
v 19.4960003 0.975999832 2.96000004
v 19.5760002 -2.48799968 -3.56399989
v -12.9519997 -0.70800066 15.5480003
v -16.9239998 1.67999947 8.55599976
v -19.5560017 -2.19200039 9.10399914
v -16.9239998 1.67999947 8.55599976
v -19.4960003 0.975999832 2.96000004
v -19.5560017 -2.19200039 9.10399914
v 0 -0.251999944 -0.84799999
v -3.98000002 -4.25199938 -2.77200031
v -5.96400023 -0.255999833 -3.1639998
v 0 -0.251999944 -0.84799999
v 0 -4.19599962 -2.01200008
v -3.98000002 -4.25199938 -2.77200031
v 0 -4.19599962 -2.01200008
v 0 -10.2119989 6.45999956
v -3.98000002 -4.25199938 -2.77200031
v -3.98000002 -4.25199938 -2.77200031
v 0 -10.2119989 6.45999956
v -8.42000008 -10.2159996 3.37999916
v -3.98000002 -4.25199938 -2.77200031
v -8.42000008 -10.2159996 3.37999916
v -13.6759996 -7.52399874 -6.83600044
v -3.98000002 -4.25199938 -2.77200031
v -13.6759996 -7.52399874 -6.83600044
v -12.96 -4.63199902 -10.1479988
v -3.98000002 -4.25199938 -2.77200031
v -12.96 -4.63199902 -10.1479988
v -13.6480007 -2.09999943 -10.355999
v -5.96400023 -0.255999833 -3.1639998
v -3.98000002 -4.25199938 -2.77200031
v -13.6480007 -2.09999943 -10.355999
v 0 -4.19599962 -2.01200008
v 0 -0.251999944 -0.84799999
v 3.98000002 -4.25199938 -2.77200031
v 0 -10.2119989 6.45999956
v 0 -4.19599962 -2.01200008
v 3.98000002 -4.25199938 -2.77200031
v 0 -10.2119989 6.45999956
v 3.98000002 -4.25199938 -2.77200031
v 8.42000008 -10.2159996 3.37999916
v 0 -10.2119989 6.45999956
v 8.42000008 -10.2159996 3.37999916
v 0 -10.4680004 11.5119991
v -8.42000008 -10.2159996 3.37999916
v 0 -10.2119989 6.45999956
v 0 -10.4680004 11.5119991
v -14.3400002 -10.3319998 4.70799971
v -8.42000008 -10.2159996 3.37999916
v 0 -10.4680004 11.5119991
v -15.0600004 -9.85999966 -2.67200017
v -8.42000008 -10.2159996 3.37999916
v -14.3400002 -10.3319998 4.70799971
v -13.6759996 -7.52399874 -6.83600044
v -8.42000008 -10.2159996 3.37999916
v -15.0600004 -9.85999966 -2.67200017
v 3.98000002 -4.25199938 -2.77200031
v 0 -0.251999944 -0.84799999
v 5.96400023 -0.255999833 -3.1639998
v 3.98000002 -4.25199938 -2.77200031
v 5.96400023 -0.255999833 -3.1639998
v 13.6480007 -2.09999943 -10.355999
v 12.96 -4.63199902 -10.1479988
v 3.98000002 -4.25199938 -2.77200031
v 13.6480007 -2.09999943 -10.355999
v 13.6759996 -7.52399874 -6.83600044
v 3.98000002 -4.25199938 -2.77200031
v 12.96 -4.63199902 -10.1479988
v 8.42000008 -10.2159996 3.37999916
v 3.98000002 -4.25199938 -2.77200031
v 13.6759996 -7.52399874 -6.83600044
v 8.42000008 -10.2159996 3.37999916
v 13.6759996 -7.52399874 -6.83600044
v 15.0600004 -9.85999966 -2.67200017
v 8.42000008 -10.2159996 3.37999916
v 15.0600004 -9.85999966 -2.67200017
v 14.3400002 -10.3319998 4.70799971
v 8.42000008 -10.2159996 3.37999916
v 14.3400002 -10.3319998 4.70799971
v 0 -10.4680004 11.5119991
v 16.5720005 -3.96799946 -9.6239996
v 12.96 -4.63199902 -10.1479988
v 13.6480007 -2.09999943 -10.355999
v 16.5720005 -3.96799946 -9.6239996
v 13.6759996 -7.52399874 -6.83600044
v 12.96 -4.63199902 -10.1479988
v 13.6759996 -7.52399874 -6.83600044
v 16.5720005 -3.96799946 -9.6239996
v 17.3120003 -7.47199965 -6.21999979
v 13.6759996 -7.52399874 -6.83600044
v 17.3120003 -7.47199965 -6.21999979
v 15.0600004 -9.85999966 -2.67200017
v 15.0600004 -9.85999966 -2.67200017
v 17.3120003 -7.47199965 -6.21999979
v 18.5959988 -8.81200027 2.73199964
v 18.5959988 -8.81200027 2.73199964
v 14.3400002 -10.3319998 4.70799971
v 15.0600004 -9.85999966 -2.67200017
v 18.3520012 -7.64800024 8.46399975
v 14.3400002 -10.3319998 4.70799971
v 18.5959988 -8.81200027 2.73199964
v 18.3520012 -7.64800024 8.46399975
v 15.3999996 -7.92400026 11.763999
v 14.3400002 -10.3319998 4.70799971
v 15.3999996 -7.92400026 11.763999
v 5.09600019 -9.37200069 15.4319992
v 14.3400002 -10.3319998 4.70799971
v 14.3400002 -10.3319998 4.70799971
v 5.09600019 -9.37200069 15.4319992
v 0 -10.4680004 11.5119991
v 17.3120003 -7.47199965 -6.21999979
v 16.5720005 -3.96799946 -9.6239996
v 19.5760002 -2.48799968 -3.56399989
v 20.132 -6.57599974 1.13999963
v 17.3120003 -7.47199965 -6.21999979
v 19.5760002 -2.48799968 -3.56399989
v 17.3120003 -7.47199965 -6.21999979
v 20.132 -6.57599974 1.13999963
v 18.5959988 -8.81200027 2.73199964
v 18.5959988 -8.81200027 2.73199964
v 20.132 -6.57599974 1.13999963
v 18.3520012 -7.64800024 8.46399975
v 18.3520012 -7.64800024 8.46399975
v 20.132 -6.57599974 1.13999963
v 19.5560017 -2.19200039 9.10399914
v 18.3520012 -7.64800024 8.46399975
v 19.5560017 -2.19200039 9.10399914
v 16.5639992 -4.30400038 13.263999
v 15.3999996 -7.92400026 11.763999
v 18.3520012 -7.64800024 8.46399975
v 16.5639992 -4.30400038 13.263999
v 9.72800064 -5.4920001 17.6519985
v 15.3999996 -7.92400026 11.763999
v 16.5639992 -4.30400038 13.263999
v 5.09600019 -9.37200069 15.4319992
v 15.3999996 -7.92400026 11.763999
v 9.72800064 -5.4920001 17.6519985
v 5.09600019 -9.37200069 15.4319992
v 9.72800064 -5.4920001 17.6519985
v 3.852 -5.51600027 19.4239998
v 0 -6.30400038 19.6799984
v 5.09600019 -9.37200069 15.4319992
v 3.852 -5.51600027 19.4239998
v 0 -6.30400038 19.6799984
v 0 -10.4680004 11.5119991
v 5.09600019 -9.37200069 15.4319992
v 19.4960003 0.975999832 2.96000004
v 20.132 -6.57599974 1.13999963
v 19.5760002 -2.48799968 -3.56399989
v 19.4960003 0.975999832 2.96000004
v 19.5560017 -2.19200039 9.10399914
v 20.132 -6.57599974 1.13999963
v 12.9519997 -0.70800066 15.5480003
v 16.5639992 -4.30400038 13.263999
v 19.5560017 -2.19200039 9.10399914
v 9.72800064 -5.4920001 17.6519985
v 16.5639992 -4.30400038 13.263999
v 12.9519997 -0.70800066 15.5480003
v 12.9519997 -0.70800066 15.5480003
v 4.20800018 -1.74800074 19.4559994
v 9.72800064 -5.4920001 17.6519985
v 4.20800018 -1.74800074 19.4559994
v 3.852 -5.51600027 19.4239998
v 9.72800064 -5.4920001 17.6519985
v 4.20800018 -1.74800074 19.4559994
v 0 -6.30400038 19.6799984
v 3.852 -5.51600027 19.4239998
v 0 -0.108000822 18.9959984
v 0 -6.30400038 19.6799984
v 4.20800018 -1.74800074 19.4559994
v 0 -6.30400038 19.6799984
v 0 -0.108000822 18.9959984
v -4.20800018 -1.74800074 19.4559994
v 0 -6.30400038 19.6799984
v -4.20800018 -1.74800074 19.4559994
v -3.852 -5.51600027 19.4239998
v -5.09600019 -9.37200069 15.4319992
v 0 -6.30400038 19.6799984
v -3.852 -5.51600027 19.4239998
v 0 -10.4680004 11.5119991
v 0 -6.30400038 19.6799984
v -5.09600019 -9.37200069 15.4319992
v -5.09600019 -9.37200069 15.4319992
v -14.3400002 -10.3319998 4.70799971
v 0 -10.4680004 11.5119991
v -3.852 -5.51600027 19.4239998
v -4.20800018 -1.74800074 19.4559994
v -9.72800064 -5.4920001 17.6519985
v -9.72800064 -5.4920001 17.6519985
v -5.09600019 -9.37200069 15.4319992
v -3.852 -5.51600027 19.4239998
v -15.3999996 -7.92400026 11.763999
v -5.09600019 -9.37200069 15.4319992
v -9.72800064 -5.4920001 17.6519985
v -5.09600019 -9.37200069 15.4319992
v -15.3999996 -7.92400026 11.763999
v -14.3400002 -10.3319998 4.70799971
v -15.3999996 -7.92400026 11.763999
v -18.3520012 -7.64800024 8.46399975
v -14.3400002 -10.3319998 4.70799971
v -14.3400002 -10.3319998 4.70799971
v -18.3520012 -7.64800024 8.46399975
v -18.5959988 -8.81200027 2.73199964
v -14.3400002 -10.3319998 4.70799971
v -18.5959988 -8.81200027 2.73199964
v -15.0600004 -9.85999966 -2.67200017
v -17.3120003 -7.47199965 -6.21999979
v -15.0600004 -9.85999966 -2.67200017
v -18.5959988 -8.81200027 2.73199964
v -17.3120003 -7.47199965 -6.21999979
v -13.6759996 -7.52399874 -6.83600044
v -15.0600004 -9.85999966 -2.67200017
v -4.20800018 -1.74800074 19.4559994
v -12.9519997 -0.70800066 15.5480003
v -9.72800064 -5.4920001 17.6519985
v -16.5639992 -4.30400038 13.263999
v -9.72800064 -5.4920001 17.6519985
v -12.9519997 -0.70800066 15.5480003
v -15.3999996 -7.92400026 11.763999
v -9.72800064 -5.4920001 17.6519985
v -16.5639992 -4.30400038 13.263999
v -18.3520012 -7.64800024 8.46399975
v -15.3999996 -7.92400026 11.763999
v -16.5639992 -4.30400038 13.263999
v -19.5560017 -2.19200039 9.10399914
v -18.3520012 -7.64800024 8.46399975
v -16.5639992 -4.30400038 13.263999
v -20.132 -6.57599974 1.13999963
v -18.3520012 -7.64800024 8.46399975
v -19.5560017 -2.19200039 9.10399914
v -20.132 -6.57599974 1.13999963
v -18.5959988 -8.81200027 2.73199964
v -18.3520012 -7.64800024 8.46399975
v -20.132 -6.57599974 1.13999963
v -17.3120003 -7.47199965 -6.21999979
v -18.5959988 -8.81200027 2.73199964
v -17.3120003 -7.47199965 -6.21999979
v -20.132 -6.57599974 1.13999963
v -19.5760002 -2.48799968 -3.56399989
v -16.5720005 -3.96799946 -9.6239996
v -17.3120003 -7.47199965 -6.21999979
v -19.5760002 -2.48799968 -3.56399989
v -16.5720005 -3.96799946 -9.6239996
v -13.6759996 -7.52399874 -6.83600044
v -17.3120003 -7.47199965 -6.21999979
v -13.6759996 -7.52399874 -6.83600044
v -16.5720005 -3.96799946 -9.6239996
v -12.96 -4.63199902 -10.1479988
v -12.96 -4.63199902 -10.1479988
v -16.5720005 -3.96799946 -9.6239996
v -13.6480007 -2.09999943 -10.355999
v -16.5639992 -4.30400038 13.263999
v -12.9519997 -0.70800066 15.5480003
v -19.5560017 -2.19200039 9.10399914
v -20.132 -6.57599974 1.13999963
v -19.4960003 0.975999832 2.96000004
v -19.5760002 -2.48799968 -3.56399989
v -19.5560017 -2.19200039 9.10399914
v -19.4960003 0.975999832 2.96000004
v -20.132 -6.57599974 1.13999963

# 762 UV coordinates
vt 0.591199994 0.969200015 0
vt 0.577499986 0.975499988 0
vt 0.582499981 0.976199985 0
vt 0.572399974 0.966700017 0
vt 0.620599985 0.922500014 0
vt 0.55309999 0.861199975 0
vt 0.638599992 0.876299977 0
vt 0.554700017 0.840399981 0
vt 0.645099998 0.832000017 0
vt 0.574599981 0.797100008 0
vt 0.644800007 0.807900012 0
vt 0.584900022 0.745800018 0
vt 0.637899995 0.783299983 0
vt 0.592599988 0.741599977 0
vt 0.624100029 0.760100007 0
vt 0.606599987 0.744799972 0
vt 0.796500027 0.508899987 0
vt 0.805999994 0.522599995 0
vt 0.79460001 0.522899985 0
vt 0.810100019 0.498899996 0
vt 0.827000022 0.511900008 0
vt 0.818700016 0.524999976 0
vt 0.816999972 0.538699985 0
vt 0.800000012 0.532500029 0
vt 0.796500027 0.497599989 0
vt 0.804499984 0.4824 0
vt 0.828400016 0.49180001 0
vt 0.837800026 0.505800009 0
vt 0.834599972 0.520500004 0
vt 0.827499986 0.528800011 0
vt 0.792500019 0.486799985 0
vt 0.796500027 0.470600009 0
vt 0.807500005 0.464300007 0
vt 0.819999993 0.473199993 0
vt 0.832199991 0.475199997 0
vt 0.837700009 0.49000001 0
vt 0.785700023 0.4745 0
vt 0.823899984 0.462500006 0
vt 0.814300001 0.457500011 0
vt 0.802200019 0.451400012 0
vt 0.787400007 0.463400006 0
vt 0.379099995 0.0100999996 0
vt 0.400900006 0.0313999988 0
vt 0.402399987 0.0142999999 0
vt 0.372299999 0.0258000009 0
vt 0.358200014 0.0604999997 0
vt 0.401300013 0.0678000003 0
vt 0.395200014 0.0967999995 0
vt 0.353300005 0.0895999968 0
vt 0.387400001 0.1228 0
vt 0.353100002 0.116700001 0
vt 0.380899996 0.147699997 0
vt 0.349599987 0.141000003 0
vt 0.530900002 0.1382 0
vt 0.492599994 0.122299999 0
vt 0.49970001 0.145500004 0
vt 0.526499987 0.112999998 0
vt 0.522899985 0.0864000022 0
vt 0.481000006 0.0964000002 0
vt 0.474900007 0.0672999993 0
vt 0.51789999 0.0573000014 0
vt 0.504899979 0.0263999999 0
vt 0.475699991 0.0331999995 0
vt 0.475499988 0.0162000004 0
vt 0.49849999 0.0104999999 0
vt 0.647599995 0.993300021 0
vt 0.637300014 0.984700024 0
vt 0.635699987 0.989499986 0
vt 0.649299979 0.988399982 0
vt 0.651199996 0.977100015 0
vt 0.638599992 0.97359997 0
vt 0.655700028 0.934400022 0
vt 0.641600013 0.918500006 0
vt 0.661899984 0.878300011 0
vt 0.645299971 0.869099975 0
vt 0.671500027 0.826099992 0
vt 0.651899993 0.824800014 0
vt 0.657000005 0.801299989 0
vt 0.677600026 0.80250001 0
vt 0.682900012 0.783200026 0
vt 0.664300025 0.77670002 0
vt 0.689800024 0.757399976 0
vt 0.671999991 0.750899971 0
vt 0.676800013 0.728200018 0
vt 0.694500029 0.731299996 0
vt 0.673399985 0.992799997 0
vt 0.662899971 0.983500004 0
vt 0.660899997 0.992699981 0
vt 0.675899982 0.982900023 0
vt 0.702199996 0.878899992 0
vt 0.683700025 0.881399989 0
vt 0.686500013 0.860099971 0
vt 0.70599997 0.858299971 0
vt 0.7148 0.811500013 0
vt 0.693899989 0.814599991 0
vt 0.701900005 0.770900011 0
vt 0.722100019 0.7597 0
vt 0.703499973 0.759199977 0
vt 0.703100026 0.75150001 0
vt 0.721499979 0.750899971 0
vt 0.701099992 0.740100026 0
vt 0.718800008 0.736800015 0
vt 0.885900021 0.747699976 0
vt 0.915700018 0.777899981 0
vt 0.87620002 0.769200027 0
vt 0.908500016 0.753099978 0
vt 0.934300005 0.764699996 0
vt 0.949400008 0.782500029 0
vt 0.955500007 0.755100012 0
vt 0.969600022 0.763899982 0
vt 0.987200022 0.732599974 0
vt 0.896700025 0.719500005 0
vt 0.929499984 0.718800008 0
vt 0.942200005 0.746500015 0
vt 0.95539999 0.72240001 0
vt 0.994300008 0.695800006 0
vt 0.872900009 0.71450001 0
vt 0.902800024 0.690800011 0
vt 0.926599979 0.653299987 0
vt 0.958299994 0.694100022 0
vt 0.862900019 0.741999984 0
vt 0.958100021 0.666299999 0
vt 0.990800023 0.657999992 0
vt 0.960799992 0.632799983 0
vt 0.975499988 0.625100017 0
vt 0.956499994 0.605000019 0
vt 0.939100027 0.62440002 0
vt 0.920899987 0.606400013 0
vt 0.946699977 0.640299976 0
vt 0.913699985 0.630699992 0
vt 0.890799999 0.634599984 0
vt 0.882799983 0.612299979 0
vt 0.898800015 0.663800001 0
vt 0.874499977 0.666400015 0
vt 0.867399991 0.638000011 0
vt 0.876999974 0.690400004 0
vt 0.557900012 0.717999995 0
vt 0.555199981 0.715300024 0
vt 0.558399975 0.72390002 0
vt 0.549399972 0.714399993 0
vt 0.555000007 0.745899975 0
vt 0.537 0.718999982 0
vt 0.526799977 0.727599978 0
vt 0.521000028 0.735700011 0
vt 0.557799995 0.768700004 0
vt 0.554499984 0.778999984 0
vt 0.515999973 0.746900022 0
vt 0.511200011 0.773000002 0
vt 0.514199972 0.800999999 0
vt 0.528900027 0.824199975 0
vt 0.519599974 0.821799994 0
vt 0.522700012 0.826699972 0
vt 0.525200009 0.827199996 0
vt 0.5528 0.0219000001 0
vt 0.527899981 0.0320000015 0
vt 0.536300004 0.0171000008 0
vt 0.580600023 0.0469999984 0
vt 0.526199996 0.0654999986 0
vt 0.531199992 0.0945999995 0
vt 0.594799995 0.0728999972 0
vt 0.549000025 0.114799999 0
vt 0.591899991 0.0997999981 0
vt 0.574400008 0.116999999 0
vt 0.453900009 0.0260000005 0
vt 0.426899999 0.0250000004 0
vt 0.440899998 0.0151000004 0
vt 0.467299998 0.0573000014 0
vt 0.409500003 0.057 0
vt 0.403400004 0.0860000029 0
vt 0.473399997 0.0864000022 0
vt 0.460399985 0.111699998 0
vt 0.414900005 0.110600002 0
vt 0.438199997 0.121399999 0
vt 0.0819000006 0.0986000001 0
vt 0.0841000006 0.0886000022 0
vt 0.131500006 0.0920000002 0
vt 0.123400003 0.137799993 0
vt 0.166199997 0.0888999999 0
vt 0.166999996 0.159899995 0
vt 0.212699994 0.163499996 0
vt 0.230599999 0.0623000003 0
vt 0.275000006 0.149100006 0
vt 0.25909999 0.0610000007 0
vt 0.314200014 0.0754999965 0
vt 0.320800006 0.122299999 0
vt 0.328700006 0.0852999985 0
vt 0.333099991 0.0996999964 0
vt 0.0298999995 0.0214000009 0
vt 0.0212999992 0.0344999991 0
vt 0.0220999997 0.0205000006 0
vt 0.0315000005 0.0351000018 0
vt 0.0800999999 0.0269000009 0
vt 0.0785000026 0.0412000008 0
vt 0.113200001 0.0452000014 0
vt 0.117399998 0.0274999999 0
vt 0.182799995 0.0421999991 0
vt 0.181299999 0.0204000007 0
vt 0.211099997 0.0390000008 0
vt 0.209099993 0.0165999997 0
vt 0.26699999 0.0278999992 0
vt 0.271699995 0.00590000022 0
vt 0.284099996 0.0239000004 0
vt 0.0132999998 0.102300003 0
vt 0.0173000004 0.0957999974 0
vt 0.0254999995 0.0930000022 0
vt 0.0140000004 0.1118 0
vt 0.0215000007 0.1285 0
vt 0.0560999997 0.101499997 0
vt 0.0678000003 0.109300002 0
vt 0.0370999984 0.147 0
vt 0.0560000017 0.162499994 0
vt 0.0870999992 0.135000005 0
vt 0.0771000013 0.169699997 0
vt 0.101400003 0.146799996 0
vt 0.123599999 0.159099996 0
vt 0.108400002 0.167500004 0
vt 0.1219 0.162599996 0
vt 0.0129000004 0.203400001 0
vt 0.0147000002 0.189400002 0
vt 0.0417000018 0.204799995 0
vt 0.071800001 0.188700005 0
vt 0.1043 0.205500007 0
vt 0.1206 0.187000006 0
vt 0.148900002 0.205699995 0
vt 0.1664 0.185399994 0
vt 0.197799996 0.206200004 0
vt 0.230399996 0.184200004 0
vt 0.246299997 0.207699999 0
vt 0.282900006 0.191499993 0
vt 0.282499999 0.212500006 0
vt 0.301499993 0.215200007 0
vt 0.308299989 0.195800006 0
vt 0.316700011 0.216000006 0
vt 0.323399991 0.195999995 0
vt 0.333999991 0.215100005 0
vt 0.064199999 0.223700002 0
vt 0.0614 0.233199999 0
vt 0.0472999997 0.234200001 0
vt 0.053199999 0.241999999 0
vt 0.0430000015 0.246000007 0
vt 0.0307999998 0.253699988 0
vt 0.0178999994 0.256900012 0
vt 0.0654999986 0.243599996 0
vt 0.0498999991 0.257299989 0
vt 0.0368999988 0.256599993 0
vt 0.0302000009 0.262300014 0
vt 0.0240000002 0.273499995 0
vt 0.0239000004 0.289099991 0
vt 0.0137 0.292499989 0
vt 0.00730000017 0.29370001 0
vt 0.0702000037 0.255400002 0
vt 0.0625 0.272300005 0
vt 0.0456999987 0.278200001 0
vt 0.0342999995 0.266000003 0
vt 0.0346999988 0.277700007 0
vt 0.0320000015 0.283499986 0
vt 0.0756999999 0.246700004 0
vt 0.0775000006 0.256300002 0
vt 0.0750999972 0.284200013 0
vt 0.0592 0.283100009 0
vt 0.0785999969 0.244200006 0
vt 0.0846000016 0.251399994 0
vt 0.0898000002 0.268099993 0
vt 0.0817999989 0.234400004 0
vt 0.0866999999 0.243399993 0
vt 0.104999997 0.257699996 0
vt 0.102399997 0.268999994 0
vt 0.0945999995 0.280600011 0
vt 0.0964000002 0.243499994 0
vt 0.1206 0.260399997 0
vt 0.107000001 0.273000002 0
vt 0.103 0.281500012 0
vt 0.0926000029 0.286799997 0
vt 0.0952999964 0.232099995 0
vt 0.0194000006 0.325300008 0
vt 0.0284000002 0.307500005 0
vt 0.0288999993 0.322899997 0
vt 0.0438000001 0.339399993 0
vt 0.0405000001 0.350600004 0
vt 0.0320999995 0.352999985 0
vt 0.0296 0.300099999 0
vt 0.0428999998 0.311300009 0
vt 0.0419000015 0.318300009 0
vt 0.0414999984 0.325500011 0
vt 0.0582000017 0.336600006 0
vt 0.0375000015 0.29550001 0
vt 0.0546999983 0.304800004 0
vt 0.055399999 0.311300009 0
vt 0.0573999994 0.317099988 0
vt 0.0590000004 0.325399995 0
vt 0.0447000004 0.284500003 0
vt 0.0665000007 0.308400005 0
vt 0.074000001 0.312900007 0
vt 0.072300002 0.317799985 0
vt 0.0697999969 0.325800002 0
vt 0.0798999965 0.305900007 0
vt 0.0920000002 0.314999998 0
vt 0.0846000016 0.321099997 0
vt 0.0782999992 0.331999987 0
vt 0.0813999996 0.340700001 0
vt 0.060800001 0.34740001 0
vt 0.0754000023 0.351200014 0
vt 0.0954999998 0.305000007 0
vt 0.101999998 0.310099989 0
vt 0.0992999971 0.323700011 0
vt 0.0916000009 0.326999992 0
vt 0.102300003 0.331699997 0
vt 0.0944000036 0.342200011 0
vt 0.0844999999 0.355699986 0
vt 0.1065 0.296200007 0
vt 0.113399997 0.306699991 0
vt 0.1206 0.310000002 0
vt 0.105300002 0.287800014 0
vt 0.1127 0.280000001 0
vt 0.121600002 0.296099991 0
vt 0.129600003 0.304800004 0
vt 0.109099999 0.335299999 0
vt 0.212699994 0.3028 0
vt 0.194000006 0.320300013 0
vt 0.189400002 0.308899999 0
vt 0.203500003 0.295899987 0
vt 0.202900007 0.280600011 0
vt 0.215499997 0.281399995 0
vt 0.223000005 0.2861 0
vt 0.224199995 0.265700012 0
vt 0.195600003 0.294200003 0
vt 0.187399998 0.273600012 0
vt 0.188600004 0.253899992 0
vt 0.203500003 0.264499992 0
vt 0.209399998 0.270500004 0
vt 0.179499999 0.29429999 0
vt 0.170499995 0.286799997 0
vt 0.176100001 0.26910001 0
vt 0.170699999 0.252900004 0
vt 0.174999997 0.232500002 0
vt 0.163599998 0.245100006 0
vt 0.161799997 0.236699998 0
vt 0.148900002 0.26030001 0
vt 0.165000007 0.293300003 0
vt 0.146300003 0.284200013 0
vt 0.152899995 0.277999997 0
vt 0.163000003 0.274199992 0
vt 0.168699995 0.305799991 0
vt 0.154799998 0.304800004 0
vt 0.213599995 0.253899992 0
vt 0.209399998 0.235699996 0
vt 0.202099994 0.248799995 0
vt 0.801699996 0.810899973 0
vt 0.787199974 0.818599999 0
vt 0.780900002 0.801900029 0
vt 0.813899994 0.832899988 0
vt 0.785000026 0.849399984 0
vt 0.77640003 0.828800023 0
vt 0.754599988 0.828199983 0
vt 0.766499996 0.79430002 0
vt 0.745700002 0.81400001 0
vt 0.834200025 0.814499974 0
vt 0.851599991 0.845799983 0
vt 0.819700003 0.861000001 0
vt 0.783299983 0.869799972 0
vt 0.760900021 0.858699977 0
vt 0.761699975 0.835799992 0
vt 0.824500024 0.801999986 0
vt 0.843200028 0.797100008 0
vt 0.84740001 0.818799973 0
vt 0.816399992 0.791499972 0
vt 0.826399982 0.779699981 0
vt 0.850600004 0.785700023 0
vt 0.887799978 0.817900002 0
vt 0.878300011 0.822099984 0
vt 0.858099997 0.827799976 0
vt 0.873399973 0.833000004 0
vt 0.87349999 0.845899999 0
vt 0.859600008 0.860199988 0
vt 0.894299984 0.852500021 0
vt 0.885200024 0.84890002 0
vt 0.915099978 0.868600011 0
vt 0.886399984 0.869700015 0
vt 0.878400028 0.859799981 0
vt 0.881799996 0.89230001 0
vt 0.880100012 0.879800022 0
vt 0.900099993 0.897099972 0
vt 0.879499972 0.917999983 0
vt 0.872300029 0.896300018 0
vt 0.860300004 0.874899983 0
vt 0.895500004 0.938899994 0
vt 0.87349999 0.948400021 0
vt 0.862399995 0.933799982 0
vt 0.855599999 0.926800013 0
vt 0.863200009 0.909600019 0
vt 0.840799987 0.899299979 0
vt 0.852400005 0.992500007 0
vt 0.850300014 0.972800016 0
vt 0.8398 0.95660001 0
vt 0.837300003 0.944199979 0
vt 0.834500015 0.932600021 0
vt 0.840300024 0.911800027 0
vt 0.8204 0.912100017 0
vt 0.811800003 0.896099985 0
vt 0.810899973 0.941299975 0
vt 0.796700001 0.952700019 0
vt 0.799700022 0.942200005 0
vt 0.798399985 0.92869997 0
vt 0.79339999 0.914799988 0
vt 0.794700027 0.90200001 0
vt 0.8125 0.969099998 0
vt 0.783699989 0.971800029 0
vt 0.760500014 0.941999972 0
vt 0.772300005 0.930000007 0
vt 0.785399973 0.935899973 0
vt 0.775900006 0.912400007 0
vt 0.769599974 0.878700018 0
vt 0.753099978 0.872300029 0
vt 0.737299979 0.933499992 0
vt 0.750400007 0.918500006 0
vt 0.760599971 0.905200005 0
vt 0.753600001 0.894200027 0
vt 0.756399989 0.881799996 0
vt 0.729900002 0.885599971 0
vt 0.717100024 0.875100017 0
vt 0.734499991 0.85769999 0
vt 0.752399981 0.853500009 0
vt 0.890699983 0.0342999995 0
vt 0.890699983 0.00930000003 0
vt 0.901000023 0.0183000006 0
vt 0.880400002 0.0184000004 0
vt 0.84799999 0.0324999988 0
vt 0.84859997 0.0135000004 0
vt 0.837000012 0.0269000009 0
vt 0.809400022 0.0135000004 0
vt 0.812699974 0.00609999988 0
vt 0.933399975 0.0322999991 0
vt 0.890699983 0.0482000001 0
vt 0.852299988 0.0502000004 0
vt 0.828000009 0.0419999994 0
vt 0.81309998 0.0254999995 0
vt 0.932799995 0.0133999996 0
vt 0.944400012 0.0267999992 0
vt 0.929099977 0.0500999987 0
vt 0.890799999 0.0734999999 0
vt 0.826099992 0.0540000014 0
vt 0.805199981 0.0256999992 0
vt 0.972000003 0.0132999998 0
vt 0.968299985 0.0252999999 0
vt 0.953499973 0.0419000015 0
vt 0.95539999 0.0538999997 0
vt 0.968699992 0.00590000022 0
vt 0.985099971 0.0137 0
vt 0.976199985 0.0254999995 0
vt 0.978200018 0.0432000011 0
vt 0.955299973 0.075000003 0
vt 0.932699978 0.0777999982 0
vt 0.984399974 0.0241 0
vt 0.992399991 0.0317000002 0
vt 0.980700016 0.0537 0
vt 0.971300006 0.0760999992 0
vt 0.94630003 0.0993999988 0
vt 0.918200016 0.0961000025 0
vt 0.796299994 0.0138999997 0
vt 0.796999991 0.0242999997 0
vt 0.788999975 0.0320000015 0
vt 0.803200006 0.0434000008 0
vt 0.800800025 0.0540000014 0
vt 0.826300025 0.0750999972 0
vt 0.810199976 0.0763000026 0
vt 0.835300028 0.0996000022 0
vt 0.84890002 0.0778999999 0
vt 0.863399982 0.0961999968 0
vt 0.859899998 0.106299996 0
vt 0.854300022 0.118000001 0
vt 0.877699971 0.119000003 0
vt 0.890799999 0.109399997 0
vt 0.890799999 0.132599995 0
vt 0.874000013 0.0869000033 0
vt 0.890799999 0.100500003 0
vt 0.907599986 0.0868000016 0
vt 0.921700001 0.106200002 0
vt 0.903999984 0.118900001 0
vt 0.927399993 0.117899999 0
vt 0.776499987 0.128900006 0
vt 0.768299997 0.130400002 0
vt 0.771099985 0.1237 0
vt 0.77640003 0.140200004 0
vt 0.750800014 0.130400002 0
vt 0.752300024 0.123199999 0
vt 0.754499972 0.1184 0
vt 0.739300013 0.108800001 0
vt 0.739899993 0.115699999 0
vt 0.733799994 0.109700002 0
vt 0.784600019 0.130400002 0
vt 0.802100003 0.130400002 0
vt 0.789499998 0.140799999 0
vt 0.77640003 0.151500002 0
vt 0.763400018 0.140799999 0
vt 0.781799972 0.1237 0
vt 0.800599992 0.123199999 0
vt 0.813000023 0.115699999 0
vt 0.811600029 0.126200005 0
vt 0.804199994 0.139500007 0
vt 0.78640002 0.149499997 0
vt 0.783200026 0.157499999 0
vt 0.792400002 0.151800007 0
vt 0.798399985 0.1184 0
vt 0.813600004 0.108800001 0
vt 0.819100022 0.109700002 0
vt 0.8222 0.116300002 0
vt 0.817499995 0.126200005 0
vt 0.815800011 0.136800006 0
vt 0.804199994 0.148800001 0
vt 0.823599994 0.127200007 0
vt 0.730700016 0.1162 0
vt 0.735499978 0.126100004 0
vt 0.729300022 0.127200007 0
vt 0.737100005 0.136800006 0
vt 0.748700023 0.139400005 0
vt 0.748700023 0.148699999 0
vt 0.760500014 0.151800007 0
vt 0.741299987 0.126200005 0
vt 0.766499996 0.149499997 0
vt 0.769599974 0.157499999 0
vt 0.0795999989 0.370799989 0
vt 0.0732999966 0.3671 0
vt 0.0808999985 0.364499986 0
vt 0.0794999972 0.376700014 0
vt 0.0733999982 0.385199994 0
vt 0.0671999976 0.376800001 0
vt 0.0670000017 0.370900005 0
vt 0.0656000003 0.364600003 0
vt 0.0524000004 0.374300003 0
vt 0.0943000019 0.374000013 0
vt 0.0922000036 0.380400002 0
vt 0.0918999985 0.392399997 0
vt 0.0798999965 0.389699996 0
vt 0.0734999999 0.398299992 0
vt 0.0670000017 0.389800012 0
vt 0.117799997 0.400400013 0
vt 0.115699999 0.412 0
vt 0.101899996 0.416999996 0
vt 0.0857999995 0.400000006 0
vt 0.127100006 0.42050001 0
vt 0.120399997 0.430599988 0
vt 0.108900003 0.425300002 0
vt 0.101899996 0.434700012 0
vt 0.0891000032 0.415600002 0
vt 0.129500002 0.430200011 0
vt 0.125699997 0.441599995 0
vt 0.116700001 0.442699999 0
vt 0.109099999 0.451599985 0
vt 0.0927999988 0.465799987 0
vt 0.0866999999 0.434799999 0
vt 0.0737999976 0.4375 0
vt 0.122699998 0.456900001 0
vt 0.0935999975 0.48179999 0
vt 0.0854000002 0.478700012 0
vt 0.0738999993 0.457199991 0
vt 0.060800001 0.434899986 0
vt 0.0582000017 0.415800005 0
vt 0.0612000003 0.400099993 0
vt 0.111599997 0.473800004 0
vt 0.0952000022 0.488400012 0
vt 0.0870999992 0.489899993 0
vt 0.0763000026 0.487100005 0
vt 0.074000001 0.472299993 0
vt 0.0627000034 0.478899986 0
vt 0.0551999994 0.465999991 0
vt 0.0456999987 0.435099989 0
vt 0.0454000011 0.417400002 0
vt 0.0549999997 0.3926 0
vt 0.0741000026 0.487500012 0
vt 0.0719999969 0.487199992 0
vt 0.0612000003 0.490099996 0
vt 0.0546000004 0.48210001 0
vt 0.0386999995 0.452100009 0
vt 0.0309999995 0.443300009 0
vt 0.0384999998 0.425799996 0
vt 0.0315000005 0.412600011 0
vt 0.0546000004 0.380600005 0
vt 0.0531000011 0.488700002 0
vt 0.0364000015 0.474299997 0
vt 0.0251000002 0.457599998 0
vt 0.0219999999 0.442299992 0
vt 0.0271000005 0.431300014 0
vt 0.0201999992 0.421200007 0
vt 0.0292000007 0.400999993 0
vt 0.0179999992 0.430999994 0
vt 0.260800004 0.591899991 0
vt 0.260699987 0.558499992 0
vt 0.271499991 0.583599985 0
vt 0.250099987 0.583700001 0
vt 0.241899997 0.553300023 0
vt 0.231099993 0.512399971 0
vt 0.260500014 0.514699996 0
vt 0.289900005 0.512199998 0
vt 0.279399991 0.553200006 0
vt 0.301999986 0.573000014 0
vt 0.219500005 0.573300004 0
vt 0.181400001 0.496399999 0
vt 0.206 0.504800022 0
vt 0.193900004 0.463 0
vt 0.213599995 0.486400008 0
vt 0.243200004 0.509299994 0
vt 0.173299998 0.522700012 0
vt 0.148900002 0.485700011 0
vt 0.165900007 0.464100003 0
vt 0.184300005 0.443199992 0
vt 0.200000003 0.450300008 0
vt 0.220200002 0.464700013 0
vt 0.237000003 0.486999989 0
vt 0.260500014 0.494599998 0
vt 0.145199999 0.465000004 0
vt 0.150299996 0.4454 0
vt 0.158999994 0.434799999 0
vt 0.172399998 0.416500002 0
vt 0.206 0.411000013 0
vt 0.206900001 0.424100012 0
vt 0.138999999 0.440800011 0
vt 0.153099999 0.412099987 0
vt 0.180399999 0.375800014 0
vt 0.190599993 0.379299998 0
vt 0.206799999 0.386000007 0
vt 0.231000006 0.39320001 0
vt 0.227899998 0.406199992 0
vt 0.221100003 0.430500001 0
vt 0.2236 0.346799999 0
vt 0.230499998 0.355699986 0
vt 0.260199994 0.39230001 0
vt 0.260199994 0.413100004 0
vt 0.240199998 0.42050001 0
vt 0.212799996 0.342000008 0
vt 0.230800003 0.331400007 0
vt 0.232800007 0.338800013 0
vt 0.235799998 0.347900003 0
vt 0.260100007 0.3653 0
vt 0.289600015 0.355500013 0
vt 0.289299995 0.393000007 0
vt 0.292499989 0.405999988 0
vt 0.255800009 0.334399998 0
vt 0.25999999 0.335999995 0
vt 0.264099985 0.334399998 0
vt 0.284299999 0.3477 0
vt 0.296400011 0.346599996 0
vt 0.3134 0.385699987 0
vt 0.314500004 0.410699993 0
vt 0.287099987 0.33860001 0
vt 0.289099991 0.331200004 0
vt 0.307200015 0.341699988 0
vt 0.3398 0.37529999 0
vt 0.329600006 0.378899992 0
vt 0.348100007 0.416000009 0
vt 0.367300004 0.41139999 0
vt 0.361600012 0.434199989 0
vt 0.336299986 0.442699999 0
vt 0.313600004 0.423700005 0
vt 0.299400002 0.430299997 0
vt 0.280299991 0.420399994 0
vt 0.381599993 0.439999998 0
vt 0.370400012 0.444700003 0
vt 0.354900002 0.46360001 0
vt 0.326900005 0.462599993 0
vt 0.32069999 0.449999988 0
vt 0.304199994 0.446700007 0
vt 0.282999992 0.436800003 0
vt 0.37560001 0.464300007 0
vt 0.372099996 0.485000014 0
vt 0.339599997 0.495900005 0
vt 0.315100014 0.504499972 0
vt 0.307399988 0.486099988 0
vt 0.300599992 0.464399993 0
vt 0.281599998 0.467299998 0
vt 0.347900003 0.522199988 0
vt 0.26030001 0.446200013 0
vt 0.239099994 0.467500001 0
vt 0.237599999 0.43689999 0
vt 0.283899993 0.486799985 0
vt 0.277799994 0.509199977 0
vt 0.216399997 0.446999997 0
vt 0.444900006 0.799300015 0
vt 0.431899995 0.786199987 0
vt 0.444000006 0.782199979 0
vt 0.431800008 0.801599979 0
vt 0.41870001 0.799099982 0
vt 0.4199 0.782000005 0
vt 0.407099992 0.775900006 0
vt 0.402999997 0.767700016 0
vt 0.456900001 0.776300013 0
vt 0.462199986 0.791700006 0
vt 0.448300004 0.814300001 0
vt 0.431600004 0.815599978 0
vt 0.414999992 0.81400001 0
vt 0.401499987 0.791199982 0
vt 0.461100012 0.76819998 0
vt 0.465799987 0.777400017 0
vt 0.47209999 0.797500014 0
vt 0.46540001 0.808300018 0
vt 0.458000004 0.823300004 0
vt 0.442999989 0.824500024 0
vt 0.469599992 0.768000007 0
vt 0.475699991 0.782299995 0
vt 0.440400004 0.832000017 0
vt 0.431499988 0.829200029 0
vt 0.420100003 0.824299991 0
vt 0.405099988 0.822799981 0
vt 0.398000002 0.807699978 0
vt 0.422600001 0.831900001 0
vt 0.389600009 0.811500013 0
vt 0.391499996 0.796800017 0
vt 0.398099989 0.776899993 0
vt 0.394400001 0.767400026 0
vt 0.388200015 0.781599998 0
vt 0.473800004 0.812300026 0
vt 0.433999985 0.852199972 0
vt 0.416500002 0.865800023 0
vt 0.412900001 0.8477 0
vt 0.434199989 0.867799997 0
vt 0.434799999 0.910399973 0
vt 0.401300013 0.901799977 0
vt 0.371600002 0.866999984 0
vt 0.370099992 0.850600004 0
vt 0.369500011 0.840399981 0
vt 0.451799989 0.8653 0
vt 0.468100011 0.90079999 0
vt 0.435099989 0.930599988 0
vt 0.379299998 0.910399973 0
vt 0.370999992 0.885200024 0
vt 0.454899997 0.847100019 0
vt 0.498100013 0.838500023 0
vt 0.497799993 0.848800004 0
vt 0.496800005 0.865199983 0
vt 0.497900009 0.883300006 0
vt 0.490399987 0.908800006 0
vt 0.514400005 0.851000011 0
vt 0.510500014 0.870700002 0
vt 0.50849998 0.904500008 0
vt 0.506900012 0.926199973 0
vt 0.494500011 0.93690002 0
vt 0.454400003 0.947600007 0
vt 0.534399986 0.879899979 0
vt 0.519400001 0.899800003 0
vt 0.526799977 0.937099993 0
vt 0.504000008 0.948899984 0
vt 0.4745 0.962499976 0
vt 0.451000005 0.969500005 0
vt 0.435699999 0.968200028 0
vt 0.546400011 0.912400007 0
vt 0.498400003 0.972299993 0
vt 0.455199987 0.984499991 0
vt 0.43599999 0.9921 0
vt 0.416599989 0.985000014 0
vt 0.420399994 0.969900012 0
vt 0.416399986 0.948199987 0
vt 0.396699995 0.96359998 0
vt 0.375999987 0.938600004 0
vt 0.363200009 0.928300023 0
vt 0.361000001 0.906599998 0
vt 0.35800001 0.872900009 0
vt 0.373100013 0.974099994 0
vt 0.36680001 0.950900018 0
vt 0.343699992 0.939800024 0
vt 0.349999994 0.9023 0
vt 0.334399998 0.882799983 0
vt 0.353599995 0.853299975 0
vt 0.323300004 0.915600002 0

# 1254 vertex normals
vn -0.392112494 -0.919729114 0.0186005495
vn -0.39257732 -0.919546723 0.0177989267
vn -0.397003472 -0.917607784 0.0196001269
vn -0.371780038 -0.928150177 0.0177990012
vn -0.354106158 -0.935116291 0.012900183
vn -0.320291698 -0.947175264 -0.0164996106
vn -0.304190665 -0.951470733 -0.0465985984
vn -0.285485923 -0.955552876 -0.0735964105
vn -0.275112182 -0.95634222 -0.0986044034
vn -0.269206285 -0.956022203 -0.11640276
vn -0.264701277 -0.94510442 -0.191600934
vn -0.269695073 -0.93428278 -0.233195737
vn -0.262703329 -0.903811455 -0.337804317
vn -0.266793221 -0.894277096 -0.359290838
vn -0.263006598 -0.876221895 -0.403810143
vn -0.276497006 -0.88789022 -0.367696017
vn -0.342184067 0.384282023 -0.857459843
vn 0.179397315 0.727089107 -0.662689924
vn -0.426682413 0.356985241 -0.830965459
vn -0.0875017121 0.807015657 -0.584011257
vn 0.168705896 0.973433912 0.154805422
vn 0.617195785 0.784394503 -0.061599534
vn 0.835663497 0.333785385 -0.436180919
vn 0.762186348 0.23139587 -0.604589105
vn 0.0574992225 0.427494228 -0.902187645
vn 0.129697576 0.853383899 -0.504890382
vn 0.00120001822 0.965714395 0.259603918
vn 0.184002548 0.836711466 0.515807092
vn 0.410417885 0.844436646 0.344214946
vn 0.746097982 0.665598094 0.0177999791
vn 0.36289978 0.392999738 -0.844899356
vn -0.196006224 0.636420071 -0.746023536
vn -0.517501533 0.852502406 -0.0737001747
vn -0.196408793 0.959042788 0.204109147
vn -0.184002548 0.836711466 0.515807092
vn 0 0.820109487 0.572206616
vn 0.426682413 0.356985241 -0.830965459
vn -0.410417885 0.844436646 0.344214946
vn -0.744901419 0.666901112 0.0191000607
vn -0.84081459 0.327905625 -0.430707395
vn -0.775240302 0.225011662 -0.590230584
vn 0.415079236 -0.908754408 0.0432977863
vn 0.414206445 -0.909113884 0.0441006422
vn 0.420800656 -0.90600127 0.0457000211
vn 0.393299878 -0.918399513 0.0430999361
vn 0.376006812 -0.925816715 0.0385006517
vn 0.342788577 -0.939368486 0.00909965392
vn 0.32699728 -0.944791913 -0.0209998637
vn 0.308592677 -0.949977279 -0.048098892
vn 0.298408538 -0.951626956 -0.0732021183
vn 0.292784184 -0.951848447 -0.0908951163
vn 0.288690835 -0.942869842 -0.166294724
vn 0.293695003 -0.932883918 -0.208496451
vn 0.286891729 -0.904973567 -0.314190924
vn 0.290883899 -0.895750344 -0.336181402
vn 0.286901385 -0.878804028 -0.38130179
vn 0.30040881 -0.889225841 -0.345010102
vn -0.86068207 -0.508989275 0.0124997152
vn -0.868290365 -0.448094934 -0.212797612
vn -0.857212961 -0.514607608 0.01910026
vn -0.865429282 -0.448515117 -0.22330755
vn -0.776575804 -0.289090902 -0.559782565
vn -0.783221543 -0.298108131 -0.545614898
vn -0.580499709 -0.106999882 -0.807199478
vn -0.419215411 0.0167006515 -0.907733202
vn -0.0549989417 0.222495705 -0.973381102
vn 0.157797888 0.322895646 -0.933187187
vn 0.349516213 0.398118436 -0.848139226
vn 0.347991705 0.39509055 -0.850179553
vn 0.838722646 0.508713722 -0.194305211
vn 0.878575027 0.449687123 0.160895407
vn 0.838904679 0.507102787 -0.197701052
vn 0.884796739 0.429598302 0.180499315
vn 0.654300988 0.202200219 0.728700995
vn 0.650106847 0.228702366 0.724607646
vn 0.363819182 -0.00620036665 0.931448936
vn 0.3734065 -0.0098002106 0.927616119
vn 0.0701978132 -0.189494103 0.979369342
vn 0.071901463 -0.186503798 0.979819655
vn -0.142097011 -0.300993651 0.942979932
vn -0.143499672 -0.300899297 0.942797601
vn -0.93915236 -0.218088895 -0.265386492
vn -0.972922981 -0.229605392 -0.0265006293
vn -0.939022303 -0.217405125 -0.266406298
vn -0.973346591 -0.228110924 -0.0237011425
vn -0.92259717 -0.217799321 0.318398952
vn -0.918547094 -0.225311548 0.324816614
vn -0.71827656 -0.178094208 0.672577977
vn -0.714782774 -0.153096318 0.682383418
vn -0.15160653 -0.0596025996 0.986642301
vn -0.170391396 -0.0808959454 0.98205024
vn 0.201503217 0.0231003221 0.979215503
vn 0.204600617 0.0218000188 0.978602767
vn 0.92651701 -0.178703234 -0.331106007
vn 0.824958861 -0.141710073 -0.547138989
vn 0.824682355 -0.141196936 -0.547688186
vn 0.927728117 -0.177205339 -0.328509957
vn 0.977960348 -0.208391532 0.0128994668
vn 0.97600466 -0.216901004 0.0192000791
vn 0.884064555 -0.218991205 0.412883371
vn 0.883262217 -0.195491612 0.426181674
vn 0.431083411 -0.164093688 0.887265682
vn 0.448102474 -0.183701009 0.874904633
vn 0.0900981799 -0.0981980488 0.991079926
vn 0.0866036117 -0.0997041762 0.991241038
vn -0.290883899 -0.895750344 -0.336181402
vn -0.286901385 -0.878804028 -0.38130179
vn -0.30040881 -0.889225841 -0.345010102
vn -0.286891729 -0.904973567 -0.314190924
vn -0.293695003 -0.932883918 -0.208496451
vn -0.288690835 -0.942869842 -0.166294724
vn -0.292784184 -0.951848447 -0.0908951163
vn -0.298408538 -0.951626956 -0.0732021183
vn -0.308592677 -0.949977279 -0.048098892
vn -0.32699728 -0.944791913 -0.0209998637
vn -0.342788577 -0.939368486 0.00909965392
vn -0.376006812 -0.925816715 0.0385006517
vn -0.393299878 -0.918399513 0.0430999361
vn -0.414206445 -0.909113884 0.0441006422
vn -0.415079236 -0.908754408 0.0432977863
vn -0.420800656 -0.90600127 0.0457000211
vn -0.643524051 0.0122004217 0.765328586
vn -0.870426416 0.126703784 0.475714326
vn -0.633906424 0.00179998425 0.773407698
vn -0.87560147 0.128600165 0.465600729
vn -0.970708668 0.239902064 0.013100123
vn -0.965169072 0.245292082 -0.0909970552
vn -0.927966833 0.280289918 -0.245591149
vn -0.914910555 0.257202953 -0.311103523
vn -0.855453193 0.26628539 -0.444175601
vn -0.814737916 0.243711308 -0.526124299
vn -0.6972965 0.267998636 -0.664796472
vn -0.715067208 0.25478828 -0.650969982
vn -0.530704558 0.261502206 -0.806206703
vn -0.50617075 0.270384371 -0.81895262
vn -0.350183845 0.246888638 -0.903558135
vn -0.271386385 0.249187484 -0.929653168
vn -0.0185010061 0.227712378 -0.973552704
vn -0.0352012403 0.217907697 -0.975334287
vn 0.149502963 0.211304188 -0.965918958
vn 0.181106657 0.232708573 -0.955534935
vn 0.16230613 -0.256809682 0.952735841
vn 0.334509283 -0.287007958 0.897624671
vn 0.15119952 -0.242499232 0.958296776
vn 0.34420386 -0.286203206 0.894209862
vn 0.590188742 -0.321493864 0.740485668
vn 0.57853514 -0.312918991 0.753245592
vn 0.805303395 -0.309601307 0.505602062
vn 0.803805768 -0.334702343 0.491803378
vn 0.839179575 -0.317592263 0.44148916
vn 0.844884872 -0.294794679 0.446391851
vn 0.812642932 -0.317116708 0.488925725
vn 0.970350862 -0.221511573 0.0967050418
vn 0.982607126 -0.180601269 0.0432002954
vn 0.888358057 -0.0327984244 -0.457978278
vn 0.760217428 0.0333007872 -0.648814738
vn 0.598529696 0.0959047675 -0.795339286
vn 0.564280272 0.0861970037 -0.821071148
vn -0.136301681 -0.5448066 -0.827410161
vn -0.925263941 -0.208491802 -0.316887587
vn -0.755561411 -0.197589844 -0.624567986
vn -0.503697991 -0.859396338 -0.0878996626
vn -0.909971833 -0.252292126 0.329089731
vn -0.900646389 0.0739037693 0.428222001
vn -0.639215946 -0.0179004781 0.768819034
vn -0.635131419 0.0974047706 0.766237795
vn -0.339004695 0.0624008179 0.938712895
vn 0.20370023 -0.849200726 -0.487200469
vn -0.0580025688 -0.989643633 0.131305754
vn -0.53358984 -0.661087215 0.527489841
vn -0.279693305 -0.388490617 0.877978742
vn 0.00169998419 -0.00400000578 0.999990523
vn 0.345008463 -0.330407977 -0.878521323
vn -0.00389998499 -0.73329699 -0.679897308
vn 0.0667974725 -0.991562247 0.111095741
vn 0.00600007689 -0.70000881 0.714108944
vn 0.440209389 -0.239305034 -0.865418315
vn 0.275707453 -0.408711046 0.870023429
vn 0.336207628 0.0543011837 0.94022119
vn 0.641181767 -0.0279992353 0.766878009
vn 0.635131419 0.0974047706 0.766237795
vn 0.906969666 0.0410986021 0.419185936
vn 0.903656006 -0.284817636 0.319819778
vn 0.918505311 -0.224201217 -0.325701833
vn 0.522590637 -0.674187839 0.521890521
vn 0.494009644 -0.864816725 -0.0897017717
vn 0.128895447 -0.549380481 -0.825570762
vn 0.740630746 -0.202008337 -0.640826523
vn -0.204402596 -0.847010612 -0.490706176
vn -0.345008463 -0.330407977 -0.878521323
vn -0.440209389 -0.239305034 -0.865418315
vn 0 -0.37009716 -0.928992987
vn -0.124404743 0.0313012302 -0.991737664
vn 0.0194998998 -0.00549992686 -0.999794662
vn 0.02639913 -0.0129995262 -0.999566972
vn -0.276511908 0.0804034993 -0.957641125
vn -0.497419506 0.138805449 -0.856333375
vn -0.59080869 0.177202612 -0.787111402
vn -0.795848191 0.226185292 -0.561663389
vn -0.897029698 0.255108416 -0.360911846
vn -0.966189861 0.251497328 0.0567994118
vn -0.928573489 0.22949338 0.291691631
vn -0.846131206 0.195007131 0.496018231
vn -0.848279655 0.193095312 0.493088067
vn 0.15160653 -0.0596025996 0.986642301
vn -0.201503217 0.0231003221 0.979215503
vn -0.204600617 0.0218000188 0.978602767
vn 0.170391396 -0.0808959454 0.98205024
vn 0.71827656 -0.178094208 0.672577977
vn 0.714782774 -0.153096318 0.682383418
vn 0.92259717 -0.217799321 0.318398952
vn 0.918547094 -0.225311548 0.324816614
vn 0.972922981 -0.229605392 -0.0265006293
vn 0.973346591 -0.228110924 -0.0237011425
vn 0.93915236 -0.218088895 -0.265386492
vn 0.939022303 -0.217405125 -0.266406298
vn 0.270102203 0.109300919 -0.95660764
vn 0.47802788 0.158909291 -0.863850236
vn 0.262706101 0.101502389 -0.959522188
vn 0.487477005 0.157792583 -0.858759344
vn 0.764234602 0.22551021 -0.604227245
vn 0.753980994 0.221894398 -0.618284345
vn 0.927083969 0.24979566 -0.27949512
vn 0.966320932 0.251105428 -0.0563012026
vn 0.911916494 0.19680351 0.360106468
vn 0.807765722 0.15009357 0.57007575
vn 0.66940403 0.0965005383 0.736604333
vn 0.672291994 0.0947988257 0.734191179
vn -0.0900981799 -0.0981980488 0.991079926
vn -0.431083411 -0.164093688 0.887265682
vn -0.0866036117 -0.0997041762 0.991241038
vn -0.448102474 -0.183701009 0.874904633
vn -0.884064555 -0.218991205 0.412883371
vn -0.883262217 -0.195491612 0.426181674
vn -0.977960348 -0.208391532 0.0128994668
vn -0.97600466 -0.216901004 0.0192000791
vn -0.92651701 -0.178703234 -0.331106007
vn -0.927728117 -0.177205339 -0.328509957
vn -0.824958861 -0.141710073 -0.547138989
vn -0.824682355 -0.141196936 -0.547688186
vn 0.263006598 -0.876221895 -0.403810143
vn 0.266793221 -0.894277096 -0.359290838
vn 0.276497006 -0.88789022 -0.367696017
vn 0.262703329 -0.903811455 -0.337804317
vn 0.269695073 -0.93428278 -0.233195737
vn 0.264701277 -0.94510442 -0.191600934
vn 0.269206285 -0.956022203 -0.11640276
vn 0.275112182 -0.95634222 -0.0986044034
vn 0.285485923 -0.955552876 -0.0735964105
vn 0.304190665 -0.951470733 -0.0465985984
vn 0.320291698 -0.947175264 -0.0164996106
vn 0.354106158 -0.935116291 0.012900183
vn 0.371780038 -0.928150177 0.0177990012
vn 0.392112494 -0.919729114 0.0186005495
vn 0.39257732 -0.919546723 0.0177989267
vn 0.397003472 -0.917607784 0.0196001269
vn 0.876620471 0.0950021744 0.471710891
vn 0.648516417 -0.0207005572 0.760919154
vn 0.639780223 -0.029899098 0.767976046
vn 0.88151592 0.0964016989 0.462208211
vn 0.976225853 0.216505691 0.0104002832
vn 0.969988465 0.224497303 -0.0933988616
vn 0.932386518 0.264096171 -0.246796414
vn 0.918267548 0.242791414 -0.312788874
vn 0.858013809 0.256304115 -0.445107102
vn 0.81621635 0.2363047 -0.527210355
vn 0.698097765 0.266899139 -0.664397776
vn 0.715988338 0.252395898 -0.650889337
vn 0.530115068 0.268407673 -0.804322898
vn 0.505402505 0.278501391 -0.816703916
vn 0.348793387 0.260795087 -0.900182784
vn 0.269901186 0.265001148 -0.925703883
vn 0.0162992682 0.250588745 -0.967956364
vn 0.0331002437 0.239601731 -0.970306873
vn -0.15199244 0.238188192 -0.959252179
vn -0.184095904 0.260794222 -0.947678804
vn 0.869017303 -0.476709425 -0.13250263
vn 0.86068207 -0.508989275 0.0124997152
vn 0.857212961 -0.514607608 0.01910026
vn 0.860904038 -0.420701921 -0.286101311
vn 0.797827363 -0.324011028 -0.508417368
vn 0.755301237 -0.257900357 -0.602500916
vn 0.580499709 -0.106999882 -0.807199478
vn 0.419215411 0.0167006515 -0.907733202
vn 0.0549989417 0.222495705 -0.973381102
vn -0.157797888 0.322895646 -0.933187187
vn -0.349516213 0.398118436 -0.848139226
vn -0.347991705 0.39509055 -0.850179553
vn -0.878575027 0.449687123 0.160895407
vn -0.838722646 0.508713722 -0.194305211
vn -0.838904679 0.507102787 -0.197701052
vn -0.884796739 0.429598302 0.180499315
vn -0.654300988 0.202200219 0.728700995
vn -0.650106847 0.228702366 0.724607646
vn -0.363819182 -0.00620036665 0.931448936
vn -0.3734065 -0.0098002106 0.927616119
vn -0.0701978132 -0.189494103 0.979369342
vn -0.071901463 -0.186503798 0.979819655
vn 0.142097011 -0.300993651 0.942979932
vn 0.143499672 -0.300899297 0.942797601
vn -0.335391253 -0.273592919 0.901476324
vn -0.164197743 -0.238796741 0.957086742
vn -0.154001758 -0.225002572 0.962110877
vn -0.344495416 -0.273096323 0.898187757
vn -0.588984251 -0.316991508 0.74338001
vn -0.577817261 -0.30700919 0.756222546
vn -0.802307129 -0.316002786 0.50640434
vn -0.800112903 -0.341705471 0.493007839
vn -0.835327446 -0.326610655 0.4422144
vn -0.841610253 -0.303703636 0.446605295
vn -0.809323072 -0.3243092 0.489713848
vn -0.96565938 -0.242289796 0.0937960371
vn -0.978448987 -0.202810109 0.0388019271
vn -0.883419633 -0.0653014109 -0.464010149
vn -0.755289376 -0.00109995564 -0.65539062
vn -0.593885601 0.0616985224 -0.80218029
vn -0.558303773 0.0520003773 -0.828005433
vn 0.846131206 0.195007131 0.496018231
vn 0.928573489 0.22949338 0.291691631
vn 0.848279655 0.193095312 0.493088067
vn 0.966189861 0.251497328 0.0567994118
vn 0.897029698 0.255108416 -0.360911846
vn 0.795848191 0.226185292 -0.561663389
vn 0.548393726 0.159898162 -0.82079047
vn 0.534495533 0.1546987 -0.830892861
vn 0.203703985 0.0579011627 -0.977318883
vn 0.214205354 0.0570014566 -0.97512418
vn -0.0194998998 -0.00549992686 -0.999794662
vn -0.02639913 -0.0129995262 -0.999566972
vn -0.807765722 0.15009357 0.57007575
vn -0.66940403 0.0965005383 0.736604333
vn -0.672291994 0.0947988257 0.734191179
vn -0.911916494 0.19680351 0.360106468
vn -0.966320932 0.251105428 -0.0563012026
vn -0.927083969 0.24979566 -0.27949512
vn -0.795317054 0.236605048 -0.558111846
vn -0.725522399 0.211106524 -0.655020118
vn -0.542675197 0.175691962 -0.821362257
vn -0.406190127 0.138196677 -0.903278053
vn -0.270102203 0.109300919 -0.95660764
vn -0.262706101 0.101502389 -0.959522188
vn -0.334509283 -0.287007958 0.897624671
vn -0.16230613 -0.256809682 0.952735841
vn -0.15119952 -0.242499232 0.958296776
vn -0.34420386 -0.286203206 0.894209862
vn -0.590188742 -0.321493864 0.740485668
vn -0.57853514 -0.312918991 0.753245592
vn -0.805303395 -0.309601307 0.505602062
vn -0.803805768 -0.334702343 0.491803378
vn -0.839179575 -0.317592263 0.44148916
vn -0.844884872 -0.294794679 0.446391851
vn -0.812642932 -0.317116708 0.488925725
vn -0.970350862 -0.221511573 0.0967050418
vn -0.982607126 -0.180601269 0.0432002954
vn -0.888358057 -0.0327984244 -0.457978278
vn -0.760217428 0.0333007872 -0.648814738
vn -0.598529696 0.0959047675 -0.795339286
vn -0.564280272 0.0861970037 -0.821071148
vn -0.648516417 -0.0207005572 0.760919154
vn -0.876620471 0.0950021744 0.471710891
vn -0.639780223 -0.029899098 0.767976046
vn -0.88151592 0.0964016989 0.462208211
vn -0.976225853 0.216505691 0.0104002832
vn -0.969988465 0.224497303 -0.0933988616
vn -0.932386518 0.264096171 -0.246796414
vn -0.918267548 0.242791414 -0.312788874
vn -0.858013809 0.256304115 -0.445107102
vn -0.81621635 0.2363047 -0.527210355
vn -0.698097765 0.266899139 -0.664397776
vn -0.715988338 0.252395898 -0.650889337
vn -0.530115068 0.268407673 -0.804322898
vn -0.505402505 0.278501391 -0.816703916
vn -0.348793387 0.260795087 -0.900182784
vn -0.269901186 0.265001148 -0.925703883
vn -0.0162992682 0.250588745 -0.967956364
vn -0.0331002437 0.239601731 -0.970306873
vn 0.15199244 0.238188192 -0.959252179
vn 0.184095904 0.260794222 -0.947678804
vn 0.870426416 0.126703784 0.475714326
vn 0.643524051 0.0122004217 0.765328586
vn 0.633906424 0.00179998425 0.773407698
vn 0.87560147 0.128600165 0.465600729
vn 0.970708668 0.239902064 0.013100123
vn 0.965169072 0.245292082 -0.0909970552
vn 0.927966833 0.280289918 -0.245591149
vn 0.914910555 0.257202953 -0.311103523
vn 0.855453193 0.26628539 -0.444175601
vn 0.814737916 0.243711308 -0.526124299
vn 0.6972965 0.267998636 -0.664796472
vn 0.715067208 0.25478828 -0.650969982
vn 0.530704558 0.261502206 -0.806206703
vn 0.50617075 0.270384371 -0.81895262
vn 0.350183845 0.246888638 -0.903558135
vn 0.271386385 0.249187484 -0.929653168
vn 0.0185010061 0.227712378 -0.973552704
vn 0.0352012403 0.217907697 -0.975334287
vn -0.149502963 0.211304188 -0.965918958
vn -0.181106657 0.232708573 -0.955534935
vn 0.164197743 -0.238796741 0.957086742
vn 0.335391253 -0.273592919 0.901476324
vn 0.154001758 -0.225002572 0.962110877
vn 0.344495416 -0.273096323 0.898187757
vn 0.588984251 -0.316991508 0.74338001
vn 0.577817261 -0.30700919 0.756222546
vn 0.802307129 -0.316002786 0.50640434
vn 0.800112903 -0.341705471 0.493007839
vn 0.835327446 -0.326610655 0.4422144
vn 0.841610253 -0.303703636 0.446605295
vn 0.809323072 -0.3243092 0.489713848
vn 0.96565938 -0.242289796 0.0937960371
vn 0.978448987 -0.202810109 0.0388019271
vn 0.883419633 -0.0653014109 -0.464010149
vn 0.755289376 -0.00109995564 -0.65539062
vn 0.593885601 0.0616985224 -0.80218029
vn 0.558303773 0.0520003773 -0.828005433
vn 0.412798494 0.889196515 0.197299242
vn 0.397985518 0.896167278 0.196192876
vn 0.404886037 0.894068956 0.191593379
vn 0.379284024 0.907861531 0.178692475
vn 0.300014675 0.940145791 0.161607906
vn 0.285691261 0.943871081 0.165794969
vn 0.226794481 0.957576573 0.177795693
vn 0.246588305 0.959854245 0.13369368
vn 0.281798929 0.952996194 0.111299589
vn 0.27619046 0.957666934 0.0811972395
vn 0.2348039 0.965215802 0.115001932
vn 0.291505694 0.954518497 0.0626012534
vn 0.34099406 0.93958348 0.030099513
vn 0.36739403 0.929284751 0.0380994156
vn 0.385510117 0.922123909 0.0327008888
vn 0.381689966 0.92327565 0.0432988964
vn 0.381097049 0.923192799 0.0497996509
vn 0.4041107 0.899223745 -0.167604387
vn 0.39498651 0.905569017 -0.154694647
vn 0.430690706 0.878180921 -0.208095431
vn 0.315087199 0.948661327 -0.0275988281
vn 0.312603712 0.949511111 -0.0266002696
vn 0.23120968 0.967740357 0.100104228
vn 0.189093694 0.971667469 0.141795307
vn 0.155100822 0.973405063 0.168600902
vn 0.135300249 0.97510159 0.175700337
vn 0.153697163 0.976481795 0.151197225
vn -0.124994151 -0.960354924 -0.249188349
vn -0.12420243 -0.960918665 -0.247404844
vn -0.118598498 -0.959187746 -0.256696761
vn -0.203098476 -0.968392611 -0.144798934
vn -0.20160915 -0.969043732 -0.142506495
vn -0.308090627 -0.951270878 0.0127995666
vn -0.3235071 -0.946020544 0.0197003875
vn -0.334983379 -0.939353228 0.0734963045
vn -0.317412287 -0.946036458 0.0653024837
vn -0.327518016 -0.941451609 0.0800043419
vn -0.326303691 0.930610359 -0.165801823
vn -0.321185797 0.935158432 -0.149393305
vn -0.340202779 0.915607393 -0.214301676
vn -0.290301293 0.956204116 -0.037400119
vn -0.269799411 0.962097824 0.039699953
vn -0.237500146 0.960000396 0.148300126
vn -0.209499806 0.957198918 0.199699834
vn -0.184798419 0.954291582 0.234897986
vn -0.16800189 0.95421052 0.247502759
vn -0.178310022 0.959153712 0.21961236
vn 0.176396623 -0.929782033 -0.323093832
vn 0.176598385 -0.931191444 -0.318897098
vn 0.174104154 -0.928421974 -0.32820785
vn 0.208092049 -0.949163556 -0.23619099
vn 0.23689653 -0.958485842 -0.158697695
vn 0.278589875 -0.960264981 -0.0166994315
vn 0.291487992 -0.956560373 -0.00519982679
vn 0.287095726 -0.956585586 0.0501992106
vn 0.272607207 -0.961425185 0.036700923
vn 0.278195083 -0.958982944 0.0543989874
vn -0.611900032 -0.720399916 -0.326499999
vn -0.607614458 -0.720817029 -0.333507895
vn -0.610579073 -0.724475086 -0.319889039
vn -0.610498369 -0.730098009 -0.306999236
vn -0.57350558 -0.770407379 -0.278502733
vn -0.587186635 -0.760982573 -0.275893748
vn -0.530327499 -0.807641685 -0.257813364
vn -0.488688171 -0.834179699 -0.255593807
vn -0.42540127 -0.873502433 -0.236700699
vn -0.404795855 -0.885190845 -0.229297668
vn -0.342392951 -0.917980731 -0.200195864
vn -0.317501694 -0.928904712 -0.190601006
vn -0.289193988 -0.941380084 -0.173696384
vn -0.293288022 -0.939061403 -0.179292679
vn -0.156904101 0.405510545 -0.900523365
vn -0.529078722 0.501979768 -0.684172392
vn -0.547981441 0.540781617 -0.638178289
vn 0.354587644 0.0989965722 -0.92976737
vn 0.595585644 -0.0988975614 -0.797180593
vn 0.607588947 -0.110797934 -0.786485553
vn 0.45001781 -0.026200993 -0.892635107
vn 0.369988084 0.0260991957 -0.92866987
vn 0.412109852 0.0334008336 -0.910521686
vn 0.504219651 -0.0243009068 -0.863233447
vn 0.647280157 -0.136795759 -0.749876857
vn 0.713284492 -0.178796068 -0.677685201
vn 0.799741805 -0.303415805 -0.518027008
vn 0.817280233 -0.336491793 -0.467788607
vn 0.832000315 -0.44990012 -0.32460013
vn 0.340910584 0.919028401 0.197906151
vn 0.334704906 0.921713293 0.196002886
vn 0.358006358 0.909215927 0.212503776
vn 0.359913617 0.908834338 0.210908011
vn 0.411204129 0.880408764 0.236202389
vn 0.397691458 0.885980666 0.238494858
vn 0.463708878 0.853616238 0.237304538
vn 0.484983623 0.837671578 0.251191497
vn 0.509105921 0.828509331 0.233202666
vn 0.532304049 0.815606117 0.226801738
vn 0.591713667 0.764217436 0.256605893
vn 0.600520313 0.758225441 0.253908545
vn 0.632699728 0.723199487 0.276899844
vn 0.631202936 0.723003149 0.280801266
vn 0.660998642 0.69509846 0.282699406
vn -0.837978184 0.541285813 0.0692982078
vn -0.899487138 0.427493811 0.090398699
vn -0.8778826 0.445991039 0.17439653
vn -0.904001653 0.328100532 0.274100482
vn -0.831953287 0.310582519 0.459774137
vn -0.806065679 0.151993468 0.571975589
vn -0.666194439 0.101099104 0.738893688
vn -0.592187703 -0.0186996423 0.805583
vn -0.459115416 -0.0339011699 0.887729526
vn -0.375893801 -0.143497646 0.915484667
vn -0.249596789 -0.175097778 0.952387631
vn 0.00739995902 -0.344398052 0.938794553
vn 0.0205996353 -0.281695008 0.959282815
vn 0.377088636 -0.458586186 0.804675639
vn 0.589338601 -0.542835474 0.598339021
vn 0.81628722 -0.501992047 0.28579545
vn 0.856069446 -0.500582099 0.128695384
vn 0.913575947 -0.403989315 -0.0465987809
vn -0.397985518 0.896167278 0.196192876
vn -0.412798494 0.889196515 0.197299242
vn -0.404886037 0.894068956 0.191593379
vn -0.379284024 0.907861531 0.178692475
vn -0.300014675 0.940145791 0.161607906
vn -0.285691261 0.943871081 0.165794969
vn -0.226794481 0.957576573 0.177795693
vn -0.246588305 0.959854245 0.13369368
vn -0.281798929 0.952996194 0.111299589
vn -0.27619046 0.957666934 0.0811972395
vn -0.2348039 0.965215802 0.115001932
vn -0.291505694 0.954518497 0.0626012534
vn -0.34099406 0.93958348 0.030099513
vn -0.36739403 0.929284751 0.0380994156
vn -0.385510117 0.922123909 0.0327008888
vn -0.381689966 0.92327565 0.0432988964
vn -0.381097049 0.923192799 0.0497996509
vn 0.143801004 4.32570779e-08 -0.989606619
vn 0.165402412 -0.191202715 -0.967513978
vn -0.194096804 0.181297004 -0.96408391
vn -0.0455010124 -0.403108865 -0.91402024
vn -0.490681648 -0.128795117 -0.86176759
vn -0.770203531 0.218500987 -0.599202633
vn -0.884826243 0.2235066 -0.408812016
vn -0.151503891 -0.442211211 -0.884022534
vn -0.378514498 -0.740428269 -0.555421233
vn -0.842177868 -0.231893837 -0.48678714
vn -0.948217452 -0.0181003176 -0.31710577
vn -0.964562476 -0.066297397 -0.255390018
vn -0.961905718 -0.240601376 -0.129800782
vn -0.939455986 0.336620033 0.0641038194
vn -0.657797039 0.750696599 -0.0612996854
vn -0.246787757 -0.768861651 -0.589870691
vn -0.177300796 -0.9561041 -0.233301044
vn -0.469613522 -0.867124856 -0.166004777
vn -0.835026383 -0.407212824 -0.370011657
vn -0.776921928 -0.629517615 -0.0100003071
vn -0.892300725 -0.445100278 0.0754000247
vn -0.0923989266 -0.41939497 -0.903089345
vn 0.0759957284 -0.858251631 -0.507571518
vn 0.17540656 -0.984236598 0.0226007979
vn -0.285397351 -0.952190936 0.108998917
vn -0.0839024559 -0.201305807 -0.975928426
vn 0.345402122 -0.496102989 -0.796604753
vn 0.522473872 -0.754762173 -0.396680146
vn -0.177807227 -0.0403015874 -0.98323971
vn 0.123196952 -0.307692319 -0.943476558
vn 0.630901456 -0.356900722 -0.688901484
vn 0.612929285 -0.654931247 -0.442021132
vn 0.483602524 -0.857204318 -0.17700094
vn 0.255700082 0.226700112 -0.939800262
vn 0.783975065 0.299290448 -0.543882608
vn 0.820410192 -0.338504136 -0.460805655
vn 0.786903977 -0.604302943 -0.124900624
vn 0.53511709 -0.837426662 0.111203499
vn 0.112607442 0.46113047 -0.880158067
vn -0.616705775 0.59750551 0.512504756
vn -0.793752491 0.00969939213 0.608163536
vn -0.728603423 0.0376001373 0.683903039
vn -0.578390181 0.259495467 0.773386657
vn -0.297295541 0.825187385 0.480292708
vn -0.16179423 0.945766032 0.281689912
vn -0.879805386 -0.333501995 0.338701993
vn -0.561798871 -0.484298974 0.670698524
vn -0.68371892 -0.371310264 0.62821722
vn -0.630728841 -0.295513481 0.717532575
vn -0.159500867 -0.305601627 0.938704967
vn -0.655086935 -0.722785532 0.220095575
vn -0.367006302 -0.816213906 0.446207523
vn -0.255100429 -0.787101209 0.561600804
vn -0.266197443 -0.673293531 0.689793289
vn -0.356803566 -0.485504866 0.798107862
vn -0.57869941 -0.802798986 0.143599793
vn -0.0377024151 -0.861455083 0.506432354
vn 0.210207283 -0.758026242 0.617421269
vn 0.155500695 -0.785503387 0.599002481
vn 0.143996269 -0.514886677 0.845077932
vn 0.328394264 -0.840785146 0.430392385
vn 0.468912423 -0.489612907 0.735119283
vn 0.524096847 -0.517896771 0.676095724
vn 0.303813368 -0.36931625 0.878238499
vn 0.310989469 0.236691907 0.920468569
vn -0.0347007141 0.0976019576 0.994620383
vn 0.148705631 0.677825511 0.720027208
vn 0.573181629 -0.695877612 0.432686001
vn 0.739696622 -0.27939868 0.612197101
vn 0.730318964 -0.0494013019 0.681317568
vn 0.693741381 -0.208312392 0.689440966
vn 0.710620522 0.267307699 0.650818765
vn 0.355920285 0.751542687 0.555431604
vn 0.152301118 0.939606667 0.306502223
vn 0.886695981 -0.461697817 0.0245998632
vn 0.915749013 0.108505763 0.386820585
vn 0.807326436 0.450614691 0.381012499
vn 0.874860585 -0.475978494 0.0897959098
vn 0.964940965 -0.159806743 -0.208208799
vn 0.959314108 0.262803823 -0.103201501
vn 0.670201004 0.74160099 -0.029300008
vn 0.557601631 0.681401789 0.474101305
vn 0.606806517 0.701307356 0.374103963
vn 0.598840892 0.713048518 0.364624858
vn 0.632327974 0.662529171 0.401517719
vn 0.508897305 0.812595606 0.284098476
vn 0.508668125 0.81364888 0.281482369
vn 0.406615973 0.891234815 0.200907886
vn 0.372003138 0.914407492 0.159601361
vn 0.349004388 0.928611577 0.126001611
vn 0.343297184 0.933192134 0.106299147
vn 0.364999861 0.922699511 0.12409997
vn -0.271502286 -0.957707822 -0.0953008235
vn -0.273285925 -0.957250595 -0.0947951451
vn -0.264397085 -0.960289299 -0.0890990496
vn -0.367490798 -0.913776994 -0.173095658
vn -0.369922996 -0.913056612 -0.17171067
vn -0.497403026 -0.821904838 -0.277601659
vn -0.500915468 -0.814424932 -0.292909026
vn -0.544097126 -0.781895638 -0.304298401
vn -0.539997399 -0.791296005 -0.286798567
vn -0.550401449 -0.780401826 -0.296700746
vn -0.422409385 0.890319586 0.170003787
vn -0.434897482 0.884094775 0.170999035
vn -0.428612381 0.888125539 0.165904805
vn -0.403306752 0.902114928 0.153402582
vn -0.323487908 0.936364949 0.136294931
vn -0.308999151 0.940597236 0.140699625
vn -0.250707179 0.955927193 0.152804375
vn -0.270198464 0.956694305 0.108299397
vn -0.304996729 0.948489666 0.0856991038
vn -0.299282253 0.952543497 0.0555967428
vn -0.258393526 0.961875737 0.0895977914
vn -0.314390868 0.948572278 0.0369989648
vn -0.362993062 0.931781888 0.00429995777
vn -0.389391303 0.920979202 0.0130997449
vn -0.407206208 0.913313806 0.00640013674
vn -0.403781623 0.914658129 0.0189991705
vn -0.403025299 0.914757311 0.0281018037
vn -0.60776335 0.699957609 0.375077337
vn -0.599180818 0.712576926 0.364988267
vn -0.632327974 0.662529171 0.401517719
vn -0.533692718 0.7891891 0.303895831
vn -0.483210355 0.83531785 0.262205601
vn -0.406615973 0.891234815 0.200907886
vn -0.372003138 0.914407492 0.159601361
vn -0.349004388 0.928611577 0.126001611
vn -0.343297184 0.933192134 0.106299147
vn -0.364999861 0.922699511 0.12409997
vn 0.268203169 -0.958911121 -0.0925011188
vn 0.272099048 -0.957696438 -0.0936996937
vn 0.264397085 -0.960289299 -0.0890990496
vn 0.338812798 -0.929234922 -0.147405595
vn 0.397106111 -0.896313667 -0.197303042
vn 0.497403026 -0.821904838 -0.277601659
vn 0.500915468 -0.814424932 -0.292909026
vn 0.544097126 -0.781895638 -0.304298401
vn 0.539997399 -0.791296005 -0.286798567
vn 0.550401449 -0.780401826 -0.296700746
vn 0.607614458 -0.720817029 -0.333507895
vn 0.611900032 -0.720399916 -0.326499999
vn 0.610579073 -0.724475086 -0.319889039
vn 0.610498369 -0.730098009 -0.306999236
vn 0.57350558 -0.770407379 -0.278502733
vn 0.587186635 -0.760982573 -0.275893748
vn 0.530327499 -0.807641685 -0.257813364
vn 0.488688171 -0.834179699 -0.255593807
vn 0.42540127 -0.873502433 -0.236700699
vn 0.404795855 -0.885190845 -0.229297668
vn 0.342392951 -0.917980731 -0.200195864
vn 0.317501694 -0.928904712 -0.190601006
vn 0.289193988 -0.941380084 -0.173696384
vn 0.293288022 -0.939061403 -0.179292679
vn 0.529078722 0.501979768 -0.684172392
vn 0.156904101 0.405510545 -0.900523365
vn 0.547981441 0.540781617 -0.638178289
vn -0.354587644 0.0989965722 -0.92976737
vn -0.595585644 -0.0988975614 -0.797180593
vn -0.607588947 -0.110797934 -0.786485553
vn -0.45001781 -0.026200993 -0.892635107
vn -0.369988084 0.0260991957 -0.92866987
vn -0.412109852 0.0334008336 -0.910521686
vn -0.504219651 -0.0243009068 -0.863233447
vn -0.647280157 -0.136795759 -0.749876857
vn -0.713284492 -0.178796068 -0.677685201
vn -0.799741805 -0.303415805 -0.518027008
vn -0.817280233 -0.336491793 -0.467788607
vn -0.832000315 -0.44990012 -0.32460013
vn -0.334704906 0.921713293 0.196002886
vn -0.340910584 0.919028401 0.197906151
vn -0.358006358 0.909215927 0.212503776
vn -0.359913617 0.908834338 0.210908011
vn -0.411204129 0.880408764 0.236202389
vn -0.397691458 0.885980666 0.238494858
vn -0.463708878 0.853616238 0.237304538
vn -0.484983623 0.837671578 0.251191497
vn -0.509105921 0.828509331 0.233202666
vn -0.532304049 0.815606117 0.226801738
vn -0.591713667 0.764217436 0.256605893
vn -0.600520313 0.758225441 0.253908545
vn -0.632699728 0.723199487 0.276899844
vn -0.631202936 0.723003149 0.280801266
vn -0.660998642 0.69509846 0.282699406
vn 0.899487138 0.427493811 0.090398699
vn 0.837978184 0.541285813 0.0692982078
vn 0.8778826 0.445991039 0.17439653
vn 0.904001653 0.328100532 0.274100482
vn 0.831953287 0.310582519 0.459774137
vn 0.806065679 0.151993468 0.571975589
vn 0.666194439 0.101099104 0.738893688
vn 0.592187703 -0.0186996423 0.805583
vn 0.459115416 -0.0339011699 0.887729526
vn 0.375893801 -0.143497646 0.915484667
vn 0.249596789 -0.175097778 0.952387631
vn -0.00739995902 -0.344398052 0.938794553
vn -0.0205996353 -0.281695008 0.959282815
vn -0.377088636 -0.458586186 0.804675639
vn -0.589338601 -0.542835474 0.598339021
vn -0.81628722 -0.501992047 0.28579545
vn -0.856069446 -0.500582099 0.128695384
vn -0.913575947 -0.403989315 -0.0465987809
vn -0.404810011 0.898722112 -0.168604106
vn -0.395208538 0.90541935 -0.155003279
vn -0.430690706 0.878180921 -0.208095431
vn -0.334812194 0.940334082 -0.0606021546
vn -0.293300509 0.956001401 0.00600005127
vn -0.23120968 0.967740357 0.100104228
vn -0.189093694 0.971667469 0.141795307
vn -0.155100822 0.973405063 0.168600902
vn -0.135300249 0.97510159 0.175700337
vn -0.153697163 0.976481795 0.151197225
vn 0.12179634 -0.959771037 -0.252992392
vn 0.123004638 -0.960735917 -0.248709366
vn 0.118598498 -0.959187746 -0.256696761
vn 0.177192226 -0.968057334 -0.177392215
vn 0.227494955 -0.967478275 -0.110597558
vn 0.308090627 -0.951270878 0.0127995666
vn 0.3235071 -0.946020544 0.0197003875
vn 0.334983379 -0.939353228 0.0734963045
vn 0.317412287 -0.946036458 0.0653024837
vn 0.327518016 -0.941451609 0.0800043419
vn 0.228998795 0.272198468 0.93459487
vn -0.269602746 0.411104053 0.870808721
vn -0.270494431 0.075198397 0.959780216
vn 0.243890911 0.00869963132 0.969763637
vn 0.522199094 -0.672698677 0.524198949
vn 0.760627568 -0.0335012376 0.648323417
vn 0.700201094 0.342000425 0.626700819
vn 0.982451797 0.186509788 0.00160009216
vn -0.0345020257 -0.593834758 0.803846955
vn 0.00559993181 -0.968488097 0.248996884
vn 0.310801178 -0.904703259 -0.291401088
vn 0.804830253 -0.592222214 -0.0390014872
vn 0.896146536 -0.422374725 0.136091828
vn -0.387199283 -0.699798644 0.600298762
vn -0.696982145 -0.688982189 0.198794842
vn -0.227106884 -0.970029354 -0.0864026621
vn -0.149195179 -0.72287643 -0.674678087
vn 0.374499261 -0.333699286 -0.865098357
vn -0.0368991941 -0.0752982944 -0.99647814
vn 0.0120004639 0.354613662 -0.934935927
vn -0.707612216 -0.111101866 -0.697811842
vn -0.866268158 -0.219891891 0.448583454
vn -0.997434437 0.038101308 0.0606020801
vn -0.98517859 -0.151996657 -0.0794982612
vn -0.690110922 -0.668010414 -0.278404385
vn -0.681677222 -0.106396466 0.723875701
vn -0.845325351 0.169605047 0.506615222
vn 0.947563529 0.0476981662 -0.315987796
vn 0.546485662 0.124396764 -0.828178108
vn 0.687627375 -0.522620678 -0.504019976
vn 0.326116234 0.930746138 -0.165408164
vn 0.321105689 0.935216427 -0.149202585
vn 0.340202779 0.915607393 -0.214301676
vn 0.280909985 0.959733963 0.000500059687
vn 0.278904498 0.960315287 0.00260008313
vn 0.237500146 0.960000396 0.148300126
vn 0.209499806 0.957198918 0.199699834
vn 0.184798419 0.954291582 0.234897986
vn 0.16800189 0.95421052 0.247502759
vn 0.178310022 0.959153712 0.21961236
vn -0.178202793 -0.930814564 -0.319104999
vn -0.177305862 -0.931530833 -0.317510515
vn -0.174104154 -0.928421974 -0.32820785
vn -0.223392218 -0.954366565 -0.198193103
vn -0.221499681 -0.955198526 -0.196299732
vn -0.278589875 -0.960264981 -0.0166994315
vn -0.291487992 -0.956560373 -0.00519982679
vn -0.287095726 -0.956585586 0.0501992106
vn -0.272607207 -0.961425185 0.036700923
vn -0.278195083 -0.958982944 0.0543989874
vn 0.434897482 0.884094775 0.170999035
vn 0.422409385 0.890319586 0.170003787
vn 0.428612381 0.888125539 0.165904805
vn 0.403306752 0.902114928 0.153402582
vn 0.323487908 0.936364949 0.136294931
vn 0.308999151 0.940597236 0.140699625
vn 0.250707179 0.955927193 0.152804375
vn 0.270198464 0.956694305 0.108299397
vn 0.304996729 0.948489666 0.0856991038
vn 0.299282253 0.952543497 0.0555967428
vn 0.258393526 0.961875737 0.0895977914
vn 0.314390868 0.948572278 0.0369989648
vn 0.362993062 0.931781888 0.00429995777
vn 0.389391303 0.920979202 0.0130997449
vn 0.407206208 0.913313806 0.00640013674
vn 0.403781623 0.914658129 0.0189991705
vn 0.403025299 0.914757311 0.0281018037
vn -0.396711558 -0.354510248 -0.84672451
vn -0.419909 -0.368207812 -0.829517603
vn -0.507306457 0.0623008199 -0.859510779
vn -0.114293739 -0.855652928 -0.504772305
vn -0.382799089 -0.819697857 -0.426098883
vn -0.446081907 -0.303487599 -0.841965675
vn -0.541422665 0.230509654 -0.808533788
vn -0.438321978 0.138106927 -0.888144314
vn -0.522016943 0.592219114 -0.613819778
vn 0.355711073 -0.356511056 -0.863926828
vn 0.380479902 -0.779458702 -0.49767369
vn 0.0317009985 -0.982730687 -0.182305753
vn -0.474192679 -0.861086547 -0.183497176
vn -0.772897184 -0.564897835 -0.288998932
vn -0.721308589 -0.252602935 -0.644907534
vn -0.101699628 0.186399326 -0.977196217
vn 0.239301622 0.339902282 -0.909506083
vn 0.413996279 -0.0795992315 -0.906791687
vn -0.244300321 0.315900445 -0.916801155
vn 0.0376991592 0.302893221 -0.952278614
vn 0.21840331 0.507007658 -0.833812475
vn 0.603289247 0.205896303 -0.770486116
vn 0.577905595 0.292702824 -0.761807203
vn 0.434690475 -0.318492919 -0.842381418
vn 0.669882894 -0.218194351 -0.70968169
vn 0.63198179 -0.578683197 -0.515485048
vn 0.548422337 -0.796432376 -0.254810423
vn 0.906760097 0.281718582 -0.313720673
vn 0.914067864 0.137095183 -0.381686509
vn 0.938112795 0.310404211 -0.153602079
vn 0.995419502 -0.0107002044 -0.0950018391
vn 0.830410719 -0.551407039 -0.0798010528
vn 0.975137472 -0.0618023723 0.212808132
vn 0.863616407 -0.495609343 -0.0924017653
vn 0.857487559 0.427893668 0.285695821
vn 0.790498197 -0.106699772 0.603098512
vn 0.743156254 -0.601564467 0.292982697
vn 0.534982443 -0.844272077 -0.0315989926
vn 0.596190333 0.639189482 0.485792071
vn 0.451498866 0.296699166 0.841497719
vn 0.554600656 -0.292000353 0.779200852
vn 0.608394027 -0.390896142 0.69069308
vn 0.636397779 -0.626497805 0.449998319
vn 0.244594261 -0.953977406 0.173495859
vn 0.156609222 0.722742438 0.673139572
vn 0.218901157 0.32280165 0.920804739
vn 0.263689905 0.016699316 0.964462936
vn 0.433717161 -0.0860034302 0.896935284
vn 0.357193023 -0.753985107 0.551289082
vn 0.348002642 -0.82460618 0.446003258
vn 0.0336011015 -0.935730577 0.351111412
vn -0.0967987627 -0.975187302 0.19909738
vn -0.0573963262 -0.392074883 0.918141067
vn -0.273605168 0.0710012913 0.959217906
vn -0.459889323 -0.130197003 0.878379524
vn -0.457598299 -0.748597085 0.479798049
vn -0.378606886 -0.741213381 0.554309964
vn -0.277302772 -0.94200927 0.189001828
vn -0.0949986652 -0.0370995142 0.994785845
vn -0.348513812 0.32451272 0.879334807
vn -0.593625426 0.236410037 0.76923275
vn -0.608595908 -0.254098266 0.751694798
vn -0.693302572 -0.247800916 0.676702499
vn -0.60412699 -0.616427481 0.505022466
vn -0.667209804 -0.742010713 -0.065200977
vn -0.973257422 -0.0946958438 -0.209290802
vn -0.667692602 0.612793088 0.42269522
vn -0.838878751 0.051398661 0.541886151
vn -0.787985444 -0.406992406 0.46199134
vn -0.949293256 -0.154698893 0.273698032
vn -0.956550717 -0.211789012 -0.200389653
vn -0.886230886 0.456815898 0.0769026875
vn -0.445496142 0.894192159 -0.044199571
vn -0.794286549 0.535590827 -0.28679505
vn -0.912445128 0.0907044783 -0.399019599
vn 0 0.0595017225 -0.998228192
vn 0 0.297597408 -0.95469147
vn -0.309498966 0.191599369 -0.931396782
vn 0.309498966 0.191599369 -0.931396782
vn 0.364117533 -0.231811076 -0.902043283
vn 0.616585135 0.116097219 -0.778681099
vn 0.608481169 -0.387587905 -0.692478359
vn 0.323410213 -0.088302739 -0.942129612
vn 0.327199459 0.386499316 -0.862298489
vn -0.364117533 -0.231811076 -0.902043283
vn 0 -0.718415141 -0.695614576
vn 0.184598386 -0.864992261 -0.466595888
vn 0.100600109 -0.93550086 -0.338700354
vn 0.292192489 -0.724581301 -0.624183893
vn -0.616585135 0.116097219 -0.778681099
vn -0.608481169 -0.387587905 -0.692478359
vn -0.184598386 -0.864992261 -0.466595888
vn 0 -0.99985379 0.0170991682
vn -0.299905598 -0.95371747 0.0219003614
vn -0.455185771 -0.702577889 -0.546982825
vn -0.323410213 -0.088302739 -0.942129612
vn -0.292192489 -0.724581301 -0.624183893
vn -0.100600109 -0.93550086 -0.338700354
vn 0.299905598 -0.95371747 0.0219003614
vn -0.327199459 0.386499316 -0.862298489
vn 0.510710657 0.105802245 -0.853217781
vn 0.455185771 -0.702577889 -0.546982825
vn 0.825542867 -0.56272912 0.0426021814
vn 0.682802618 -0.529401958 0.503501832
vn 0.310100526 -0.886401534 0.343700498
vn 0.868377507 -0.187995061 -0.458888084
vn 0.98377049 -0.0530983917 -0.171394825
vn 0.889722884 -0.347608864 0.295907497
vn 0.799977481 -0.200094372 0.565683961
vn 0.618822575 -0.192307025 0.761627614
vn 0.371681124 -0.581270456 0.723863125
vn -0.510710657 0.105802245 -0.853217781
vn -0.868377507 -0.187995061 -0.458888084
vn -0.98377049 -0.0530983917 -0.171394825
vn -0.825542867 -0.56272912 0.0426021814
vn -0.889722884 -0.347608864 0.295907497
vn -0.682802618 -0.529401958 0.503501832
vn -0.799977481 -0.200094372 0.565683961
vn -0.618822575 -0.192307025 0.761627614
vn -0.310100526 -0.886401534 0.343700498
vn -0.371681124 -0.581270456 0.723863125
vn -0.405480027 -0.123993911 0.905655265
vn -0.435388625 0.14929603 0.887776732
vn -0.157701239 0.113800831 0.980907559
vn 0 -0.201094285 0.979571879
vn 0 0.299106151 0.954219818
vn -0.127396971 -0.887578785 0.442689359
vn 0 -0.761159122 0.648565114
vn 0.127396971 -0.887578785 0.442689359
vn 0.405480027 -0.123993911 0.905655265
vn 0.157701239 0.113800831 0.980907559
vn 0.435388625 0.14929603 0.887776732
vn 0 0.866669655 -0.498882473
vn -0.0850017965 0.911019027 -0.403508365
vn -0.172800422 0.665301502 -0.726301551
vn 0 0.999996305 0.0027000336
vn 0.151200458 0.9885028 -0.00079995906
vn -0.241707727 0.829426467 -0.503616035
vn -0.417293221 0.600290239 -0.682288766
vn -0.209010914 0.802441716 -0.558929026
vn 0.315307081 0.91582036 -0.248705506
vn 0.408283979 0.824267566 -0.392284542
vn 0.0850017965 0.911019027 -0.403508365
vn -0.151200458 0.9885028 -0.00079995906
vn -0.153297335 0.941383421 0.30049476
vn 0 0.8502267 0.5264166
vn 0.153297335 0.941383421 0.30049476
vn 0.172800422 0.665301502 -0.726301551
vn 0.241707727 0.829426467 -0.503616035
vn -0.315307081 0.91582036 -0.248705506
vn -0.515174568 0.84825778 0.122693934
vn -0.534996152 0.689594746 0.488096386
vn -0.241499066 0.74089694 0.62669754
vn -0.199097693 0.545393527 0.814190328
vn -0.39241308 0.579319179 0.714423716
vn 0.417293221 0.600290239 -0.682288766
vn 0.209010914 0.802441716 -0.558929026
vn -0.408283979 0.824267566 -0.392284542
vn -0.768205523 0.639504611 -0.0299001858
vn -0.798529029 0.554820001 0.233508468
vn -0.802608371 0.321103275 0.502705157
vn -0.636692822 0.396295398 0.661492407
vn -0.935754299 0.181791067 0.302185178
vn 0.768205523 0.639504611 -0.0299001858
vn 0.798529029 0.554820001 0.233508468
vn 0.935754299 0.181791067 0.302185178
vn 0.802608371 0.321103275 0.502705157
vn 0.534996152 0.689594746 0.488096386
vn 0.636692822 0.396295398 0.661492407
vn 0.39241308 0.579319179 0.714423716
vn 0.515174568 0.84825778 0.122693934
vn 0.241499066 0.74089694 0.62669754
vn 0.199097693 0.545393527 0.814190328
vn 0.45789212 0.138297573 0.878184795
vn 0 0.273888946 0.961761296
vn 0.460998237 -0.0892996788 0.882896483
vn 0.331407875 0.485611409 0.808919191
vn 0 0.681562483 0.731759846
vn -0.331407875 0.485611409 0.808919191
vn -0.45789212 0.138297573 0.878184795
vn -0.460998237 -0.0892996788 0.882896483
vn -0.637885392 0.0758982226 0.766382277
vn 0.637885392 0.0758982226 0.766382277
vn 0.656704664 0.300702065 0.691604793
vn 0.587617755 0.559816897 0.584217668
vn 0.296212733 0.74093163 0.602725744
vn 0 0.95141691 0.307905525
vn -0.296212733 0.74093163 0.602725744
vn 0.766901672 0.231900439 0.598401248
vn 0.743555427 0.474371493 0.471271753
vn 0.489988178 0.820979953 0.293092906
vn 0.340096503 0.855891049 0.389595926
vn 0.846190929 0.379095823 0.374495953
vn 0.80631429 0.56990999 0.158302814
vn 0.60780853 0.78121084 0.142401993
vn 0.328008264 0.941323519 -0.0795019418
vn 0.138705269 0.985737264 0.0953036398
vn 0.889461577 0.425681472 0.166292787
vn 0.821029782 0.561220229 -0.104603745
vn 0.650106013 0.738506675 -0.178801596
vn 0.52790612 0.769508779 -0.359404087
vn 0.235696107 0.914084792 -0.3299945
vn 0.104196317 0.988664925 -0.108096123
vn 0 0.999616265 -0.0277004056
vn 0.668560863 0.60816431 -0.42797485
vn 0.45401898 0.679328263 -0.5765239
vn -0.0555995181 0.824792683 -0.562694967
vn 0 0.958642662 -0.284612596
vn -0.104196317 0.988664925 -0.108096123
vn -0.138705269 0.985737264 0.0953036398
vn -0.340096503 0.855891049 0.389595926
vn 0.636372805 0.53647697 -0.554276168
vn 0.482398719 0.542298555 -0.687898099
vn 0.0142003745 0.711918652 -0.702118337
vn -0.330895811 0.645891726 -0.687991142
vn 0 0.760103047 -0.649802506
vn 0.0555995181 0.824792683 -0.562694967
vn -0.235696107 0.914084792 -0.3299945
vn -0.328008264 0.941323519 -0.0795019418
vn -0.489988178 0.820979953 0.293092906
vn -0.587617755 0.559816897 0.584217668
vn 0 0.65249449 -0.757793486
vn 0.330895811 0.645891726 -0.687991142
vn -0.0142003745 0.711918652 -0.702118337
vn -0.45401898 0.679328263 -0.5765239
vn -0.52790612 0.769508779 -0.359404087
vn -0.650106013 0.738506675 -0.178801596
vn -0.60780853 0.78121084 0.142401993
vn -0.743555427 0.474371493 0.471271753
vn -0.656704664 0.300702065 0.691604793
vn -0.482398719 0.542298555 -0.687898099
vn -0.636372805 0.53647697 -0.554276168
vn -0.668560863 0.60816431 -0.42797485
vn -0.821029782 0.561220229 -0.104603745
vn -0.80631429 0.56990999 0.158302814
vn -0.846190929 0.379095823 0.374495953
vn -0.766901672 0.231900439 0.598401248
vn -0.889461577 0.425681472 0.166292787
vn 0 -0.619436741 0.785046518
vn 0 -0.874901593 0.484300762
vn 0.225891098 -0.626975179 0.745570481
vn -0.225891098 -0.626975179 0.745570481
vn -0.430697203 -0.74919498 0.503196597
vn 0.0621019267 -0.98993057 -0.127203986
vn 0 -0.911996305 -0.41019842
vn -0.0621019267 -0.98993057 -0.127203986
vn 0.430697203 -0.74919498 0.503196597
vn 0.644174099 -0.479180664 0.596175849
vn -0.644174099 -0.479180664 0.596175849
vn -0.723193645 -0.534895241 0.436896056
vn -0.467896849 -0.854794145 0.224498421
vn -0.109197907 -0.980681121 -0.162296921
vn 0.50679487 -0.730592549 -0.457595348
vn 0.199207187 -0.769627512 -0.606621742
vn -0.765622318 -0.396311522 0.506714642
vn -0.863163888 -0.356985033 0.357085019
vn -0.784380317 -0.609184623 0.116797015
vn -0.414706409 -0.89921385 -0.139402181
vn 0.413617939 -0.905739069 -0.0925040245
vn 0.508718371 -0.81752944 -0.269909769
vn 0.325905323 -0.792812765 -0.51500839
vn 0 -0.848071277 -0.529882073
vn -0.977863133 -0.178493246 0.109195858
vn -0.988911331 -0.124601401 -0.0808009207
vn -0.908746243 -0.326216549 -0.260313213
vn -0.726913989 -0.526410043 -0.441008449
vn -0.242398947 -0.958195686 -0.151999354
vn 0.182304397 -0.973523378 0.137903243
vn -0.966560006 0.123594858 -0.224690646
vn -0.89242816 -0.0962029994 -0.440813869
vn -0.763498068 -0.127999634 -0.632998288
vn -0.68700701 -0.406804085 -0.602106154
vn -0.459608734 -0.747614026 -0.479409069
vn -0.156699121 -0.964294374 -0.213498801
vn 0.144797519 -0.901384413 0.408092856
vn 0.4478257 -0.840848088 0.304017335
vn -0.439203262 -0.248601764 -0.863306284
vn -0.144699901 -0.798899293 -0.583799541
vn 0 -0.999044538 -0.0437019952
vn 0 -0.835815668 0.549010217
vn 0.141600475 -0.906302929 0.398201197
vn -0.508108199 0.115501881 -0.853513539
vn -0.0302992389 0.29089269 -0.956275761
vn 0.232698888 0.0512997806 -0.971195042
vn 0.273515552 -0.413923383 -0.868249178
vn 0 -0.572730541 -0.819743693
vn 0.144699901 -0.798899293 -0.583799541
vn 0.156699121 -0.964294374 -0.213498801
vn -0.144797519 -0.901384413 0.408092856
vn 0.47461468 -0.0472014174 -0.878927112
vn 0 -0.258689374 -0.965960562
vn -0.47461468 -0.0472014174 -0.878927112
vn -0.273515552 -0.413923383 -0.868249178
vn 0.439203262 -0.248601764 -0.863306284
vn 0.459608734 -0.747614026 -0.479409069
vn 0.242398947 -0.958195686 -0.151999354
vn -0.232698888 0.0512997806 -0.971195042
vn 0.0302992389 0.29089269 -0.956275761
vn 0.508108199 0.115501881 -0.853513539
vn 0.763498068 -0.127999634 -0.632998288
vn 0.68700701 -0.406804085 -0.602106154
vn 0.726913989 -0.526410043 -0.441008449
vn 0.89242816 -0.0962029994 -0.440813869
vn 0.908746243 -0.326216549 -0.260313213
vn 0.414706409 -0.89921385 -0.139402181
vn -0.182304397 -0.973523378 0.137903243
vn -0.4478257 -0.840848088 0.304017335
vn -0.141600475 -0.906302929 0.398201197
vn 0.966560006 0.123594858 -0.224690646
vn 0.988911331 -0.124601401 -0.0808009207
vn 0.784380317 -0.609184623 0.116797015
vn 0.109197907 -0.980681121 -0.162296921
vn -0.413617939 -0.905739069 -0.0925040245
vn -0.446406424 -0.894812763 -0.00560011901
vn -0.177703768 -0.979820788 0.0915018916
vn 0.977863133 -0.178493246 0.109195858
vn 0.863163888 -0.356985033 0.357085019
vn 0.723193645 -0.534895241 0.436896056
vn 0.467896849 -0.854794145 0.224498421
vn -0.50679487 -0.730592549 -0.457595348
vn -0.508718371 -0.81752944 -0.269909769
vn -0.17179288 -0.966559887 -0.190392122
vn 0.765622318 -0.396311522 0.506714642
vn 0 -0.998982549 0.0450991727
vn 0.17179288 -0.966559887 -0.190392122
vn 0.177703768 -0.979820788 0.0915018916
vn -0.325905323 -0.792812765 -0.51500839
vn -0.199207187 -0.769627512 -0.606621742
vn 0.446406424 -0.894812763 -0.00560011901
vn 0.110298678 0.970388174 -0.214897364
vn 0 0.897268832 -0.44148463
vn 0.375917643 0.768535972 -0.517724276
vn 0 0.971898615 -0.235399649
vn -0.110298678 0.970388174 -0.214897364
vn -0.375917643 0.768535972 -0.517724276
vn -0.251896948 0.824689865 -0.506393731
vn -0.0498986989 0.600084245 -0.798378944
vn 0.251896948 0.824689865 -0.506393731
vn -0.185408831 0.977446377 -0.101104751
vn -0.169597402 0.945785344 0.276995778
vn 0 0.969545424 0.244911492
vn 0.169597402 0.945785344 0.276995778
vn 0.185408831 0.977446377 -0.101104751
vn 0.0498986989 0.600084245 -0.798378944
vn -0.504092276 0.689489245 -0.520091832
vn -0.698681951 0.715281367 -0.0146995867
vn -0.514304519 0.791906774 0.32920289
vn -0.412100524 0.687000751 0.598500729
vn -0.168996722 0.765384972 0.620987892
vn -0.674502909 0.338101387 -0.656302691
vn -0.851450086 0.372478157 -0.369178295
vn -0.222501889 0.552004576 0.803606749
vn 0 0.74799931 0.663699448
vn 0.168996722 0.765384972 0.620987892
vn 0.412100524 0.687000751 0.598500729
vn 0.514304519 0.791906774 0.32920289
vn 0.222501889 0.552004576 0.803606749
vn 0.721195281 0.54989624 0.421297163
vn 0.698681951 0.715281367 -0.0146995867
vn 0.504092276 0.689489245 -0.520091832
vn 0.674502909 0.338101387 -0.656302691
vn 0.851450086 0.372478157 -0.369178295
vn -0.721195281 0.54989624 0.421297163
vn 0 0.192095384 -0.981376231
vn 0.452631205 -0.351824135 -0.819356263
vn 0.504578292 0.167492807 -0.846963406
vn 0 -0.329904914 -0.944014192
vn 0 -0.904299021 -0.426899582
vn 0.175094768 -0.945571661 -0.274291843
vn 0.132703334 -0.809720218 -0.571614325
vn 0.208286479 -0.430471987 -0.87824285
vn 0.401817888 0.0820036829 -0.912040412
vn -0.452631205 -0.351824135 -0.819356263
vn -0.175094768 -0.945571661 -0.274291843
vn 0 -0.991089344 0.133198529
vn -0.205098465 -0.972392499 0.11129909
vn -0.140795738 -0.956770778 -0.254492253
vn -0.504578292 0.167492807 -0.846963406
vn -0.401817888 0.0820036829 -0.912040412
vn -0.208286479 -0.430471987 -0.87824285
vn -0.132703334 -0.809720218 -0.571614325
vn 0.140795738 -0.956770778 -0.254492253
vn 0.205098465 -0.972392499 0.11129909
vn 0.400590241 -0.480788141 -0.779980898
vn 0.62400043 -0.644200325 -0.44230023
vn 0.604187548 -0.796583474 -0.0202996135
vn 0.743163586 -0.580771446 0.332283616
vn 0.449388653 -0.733181417 0.510386944
vn 0.15379931 -0.846796095 0.509197593
vn 0.958858192 -0.118894786 -0.257788718
vn 0.965835273 -0.256809324 -0.0348012745
vn 0.931332767 -0.0290010273 0.363012701
vn 0.699707747 -0.183702037 0.690407515
vn 0.412877828 -0.315883011 0.854254007
vn 0.203900427 -0.373600751 0.904901624
vn 0 -0.421187729 0.906973481
vn 0.996391475 0.0847992599 -0.00359996478
vn 0.555227876 0.147907361 0.818440855
vn 0.174109921 0.0500028022 0.983455896
vn 0 0.109696113 0.993965149
vn -0.174109921 0.0500028022 0.983455896
vn -0.203900427 -0.373600751 0.904901624
vn -0.15379931 -0.846796095 0.509197593
vn -0.412877828 -0.315883011 0.854254007
vn -0.449388653 -0.733181417 0.510386944
vn -0.743163586 -0.580771446 0.332283616
vn -0.604187548 -0.796583474 -0.0202996135
vn -0.62400043 -0.644200325 -0.44230023
vn -0.555227876 0.147907361 0.818440855
vn -0.699707747 -0.183702037 0.690407515
vn -0.931332767 -0.0290010273 0.363012701
vn -0.965835273 -0.256809324 -0.0348012745
vn -0.958858192 -0.118894786 -0.257788718
vn -0.400590241 -0.480788141 -0.779980898
vn -0.996391475 0.0847992599 -0.00359996478

# Mesh 'PipelineFBX' with 1768 faces
g PipelineFBX
usemtl DefaultMaterial
f  1/1/1 2/2/2 3/3/3
f  4/2/2 5/1/1 6/4/4
f  7/5/5 8/4/4 9/1/1
f  10/4/4 11/5/5 12/6/6
f  13/7/7 14/6/6 15/5/5
f  16/6/6 17/7/7 18/8/8
f  19/9/9 20/8/8 21/7/7
f  22/8/8 23/9/9 24/10/10
f  25/11/11 26/10/10 27/9/9
f  28/10/10 29/11/11 30/12/12
f  31/13/13 32/12/12 33/11/11
f  34/14/14 35/12/12 36/13/13
f  37/15/15 38/14/14 39/13/13
f  40/14/14 41/15/15 42/16/16
f  43/17/17 44/18/18 45/19/19
f  46/18/18 47/17/17 48/20/20
f  49/21/21 50/18/18 51/20/20
f  52/18/18 53/21/21 54/22/22
f  55/23/23 56/18/18 57/22/22
f  58/18/18 59/23/23 60/24/24
f  61/25/25 62/20/20 63/17/17
f  64/25/25 65/26/26 66/20/20
f  67/20/20 68/26/26 69/27/27
f  70/21/21 71/20/20 72/27/27
f  73/21/21 74/27/27 75/28/28
f  76/21/21 77/28/28 78/29/29
f  79/21/21 80/29/29 81/22/22
f  82/29/29 83/30/30 84/22/22
f  85/30/30 86/23/23 87/22/22
f  88/26/26 89/25/25 90/31/31
f  91/31/31 92/32/32 93/26/26
f  94/33/33 95/26/26 96/32/32
f  97/26/26 98/33/33 99/34/34
f  100/26/26 101/34/34 102/27/27
f  103/27/27 104/34/34 105/35/35
f  106/36/36 107/27/27 108/35/35
f  109/27/27 110/36/36 111/28/28
f  112/32/32 113/31/31 114/37/37
f  115/38/38 116/35/35 117/34/34
f  118/38/38 119/34/34 120/33/33
f  121/39/39 122/38/38 123/33/33
f  124/40/40 125/39/39 126/33/33
f  127/32/32 128/40/40 129/33/33
f  130/40/40 131/32/32 132/41/41
f  133/2/42 134/1/43 135/3/44
f  136/1/43 137/2/42 138/4/45
f  139/4/45 140/5/46 141/1/43
f  142/5/46 143/4/45 144/6/47
f  145/6/47 146/7/48 147/5/46
f  148/7/48 149/6/47 150/8/49
f  151/8/49 152/9/50 153/7/48
f  154/9/50 155/8/49 156/10/51
f  157/10/51 158/11/52 159/9/50
f  160/11/52 161/10/51 162/12/53
f  163/12/53 164/13/54 165/11/52
f  166/12/53 167/14/55 168/13/54
f  169/14/55 170/15/56 171/13/54
f  172/15/56 173/14/55 174/16/57
f  175/42/58 176/43/59 177/44/60
f  178/43/59 179/42/58 180/45/61
f  181/46/62 182/43/59 183/45/61
f  184/43/59 185/46/62 186/47/63
f  187/46/62 188/48/64 189/47/63
f  190/48/64 191/46/62 192/49/65
f  193/49/65 194/50/66 195/48/64
f  196/50/66 197/49/65 198/51/67
f  199/51/67 200/52/68 201/50/66
f  202/52/68 203/51/67 204/53/69
f  205/54/70 206/55/71 207/56/72
f  208/55/71 209/54/70 210/57/73
f  211/58/74 212/55/71 213/57/73
f  214/55/71 215/58/74 216/59/75
f  217/58/74 218/60/76 219/59/75
f  220/60/76 221/58/74 222/61/77
f  223/62/78 224/60/76 225/61/77
f  226/60/76 227/62/78 228/63/79
f  229/62/78 230/64/80 231/63/79
f  232/64/80 233/62/78 234/65/81
f  235/64/82 236/62/83 237/65/84
f  238/62/83 239/64/82 240/63/85
f  241/60/86 242/62/83 243/63/85
f  244/62/83 245/60/86 246/61/87
f  247/60/86 248/58/88 249/61/87
f  250/58/88 251/60/86 252/59/89
f  253/55/90 254/58/88 255/59/89
f  256/58/88 257/55/90 258/57/91
f  259/55/90 260/54/92 261/57/91
f  262/54/92 263/55/90 264/56/93
f  265/62/94 266/64/95 267/65/96
f  268/64/95 269/62/94 270/63/97
f  271/62/94 272/60/98 273/63/97
f  274/60/98 275/62/94 276/61/99
f  277/58/100 278/60/98 279/61/99
f  280/60/98 281/58/100 282/59/101
f  283/58/100 284/55/102 285/59/101
f  286/55/102 287/58/100 288/57/103
f  289/54/104 290/55/102 291/57/103
f  292/55/102 293/54/104 294/56/105
f  295/14/106 296/15/107 297/16/108
f  298/15/107 299/14/106 300/13/109
f  301/14/106 302/12/110 303/13/109
f  304/13/109 305/12/110 306/11/111
f  307/10/112 308/11/111 309/12/110
f  310/11/111 311/10/112 312/9/113
f  313/8/114 314/9/113 315/10/112
f  316/9/113 317/8/114 318/7/115
f  319/6/116 320/7/115 321/8/114
f  322/7/115 323/6/116 324/5/117
f  325/4/118 326/5/117 327/6/116
f  328/5/117 329/4/118 330/1/119
f  331/2/120 332/1/119 333/4/118
f  334/1/119 335/2/120 336/3/121
f  337/66/122 338/67/123 339/68/124
f  340/67/123 341/66/122 342/69/125
f  343/70/126 344/67/123 345/69/125
f  346/67/123 347/70/126 348/71/127
f  349/72/128 350/71/127 351/70/126
f  352/71/127 353/72/128 354/73/129
f  355/73/129 356/72/128 357/74/130
f  358/73/129 359/74/130 360/75/131
f  361/76/132 362/75/131 363/74/130
f  364/75/131 365/76/132 366/77/133
f  367/77/133 368/76/132 369/78/134
f  370/79/135 371/78/134 372/76/132
f  373/79/135 374/80/136 375/78/134
f  376/78/134 377/80/136 378/81/137
f  379/82/138 380/81/137 381/80/136
f  382/83/139 383/81/137 384/82/138
f  385/84/140 386/83/139 387/82/138
f  388/85/141 389/84/140 390/82/138
f  391/86/142 392/87/143 393/88/144
f  394/87/143 395/86/142 396/89/145
f  397/87/143 398/89/145 399/90/146
f  400/90/146 401/91/147 402/87/143
f  403/90/146 404/92/148 405/91/147
f  406/92/148 407/90/146 408/93/149
f  409/92/148 410/93/149 411/94/150
f  412/94/150 413/95/151 414/92/148
f  415/94/150 416/96/152 417/95/151
f  418/96/152 419/94/150 420/97/153
f  421/97/153 422/98/154 423/96/152
f  424/98/154 425/97/153 426/99/155
f  427/97/153 428/100/156 429/99/155
f  430/99/155 431/100/156 432/101/157
f  433/100/156 434/102/158 435/101/157
f  436/103/159 437/104/160 438/105/161
f  439/104/160 440/103/159 441/106/162
f  442/107/163 443/104/160 444/106/162
f  445/104/160 446/107/163 447/108/164
f  448/109/165 449/108/164 450/107/163
f  451/108/164 452/109/165 453/110/166
f  454/109/165 455/111/167 456/110/166
f  457/112/168 458/106/162 459/103/159
f  460/106/162 461/112/168 462/113/169
f  463/114/170 464/106/162 465/113/169
f  466/114/170 467/107/163 468/106/162
f  469/107/163 470/114/170 471/109/165
f  472/115/171 473/109/165 474/114/170
f  475/111/167 476/109/165 477/115/171
f  478/115/171 479/116/172 480/111/167
f  481/103/159 482/117/173 483/112/168
f  484/117/173 485/118/174 486/112/168
f  487/112/168 488/118/174 489/113/169
f  490/118/174 491/119/175 492/113/169
f  493/113/169 494/119/175 495/120/176
f  496/115/171 497/113/169 498/120/176
f  499/115/171 500/114/170 501/113/169
f  502/117/173 503/103/159 504/121/177
f  505/115/171 506/120/176 507/116/172
f  508/120/176 509/122/178 510/116/172
f  511/116/172 512/122/178 513/123/179
f  514/124/180 515/123/179 516/122/178
f  517/123/179 518/124/180 519/125/181
f  520/124/180 521/126/182 522/125/181
f  523/126/182 524/124/180 525/127/183
f  526/128/184 527/126/182 528/127/183
f  529/119/175 530/122/178 531/120/176
f  532/129/185 533/122/178 534/119/175
f  535/124/180 536/122/178 537/129/185
f  538/129/185 539/127/183 540/124/180
f  541/130/186 542/127/183 543/129/185
f  544/128/184 545/127/183 546/130/186
f  547/131/187 548/128/184 549/130/186
f  550/128/184 551/131/187 552/132/188
f  553/130/186 554/129/185 555/119/175
f  556/133/189 557/130/186 558/119/175
f  559/130/186 560/133/189 561/131/187
f  562/134/190 563/131/187 564/133/189
f  565/131/187 566/134/190 567/135/191
f  568/133/189 569/119/175 570/118/174
f  571/118/174 572/134/190 573/133/189
f  574/134/190 575/118/174 576/136/192
f  577/118/174 578/117/173 579/136/192
f  580/43/193 581/42/194 582/44/195
f  583/42/194 584/43/193 585/45/196
f  586/47/197 587/45/196 588/43/193
f  589/45/196 590/47/197 591/46/198
f  592/48/199 593/46/198 594/47/197
f  595/46/198 596/48/199 597/49/200
f  598/50/201 599/49/200 600/48/199
f  601/49/200 602/50/201 603/51/202
f  604/52/203 605/51/202 606/50/201
f  607/51/202 608/52/203 609/53/204
f  610/55/205 611/54/206 612/56/207
f  613/54/206 614/55/205 615/57/208
f  616/55/205 617/58/209 618/57/208
f  619/58/209 620/55/205 621/59/210
f  622/60/211 623/58/209 624/59/210
f  625/58/209 626/60/211 627/61/212
f  628/60/211 629/62/213 630/61/212
f  631/62/213 632/60/211 633/63/214
f  634/64/215 635/62/213 636/63/214
f  637/62/213 638/64/215 639/65/216
f  640/42/217 641/43/218 642/44/219
f  643/43/218 644/42/217 645/45/220
f  646/46/221 647/43/218 648/45/220
f  649/43/218 650/46/221 651/47/222
f  652/46/221 653/48/223 654/47/222
f  655/48/223 656/46/221 657/49/224
f  658/49/224 659/50/225 660/48/223
f  661/50/225 662/49/224 663/51/226
f  664/51/226 665/52/227 666/50/225
f  667/52/227 668/51/226 669/53/228
f  670/54/229 671/55/230 672/56/231
f  673/55/230 674/54/229 675/57/232
f  676/58/233 677/55/230 678/57/232
f  679/55/230 680/58/233 681/59/234
f  682/58/233 683/60/235 684/59/234
f  685/60/235 686/58/233 687/61/236
f  688/62/237 689/60/235 690/61/236
f  691/60/235 692/62/237 693/63/238
f  694/62/237 695/64/239 696/63/238
f  697/64/239 698/62/237 699/65/240
f  700/15/241 701/14/242 702/16/243
f  703/14/242 704/15/241 705/13/244
f  706/12/245 707/14/242 708/13/244
f  709/12/245 710/13/244 711/11/246
f  712/11/246 713/10/247 714/12/245
f  715/10/247 716/11/246 717/9/248
f  718/9/248 719/8/249 720/10/247
f  721/8/249 722/9/248 723/7/250
f  724/7/250 725/6/251 726/8/249
f  727/6/251 728/7/250 729/5/252
f  730/5/252 731/4/253 732/6/251
f  733/4/253 734/5/252 735/1/254
f  736/1/254 737/2/255 738/4/253
f  739/2/255 740/1/254 741/3/256
f  742/67/257 743/66/258 744/68/259
f  745/66/258 746/67/257 747/69/260
f  748/67/257 749/70/261 750/69/260
f  751/70/261 752/67/257 753/71/262
f  754/71/262 755/72/263 756/70/261
f  757/72/263 758/71/262 759/73/264
f  760/72/263 761/73/264 762/74/265
f  763/74/265 764/73/264 765/75/266
f  766/75/266 767/76/267 768/74/265
f  769/76/267 770/75/266 771/77/268
f  772/76/267 773/77/268 774/78/269
f  775/78/269 776/79/270 777/76/267
f  778/80/271 779/79/270 780/78/269
f  781/80/271 782/78/269 783/81/272
f  784/81/272 785/82/273 786/80/271
f  787/81/272 788/83/274 789/82/273
f  790/83/274 791/84/275 792/82/273
f  793/84/275 794/85/276 795/82/273
f  796/43/277 797/42/278 798/44/279
f  799/42/278 800/43/277 801/45/280
f  802/47/281 803/45/280 804/43/277
f  805/45/280 806/47/281 807/46/282
f  808/48/283 809/46/282 810/47/281
f  811/46/282 812/48/283 813/49/284
f  814/50/285 815/49/284 816/48/283
f  817/49/284 818/50/285 819/51/286
f  820/52/287 821/51/286 822/50/285
f  823/51/286 824/52/287 825/53/288
f  826/55/289 827/54/290 828/56/291
f  829/54/290 830/55/289 831/57/292
f  832/55/289 833/58/293 834/57/292
f  835/58/293 836/55/289 837/59/294
f  838/60/295 839/58/293 840/59/294
f  841/58/293 842/60/295 843/61/296
f  844/60/295 845/62/297 846/61/296
f  847/62/297 848/60/295 849/63/298
f  850/64/299 851/62/297 852/63/298
f  853/62/297 854/64/299 855/65/300
f  856/87/301 857/86/302 858/88/303
f  859/86/302 860/87/301 861/89/304
f  862/89/304 863/87/301 864/90/305
f  865/91/306 866/90/305 867/87/301
f  868/92/307 869/90/305 870/91/306
f  871/90/305 872/92/307 873/93/308
f  874/93/308 875/92/307 876/94/309
f  877/95/310 878/94/309 879/92/307
f  880/96/311 881/94/309 882/95/310
f  883/94/309 884/96/311 885/97/312
f  886/98/313 887/97/312 888/96/311
f  889/97/312 890/98/313 891/99/314
f  892/100/315 893/97/312 894/99/314
f  895/100/315 896/99/314 897/101/316
f  898/102/317 899/100/315 900/101/316
f  901/52/318 902/51/319 903/53/320
f  904/51/319 905/52/318 906/50/321
f  907/50/321 908/49/322 909/51/319
f  910/49/322 911/50/321 912/48/323
f  913/48/323 914/46/324 915/49/322
f  916/46/324 917/48/323 918/47/325
f  919/43/326 920/46/324 921/47/325
f  922/46/324 923/43/326 924/45/327
f  925/43/326 926/42/328 927/45/327
f  928/42/328 929/43/326 930/44/329
f  931/51/330 932/52/331 933/53/332
f  934/52/331 935/51/330 936/50/333
f  937/49/334 938/50/333 939/51/330
f  940/50/333 941/49/334 942/48/335
f  943/46/336 944/48/335 945/49/334
f  946/48/335 947/46/336 948/47/337
f  949/45/338 950/47/337 951/46/336
f  952/47/337 953/45/338 954/43/339
f  955/42/340 956/43/339 957/45/338
f  958/43/339 959/42/340 960/44/341
f  961/87/342 962/86/343 963/88/344
f  964/86/343 965/87/342 966/89/345
f  967/89/345 968/87/342 969/90/346
f  970/91/347 971/90/346 972/87/342
f  973/92/348 974/90/346 975/91/347
f  976/90/346 977/92/348 978/93/349
f  979/93/349 980/92/348 981/94/350
f  982/95/351 983/94/350 984/92/348
f  985/96/352 986/94/350 987/95/351
f  988/94/350 989/96/352 990/97/353
f  991/98/354 992/97/353 993/96/352
f  994/97/353 995/98/354 996/99/355
f  997/100/356 998/97/353 999/99/355
f  1000/100/356 1001/99/355 1002/101/357
f  1003/102/358 1004/100/356 1005/101/357
f  1006/66/359 1007/67/360 1008/68/361
f  1009/67/360 1010/66/359 1011/69/362
f  1012/70/363 1013/67/360 1014/69/362
f  1015/67/360 1016/70/363 1017/71/364
f  1018/72/365 1019/71/364 1020/70/363
f  1021/71/364 1022/72/365 1023/73/366
f  1024/73/366 1025/72/365 1026/74/367
f  1027/73/366 1028/74/367 1029/75/368
f  1030/76/369 1031/75/368 1032/74/367
f  1033/75/368 1034/76/369 1035/77/370
f  1036/77/370 1037/76/369 1038/78/371
f  1039/79/372 1040/78/371 1041/76/369
f  1042/79/372 1043/80/373 1044/78/371
f  1045/78/371 1046/80/373 1047/81/374
f  1048/82/375 1049/81/374 1050/80/373
f  1051/83/376 1052/81/374 1053/82/375
f  1054/84/377 1055/83/376 1056/82/375
f  1057/85/378 1058/84/377 1059/82/375
f  1060/67/379 1061/66/380 1062/68/381
f  1063/66/380 1064/67/379 1065/69/382
f  1066/67/379 1067/70/383 1068/69/382
f  1069/70/383 1070/67/379 1071/71/384
f  1072/71/384 1073/72/385 1074/70/383
f  1075/72/385 1076/71/384 1077/73/386
f  1078/72/385 1079/73/386 1080/74/387
f  1081/74/387 1082/73/386 1083/75/388
f  1084/75/388 1085/76/389 1086/74/387
f  1087/76/389 1088/75/388 1089/77/390
f  1090/76/389 1091/77/390 1092/78/391
f  1093/78/391 1094/79/392 1095/76/389
f  1096/80/393 1097/79/392 1098/78/391
f  1099/80/393 1100/78/391 1101/81/394
f  1102/81/394 1103/82/395 1104/80/393
f  1105/81/394 1106/83/396 1107/82/395
f  1108/83/396 1109/84/397 1110/82/395
f  1111/84/397 1112/85/398 1113/82/395
f  1114/86/399 1115/87/400 1116/88/401
f  1117/87/400 1118/86/399 1119/89/402
f  1120/87/400 1121/89/402 1122/90/403
f  1123/90/403 1124/91/404 1125/87/400
f  1126/90/403 1127/92/405 1128/91/404
f  1129/92/405 1130/90/403 1131/93/406
f  1132/92/405 1133/93/406 1134/94/407
f  1135/94/407 1136/95/408 1137/92/405
f  1138/94/407 1139/96/409 1140/95/408
f  1141/96/409 1142/94/407 1143/97/410
f  1144/97/410 1145/98/411 1146/96/409
f  1147/98/411 1148/97/410 1149/99/412
f  1150/97/410 1151/100/413 1152/99/412
f  1153/99/412 1154/100/413 1155/101/414
f  1156/100/413 1157/102/415 1158/101/414
f  1159/137/416 1160/138/417 1161/139/418
f  1162/138/417 1163/140/419 1164/139/418
f  1165/139/418 1166/140/419 1167/141/420
f  1168/140/419 1169/142/421 1170/141/420
f  1171/142/421 1172/143/422 1173/141/420
f  1174/143/422 1175/144/423 1176/141/420
f  1177/145/424 1178/141/420 1179/144/423
f  1180/144/423 1181/146/425 1182/145/424
f  1183/147/426 1184/146/425 1185/144/423
f  1186/148/427 1187/146/425 1188/147/426
f  1189/149/428 1190/146/425 1191/148/427
f  1192/150/429 1193/146/425 1194/149/428
f  1195/151/430 1196/150/429 1197/149/428
f  1198/152/431 1199/150/429 1200/151/430
f  1201/153/432 1202/150/429 1203/152/431
f  1204/154/433 1205/155/434 1206/156/435
f  1207/157/436 1208/155/434 1209/154/433
f  1210/155/434 1211/157/436 1212/158/437
f  1213/157/436 1214/159/438 1215/158/437
f  1216/159/438 1217/157/436 1218/160/439
f  1219/160/439 1220/161/440 1221/159/438
f  1222/161/440 1223/160/439 1224/162/441
f  1225/162/441 1226/163/442 1227/161/440
f  1228/164/443 1229/165/444 1230/166/445
f  1231/167/446 1232/165/444 1233/164/443
f  1234/165/444 1235/167/446 1236/168/447
f  1237/167/446 1238/169/448 1239/168/447
f  1240/169/448 1241/167/446 1242/170/449
f  1243/171/450 1244/169/448 1245/170/449
f  1246/169/448 1247/171/450 1248/172/451
f  1249/171/450 1250/173/452 1251/172/451
f  1252/155/453 1253/154/454 1254/156/455
f  1255/158/456 1256/154/454 1257/155/453
f  1258/154/454 1259/158/456 1260/157/457
f  1261/159/458 1262/157/457 1263/158/456
f  1264/157/457 1265/159/458 1266/160/459
f  1267/161/460 1268/160/459 1269/159/458
f  1270/160/459 1271/161/460 1272/162/461
f  1273/163/462 1274/162/461 1275/161/460
f  1276/165/463 1277/164/464 1278/166/465
f  1279/168/466 1280/164/464 1281/165/463
f  1282/164/464 1283/168/466 1284/167/467
f  1285/169/468 1286/167/467 1287/168/466
f  1288/167/467 1289/169/468 1290/170/469
f  1291/169/468 1292/171/470 1293/170/469
f  1294/171/470 1295/169/468 1296/172/471
f  1297/173/472 1298/171/470 1299/172/471
f  1300/174/473 1301/175/474 1302/176/475
f  1303/177/476 1304/174/473 1305/176/475
f  1306/178/477 1307/177/476 1308/176/475
f  1309/179/478 1310/177/476 1311/178/477
f  1312/180/479 1313/179/478 1314/178/477
f  1315/180/479 1316/178/477 1317/181/480
f  1318/182/481 1319/180/479 1320/181/480
f  1321/182/481 1322/181/480 1323/183/482
f  1324/182/481 1325/183/482 1326/184/483
f  1327/182/481 1328/184/483 1329/185/484
f  1330/184/483 1331/186/485 1332/185/484
f  1333/186/485 1334/187/486 1335/185/484
f  1336/188/487 1337/189/488 1338/190/489
f  1339/189/488 1340/188/487 1341/191/490
f  1342/192/491 1343/191/490 1344/188/487
f  1345/191/490 1346/192/491 1347/193/492
f  1348/193/492 1349/192/491 1350/194/493
f  1351/195/494 1352/194/493 1353/192/491
f  1354/195/494 1355/196/495 1356/194/493
f  1357/196/495 1358/195/494 1359/197/496
f  1360/197/496 1361/198/497 1362/196/495
f  1363/198/497 1364/197/496 1365/199/498
f  1366/199/498 1367/200/499 1368/198/497
f  1369/200/499 1370/199/498 1371/201/500
f  1372/201/500 1373/202/501 1374/200/499
f  1375/203/502 1376/204/503 1377/205/504
f  1378/205/504 1379/206/505 1380/203/502
f  1381/205/504 1382/207/506 1383/206/505
f  1384/208/507 1385/207/506 1386/205/504
f  1387/207/506 1388/208/507 1389/209/508
f  1390/209/508 1391/210/509 1392/207/506
f  1393/210/509 1394/209/508 1395/211/510
f  1396/209/508 1397/212/511 1398/211/510
f  1399/212/511 1400/213/512 1401/211/510
f  1402/212/511 1403/214/513 1404/213/512
f  1405/214/513 1406/215/514 1407/213/512
f  1408/213/512 1409/215/514 1410/216/515
f  1411/215/514 1412/217/516 1413/216/515
f  1414/218/517 1415/219/518 1416/220/519
f  1417/220/519 1418/219/518 1419/221/520
f  1420/221/520 1421/222/521 1422/220/519
f  1423/223/522 1424/222/521 1425/221/520
f  1426/223/522 1427/224/523 1428/222/521
f  1429/224/523 1430/223/522 1431/225/524
f  1432/224/523 1433/225/524 1434/226/525
f  1435/227/526 1436/226/525 1437/225/524
f  1438/226/525 1439/227/526 1440/228/527
f  1441/229/528 1442/228/527 1443/227/526
f  1444/228/527 1445/229/528 1446/230/529
f  1447/230/529 1448/229/528 1449/231/530
f  1450/232/531 1451/231/530 1452/229/528
f  1453/231/530 1454/232/531 1455/233/532
f  1456/233/532 1457/232/531 1458/234/533
f  1459/234/533 1460/235/534 1461/233/532
f  1462/138/535 1463/137/536 1464/139/537
f  1465/140/538 1466/138/535 1467/139/537
f  1468/140/538 1469/139/537 1470/141/539
f  1471/142/540 1472/140/538 1473/141/539
f  1474/143/541 1475/142/540 1476/141/539
f  1477/144/542 1478/143/541 1479/141/539
f  1480/141/539 1481/145/543 1482/144/542
f  1483/146/544 1484/144/542 1485/145/543
f  1486/146/544 1487/147/545 1488/144/542
f  1489/146/544 1490/148/546 1491/147/545
f  1492/146/544 1493/149/547 1494/148/546
f  1495/146/544 1496/150/548 1497/149/547
f  1498/150/548 1499/151/549 1500/149/547
f  1501/150/548 1502/152/550 1503/151/549
f  1504/150/548 1505/153/551 1506/152/550
f  1507/236/552 1508/237/553 1509/238/554
f  1510/238/554 1511/237/553 1512/239/555
f  1513/238/554 1514/239/555 1515/240/556
f  1516/241/557 1517/238/554 1518/240/556
f  1519/242/558 1520/238/554 1521/241/557
f  1522/239/555 1523/237/553 1524/243/559
f  1525/243/559 1526/244/560 1527/239/555
f  1528/240/556 1529/239/555 1530/244/560
f  1531/240/556 1532/244/560 1533/245/561
f  1534/241/557 1535/240/556 1536/245/561
f  1537/241/557 1538/245/561 1539/246/562
f  1540/242/558 1541/241/557 1542/246/562
f  1543/242/558 1544/246/562 1545/247/563
f  1546/242/558 1547/247/563 1548/248/564
f  1549/249/565 1550/242/558 1551/248/564
f  1552/250/566 1553/242/558 1554/249/565
f  1555/243/559 1556/251/567 1557/244/560
f  1558/251/567 1559/252/568 1560/244/560
f  1561/252/568 1562/253/569 1563/244/560
f  1564/254/570 1565/244/560 1566/253/569
f  1567/245/561 1568/244/560 1569/254/570
f  1570/246/562 1571/245/561 1572/254/570
f  1573/246/562 1574/254/570 1575/247/563
f  1576/247/563 1577/254/570 1578/255/571
f  1579/247/563 1580/255/571 1581/256/572
f  1582/247/563 1583/256/572 1584/248/564
f  1585/257/573 1586/251/567 1587/243/559
f  1588/257/573 1589/258/574 1590/251/567
f  1591/258/574 1592/252/568 1593/251/567
f  1594/258/574 1595/259/575 1596/252/568
f  1597/259/575 1598/260/576 1599/252/568
f  1600/252/568 1601/260/576 1602/253/569
f  1603/255/571 1604/253/569 1605/260/576
f  1606/255/571 1607/254/570 1608/253/569
f  1609/261/577 1610/257/573 1611/243/559
f  1612/261/577 1613/262/578 1614/257/573
f  1615/262/578 1616/258/574 1617/257/573
f  1618/263/579 1619/258/574 1620/262/578
f  1621/263/579 1622/259/575 1623/258/574
f  1624/264/580 1625/261/577 1626/243/559
f  1627/265/581 1628/261/577 1629/264/580
f  1630/261/577 1631/265/581 1632/262/578
f  1633/265/581 1634/266/582 1635/262/578
f  1636/266/582 1637/263/579 1638/262/578
f  1639/266/582 1640/267/583 1641/263/579
f  1642/267/583 1643/268/584 1644/263/579
f  1645/268/584 1646/259/575 1647/263/579
f  1648/264/580 1649/269/585 1650/265/581
f  1651/265/581 1652/269/585 1653/266/582
f  1654/270/586 1655/266/582 1656/269/585
f  1657/266/582 1658/270/586 1659/271/587
f  1660/266/582 1661/271/587 1662/267/583
f  1663/271/587 1664/272/588 1665/267/583
f  1666/267/583 1667/272/588 1668/268/584
f  1669/272/588 1670/273/589 1671/268/584
f  1672/268/584 1673/273/589 1674/259/575
f  1675/274/590 1676/269/585 1677/264/580
f  1678/274/590 1679/270/586 1680/269/585
f  1681/275/591 1682/250/566 1683/249/565
f  1684/275/591 1685/249/565 1686/276/592
f  1687/275/591 1688/276/592 1689/277/593
f  1690/275/591 1691/277/593 1692/278/594
f  1693/275/591 1694/278/594 1695/279/595
f  1696/280/596 1697/275/591 1698/279/595
f  1699/276/592 1700/249/565 1701/281/597
f  1702/276/592 1703/281/597 1704/282/598
f  1705/277/593 1706/276/592 1707/282/598
f  1708/283/599 1709/277/593 1710/282/598
f  1711/277/593 1712/283/599 1713/284/600
f  1714/278/594 1715/277/593 1716/284/600
f  1717/278/594 1718/284/600 1719/285/601
f  1720/249/565 1721/248/564 1722/281/597
f  1723/248/564 1724/286/602 1725/281/597
f  1726/281/597 1727/286/602 1728/282/598
f  1729/287/603 1730/282/598 1731/286/602
f  1732/288/604 1733/282/598 1734/287/603
f  1735/288/604 1736/289/605 1737/282/598
f  1738/290/606 1739/282/598 1740/289/605
f  1741/290/606 1742/283/599 1743/282/598
f  1744/284/600 1745/283/599 1746/290/606
f  1747/285/601 1748/284/600 1749/290/606
f  1750/256/572 1751/286/602 1752/248/564
f  1753/256/572 1754/291/607 1755/286/602
f  1756/260/576 1757/286/602 1758/291/607
f  1759/287/603 1760/286/602 1761/260/576
f  1762/292/608 1763/287/603 1764/260/576
f  1765/287/603 1766/292/608 1767/288/604
f  1768/293/609 1769/288/604 1770/292/608
f  1771/293/609 1772/294/610 1773/288/604
f  1774/294/610 1775/289/605 1776/288/604
f  1777/295/611 1778/289/605 1779/294/610
f  1780/290/606 1781/289/605 1782/295/611
f  1783/295/611 1784/285/601 1785/290/606
f  1786/256/572 1787/255/571 1788/291/607
f  1789/255/571 1790/260/576 1791/291/607
f  1792/259/575 1793/292/608 1794/260/576
f  1795/296/612 1796/292/608 1797/259/575
f  1798/293/609 1799/292/608 1800/296/612
f  1801/296/612 1802/297/613 1803/293/609
f  1804/297/613 1805/294/610 1806/293/609
f  1807/295/611 1808/294/610 1809/297/613
f  1810/298/614 1811/295/611 1812/297/613
f  1813/299/615 1814/295/611 1815/298/614
f  1816/299/615 1817/285/601 1818/295/611
f  1819/300/616 1820/285/601 1821/299/615
f  1822/301/617 1823/285/601 1824/300/616
f  1825/302/618 1826/301/617 1827/300/616
f  1828/273/589 1829/296/612 1830/259/575
f  1831/303/619 1832/296/612 1833/273/589
f  1834/303/619 1835/297/613 1836/296/612
f  1837/304/620 1838/297/613 1839/303/619
f  1840/305/621 1841/297/613 1842/304/620
f  1843/298/614 1844/297/613 1845/305/621
f  1846/306/622 1847/298/614 1848/305/621
f  1849/306/622 1850/299/615 1851/298/614
f  1852/300/616 1853/299/615 1854/306/622
f  1855/307/623 1856/300/616 1857/306/622
f  1858/308/624 1859/300/616 1860/307/623
f  1861/308/624 1862/302/618 1863/300/616
f  1864/308/624 1865/309/625 1866/302/618
f  1867/310/626 1868/303/619 1869/273/589
f  1870/310/626 1871/304/620 1872/303/619
f  1873/311/627 1874/304/620 1875/310/626
f  1876/311/627 1877/305/621 1878/304/620
f  1879/312/628 1880/305/621 1881/311/627
f  1882/312/628 1883/307/623 1884/305/621
f  1885/307/623 1886/306/622 1887/305/621
f  1888/313/629 1889/310/626 1890/273/589
f  1891/314/630 1892/310/626 1893/313/629
f  1894/315/631 1895/310/626 1896/314/630
f  1897/315/631 1898/311/627 1899/310/626
f  1900/315/631 1901/312/628 1902/311/627
f  1903/316/632 1904/312/628 1905/315/631
f  1906/317/633 1907/312/628 1908/316/632
f  1909/312/628 1910/317/633 1911/307/623
f  1912/317/633 1913/308/624 1914/307/623
f  1915/317/633 1916/309/625 1917/308/624
f  1918/313/629 1919/273/589 1920/272/588
f  1921/314/630 1922/313/629 1923/272/588
f  1924/314/630 1925/272/588 1926/271/587
f  1927/270/586 1928/314/630 1929/271/587
f  1930/270/586 1931/315/631 1932/314/630
f  1933/270/586 1934/316/632 1935/315/631
f  1936/154/634 1937/155/635 1938/156/636
f  1939/157/637 1940/155/635 1941/154/634
f  1942/155/635 1943/157/637 1944/158/638
f  1945/157/637 1946/159/639 1947/158/638
f  1948/159/639 1949/157/637 1950/160/640
f  1951/160/640 1952/161/641 1953/159/639
f  1954/161/641 1955/160/640 1956/162/642
f  1957/162/642 1958/163/643 1959/161/641
f  1960/164/644 1961/165/645 1962/166/646
f  1963/167/647 1964/165/645 1965/164/644
f  1966/165/645 1967/167/647 1968/168/648
f  1969/167/647 1970/169/649 1971/168/648
f  1972/169/649 1973/167/647 1974/170/650
f  1975/171/651 1976/169/649 1977/170/650
f  1978/169/649 1979/171/651 1980/172/652
f  1981/171/651 1982/173/653 1983/172/652
f  1984/138/654 1985/137/655 1986/139/656
f  1987/140/657 1988/138/654 1989/139/656
f  1990/140/657 1991/139/656 1992/141/658
f  1993/142/659 1994/140/657 1995/141/658
f  1996/143/660 1997/142/659 1998/141/658
f  1999/144/661 2000/143/660 2001/141/658
f  2002/141/658 2003/145/662 2004/144/661
f  2005/146/663 2006/144/661 2007/145/662
f  2008/146/663 2009/147/664 2010/144/661
f  2011/146/663 2012/148/665 2013/147/664
f  2014/146/663 2015/149/666 2016/148/665
f  2017/146/663 2018/150/667 2019/149/666
f  2020/150/667 2021/151/668 2022/149/666
f  2023/150/667 2024/152/669 2025/151/668
f  2026/150/667 2027/153/670 2028/152/669
f  2029/155/671 2030/154/672 2031/156/673
f  2032/158/674 2033/154/672 2034/155/671
f  2035/154/672 2036/158/674 2037/157/675
f  2038/159/676 2039/157/675 2040/158/674
f  2041/157/675 2042/159/676 2043/160/677
f  2044/161/678 2045/160/677 2046/159/676
f  2047/160/677 2048/161/678 2049/162/679
f  2050/163/680 2051/162/679 2052/161/678
f  2053/165/681 2054/164/682 2055/166/683
f  2056/168/684 2057/164/682 2058/165/681
f  2059/164/682 2060/168/684 2061/167/685
f  2062/169/686 2063/167/685 2064/168/684
f  2065/167/685 2066/169/686 2067/170/687
f  2068/169/686 2069/171/688 2070/170/687
f  2071/171/688 2072/169/686 2073/172/689
f  2074/173/690 2075/171/688 2076/172/689
f  2077/175/691 2078/174/692 2079/176/693
f  2080/174/692 2081/177/694 2082/176/693
f  2083/177/694 2084/178/695 2085/176/693
f  2086/177/694 2087/179/696 2088/178/695
f  2089/179/696 2090/180/697 2091/178/695
f  2092/178/695 2093/180/697 2094/181/698
f  2095/180/697 2096/182/699 2097/181/698
f  2098/181/698 2099/182/699 2100/183/700
f  2101/183/700 2102/182/699 2103/184/701
f  2104/184/701 2105/182/699 2106/185/702
f  2107/186/703 2108/184/701 2109/185/702
f  2110/187/704 2111/186/703 2112/185/702
f  2113/189/705 2114/188/706 2115/190/707
f  2116/188/706 2117/189/705 2118/191/708
f  2119/191/708 2120/192/709 2121/188/706
f  2122/192/709 2123/191/708 2124/193/710
f  2125/192/709 2126/193/710 2127/194/711
f  2128/194/711 2129/195/712 2130/192/709
f  2131/196/713 2132/195/712 2133/194/711
f  2134/195/712 2135/196/713 2136/197/714
f  2137/198/715 2138/197/714 2139/196/713
f  2140/197/714 2141/198/715 2142/199/716
f  2143/200/717 2144/199/716 2145/198/715
f  2146/199/716 2147/200/717 2148/201/718
f  2149/202/719 2150/201/718 2151/200/717
f  2152/204/720 2153/203/721 2154/205/722
f  2155/206/723 2156/205/722 2157/203/721
f  2158/207/724 2159/205/722 2160/206/723
f  2161/207/724 2162/208/725 2163/205/722
f  2164/208/725 2165/207/724 2166/209/726
f  2167/210/727 2168/209/726 2169/207/724
f  2170/209/726 2171/210/727 2172/211/728
f  2173/212/729 2174/209/726 2175/211/728
f  2176/213/730 2177/212/729 2178/211/728
f  2179/214/731 2180/212/729 2181/213/730
f  2182/215/732 2183/214/731 2184/213/730
f  2185/215/732 2186/213/730 2187/216/733
f  2188/217/734 2189/215/732 2190/216/733
f  2191/219/735 2192/218/736 2193/220/737
f  2194/219/735 2195/220/737 2196/221/738
f  2197/222/739 2198/221/738 2199/220/737
f  2200/222/739 2201/223/740 2202/221/738
f  2203/224/741 2204/223/740 2205/222/739
f  2206/223/740 2207/224/741 2208/225/742
f  2209/225/742 2210/224/741 2211/226/743
f  2212/226/743 2213/227/744 2214/225/742
f  2215/227/744 2216/226/743 2217/228/745
f  2218/228/745 2219/229/746 2220/227/744
f  2221/229/746 2222/228/745 2223/230/747
f  2224/229/746 2225/230/747 2226/231/748
f  2227/231/748 2228/232/749 2229/229/746
f  2230/232/749 2231/231/748 2232/233/750
f  2233/232/749 2234/233/750 2235/234/751
f  2236/235/752 2237/234/751 2238/233/750
f  2239/155/753 2240/154/754 2241/156/755
f  2242/158/756 2243/154/754 2244/155/753
f  2245/154/754 2246/158/756 2247/157/757
f  2248/159/758 2249/157/757 2250/158/756
f  2251/157/757 2252/159/758 2253/160/759
f  2254/161/760 2255/160/759 2256/159/758
f  2257/160/759 2258/161/760 2259/162/761
f  2260/163/762 2261/162/761 2262/161/760
f  2263/165/763 2264/164/764 2265/166/765
f  2266/168/766 2267/164/764 2268/165/763
f  2269/164/764 2270/168/766 2271/167/767
f  2272/169/768 2273/167/767 2274/168/766
f  2275/167/767 2276/169/768 2277/170/769
f  2278/169/768 2279/171/770 2280/170/769
f  2281/171/770 2282/169/768 2283/172/771
f  2284/173/772 2285/171/770 2286/172/771
f  2287/318/773 2288/319/774 2289/320/775
f  2290/318/773 2291/320/775 2292/321/776
f  2293/318/773 2294/321/776 2295/322/777
f  2296/323/778 2297/318/773 2298/322/777
f  2299/318/773 2300/323/778 2301/324/779
f  2302/324/779 2303/323/778 2304/325/780
f  2305/321/776 2306/320/775 2307/326/781
f  2308/322/777 2309/321/776 2310/326/781
f  2311/322/777 2312/326/781 2313/327/782
f  2314/322/777 2315/327/782 2316/328/783
f  2317/329/784 2318/322/777 2319/328/783
f  2320/330/785 2321/322/777 2322/329/784
f  2323/323/778 2324/322/777 2325/330/785
f  2326/325/780 2327/323/778 2328/330/785
f  2329/320/775 2330/331/786 2331/326/781
f  2332/327/782 2333/326/781 2334/331/786
f  2335/332/787 2336/327/782 2337/331/786
f  2338/327/782 2339/332/787 2340/333/788
f  2341/327/782 2342/333/788 2343/328/783
f  2344/334/789 2345/328/783 2346/333/788
f  2347/335/790 2348/328/783 2349/334/789
f  2350/336/791 2351/335/790 2352/334/789
f  2353/337/792 2354/335/790 2355/336/791
f  2356/338/793 2357/337/792 2358/336/791
f  2359/339/794 2360/332/787 2361/331/786
f  2362/340/795 2363/332/787 2364/339/794
f  2365/340/795 2366/341/796 2367/332/787
f  2368/341/796 2369/342/797 2370/332/787
f  2371/333/788 2372/332/787 2373/342/797
f  2374/334/789 2375/333/788 2376/342/797
f  2377/338/793 2378/334/789 2379/342/797
f  2380/336/791 2381/334/789 2382/338/793
f  2383/343/798 2384/339/794 2385/331/786
f  2386/344/799 2387/339/794 2388/343/798
f  2389/344/799 2390/340/795 2391/339/794
f  2392/341/796 2393/338/793 2394/342/797
f  2395/340/795 2396/338/793 2397/341/796
f  2398/325/780 2399/330/785 2400/329/784
f  2401/345/800 2402/325/780 2403/329/784
f  2404/346/801 2405/325/780 2406/345/800
f  2407/346/801 2408/345/800 2409/347/802
f  2410/346/801 2411/347/802 2412/328/783
f  2413/347/802 2414/329/784 2415/328/783
f  2416/345/800 2417/329/784 2418/347/802
f  2419/154/803 2420/155/804 2421/156/805
f  2422/157/806 2423/155/804 2424/154/803
f  2425/155/804 2426/157/806 2427/158/807
f  2428/157/806 2429/159/808 2430/158/807
f  2431/159/808 2432/157/806 2433/160/809
f  2434/160/809 2435/161/810 2436/159/808
f  2437/161/810 2438/160/809 2439/162/811
f  2440/162/811 2441/163/812 2442/161/810
f  2443/164/813 2444/165/814 2445/166/815
f  2446/167/816 2447/165/814 2448/164/813
f  2449/165/814 2450/167/816 2451/168/817
f  2452/167/816 2453/169/818 2454/168/817
f  2455/169/818 2456/167/816 2457/170/819
f  2458/171/820 2459/169/818 2460/170/819
f  2461/169/818 2462/171/820 2463/172/821
f  2464/171/820 2465/173/822 2466/172/821
f  2467/137/823 2468/138/824 2469/139/825
f  2470/138/824 2471/140/826 2472/139/825
f  2473/139/825 2474/140/826 2475/141/827
f  2476/140/826 2477/142/828 2478/141/827
f  2479/142/828 2480/143/829 2481/141/827
f  2482/143/829 2483/144/830 2484/141/827
f  2485/145/831 2486/141/827 2487/144/830
f  2488/144/830 2489/146/832 2490/145/831
f  2491/147/833 2492/146/832 2493/144/830
f  2494/148/834 2495/146/832 2496/147/833
f  2497/149/835 2498/146/832 2499/148/834
f  2500/150/836 2501/146/832 2502/149/835
f  2503/151/837 2504/150/836 2505/149/835
f  2506/152/838 2507/150/836 2508/151/837
f  2509/153/839 2510/150/836 2511/152/838
f  2512/348/840 2513/349/841 2514/350/842
f  2515/348/840 2516/351/843 2517/349/841
f  2518/352/844 2519/349/841 2520/351/843
f  2521/353/845 2522/349/841 2523/352/844
f  2524/349/841 2525/353/845 2526/354/846
f  2527/349/841 2528/354/846 2529/350/842
f  2530/354/846 2531/355/847 2532/350/842
f  2533/356/848 2534/355/847 2535/354/846
f  2536/357/849 2537/351/843 2538/348/840
f  2539/358/850 2540/351/843 2541/357/849
f  2542/358/850 2543/359/851 2544/351/843
f  2545/352/844 2546/351/843 2547/359/851
f  2548/359/851 2549/360/852 2550/352/844
f  2551/361/853 2552/352/844 2553/360/852
f  2554/362/854 2555/352/844 2556/361/853
f  2557/352/844 2558/362/854 2559/353/845
f  2560/362/854 2561/354/846 2562/353/845
f  2563/363/855 2564/357/849 2565/348/840
f  2566/357/849 2567/363/855 2568/364/856
f  2569/365/857 2570/357/849 2571/364/856
f  2572/358/850 2573/357/849 2574/365/857
f  2575/348/840 2576/366/858 2577/363/855
f  2578/366/858 2579/364/856 2580/363/855
f  2581/364/856 2582/366/858 2583/367/859
f  2584/367/859 2585/368/860 2586/364/856
f  2587/364/856 2588/368/860 2589/369/861
f  2590/369/861 2591/365/857 2592/364/856
f  2593/370/862 2594/365/857 2595/369/861
f  2596/371/863 2597/365/857 2598/370/862
f  2599/365/857 2600/371/863 2601/358/850
f  2602/372/864 2603/358/850 2604/371/863
f  2605/358/850 2606/372/864 2607/373/865
f  2608/373/865 2609/374/866 2610/358/850
f  2611/358/850 2612/374/866 2613/359/851
f  2614/375/867 2615/370/862 2616/369/861
f  2617/376/868 2618/370/862 2619/375/867
f  2620/372/864 2621/370/862 2622/376/868
f  2623/371/863 2624/370/862 2625/372/864
f  2626/375/867 2627/369/861 2628/377/869
f  2629/375/867 2630/377/869 2631/378/870
f  2632/378/870 2633/376/868 2634/375/867
f  2635/376/868 2636/378/870 2637/379/871
f  2638/379/871 2639/373/865 2640/376/868
f  2641/376/868 2642/373/865 2643/372/864
f  2644/377/869 2645/380/872 2646/378/870
f  2647/378/870 2648/380/872 2649/381/873
f  2650/378/870 2651/381/873 2652/374/866
f  2653/379/871 2654/378/870 2655/374/866
f  2656/379/871 2657/374/866 2658/373/865
f  2659/382/874 2660/380/872 2661/377/869
f  2662/383/875 2663/380/872 2664/382/874
f  2665/380/872 2666/383/875 2667/384/876
f  2668/384/876 2669/381/873 2670/380/872
f  2671/381/873 2672/384/876 2673/385/877
f  2674/381/873 2675/385/877 2676/374/866
f  2677/385/877 2678/359/851 2679/374/866
f  2680/386/878 2681/382/874 2682/377/869
f  2683/386/878 2684/383/875 2685/382/874
f  2686/386/878 2687/387/879 2688/383/875
f  2689/388/880 2690/383/875 2691/387/879
f  2692/383/875 2693/388/880 2694/389/881
f  2695/383/875 2696/389/881 2697/390/882
f  2698/390/882 2699/384/876 2700/383/875
f  2701/384/876 2702/390/882 2703/385/877
f  2704/385/877 2705/390/882 2706/391/883
f  2707/391/883 2708/359/851 2709/385/877
f  2710/392/884 2711/387/879 2712/386/878
f  2713/387/879 2714/392/884 2715/393/885
f  2716/394/886 2717/387/879 2718/393/885
f  2719/388/880 2720/387/879 2721/394/886
f  2722/394/886 2723/389/881 2724/388/880
f  2725/394/886 2726/395/887 2727/389/881
f  2728/395/887 2729/396/888 2730/389/881
f  2731/389/881 2732/396/888 2733/397/889
f  2734/389/881 2735/397/889 2736/390/882
f  2737/397/889 2738/391/883 2739/390/882
f  2740/391/883 2741/397/889 2742/398/890
f  2743/398/890 2744/399/891 2745/391/883
f  2746/359/851 2747/391/883 2748/399/891
f  2749/394/886 2750/400/892 2751/395/887
f  2752/400/892 2753/396/888 2754/395/887
f  2755/400/892 2756/398/890 2757/396/888
f  2758/397/889 2759/396/888 2760/398/890
f  2761/400/892 2762/394/886 2763/401/893
f  2764/401/893 2765/402/894 2766/400/892
f  2767/402/894 2768/403/895 2769/400/892
f  2770/400/892 2771/403/895 2772/398/890
f  2773/403/895 2774/399/891 2775/398/890
f  2776/404/896 2777/399/891 2778/403/895
f  2779/399/891 2780/404/896 2781/405/897
f  2782/359/851 2783/399/891 2784/405/897
f  2785/405/897 2786/360/852 2787/359/851
f  2788/394/886 2789/406/898 2790/401/893
f  2791/401/893 2792/406/898 2793/407/899
f  2794/408/900 2795/401/893 2796/407/899
f  2797/409/901 2798/401/893 2799/408/900
f  2800/410/902 2801/401/893 2802/409/901
f  2803/402/894 2804/401/893 2805/410/902
f  2806/403/895 2807/402/894 2808/410/902
f  2809/410/902 2810/404/896 2811/403/895
f  2812/404/896 2813/410/902 2814/409/901
f  2815/411/903 2816/404/896 2817/409/901
f  2818/405/897 2819/404/896 2820/411/903
f  2821/411/903 2822/412/904 2823/405/897
f  2824/360/852 2825/405/897 2826/412/904
f  2827/360/852 2828/412/904 2829/413/905
f  2830/413/905 2831/361/853 2832/360/852
f  2833/408/900 2834/407/899 2835/414/906
f  2836/408/900 2837/414/906 2838/415/907
f  2839/409/901 2840/408/900 2841/415/907
f  2842/415/907 2843/416/908 2844/409/901
f  2845/411/903 2846/409/901 2847/416/908
f  2848/411/903 2849/416/908 2850/412/904
f  2851/412/904 2852/416/908 2853/417/909
f  2854/417/909 2855/418/910 2856/412/904
f  2857/412/904 2858/418/910 2859/413/905
f  2860/414/906 2861/419/911 2862/415/907
f  2863/419/911 2864/417/909 2865/415/907
f  2866/415/907 2867/417/909 2868/416/908
f  2869/419/911 2870/414/906 2871/420/912
f  2872/420/912 2873/421/913 2874/419/911
f  2875/413/905 2876/419/911 2877/421/913
f  2878/417/909 2879/419/911 2880/413/905
f  2881/417/909 2882/413/905 2883/418/910
f  2884/356/848 2885/421/913 2886/420/912
f  2887/421/913 2888/356/848 2889/354/846
f  2890/354/846 2891/422/914 2892/421/913
f  2893/422/914 2894/413/905 2895/421/913
f  2896/413/905 2897/422/914 2898/361/853
f  2899/361/853 2900/422/914 2901/362/854
f  2902/354/846 2903/362/854 2904/422/914
f  2905/423/915 2906/424/916 2907/425/917
f  2908/424/916 2909/423/915 2910/426/918
f  2911/427/919 2912/426/918 2913/423/915
f  2914/426/918 2915/427/919 2916/428/920
f  2917/429/921 2918/428/920 2919/427/919
f  2920/428/920 2921/429/921 2922/430/922
f  2923/431/923 2924/428/920 2925/430/922
f  2926/425/917 2927/432/924 2928/423/915
f  2929/433/925 2930/423/915 2931/432/924
f  2932/423/915 2933/433/925 2934/427/919
f  2935/433/925 2936/434/926 2937/427/919
f  2938/434/926 2939/429/921 2940/427/919
f  2941/435/927 2942/429/921 2943/434/926
f  2944/429/921 2945/435/927 2946/436/928
f  2947/429/921 2948/436/928 2949/430/922
f  2950/432/924 2951/425/917 2952/437/929
f  2953/437/929 2954/438/930 2955/432/924
f  2956/438/930 2957/439/931 2958/432/924
f  2959/439/931 2960/433/925 2961/432/924
f  2962/440/932 2963/433/925 2964/439/931
f  2965/433/925 2966/440/932 2967/434/926
f  2968/434/926 2969/440/932 2970/441/933
f  2971/435/927 2972/434/926 2973/441/933
f  2974/441/933 2975/442/934 2976/435/927
f  2977/436/928 2978/435/927 2979/442/934
f  2980/430/922 2981/436/928 2982/442/934
f  2983/438/930 2984/437/929 2985/443/935
f  2986/444/936 2987/438/930 2988/443/935
f  2989/445/937 2990/438/930 2991/444/936
f  2992/438/930 2993/445/937 2994/439/931
f  2995/439/931 2996/445/937 2997/446/938
f  2998/440/932 2999/439/931 3000/446/938
f  3001/437/929 3002/447/939 3003/443/935
f  3004/443/935 3005/447/939 3006/448/940
f  3007/449/941 3008/443/935 3009/448/940
f  3010/444/936 3011/443/935 3012/449/941
f  3013/445/937 3014/444/936 3015/449/941
f  3016/449/941 3017/446/938 3018/445/937
f  3019/450/942 3020/446/938 3021/449/941
f  3022/451/943 3023/446/938 3024/450/942
f  3025/446/938 3026/451/943 3027/452/944
f  3028/440/932 3029/446/938 3030/452/944
f  3031/453/945 3032/449/941 3033/448/940
f  3034/450/942 3035/449/941 3036/453/945
f  3037/454/946 3038/450/942 3039/453/945
f  3040/450/942 3041/454/946 3042/455/947
f  3043/451/943 3044/450/942 3045/455/947
f  3046/456/948 3047/451/943 3048/455/947
f  3049/456/948 3050/457/949 3051/451/943
f  3052/457/949 3053/458/950 3054/451/943
f  3055/458/950 3056/452/944 3057/451/943
f  3058/448/940 3059/454/946 3060/453/945
f  3061/431/923 3062/430/922 3063/459/951
f  3064/430/922 3065/442/934 3066/459/951
f  3067/442/934 3068/460/952 3069/459/951
f  3070/461/953 3071/459/951 3072/460/952
f  3073/462/954 3074/461/953 3075/460/952
f  3076/461/953 3077/462/954 3078/463/955
f  3079/462/954 3080/464/956 3081/463/955
f  3082/464/956 3083/465/957 3084/463/955
f  3085/466/958 3086/465/957 3087/464/956
f  3088/442/934 3089/462/954 3090/460/952
f  3091/441/933 3092/462/954 3093/442/934
f  3094/441/933 3095/464/956 3096/462/954
f  3097/464/956 3098/441/933 3099/467/959
f  3100/467/959 3101/468/960 3102/464/956
f  3103/468/960 3104/466/958 3105/464/956
f  3106/468/960 3107/469/961 3108/466/958
f  3109/469/961 3110/470/962 3111/466/958
f  3112/470/962 3113/469/961 3114/471/963
f  3115/469/961 3116/472/964 3117/471/963
f  3118/472/964 3119/473/965 3120/471/963
f  3121/441/933 3122/440/932 3123/467/959
f  3124/474/966 3125/467/959 3126/440/932
f  3127/468/960 3128/467/959 3129/474/966
f  3130/475/967 3131/468/960 3132/474/966
f  3133/468/960 3134/475/967 3135/472/964
f  3136/469/961 3137/468/960 3138/472/964
f  3139/440/932 3140/475/967 3141/474/966
f  3142/475/967 3143/440/932 3144/476/968
f  3145/458/950 3146/475/967 3147/476/968
f  3148/475/967 3149/458/950 3150/472/964
f  3151/458/950 3152/477/969 3153/472/964
f  3154/472/964 3155/477/969 3156/478/970
f  3157/473/965 3158/472/964 3159/478/970
f  3160/452/944 3161/476/968 3162/440/932
f  3163/452/944 3164/458/950 3165/476/968
f  3166/477/969 3167/479/971 3168/478/970
f  3169/479/971 3170/477/969 3171/457/949
f  3172/477/969 3173/458/950 3174/457/949
f  3175/480/972 3176/481/973 3177/482/974
f  3178/481/973 3179/480/972 3180/483/975
f  3181/484/976 3182/481/973 3183/483/975
f  3184/485/977 3185/481/973 3186/484/976
f  3187/482/974 3188/481/973 3189/485/977
f  3190/482/974 3191/485/977 3192/486/978
f  3193/486/978 3194/485/977 3195/487/979
f  3196/487/979 3197/485/977 3198/488/980
f  3199/487/979 3200/488/980 3201/489/981
f  3202/480/972 3203/490/982 3204/483/975
f  3205/490/982 3206/491/983 3207/483/975
f  3208/483/975 3209/491/983 3210/492/984
f  3211/493/985 3212/483/975 3213/492/984
f  3214/483/975 3215/493/985 3216/494/986
f  3217/484/976 3218/483/975 3219/494/986
f  3220/490/982 3221/480/972 3222/495/987
f  3223/490/982 3224/495/987 3225/496/988
f  3226/490/982 3227/496/988 3228/491/983
f  3229/491/983 3230/496/988 3231/497/989
f  3232/498/990 3233/491/983 3234/497/989
f  3235/498/990 3236/499/991 3237/491/983
f  3238/499/991 3239/492/984 3240/491/983
f  3241/500/992 3242/492/984 3243/499/991
f  3244/500/992 3245/493/985 3246/492/984
f  3247/493/985 3248/500/992 3249/501/993
f  3250/500/992 3251/502/994 3252/501/993
f  3253/496/988 3254/495/987 3255/503/995
f  3256/496/988 3257/503/995 3258/504/996
f  3259/496/988 3260/504/996 3261/497/989
f  3262/497/989 3263/504/996 3264/505/997
f  3265/506/998 3266/497/989 3267/505/997
f  3268/506/998 3269/507/999 3270/497/989
f  3271/497/989 3272/507/999 3273/498/990
f  3274/507/999 3275/499/991 3276/498/990
f  3277/499/991 3278/507/999 3279/508/1000
f  3280/499/991 3281/508/1000 3282/509/1001
f  3283/502/994 3284/499/991 3285/509/1001
f  3286/500/992 3287/499/991 3288/502/994
f  3289/507/999 3290/506/998 3291/510/1002
f  3292/508/1000 3293/507/999 3294/510/1002
f  3295/488/980 3296/511/1003 3297/489/981
f  3298/512/1004 3299/511/1003 3300/488/980
f  3301/511/1003 3302/512/1004 3303/513/1005
f  3304/512/1004 3305/514/1006 3306/513/1005
f  3307/512/1004 3308/515/1007 3309/514/1006
f  3310/514/1006 3311/515/1007 3312/516/1008
f  3313/515/1007 3314/517/1009 3315/516/1008
f  3316/512/1004 3317/488/980 3318/518/1010
f  3319/515/1007 3320/512/1004 3321/518/1010
f  3322/515/1007 3323/518/1010 3324/484/976
f  3325/494/986 3326/515/1007 3327/484/976
f  3328/494/986 3329/519/1011 3330/515/1007
f  3331/515/1007 3332/519/1011 3333/517/1009
f  3334/517/1009 3335/519/1011 3336/520/1012
f  3337/519/1011 3338/493/985 3339/520/1012
f  3340/493/985 3341/519/1011 3342/494/986
f  3343/484/976 3344/518/1010 3345/488/980
f  3346/485/977 3347/484/976 3348/488/980
f  3349/521/1013 3350/522/1014 3351/523/1015
f  3352/522/1014 3353/521/1013 3354/524/1016
f  3355/525/1017 3356/522/1014 3357/524/1016
f  3358/522/1014 3359/525/1017 3360/526/1018
f  3361/527/1019 3362/522/1014 3363/526/1018
f  3364/522/1014 3365/527/1019 3366/528/1020
f  3367/528/1020 3368/527/1019 3369/529/1021
f  3370/521/1013 3371/523/1015 3372/530/1022
f  3373/521/1013 3374/530/1022 3375/531/1023
f  3376/521/1013 3377/531/1023 3378/524/1016
f  3379/524/1016 3380/531/1023 3381/532/1024
f  3382/532/1024 3383/533/1025 3384/524/1016
f  3385/533/1025 3386/525/1017 3387/524/1016
f  3388/534/1026 3389/525/1017 3390/533/1025
f  3391/525/1017 3392/534/1026 3393/535/1027
f  3394/525/1017 3395/535/1027 3396/526/1018
f  3397/530/1022 3398/536/1028 3399/531/1023
f  3400/531/1023 3401/536/1028 3402/537/1029
f  3403/532/1024 3404/531/1023 3405/537/1029
f  3406/538/1030 3407/532/1024 3408/537/1029
f  3409/538/1030 3410/539/1031 3411/532/1024
f  3412/532/1024 3413/539/1031 3414/533/1025
f  3415/539/1031 3416/534/1026 3417/533/1025
f  3418/537/1029 3419/536/1028 3420/540/1032
f  3421/540/1032 3422/541/1033 3423/537/1029
f  3424/541/1033 3425/542/1034 3426/537/1029
f  3427/542/1034 3428/538/1030 3429/537/1029
f  3430/542/1034 3431/543/1035 3432/538/1030
f  3433/543/1035 3434/544/1036 3435/538/1030
f  3436/539/1031 3437/538/1030 3438/544/1036
f  3439/534/1026 3440/539/1031 3441/544/1036
f  3442/540/1032 3443/545/1037 3444/541/1033
f  3445/545/1037 3446/546/1038 3447/541/1033
f  3448/541/1033 3449/546/1038 3450/547/1039
f  3451/547/1039 3452/542/1034 3453/541/1033
f  3454/543/1035 3455/542/1034 3456/547/1039
f  3457/543/1035 3458/547/1039 3459/548/1040
f  3460/548/1040 3461/549/1041 3462/543/1035
f  3463/543/1035 3464/549/1041 3465/550/1042
f  3466/544/1036 3467/543/1035 3468/550/1042
f  3469/550/1042 3470/551/1043 3471/544/1036
f  3472/551/1043 3473/534/1026 3474/544/1036
f  3475/547/1039 3476/546/1038 3477/552/1044
f  3478/547/1039 3479/552/1044 3480/548/1040
f  3481/552/1044 3482/553/1045 3483/548/1040
f  3484/549/1041 3485/548/1040 3486/553/1045
f  3487/549/1041 3488/553/1045 3489/554/1046
f  3490/555/1047 3491/549/1041 3492/554/1046
f  3493/549/1041 3494/555/1047 3495/550/1042
f  3496/551/1043 3497/550/1042 3498/555/1047
f  3499/556/1048 3500/551/1043 3501/555/1047
f  3502/551/1043 3503/556/1048 3504/557/1049
f  3505/534/1026 3506/551/1043 3507/557/1049
f  3508/558/1050 3509/534/1026 3510/557/1049
f  3511/534/1026 3512/558/1050 3513/535/1027
f  3514/552/1044 3515/559/1051 3516/553/1045
f  3517/553/1045 3518/559/1051 3519/560/1052
f  3520/560/1052 3521/561/1053 3522/553/1045
f  3523/561/1053 3524/554/1046 3525/553/1045
f  3526/562/1054 3527/554/1046 3528/561/1053
f  3529/562/1054 3530/563/1055 3531/554/1046
f  3532/563/1055 3533/555/1047 3534/554/1046
f  3535/555/1047 3536/563/1055 3537/564/1056
f  3538/565/1057 3539/555/1047 3540/564/1056
f  3541/555/1047 3542/565/1057 3543/556/1048
f  3544/565/1057 3545/566/1058 3546/556/1048
f  3547/566/1058 3548/557/1049 3549/556/1048
f  3550/557/1049 3551/566/1058 3552/567/1059
f  3553/567/1059 3554/558/1050 3555/557/1049
f  3556/558/1050 3557/567/1059 3558/568/1060
f  3559/558/1050 3560/568/1060 3561/535/1027
f  3562/535/1027 3563/568/1060 3564/526/1018
f  3565/569/1061 3566/563/1055 3567/562/1054
f  3568/563/1055 3569/569/1061 3570/570/1062
f  3571/563/1055 3572/570/1062 3573/564/1056
f  3574/564/1056 3575/570/1062 3576/571/1063
f  3577/564/1056 3578/571/1063 3579/572/1064
f  3580/572/1064 3581/565/1057 3582/564/1056
f  3583/573/1065 3584/565/1057 3585/572/1064
f  3586/565/1057 3587/573/1065 3588/566/1058
f  3589/574/1066 3590/566/1058 3591/573/1065
f  3592/575/1067 3593/566/1058 3594/574/1066
f  3595/566/1058 3596/575/1067 3597/567/1059
f  3598/567/1059 3599/575/1067 3600/576/1068
f  3601/568/1060 3602/567/1059 3603/576/1068
f  3604/577/1069 3605/568/1060 3606/576/1068
f  3607/577/1069 3608/526/1018 3609/568/1060
f  3610/577/1069 3611/527/1019 3612/526/1018
f  3613/571/1063 3614/578/1070 3615/572/1064
f  3616/579/1071 3617/572/1064 3618/578/1070
f  3619/579/1071 3620/580/1072 3621/572/1064
f  3622/572/1064 3623/580/1072 3624/573/1065
f  3625/580/1072 3626/574/1066 3627/573/1065
f  3628/581/1073 3629/574/1066 3630/580/1072
f  3631/581/1073 3632/582/1074 3633/574/1066
f  3634/575/1067 3635/574/1066 3636/582/1074
f  3637/575/1067 3638/582/1074 3639/576/1068
f  3640/582/1074 3641/583/1075 3642/576/1068
f  3643/584/1076 3644/576/1068 3645/583/1075
f  3646/584/1076 3647/577/1069 3648/576/1068
f  3649/584/1076 3650/529/1021 3651/577/1069
f  3652/529/1021 3653/527/1019 3654/577/1069
f  3655/581/1073 3656/585/1077 3657/582/1074
f  3658/585/1077 3659/583/1075 3660/582/1074
f  3661/586/1078 3662/587/1079 3663/588/1080
f  3664/587/1079 3665/586/1078 3666/589/1081
f  3667/590/1082 3668/587/1079 3669/589/1081
f  3670/587/1079 3671/590/1082 3672/591/1083
f  3673/592/1084 3674/587/1079 3675/591/1083
f  3676/587/1079 3677/592/1084 3678/593/1085
f  3679/594/1086 3680/587/1079 3681/593/1085
f  3682/587/1079 3683/594/1086 3684/588/1080
f  3685/595/1087 3686/588/1080 3687/594/1086
f  3688/589/1081 3689/596/1088 3690/590/1082
f  3691/596/1088 3692/597/1089 3693/590/1082
f  3694/597/1089 3695/598/1090 3696/590/1082
f  3697/590/1082 3698/598/1090 3699/591/1083
f  3700/598/1090 3701/599/1091 3702/591/1083
f  3703/599/1091 3704/600/1092 3705/591/1083
f  3706/591/1083 3707/600/1092 3708/601/1093
f  3709/592/1084 3710/591/1083 3711/601/1093
f  3712/602/1094 3713/597/1089 3714/596/1088
f  3715/602/1094 3716/603/1095 3717/597/1089
f  3718/603/1095 3719/604/1096 3720/597/1089
f  3721/604/1096 3722/598/1090 3723/597/1089
f  3724/599/1091 3725/598/1090 3726/604/1096
f  3727/599/1091 3728/604/1096 3729/605/1097
f  3730/599/1091 3731/605/1097 3732/606/1098
f  3733/600/1092 3734/599/1091 3735/606/1098
f  3736/606/1098 3737/607/1099 3738/600/1092
f  3739/600/1092 3740/607/1099 3741/608/1100
f  3742/608/1100 3743/601/1093 3744/600/1092
f  3745/608/1100 3746/609/1101 3747/601/1093
f  3748/609/1101 3749/592/1084 3750/601/1093
f  3751/610/1102 3752/604/1096 3753/603/1095
f  3754/604/1096 3755/610/1102 3756/611/1103
f  3757/604/1096 3758/611/1103 3759/612/1104
f  3760/604/1096 3761/612/1104 3762/605/1097
f  3763/605/1097 3764/612/1104 3765/613/1105
f  3766/614/1106 3767/605/1097 3768/613/1105
f  3769/615/1107 3770/605/1097 3771/614/1106
f  3772/606/1098 3773/605/1097 3774/615/1107
f  3775/611/1103 3776/610/1102 3777/616/1108
f  3778/612/1104 3779/611/1103 3780/616/1108
f  3781/612/1104 3782/616/1108 3783/617/1109
f  3784/612/1104 3785/617/1109 3786/613/1105
f  3787/617/1109 3788/618/1110 3789/613/1105
f  3790/618/1110 3791/619/1111 3792/613/1105
f  3793/619/1111 3794/620/1112 3795/613/1105
f  3796/620/1112 3797/614/1106 3798/613/1105
f  3799/621/1113 3800/614/1106 3801/620/1112
f  3802/614/1106 3803/621/1113 3804/622/1114
f  3805/615/1107 3806/614/1106 3807/622/1114
f  3808/623/1115 3809/615/1107 3810/622/1114
f  3811/606/1098 3812/615/1107 3813/623/1115
f  3814/619/1111 3815/618/1110 3816/624/1116
f  3817/620/1112 3818/619/1111 3819/624/1116
f  3820/620/1112 3821/624/1116 3822/625/1117
f  3823/625/1117 3824/621/1113 3825/620/1112
f  3826/626/1118 3827/621/1113 3828/625/1117
f  3829/621/1113 3830/626/1118 3831/622/1114
f  3832/626/1118 3833/627/1119 3834/622/1114
f  3835/622/1114 3836/627/1119 3837/628/1120
f  3838/623/1115 3839/622/1114 3840/628/1120
f  3841/624/1116 3842/618/1110 3843/629/1121
f  3844/630/1122 3845/624/1116 3846/629/1121
f  3847/631/1123 3848/624/1116 3849/630/1122
f  3850/631/1123 3851/632/1124 3852/624/1116
f  3853/624/1116 3854/632/1124 3855/625/1117
f  3856/632/1124 3857/633/1125 3858/625/1117
f  3859/633/1125 3860/626/1118 3861/625/1117
f  3862/626/1118 3863/633/1125 3864/634/1126
f  3865/635/1127 3866/626/1118 3867/634/1126
f  3868/626/1118 3869/635/1127 3870/636/1128
f  3871/627/1119 3872/626/1118 3873/636/1128
f  3874/637/1129 3875/631/1123 3876/630/1122
f  3877/631/1123 3878/637/1129 3879/632/1124
f  3880/637/1129 3881/633/1125 3882/632/1124
f  3883/637/1129 3884/638/1130 3885/633/1125
f  3886/638/1130 3887/639/1131 3888/633/1125
f  3889/633/1125 3890/639/1131 3891/640/1132
f  3892/633/1125 3893/640/1132 3894/634/1126
f  3895/640/1132 3896/641/1133 3897/634/1126
f  3898/641/1133 3899/642/1134 3900/634/1126
f  3901/635/1127 3902/634/1126 3903/642/1134
f  3904/643/1135 3905/635/1127 3906/642/1134
f  3907/635/1127 3908/643/1135 3909/636/1128
f  3910/639/1131 3911/644/1136 3912/640/1132
f  3913/640/1132 3914/644/1136 3915/641/1133
f  3916/641/1133 3917/644/1136 3918/645/1137
f  3919/641/1133 3920/645/1137 3921/646/1138
f  3922/647/1139 3923/641/1133 3924/646/1138
f  3925/647/1139 3926/648/1140 3927/641/1133
f  3928/648/1140 3929/642/1134 3930/641/1133
f  3931/642/1134 3932/648/1140 3933/649/1141
f  3934/643/1135 3935/642/1134 3936/649/1141
f  3937/644/1136 3938/639/1131 3939/645/1137
f  3940/648/1140 3941/647/1139 3942/649/1141
f  3943/647/1139 3944/650/1142 3945/649/1141
f  3946/650/1142 3947/651/1143 3948/649/1141
f  3949/651/1143 3950/652/1144 3951/649/1141
f  3952/652/1144 3953/643/1135 3954/649/1141
f  3955/652/1144 3956/653/1145 3957/643/1135
f  3958/643/1135 3959/653/1145 3960/636/1128
f  3961/653/1145 3962/654/1146 3963/636/1128
f  3964/636/1128 3965/654/1146 3966/655/1147
f  3967/627/1119 3968/636/1128 3969/655/1147
f  3970/656/1148 3971/651/1143 3972/650/1142
f  3973/657/1149 3974/651/1143 3975/656/1148
f  3976/657/1149 3977/658/1150 3978/651/1143
f  3979/651/1143 3980/658/1150 3981/652/1144
f  3982/658/1150 3983/659/1151 3984/652/1144
f  3985/652/1144 3986/659/1151 3987/660/1152
f  3988/652/1144 3989/660/1152 3990/653/1145
f  3991/653/1145 3992/660/1152 3993/654/1146
f  3994/660/1152 3995/661/1153 3996/654/1146
f  3997/661/1153 3998/662/1154 3999/654/1146
f  4000/662/1154 4001/655/1147 4002/654/1146
f  4003/663/1155 4004/657/1149 4005/656/1148
f  4006/663/1155 4007/658/1150 4008/657/1149
f  4009/658/1150 4010/663/1155 4011/664/1156
f  4012/658/1150 4013/664/1156 4014/665/1157
f  4015/666/1158 4016/658/1150 4017/665/1157
f  4018/666/1158 4019/659/1151 4020/658/1150
f  4021/659/1151 4022/666/1158 4023/593/1085
f  4024/667/1159 4025/659/1151 4026/593/1085
f  4027/659/1151 4028/667/1159 4029/660/1152
f  4030/668/1160 4031/660/1152 4032/667/1159
f  4033/660/1152 4034/668/1160 4035/661/1153
f  4036/668/1160 4037/669/1161 4038/661/1153
f  4039/669/1161 4040/662/1154 4041/661/1153
f  4042/664/1156 4043/670/1162 4044/665/1157
f  4045/665/1157 4046/670/1162 4047/595/1087
f  4048/665/1157 4049/595/1087 4050/594/1086
f  4051/666/1158 4052/665/1157 4053/594/1086
f  4054/666/1158 4055/594/1086 4056/593/1085
f  4057/669/1161 4058/671/1163 4059/662/1154
f  4060/609/1101 4061/671/1163 4062/669/1161
f  4063/671/1163 4064/609/1101 4065/672/1164
f  4066/671/1163 4067/672/1164 4068/673/1165
f  4069/671/1163 4070/673/1165 4071/628/1120
f  4072/627/1119 4073/671/1163 4074/628/1120
f  4075/671/1163 4076/627/1119 4077/655/1147
f  4078/662/1154 4079/671/1163 4080/655/1147
f  4081/609/1101 4082/669/1161 4083/674/1166
f  4084/609/1101 4085/674/1166 4086/675/1167
f  4087/592/1084 4088/609/1101 4089/675/1167
f  4090/593/1085 4091/592/1084 4092/675/1167
f  4093/667/1159 4094/593/1085 4095/675/1167
f  4096/675/1167 4097/674/1166 4098/667/1159
f  4099/668/1160 4100/667/1159 4101/674/1166
f  4102/669/1161 4103/668/1160 4104/674/1166
f  4105/628/1120 4106/673/1165 4107/623/1115
f  4108/673/1165 4109/676/1168 4110/623/1115
f  4111/676/1168 4112/606/1098 4113/623/1115
f  4114/607/1099 4115/606/1098 4116/676/1168
f  4117/672/1164 4118/607/1099 4119/676/1168
f  4120/607/1099 4121/672/1164 4122/608/1100
f  4123/672/1164 4124/609/1101 4125/608/1100
f  4126/673/1165 4127/672/1164 4128/676/1168
f  4129/521/1013 4130/522/1014 4131/523/1015
f  4132/522/1014 4133/521/1013 4134/524/1016
f  4135/525/1017 4136/522/1014 4137/524/1016
f  4138/522/1014 4139/525/1017 4140/526/1018
f  4141/527/1019 4142/522/1014 4143/526/1018
f  4144/522/1014 4145/527/1019 4146/528/1020
f  4147/528/1020 4148/527/1019 4149/529/1021
f  4150/521/1013 4151/523/1015 4152/530/1022
f  4153/521/1013 4154/530/1022 4155/531/1023
f  4156/521/1013 4157/531/1023 4158/524/1016
f  4159/524/1016 4160/531/1023 4161/532/1024
f  4162/532/1024 4163/533/1025 4164/524/1016
f  4165/533/1025 4166/525/1017 4167/524/1016
f  4168/534/1026 4169/525/1017 4170/533/1025
f  4171/525/1017 4172/534/1026 4173/535/1027
f  4174/525/1017 4175/535/1027 4176/526/1018
f  4177/530/1022 4178/536/1028 4179/531/1023
f  4180/531/1023 4181/536/1028 4182/537/1029
f  4183/532/1024 4184/531/1023 4185/537/1029
f  4186/538/1030 4187/532/1024 4188/537/1029
f  4189/538/1030 4190/539/1031 4191/532/1024
f  4192/532/1024 4193/539/1031 4194/533/1025
f  4195/539/1031 4196/534/1026 4197/533/1025
f  4198/537/1029 4199/536/1028 4200/540/1032
f  4201/540/1032 4202/541/1033 4203/537/1029
f  4204/541/1033 4205/542/1034 4206/537/1029
f  4207/542/1034 4208/538/1030 4209/537/1029
f  4210/542/1034 4211/543/1035 4212/538/1030
f  4213/543/1035 4214/544/1036 4215/538/1030
f  4216/539/1031 4217/538/1030 4218/544/1036
f  4219/534/1026 4220/539/1031 4221/544/1036
f  4222/540/1032 4223/545/1037 4224/541/1033
f  4225/545/1037 4226/546/1038 4227/541/1033
f  4228/541/1033 4229/546/1038 4230/547/1039
f  4231/547/1039 4232/542/1034 4233/541/1033
f  4234/543/1035 4235/542/1034 4236/547/1039
f  4237/543/1035 4238/547/1039 4239/548/1040
f  4240/548/1040 4241/549/1041 4242/543/1035
f  4243/543/1035 4244/549/1041 4245/550/1042
f  4246/544/1036 4247/543/1035 4248/550/1042
f  4249/550/1042 4250/551/1043 4251/544/1036
f  4252/551/1043 4253/534/1026 4254/544/1036
f  4255/547/1039 4256/546/1038 4257/552/1044
f  4258/547/1039 4259/552/1044 4260/548/1040
f  4261/552/1044 4262/553/1045 4263/548/1040
f  4264/549/1041 4265/548/1040 4266/553/1045
f  4267/549/1041 4268/553/1045 4269/554/1046
f  4270/555/1047 4271/549/1041 4272/554/1046
f  4273/549/1041 4274/555/1047 4275/550/1042
f  4276/551/1043 4277/550/1042 4278/555/1047
f  4279/556/1048 4280/551/1043 4281/555/1047
f  4282/551/1043 4283/556/1048 4284/557/1049
f  4285/534/1026 4286/551/1043 4287/557/1049
f  4288/558/1050 4289/534/1026 4290/557/1049
f  4291/534/1026 4292/558/1050 4293/535/1027
f  4294/552/1044 4295/559/1051 4296/553/1045
f  4297/553/1045 4298/559/1051 4299/560/1052
f  4300/560/1052 4301/561/1053 4302/553/1045
f  4303/561/1053 4304/554/1046 4305/553/1045
f  4306/562/1054 4307/554/1046 4308/561/1053
f  4309/562/1054 4310/563/1055 4311/554/1046
f  4312/563/1055 4313/555/1047 4314/554/1046
f  4315/555/1047 4316/563/1055 4317/564/1056
f  4318/565/1057 4319/555/1047 4320/564/1056
f  4321/555/1047 4322/565/1057 4323/556/1048
f  4324/565/1057 4325/566/1058 4326/556/1048
f  4327/566/1058 4328/557/1049 4329/556/1048
f  4330/557/1049 4331/566/1058 4332/567/1059
f  4333/567/1059 4334/558/1050 4335/557/1049
f  4336/558/1050 4337/567/1059 4338/568/1060
f  4339/558/1050 4340/568/1060 4341/535/1027
f  4342/535/1027 4343/568/1060 4344/526/1018
f  4345/569/1061 4346/563/1055 4347/562/1054
f  4348/563/1055 4349/569/1061 4350/570/1062
f  4351/563/1055 4352/570/1062 4353/564/1056
f  4354/564/1056 4355/570/1062 4356/571/1063
f  4357/564/1056 4358/571/1063 4359/572/1064
f  4360/572/1064 4361/565/1057 4362/564/1056
f  4363/573/1065 4364/565/1057 4365/572/1064
f  4366/565/1057 4367/573/1065 4368/566/1058
f  4369/574/1066 4370/566/1058 4371/573/1065
f  4372/575/1067 4373/566/1058 4374/574/1066
f  4375/566/1058 4376/575/1067 4377/567/1059
f  4378/567/1059 4379/575/1067 4380/576/1068
f  4381/568/1060 4382/567/1059 4383/576/1068
f  4384/577/1069 4385/568/1060 4386/576/1068
f  4387/577/1069 4388/526/1018 4389/568/1060
f  4390/577/1069 4391/527/1019 4392/526/1018
f  4393/571/1063 4394/578/1070 4395/572/1064
f  4396/579/1071 4397/572/1064 4398/578/1070
f  4399/579/1071 4400/580/1072 4401/572/1064
f  4402/572/1064 4403/580/1072 4404/573/1065
f  4405/580/1072 4406/574/1066 4407/573/1065
f  4408/581/1073 4409/574/1066 4410/580/1072
f  4411/581/1073 4412/582/1074 4413/574/1066
f  4414/575/1067 4415/574/1066 4416/582/1074
f  4417/575/1067 4418/582/1074 4419/576/1068
f  4420/582/1074 4421/583/1075 4422/576/1068
f  4423/584/1076 4424/576/1068 4425/583/1075
f  4426/584/1076 4427/577/1069 4428/576/1068
f  4429/584/1076 4430/529/1021 4431/577/1069
f  4432/529/1021 4433/527/1019 4434/577/1069
f  4435/581/1073 4436/585/1077 4437/582/1074
f  4438/585/1077 4439/583/1075 4440/582/1074
f  4441/586/1078 4442/587/1079 4443/588/1080
f  4444/587/1079 4445/586/1078 4446/589/1081
f  4447/590/1082 4448/587/1079 4449/589/1081
f  4450/587/1079 4451/590/1082 4452/591/1083
f  4453/592/1084 4454/587/1079 4455/591/1083
f  4456/587/1079 4457/592/1084 4458/593/1085
f  4459/594/1086 4460/587/1079 4461/593/1085
f  4462/587/1079 4463/594/1086 4464/588/1080
f  4465/595/1087 4466/588/1080 4467/594/1086
f  4468/589/1081 4469/596/1088 4470/590/1082
f  4471/596/1088 4472/597/1089 4473/590/1082
f  4474/597/1089 4475/598/1090 4476/590/1082
f  4477/590/1082 4478/598/1090 4479/591/1083
f  4480/598/1090 4481/599/1091 4482/591/1083
f  4483/599/1091 4484/600/1092 4485/591/1083
f  4486/591/1083 4487/600/1092 4488/601/1093
f  4489/592/1084 4490/591/1083 4491/601/1093
f  4492/602/1094 4493/597/1089 4494/596/1088
f  4495/602/1094 4496/603/1095 4497/597/1089
f  4498/603/1095 4499/604/1096 4500/597/1089
f  4501/604/1096 4502/598/1090 4503/597/1089
f  4504/599/1091 4505/598/1090 4506/604/1096
f  4507/599/1091 4508/604/1096 4509/605/1097
f  4510/599/1091 4511/605/1097 4512/606/1098
f  4513/600/1092 4514/599/1091 4515/606/1098
f  4516/606/1098 4517/607/1099 4518/600/1092
f  4519/600/1092 4520/607/1099 4521/608/1100
f  4522/608/1100 4523/601/1093 4524/600/1092
f  4525/608/1100 4526/609/1101 4527/601/1093
f  4528/609/1101 4529/592/1084 4530/601/1093
f  4531/610/1102 4532/604/1096 4533/603/1095
f  4534/604/1096 4535/610/1102 4536/611/1103
f  4537/604/1096 4538/611/1103 4539/612/1104
f  4540/604/1096 4541/612/1104 4542/605/1097
f  4543/605/1097 4544/612/1104 4545/613/1105
f  4546/614/1106 4547/605/1097 4548/613/1105
f  4549/615/1107 4550/605/1097 4551/614/1106
f  4552/606/1098 4553/605/1097 4554/615/1107
f  4555/611/1103 4556/610/1102 4557/616/1108
f  4558/612/1104 4559/611/1103 4560/616/1108
f  4561/612/1104 4562/616/1108 4563/617/1109
f  4564/612/1104 4565/617/1109 4566/613/1105
f  4567/617/1109 4568/618/1110 4569/613/1105
f  4570/618/1110 4571/619/1111 4572/613/1105
f  4573/619/1111 4574/620/1112 4575/613/1105
f  4576/620/1112 4577/614/1106 4578/613/1105
f  4579/621/1113 4580/614/1106 4581/620/1112
f  4582/614/1106 4583/621/1113 4584/622/1114
f  4585/615/1107 4586/614/1106 4587/622/1114
f  4588/623/1115 4589/615/1107 4590/622/1114
f  4591/606/1098 4592/615/1107 4593/623/1115
f  4594/619/1111 4595/618/1110 4596/624/1116
f  4597/620/1112 4598/619/1111 4599/624/1116
f  4600/620/1112 4601/624/1116 4602/625/1117
f  4603/625/1117 4604/621/1113 4605/620/1112
f  4606/626/1118 4607/621/1113 4608/625/1117
f  4609/621/1113 4610/626/1118 4611/622/1114
f  4612/626/1118 4613/627/1119 4614/622/1114
f  4615/622/1114 4616/627/1119 4617/628/1120
f  4618/623/1115 4619/622/1114 4620/628/1120
f  4621/624/1116 4622/618/1110 4623/629/1121
f  4624/630/1122 4625/624/1116 4626/629/1121
f  4627/631/1123 4628/624/1116 4629/630/1122
f  4630/631/1123 4631/632/1124 4632/624/1116
f  4633/624/1116 4634/632/1124 4635/625/1117
f  4636/632/1124 4637/633/1125 4638/625/1117
f  4639/633/1125 4640/626/1118 4641/625/1117
f  4642/626/1118 4643/633/1125 4644/634/1126
f  4645/635/1127 4646/626/1118 4647/634/1126
f  4648/626/1118 4649/635/1127 4650/636/1128
f  4651/627/1119 4652/626/1118 4653/636/1128
f  4654/637/1129 4655/631/1123 4656/630/1122
f  4657/631/1123 4658/637/1129 4659/632/1124
f  4660/637/1129 4661/633/1125 4662/632/1124
f  4663/637/1129 4664/638/1130 4665/633/1125
f  4666/638/1130 4667/639/1131 4668/633/1125
f  4669/633/1125 4670/639/1131 4671/640/1132
f  4672/633/1125 4673/640/1132 4674/634/1126
f  4675/640/1132 4676/641/1133 4677/634/1126
f  4678/641/1133 4679/642/1134 4680/634/1126
f  4681/635/1127 4682/634/1126 4683/642/1134
f  4684/643/1135 4685/635/1127 4686/642/1134
f  4687/635/1127 4688/643/1135 4689/636/1128
f  4690/639/1131 4691/644/1136 4692/640/1132
f  4693/640/1132 4694/644/1136 4695/641/1133
f  4696/641/1133 4697/644/1136 4698/645/1137
f  4699/641/1133 4700/645/1137 4701/646/1138
f  4702/647/1139 4703/641/1133 4704/646/1138
f  4705/647/1139 4706/648/1140 4707/641/1133
f  4708/648/1140 4709/642/1134 4710/641/1133
f  4711/642/1134 4712/648/1140 4713/649/1141
f  4714/643/1135 4715/642/1134 4716/649/1141
f  4717/644/1136 4718/639/1131 4719/645/1137
f  4720/648/1140 4721/647/1139 4722/649/1141
f  4723/647/1139 4724/650/1142 4725/649/1141
f  4726/650/1142 4727/651/1143 4728/649/1141
f  4729/651/1143 4730/652/1144 4731/649/1141
f  4732/652/1144 4733/643/1135 4734/649/1141
f  4735/652/1144 4736/653/1145 4737/643/1135
f  4738/643/1135 4739/653/1145 4740/636/1128
f  4741/653/1145 4742/654/1146 4743/636/1128
f  4744/636/1128 4745/654/1146 4746/655/1147
f  4747/627/1119 4748/636/1128 4749/655/1147
f  4750/656/1148 4751/651/1143 4752/650/1142
f  4753/657/1149 4754/651/1143 4755/656/1148
f  4756/657/1149 4757/658/1150 4758/651/1143
f  4759/651/1143 4760/658/1150 4761/652/1144
f  4762/658/1150 4763/659/1151 4764/652/1144
f  4765/652/1144 4766/659/1151 4767/660/1152
f  4768/652/1144 4769/660/1152 4770/653/1145
f  4771/653/1145 4772/660/1152 4773/654/1146
f  4774/660/1152 4775/661/1153 4776/654/1146
f  4777/661/1153 4778/662/1154 4779/654/1146
f  4780/662/1154 4781/655/1147 4782/654/1146
f  4783/663/1155 4784/657/1149 4785/656/1148
f  4786/663/1155 4787/658/1150 4788/657/1149
f  4789/658/1150 4790/663/1155 4791/664/1156
f  4792/658/1150 4793/664/1156 4794/665/1157
f  4795/666/1158 4796/658/1150 4797/665/1157
f  4798/666/1158 4799/659/1151 4800/658/1150
f  4801/659/1151 4802/666/1158 4803/593/1085
f  4804/667/1159 4805/659/1151 4806/593/1085
f  4807/659/1151 4808/667/1159 4809/660/1152
f  4810/668/1160 4811/660/1152 4812/667/1159
f  4813/660/1152 4814/668/1160 4815/661/1153
f  4816/668/1160 4817/669/1161 4818/661/1153
f  4819/669/1161 4820/662/1154 4821/661/1153
f  4822/664/1156 4823/670/1162 4824/665/1157
f  4825/665/1157 4826/670/1162 4827/595/1087
f  4828/665/1157 4829/595/1087 4830/594/1086
f  4831/666/1158 4832/665/1157 4833/594/1086
f  4834/666/1158 4835/594/1086 4836/593/1085
f  4837/669/1161 4838/671/1163 4839/662/1154
f  4840/609/1101 4841/671/1163 4842/669/1161
f  4843/671/1163 4844/609/1101 4845/672/1164
f  4846/671/1163 4847/672/1164 4848/673/1165
f  4849/671/1163 4850/673/1165 4851/628/1120
f  4852/627/1119 4853/671/1163 4854/628/1120
f  4855/671/1163 4856/627/1119 4857/655/1147
f  4858/662/1154 4859/671/1163 4860/655/1147
f  4861/609/1101 4862/669/1161 4863/674/1166
f  4864/609/1101 4865/674/1166 4866/675/1167
f  4867/592/1084 4868/609/1101 4869/675/1167
f  4870/593/1085 4871/592/1084 4872/675/1167
f  4873/667/1159 4874/593/1085 4875/675/1167
f  4876/675/1167 4877/674/1166 4878/667/1159
f  4879/668/1160 4880/667/1159 4881/674/1166
f  4882/669/1161 4883/668/1160 4884/674/1166
f  4885/628/1120 4886/673/1165 4887/623/1115
f  4888/673/1165 4889/676/1168 4890/623/1115
f  4891/676/1168 4892/606/1098 4893/623/1115
f  4894/607/1099 4895/606/1098 4896/676/1168
f  4897/672/1164 4898/607/1099 4899/676/1168
f  4900/607/1099 4901/672/1164 4902/608/1100
f  4903/672/1164 4904/609/1101 4905/608/1100
f  4906/673/1165 4907/672/1164 4908/676/1168
f  4909/677/1169 4910/678/1170 4911/679/1171
f  4912/680/1172 4913/678/1170 4914/677/1169
f  4915/678/1170 4916/680/1172 4917/681/1173
f  4918/678/1170 4919/681/1173 4920/682/1174
f  4921/681/1173 4922/683/1175 4923/682/1174
f  4924/682/1174 4925/683/1175 4926/684/1176
f  4927/685/1177 4928/677/1169 4929/679/1171
f  4930/677/1169 4931/685/1177 4932/686/1178
f  4933/686/1178 4934/687/1179 4935/677/1169
f  4936/677/1169 4937/687/1179 4938/688/1180
f  4939/680/1172 4940/677/1169 4941/688/1180
f  4942/681/1173 4943/680/1172 4944/688/1180
f  4945/689/1181 4946/681/1173 4947/688/1180
f  4948/689/1181 4949/690/1182 4950/681/1173
f  4951/683/1175 4952/681/1173 4953/690/1182
f  4954/685/1177 4955/679/1171 4956/691/1183
f  4957/692/1184 4958/685/1177 4959/691/1183
f  4960/685/1177 4961/692/1184 4962/686/1178
f  4963/692/1184 4964/693/1185 4965/686/1178
f  4966/693/1185 4967/694/1186 4968/686/1178
f  4969/694/1186 4970/687/1179 4971/686/1178
f  4972/687/1179 4973/694/1186 4974/695/1187
f  4975/687/1179 4976/695/1187 4977/696/1188
f  4978/696/1188 4979/688/1180 4980/687/1179
f  4981/692/1184 4982/691/1183 4983/697/1189
f  4984/692/1184 4985/697/1189 4986/698/1190
f  4987/693/1185 4988/692/1184 4989/698/1190
f  4990/696/1188 4991/695/1187 4992/699/1191
f  4993/700/1192 4994/696/1188 4995/699/1191
f  4996/696/1188 4997/700/1192 4998/688/1180
f  4999/700/1192 5000/701/1193 5001/688/1180
f  5002/688/1180 5003/701/1193 5004/689/1181
f  5005/702/1194 5006/689/1181 5007/701/1193
f  5008/703/1195 5009/689/1181 5010/702/1194
f  5011/689/1181 5012/703/1195 5013/690/1182
f  5014/701/1193 5015/700/1192 5016/704/1196
f  5017/702/1194 5018/701/1193 5019/704/1196
f  5020/703/1195 5021/702/1194 5022/705/1197
f  5023/706/1198 5024/703/1195 5025/705/1197
f  5026/703/1195 5027/706/1198 5028/690/1182
f  5029/706/1198 5030/707/1199 5031/690/1182
f  5032/707/1199 5033/683/1175 5034/690/1182
f  5035/683/1175 5036/707/1199 5037/684/1176
f  5038/684/1176 5039/707/1199 5040/708/1200
f  5041/708/1200 5042/707/1199 5043/709/1201
f  5044/707/1199 5045/706/1198 5046/709/1201
f  5047/695/1187 5048/694/1186 5049/710/1202
f  5050/694/1186 5051/693/1185 5052/710/1202
f  5053/711/1203 5054/712/1204 5055/713/1205
f  5056/711/1203 5057/714/1206 5058/712/1204
f  5059/714/1206 5060/715/1207 5061/712/1204
f  5062/712/1204 5063/715/1207 5064/716/1208
f  5065/712/1204 5066/716/1208 5067/717/1209
f  5068/712/1204 5069/717/1209 5070/718/1210
f  5071/712/1204 5072/718/1210 5073/719/1211
f  5074/713/1205 5075/712/1204 5076/719/1211
f  5077/714/1206 5078/711/1203 5079/720/1212
f  5080/715/1207 5081/714/1206 5082/720/1212
f  5083/715/1207 5084/720/1212 5085/721/1213
f  5086/715/1207 5087/721/1213 5088/722/1214
f  5089/716/1208 5090/715/1207 5091/722/1214
f  5092/723/1215 5093/716/1208 5094/722/1214
f  5095/724/1216 5096/716/1208 5097/723/1215
f  5098/717/1209 5099/716/1208 5100/724/1216
f  5101/720/1212 5102/711/1203 5103/725/1217
f  5104/720/1212 5105/725/1217 5106/726/1218
f  5107/727/1219 5108/720/1212 5109/726/1218
f  5110/728/1220 5111/720/1212 5112/727/1219
f  5113/721/1213 5114/720/1212 5115/728/1220
f  5116/721/1213 5117/728/1220 5118/729/1221
f  5119/721/1213 5120/729/1221 5121/730/1222
f  5122/721/1213 5123/730/1222 5124/722/1214
f  5125/731/1223 5126/727/1219 5127/726/1218
f  5128/731/1223 5129/728/1220 5130/727/1219
f  5131/728/1220 5132/731/1223 5133/732/1224
f  5134/728/1220 5135/732/1224 5136/729/1221
f  5137/729/1221 5138/732/1224 5139/733/1225
f  5140/733/1225 5141/730/1222 5142/729/1221
f  5143/734/1226 5144/730/1222 5145/733/1225
f  5146/734/1226 5147/735/1227 5148/730/1222
f  5149/735/1227 5150/736/1228 5151/730/1222
f  5152/730/1222 5153/736/1228 5154/722/1214
f  5155/732/1224 5156/731/1223 5157/737/1229
f  5158/738/1230 5159/732/1224 5160/737/1229
f  5161/732/1224 5162/738/1230 5163/733/1225
f  5164/733/1225 5165/738/1230 5166/734/1226
f  5167/734/1226 5168/738/1230 5169/739/1231
f  5170/734/1226 5171/739/1231 5172/740/1232
f  5173/735/1227 5174/734/1226 5175/740/1232
f  5176/741/1233 5177/735/1227 5178/740/1232
f  5179/736/1228 5180/735/1227 5181/741/1233
f  5182/736/1228 5183/741/1233 5184/742/1234
f  5185/743/1235 5186/736/1228 5187/742/1234
f  5188/743/1235 5189/722/1214 5190/736/1228
f  5191/744/1236 5192/738/1230 5193/737/1229
f  5194/744/1236 5195/739/1231 5196/738/1230
f  5197/745/1237 5198/740/1232 5199/739/1231
f  5200/741/1233 5201/740/1232 5202/745/1237
f  5203/745/1237 5204/746/1238 5205/741/1233
f  5206/746/1238 5207/742/1234 5208/741/1233
f  5209/746/1238 5210/743/1235 5211/742/1234
f  5212/747/1239 5213/743/1235 5214/746/1238
f  5215/743/1235 5216/747/1239 5217/748/1240
f  5218/743/1235 5219/748/1240 5220/749/1241
f  5221/750/1242 5222/743/1235 5223/749/1241
f  5224/722/1214 5225/743/1235 5226/750/1242
f  5227/750/1242 5228/723/1215 5229/722/1214
f  5230/749/1241 5231/748/1240 5232/751/1243
f  5233/751/1243 5234/750/1242 5235/749/1241
f  5236/752/1244 5237/750/1242 5238/751/1243
f  5239/750/1242 5240/752/1244 5241/723/1215
f  5242/752/1244 5243/753/1245 5244/723/1215
f  5245/723/1215 5246/753/1245 5247/754/1246
f  5248/723/1215 5249/754/1246 5250/724/1216
f  5251/755/1247 5252/724/1216 5253/754/1246
f  5254/755/1247 5255/717/1209 5256/724/1216
f  5257/748/1240 5258/756/1248 5259/751/1243
f  5260/757/1249 5261/751/1243 5262/756/1248
f  5263/752/1244 5264/751/1243 5265/757/1249
f  5266/753/1245 5267/752/1244 5268/757/1249
f  5269/758/1250 5270/753/1245 5271/757/1249
f  5272/759/1251 5273/753/1245 5274/758/1250
f  5275/759/1251 5276/754/1246 5277/753/1245
f  5278/759/1251 5279/755/1247 5280/754/1246
f  5281/755/1247 5282/759/1251 5283/760/1252
f  5284/761/1253 5285/755/1247 5286/760/1252
f  5287/761/1253 5288/717/1209 5289/755/1247
f  5290/717/1209 5291/761/1253 5292/718/1210
f  5293/718/1210 5294/761/1253 5295/719/1211
f  5296/757/1249 5297/756/1248 5298/758/1250
f  5299/759/1251 5300/762/1254 5301/760/1252
f  5302/758/1250 5303/762/1254 5304/759/1251

