# File produced by Open Asset Import Library (http://www.assimp.sf.net)
# (assimp v6.0.0)

mtllib Fighter1.mtl

# 1578 vertex positions
v 11.1660013 8.3399992 75.3000031
v 13.1999998 2.27373675e-13 76.5000076
v 16.0380001 4.54747351e-13 75.3420029
v 13.1999998 2.27373675e-13 76.5000076
v 11.1660013 8.3399992 75.3000031
v 9.33599949 7.21199989 76.5000076
v 0 10.7519999 75.3180084
v 9.33599949 7.21199989 76.5000076
v 11.1660013 8.3399992 75.3000031
v 9.33599949 7.21199989 76.5000076
v 0 10.7519999 75.3180084
v 0 10.2000008 76.5000076
v 0 10.7519999 75.3180084
v -9.33599949 7.21199989 76.5000076
v 0 10.2000008 76.5000076
v -9.33599949 7.21199989 76.5000076
v 0 10.7519999 75.3180084
v -11.1660013 8.3399992 75.3000031
v -11.1660013 8.3399992 75.3000031
v -13.1999998 2.27373675e-13 76.5000076
v -9.33599949 7.21199989 76.5000076
v -13.1999998 2.27373675e-13 76.5000076
v -11.1660013 8.3399992 75.3000031
v -16.0380001 4.54747351e-13 75.3420029
v -11.1660013 -8.34000015 75.3000031
v -13.1999998 2.27373675e-13 76.5000076
v -16.0380001 4.54747351e-13 75.3420029
v -13.1999998 2.27373675e-13 76.5000076
v -11.1660013 -8.34000015 75.3000031
v -9.33599949 -7.21199989 76.5
v 0 -10.7520008 75.3180008
v -9.33599949 -7.21199989 76.5
v -11.1660013 -8.34000015 75.3000031
v -9.33599949 -7.21199989 76.5
v 0 -10.7520008 75.3180008
v 0 -10.1999998 76.5
v 0 -10.7520008 75.3180008
v 9.33599949 -7.21199989 76.5
v 0 -10.1999998 76.5
v 9.33599949 -7.21199989 76.5
v 0 -10.7520008 75.3180008
v 11.1660013 -8.34000015 75.3000031
v 11.1660013 -8.34000015 75.3000031
v 13.1999998 2.27373675e-13 76.5000076
v 9.33599949 -7.21199989 76.5
v 13.1999998 2.27373675e-13 76.5000076
v 11.1660013 -8.34000015 75.3000031
v 16.0380001 4.54747351e-13 75.3420029
v 14.4000006 1.20000005 40.8000031
v 22.7999992 -1.20000005 40.8000031
v 14.4000006 -1.20000005 40.8000031
v 22.7999992 -1.20000005 40.8000031
v 14.4000006 1.20000005 40.8000031
v 22.7999992 1.20000005 40.8000031
v -14.4000006 1.20000005 40.8000031
v -22.7999992 1.20000005 90.5999985
v -14.4000006 1.19999993 102.000008
v -22.7999992 1.20000005 90.5999985
v -14.4000006 1.20000005 40.8000031
v -22.7999992 1.20000005 40.8000031
v -21.6000023 2.70000029 -51.6000023
v -12.6000004 5.17199993 -36.6000023
v -13.1999998 4.4460001 -71.4000015
v -12.6000004 5.17199993 -36.6000023
v -21.6000023 2.70000029 -51.6000023
v -25.2000008 2.70000005 -36.6000023
v -24 2.70000029 -16.2000008
v -12.6000004 5.17199993 -36.6000023
v -25.2000008 2.70000005 -36.6000023
v -12.6000004 5.17199993 -36.6000023
v -24 2.70000029 -16.2000008
v -12.6000004 5.17200041 -16.2000008
v -85.8840027 2.90400028 30.2339993
v -74.5920029 1.84200013 24.1560001
v -86.5739975 1.84200001 28.1639996
v -74.5920029 1.84200013 24.1560001
v -85.8840027 2.90400028 30.2339993
v -73.9020004 2.90400028 26.2200031
v -83.2320023 2.90400004 38.1599998
v -73.9020004 2.90400028 26.2200031
v -85.8840027 2.90400028 30.2339993
v -73.9020004 2.90400028 26.2200031
v -83.2320023 2.90400004 38.1599998
v -71.2440033 2.90400004 34.1520004
v -50.6459999 2.90400028 14.1359997
v -41.946003 1.84200001 4.71000051
v -51.9720001 1.84200013 12.408
v -41.946003 1.84200001 4.71000051
v -50.6459999 2.90400028 14.1359997
v -40.6200027 2.90400004 6.44400024
v -45.552002 2.90400004 20.7660007
v -40.6200027 2.90400004 6.44400024
v -50.6459999 2.90400028 14.1359997
v -40.6200027 2.90400004 6.44400024
v -45.552002 2.90400004 20.7660007
v -35.526001 2.90400004 13.0740004
v 7.60800028 4.0800004 75.0000076
v 45.8040047 21.4500008 92.9820099
v 44.9400024 23.6340008 92.9820099
v 45.8040047 21.4500008 92.9820099
v 7.60800028 4.0800004 75.0000076
v 8.47200108 1.89600003 75.0000076
v 12.6000004 5.17199993 -36.6000023
v 21.6000023 2.70000029 -51.6000023
v 13.1999998 5.17199993 -71.4000015
v 21.6000023 2.70000029 -51.6000023
v 12.6000004 5.17199993 -36.6000023
v 25.2000008 2.70000005 -36.6000023
v 12.6000004 5.17199993 -36.6000023
v 24 2.70000029 -16.2000008
v 25.2000008 2.70000005 -36.6000023
v 24 2.70000029 -16.2000008
v 12.6000004 5.17199993 -36.6000023
v 12.6000004 5.17200041 -16.2000008
v 13.7040005 -2.17799997 52.7999992
v 83.7840042 2.17799997 52.7999992
v 13.7040005 2.17799997 52.7999992
v 83.7840042 2.17799997 52.7999992
v 13.7040005 -2.17799997 52.7999992
v 83.7840042 -2.17799997 52.7999992
v 37.1940002 2.17800021 4.42799997
v 14.6400003 -2.17800021 -19.2000008
v 14.6400003 2.17799997 -19.2000008
v 14.6400003 -2.17800021 -19.2000008
v 37.1940002 2.17800021 4.42799997
v 37.1940002 -2.17799997 4.42799997
v 54.5340042 2.17799997 17.6880016
v 37.1940002 -2.17799997 4.42799997
v 37.1940002 2.17800021 4.42799997
v 37.1940002 -2.17799997 4.42799997
v 54.5340042 2.17799997 17.6880016
v 54.5340042 -2.17800021 17.6880016
v 76.9020004 2.17799997 28.5
v 54.5340042 -2.17800021 17.6880016
v 54.5340042 2.17799997 17.6880016
v 54.5340042 -2.17800021 17.6880016
v 76.9020004 2.17799997 28.5
v 76.9020004 -2.17800021 28.5
v 76.9020004 2.17799997 28.5
v 100.602005 -2.17800021 34.7999992
v 76.9020004 -2.17800021 28.5
v 100.602005 -2.17800021 34.7999992
v 76.9020004 2.17799997 28.5
v 100.602005 2.17799997 34.7999992
v 29.2680016 1.84200001 -7.93800068
v 36.6660042 2.90400004 2.53800011
v 38.2080002 1.84200001 0.996000051
v 36.6660042 2.90400004 2.53800011
v 29.2680016 1.84200001 -7.93800068
v 27.7259998 2.90400004 -6.39599991
v 21.816 2.90400004 -0.486000001
v 36.6660042 2.90400004 2.53800011
v 27.7259998 2.90400004 -6.39599991
v 36.6660042 2.90400004 2.53800011
v 21.816 2.90400004 -0.486000001
v 30.75 2.90400028 8.45400047
v 55.644001 2.90400004 17.6940002
v 67.8300018 1.84200013 21.7019997
v 56.6700058 1.84200013 15.7680006
v 67.8300018 1.84200013 21.7019997
v 55.644001 2.90400004 17.6940002
v 66.8040009 2.90400004 23.6280003
v 51.7200012 2.90400028 25.0800018
v 66.8040009 2.90400004 23.6280003
v 55.644001 2.90400004 17.6940002
v 66.8040009 2.90400004 23.6280003
v 51.7200012 2.90400028 25.0800018
v 62.8800049 2.90400028 31.0079994
v 27.7259998 -2.90400004 -6.39600086
v 30.75 -2.90400004 8.45400047
v 21.816 -2.90400004 -0.486000031
v 30.75 -2.90400004 8.45400047
v 27.7259998 -2.90400004 -6.39600086
v 36.6660042 -2.90400004 2.53800035
v 29.2680016 -1.84200013 -7.93800068
v 36.6660042 -2.90400004 2.53800035
v 27.7259998 -2.90400004 -6.39600086
v 36.6660042 -2.90400004 2.53800035
v 29.2680016 -1.84200013 -7.93800068
v 38.2080002 -1.84200013 0.995999992
v 29.2680016 -1.84200013 -7.93800068
v 27.7259998 2.90400004 -6.39599991
v 29.2680016 1.84200001 -7.93800068
v 27.7259998 2.90400004 -6.39599991
v 29.2680016 -1.84200013 -7.93800068
v 27.7259998 -2.90400004 -6.39600086
v 27.7259998 -2.90400004 -6.39600086
v 21.816 2.90400004 -0.486000001
v 27.7259998 2.90400004 -6.39599991
v 21.816 2.90400004 -0.486000001
v 27.7259998 -2.90400004 -6.39600086
v 21.816 -2.90400004 -0.486000031
v 74.5920029 -1.84200001 24.1560001
v 73.9020004 2.90400028 26.2200031
v 74.5920029 1.84200013 24.1560001
v 73.9020004 2.90400028 26.2200031
v 74.5920029 -1.84200001 24.1560001
v 73.9020004 -2.90400004 26.2200031
v 73.9020004 -2.90400004 26.2200031
v 71.2440033 2.90400004 34.1520004
v 73.9020004 2.90400028 26.2200031
v 71.2440033 2.90400004 34.1520004
v 73.9020004 -2.90400004 26.2200031
v 71.2440033 -2.90400028 34.1520004
v 83.2320023 -2.90400004 38.1599998
v 71.2440033 2.90400004 34.1520004
v 71.2440033 -2.90400028 34.1520004
v 71.2440033 2.90400004 34.1520004
v 83.2320023 -2.90400004 38.1599998
v 83.2320023 2.90400004 38.1599998
v 67.8300018 1.84200013 21.7019997
v 56.6700058 -1.84200001 15.7680006
v 56.6700058 1.84200013 15.7680006
v 56.6700058 -1.84200001 15.7680006
v 67.8300018 1.84200013 21.7019997
v 67.8300018 -1.84200013 21.7019997
v 67.8300018 -1.84200013 21.7019997
v 55.644001 -2.90400004 17.6940002
v 56.6700058 -1.84200001 15.7680006
v 55.644001 -2.90400004 17.6940002
v 67.8300018 -1.84200013 21.7019997
v 66.8040009 -2.90400004 23.6280003
v 66.8040009 -2.90400004 23.6280003
v 51.7200012 -2.90400004 25.0800018
v 55.644001 -2.90400004 17.6940002
v 51.7200012 -2.90400004 25.0800018
v 66.8040009 -2.90400004 23.6280003
v 62.8800049 -2.90400004 31.0079994
v 35.526001 2.90400004 13.0740004
v 40.6200027 -2.90400004 6.44400024
v 35.526001 -2.90400028 13.0740004
v 40.6200027 -2.90400004 6.44400024
v 35.526001 2.90400004 13.0740004
v 40.6200027 2.90400004 6.44400024
v 40.6200027 2.90400004 6.44400024
v 41.946003 -1.84200013 4.71000051
v 40.6200027 -2.90400004 6.44400024
v 41.946003 -1.84200013 4.71000051
v 40.6200027 2.90400004 6.44400024
v 41.946003 1.84200001 4.71000051
v 50.6459999 -2.90400004 14.1359997
v 41.946003 -1.84200013 4.71000051
v 51.9720001 -1.84200013 12.408
v 41.946003 -1.84200013 4.71000051
v 50.6459999 -2.90400004 14.1359997
v 40.6200027 -2.90400004 6.44400024
v 45.552002 -2.90400004 20.7660007
v 40.6200027 -2.90400004 6.44400024
v 50.6459999 -2.90400004 14.1359997
v 40.6200027 -2.90400004 6.44400024
v 45.552002 -2.90400004 20.7660007
v 35.526001 -2.90400028 13.0740004
v 21 -8.26200008 13.8840008
v 9 -11.6999998 43.8000031
v 9 -11.6999998 1.20000005
v 9 -11.6999998 43.8000031
v 21 -8.26200008 13.8840008
v 21 -8.26200104 43.8000031
v 30.0000019 -3.90000033 23.3999996
v 21 -8.26200104 43.8000031
v 21 -8.26200008 13.8840008
v 21 -8.26200104 43.8000031
v 30.0000019 -3.90000033 23.3999996
v 30.0000019 -3.9000001 43.8000031
v -73.9020004 -2.90400004 26.2200031
v -71.2440033 2.90400004 34.1520004
v -71.2440033 -2.90400028 34.1520004
v -71.2440033 2.90400004 34.1520004
v -73.9020004 -2.90400004 26.2200031
v -73.9020004 2.90400028 26.2200031
v -74.5920029 -1.84200001 24.1560001
v -73.9020004 2.90400028 26.2200031
v -73.9020004 -2.90400004 26.2200031
v -73.9020004 2.90400028 26.2200031
v -74.5920029 -1.84200001 24.1560001
v -74.5920029 1.84200013 24.1560001
v -71.2440033 2.90400004 34.1520004
v -83.2320023 -2.90400004 38.1599998
v -71.2440033 -2.90400028 34.1520004
v -83.2320023 -2.90400004 38.1599998
v -71.2440033 2.90400004 34.1520004
v -83.2320023 2.90400004 38.1599998
v -56.6700058 -1.84200001 15.7680006
v -67.8300018 1.84200013 21.7019997
v -56.6700058 1.84200013 15.7680006
v -67.8300018 1.84200013 21.7019997
v -56.6700058 -1.84200001 15.7680006
v -67.8300018 -1.84200013 21.7019997
v -51.9720001 -1.84200013 12.408
v -41.946003 1.84200001 4.71000051
v -41.946003 -1.84200013 4.71000051
v -41.946003 1.84200001 4.71000051
v -51.9720001 -1.84200013 12.408
v -51.9720001 1.84200013 12.408
v -51.9720001 -1.84200013 12.408
v -50.6459999 2.90400028 14.1359997
v -51.9720001 1.84200013 12.408
v -50.6459999 2.90400028 14.1359997
v -51.9720001 -1.84200013 12.408
v -50.6459999 -2.90400004 14.1359997
v -50.6459999 -2.90400004 14.1359997
v -45.552002 2.90400004 20.7660007
v -50.6459999 2.90400028 14.1359997
v -45.552002 2.90400004 20.7660007
v -50.6459999 -2.90400004 14.1359997
v -45.552002 -2.90400004 20.7660007
v -22.7999992 1.20000005 90.5999985
v -14.4000006 -1.20000005 102.000008
v -14.4000006 1.19999993 102.000008
v -14.4000006 -1.20000005 102.000008
v -22.7999992 1.20000005 90.5999985
v -22.7999992 -1.20000005 90.5999985
v -1.80000007 -30 90.5999985
v 1.80000007 -10.8000011 73.8000031
v -1.80000007 -10.8000011 73.8000031
v 1.80000007 -10.8000011 73.8000031
v -1.80000007 -30 90.5999985
v 1.80000007 -30 90.5999985
v -7.60800028 4.0800004 75.0000076
v -45.8040047 21.4500008 92.9820099
v -8.47200108 1.89600003 75.0000076
v -45.8040047 21.4500008 92.9820099
v -7.60800028 4.0800004 75.0000076
v -44.9400024 23.6340008 92.9820099
v -21.6000023 -2.70000005 -51.6000023
v -13.1999998 4.4460001 -71.4000015
v -13.1999998 -4.44600058 -71.4000015
v -13.1999998 4.4460001 -71.4000015
v -21.6000023 -2.70000005 -51.6000023
v -21.6000023 2.70000029 -51.6000023
v -21.6000023 -2.70000005 -51.6000023
v -25.2000008 2.70000005 -36.6000023
v -21.6000023 2.70000029 -51.6000023
v -25.2000008 2.70000005 -36.6000023
v -21.6000023 -2.70000005 -51.6000023
v -25.2000008 -2.70000029 -36.6000023
v -24 -2.70000029 -16.2000008
v -25.2000008 2.70000005 -36.6000023
v -25.2000008 -2.70000029 -36.6000023
v -25.2000008 2.70000005 -36.6000023
v -24 -2.70000029 -16.2000008
v -24 2.70000029 -16.2000008
v -12.6000004 -5.17199993 -36.6000023
v -21.6000023 -2.70000005 -51.6000023
v -13.1999998 -4.44600058 -71.4000015
v -21.6000023 -2.70000005 -51.6000023
v -12.6000004 -5.17199993 -36.6000023
v -25.2000008 -2.70000029 -36.6000023
v -12.6000004 -5.17199993 -36.6000023
v -24 -2.70000029 -16.2000008
v -25.2000008 -2.70000029 -36.6000023
v -24 -2.70000029 -16.2000008
v -12.6000004 -5.17199993 -36.6000023
v -12.6000004 -5.17199993 -16.2000008
v -36.6660042 -2.90400004 2.53800035
v -21.816 -2.90400004 -0.486000031
v -30.75 -2.90400004 8.45400047
v -21.816 -2.90400004 -0.486000031
v -36.6660042 -2.90400004 2.53800035
v -27.7259998 -2.90400004 -6.39600086
v -36.6660042 -2.90400004 2.53800035
v -29.2680016 -1.84200013 -7.93800068
v -27.7259998 -2.90400004 -6.39600086
v -29.2680016 -1.84200013 -7.93800068
v -36.6660042 -2.90400004 2.53800035
v -38.2080002 -1.84200013 0.995999992
v -66.8040009 -2.90400004 23.6280003
v -51.7200012 -2.90400004 25.0800018
v -62.8800049 -2.90400004 31.0079994
v -51.7200012 -2.90400004 25.0800018
v -66.8040009 -2.90400004 23.6280003
v -55.644001 -2.90400004 17.6940002
v -67.8300018 -1.84200013 21.7019997
v -55.644001 -2.90400004 17.6940002
v -66.8040009 -2.90400004 23.6280003
v -55.644001 -2.90400004 17.6940002
v -67.8300018 -1.84200013 21.7019997
v -56.6700058 -1.84200001 15.7680006
v -1.80000007 -30 73.8000031
v -1.80000007 -10.8000011 73.8000031
v -1.80000007 -10.8000011 30.5999985
v -1.80000007 -10.8000011 73.8000031
v -1.80000007 -30 73.8000031
v -1.80000007 -30 90.5999985
v -9 -6.6600008 43.8000031
v -21 -8.26200104 43.8000031
v -9 -11.6999998 43.8000031
v -21 -8.26200104 43.8000031
v -9 -6.6600008 43.8000031
v -21 -0.774000049 43.8000031
v -30.0000019 -1.50000012 43.8000031
v -21 -8.26200104 43.8000031
v -21 -0.774000049 43.8000031
v -21 -8.26200104 43.8000031
v -30.0000019 -1.50000012 43.8000031
v -30.0000019 -3.9000001 43.8000031
v -9 -9.36000061 1.20000005
v -9 -11.6999998 43.8000031
v -9 -11.6999998 1.20000005
v -9 -11.6999998 43.8000031
v -9 -9.36000061 1.20000005
v -9 -6.6600008 43.8000031
v 18.7440014 4.54747351e-13 50.3760033
v 11.1660013 8.3399992 75.3000031
v 16.0380001 4.54747351e-13 75.3420029
v 11.1660013 8.3399992 75.3000031
v 18.7440014 4.54747351e-13 50.3760033
v 13.4400005 8.10000038 49.3200035
v 11.1660013 8.3399992 75.3000031
v 13.4400005 8.10000038 49.3200035
v 7.17000008 10.0380001 48.3959999
v 7.17000008 10.0380001 48.3959999
v 0 10.7519999 75.3180084
v 11.1660013 8.3399992 75.3000031
v 0 11.1899996 48.8580017
v 0 10.7519999 75.3180084
v 7.17000008 10.0380001 48.3959999
v -7.17000008 10.0380001 48.3959999
v 0 10.7519999 75.3180084
v 0 11.1899996 48.8580017
v -11.1660013 8.3399992 75.3000031
v 0 10.7519999 75.3180084
v -7.17000008 10.0380001 48.3959999
v 21.4499989 -2.27373675e-13 -25.8180027
v 13.4400005 8.10000038 49.3200035
v 18.7440014 4.54747351e-13 50.3760033
v 13.4400005 8.10000038 49.3200035
v 21.4499989 -2.27373675e-13 -25.8180027
v 16.6320019 7.82400036 -25.8780003
v 16.6320019 7.82400036 -25.8780003
v 7.17000008 10.0380001 48.3959999
v 13.4400005 8.10000038 49.3200035
v 7.17000008 10.0380001 48.3959999
v 16.6320019 7.82400036 -25.8780003
v 9.51000118 10.4160013 -25.9740028
v 0 12.0420008 -25.7399998
v 7.17000008 10.0380001 48.3959999
v 9.51000118 10.4160013 -25.9740028
v 7.17000008 10.0380001 48.3959999
v 0 12.0420008 -25.7399998
v 0 11.1899996 48.8580017
v 0 12.0420008 -25.7399998
v -7.17000008 10.0380001 48.3959999
v 0 11.1899996 48.8580017
v -7.17000008 10.0380001 48.3959999
v 0 12.0420008 -25.7399998
v -9.51000118 10.4160013 -25.9740028
v -16.6320019 7.82400036 -25.8780003
v -7.17000008 10.0380001 48.3959999
v -9.51000118 10.4160013 -25.9740028
v -7.17000008 10.0380001 48.3959999
v -16.6320019 7.82400036 -25.8780003
v -13.4400005 8.10000038 49.3200035
v -7.17000008 10.0380001 48.3959999
v -13.4400005 8.10000038 49.3200035
v -11.1660013 8.3399992 75.3000031
v 16.7580013 -4.54747351e-13 -68.4540024
v 16.6320019 7.82400036 -25.8780003
v 21.4499989 -2.27373675e-13 -25.8180027
v 16.6320019 7.82400036 -25.8780003
v 16.7580013 -4.54747351e-13 -68.4540024
v 13.2120018 4.81800079 -70.4280014
v 13.2120018 4.81800079 -70.4280014
v 9.51000118 10.4160013 -25.9740028
v 16.6320019 7.82400036 -25.8780003
v 9.51000118 10.4160013 -25.9740028
v 13.2120018 4.81800079 -70.4280014
v 6.62400055 7.34400034 -69.7560043
v 6.62400055 7.34400034 -69.7560043
v 0 12.0420008 -25.7399998
v 9.51000118 10.4160013 -25.9740028
v 0 12.0420008 -25.7399998
v 6.62400055 7.34400034 -69.7560043
v 0 8.50800037 -69.9179993
v -6.62400055 7.34400034 -69.7560043
v 0 12.0420008 -25.7399998
v 0 8.50800037 -69.9179993
v 0 12.0420008 -25.7399998
v -6.62400055 7.34400034 -69.7560043
v -9.51000118 10.4160013 -25.9740028
v -13.2120018 4.81800079 -70.4280014
v -9.51000118 10.4160013 -25.9740028
v -6.62400055 7.34400034 -69.7560043
v -9.51000118 10.4160013 -25.9740028
v -13.2120018 4.81800079 -70.4280014
v -16.6320019 7.82400036 -25.8780003
v 9.72600079 0 -88.3560028
v 13.2120018 4.81800079 -70.4280014
v 16.7580013 -4.54747351e-13 -68.4540024
v 13.2120018 4.81800079 -70.4280014
v 9.72600079 0 -88.3560028
v 8.71800041 3.08399987 -86.5439987
v 5.6340003 5.21999979 -83.9580002
v 13.2120018 4.81800079 -70.4280014
v 8.71800041 3.08399987 -86.5439987
v 13.2120018 4.81800079 -70.4280014
v 5.6340003 5.21999979 -83.9580002
v 6.62400055 7.34400034 -69.7560043
v 5.6340003 5.21999979 -83.9580002
v 0 8.50800037 -69.9179993
v 6.62400055 7.34400034 -69.7560043
v 0 8.50800037 -69.9179993
v 5.6340003 5.21999979 -83.9580002
v 0 4.65000057 -90.9960022
v -5.6340003 5.21999979 -83.9580002
v 0 8.50800037 -69.9179993
v 0 4.65000057 -90.9960022
v 0 8.50800037 -69.9179993
v -5.6340003 5.21999979 -83.9580002
v -6.62400055 7.34400034 -69.7560043
v -5.6340003 5.21999979 -83.9580002
v -13.2120018 4.81800079 -70.4280014
v -6.62400055 7.34400034 -69.7560043
v 5.10000038 -4.54747351e-13 -94.9860001
v 8.71800041 3.08399987 -86.5439987
v 9.72600079 0 -88.3560028
v 5.10000038 -4.54747351e-13 -94.9860001
v 3.33599997 2.67600012 -94.3200073
v 8.71800041 3.08399987 -86.5439987
v 3.33599997 2.67600012 -94.3200073
v 5.6340003 5.21999979 -83.9580002
v 8.71800041 3.08399987 -86.5439987
v 3.33599997 2.67600012 -94.3200073
v 0 4.65000057 -90.9960022
v 5.6340003 5.21999979 -83.9580002
v 0 4.65000057 -90.9960022
v 3.33599997 2.67600012 -94.3200073
v 0 2.69400001 -95.6880035
v -3.33599997 2.67600012 -94.3200073
v 0 4.65000057 -90.9960022
v 0 2.69400001 -95.6880035
v 0 4.65000057 -90.9960022
v -3.33599997 2.67600012 -94.3200073
v -5.6340003 5.21999979 -83.9580002
v -8.71800041 3.08399987 -86.5439987
v -5.6340003 5.21999979 -83.9580002
v -3.33599997 2.67600012 -94.3200073
v -13.2120018 4.81800079 -70.4280014
v -5.6340003 5.21999979 -83.9580002
v -8.71800041 3.08399987 -86.5439987
v -9.72600079 0 -88.3560028
v -13.2120018 4.81800079 -70.4280014
v -8.71800041 3.08399987 -86.5439987
v -13.2120018 4.81800079 -70.4280014
v -9.72600079 0 -88.3560028
v -16.7580013 -4.54747351e-13 -68.4540024
v -16.7580013 -4.54747351e-13 -68.4540024
v -16.6320019 7.82400036 -25.8780003
v -13.2120018 4.81800079 -70.4280014
v 0 -4.54747351e-13 -97.5540009
v 3.33599997 2.67600012 -94.3200073
v 5.10000038 -4.54747351e-13 -94.9860001
v 3.33599997 2.67600012 -94.3200073
v 0 -4.54747351e-13 -97.5540009
v 0 2.69400001 -95.6880035
v 0 -4.54747351e-13 -97.5540009
v -3.33599997 2.67600012 -94.3200073
v 0 2.69400001 -95.6880035
v -3.33599997 2.67600012 -94.3200073
v 0 -4.54747351e-13 -97.5540009
v -5.10000038 -4.54747351e-13 -94.9860001
v -3.33599997 2.67600012 -94.3200073
v -5.10000038 -4.54747351e-13 -94.9860001
v -8.71800041 3.08399987 -86.5439987
v -5.10000038 -4.54747351e-13 -94.9860001
v -9.72600079 0 -88.3560028
v -8.71800041 3.08399987 -86.5439987
v -16.6320019 7.82400036 -25.8780003
v -16.7580013 -4.54747351e-13 -68.4540024
v -21.4499989 -2.27373675e-13 -25.8180027
v -21.4499989 -2.27373675e-13 -25.8180027
v -13.4400005 8.10000038 49.3200035
v -16.6320019 7.82400036 -25.8780003
v -13.4400005 8.10000038 49.3200035
v -21.4499989 -2.27373675e-13 -25.8180027
v -18.7440014 4.54747351e-13 50.3760033
v -18.7440014 4.54747351e-13 50.3760033
v -11.1660013 8.3399992 75.3000031
v -13.4400005 8.10000038 49.3200035
v -11.1660013 8.3399992 75.3000031
v -18.7440014 4.54747351e-13 50.3760033
v -16.0380001 4.54747351e-13 75.3420029
v 11.1660013 -8.34000015 75.3000031
v 18.7440014 4.54747351e-13 50.3760033
v 16.0380001 4.54747351e-13 75.3420029
v 18.7440014 4.54747351e-13 50.3760033
v 11.1660013 -8.34000015 75.3000031
v 13.4400005 -8.10000134 49.3200035
v 13.4400005 -8.10000134 49.3200035
v 21.4499989 -2.27373675e-13 -25.8180027
v 18.7440014 4.54747351e-13 50.3760033
v 21.4499989 -2.27373675e-13 -25.8180027
v 13.4400005 -8.10000134 49.3200035
v 16.6320019 -7.82400036 -25.8780041
v 16.6320019 -7.82400036 -25.8780041
v 16.7580013 -4.54747351e-13 -68.4540024
v 21.4499989 -2.27373675e-13 -25.8180027
v 16.7580013 -4.54747351e-13 -68.4540024
v 16.6320019 -7.82400036 -25.8780041
v 13.2120018 -4.81800032 -70.4280014
v 13.2120018 -4.81800032 -70.4280014
v 9.72600079 0 -88.3560028
v 16.7580013 -4.54747351e-13 -68.4540024
v 13.4400005 -8.10000134 49.3200035
v 11.1660013 -8.34000015 75.3000031
v 7.17000008 -10.0380011 48.3959999
v 7.17000008 -10.0380011 48.3959999
v 16.6320019 -7.82400036 -25.8780041
v 13.4400005 -8.10000134 49.3200035
v 16.6320019 -7.82400036 -25.8780041
v 7.17000008 -10.0380011 48.3959999
v 9.51000118 -10.4160004 -25.9740028
v 9.51000118 -10.4160004 -25.9740028
v 13.2120018 -4.81800032 -70.4280014
v 16.6320019 -7.82400036 -25.8780041
v 13.2120018 -4.81800032 -70.4280014
v 9.51000118 -10.4160004 -25.9740028
v 6.62400055 -7.34399986 -69.7560043
v 5.6340003 -5.22000027 -83.9580002
v 13.2120018 -4.81800032 -70.4280014
v 6.62400055 -7.34399986 -69.7560043
v 13.2120018 -4.81800032 -70.4280014
v 5.6340003 -5.22000027 -83.9580002
v 8.71800041 -3.08400011 -86.5439987
v 9.72600079 0 -88.3560028
v 13.2120018 -4.81800032 -70.4280014
v 8.71800041 -3.08400011 -86.5439987
v 8.71800041 -3.08400011 -86.5439987
v 5.10000038 -4.54747351e-13 -94.9860001
v 9.72600079 0 -88.3560028
v 0 -10.7520008 75.3180008
v 7.17000008 -10.0380011 48.3959999
v 11.1660013 -8.34000015 75.3000031
v 0 -10.7520008 75.3180008
v 0 -11.1900005 48.8580017
v 7.17000008 -10.0380011 48.3959999
v 0 -12.0420008 -25.7399998
v 7.17000008 -10.0380011 48.3959999
v 0 -11.1900005 48.8580017
v 7.17000008 -10.0380011 48.3959999
v 0 -12.0420008 -25.7399998
v 9.51000118 -10.4160004 -25.9740028
v 0 -12.0420008 -25.7399998
v 6.62400055 -7.34399986 -69.7560043
v 9.51000118 -10.4160004 -25.9740028
v 6.62400055 -7.34399986 -69.7560043
v 0 -12.0420008 -25.7399998
v 0 -8.50800037 -69.9180069
v 0 -8.50800037 -69.9180069
v 5.6340003 -5.22000027 -83.9580002
v 6.62400055 -7.34399986 -69.7560043
v 5.6340003 -5.22000027 -83.9580002
v 0 -8.50800037 -69.9180069
v 0 -4.6500001 -90.9960022
v 0 -4.6500001 -90.9960022
v 3.33599997 -2.67600012 -94.3200073
v 5.6340003 -5.22000027 -83.9580002
v 5.6340003 -5.22000027 -83.9580002
v 3.33599997 -2.67600012 -94.3200073
v 8.71800041 -3.08400011 -86.5439987
v 3.33599997 -2.67600012 -94.3200073
v 5.10000038 -4.54747351e-13 -94.9860001
v 8.71800041 -3.08400011 -86.5439987
v 3.33599997 -2.67600012 -94.3200073
v 0 -4.54747351e-13 -97.5540009
v 5.10000038 -4.54747351e-13 -94.9860001
v 0 -10.7520008 75.3180008
v -7.17000008 -10.0380011 48.3959999
v 0 -11.1900005 48.8580017
v -7.17000008 -10.0380011 48.3959999
v 0 -12.0420008 -25.7399998
v 0 -11.1900005 48.8580017
v 0 -12.0420008 -25.7399998
v -7.17000008 -10.0380011 48.3959999
v -9.51000118 -10.4160004 -25.9740028
v -6.62400055 -7.34399986 -69.7560043
v 0 -12.0420008 -25.7399998
v -9.51000118 -10.4160004 -25.9740028
v 0 -12.0420008 -25.7399998
v -6.62400055 -7.34399986 -69.7560043
v 0 -8.50800037 -69.9180069
v -5.6340003 -5.22000027 -83.9580002
v 0 -8.50800037 -69.9180069
v -6.62400055 -7.34399986 -69.7560043
v 0 -8.50800037 -69.9180069
v -5.6340003 -5.22000027 -83.9580002
v 0 -4.6500001 -90.9960022
v -3.33599997 -2.67600012 -94.3200073
v 0 -4.6500001 -90.9960022
v -5.6340003 -5.22000027 -83.9580002
v 0 -4.6500001 -90.9960022
v -3.33599997 -2.67600012 -94.3200073
v 0 -2.69400024 -95.6880035
v 3.33599997 -2.67600012 -94.3200073
v 0 -4.6500001 -90.9960022
v 0 -2.69400024 -95.6880035
v 0 -4.54747351e-13 -97.5540009
v 3.33599997 -2.67600012 -94.3200073
v 0 -2.69400024 -95.6880035
v 0 -10.7520008 75.3180008
v -11.1660013 -8.34000015 75.3000031
v -7.17000008 -10.0380011 48.3959999
v -13.4400005 -8.10000134 49.3200035
v -7.17000008 -10.0380011 48.3959999
v -11.1660013 -8.34000015 75.3000031
v -16.6320019 -7.82400036 -25.8780041
v -7.17000008 -10.0380011 48.3959999
v -13.4400005 -8.10000134 49.3200035
v -7.17000008 -10.0380011 48.3959999
v -16.6320019 -7.82400036 -25.8780041
v -9.51000118 -10.4160004 -25.9740028
v -13.2120018 -4.81800032 -70.4280014
v -9.51000118 -10.4160004 -25.9740028
v -16.6320019 -7.82400036 -25.8780041
v -9.51000118 -10.4160004 -25.9740028
v -13.2120018 -4.81800032 -70.4280014
v -6.62400055 -7.34399986 -69.7560043
v -13.2120018 -4.81800032 -70.4280014
v -5.6340003 -5.22000027 -83.9580002
v -6.62400055 -7.34399986 -69.7560043
v -5.6340003 -5.22000027 -83.9580002
v -13.2120018 -4.81800032 -70.4280014
v -8.71800041 -3.08400011 -86.5439987
v -5.6340003 -5.22000027 -83.9580002
v -8.71800041 -3.08400011 -86.5439987
v -3.33599997 -2.67600012 -94.3200073
v -5.10000038 -4.54747351e-13 -94.9860001
v -3.33599997 -2.67600012 -94.3200073
v -8.71800041 -3.08400011 -86.5439987
v 0 -4.54747351e-13 -97.5540009
v -3.33599997 -2.67600012 -94.3200073
v -5.10000038 -4.54747351e-13 -94.9860001
v -3.33599997 -2.67600012 -94.3200073
v 0 -4.54747351e-13 -97.5540009
v 0 -2.69400024 -95.6880035
v -11.1660013 -8.34000015 75.3000031
v -18.7440014 4.54747351e-13 50.3760033
v -13.4400005 -8.10000134 49.3200035
v -21.4499989 -2.27373675e-13 -25.8180027
v -13.4400005 -8.10000134 49.3200035
v -18.7440014 4.54747351e-13 50.3760033
v -13.4400005 -8.10000134 49.3200035
v -21.4499989 -2.27373675e-13 -25.8180027
v -16.6320019 -7.82400036 -25.8780041
v -16.7580013 -4.54747351e-13 -68.4540024
v -16.6320019 -7.82400036 -25.8780041
v -21.4499989 -2.27373675e-13 -25.8180027
v -16.6320019 -7.82400036 -25.8780041
v -16.7580013 -4.54747351e-13 -68.4540024
v -13.2120018 -4.81800032 -70.4280014
v -9.72600079 0 -88.3560028
v -13.2120018 -4.81800032 -70.4280014
v -16.7580013 -4.54747351e-13 -68.4540024
v -13.2120018 -4.81800032 -70.4280014
v -9.72600079 0 -88.3560028
v -8.71800041 -3.08400011 -86.5439987
v -9.72600079 0 -88.3560028
v -5.10000038 -4.54747351e-13 -94.9860001
v -8.71800041 -3.08400011 -86.5439987
v -18.7440014 4.54747351e-13 50.3760033
v -11.1660013 -8.34000015 75.3000031
v -16.0380001 4.54747351e-13 75.3420029
v 14.4000006 -1.20000005 40.8000031
v 14.4000006 1.19999993 102.000008
v 14.4000006 1.20000005 40.8000031
v 14.4000006 1.19999993 102.000008
v 14.4000006 -1.20000005 40.8000031
v 14.4000006 -1.20000005 102.000008
v 22.7999992 1.20000005 90.5999985
v 14.4000006 1.20000005 40.8000031
v 14.4000006 1.19999993 102.000008
v 14.4000006 1.20000005 40.8000031
v 22.7999992 1.20000005 90.5999985
v 22.7999992 1.20000005 40.8000031
v -7.60800028 4.0800004 75.0000076
v -56.814003 29.8560009 70.1820068
v -44.9400024 23.6340008 92.9820099
v -56.814003 29.8560009 70.1820068
v -7.60800028 4.0800004 75.0000076
v -9.02999973 4.82399988 18.6000004
v -36.6660042 2.90400004 2.53800011
v -29.2680016 1.84200001 -7.93800068
v -38.2080002 1.84200001 0.996000051
v -29.2680016 1.84200001 -7.93800068
v -36.6660042 2.90400004 2.53800011
v -27.7259998 2.90400004 -6.39599991
v -30.75 2.90400028 8.45400047
v -27.7259998 2.90400004 -6.39599991
v -36.6660042 2.90400004 2.53800011
v -27.7259998 2.90400004 -6.39599991
v -30.75 2.90400028 8.45400047
v -21.816 2.90400004 -0.486000001
v -67.8300018 1.84200013 21.7019997
v -55.644001 2.90400004 17.6940002
v -56.6700058 1.84200013 15.7680006
v -55.644001 2.90400004 17.6940002
v -67.8300018 1.84200013 21.7019997
v -66.8040009 2.90400004 23.6280003
v -66.8040009 2.90400004 23.6280003
v -51.7200012 2.90400028 25.0800018
v -55.644001 2.90400004 17.6940002
v -51.7200012 2.90400028 25.0800018
v -66.8040009 2.90400004 23.6280003
v -62.8800049 2.90400028 31.0079994
v 56.814003 29.8560009 70.1820068
v 7.60800028 4.0800004 75.0000076
v 44.9400024 23.6340008 92.9820099
v 7.60800028 4.0800004 75.0000076
v 56.814003 29.8560009 70.1820068
v 9.02999973 4.82399988 18.6000004
v 8.47200108 1.89600003 75.0000076
v 57.6780014 27.6720028 70.1820068
v 45.8040047 21.4500008 92.9820099
v 57.6780014 27.6720028 70.1820068
v 8.47200108 1.89600003 75.0000076
v 9.90000057 2.63999987 18.6000004
v 13.1999998 5.17199993 -71.4000015
v 21.6000023 -2.70000005 -51.6000023
v 13.1999998 -5.17200041 -71.4000015
v 21.6000023 -2.70000005 -51.6000023
v 13.1999998 5.17199993 -71.4000015
v 21.6000023 2.70000029 -51.6000023
v 25.2000008 2.70000005 -36.6000023
v 21.6000023 -2.70000005 -51.6000023
v 21.6000023 2.70000029 -51.6000023
v 21.6000023 -2.70000005 -51.6000023
v 25.2000008 2.70000005 -36.6000023
v 25.2000008 -2.70000029 -36.6000023
v 25.2000008 2.70000005 -36.6000023
v 24 -2.70000029 -16.2000008
v 25.2000008 -2.70000029 -36.6000023
v 24 -2.70000029 -16.2000008
v 25.2000008 2.70000005 -36.6000023
v 24 2.70000029 -16.2000008
v 21.6000023 -2.70000005 -51.6000023
v 12.6000004 -5.17199993 -36.6000023
v 13.1999998 -5.17200041 -71.4000015
v 12.6000004 -5.17199993 -36.6000023
v 21.6000023 -2.70000005 -51.6000023
v 25.2000008 -2.70000029 -36.6000023
v 24 -2.70000029 -16.2000008
v 12.6000004 -5.17199993 -36.6000023
v 25.2000008 -2.70000029 -36.6000023
v 12.6000004 -5.17199993 -36.6000023
v 24 -2.70000029 -16.2000008
v 12.6000004 -5.17199993 -16.2000008
v 41.946003 1.84200001 4.71000051
v 50.6459999 2.90400028 14.1359997
v 51.9720001 1.84200013 12.408
v 50.6459999 2.90400028 14.1359997
v 41.946003 1.84200001 4.71000051
v 40.6200027 2.90400004 6.44400024
v 40.6200027 2.90400004 6.44400024
v 45.552002 2.90400004 20.7660007
v 50.6459999 2.90400028 14.1359997
v 45.552002 2.90400004 20.7660007
v 40.6200027 2.90400004 6.44400024
v 35.526001 2.90400004 13.0740004
v 73.9020004 -2.90400004 26.2200031
v 83.2320023 -2.90400004 38.1599998
v 71.2440033 -2.90400028 34.1520004
v 83.2320023 -2.90400004 38.1599998
v 73.9020004 -2.90400004 26.2200031
v 85.8840027 -2.90400004 30.2339993
v 74.5920029 -1.84200001 24.1560001
v 85.8840027 -2.90400004 30.2339993
v 73.9020004 -2.90400004 26.2200031
v 85.8840027 -2.90400004 30.2339993
v 74.5920029 -1.84200001 24.1560001
v 86.5739975 -1.84200013 28.1639996
v 62.8800049 -2.90400004 31.0079994
v 51.7200012 2.90400028 25.0800018
v 51.7200012 -2.90400004 25.0800018
v 51.7200012 2.90400028 25.0800018
v 62.8800049 -2.90400004 31.0079994
v 62.8800049 2.90400028 31.0079994
v 67.8300018 1.84200013 21.7019997
v 66.8040009 -2.90400004 23.6280003
v 67.8300018 -1.84200013 21.7019997
v 66.8040009 -2.90400004 23.6280003
v 67.8300018 1.84200013 21.7019997
v 66.8040009 2.90400004 23.6280003
v 62.8800049 2.90400028 31.0079994
v 66.8040009 -2.90400004 23.6280003
v 66.8040009 2.90400004 23.6280003
v 66.8040009 -2.90400004 23.6280003
v 62.8800049 2.90400028 31.0079994
v 62.8800049 -2.90400004 31.0079994
v 41.946003 1.84200001 4.71000051
v 51.9720001 -1.84200013 12.408
v 41.946003 -1.84200013 4.71000051
v 51.9720001 -1.84200013 12.408
v 41.946003 1.84200001 4.71000051
v 51.9720001 1.84200013 12.408
v 50.6459999 2.90400028 14.1359997
v 51.9720001 -1.84200013 12.408
v 51.9720001 1.84200013 12.408
v 51.9720001 -1.84200013 12.408
v 50.6459999 2.90400028 14.1359997
v 50.6459999 -2.90400004 14.1359997
v 45.552002 2.90400004 20.7660007
v 50.6459999 -2.90400004 14.1359997
v 50.6459999 2.90400028 14.1359997
v 50.6459999 -2.90400004 14.1359997
v 45.552002 2.90400004 20.7660007
v 45.552002 -2.90400004 20.7660007
v 30.75 -2.90400004 8.45400047
v 21.816 2.90400004 -0.486000001
v 21.816 -2.90400004 -0.486000031
v 21.816 2.90400004 -0.486000001
v 30.75 -2.90400004 8.45400047
v 30.75 2.90400028 8.45400047
v 21 -8.26200104 43.8000031
v 9 -6.6600008 43.8000031
v 9 -11.6999998 43.8000031
v 9 -6.6600008 43.8000031
v 21 -8.26200104 43.8000031
v 21 -0.774000049 43.8000031
v 21 -8.26200104 43.8000031
v 30.0000019 -1.50000012 43.8000031
v 21 -0.774000049 43.8000031
v 30.0000019 -1.50000012 43.8000031
v 21 -8.26200104 43.8000031
v 30.0000019 -3.9000001 43.8000031
v 9 -11.6999998 43.8000031
v 9 -9.36000061 1.20000005
v 9 -11.6999998 1.20000005
v 9 -9.36000061 1.20000005
v 9 -11.6999998 43.8000031
v 9 -6.6600008 43.8000031
v -13.1999998 4.54747351e-13 87.0000076
v -7.51200008 -5.02200031 98.5800018
v -10.2060003 4.54747351e-13 98.5800018
v -7.51200008 -5.02200031 98.5800018
v -13.1999998 4.54747351e-13 87.0000076
v -9.33599949 -7.21200037 87.0000076
v -9.33599949 -7.21200037 87.0000076
v 0 -7.42800045 98.5800018
v -7.51200008 -5.02200031 98.5800018
v 0 -7.42800045 98.5800018
v -9.33599949 -7.21200037 87.0000076
v 0 -10.2000008 87.0000076
v 0 -10.2000008 87.0000076
v 7.51200008 -5.02200031 98.5800018
v 0 -7.42800045 98.5800018
v 7.51200008 -5.02200031 98.5800018
v 0 -10.2000008 87.0000076
v 9.33599949 -7.21200037 87.0000076
v 9.33599949 -7.21200037 87.0000076
v 10.2060003 4.54747351e-13 98.5800018
v 7.51200008 -5.02200031 98.5800018
v 10.2060003 4.54747351e-13 98.5800018
v 9.33599949 -7.21200037 87.0000076
v 13.1999998 4.54747351e-13 87.0000076
v -13.1999998 4.54747351e-13 87.0000076
v -9.33599949 -7.21199989 76.5
v -9.33599949 -7.21200037 87.0000076
v 0 -10.1999998 76.5
v -9.33599949 -7.21200037 87.0000076
v -9.33599949 -7.21199989 76.5
v -9.33599949 -7.21200037 87.0000076
v 0 -10.1999998 76.5
v 0 -10.2000008 87.0000076
v 9.33599949 -7.21199989 76.5
v 0 -10.2000008 87.0000076
v 0 -10.1999998 76.5
v 0 -10.2000008 87.0000076
v 9.33599949 -7.21199989 76.5
v 9.33599949 -7.21200037 87.0000076
v 13.1999998 2.27373675e-13 76.5000076
v 9.33599949 -7.21200037 87.0000076
v 9.33599949 -7.21199989 76.5
v 9.33599949 -7.21200037 87.0000076
v 13.1999998 2.27373675e-13 76.5000076
v 13.1999998 4.54747351e-13 87.0000076
v -9.33599949 -7.21199989 76.5
v -13.1999998 4.54747351e-13 87.0000076
v -13.1999998 2.27373675e-13 76.5000076
v -27.7259998 2.90400004 -6.39599991
v -29.2680016 -1.84200013 -7.93800068
v -29.2680016 1.84200001 -7.93800068
v -29.2680016 -1.84200013 -7.93800068
v -27.7259998 2.90400004 -6.39599991
v -27.7259998 -2.90400004 -6.39600086
v -21.816 2.90400004 -0.486000001
v -27.7259998 -2.90400004 -6.39600086
v -27.7259998 2.90400004 -6.39599991
v -27.7259998 -2.90400004 -6.39600086
v -21.816 2.90400004 -0.486000001
v -21.816 -2.90400004 -0.486000031
v -85.8840027 -2.90400004 30.2339993
v -86.5739975 1.84200001 28.1639996
v -86.5739975 -1.84200013 28.1639996
v -86.5739975 1.84200001 28.1639996
v -85.8840027 -2.90400004 30.2339993
v -85.8840027 2.90400028 30.2339993
v -83.2320023 -2.90400004 38.1599998
v -85.8840027 2.90400028 30.2339993
v -85.8840027 -2.90400004 30.2339993
v -85.8840027 2.90400028 30.2339993
v -83.2320023 -2.90400004 38.1599998
v -83.2320023 2.90400004 38.1599998
v -51.7200012 2.90400028 25.0800018
v -62.8800049 -2.90400004 31.0079994
v -51.7200012 -2.90400004 25.0800018
v -62.8800049 -2.90400004 31.0079994
v -51.7200012 2.90400028 25.0800018
v -62.8800049 2.90400028 31.0079994
v -66.8040009 -2.90400004 23.6280003
v -67.8300018 1.84200013 21.7019997
v -67.8300018 -1.84200013 21.7019997
v -67.8300018 1.84200013 21.7019997
v -66.8040009 -2.90400004 23.6280003
v -66.8040009 2.90400004 23.6280003
v -66.8040009 -2.90400004 23.6280003
v -62.8800049 2.90400028 31.0079994
v -66.8040009 2.90400004 23.6280003
v -62.8800049 2.90400028 31.0079994
v -66.8040009 -2.90400004 23.6280003
v -62.8800049 -2.90400004 31.0079994
v -40.6200027 -2.90400004 6.44400024
v -35.526001 2.90400004 13.0740004
v -35.526001 -2.90400028 13.0740004
v -35.526001 2.90400004 13.0740004
v -40.6200027 -2.90400004 6.44400024
v -40.6200027 2.90400004 6.44400024
v -41.946003 -1.84200013 4.71000051
v -40.6200027 2.90400004 6.44400024
v -40.6200027 -2.90400004 6.44400024
v -40.6200027 2.90400004 6.44400024
v -41.946003 -1.84200013 4.71000051
v -41.946003 1.84200001 4.71000051
v -21.816 2.90400004 -0.486000001
v -30.75 -2.90400004 8.45400047
v -21.816 -2.90400004 -0.486000031
v -30.75 -2.90400004 8.45400047
v -21.816 2.90400004 -0.486000001
v -30.75 2.90400028 8.45400047
v -22.7999992 -1.20000005 90.5999985
v -14.4000006 -1.20000005 40.8000031
v -14.4000006 -1.20000005 102.000008
v -14.4000006 -1.20000005 40.8000031
v -22.7999992 -1.20000005 90.5999985
v -22.7999992 -1.20000005 40.8000031
v -22.7999992 -1.20000005 90.5999985
v -22.7999992 1.20000005 40.8000031
v -22.7999992 -1.20000005 40.8000031
v -22.7999992 1.20000005 40.8000031
v -22.7999992 -1.20000005 90.5999985
v -22.7999992 1.20000005 90.5999985
v -57.6780014 27.6720028 70.1820068
v -8.47200108 1.89600003 75.0000076
v -45.8040047 21.4500008 92.9820099
v -8.47200108 1.89600003 75.0000076
v -57.6780014 27.6720028 70.1820068
v -9.90000057 2.63999987 18.6000004
v -83.7840042 -2.17799997 52.7999992
v -100.602005 2.17799997 34.7999992
v -100.602005 -2.17800021 34.7999992
v -100.602005 2.17799997 34.7999992
v -83.7840042 -2.17799997 52.7999992
v -83.7840042 2.17799997 52.7999992
v -83.2320023 -2.90400004 38.1599998
v -73.9020004 -2.90400004 26.2200031
v -71.2440033 -2.90400028 34.1520004
v -73.9020004 -2.90400004 26.2200031
v -83.2320023 -2.90400004 38.1599998
v -85.8840027 -2.90400004 30.2339993
v -85.8840027 -2.90400004 30.2339993
v -74.5920029 -1.84200001 24.1560001
v -73.9020004 -2.90400004 26.2200031
v -74.5920029 -1.84200001 24.1560001
v -85.8840027 -2.90400004 30.2339993
v -86.5739975 -1.84200013 28.1639996
v -45.552002 -2.90400004 20.7660007
v -40.6200027 -2.90400004 6.44400024
v -35.526001 -2.90400028 13.0740004
v -40.6200027 -2.90400004 6.44400024
v -45.552002 -2.90400004 20.7660007
v -50.6459999 -2.90400004 14.1359997
v -50.6459999 -2.90400004 14.1359997
v -41.946003 -1.84200013 4.71000051
v -40.6200027 -2.90400004 6.44400024
v -41.946003 -1.84200013 4.71000051
v -50.6459999 -2.90400004 14.1359997
v -51.9720001 -1.84200013 12.408
v -21 -1.50000012 13.8840008
v -30.0000019 -3.90000033 23.3999996
v -30.0000019 -1.5 23.3999996
v -30.0000019 -3.90000033 23.3999996
v -21 -1.50000012 13.8840008
v -21 -8.26200008 13.8840008
v -9 -9.36000061 1.20000005
v -21 -8.26200008 13.8840008
v -21 -1.50000012 13.8840008
v -21 -8.26200008 13.8840008
v -9 -9.36000061 1.20000005
v -9 -11.6999998 1.20000005
v -9 -11.6999998 43.8000031
v -21 -8.26200008 13.8840008
v -9 -11.6999998 1.20000005
v -21 -8.26200008 13.8840008
v -9 -11.6999998 43.8000031
v -21 -8.26200104 43.8000031
v -21 -8.26200104 43.8000031
v -30.0000019 -3.90000033 23.3999996
v -21 -8.26200008 13.8840008
v -30.0000019 -3.90000033 23.3999996
v -21 -8.26200104 43.8000031
v -30.0000019 -3.9000001 43.8000031
v 14.4000006 -1.20000005 102.000008
v 22.7999992 1.20000005 90.5999985
v 14.4000006 1.19999993 102.000008
v 22.7999992 1.20000005 90.5999985
v 14.4000006 -1.20000005 102.000008
v 22.7999992 -1.20000005 90.5999985
v 14.4000006 -1.20000005 40.8000031
v 22.7999992 -1.20000005 90.5999985
v 14.4000006 -1.20000005 102.000008
v 22.7999992 -1.20000005 90.5999985
v 14.4000006 -1.20000005 40.8000031
v 22.7999992 -1.20000005 40.8000031
v 1.80000007 -10.8000011 73.8000031
v 1.80000007 -30 73.8000031
v 1.80000007 -10.8000011 30.5999985
v 1.80000007 -30 73.8000031
v 1.80000007 -10.8000011 73.8000031
v 1.80000007 -30 90.5999985
v 57.6780014 27.6720028 70.1820068
v 44.9400024 23.6340008 92.9820099
v 45.8040047 21.4500008 92.9820099
v 44.9400024 23.6340008 92.9820099
v 57.6780014 27.6720028 70.1820068
v 56.814003 29.8560009 70.1820068
v 12.6000004 5.17200041 -16.2000008
v 24 -2.70000029 -16.2000008
v 24 2.70000029 -16.2000008
v 24 -2.70000029 -16.2000008
v 12.6000004 5.17200041 -16.2000008
v 12.6000004 -5.17199993 -16.2000008
v 30.75 -2.90400004 8.45400047
v 36.6660042 2.90400004 2.53800011
v 30.75 2.90400028 8.45400047
v 36.6660042 2.90400004 2.53800011
v 30.75 -2.90400004 8.45400047
v 36.6660042 -2.90400004 2.53800035
v 38.2080002 -1.84200013 0.995999992
v 36.6660042 2.90400004 2.53800011
v 36.6660042 -2.90400004 2.53800035
v 36.6660042 2.90400004 2.53800011
v 38.2080002 -1.84200013 0.995999992
v 38.2080002 1.84200001 0.996000051
v 86.5739975 1.84200001 28.1639996
v 74.5920029 -1.84200001 24.1560001
v 74.5920029 1.84200013 24.1560001
v 74.5920029 -1.84200001 24.1560001
v 86.5739975 1.84200001 28.1639996
v 86.5739975 -1.84200013 28.1639996
v 9 -9.36000061 1.20000005
v 21 -8.26200008 13.8840008
v 9 -11.6999998 1.20000005
v 21 -8.26200008 13.8840008
v 9 -9.36000061 1.20000005
v 21 -1.50000012 13.8840008
v 21 -1.50000012 13.8840008
v 30.0000019 -3.90000033 23.3999996
v 21 -8.26200008 13.8840008
v 30.0000019 -3.90000033 23.3999996
v 21 -1.50000012 13.8840008
v 30.0000019 -1.5 23.3999996
v -36.6660042 2.90400004 2.53800011
v -30.75 -2.90400004 8.45400047
v -30.75 2.90400028 8.45400047
v -30.75 -2.90400004 8.45400047
v -36.6660042 2.90400004 2.53800011
v -36.6660042 -2.90400004 2.53800035
v -36.6660042 2.90400004 2.53800011
v -38.2080002 -1.84200013 0.995999992
v -36.6660042 -2.90400004 2.53800035
v -38.2080002 -1.84200013 0.995999992
v -36.6660042 2.90400004 2.53800011
v -38.2080002 1.84200001 0.996000051
v -74.5920029 -1.84200001 24.1560001
v -86.5739975 1.84200001 28.1639996
v -74.5920029 1.84200013 24.1560001
v -86.5739975 1.84200001 28.1639996
v -74.5920029 -1.84200001 24.1560001
v -86.5739975 -1.84200013 28.1639996
v -35.526001 2.90400004 13.0740004
v -45.552002 -2.90400004 20.7660007
v -35.526001 -2.90400028 13.0740004
v -45.552002 -2.90400004 20.7660007
v -35.526001 2.90400004 13.0740004
v -45.552002 2.90400004 20.7660007
v -14.4000006 1.19999993 102.000008
v -14.4000006 -1.20000005 40.8000031
v -14.4000006 1.20000005 40.8000031
v -14.4000006 -1.20000005 40.8000031
v -14.4000006 1.19999993 102.000008
v -14.4000006 -1.20000005 102.000008
v 1.80000007 -30 73.8000031
v -1.80000007 -10.8000011 30.5999985
v 1.80000007 -10.8000011 30.5999985
v -1.80000007 -10.8000011 30.5999985
v 1.80000007 -30 73.8000031
v -1.80000007 -30 73.8000031
v -44.9400024 23.6340008 92.9820099
v -57.6780014 27.6720028 70.1820068
v -45.8040047 21.4500008 92.9820099
v -57.6780014 27.6720028 70.1820068
v -44.9400024 23.6340008 92.9820099
v -56.814003 29.8560009 70.1820068
v -76.9020004 2.17799997 28.5
v -100.602005 -2.17800021 34.7999992
v -100.602005 2.17799997 34.7999992
v -100.602005 -2.17800021 34.7999992
v -76.9020004 2.17799997 28.5
v -76.9020004 -2.17800021 28.5
v -76.9020004 2.17799997 28.5
v -54.5340042 -2.17800021 17.6880016
v -76.9020004 -2.17800021 28.5
v -54.5340042 -2.17800021 17.6880016
v -76.9020004 2.17799997 28.5
v -54.5340042 2.17799997 17.6880016
v -54.5340042 2.17799997 17.6880016
v -37.1940002 -2.17799997 4.42799997
v -54.5340042 -2.17800021 17.6880016
v -37.1940002 -2.17799997 4.42799997
v -54.5340042 2.17799997 17.6880016
v -37.1940002 2.17800021 4.42799997
v -37.1940002 2.17800021 4.42799997
v -14.6400003 -2.17800021 -19.2000008
v -37.1940002 -2.17799997 4.42799997
v -14.6400003 -2.17800021 -19.2000008
v -37.1940002 2.17800021 4.42799997
v -14.6400003 2.17799997 -19.2000008
v -30.0000019 -1.5 23.3999996
v -30.0000019 -3.9000001 43.8000031
v -30.0000019 -1.50000012 43.8000031
v -30.0000019 -3.9000001 43.8000031
v -30.0000019 -1.5 23.3999996
v -30.0000019 -3.90000033 23.3999996
v 22.7999992 1.20000005 40.8000031
v 22.7999992 -1.20000005 90.5999985
v 22.7999992 -1.20000005 40.8000031
v 22.7999992 -1.20000005 90.5999985
v 22.7999992 1.20000005 40.8000031
v 22.7999992 1.20000005 90.5999985
v -13.1999998 4.54747351e-13 87.0000076
v -9.33599949 7.21199989 76.5000076
v -13.1999998 2.27373675e-13 76.5000076
v -9.33599949 7.21199989 76.5000076
v -13.1999998 4.54747351e-13 87.0000076
v -9.33599949 7.21200037 87.0000076
v -9.33599949 7.21200037 87.0000076
v 0 10.2000008 76.5000076
v -9.33599949 7.21199989 76.5000076
v 0 10.2000008 76.5000076
v -9.33599949 7.21200037 87.0000076
v 0 10.2000008 87.0000076
v 0 10.2000008 87.0000076
v 9.33599949 7.21199989 76.5000076
v 0 10.2000008 76.5000076
v 9.33599949 7.21199989 76.5000076
v 0 10.2000008 87.0000076
v 9.33599949 7.21200037 87.0000076
v 9.33599949 7.21200037 87.0000076
v 13.1999998 2.27373675e-13 76.5000076
v 9.33599949 7.21199989 76.5000076
v 13.1999998 2.27373675e-13 76.5000076
v 9.33599949 7.21200037 87.0000076
v 13.1999998 4.54747351e-13 87.0000076
v -13.1999998 4.54747351e-13 87.0000076
v -7.51200008 5.02200031 98.5800018
v -9.33599949 7.21200037 87.0000076
v 0 7.42800093 98.5800018
v -9.33599949 7.21200037 87.0000076
v -7.51200008 5.02200031 98.5800018
v -9.33599949 7.21200037 87.0000076
v 0 7.42800093 98.5800018
v 0 10.2000008 87.0000076
v 7.51200008 5.02200031 98.5800018
v 0 10.2000008 87.0000076
v 0 7.42800093 98.5800018
v 0 10.2000008 87.0000076
v 7.51200008 5.02200031 98.5800018
v 9.33599949 7.21200037 87.0000076
v 10.2060003 4.54747351e-13 98.5800018
v 9.33599949 7.21200037 87.0000076
v 7.51200008 5.02200031 98.5800018
v 9.33599949 7.21200037 87.0000076
v 10.2060003 4.54747351e-13 98.5800018
v 13.1999998 4.54747351e-13 87.0000076
v -7.51200008 5.02200031 98.5800018
v -13.1999998 4.54747351e-13 87.0000076
v -10.2060003 4.54747351e-13 98.5800018
v 9.02999973 4.82399988 18.6000004
v 57.6780014 27.6720028 70.1820068
v 9.90000057 2.63999987 18.6000004
v 57.6780014 27.6720028 70.1820068
v 9.02999973 4.82399988 18.6000004
v 56.814003 29.8560009 70.1820068
v 100.602005 2.17799997 34.7999992
v 83.7840042 -2.17799997 52.7999992
v 100.602005 -2.17800021 34.7999992
v 83.7840042 -2.17799997 52.7999992
v 100.602005 2.17799997 34.7999992
v 83.7840042 2.17799997 52.7999992
v 83.2320023 2.90400004 38.1599998
v 73.9020004 2.90400028 26.2200031
v 71.2440033 2.90400004 34.1520004
v 73.9020004 2.90400028 26.2200031
v 83.2320023 2.90400004 38.1599998
v 85.8840027 2.90400028 30.2339993
v 85.8840027 2.90400028 30.2339993
v 74.5920029 1.84200013 24.1560001
v 73.9020004 2.90400028 26.2200031
v 74.5920029 1.84200013 24.1560001
v 85.8840027 2.90400028 30.2339993
v 86.5739975 1.84200001 28.1639996
v 83.2320023 -2.90400004 38.1599998
v 85.8840027 2.90400028 30.2339993
v 83.2320023 2.90400004 38.1599998
v 85.8840027 2.90400028 30.2339993
v 83.2320023 -2.90400004 38.1599998
v 85.8840027 -2.90400004 30.2339993
v 85.8840027 -2.90400004 30.2339993
v 86.5739975 1.84200001 28.1639996
v 85.8840027 2.90400028 30.2339993
v 86.5739975 1.84200001 28.1639996
v 85.8840027 -2.90400004 30.2339993
v 86.5739975 -1.84200013 28.1639996
v 51.7200012 2.90400028 25.0800018
v 55.644001 -2.90400004 17.6940002
v 51.7200012 -2.90400004 25.0800018
v 55.644001 -2.90400004 17.6940002
v 51.7200012 2.90400028 25.0800018
v 55.644001 2.90400004 17.6940002
v 56.6700058 1.84200013 15.7680006
v 55.644001 -2.90400004 17.6940002
v 55.644001 2.90400004 17.6940002
v 55.644001 -2.90400004 17.6940002
v 56.6700058 1.84200013 15.7680006
v 56.6700058 -1.84200001 15.7680006
v 45.552002 -2.90400004 20.7660007
v 35.526001 2.90400004 13.0740004
v 35.526001 -2.90400028 13.0740004
v 35.526001 2.90400004 13.0740004
v 45.552002 -2.90400004 20.7660007
v 45.552002 2.90400004 20.7660007
v 38.2080002 1.84200001 0.996000051
v 29.2680016 -1.84200013 -7.93800068
v 29.2680016 1.84200001 -7.93800068
v 29.2680016 -1.84200013 -7.93800068
v 38.2080002 1.84200001 0.996000051
v 38.2080002 -1.84200013 0.995999992
v 30.0000019 -3.9000001 43.8000031
v 30.0000019 -1.5 23.3999996
v 30.0000019 -1.50000012 43.8000031
v 30.0000019 -1.5 23.3999996
v 30.0000019 -3.9000001 43.8000031
v 30.0000019 -3.90000033 23.3999996
v -55.644001 -2.90400004 17.6940002
v -51.7200012 2.90400028 25.0800018
v -51.7200012 -2.90400004 25.0800018
v -51.7200012 2.90400028 25.0800018
v -55.644001 -2.90400004 17.6940002
v -55.644001 2.90400004 17.6940002
v -55.644001 -2.90400004 17.6940002
v -56.6700058 1.84200013 15.7680006
v -55.644001 2.90400004 17.6940002
v -56.6700058 1.84200013 15.7680006
v -55.644001 -2.90400004 17.6940002
v -56.6700058 -1.84200001 15.7680006
v -29.2680016 -1.84200013 -7.93800068
v -38.2080002 1.84200001 0.996000051
v -29.2680016 1.84200001 -7.93800068
v -38.2080002 1.84200001 0.996000051
v -29.2680016 -1.84200013 -7.93800068
v -38.2080002 -1.84200013 0.995999992
v -22.7999992 -1.20000005 40.8000031
v -14.4000006 1.20000005 40.8000031
v -14.4000006 -1.20000005 40.8000031
v -14.4000006 1.20000005 40.8000031
v -22.7999992 -1.20000005 40.8000031
v -22.7999992 1.20000005 40.8000031
v 1.80000007 -30 90.5999985
v -1.80000007 -30 73.8000031
v 1.80000007 -30 73.8000031
v -1.80000007 -30 73.8000031
v 1.80000007 -30 90.5999985
v -1.80000007 -30 90.5999985
v -9.02999973 4.82399988 18.6000004
v -57.6780014 27.6720028 70.1820068
v -56.814003 29.8560009 70.1820068
v -57.6780014 27.6720028 70.1820068
v -9.02999973 4.82399988 18.6000004
v -9.90000057 2.63999987 18.6000004
v -24 -2.70000029 -16.2000008
v -12.6000004 5.17200041 -16.2000008
v -24 2.70000029 -16.2000008
v -12.6000004 5.17200041 -16.2000008
v -24 -2.70000029 -16.2000008
v -12.6000004 -5.17199993 -16.2000008
v -83.7840042 2.17799997 52.7999992
v -13.7040005 -2.17799997 52.7999992
v -13.7040005 2.17799997 52.7999992
v -13.7040005 -2.17799997 52.7999992
v -83.7840042 2.17799997 52.7999992
v -83.7840042 -2.17799997 52.7999992
v -100.602005 2.17799997 34.7999992
v -83.7840042 2.17799997 52.7999992
v -76.9020004 2.17799997 28.5
v -76.9020004 2.17799997 28.5
v -83.7840042 2.17799997 52.7999992
v -54.5340042 2.17799997 17.6880016
v -83.7840042 2.17799997 52.7999992
v -13.7040005 2.17799997 52.7999992
v -54.5340042 2.17799997 17.6880016
v -54.5340042 2.17799997 17.6880016
v -13.7040005 2.17799997 52.7999992
v -37.1940002 2.17800021 4.42799997
v -37.1940002 2.17800021 4.42799997
v -13.7040005 2.17799997 52.7999992
v -14.6400003 2.17799997 -19.2000008
v 83.7840042 2.17799997 52.7999992
v 100.602005 2.17799997 34.7999992
v 76.9020004 2.17799997 28.5
v 83.7840042 2.17799997 52.7999992
v 76.9020004 2.17799997 28.5
v 54.5340042 2.17799997 17.6880016
v 13.7040005 2.17799997 52.7999992
v 83.7840042 2.17799997 52.7999992
v 54.5340042 2.17799997 17.6880016
v 13.7040005 2.17799997 52.7999992
v 54.5340042 2.17799997 17.6880016
v 37.1940002 2.17800021 4.42799997
v 13.7040005 2.17799997 52.7999992
v 37.1940002 2.17800021 4.42799997
v 14.6400003 2.17799997 -19.2000008
v 100.602005 -2.17800021 34.7999992
v 83.7840042 -2.17799997 52.7999992
v 76.9020004 -2.17800021 28.5
v 76.9020004 -2.17800021 28.5
v 83.7840042 -2.17799997 52.7999992
v 54.5340042 -2.17800021 17.6880016
v 83.7840042 -2.17799997 52.7999992
v 13.7040005 -2.17799997 52.7999992
v 54.5340042 -2.17800021 17.6880016
v 54.5340042 -2.17800021 17.6880016
v 13.7040005 -2.17799997 52.7999992
v 37.1940002 -2.17799997 4.42799997
v 37.1940002 -2.17799997 4.42799997
v 13.7040005 -2.17799997 52.7999992
v 14.6400003 -2.17800021 -19.2000008
v 7.51200008 -5.02200031 98.5800018
v 10.2060003 4.54747351e-13 98.5800018
v 7.51200008 5.02200031 98.5800018
v 7.51200008 5.02200031 98.5800018
v 0 -7.42800045 98.5800018
v 7.51200008 -5.02200031 98.5800018
v 0 -7.42800045 98.5800018
v 7.51200008 5.02200031 98.5800018
v 0 7.42800093 98.5800018
v -7.51200008 5.02200031 98.5800018
v 0 -7.42800045 98.5800018
v 0 7.42800093 98.5800018
v 0 -7.42800045 98.5800018
v -7.51200008 5.02200031 98.5800018
v -7.51200008 -5.02200031 98.5800018
v -7.51200008 -5.02200031 98.5800018
v -7.51200008 5.02200031 98.5800018
v -10.2060003 4.54747351e-13 98.5800018
v -83.7840042 -2.17799997 52.7999992
v -100.602005 -2.17800021 34.7999992
v -76.9020004 -2.17800021 28.5
v -83.7840042 -2.17799997 52.7999992
v -76.9020004 -2.17800021 28.5
v -54.5340042 -2.17800021 17.6880016
v -13.7040005 -2.17799997 52.7999992
v -83.7840042 -2.17799997 52.7999992
v -54.5340042 -2.17800021 17.6880016
v -13.7040005 -2.17799997 52.7999992
v -54.5340042 -2.17800021 17.6880016
v -37.1940002 -2.17799997 4.42799997
v -13.7040005 -2.17799997 52.7999992
v -37.1940002 -2.17799997 4.42799997
v -14.6400003 -2.17800021 -19.2000008
v 7.56600046 -8.8380003 -37.5300026
v 5.85600042 -10.6620007 -55.4100037
v 7.23000002 -7.54799986 -55.2660065
v 5.85600042 -10.6620007 -55.4100037
v 7.56600046 -8.8380003 -37.5300026
v 6.90000057 -11.6580009 -37.4880028
v 6.90000057 -11.6580009 -37.4880028
v 0 -13.5720015 -55.2000046
v 5.85600042 -10.6620007 -55.4100037
v 0 -8.64599991 -68.4300003
v 5.85600042 -10.6620007 -55.4100037
v 0 -13.5720015 -55.2000046
v 5.85600042 -10.6620007 -55.4100037
v 0 -8.64599991 -68.4300003
v 2.62800002 -7.86600018 -68.0220032
v 2.62800002 -7.86600018 -68.0220032
v 7.23000002 -7.54799986 -55.2660065
v 5.85600042 -10.6620007 -55.4100037
v 6.08999968 -10.1879997 -26.9100018
v 6.90000057 -11.6580009 -37.4880028
v 7.56600046 -8.8380003 -37.5300026
v 6.90000057 -11.6580009 -37.4880028
v 6.08999968 -10.1879997 -26.9100018
v 5.76600027 -11.5200005 -26.8740025
v 0 -14.5739994 -27.0960007
v 6.90000057 -11.6580009 -37.4880028
v 5.76600027 -11.5200005 -26.8740025
v 6.90000057 -11.6580009 -37.4880028
v 0 -14.5739994 -27.0960007
v 0 -15.7800026 -37.4700012
v 0 -13.5720015 -55.2000046
v 6.90000057 -11.6580009 -37.4880028
v 0 -15.7800026 -37.4700012
v -6.90000057 -11.6580009 -37.4880028
v 0 -13.5720015 -55.2000046
v 0 -15.7800026 -37.4700012
v 0 -13.5720015 -55.2000046
v -6.90000057 -11.6580009 -37.4880028
v -5.85600042 -10.6620007 -55.4100037
v -5.85600042 -10.6620007 -55.4100037
v 0 -8.64599991 -68.4300003
v 0 -13.5720015 -55.2000046
v 6.08999968 -10.1879997 -26.9100018
v 5.40000057 -10.4040003 -23.4900017
v 5.76600027 -11.5200005 -26.8740025
v 0 -11.5620003 -17.0580006
v 5.76600027 -11.5200005 -26.8740025
v 5.40000057 -10.4040003 -23.4900017
v 5.76600027 -11.5200005 -26.8740025
v 0 -11.5620003 -17.0580006
v 0 -14.5739994 -27.0960007
v 0 -11.5620003 -17.0580006
v -5.76600027 -11.5200005 -26.8740025
v 0 -14.5739994 -27.0960007
v -6.90000057 -11.6580009 -37.4880028
v 0 -14.5739994 -27.0960007
v -5.76600027 -11.5200005 -26.8740025
v 0 -14.5739994 -27.0960007
v -6.90000057 -11.6580009 -37.4880028
v 0 -15.7800026 -37.4700012
v -5.76600027 -11.5200005 -26.8740025
v 0 -11.5620003 -17.0580006
v -5.40000057 -10.4040003 -23.4900017
v -5.76600027 -11.5200005 -26.8740025
v -5.40000057 -10.4040003 -23.4900017
v -6.08999968 -10.1879997 -26.9100018
v -6.08999968 -10.1879997 -26.9100018
v -6.90000057 -11.6580009 -37.4880028
v -5.76600027 -11.5200005 -26.8740025
v -6.90000057 -11.6580009 -37.4880028
v -6.08999968 -10.1879997 -26.9100018
v -7.56600046 -8.8380003 -37.5300026
v -7.56600046 -8.8380003 -37.5300026
v -5.85600042 -10.6620007 -55.4100037
v -6.90000057 -11.6580009 -37.4880028
v -5.85600042 -10.6620007 -55.4100037
v -7.56600046 -8.8380003 -37.5300026
v -7.23000002 -7.54799986 -55.2660065
v -7.23000002 -7.54799986 -55.2660065
v -2.62800002 -7.86600018 -68.0220032
v -5.85600042 -10.6620007 -55.4100037
v 0 -8.64599991 -68.4300003
v -5.85600042 -10.6620007 -55.4100037
v -2.62800002 -7.86600018 -68.0220032
v -2.62800002 -7.86600018 -68.0220032
v 0 -7.56600046 -70.038002
v 0 -8.64599991 -68.4300003
v 0 -7.56600046 -70.038002
v 2.62800002 -7.86600018 -68.0220032
v 0 -8.64599991 -68.4300003

# 325 UV coordinates
vt 0.834800005 0.724399984 0
vt 0.845899999 0.678600013 0
vt 0.860800028 0.678000033 0
vt 0.825699985 0.717000008 0
vt 0.780700028 0.733299971 0
vt 0.780799985 0.727100015 0
vt 0.736400008 0.715000033 0
vt 0.726899981 0.722000003 0
vt 0.717700005 0.681400001 0
vt 0.702799976 0.681400001 0
vt 0.726999998 0.640799999 0
vt 0.736500025 0.647700012 0
vt 0.780700028 0.629500031 0
vt 0.780799985 0.635599971 0
vt 0.825699985 0.645799994 0
vt 0.834900022 0.638399959 0
vt 0.75999999 0.600800037 0
vt 0.800400019 0.58919996 0
vt 0.75999999 0.58919996 0
vt 0.800400019 0.600800037 0
vt 0.75999999 0.581200004 0
vt 0.800400019 0.341799974 0
vt 0.75999999 0.287 0
vt 0.800400019 0.581200004 0
vt 0.919799984 0.394599974 0
vt 0.969200015 0.464299977 0
vt 0.95539999 0.296000004 0
vt 0.908299983 0.465900004 0
vt 0.912599981 0.56279999 0
vt 0.968999982 0.562900007 0
vt 0.891300023 0.173799992 0
vt 0.952000022 0.162100017 0
vt 0.891300023 0.162100017 0
vt 0.952000022 0.173799992 0
vt 0.891300023 0.213999987 0
vt 0.952000022 0.213999987 0
vt 0.748199999 0.175000012 0
vt 0.809000015 0.163299978 0
vt 0.748199999 0.163299978 0
vt 0.809000015 0.175000012 0
vt 0.748199999 0.215200007 0
vt 0.809000015 0.215200007 0
vt 0.44569999 0.236800015 0
vt 0.682900012 0.247200012 0
vt 0.684099972 0.236800015 0
vt 0.444499999 0.247200012 0
vt 0.0878000036 0.698500037 0
vt 0.0669 0.361500025 0
vt 0.0669 0.698500037 0
vt 0.0878000036 0.361500025 0
vt 0.0460000001 0.541499972 0
vt 0.0250000004 0.698700011 0
vt 0.0460000001 0.698700011 0
vt 0.0250000004 0.541499972 0
vt 0.0460000001 0.436600029 0
vt 0.0250000004 0.436600029 0
vt 0.0458999984 0.317099988 0
vt 0.0250000004 0.317099988 0
vt 0.0250000004 0.199299991 0
vt 0.0458999984 0.199299991 0
vt 0.952600002 0.0343000293 0
vt 0.891900003 0.0460000038 0
vt 0.891900003 0.0343000293 0
vt 0.952600002 0.0460000038 0
vt 0.952600002 0.0861999989 0
vt 0.891900003 0.0861999989 0
vt 0.802399993 0.0483999848 0
vt 0.741699994 0.0367000103 0
vt 0.802399993 0.0367000103 0
vt 0.741699994 0.0483999848 0
vt 0.802399993 0.0885999799 0
vt 0.741699994 0.0885999799 0
vt 0.965699971 0.03549999 0
vt 0.988499999 0.0460000038 0
vt 0.983399987 0.03549999 0
vt 0.960600019 0.0460000038 0
vt 0.988499999 0.0861999989 0
vt 0.960600019 0.0861999989 0
vt 0.96509999 0.163299978 0
vt 0.987999976 0.173799992 0
vt 0.982900023 0.163299978 0
vt 0.959999979 0.173799992 0
vt 0.987999976 0.213999987 0
vt 0.959999979 0.213999987 0
vt 0.891300023 0.220000029 0
vt 0.952000022 0.247900009 0
vt 0.952000022 0.220000029 0
vt 0.891300023 0.247900009 0
vt 0.741699994 0.0130000114 0
vt 0.802399993 0.0307000279 0
vt 0.802399993 0.0130000114 0
vt 0.741699994 0.0307000279 0
vt 0.844900012 0.215200007 0
vt 0.816999972 0.175000012 0
vt 0.816999972 0.215200007 0
vt 0.844900012 0.175000012 0
vt 0.822099984 0.164499998 0
vt 0.8398 0.164499998 0
vt 0.557399988 0.422800004 0
vt 0.701200008 0.362800002 0
vt 0.496399999 0.362800002 0
vt 0.701200008 0.422800004 0
vt 0.603100002 0.470899999 0
vt 0.701200008 0.470899999 0
vt 0.748199999 0.157299995 0
vt 0.809000015 0.139599979 0
vt 0.809000015 0.157299995 0
vt 0.748199999 0.139599979 0
vt 0.737100005 0.164499998 0
vt 0.714299977 0.175000012 0
vt 0.719399989 0.164499998 0
vt 0.742200017 0.175000012 0
vt 0.714299977 0.215200007 0
vt 0.742200017 0.215200007 0
vt 0.815699995 0.32889998 0
vt 0.765999973 0.281000018 0
vt 0.775300026 0.274100006 0
vt 0.806400001 0.335799992 0
vt 0.27700001 0.209299982 0
vt 0.154300004 0.226700008 0
vt 0.154300004 0.209299982 0
vt 0.27700001 0.226700008 0
vt 0.909799993 0.394599974 0
vt 0.896200001 0.284600019 0
vt 0.9454 0.296000004 0
vt 0.88410002 0.389599979 0
vt 0.872799993 0.464699984 0
vt 0.898299992 0.465900004 0
vt 0.90259999 0.56279999 0
vt 0.876399994 0.563800037 0
vt 0.223800004 0.138599992 0
vt 0.154300004 0.199299991 0
vt 0.0175999999 0.0429999828 0
vt 0.27700001 0.199299991 0
vt 0.470899999 0.528699994 0
vt 0.444000006 0.477100015 0
vt 0.490700006 0.514800012 0
vt 0.414600015 0.497799993 0
vt 0.3926 0.460399985 0
vt 0.40200001 0.453700006 0
vt 0.497000009 0.324100018 0
vt 0.701900005 0.335399985 0
vt 0.497000009 0.335399985 0
vt 0.701900005 0.311100006 0
vt 0.726800025 0.750499964 0
vt 0.845200002 0.808099985 0
vt 0.847100019 0.761799991 0
vt 0.720700026 0.796800017 0
vt 0.716199994 0.828299999 0
vt 0.845200002 0.863099992 0
vt 0.718400002 0.863099992 0
vt 0.716300011 0.898000002 0
vt 0.845200002 0.917999983 0
vt 0.359400004 0.736999989 0
vt 0.360000014 0.781100035 0
vt 0.359899998 0.817300022 0
vt 0.361299992 0.863399982 0
vt 0.360000014 0.909399986 0
vt 0.360100001 0.94569999 0
vt 0.720799983 0.929499984 0
vt 0.151899993 0.7676 0
vt 0.145999998 0.797399998 0
vt 0.150399998 0.831099987 0
vt 0.150199994 0.863399982 0
vt 0.150399998 0.895600021 0
vt 0.145999998 0.929399967 0
vt 0.0540999994 0.807500005 0
vt 0.0672999993 0.819599986 0
vt 0.0817999989 0.835999966 0
vt 0.0487999991 0.863300025 0
vt 0.0817999989 0.890699983 0
vt 0.0218000002 0.833899975 0
vt 0.0308999997 0.84679997 0
vt 0.0252999999 0.863300025 0
vt 0.0308999997 0.879800022 0
vt 0.0672999993 0.907000005 0
vt 0.0540000014 0.919200003 0
vt 0.151899993 0.959200025 0
vt 0.00910000037 0.863300025 0
vt 0.0218000002 0.892799973 0
vt 0.359499991 0.989700019 0
vt 0.726899981 0.975799978 0
vt 0.847199976 0.964299977 0
vt 0.75 0.581200004 0
vt 0.738499999 0.287 0
vt 0.738499999 0.581200004 0
vt 0.75 0.287 0
vt 0.489800006 0.0242999792 0
vt 0.668099999 0.22420001 0
vt 0.69749999 0.101300001 0
vt 0.306699991 0.22420001 0
vt 0.741699994 0.0946000218 0
vt 0.802399993 0.122500002 0
vt 0.802399993 0.0946000218 0
vt 0.741699994 0.122500002 0
vt 0.712800026 0.037899971 0
vt 0.735700011 0.0483999848 0
vt 0.730599999 0.037899971 0
vt 0.707700014 0.0483999848 0
vt 0.707700014 0.0885999799 0
vt 0.735700011 0.0885999799 0
vt 0.891900003 0.0921999812 0
vt 0.952600002 0.120100021 0
vt 0.952600002 0.0921999812 0
vt 0.891900003 0.120100021 0
vt 0.930800021 0.945900023 0
vt 0.98210001 0.900900006 0
vt 0.986800015 0.92809999 0
vt 0.925700009 0.907199979 0
vt 0.981000006 0.861999989 0
vt 0.924099982 0.861500025 0
vt 0.98299998 0.823000014 0
vt 0.926199973 0.815699995 0
vt 0.988099992 0.795599997 0
vt 0.931599975 0.777500033 0
vt 0.875800014 0.910099983 0
vt 0.873899996 0.861500025 0
vt 0.875899971 0.812900007 0
vt 0.879899979 0.772899985 0
vt 0.879599988 0.949599981 0
vt 0.885299981 0.173799992 0
vt 0.862399995 0.163299978 0
vt 0.880200028 0.163299978 0
vt 0.857299984 0.173799992 0
vt 0.885299981 0.213999987 0
vt 0.857299984 0.213999987 0
vt 0.808399975 0.341799974 0
vt 0.819999993 0.581200004 0
vt 0.808399975 0.581200004 0
vt 0.819999993 0.341799974 0
vt 0.0923999995 0.351400018 0
vt 0.163800001 0.254599988 0
vt 0.178200006 0.269800007 0
vt 0.0778999999 0.336199999 0
vt 0.475300014 0.452199996 0
vt 0.535000026 0.475300014 0
vt 0.528999984 0.485199988 0
vt 0.492300004 0.424499989 0
vt 0.423500001 0.376100004 0
vt 0.429399997 0.36650002 0
vt 0.434399992 0.247200012 0
vt 0.298500001 0.236699998 0
vt 0.297800004 0.247200012 0
vt 0.435099989 0.236699998 0
vt 0.958400011 0.621899962 0
vt 0.912599981 0.57280004 0
vt 0.907000005 0.598399997 0
vt 0.968999982 0.572899997 0
vt 0.885900021 0.0861999989 0
vt 0.857900023 0.0460000038 0
vt 0.857900023 0.0861999989 0
vt 0.885900021 0.0460000038 0
vt 0.880800009 0.03549999 0
vt 0.862999976 0.03549999 0
vt 0.891300023 0.138400018 0
vt 0.952000022 0.156099975 0
vt 0.952000022 0.138400018 0
vt 0.891300023 0.156099975 0
vt 0.809000015 0.249100029 0
vt 0.748199999 0.221199989 0
vt 0.809000015 0.221199989 0
vt 0.748199999 0.249100029 0
vt 0.236100003 0.112900019 0
vt 0.0226000007 0.0329999924 0
vt 0.0297999997 0.0173000097 0
vt 0.228799999 0.128600001 0
vt 0.605499983 0.507400036 0
vt 0.703599989 0.495899975 0
vt 0.703599989 0.507400036 0
vt 0.605499983 0.495899975 0
vt 0.298900008 0.269500017 0
vt 0.68809998 0.25910002 0
vt 0.298000008 0.25910002 0
vt 0.68900001 0.269500017 0
vt 0.83829999 0.0885999799 0
vt 0.810400009 0.0483999848 0
vt 0.810400009 0.0885999799 0
vt 0.83829999 0.0483999848 0
vt 0.833299994 0.037899971 0
vt 0.815500021 0.037899971 0
vt 0.891900003 0.0105999708 0
vt 0.952600002 0.0282999873 0
vt 0.952600002 0.0105999708 0
vt 0.891900003 0.0282999873 0
vt 0.300000012 0.183000028 0
vt 0.233799994 0.133599997 0
vt 0.246800005 0.122200012 0
vt 0.287 0.194299996 0
vt 0.193900004 0.283200026 0
vt 0.106299996 0.362900019 0
vt 0.2227 0.397499979 0
vt 0.273299992 0.505699992 0
vt 0.101999998 0.699800014 0
vt 0.335999995 0.589900017 0
vt 0.448199987 0.699800014 0
vt 0.883700013 0.74000001 0
vt 0.870800018 0.715799987 0
vt 0.883700013 0.691700041 0
vt 0.9199 0.751599967 0
vt 0.9199 0.680099964 0
vt 0.95599997 0.691700041 0
vt 0.95599997 0.74000001 0
vt 0.968900025 0.715799987 0
vt 0.583599985 0.545700014 0
vt 0.497599989 0.567400038 0
vt 0.494700015 0.551299989 0
vt 0.584399998 0.559700012 0
vt 0.501399994 0.598199964 0
vt 0.434199989 0.598100007 0
vt 0.434799999 0.584600031 0
vt 0.637499988 0.560299993 0
vt 0.636600018 0.566900015 0
vt 0.63349998 0.598199964 0
vt 0.584999979 0.598199964 0
vt 0.584500015 0.636699975 0
vt 0.497599989 0.629000008 0
vt 0.653999984 0.568100035 0
vt 0.683300018 0.598100007 0
vt 0.636600018 0.629400015 0
vt 0.653999984 0.628199995 0
vt 0.637499988 0.636000037 0
vt 0.583700001 0.650600016 0
vt 0.494700015 0.644999981 0
vt 0.434799999 0.611699998 0
vt 0.424899995 0.598100007 0

# 431 vertex normals
vn 0.323135018 0.379014969 0.867139816
vn 0.377426714 0.221426547 0.899177074
vn 0.368551046 0.219846115 0.903237462
vn 0.274405271 0.475305855 0.835934281
vn 4.55195792e-09 0.879202306 0.476448536
vn 0 0.906065226 0.423138201
vn -0.274405271 0.475305855 0.835934281
vn -0.323135018 0.379014969 0.867139816
vn -0.387034029 -1.13272227e-08 0.922065318
vn -0.377793908 -7.02789738e-09 0.92588973
vn -0.323135018 -0.379014999 0.867139816
vn -0.274405271 -0.475305885 0.835934222
vn 0 -0.879202306 0.476448506
vn 0 -0.906065226 0.423138142
vn 0.274405271 -0.475305885 0.835934222
vn 0.323135018 -0.379014999 0.867139816
vn 0.377426714 -0.221426487 0.899177015
vn 0.368551046 -0.219846115 0.903237462
vn 0 0 -1
vn 0 1 0
vn -0.227242887 0.973540008 -0.0240936279
vn -0.203861579 0.978899956 -0.0139742717
vn -0.239756927 0.970699131 -0.0161170438
vn -0.192496642 0.981172383 -0.0156754199
vn -0.205051959 0.978742778 0.00401271926
vn -0.211917073 0.977287591 -4.54747298e-15
vn -0.0712249056 0.974476635 -0.21288985
vn -0.139250353 0.898757815 -0.415744632
vn -0.13882795 0.899153888 -0.415029019
vn -0.0714990199 0.974338889 -0.213428378
vn -0.136952683 0.974383056 -0.178386107
vn -0.266368777 0.899181247 -0.347160876
vn -0.266897649 0.898850203 -0.347611725
vn -0.136665747 0.974469364 -0.178134546
vn -0.3666704 -0.145056471 0.918972969
vn -0.366670489 -0.145056412 0.918972969
vn -0.3666704 -0.145056397 0.918972969
vn 0.209580481 0.977736294 -0.0103859613
vn 0.251117676 0.967916191 -0.00884196162
vn 0.272118121 0.962252378 0.00469169533
vn 0.192496642 0.981172383 -0.0156754144
vn 0.205051959 0.978742778 0.00401272066
vn 0.211917073 0.977287591 -4.54747298e-15
vn 0 0 1
vn 0.667427063 -2.2737367e-15 -0.744675219
vn 0.723355532 -2.2737367e-15 -0.690475702
vn 0.667426944 -2.27373692e-15 -0.744675279
vn 0.524008453 -4.54747341e-15 -0.851713002
vn 0.524008512 -4.54747341e-15 -0.851713002
vn 0.347622663 0 -0.937634468
vn 0.347622693 -4.54747383e-15 -0.937634468
vn 0.256901115 -4.54747383e-15 -0.966437757
vn 0.256901175 0 -0.966437638
vn 0.309492767 0.899054825 -0.309700608
vn 0.158838227 0.974426508 -0.15894489
vn 0.309492916 0.899054766 -0.309700757
vn 0.15877369 0.974447548 -0.158880353
vn 0.10539934 0.974473357 -0.198223174
vn 0.205439359 0.89917469 -0.386367172
vn 0.205439255 0.899174809 -0.386366963
vn 0.105433971 0.974456489 -0.198288366
vn 0.158773705 -0.974447548 -0.158880368
vn 0 -1 0
vn 0.158838212 -0.974426508 -0.15894486
vn 0.309492767 -0.899054945 -0.309700638
vn 0.309492946 -0.899054885 -0.309700727
vn -0.707106769 -2.2737367e-15 -0.707106769
vn -0.707106709 -2.2737367e-15 -0.707106829
vn -0.707106769 -2.27373692e-15 -0.707106829
vn -0.707106709 -4.54747341e-15 -0.707106829
vn -0.948407292 -1.13686846e-15 -0.317054629
vn -0.948274493 -1.13686835e-15 -0.317451328
vn -0.948407292 -1.13686835e-15 -0.317054629
vn -0.948274493 -1.13686835e-15 -0.317451388
vn -0.948180079 -1.13686835e-15 -0.317733347
vn -0.317082018 0 0.948398113
vn 0.469479203 0 -0.882943571
vn 0.205439359 -0.89917469 -0.386367172
vn 0.10539934 -0.974473357 -0.198223174
vn 0.20543927 -0.899174809 -0.386366934
vn 0.105433978 -0.974456489 -0.198288366
vn -0.792970777 -2.2737367e-15 -0.609259665
vn -0.793547809 2.27373649e-15 -0.608507812
vn -0.792970717 -2.2737367e-15 -0.609259665
vn -0.793547809 0 -0.608507931
vn -0.794357359 0 -0.607450604
vn 0.136952683 -0.974383056 -0.178386137
vn 0.266368777 -0.899181306 -0.347160935
vn 0.266897649 -0.898850203 -0.347611725
vn 0.136665747 -0.974469364 -0.178134575
vn 0.317336947 -0.948312819 4.54747341e-15
vn 0.275419325 -0.961324215 0
vn 0.275419325 -0.961324096 0
vn 0.357104212 -0.934064567 4.54747341e-15
vn 0.436141133 -0.899878323 0
vn 0.436141074 -0.899878323 4.54747383e-15
vn 0.948274493 -1.13686835e-15 -0.317451388
vn 0.948180079 -1.13686835e-15 -0.317733347
vn 0.948274493 -1.13686835e-15 -0.317451358
vn 0.948407292 -1.13686846e-15 -0.317054629
vn 0.948407292 -1.13686846e-15 -0.317054659
vn 0.317082018 0 0.948398113
vn -0.469479203 0 -0.882943571
vn -0.608999491 0 -0.793170631
vn -0.60899955 -2.2737367e-15 -0.793170512
vn -0.793340504 0 0.608778059
vn -0.793124378 0 0.609059632
vn -0.793340564 2.2737367e-15 0.608778
vn -0.792970538 2.2737367e-15 0.609259903
vn -0.805055916 2.2737367e-15 0.593198955
vn -0.805055916 2.2737367e-15 0.593198895
vn 0 0.658504546 0.752576709
vn 0 0.658504486 0.752576828
vn 0.366670221 -0.145056754 0.918973088
vn 0.366670281 -0.14505668 0.918973088
vn 0.366670221 -0.145056739 0.918972969
vn -0.949086308 -1.13686846e-15 -0.315016359
vn -0.920581698 0 -0.390549809
vn -0.949086189 -1.13686835e-15 -0.315016359
vn -0.996095717 -2.84217061e-16 -0.0882794559
vn -0.996095717 0 -0.0882794932
vn -0.998274386 2.84217088e-16 0.058721967
vn -0.203861579 -0.978899956 -0.013974268
vn -0.227242917 -0.973540008 -0.0240936242
vn -0.239756942 -0.970699131 -0.0161170438
vn -0.192496642 -0.981172383 -0.0156754144
vn -0.205051959 -0.978742778 0.00401272113
vn -0.211917073 -0.977287591 4.54747298e-15
vn -0.158838227 -0.974426508 -0.158944905
vn -0.15877369 -0.974447548 -0.158880368
vn -0.309492767 -0.899054945 -0.309700638
vn -0.309492916 -0.899054766 -0.309700757
vn -0.105433971 -0.974456489 -0.198288336
vn -0.10539934 -0.974473357 -0.198223174
vn -0.205439359 -0.89917469 -0.386367172
vn -0.20543927 -0.899174809 -0.386366934
vn -1 0 0
vn 1 0 0
vn 0.836167574 0.545959532 0.052458968
vn 0.569860101 0.819450617 0.0613197833
vn 0.859503865 0.502567828 0.0931593999
vn 0.60205549 0.797785699 0.0326657705
vn 0.227466211 0.97368294 0.0141672119
vn 0 0.999591947 0.028564509
vn -7.20893789e-09 0.999900699 0.0140858823
vn -0.227466241 0.97368294 0.0141672157
vn -0.569860101 0.819450617 0.0613197871
vn 0.850571394 0.525073528 -0.0287391674
vn 0.634503305 0.772133946 -0.0348525345
vn 0.258188009 0.965403736 -0.0365305208
vn -1.78467765e-08 0.999409735 -0.034355171
vn -0.258188009 0.965403736 -0.0365305133
vn -0.634503245 0.772134006 -0.0348525383
vn -0.60205543 0.797785759 0.0326657854
vn 0.827565908 0.535530686 -0.168349639
vn 0.631379247 0.75323832 -0.184369996
vn 0.259705424 0.958134532 -0.120545536
vn -4.84363527e-09 0.992470264 -0.122486107
vn -0.259705454 0.958134532 -0.120545544
vn -0.631379247 0.75323832 -0.184369996
vn 0.763776362 0.496573746 -0.412383497
vn 0.637193263 0.694739282 -0.333649367
vn 0.281211376 0.935073376 -0.215772837
vn 1.23501849e-08 0.956650257 -0.2912395
vn -0.281211376 0.935073376 -0.215772808
vn 0.575034916 0.525923431 -0.626689196
vn 0.407359302 0.727029085 -0.552708864
vn 1.07378435e-08 0.745402634 -0.666614413
vn -0.407359302 0.727029085 -0.552708864
vn -0.637193263 0.694739282 -0.333649397
vn -0.763776362 0.496573716 -0.412383437
vn -0.827565849 0.535530746 -0.168349639
vn 0 0.539840281 -0.84176743
vn -0.575034916 0.525923431 -0.626689196
vn -0.850571394 0.525073528 -0.0287391674
vn -0.836167574 0.545959532 0.0524589829
vn -0.859503865 0.502567828 0.0931594074
vn 0.569860041 -0.819450676 0.0613197982
vn 0.836167574 -0.545959532 0.0524589755
vn 0.859503865 -0.502567828 0.0931594074
vn 0.60205543 -0.797785759 0.0326657854
vn 0.850571394 -0.525073528 -0.0287391655
vn 0.634503245 -0.772134006 -0.0348525383
vn 0.827565849 -0.535530746 -0.168349624
vn 0.631379247 -0.75323832 -0.184369981
vn 0.763776481 -0.496573716 -0.412383437
vn 0.227466241 -0.97368294 0.0141672157
vn 0.258188009 -0.965403736 -0.0365305133
vn 0.259705395 -0.958134532 -0.120545529
vn 0.281211376 -0.935073376 -0.215772808
vn 0.637193322 -0.694739342 -0.333649367
vn 0.575034916 -0.52592355 -0.626689136
vn -1.57218398e-08 -0.999591947 0.0285645034
vn 0 -0.999900699 0.0140858823
vn 1.78467765e-08 -0.999409735 -0.0343551748
vn 2.42181764e-09 -0.992470264 -0.122486092
vn -1.2350184e-08 -0.956650257 -0.2912395
vn 0.407359272 -0.727029085 -0.552708805
vn 0 -0.539840281 -0.84176749
vn -0.227466241 -0.97368294 0.0141672157
vn -0.258188009 -0.965403736 -0.0365305208
vn -0.259705454 -0.958134532 -0.120545544
vn -0.281211346 -0.935073435 -0.215772837
vn -0.407359272 -0.727029085 -0.552708805
vn -1.07378435e-08 -0.745402634 -0.666614532
vn -0.569860101 -0.819450617 0.0613197871
vn -0.60205543 -0.797785759 0.032665778
vn -0.634503245 -0.772134006 -0.0348525383
vn -0.631379247 -0.75323832 -0.184369981
vn -0.637193322 -0.694739342 -0.333649367
vn -0.575034916 -0.52592355 -0.626689136
vn -0.836167574 -0.545959473 0.0524589717
vn -0.850571394 -0.525073528 -0.0287391655
vn -0.827565908 -0.535530686 -0.168349639
vn -0.763776362 -0.496573716 -0.412383497
vn -0.859503865 -0.502567828 0.0931593999
vn 0.464026421 0.885821283 9.40676364e-06
vn 0.464024484 0.885822296 3.53157666e-05
vn 0.464021116 0.885824203 7.94229272e-05
vn 0.464028269 0.885820389 -1.41504233e-05
vn -0.158838212 0.974426508 -0.158944845
vn -0.309492737 0.899054825 -0.309700608
vn -0.309492946 0.899054885 -0.309700757
vn -0.158773705 0.974447548 -0.158880353
vn -0.205439359 0.89917469 -0.386367172
vn -0.10539934 0.974473357 -0.198223174
vn -0.205439255 0.899174809 -0.386366963
vn -0.105433978 0.974456489 -0.198288366
vn -0.464024484 0.885822296 3.53305986e-05
vn -0.464026421 0.885821283 9.41719918e-06
vn -0.464021116 0.885824203 7.94452426e-05
vn -0.464028269 0.885820389 -1.41439859e-05
vn 0.464029253 -0.885819852 2.75930252e-05
vn 0.464026242 -0.885821462 -1.20373616e-05
vn 0.464021116 -0.885824203 -7.95121741e-05
vn 0.464032054 -0.885818362 6.3631298e-05
vn 0.920581698 0 -0.390549809
vn 0.948824167 0 -0.315804988
vn 0.996095717 -2.84217061e-16 -0.0882794559
vn 0.996095717 0 -0.0882794932
vn 0.998274386 2.84217088e-16 0.058721967
vn 0.251117676 -0.967916191 -0.00884196535
vn 0.209580481 -0.977736294 -0.0103859631
vn 0.272118121 -0.962252378 0.00469169393
vn 0.192496642 -0.981172383 -0.0156754199
vn 0.205051959 -0.978742778 0.00401271973
vn 0.211917073 -0.977287591 4.54747298e-15
vn 0.266368777 0.899181306 -0.347160965
vn 0.136952698 0.974383056 -0.178386137
vn 0.266897678 0.898850143 -0.347611755
vn 0.136665747 0.974469364 -0.178134546
vn 0.0714990199 -0.974338889 -0.213428378
vn 0.0712249056 -0.974476635 -0.212889835
vn 0.139250368 -0.898757875 -0.415744692
vn 0.13882795 -0.899153888 -0.415029019
vn -0.46910882 0 0.883140326
vn -0.46910879 4.54747298e-15 0.883140326
vn 0.882581294 2.27373649e-15 0.47015962
vn 0.882795751 2.2737367e-15 0.469756871
vn 0.882948279 2.2737367e-15 0.469470173
vn 0.608999491 0 -0.793170631
vn 0.60899955 -2.2737367e-15 -0.793170512
vn 0.793124378 4.54747298e-15 0.609059572
vn 0.793340504 0 0.608778059
vn 0.793340564 2.2737367e-15 0.608778
vn 0.792970538 2.2737367e-15 0.609259903
vn -0.707344115 2.27373649e-15 0.706869245
vn -0.707344055 4.54747341e-15 0.706869423
vn -0.876317501 -0.469588041 0.107492894
vn -0.621312857 -0.746262252 0.238878459
vn -0.85919553 -0.460906506 0.222144291
vn -0.635499656 -0.763177156 0.117049642
vn 4.91824539e-05 -0.972512484 0.232850492
vn 1.78125902e-05 -0.99340409 0.114666253
vn 0.621183515 -0.746350229 0.23894006
vn 0.635463238 -0.763210893 0.117028311
vn 0.859238505 -0.460713953 0.222377509
vn 0.876357853 -0.46952948 0.107419185
vn -0.639882445 -0.768472791 2.2737367e-15
vn 1.99207797e-08 -1 0
vn 0.639882445 -0.768472791 2.2737367e-15
vn 0.881458104 -0.472262174 2.2737367e-15
vn -0.881458104 -0.472262174 2.2737367e-15
vn 0.707106709 -2.2737367e-15 -0.707106829
vn 0.707106769 -2.2737367e-15 -0.707106769
vn 0.707106769 -2.27373692e-15 -0.707106829
vn 0.707106709 -4.54747341e-15 -0.707106829
vn -0.948473394 1.13686835e-15 0.316856593
vn -0.948683321 1.13686846e-15 0.316227794
vn -0.948323905 2.27373692e-15 0.317304075
vn 0.46910882 0 0.883140326
vn 0.46910879 4.54747298e-15 0.883140326
vn -0.882795751 2.2737367e-15 0.469756871
vn -0.882581413 0 0.47015962
vn -0.882581294 2.27373649e-15 0.47015962
vn -0.882948279 2.2737367e-15 0.469470173
vn 0.793547809 2.27373649e-15 -0.608507812
vn 0.792970777 -2.2737367e-15 -0.609259665
vn 0.792970717 -2.2737367e-15 -0.609259665
vn 0.793547809 0 -0.608507931
vn 0.794357359 2.27373649e-15 -0.607450604
vn 0.794357359 0 -0.607450604
vn 0.707344115 2.27373649e-15 0.706869245
vn 0.707344055 4.54747341e-15 0.706869423
vn -0.464026242 -0.885821462 -1.20100631e-05
vn -0.464029253 -0.885819852 2.7597036e-05
vn -0.464021116 -0.885824203 -7.94452426e-05
vn -0.464032054 -0.885818362 6.3614134e-05
vn -0.730690658 2.2737367e-15 0.682708621
vn -0.0714990273 -0.974338889 -0.213428378
vn -0.0712248981 -0.974476635 -0.21288982
vn -0.139250398 -0.898757875 -0.415744692
vn -0.138827935 -0.899153888 -0.415029019
vn -0.136665747 -0.974469364 -0.178134575
vn -0.136952698 -0.974383056 -0.178386137
vn -0.266368836 -0.899181306 -0.347160965
vn -0.266897708 -0.898850143 -0.347611755
vn -0.726484537 -2.2737367e-15 -0.687182844
vn -0.726530194 2.2737367e-15 -0.687134445
vn -0.726530135 -2.2737367e-15 -0.687134564
vn -0.726466894 0 -0.68720144
vn -0.726422012 0 -0.687248766
vn -0.275419325 -0.961324096 0
vn -0.317336947 -0.948312819 4.54747341e-15
vn -0.357104212 -0.934064567 4.54747341e-15
vn -0.436141014 -0.899878263 0
vn -0.436141074 -0.899878323 4.54747383e-15
vn 0.805055916 2.2737367e-15 0.593198955
vn 0.805055916 2.2737367e-15 0.593198895
vn 0.802746415 0.31757018 0.504725158
vn 0.802746475 0.317570001 0.504725158
vn 0.802746475 0.317569971 0.504725158
vn 0.802746415 0.31757018 0.504725099
vn 0.70710665 4.54747383e-15 0.707106888
vn 0.707106888 0 0.70710665
vn 0.707106829 0 0.707106709
vn 0.707107127 2.2737367e-15 0.707106411
vn 0.707107127 4.54747341e-15 0.707106411
vn 0.31722483 -4.54747298e-15 -0.948350251
vn 0.31722483 -4.54747341e-15 -0.94835037
vn 0.726422012 0 -0.687248826
vn 0.726466894 0 -0.68720144
vn 0.726484537 -2.2737367e-15 -0.687182844
vn 0.726530194 2.2737367e-15 -0.687134445
vn 0.726530135 -2.2737367e-15 -0.687134564
vn -0.707106888 0 0.70710665
vn -0.70710665 4.54747383e-15 0.707106888
vn -0.707106829 0 0.707106709
vn -0.707107127 2.2737367e-15 0.707106411
vn -0.31722483 -4.54747298e-15 -0.948350251
vn -0.31722483 -4.54747341e-15 -0.94835037
vn 0.608700752 2.2737367e-15 0.79339987
vn 0 -0.913811564 -0.40613842
vn 0 -0.913811564 -0.406138361
vn -0.802746475 0.31757012 0.50472492
vn -0.802746415 0.317570299 0.504725099
vn -0.802746415 0.31757009 0.504724979
vn -0.347622663 0 -0.937634468
vn -0.256901115 -4.54747383e-15 -0.966437757
vn -0.256901175 0 -0.966437638
vn -0.347622693 -4.54747383e-15 -0.937634468
vn -0.524008512 -4.54747341e-15 -0.851713002
vn -0.524008453 -4.54747341e-15 -0.851713002
vn -0.667426944 -2.27373692e-15 -0.744675279
vn -0.667427063 -2.2737367e-15 -0.744675219
vn -0.723355532 -2.2737367e-15 -0.690475702
vn -0.876317501 0.469588041 0.107492894
vn -0.639882445 0.768472791 -2.2737367e-15
vn -0.881458104 0.472262174 -2.2737367e-15
vn -0.635499656 0.763177156 0.117049664
vn 1.99207797e-08 1 0
vn 1.78074642e-05 0.99340409 0.114666231
vn 0.639882445 0.768472791 -2.2737367e-15
vn 0.635463297 0.763210833 0.117028303
vn 0.881458104 0.472262174 -2.2737367e-15
vn 0.876357853 0.46952948 0.107419185
vn -0.621312857 0.746262252 0.238878518
vn 4.91539467e-05 0.972512603 0.232850492
vn 0.621183455 0.746350288 0.238940045
vn 0.859238565 0.460713923 0.222377524
vn -0.85919559 0.460906565 0.22214435
vn 0.643886149 0.256459534 -0.720860064
vn 0.644516647 0.255008072 -0.720811427
vn 0.643873632 0.256488353 -0.720860958
vn 0.644529164 0.254979253 -0.720810354
vn 0.730690658 2.2737367e-15 0.682708621
vn 0.0714990273 0.974338889 -0.213428378
vn 0.0712248981 0.974476635 -0.212889835
vn 0.139250368 0.898757815 -0.415744632
vn 0.138827935 0.899153888 -0.415029019
vn 0.948323905 2.27373692e-15 0.317304075
vn 0.948473394 1.13686835e-15 0.316856593
vn 0.948683321 1.13686846e-15 0.316227794
vn 0.948683321 1.13686835e-15 0.316227764
vn -0.88310647 0 -0.469172657
vn -0.882888019 0 -0.469583601
vn -0.882580698 -2.2737367e-15 -0.470160931
vn -0.608700752 2.2737367e-15 0.79339987
vn 0.706869423 0 -0.707344055
vn 0.882887959 -2.2737367e-15 -0.46958369
vn 0.88310647 0 -0.469172657
vn 0.882887959 0 -0.46958369
vn 0.882580638 -2.27373649e-15 -0.470160931
vn 0.882580638 0 -0.470160931
vn -0.706869423 0 -0.707344055
vn -0.643886447 0.256459564 -0.720859647
vn -0.644517004 0.255007774 -0.720811188
vn -0.644529521 0.254978895 -0.720810294
vn -0.643874049 0.256488413 -0.720860481
vn 0.970556319 -0.240552813 0.0124394745
vn 0.711545169 -0.674336672 -0.197417095
vn 0.904461861 -0.391217768 -0.169992462
vn 0.804523706 -0.593884885 0.00651180511
vn 0 -0.976951003 -0.213463813
vn 1.03895008e-08 -0.898220599 -0.439544946
vn 0.37687242 -0.857560813 -0.350080937
vn 0.963198364 -0.230063051 0.138995752
vn 0.765354037 -0.620568573 0.170668542
vn 1.10604113e-08 -0.983424664 0.181317195
vn 0 -0.999992788 -0.00377012021
vn -0.804523706 -0.593884885 0.0065117944
vn -0.711545229 -0.674336672 -0.197417095
vn 0.619033933 -0.723488986 0.305549651
vn 0 -0.95084244 0.309675187
vn -0.765354037 -0.620568573 0.170668542
vn -0.619033933 -0.723488986 0.305549651
vn -0.963198364 -0.230063036 0.138995752
vn -0.970556319 -0.240552813 0.0124394745
vn -0.904461861 -0.391217768 -0.169992417
vn -0.37687248 -0.857560813 -0.350080937
vn 0 -0.830139697 -0.557555497

# Mesh 'PipelineFBX' with 526 faces
g PipelineFBX
usemtl DefaultMaterial
f  1/1/1 2/2/2 3/3/3
f  4/2/2 5/1/1 6/4/4
f  7/5/5 8/4/4 9/1/1
f  10/4/4 11/5/5 12/6/6
f  13/5/5 14/7/7 15/6/6
f  16/7/7 17/5/5 18/8/8
f  19/8/8 20/9/9 21/7/7
f  22/9/9 23/8/8 24/10/10
f  25/11/11 26/9/9 27/10/10
f  28/9/9 29/11/11 30/12/12
f  31/13/13 32/12/12 33/11/11
f  34/12/12 35/13/13 36/14/14
f  37/13/13 38/15/15 39/14/14
f  40/15/15 41/13/13 42/16/16
f  43/16/16 44/2/17 45/15/15
f  46/2/17 47/16/16 48/3/18
f  49/17/19 50/18/19 51/19/19
f  52/18/19 53/17/19 54/20/19
f  55/21/20 56/22/20 57/23/20
f  58/22/20 59/21/20 60/24/20
f  61/25/21 62/26/22 63/27/23
f  64/26/22 65/25/21 66/28/24
f  67/29/25 68/26/22 69/28/24
f  70/26/22 71/29/25 72/30/26
f  73/31/27 74/32/28 75/33/29
f  76/32/28 77/31/27 78/34/30
f  79/35/20 80/34/30 81/31/27
f  82/34/30 83/35/20 84/36/20
f  85/37/31 86/38/32 87/39/33
f  88/38/32 89/37/31 90/40/34
f  91/41/20 92/40/34 93/37/31
f  94/40/34 95/41/20 96/42/20
f  97/43/35 98/44/36 99/45/37
f  100/44/36 101/43/35 102/46/35
f  103/26/38 104/25/39 105/27/40
f  106/25/39 107/26/38 108/28/41
f  109/26/38 110/29/42 111/28/41
f  112/29/42 113/26/38 114/30/43
f  115/47/44 116/48/44 117/49/44
f  118/48/44 119/47/44 120/50/44
f  121/51/45 122/52/46 123/53/46
f  124/52/46 125/51/45 126/54/47
f  127/55/48 128/54/47 129/51/45
f  130/54/47 131/55/48 132/56/49
f  133/57/50 134/56/49 135/55/48
f  136/56/49 137/57/50 138/58/51
f  139/57/50 140/59/52 141/58/51
f  142/59/52 143/57/50 144/60/53
f  145/61/54 146/62/55 147/63/56
f  148/62/55 149/61/54 150/64/57
f  151/65/20 152/62/55 153/64/57
f  154/62/55 155/65/20 156/66/20
f  157/67/58 158/68/59 159/69/60
f  160/68/59 161/67/58 162/70/61
f  163/71/20 164/70/61 165/67/58
f  166/70/61 167/71/20 168/72/20
f  169/64/62 170/66/63 171/65/63
f  172/66/63 173/64/62 174/62/64
f  175/61/65 176/62/64 177/64/62
f  178/62/64 179/61/65 180/63/66
f  181/73/67 182/74/68 183/75/67
f  184/74/68 185/73/67 186/76/67
f  187/76/67 188/77/69 189/74/68
f  190/77/69 191/76/67 192/78/70
f  193/79/71 194/80/72 195/81/73
f  196/80/72 197/79/71 198/82/74
f  199/82/74 200/83/75 201/80/72
f  202/83/75 203/82/74 204/84/75
f  205/85/76 206/86/76 207/87/76
f  208/86/76 209/85/76 210/88/76
f  211/89/77 212/90/77 213/91/77
f  214/90/77 215/89/77 216/92/77
f  217/68/78 218/67/79 219/69/80
f  220/67/79 221/68/78 222/70/81
f  223/70/81 224/71/63 225/67/79
f  226/71/63 227/70/81 228/72/63
f  229/93/82 230/94/83 231/95/84
f  232/94/83 233/93/82 234/96/85
f  235/96/85 236/97/86 237/94/83
f  238/97/86 239/96/85 240/98/86
f  241/37/87 242/38/88 243/39/89
f  244/38/88 245/37/87 246/40/90
f  247/41/63 248/40/90 249/37/87
f  250/40/90 251/41/63 252/42/63
f  253/99/91 254/100/92 255/101/93
f  256/100/92 257/99/91 258/102/94
f  259/103/95 260/102/94 261/99/91
f  262/102/94 263/103/95 264/104/96
f  265/82/97 266/83/98 267/84/98
f  268/83/98 269/82/97 270/80/99
f  271/79/100 272/80/99 273/82/97
f  274/80/99 275/79/100 276/81/101
f  277/86/102 278/85/102 279/87/102
f  280/85/102 281/86/102 282/88/102
f  283/90/103 284/89/103 285/91/103
f  286/89/103 287/90/103 288/92/103
f  289/105/104 290/106/104 291/107/105
f  292/106/104 293/105/104 294/108/105
f  295/109/106 296/110/107 297/111/108
f  298/110/107 299/109/106 300/112/107
f  301/112/107 302/113/109 303/110/107
f  304/113/109 305/112/107 306/114/109
f  307/115/110 308/116/110 309/117/111
f  310/116/110 311/115/110 312/118/111
f  313/119/112 314/120/112 315/121/113
f  316/120/112 317/119/112 318/122/113
f  319/43/114 320/44/115 321/46/116
f  322/44/115 323/43/114 324/45/115
f  325/123/117 326/124/118 327/125/118
f  328/124/118 329/123/117 330/126/119
f  331/123/117 332/127/120 333/126/119
f  334/127/120 335/123/117 336/128/121
f  337/129/122 338/127/120 339/128/121
f  340/127/120 341/129/122 342/130/122
f  343/26/123 344/25/124 345/27/125
f  346/25/124 347/26/123 348/28/126
f  349/26/123 350/29/127 351/28/126
f  352/29/127 353/26/123 354/30/128
f  355/62/129 356/65/63 357/66/63
f  358/65/63 359/62/129 360/64/130
f  361/62/129 362/61/131 363/64/130
f  364/61/131 365/62/129 366/63/132
f  367/70/133 368/71/63 369/72/63
f  370/71/63 371/70/133 372/67/134
f  373/68/135 374/67/134 375/70/133
f  376/67/134 377/68/135 378/69/136
f  379/131/137 380/132/137 381/133/137
f  382/132/137 383/131/137 384/134/137
f  385/135/44 386/136/44 387/137/44
f  388/136/44 389/135/44 390/138/44
f  391/139/44 392/136/44 393/138/44
f  394/136/44 395/139/44 396/140/44
f  397/141/138 398/142/138 399/143/138
f  400/142/138 401/141/138 402/144/138
f  403/145/139 404/146/140 405/147/141
f  406/146/140 407/145/139 408/148/142
f  409/146/140 410/148/142 411/149/143
f  412/149/143 413/150/144 414/146/140
f  415/151/145 416/150/144 417/149/143
f  418/152/146 419/150/144 420/151/145
f  421/153/147 422/150/144 423/152/146
f  424/154/148 425/148/142 426/145/139
f  427/148/142 428/154/148 429/155/149
f  430/155/149 431/149/143 432/148/142
f  433/149/143 434/155/149 435/156/150
f  436/157/151 437/149/143 438/156/150
f  439/149/143 440/157/151 441/151/145
f  442/157/151 443/152/146 444/151/145
f  445/152/146 446/157/151 447/158/152
f  448/159/153 449/152/146 450/158/152
f  451/152/146 452/159/153 453/160/154
f  454/152/146 455/160/154 456/153/147
f  457/161/155 458/155/149 459/154/148
f  460/155/149 461/161/155 462/162/156
f  463/162/156 464/156/150 465/155/149
f  466/156/150 467/162/156 468/163/157
f  469/163/157 470/157/151 471/156/150
f  472/157/151 473/163/157 474/164/158
f  475/165/159 476/157/151 477/164/158
f  478/157/151 479/165/159 480/158/152
f  481/166/160 482/158/152 483/165/159
f  484/158/152 485/166/160 486/159/153
f  487/167/161 488/162/156 489/161/155
f  490/162/156 491/167/161 492/168/162
f  493/169/163 494/162/156 495/168/162
f  496/162/156 497/169/163 498/163/157
f  499/169/163 500/164/158 501/163/157
f  502/164/158 503/169/163 504/170/164
f  505/171/165 506/164/158 507/170/164
f  508/164/158 509/171/165 510/165/159
f  511/171/165 512/166/160 513/165/159
f  514/172/166 515/168/162 516/167/161
f  517/172/166 518/173/167 519/168/162
f  520/173/167 521/169/163 522/168/162
f  523/173/167 524/170/164 525/169/163
f  526/170/164 527/173/167 528/174/168
f  529/175/169 530/170/164 531/174/168
f  532/170/164 533/175/169 534/171/165
f  535/176/170 536/171/165 537/175/169
f  538/166/160 539/171/165 540/176/170
f  541/177/171 542/166/160 543/176/170
f  544/166/160 545/177/171 546/178/172
f  547/178/172 548/159/153 549/166/160
f  550/179/173 551/173/167 552/172/166
f  553/173/167 554/179/173 555/174/168
f  556/179/173 557/175/169 558/174/168
f  559/175/169 560/179/173 561/180/174
f  562/175/169 563/180/174 564/176/170
f  565/180/174 566/177/171 567/176/170
f  568/159/153 569/178/172 570/181/175
f  571/181/175 572/160/154 573/159/153
f  574/160/154 575/181/175 576/182/176
f  577/182/176 578/153/147 579/160/154
f  580/153/147 581/182/176 582/183/177
f  583/146/178 584/145/179 585/147/180
f  586/145/179 587/146/178 588/148/181
f  589/148/181 590/154/182 591/145/179
f  592/154/182 593/148/181 594/155/183
f  595/155/183 596/161/184 597/154/182
f  598/161/184 599/155/183 600/162/185
f  601/162/185 602/167/186 603/161/184
f  604/148/181 605/146/178 606/149/187
f  607/149/187 608/155/183 609/148/181
f  610/155/183 611/149/187 612/156/188
f  613/156/188 614/162/185 615/155/183
f  616/162/185 617/156/188 618/163/189
f  619/169/190 620/162/185 621/163/189
f  622/162/185 623/169/190 624/168/191
f  625/167/186 626/162/185 627/168/191
f  628/168/191 629/172/192 630/167/186
f  631/150/193 632/149/187 633/146/178
f  634/150/193 635/151/194 636/149/187
f  637/157/195 638/149/187 639/151/194
f  640/149/187 641/157/195 642/156/188
f  643/157/195 644/163/189 645/156/188
f  646/163/189 647/157/195 648/164/196
f  649/164/196 650/169/190 651/163/189
f  652/169/190 653/164/196 654/170/197
f  655/170/197 656/173/198 657/169/190
f  658/169/190 659/173/198 660/168/191
f  661/173/198 662/172/192 663/168/191
f  664/173/198 665/179/199 666/172/192
f  667/150/193 668/152/200 669/151/194
f  670/152/200 671/157/195 672/151/194
f  673/157/195 674/152/200 675/158/201
f  676/165/202 677/157/195 678/158/201
f  679/157/195 680/165/202 681/164/196
f  682/171/203 683/164/196 684/165/202
f  685/164/196 686/171/203 687/170/197
f  688/175/204 689/170/197 690/171/203
f  691/170/197 692/175/204 693/174/205
f  694/173/198 695/170/197 696/174/205
f  697/179/199 698/173/198 699/174/205
f  700/150/193 701/153/206 702/152/200
f  703/160/207 704/152/200 705/153/206
f  706/159/208 707/152/200 708/160/207
f  709/152/200 710/159/208 711/158/201
f  712/166/209 713/158/201 714/159/208
f  715/158/201 716/166/209 717/165/202
f  718/166/209 719/171/203 720/165/202
f  721/171/203 722/166/209 723/176/210
f  724/171/203 725/176/210 726/175/204
f  727/180/211 728/175/204 729/176/210
f  730/179/199 731/175/204 732/180/211
f  733/175/204 734/179/199 735/174/205
f  736/153/206 737/182/212 738/160/207
f  739/181/213 740/160/207 741/182/212
f  742/160/207 743/181/213 744/159/208
f  745/178/214 746/159/208 747/181/213
f  748/159/208 749/178/214 750/166/209
f  751/177/215 752/166/209 753/178/214
f  754/166/209 755/177/215 756/176/210
f  757/177/215 758/180/211 759/176/210
f  760/182/212 761/153/206 762/183/216
f  763/184/137 764/185/137 765/186/137
f  766/185/137 767/184/137 768/187/137
f  769/22/20 770/21/20 771/23/20
f  772/21/20 773/22/20 774/24/20
f  775/188/217 776/189/218 777/190/219
f  778/189/218 779/188/217 780/191/220
f  781/62/221 782/61/222 783/63/223
f  784/61/222 785/62/221 786/64/224
f  787/66/20 788/64/224 789/62/221
f  790/64/224 791/66/20 792/65/20
f  793/68/225 794/67/226 795/69/227
f  796/67/226 797/68/225 798/70/228
f  799/70/228 800/71/20 801/67/226
f  802/71/20 803/70/228 804/72/20
f  805/189/229 806/188/230 807/190/231
f  808/188/230 809/189/229 810/191/232
f  811/188/233 812/189/234 813/190/235
f  814/189/234 815/188/233 816/191/236
f  817/124/237 818/123/238 819/125/237
f  820/123/238 821/124/237 822/126/238
f  823/127/239 824/123/238 825/126/238
f  826/123/238 827/127/239 828/128/240
f  829/127/239 830/129/241 831/128/240
f  832/129/241 833/127/239 834/130/241
f  835/25/242 836/26/243 837/27/244
f  838/26/243 839/25/242 840/28/245
f  841/29/246 842/26/243 843/28/245
f  844/26/243 845/29/246 846/30/247
f  847/38/248 848/37/249 849/39/250
f  850/37/249 851/38/248 852/40/251
f  853/40/251 854/41/20 855/37/249
f  856/41/20 857/40/251 858/42/20
f  859/34/252 860/35/63 861/36/63
f  862/35/63 863/34/252 864/31/253
f  865/32/254 866/31/253 867/34/252
f  868/31/253 869/32/254 870/33/255
f  871/192/256 872/193/256 873/194/257
f  874/193/256 875/192/256 876/195/257
f  877/196/258 878/197/259 879/198/258
f  880/197/259 881/196/258 882/199/259
f  883/200/260 884/197/259 885/199/259
f  886/197/259 887/200/260 888/201/260
f  889/106/261 890/105/261 891/107/262
f  892/105/261 893/106/261 894/108/262
f  895/110/263 896/109/264 897/111/265
f  898/109/264 899/110/263 900/112/263
f  901/113/266 902/112/263 903/110/263
f  904/112/263 905/113/266 906/114/266
f  907/202/267 908/203/267 909/204/268
f  910/203/267 911/202/267 912/205/268
f  913/136/44 914/135/44 915/137/44
f  916/135/44 917/136/44 918/138/44
f  919/136/44 920/139/44 921/138/44
f  922/139/44 923/136/44 924/140/44
f  925/142/137 926/141/137 927/143/137
f  928/141/137 929/142/137 930/144/137
f  931/206/269 932/207/270 933/208/271
f  934/207/270 935/206/269 936/209/272
f  937/209/272 938/210/273 939/207/270
f  940/210/273 941/209/272 942/211/274
f  943/211/274 944/212/275 945/210/273
f  946/212/275 947/211/274 948/213/276
f  949/213/276 950/214/277 951/212/275
f  952/214/277 953/213/276 954/215/278
f  955/206/269 956/216/279 957/209/272
f  958/217/280 959/209/272 960/216/279
f  961/209/272 962/217/280 963/211/274
f  964/218/281 965/211/274 966/217/280
f  967/211/274 968/218/281 969/213/276
f  970/219/282 971/213/276 972/218/281
f  973/213/276 974/219/282 975/215/278
f  976/216/279 977/206/269 978/220/283
f  979/74/284 980/73/285 981/75/285
f  982/73/285 983/74/284 984/76/285
f  985/77/286 986/76/285 987/74/284
f  988/76/285 989/77/286 990/78/287
f  991/221/288 992/222/289 993/223/289
f  994/222/289 995/221/288 996/224/288
f  997/225/290 998/224/288 999/221/288
f  1000/224/288 1001/225/290 1002/226/290
f  1003/193/291 1004/192/291 1005/194/292
f  1006/192/291 1007/193/291 1008/195/292
f  1009/197/293 1010/196/294 1011/198/295
f  1012/196/294 1013/197/293 1014/199/293
f  1015/197/293 1016/200/296 1017/199/293
f  1018/200/296 1019/197/293 1020/201/296
f  1021/94/297 1022/93/298 1023/95/299
f  1024/93/298 1025/94/297 1026/96/300
f  1027/97/301 1028/96/300 1029/94/297
f  1030/96/300 1031/97/301 1032/98/302
f  1033/203/303 1034/202/303 1035/204/304
f  1036/202/303 1037/203/303 1038/205/304
f  1039/22/63 1040/21/63 1041/23/63
f  1042/21/63 1043/22/63 1044/24/63
f  1045/227/137 1046/228/137 1047/229/137
f  1048/228/137 1049/227/137 1050/230/137
f  1051/189/305 1052/188/306 1053/190/307
f  1054/188/306 1055/189/305 1056/191/308
f  1057/231/309 1058/232/309 1059/233/309
f  1060/232/309 1061/231/309 1062/234/309
f  1063/35/63 1064/34/310 1065/36/63
f  1066/34/310 1067/35/63 1068/31/311
f  1069/31/311 1070/32/312 1071/34/310
f  1072/32/312 1073/31/311 1074/33/313
f  1075/41/63 1076/40/314 1077/42/63
f  1078/40/314 1079/41/63 1080/37/315
f  1081/37/315 1082/38/316 1083/40/314
f  1084/38/316 1085/37/315 1086/39/317
f  1087/235/318 1088/236/319 1089/237/320
f  1090/236/319 1091/235/318 1092/238/321
f  1093/239/322 1094/238/321 1095/235/318
f  1096/238/321 1097/239/322 1098/240/322
f  1099/100/323 1100/99/324 1101/101/323
f  1102/99/324 1103/100/323 1104/102/325
f  1105/102/325 1106/103/326 1107/99/324
f  1108/103/326 1109/102/325 1110/104/327
f  1111/116/328 1112/115/328 1113/117/329
f  1114/115/328 1115/116/328 1116/118/329
f  1117/21/63 1118/22/63 1119/23/63
f  1120/22/63 1121/21/63 1122/24/63
f  1123/132/138 1124/131/138 1125/133/138
f  1126/131/138 1127/132/138 1128/134/138
f  1129/241/330 1130/242/331 1131/243/332
f  1132/242/331 1133/241/330 1134/244/333
f  1135/245/44 1136/246/44 1137/247/44
f  1138/246/44 1139/245/44 1140/248/44
f  1141/249/334 1142/250/335 1143/251/334
f  1144/250/335 1145/249/334 1146/252/336
f  1147/253/337 1148/250/335 1149/252/336
f  1150/250/335 1151/253/337 1152/254/338
f  1153/255/339 1154/256/339 1155/257/340
f  1156/256/339 1157/255/339 1158/258/340
f  1159/239/341 1160/238/342 1161/240/341
f  1162/238/342 1163/239/341 1164/235/343
f  1165/235/343 1166/236/344 1167/238/342
f  1168/236/344 1169/235/343 1170/237/345
f  1171/250/346 1172/249/347 1173/251/347
f  1174/249/347 1175/250/346 1176/252/348
f  1177/250/346 1178/253/349 1179/252/348
f  1180/253/349 1181/250/346 1182/254/349
f  1183/256/350 1184/255/350 1185/257/351
f  1186/255/350 1187/256/350 1188/258/351
f  1189/259/352 1190/260/352 1191/261/352
f  1192/260/352 1193/259/352 1194/262/352
f  1195/185/138 1196/184/138 1197/186/138
f  1198/184/138 1199/185/138 1200/187/138
f  1201/263/353 1202/264/353 1203/265/354
f  1204/264/353 1205/263/353 1206/266/354
f  1207/242/355 1208/241/356 1209/243/357
f  1210/241/356 1211/242/355 1212/244/356
f  1213/57/358 1214/59/359 1215/60/360
f  1216/59/359 1217/57/358 1218/58/361
f  1219/57/358 1220/56/362 1221/58/361
f  1222/56/362 1223/57/358 1224/55/363
f  1225/55/363 1226/54/364 1227/56/362
f  1228/54/364 1229/55/363 1230/51/365
f  1231/51/365 1232/52/366 1233/54/364
f  1234/52/366 1235/51/365 1236/53/366
f  1237/267/137 1238/268/137 1239/269/137
f  1240/268/137 1241/267/137 1242/270/137
f  1243/228/138 1244/227/138 1245/229/138
f  1246/227/138 1247/228/138 1248/230/138
f  1249/206/367 1250/216/368 1251/220/369
f  1252/216/368 1253/206/367 1254/209/370
f  1255/209/370 1256/217/371 1257/216/368
f  1258/217/371 1259/209/370 1260/211/372
f  1261/211/372 1262/218/373 1263/217/371
f  1264/218/373 1265/211/372 1266/213/374
f  1267/213/374 1268/219/375 1269/218/373
f  1270/219/375 1271/213/374 1272/215/376
f  1273/206/367 1274/207/377 1275/209/370
f  1276/210/378 1277/209/370 1278/207/377
f  1279/209/370 1280/210/378 1281/211/372
f  1282/212/379 1283/211/372 1284/210/378
f  1285/211/372 1286/212/379 1287/213/374
f  1288/214/380 1289/213/374 1290/212/379
f  1291/213/374 1292/214/380 1293/215/376
f  1294/207/377 1295/206/367 1296/208/381
f  1297/271/382 1298/272/383 1299/273/384
f  1300/272/383 1301/271/382 1302/274/385
f  1303/232/386 1304/231/386 1305/233/386
f  1306/231/386 1307/232/386 1308/234/386
f  1309/35/20 1310/34/387 1311/36/20
f  1312/34/387 1313/35/20 1314/31/388
f  1315/31/388 1316/32/389 1317/34/387
f  1318/32/389 1319/31/388 1320/33/390
f  1321/225/391 1322/224/392 1323/226/391
f  1324/224/392 1325/225/391 1326/221/392
f  1327/221/392 1328/222/393 1329/224/392
f  1330/222/393 1331/221/392 1332/223/394
f  1333/275/395 1334/276/396 1335/277/395
f  1336/276/396 1337/275/395 1338/278/396
f  1339/279/397 1340/276/396 1341/278/396
f  1342/276/396 1343/279/397 1344/280/397
f  1345/260/398 1346/259/398 1347/261/398
f  1348/259/398 1349/260/398 1350/262/398
f  1351/281/399 1352/282/399 1353/283/399
f  1354/282/399 1355/281/399 1356/284/399
f  1357/268/138 1358/267/138 1359/269/138
f  1360/267/138 1361/268/138 1362/270/138
f  1363/276/400 1364/275/401 1365/277/401
f  1366/275/401 1367/276/400 1368/278/402
f  1369/276/400 1370/279/403 1371/278/402
f  1372/279/403 1373/276/400 1374/280/404
f  1375/282/405 1376/281/405 1377/283/405
f  1378/281/405 1379/282/405 1380/284/405
f  1381/18/19 1382/17/19 1383/19/19
f  1384/17/19 1385/18/19 1386/20/19
f  1387/285/63 1388/286/63 1389/287/63
f  1390/286/63 1391/285/63 1392/288/63
f  1393/271/406 1394/272/407 1395/274/408
f  1396/272/407 1397/271/406 1398/273/409
f  1399/246/44 1400/245/44 1401/247/44
f  1402/245/44 1403/246/44 1404/248/44
f  1405/48/44 1406/47/44 1407/49/44
f  1408/47/44 1409/48/44 1410/50/44
f  1411/289/20 1412/290/20 1413/291/20
f  1414/291/20 1415/290/20 1416/292/20
f  1417/290/20 1418/293/20 1419/292/20
f  1420/292/20 1421/293/20 1422/294/20
f  1423/294/20 1424/293/20 1425/295/20
f  1426/290/20 1427/289/20 1428/291/20
f  1429/290/20 1430/291/20 1431/292/20
f  1432/293/20 1433/290/20 1434/292/20
f  1435/293/20 1436/292/20 1437/294/20
f  1438/293/20 1439/294/20 1440/295/20
f  1441/289/63 1442/290/63 1443/291/63
f  1444/291/63 1445/290/63 1446/292/63
f  1447/290/63 1448/293/63 1449/292/63
f  1450/292/63 1451/293/63 1452/294/63
f  1453/294/63 1454/293/63 1455/295/63
f  1456/296/44 1457/297/44 1458/298/44
f  1459/298/44 1460/299/44 1461/296/44
f  1462/299/44 1463/298/44 1464/300/44
f  1465/301/44 1466/299/44 1467/300/44
f  1468/299/44 1469/301/44 1470/302/44
f  1471/302/44 1472/301/44 1473/303/44
f  1474/290/63 1475/289/63 1476/291/63
f  1477/290/63 1478/291/63 1479/292/63
f  1480/293/63 1481/290/63 1482/292/63
f  1483/293/63 1484/292/63 1485/294/63
f  1486/293/63 1487/294/63 1488/295/63
f  1489/304/410 1490/305/411 1491/306/412
f  1492/305/411 1493/304/410 1494/307/413
f  1495/307/413 1496/308/414 1497/305/411
f  1498/309/415 1499/305/411 1500/308/414
f  1501/305/411 1502/309/415 1503/310/416
f  1504/310/416 1505/306/412 1506/305/411
f  1507/311/417 1508/307/413 1509/304/410
f  1510/307/413 1511/311/417 1512/312/418
f  1513/313/419 1514/307/413 1515/312/418
f  1516/307/413 1517/313/419 1518/314/420
f  1519/308/414 1520/307/413 1521/314/420
f  1522/315/421 1523/308/414 1524/314/420
f  1525/308/414 1526/315/421 1527/316/422
f  1528/316/422 1529/309/415 1530/308/414
f  1531/311/417 1532/317/423 1533/312/418
f  1534/318/424 1535/312/418 1536/317/423
f  1537/312/418 1538/318/424 1539/313/419
f  1540/318/424 1541/319/425 1542/313/419
f  1543/315/421 1544/313/419 1545/319/425
f  1546/313/419 1547/315/421 1548/314/420
f  1549/319/425 1550/318/424 1551/320/426
f  1552/319/425 1553/320/426 1554/321/427
f  1555/321/427 1556/315/421 1557/319/425
f  1558/315/421 1559/321/427 1560/322/428
f  1561/322/428 1562/316/422 1563/315/421
f  1564/316/422 1565/322/428 1566/323/429
f  1567/323/429 1568/324/430 1569/316/422
f  1570/309/415 1571/316/422 1572/324/430
f  1573/324/430 1574/325/431 1575/309/415
f  1576/325/431 1577/310/416 1578/309/415

