# File produced by Open Asset Import Library (http://www.assimp.sf.net)
# (assimp v6.0.0)

mtllib ship19b.mtl

# 5052 vertex positions
v -7227.99902 2599 2669.00293
v -6836.99902 2456.99976 3625.00293
v -10887.9971 3943.99976 6440.00439
v -7226.99902 2597 1704.00293
v -7227.99902 2599 2669.00293
v -10887.9971 3943.99976 6440.00439
v -7226.99902 2597 1704.00293
v -10887.9971 3943.99976 6440.00439
v -12823 4645 245.005188
v -12823 4645 245.005188
v -6810.99951 2443.99976 780.002747
v -7226.99902 2597 1704.00293
v -6810.99951 2443.99976 780.002747
v -12823 4645 245.005188
v -6642.00049 2380 -812.997314
v -6642.00049 2380 -812.997314
v -6236 2233 268.002502
v -6810.99951 2443.99976 780.002747
v -10887.9971 3943.99976 6440.00439
v -17864.9961 6500.99951 7890.00732
v -12823 4645 245.005188
v -10887.9971 3943.99976 6440.00439
v -16235.9961 5906.99902 10161.0068
v -17864.9961 6500.99951 7890.00732
v -16235.9961 5906.99902 10161.0068
v -17995.9961 6550.99951 9926.00684
v -17864.9961 6500.99951 7890.00732
v -16235.9961 5906.99902 10161.0068
v -17917.9961 6522.99951 10402.0078
v -17995.9961 6550.99951 9926.00684
v -16235.9961 5906.99902 10161.0068
v -17408.9961 6337.99951 10992.0078
v -17917.9961 6522.99951 10402.0078
v -12823 4645 245.005188
v -9010.00293 3242.00024 -5560.99658
v -6642.00049 2380 -812.997314
v 6837.00195 2456.99976 3624.9978
v 7228.00098 2599 2668.99731
v 10888.0029 3943.99976 6439.99609
v 7228.00098 2599 2668.99731
v 7227 2597 1703.99731
v 10888.0029 3943.99976 6439.99609
v 10888.0029 3943.99976 6439.99609
v 7227 2597 1703.99731
v 12823 4645 244.995209
v 17865.0039 6500.99951 7889.99316
v 10888.0029 3943.99976 6439.99609
v 12823 4645 244.995209
v 16236.0039 5906.99902 10160.9941
v 10888.0029 3943.99976 6439.99609
v 17865.0039 6500.99951 7889.99316
v 17996.0039 6550.99951 9925.99316
v 16236.0039 5906.99902 10160.9941
v 17865.0039 6500.99951 7889.99316
v 17918.0039 6522.99951 10401.9932
v 16236.0039 5906.99902 10160.9941
v 17996.0039 6550.99951 9925.99316
v 17409.0039 6337.99951 10991.9941
v 16236.0039 5906.99902 10160.9941
v 17918.0039 6522.99951 10401.9932
v 6811.00049 2443.99976 779.997437
v 12823 4645 244.995209
v 7227 2597 1703.99731
v 12823 4645 244.995209
v 6811.00049 2443.99976 779.997437
v 6641.99951 2380 -813.002502
v 9009.99902 3242.00024 -5561.00342
v 12823 4645 244.995209
v 6641.99951 2380 -813.002502
v 6236 2233 267.99765
v 6641.99951 2380 -813.002502
v 6811.00049 2443.99976 779.997437
v 5545.99707 3319.00024 -8025.00195
v 5813.99707 3920 -8068.00244
v 5893.99658 3554.00049 -8188.00195
v 5813.99707 3920 -8068.00244
v 5545.99707 3319.00024 -8025.00195
v 5454.99707 3819.00073 -7852.00195
v 5747.99756 4202 -7529.00244
v 5813.99707 3920 -8068.00244
v 5454.99707 3819.00073 -7852.00195
v 5813.99707 3920 -8068.00244
v 5747.99756 4202 -7529.00244
v 6000.99707 4189.00049 -7851.00195
v 5747.99756 4202 -7529.00244
v 6344.99756 4203.00049 -7664.00244
v 6000.99707 4189.00049 -7851.00195
v 6344.99756 4203.00049 -7664.00244
v 5747.99756 4202 -7529.00244
v 6251.99658 4244 -7245.00195
v 6673.99707 3920 -7167.00244
v 6344.99756 4203.00049 -7664.00244
v 6251.99658 4244 -7245.00195
v 6344.99756 4203.00049 -7664.00244
v 6673.99707 3920 -7167.00244
v 6645.99707 3955.00024 -7615.00293
v 5545.99707 3319.00024 -8025.00195
v 4771.99707 3469.00024 -7128.00195
v 5454.99707 3819.00073 -7852.00195
v 4771.99707 3469.00024 -7128.00195
v 5747.99756 4202 -7529.00244
v 5454.99707 3819.00073 -7852.00195
v 5747.99756 4202 -7529.00244
v 4771.99707 3469.00024 -7128.00195
v 5206.99756 3990.00024 -6670.00195
v 5911.99756 4077.00049 -6261.00195
v 5747.99756 4202 -7529.00244
v 5206.99756 3990.00024 -6670.00195
v 5747.99756 4202 -7529.00244
v 5911.99756 4077.00049 -6261.00195
v 6251.99658 4244 -7245.00195
v 5911.99756 4077.00049 -6261.00195
v 6673.99707 3920 -7167.00244
v 6251.99658 4244 -7245.00195
v 6673.99707 3920 -7167.00244
v 5911.99756 4077.00049 -6261.00195
v 6473.99805 3677.00049 -6143.00244
v 5375.99805 3650.00049 -5167.00244
v 6473.99805 3677.00049 -6143.00244
v 5911.99756 4077.00049 -6261.00195
v 6473.99805 3677.00049 -6143.00244
v 5375.99805 3650.00049 -5167.00244
v 5967.99854 3235.00024 -5040.00195
v 5375.99805 3650.00049 -5167.00244
v 5340.99854 2728 -4029.0022
v 5967.99854 3235.00024 -5040.00195
v 4771.99707 3469.00024 -7128.00195
v 5545.99707 3319.00024 -8025.00195
v 4862.99658 2818.00049 -7369.00146
v 4862.99658 2818.00049 -7369.00146
v 4161.99805 3003.00024 -6091.00146
v 4771.99707 3469.00024 -7128.00195
v 4627.99805 3554 -5603.00146
v 4771.99707 3469.00024 -7128.00195
v 4161.99805 3003.00024 -6091.00146
v 4771.99707 3469.00024 -7128.00195
v 4627.99805 3554 -5603.00146
v 5206.99756 3990.00024 -6670.00195
v 4627.99805 3554 -5603.00146
v 5911.99756 4077.00049 -6261.00195
v 5206.99756 3990.00024 -6670.00195
v 5911.99756 4077.00049 -6261.00195
v 4627.99805 3554 -5603.00146
v 5375.99805 3650.00049 -5167.00244
v 4627.99805 3554 -5603.00146
v 4791.99854 3117 -4146.00195
v 5375.99805 3650.00049 -5167.00244
v 5340.99854 2728 -4029.0022
v 5375.99805 3650.00049 -5167.00244
v 4791.99854 3117 -4146.00195
v 4362.99854 2631.00024 -3598.00171
v 5340.99854 2728 -4029.0022
v 4791.99854 3117 -4146.00195
v 5340.99854 2728 -4029.0022
v 4362.99854 2631.00024 -3598.00171
v 4782.99854 2322 -3515.00171
v 4362.99854 2631.00024 -3598.00171
v 4288.99854 2000.00024 -3392.00146
v 4782.99854 2322 -3515.00171
v 4161.99805 3003.00024 -6091.00146
v 4862.99658 2818.00049 -7369.00146
v 4251.99707 2320.00024 -6346.00146
v 3761.99805 1886.00024 -5231.00146
v 4161.99805 3003.00024 -6091.00146
v 4251.99707 2320.00024 -6346.00146
v 4161.99805 3003.00024 -6091.00146
v 3761.99805 1886.00024 -5231.00146
v 3674.99805 2522.00024 -4996.00146
v 3674.99805 2522.00024 -4996.00146
v 4627.99805 3554 -5603.00146
v 4161.99805 3003.00024 -6091.00146
v 4627.99805 3554 -5603.00146
v 3674.99805 2522.00024 -4996.00146
v 4101.99805 3031.00024 -4546.00146
v 4791.99854 3117 -4146.00195
v 4627.99805 3554 -5603.00146
v 4101.99805 3031.00024 -4546.00146
v 3846.99854 2577 -3893.00122
v 4791.99854 3117 -4146.00195
v 4101.99805 3031.00024 -4546.00146
v 4791.99854 3117 -4146.00195
v 3846.99854 2577 -3893.00122
v 4362.99854 2631.00024 -3598.00171
v 4362.99854 2631.00024 -3598.00171
v 3846.99854 2577 -3893.00122
v 3828.99854 2148.00024 -3569.00146
v 3828.99854 2148.00024 -3569.00146
v 4288.99854 2000.00024 -3392.00146
v 4362.99854 2631.00024 -3598.00171
v 3828.99854 2148.00024 -3569.00146
v 3967.99854 1816.00012 -3519.00146
v 4288.99854 2000.00024 -3392.00146
v 4862.99658 2818.00049 -7369.00146
v 4844.99756 1905.00024 -6219.00195
v 4251.99707 2320.00024 -6346.00146
v 4844.99756 1905.00024 -6219.00195
v 3761.99805 1886.00024 -5231.00146
v 4251.99707 2320.00024 -6346.00146
v 3761.99805 1886.00024 -5231.00146
v 4844.99756 1905.00024 -6219.00195
v 4311.99805 1498.00024 -5114.00146
v 4035.99829 1389.00012 -4320.00146
v 3761.99805 1886.00024 -5231.00146
v 4311.99805 1498.00024 -5114.00146
v 3761.99805 1886.00024 -5231.00146
v 4035.99829 1389.00012 -4320.00146
v 3615.99829 1699.00012 -4404.00146
v 3615.99829 1699.00012 -4404.00146
v 4035.99829 1389.00012 -4320.00146
v 3734.99829 1705.00012 -3814.00146
v 4844.99756 1905.00024 -6219.00195
v 4862.99658 2818.00049 -7369.00146
v 5424.99707 2419.00024 -7250.00195
v 5424.99707 2419.00024 -7250.00195
v 5592.99756 2001.00024 -5783.00195
v 4844.99756 1905.00024 -6219.00195
v 5592.99756 2001.00024 -5783.00195
v 4311.99805 1498.00024 -5114.00146
v 4844.99756 1905.00024 -6219.00195
v 4311.99805 1498.00024 -5114.00146
v 5592.99756 2001.00024 -5783.00195
v 5001.99756 1583.00024 -4714.00195
v 4551.99854 1444.00012 -4025.00171
v 4311.99805 1498.00024 -5114.00146
v 5001.99756 1583.00024 -4714.00195
v 4311.99805 1498.00024 -5114.00146
v 4551.99854 1444.00012 -4025.00171
v 4035.99829 1389.00012 -4320.00146
v 4035.99829 1389.00012 -4320.00146
v 4551.99854 1444.00012 -4025.00171
v 4195.99854 1558.00024 -3637.00146
v 3734.99829 1705.00012 -3814.00146
v 4035.99829 1389.00012 -4320.00146
v 4195.99854 1558.00024 -3637.00146
v 4195.99854 1558.00024 -3637.00146
v 3967.99854 1816.00012 -3519.00146
v 3734.99829 1705.00012 -3814.00146
v 4288.99854 2000.00024 -3392.00146
v 3967.99854 1816.00012 -3519.00146
v 4195.99854 1558.00024 -3637.00146
v 5545.99707 3319.00024 -8025.00195
v 5424.99707 2419.00024 -7250.00195
v 4862.99658 2818.00049 -7369.00146
v 5424.99707 2419.00024 -7250.00195
v 5545.99707 3319.00024 -8025.00195
v 5966.99707 2995.00024 -7947.00244
v 6471.99707 3037.00024 -7664.00244
v 5424.99707 2419.00024 -7250.00195
v 5966.99707 2995.00024 -7947.00244
v 5424.99707 2419.00024 -7250.00195
v 6471.99707 3037.00024 -7664.00244
v 6129.99756 2505.00024 -6842.00244
v 5592.99756 2001.00024 -5783.00195
v 5424.99707 2419.00024 -7250.00195
v 6129.99756 2505.00024 -6842.00244
v 6563.99756 3026.00024 -6383.00244
v 5592.99756 2001.00024 -5783.00195
v 6129.99756 2505.00024 -6842.00244
v 5592.99756 2001.00024 -5783.00195
v 6563.99756 3026.00024 -6383.00244
v 6057.99805 2552.00024 -5295.00244
v 5427.99902 2093.00024 -4265.00195
v 5592.99756 2001.00024 -5783.00195
v 6057.99805 2552.00024 -5295.00244
v 5592.99756 2001.00024 -5783.00195
v 5427.99902 2093.00024 -4265.00195
v 5001.99756 1583.00024 -4714.00195
v 5893.99658 3554.00049 -8188.00195
v 5966.99707 2995.00024 -7947.00244
v 5545.99707 3319.00024 -8025.00195
v 5966.99707 2995.00024 -7947.00244
v 5893.99658 3554.00049 -8188.00195
v 6194.99658 3306.00024 -8140.00244
v 6194.99658 3306.00024 -8140.00244
v 6471.99707 3037.00024 -7664.00244
v 5966.99707 2995.00024 -7947.00244
v 6471.99707 3037.00024 -7664.00244
v 6194.99658 3306.00024 -8140.00244
v 6539.99707 3321.00024 -7952.00244
v 6539.99707 3321.00024 -7952.00244
v 6763.99707 3420.00049 -7341.00244
v 6471.99707 3037.00024 -7664.00244
v 6563.99756 3026.00024 -6383.00244
v 6471.99707 3037.00024 -7664.00244
v 6763.99707 3420.00049 -7341.00244
v 6471.99707 3037.00024 -7664.00244
v 6563.99756 3026.00024 -6383.00244
v 6129.99756 2505.00024 -6842.00244
v 6763.99707 3420.00049 -7341.00244
v 6539.99707 3321.00024 -7952.00244
v 6726.99658 3590.00024 -7735.00244
v 6726.99658 3590.00024 -7735.00244
v 6673.99707 3920 -7167.00244
v 6763.99707 3420.00049 -7341.00244
v 6673.99707 3920 -7167.00244
v 6563.99756 3026.00024 -6383.00244
v 6763.99707 3420.00049 -7341.00244
v 6563.99756 3026.00024 -6383.00244
v 6673.99707 3920 -7167.00244
v 6473.99805 3677.00049 -6143.00244
v 6473.99805 3677.00049 -6143.00244
v 6057.99805 2552.00024 -5295.00244
v 6563.99756 3026.00024 -6383.00244
v 6057.99805 2552.00024 -5295.00244
v 6473.99805 3677.00049 -6143.00244
v 5967.99854 3235.00024 -5040.00195
v 5340.99854 2728 -4029.0022
v 6057.99805 2552.00024 -5295.00244
v 5967.99854 3235.00024 -5040.00195
v 6057.99805 2552.00024 -5295.00244
v 5340.99854 2728 -4029.0022
v 5427.99902 2093.00024 -4265.00195
v 6470.99707 3398.00024 -7926.00195
v 6726.99658 3590.00024 -7735.00244
v 6539.99707 3321.00024 -7952.00244
v 6726.99658 3590.00024 -7735.00244
v 6470.99707 3398.00024 -7926.00195
v 6623.99707 3613 -7752.00244
v 6623.99707 3613 -7752.00244
v 6645.99707 3955.00024 -7615.00293
v 6726.99658 3590.00024 -7735.00244
v 6645.99707 3955.00024 -7615.00293
v 6623.99707 3613 -7752.00244
v 6560.99707 3907.00024 -7654.00244
v 6560.99707 3907.00024 -7654.00244
v 6344.99756 4203.00049 -7664.00244
v 6645.99707 3955.00024 -7615.00293
v 6344.99756 4203.00049 -7664.00244
v 6560.99707 3907.00024 -7654.00244
v 6319.99756 4108.00049 -7691.00195
v 6319.99756 4108.00049 -7691.00195
v 6000.99707 4189.00049 -7851.00195
v 6344.99756 4203.00049 -7664.00244
v 6539.99707 3321.00024 -7952.00244
v 6191.99707 3389.00024 -8075.00244
v 6470.99707 3398.00024 -7926.00195
v 6191.99707 3389.00024 -8075.00244
v 6493.99707 3565.00049 -8073.00195
v 6470.99707 3398.00024 -7926.00195
v 6493.99707 3565.00049 -8073.00195
v 6623.99707 3613 -7752.00244
v 6470.99707 3398.00024 -7926.00195
v 6623.99707 3613 -7752.00244
v 6493.99707 3565.00049 -8073.00195
v 6636.99658 3683.00024 -7888.00244
v 6558.99658 3933.00024 -7876.00195
v 6623.99707 3613 -7752.00244
v 6636.99658 3683.00024 -7888.00244
v 6623.99707 3613 -7752.00244
v 6558.99658 3933.00024 -7876.00195
v 6560.99707 3907.00024 -7654.00244
v 6373.99707 4113.00049 -7835.00244
v 6560.99707 3907.00024 -7654.00244
v 6558.99658 3933.00024 -7876.00195
v 6560.99707 3907.00024 -7654.00244
v 6373.99707 4113.00049 -7835.00244
v 6319.99756 4108.00049 -7691.00195
v 6191.99707 3389.00024 -8075.00244
v 6539.99707 3321.00024 -7952.00244
v 6194.99658 3306.00024 -8140.00244
v 6194.99658 3306.00024 -8140.00244
v 5950.99707 3590.00024 -8111.00244
v 6191.99707 3389.00024 -8075.00244
v 5950.99707 3590.00024 -8111.00244
v 6261.99707 3488.00049 -8168.00244
v 6191.99707 3389.00024 -8075.00244
v 6493.99707 3565.00049 -8073.00195
v 6191.99707 3389.00024 -8075.00244
v 6261.99707 3488.00049 -8168.00244
v 6382.99707 3857.00024 -8128.00244
v 6493.99707 3565.00049 -8073.00195
v 6261.99707 3488.00049 -8168.00244
v 6493.99707 3565.00049 -8073.00195
v 6382.99707 3857.00024 -8128.00244
v 6636.99658 3683.00024 -7888.00244
v 6382.99707 3857.00024 -8128.00244
v 6558.99658 3933.00024 -7876.00195
v 6636.99658 3683.00024 -7888.00244
v 6382.99707 3857.00024 -8128.00244
v 6373.99707 4113.00049 -7835.00244
v 6558.99658 3933.00024 -7876.00195
v 6382.99707 3857.00024 -8128.00244
v 6182.99707 4072.00049 -8011.00244
v 6373.99707 4113.00049 -7835.00244
v 6182.99707 4072.00049 -8011.00244
v 6319.99756 4108.00049 -7691.00195
v 6373.99707 4113.00049 -7835.00244
v 6319.99756 4108.00049 -7691.00195
v 6182.99707 4072.00049 -8011.00244
v 6041.99707 4099.00049 -7840.00195
v 6000.99707 4189.00049 -7851.00195
v 6319.99756 4108.00049 -7691.00195
v 6041.99707 4099.00049 -7840.00195
v 5950.99707 3590.00024 -8111.00244
v 6194.99658 3306.00024 -8140.00244
v 5893.99658 3554.00049 -8188.00195
v 5893.99658 3554.00049 -8188.00195
v 5888.99756 3884.00049 -8014.00244
v 5950.99707 3590.00024 -8111.00244
v 5888.99756 3884.00049 -8014.00244
v 6117.99658 3704.00049 -8207.00195
v 5950.99707 3590.00024 -8111.00244
v 6261.99707 3488.00049 -8168.00244
v 5950.99707 3590.00024 -8111.00244
v 6117.99658 3704.00049 -8207.00195
v 6117.99658 3704.00049 -8207.00195
v 6382.99707 3857.00024 -8128.00244
v 6261.99707 3488.00049 -8168.00244
v 6382.99707 3857.00024 -8128.00244
v 6117.99658 3704.00049 -8207.00195
v 5998.99707 3918 -8116.00293
v 6182.99707 4072.00049 -8011.00244
v 6382.99707 3857.00024 -8128.00244
v 5998.99707 3918 -8116.00293
v 5998.99707 3918 -8116.00293
v 6041.99707 4099.00049 -7840.00195
v 6182.99707 4072.00049 -8011.00244
v 6041.99707 4099.00049 -7840.00195
v 5998.99707 3918 -8116.00293
v 5888.99756 3884.00049 -8014.00244
v 5813.99707 3920 -8068.00244
v 6041.99707 4099.00049 -7840.00195
v 5888.99756 3884.00049 -8014.00244
v 6041.99707 4099.00049 -7840.00195
v 5813.99707 3920 -8068.00244
v 6000.99707 4189.00049 -7851.00195
v 5888.99756 3884.00049 -8014.00244
v 5893.99658 3554.00049 -8188.00195
v 5813.99707 3920 -8068.00244
v 6117.99658 3704.00049 -8207.00195
v 5888.99756 3884.00049 -8014.00244
v 5998.99707 3918 -8116.00293
v 6673.99707 3920 -7167.00244
v 6726.99658 3590.00024 -7735.00244
v 6645.99707 3955.00024 -7615.00293
v 4782.99854 2322 -3515.00171
v 5427.99902 2093.00024 -4265.00195
v 5340.99854 2728 -4029.0022
v 5427.99902 2093.00024 -4265.00195
v 4782.99854 2322 -3515.00171
v 4860.99854 1830.00012 -3692.00171
v 4860.99854 1830.00012 -3692.00171
v 5001.99756 1583.00024 -4714.00195
v 5427.99902 2093.00024 -4265.00195
v 5001.99756 1583.00024 -4714.00195
v 4860.99854 1830.00012 -3692.00171
v 4551.99854 1444.00012 -4025.00171
v 4551.99854 1444.00012 -4025.00171
v 4860.99854 1830.00012 -3692.00171
v 4195.99854 1558.00024 -3637.00146
v 4860.99854 1830.00012 -3692.00171
v 4288.99854 2000.00024 -3392.00146
v 4195.99854 1558.00024 -3637.00146
v 4860.99854 1830.00012 -3692.00171
v 4782.99854 2322 -3515.00171
v 4288.99854 2000.00024 -3392.00146
v 3967.99854 1816.00012 -3519.00146
v 3828.99854 2148.00024 -3569.00146
v 3734.99829 1705.00012 -3814.00146
v 3828.99854 2148.00024 -3569.00146
v 3537.99829 2191.00024 -4227.00098
v 3734.99829 1705.00012 -3814.00146
v 3537.99829 2191.00024 -4227.00098
v 3615.99829 1699.00012 -4404.00146
v 3734.99829 1705.00012 -3814.00146
v 3674.99805 2522.00024 -4996.00146
v 3615.99829 1699.00012 -4404.00146
v 3537.99829 2191.00024 -4227.00098
v 3615.99829 1699.00012 -4404.00146
v 3674.99805 2522.00024 -4996.00146
v 3761.99805 1886.00024 -5231.00146
v 3846.99854 2577 -3893.00122
v 3537.99829 2191.00024 -4227.00098
v 3828.99854 2148.00024 -3569.00146
v 4101.99805 3031.00024 -4546.00146
v 3537.99829 2191.00024 -4227.00098
v 3846.99854 2577 -3893.00122
v 3537.99829 2191.00024 -4227.00098
v 4101.99805 3031.00024 -4546.00146
v 3674.99805 2522.00024 -4996.00146
v 4704.99756 765.000244 -6382.00195
v 2523.99756 1383.00024 -6835.00098
v 3008.99731 368.000336 -7470.00098
v 2523.99756 1383.00024 -6835.00098
v 4704.99756 765.000244 -6382.00195
v 4009.99756 1697.00037 -5853.00195
v 4393.99756 2486.00049 -6739.00146
v 2523.99756 1383.00024 -6835.00098
v 4009.99756 1697.00037 -5853.00195
v 2523.99756 1383.00024 -6835.00098
v 4393.99756 2486.00049 -6739.00146
v 2905.99707 2169.00049 -7719.00146
v 980.996643 1805.00024 -8403
v 2523.99756 1383.00024 -6835.00098
v 2905.99707 2169.00049 -7719.00146
v 2523.99756 1383.00024 -6835.00098
v 980.996643 1805.00024 -8403
v 770.997131 1048.00037 -7439
v 6048.99805 1472.00024 -5170.00244
v 4009.99756 1697.00037 -5853.00195
v 4704.99756 765.000244 -6382.00195
v 4009.99756 1697.00037 -5853.00195
v 6048.99805 1472.00024 -5170.00244
v 5189.99805 2300.00024 -4806.00195
v 5573.99756 3089.00024 -5692.00195
v 4009.99756 1697.00037 -5853.00195
v 5189.99805 2300.00024 -4806.00195
v 4009.99756 1697.00037 -5853.00195
v 5573.99756 3089.00024 -5692.00195
v 4393.99756 2486.00049 -6739.00146
v 6420.99805 1722.00012 -4793.00244
v 5189.99805 2300.00024 -4806.00195
v 6048.99805 1472.00024 -5170.00244
v 5189.99805 2300.00024 -4806.00195
v 6420.99805 1722.00012 -4793.00244
v 5524.99805 2517.00049 -4474.00195
v 5524.99805 2517.00049 -4474.00195
v 5573.99756 3089.00024 -5692.00195
v 5189.99805 2300.00024 -4806.00195
v 5573.99756 3089.00024 -5692.00195
v 5524.99805 2517.00049 -4474.00195
v 5905.99805 3301.00024 -5355.00244
v 5524.99805 2517.00049 -4474.00195
v 6021.99756 3178 -5228.00244
v 5905.99805 3301.00024 -5355.00244
v 6021.99756 3178 -5228.00244
v 5524.99805 2517.00049 -4474.00195
v 5721.99805 2562 -4535.00195
v 5721.99805 2562 -4535.00195
v 6335.99805 3429.00049 -4859.00244
v 6021.99756 3178 -5228.00244
v 6335.99805 3429.00049 -4859.00244
v 5721.99805 2562 -4535.00195
v 6081.99854 2849.00024 -4143.00195
v 6430.99854 1941.00037 -4781.00244
v 5524.99805 2517.00049 -4474.00195
v 6420.99805 1722.00012 -4793.00244
v 5524.99805 2517.00049 -4474.00195
v 6430.99854 1941.00037 -4781.00244
v 5721.99805 2562 -4535.00195
v 6430.99854 1941.00037 -4781.00244
v 6081.99854 2849.00024 -4143.00195
v 5721.99805 2562 -4535.00195
v 6081.99854 2849.00024 -4143.00195
v 6430.99854 1941.00037 -4781.00244
v 7107.99854 2559.00024 -3984.00269
v 6081.99854 2849.00024 -4143.00195
v 7107.99854 2559.00024 -3984.00269
v 7279.99805 3209 -3307.00269
v -1449.00354 825.000488 -9068.99902
v -2906.00293 2169.00049 -7718.99902
v -981.003235 1805.00024 -8402.99902
v -2906.00293 2169.00049 -7718.99902
v -1449.00354 825.000488 -9068.99902
v -3391.00317 1155.00037 -8353.99902
v -5089.00293 1554.00024 -7267.99805
v -2906.00293 2169.00049 -7718.99902
v -3391.00317 1155.00037 -8353.99902
v -2906.00293 2169.00049 -7718.99902
v -5089.00293 1554.00024 -7267.99805
v -4394.00244 2486.00049 -6738.99805
v -6433.00244 2262.00024 -6056.99756
v -4394.00244 2486.00049 -6738.99805
v -5089.00293 1554.00024 -7267.99805
v -4394.00244 2486.00049 -6738.99805
v -6433.00244 2262.00024 -6056.99756
v -5574.00244 3089.00024 -5691.99756
v -6802.00195 2506.00024 -5674.99756
v -5574.00244 3089.00024 -5691.99756
v -6433.00244 2262.00024 -6056.99756
v -5574.00244 3089.00024 -5691.99756
v -6802.00195 2506.00024 -5674.99756
v -5906.00195 3301.00024 -5354.99756
v -1449.00354 825.000488 -9068.99902
v -3009.00317 368.000336 -7469.99854
v -3391.00317 1155.00037 -8353.99902
v -4705.00244 765.000244 -6381.99805
v -3391.00317 1155.00037 -8353.99902
v -3009.00317 368.000336 -7469.99854
v -3391.00317 1155.00037 -8353.99902
v -4705.00244 765.000244 -6381.99805
v -5089.00293 1554.00024 -7267.99805
v -6049.00195 1472.00024 -5169.99756
v -5089.00293 1554.00024 -7267.99805
v -4705.00244 765.000244 -6381.99805
v -5089.00293 1554.00024 -7267.99805
v -6049.00195 1472.00024 -5169.99756
v -6433.00244 2262.00024 -6056.99756
v -6421.00195 1722.00012 -4792.99756
v -6433.00244 2262.00024 -6056.99756
v -6049.00195 1472.00024 -5169.99756
v -6433.00244 2262.00024 -6056.99756
v -6421.00195 1722.00012 -4792.99756
v -6802.00195 2506.00024 -5674.99756
v -6431.00244 1941.00037 -4780.99707
v -6802.00195 2506.00024 -5674.99756
v -6421.00195 1722.00012 -4792.99756
v -6802.00195 2506.00024 -5674.99756
v -6431.00244 1941.00037 -4780.99707
v -6731.00195 2557.00024 -5472.99707
v -6731.00195 2557.00024 -5472.99707
v -5906.00195 3301.00024 -5354.99756
v -6802.00195 2506.00024 -5674.99756
v -5906.00195 3301.00024 -5354.99756
v -6731.00195 2557.00024 -5472.99707
v -6022.00146 3178 -5227.99805
v -3009.00317 368.000336 -7469.99854
v -1449.00354 825.000488 -9068.99902
v -1212.00317 63.0003586 -8114.99951
v -1449.00354 825.000488 -9068.99902
v -771.002869 1048.00037 -7438.99951
v -1212.00317 63.0003586 -8114.99951
v -771.002869 1048.00037 -7438.99951
v -1449.00354 825.000488 -9068.99902
v -981.003235 1805.00024 -8402.99902
v -6731.00195 2557.00024 -5472.99707
v -6336.00195 3429.00049 -4858.99756
v -6022.00146 3178 -5227.99805
v -6336.00195 3429.00049 -4858.99756
v -6731.00195 2557.00024 -5472.99707
v -7389.00195 3164.00024 -4665.99707
v -6731.00195 2557.00024 -5472.99707
v -7108.00146 2559.00024 -3983.99731
v -7389.00195 3164.00024 -4665.99707
v -7389.00195 3164.00024 -4665.99707
v -7108.00146 2559.00024 -3983.99731
v -7280.00098 3209 -3306.99707
v -7108.00146 2559.00024 -3983.99731
v -6731.00195 2557.00024 -5472.99707
v -6431.00244 1941.00037 -4780.99707
v -346.998383 -232.000183 4046
v 0.00251795328 -2308.00049 6465.99951
v 0.00251561706 -585.000305 6460.00049
v 0.00251795328 -2308.00049 6465.99951
v -346.998383 -232.000183 4046
v -313.998413 -2571 4040.00024
v -346.998383 -232.000183 4046
v -797.999512 -2808.00024 1230.00024
v -313.998413 -2571 4040.00024
v -797.999512 -2808.00024 1230.00024
v -346.998383 -232.000183 4046
v -817.999512 646.999939 1321.00037
v -1513.00037 -2753 -952.999451
v -797.999512 -2808.00024 1230.00024
v -817.999512 646.999939 1321.00037
v -1513.00037 -2753 -952.999451
v -817.999512 646.999939 1321.00037
v -1764.00085 2791.00024 -1981.99927
v -1827.00061 -2027.99988 -1963.99939
v -1513.00037 -2753 -952.999451
v -1764.00085 2791.00024 -1981.99927
v -0.0014326555 2787 -3679
v -1827.00061 -2027.99988 -1963.99939
v -1764.00085 2791.00024 -1981.99927
v -1827.00061 -2027.99988 -1963.99939
v -0.0014326555 2787 -3679
v -0.00145290513 -2164.99976 -3731.00024
v -0.0014326555 2787 -3679
v 1826.99915 -2027.99988 -1964.00085
v -0.00145290513 -2164.99976 -3731.00024
v 1826.99915 -2027.99988 -1964.00085
v -0.0014326555 2787 -3679
v 1763.99939 2791.00024 -1982.00061
v -6626 936.000061 -1661.99731
v -6182.00049 2787 -1141.99756
v -7706.00098 1784 -1067.99695
v -6182.00049 2787 -1141.99756
v -6626 936.000061 -1661.99731
v -5102.00098 2154 -1679.99792
v -5398.00098 239.000107 -2372.9978
v -5102.00098 2154 -1679.99792
v -6626 936.000061 -1661.99731
v -5102.00098 2154 -1679.99792
v -5398.00098 239.000107 -2372.9978
v -4000.00098 1575.00012 -2302.99829
v -4066.00122 -180.999878 -3167.99854
v -4000.00098 1575.00012 -2302.99829
v -5398.00098 239.000107 -2372.9978
v -4000.00098 1575.00012 -2302.99829
v -4066.00122 -180.999878 -3167.99854
v -2878.00122 1244.00012 -3013.99878
v -2753.00146 -474.999817 -4030.99902
v -2878.00122 1244.00012 -3013.99878
v -4066.00122 -180.999878 -3167.99854
v -2878.00122 1244.00012 -3013.99878
v -2753.00146 -474.999817 -4030.99902
v -1821.00134 1047.00012 -3787.99951
v -5642.00195 3358.00024 -4468.99756
v -6354.00195 1502.00012 -4757.99756
v -7287.00098 2274.00024 -4096.99707
v -6354.00195 1502.00012 -4757.99756
v -5642.00195 3358.00024 -4468.99756
v -4824.00195 2823.00024 -5062.99805
v -4824.00195 2823.00024 -5062.99805
v -5182.00244 819.000244 -5644.99756
v -6354.00195 1502.00012 -4757.99756
v -5182.00244 819.000244 -5644.99756
v -4824.00195 2823.00024 -5062.99805
v -3822.0022 2307.00024 -5892.99805
v -3822.0022 2307.00024 -5892.99805
v -3667.00244 357.000336 -7051.99902
v -5182.00244 819.000244 -5644.99756
v -3667.00244 357.000336 -7051.99902
v -3822.0022 2307.00024 -5892.99805
v -2498.00269 1878.00049 -7174.99902
v -2498.00269 1878.00049 -7174.99902
v -2040.0033 62.0003777 -8617.99902
v -3667.00244 357.000336 -7051.99902
v -2040.0033 62.0003777 -8617.99902
v -2498.00269 1878.00049 -7174.99902
v -1122.0033 1531.00037 -8598.99902
v 17793.002 6474 7050.99316
v 9290.99805 3164.00024 -5458.00293
v 9358.99805 3370.00049 -5671.00342
v 9290.99805 3164.00024 -5458.00293
v 17793.002 6474 7050.99316
v 18040.0039 6376 7877.99365
v 18040.0039 6376 7877.99365
v 9115.99805 3009.00049 -5129.00342
v 9290.99805 3164.00024 -5458.00293
v 9115.99805 3009.00049 -5129.00342
v 9173.99805 3483.00024 -5458.00293
v 9290.99805 3164.00024 -5458.00293
v 9290.99805 3164.00024 -5458.00293
v 9173.99805 3483.00024 -5458.00293
v 9358.99805 3370.00049 -5671.00342
v 9115.99805 3009.00049 -5129.00342
v 18040.0039 6376 7877.99365
v 18097.0039 6313.99951 8569.99316
v 18040.0039 6376 7877.99365
v 17921.0039 6794.99951 8569.99316
v 18097.0039 6313.99951 8569.99316
v 17921.0039 6794.99951 8569.99316
v 18040.0039 6376 7877.99365
v 17918.0039 6708.99951 7876.99365
v 17918.0039 6708.99951 7876.99365
v 18040.0039 6376 7877.99365
v 17793.002 6474 7050.99316
v 9173.99805 3483.00024 -5458.00293
v 9115.99805 3009.00049 -5129.00342
v 8939.99805 3489 -5129.00342
v 9438.99805 3230.00024 -5721.00342
v 8902.99805 2863.00024 -5379.00342
v 9185.99805 3002 -5616.00342
v 8902.99805 2863.00024 -5379.00342
v 9438.99805 3230.00024 -5721.00342
v 7214.99951 2367 -1351.00269
v 7214.99951 2367 -1351.00269
v 6993.99951 2137 -1647.00269
v 8902.99805 2863.00024 -5379.00342
v 6993.99951 2137 -1647.00269
v 8634.99805 2957.00024 -5350.00342
v 8902.99805 2863.00024 -5379.00342
v 8902.99805 2863.00024 -5379.00342
v 8634.99805 2957.00024 -5350.00342
v 9185.99805 3002 -5616.00342
v 9185.99805 3002 -5616.00342
v 8634.99805 2957.00024 -5350.00342
v 8835.99805 3397.00049 -5719.00342
v 9138.99805 3564.00024 -5809.00342
v 9185.99805 3002 -5616.00342
v 8835.99805 3397.00049 -5719.00342
v 9185.99805 3002 -5616.00342
v 9138.99805 3564.00024 -5809.00342
v 9438.99805 3230.00024 -5721.00342
v 9667.99805 3734.00049 -5541.00342
v 7214.99951 2367 -1351.00269
v 9438.99805 3230.00024 -5721.00342
v 7214.99951 2367 -1351.00269
v 9667.99805 3734.00049 -5541.00342
v 7336.99902 2848 -985.002686
v 9138.99805 3564.00024 -5809.00342
v 9667.99805 3734.00049 -5541.00342
v 9438.99805 3230.00024 -5721.00342
v 8634.99805 2957.00024 -5350.00342
v 8581.99805 3223 -5473.00293
v 8835.99805 3397.00049 -5719.00342
v 8634.99805 2957.00024 -5350.00342
v 6672.99902 2497 -1741.00244
v 8581.99805 3223 -5473.00293
v 9138.99805 3564.00024 -5809.00342
v 8581.99805 3223 -5473.00293
v 6672.99902 2497 -1741.00244
v 8581.99805 3223 -5473.00293
v 9138.99805 3564.00024 -5809.00342
v 8835.99805 3397.00049 -5719.00342
v 6672.99902 2497 -1741.00244
v 8634.99805 2957.00024 -5350.00342
v 6786.99902 2268 -1757.00244
v 8634.99805 2957.00024 -5350.00342
v 6993.99951 2137 -1647.00269
v 6786.99902 2268 -1757.00244
v 6672.99902 2497 -1741.00244
v 6893.99951 2727.00024 -1445.00256
v 9138.99805 3564.00024 -5809.00342
v 6893.99951 2727.00024 -1445.00256
v 9667.99805 3734.00049 -5541.00342
v 9138.99805 3564.00024 -5809.00342
v 9667.99805 3734.00049 -5541.00342
v 6893.99951 2727.00024 -1445.00256
v 7336.99902 2848 -985.002686
v 1878.99939 -2145 -1889.00061
v 2312.99902 2774 -2487.00073
v 1900.99927 2802 -1852.00061
v 2312.99902 2774 -2487.00073
v 1878.99939 -2145 -1889.00061
v 2372.99902 -2147 -2662.00098
v 2372.99902 -2147 -2662.00098
v 3797.99902 1841.00012 -2546.00122
v 2312.99902 2774 -2487.00073
v 3797.99902 1841.00012 -2546.00122
v 2372.99902 -2147 -2662.00098
v 3728.99902 -1304.99988 -2751.00146
v 3728.99902 -1304.99988 -2751.00146
v 4650.99902 847.000122 -2839.00171
v 3797.99902 1841.00012 -2546.00122
v 4650.99902 847.000122 -2839.00171
v 3728.99902 -1304.99988 -2751.00146
v 4415.99902 -713.999878 -2830.00171
v 4415.99902 -713.999878 -2830.00171
v 4699.99902 42.0001221 -2840.00195
v 4650.99902 847.000122 -2839.00171
v -9291.00195 3164.00024 -5457.99561
v -17792.998 6474 7051.00732
v -9359.00195 3370.00049 -5670.99609
v -17792.998 6474 7051.00732
v -9291.00195 3164.00024 -5457.99561
v -18039.9961 6376 7878.00781
v -9116.00195 3009.00049 -5128.99609
v -18039.9961 6376 7878.00781
v -9291.00195 3164.00024 -5457.99561
v -18039.9961 6376 7878.00781
v -9116.00195 3009.00049 -5128.99609
v -18096.9961 6313.99951 8570.00781
v -17920.9961 6794.99951 8570.00781
v -18039.9961 6376 7878.00781
v -18096.9961 6313.99951 8570.00781
v -18039.9961 6376 7878.00781
v -17920.9961 6794.99951 8570.00781
v -17917.9961 6708.99951 7877.00732
v -18039.9961 6376 7878.00781
v -17917.9961 6708.99951 7877.00732
v -17792.998 6474 7051.00732
v -9291.00195 3164.00024 -5457.99561
v -8940.00195 3489 -5128.99609
v -9116.00195 3009.00049 -5128.99609
v -8940.00195 3489 -5128.99609
v -9291.00195 3164.00024 -5457.99561
v -9174.00195 3483.00024 -5457.99561
v -9174.00195 3483.00024 -5457.99561
v -9291.00195 3164.00024 -5457.99561
v -9359.00195 3370.00049 -5670.99609
v -8903.00195 2863.00024 -5378.99609
v -9439.00195 3230.00024 -5720.99609
v -9186.00195 3002 -5615.99658
v -9439.00195 3230.00024 -5720.99609
v -8903.00195 2863.00024 -5378.99609
v -6994.00049 2137 -1646.99719
v -6994.00049 2137 -1646.99719
v -7215.00049 2367 -1350.99707
v -9439.00195 3230.00024 -5720.99609
v -7215.00049 2367 -1350.99707
v -9668.00195 3734.00049 -5540.99561
v -9439.00195 3230.00024 -5720.99609
v -9668.00195 3734.00049 -5540.99561
v -7215.00049 2367 -1350.99707
v -7337 2848 -984.997009
v -8635.00195 2957.00024 -5349.99658
v -6994.00049 2137 -1646.99719
v -8903.00195 2863.00024 -5378.99609
v -6994.00049 2137 -1646.99719
v -8635.00195 2957.00024 -5349.99658
v -6787 2268 -1756.99719
v -8635.00195 2957.00024 -5349.99658
v -6673 2497 -1740.99719
v -6787 2268 -1756.99719
v -6673 2497 -1740.99719
v -8635.00195 2957.00024 -5349.99658
v -8582.00195 3223 -5472.99609
v -6894.00049 2727.00024 -1444.99719
v -6673 2497 -1740.99719
v -8582.00195 3223 -5472.99609
v -8635.00195 2957.00024 -5349.99658
v -8903.00195 2863.00024 -5378.99609
v -9186.00195 3002 -5615.99658
v -8635.00195 2957.00024 -5349.99658
v -9186.00195 3002 -5615.99658
v -8836.00195 3397.00049 -5718.99658
v -8582.00195 3223 -5472.99609
v -8635.00195 2957.00024 -5349.99658
v -8836.00195 3397.00049 -5718.99658
v -9186.00195 3002 -5615.99658
v -9139.00195 3564.00024 -5808.99658
v -8836.00195 3397.00049 -5718.99658
v -9139.00195 3564.00024 -5808.99658
v -9186.00195 3002 -5615.99658
v -9439.00195 3230.00024 -5720.99609
v -9668.00195 3734.00049 -5540.99561
v -9139.00195 3564.00024 -5808.99658
v -9439.00195 3230.00024 -5720.99609
v -6894.00049 2727.00024 -1444.99719
v -9668.00195 3734.00049 -5540.99561
v -7337 2848 -984.997009
v -9668.00195 3734.00049 -5540.99561
v -6894.00049 2727.00024 -1444.99719
v -9139.00195 3564.00024 -5808.99658
v -8582.00195 3223 -5472.99609
v -9139.00195 3564.00024 -5808.99658
v -6894.00049 2727.00024 -1444.99719
v -9139.00195 3564.00024 -5808.99658
v -8582.00195 3223 -5472.99609
v -8836.00195 3397.00049 -5718.99658
v 7286.99805 2274.00024 -4097.00293
v 6181.99951 2787 -1142.00232
v 7706 1784 -1068.00293
v 6181.99951 2787 -1142.00232
v 7286.99805 2274.00024 -4097.00293
v 5641.99805 3358.00024 -4469.00195
v 2039.9967 62.0003777 -8618.00098
v 1820.99841 1047.00012 -3788.00073
v 1121.9967 1531.00037 -8599
v 1820.99841 1047.00012 -3788.00073
v 2039.9967 62.0003777 -8618.00098
v 2752.99854 -474.999817 -4031.00122
v 6625.99902 936.000061 -1662.00244
v 7286.99805 2274.00024 -4097.00293
v 7706 1784 -1068.00293
v 7286.99805 2274.00024 -4097.00293
v 6625.99902 936.000061 -1662.00244
v 6353.99805 1502.00012 -4758.00244
v 5397.99902 239.000107 -2373.00195
v 6353.99805 1502.00012 -4758.00244
v 6625.99902 936.000061 -1662.00244
v 6353.99805 1502.00012 -4758.00244
v 5397.99902 239.000107 -2373.00195
v 5181.99756 819.000244 -5645.00195
v 4065.99878 -180.999878 -3168.00171
v 5181.99756 819.000244 -5645.00195
v 5397.99902 239.000107 -2373.00195
v 5181.99756 819.000244 -5645.00195
v 4065.99878 -180.999878 -3168.00171
v 3666.99707 357.000336 -7052.00195
v 2752.99854 -474.999817 -4031.00122
v 3666.99707 357.000336 -7052.00195
v 4065.99878 -180.999878 -3168.00171
v 3666.99707 357.000336 -7052.00195
v 2752.99854 -474.999817 -4031.00122
v 2039.9967 62.0003777 -8618.00098
v -190.998199 -2178.00024 4637
v 204.002045 -3060.00024 5248
v 191.001801 -2178.00024 4637
v 204.002045 -3060.00024 5248
v -190.998199 -2178.00024 4637
v -203.997955 -3060.00024 5248
v -203.997955 -3060.00024 5248
v 219.00238 -3972 6097
v 204.002045 -3060.00024 5248
v 219.00238 -3972 6097
v -203.997955 -3060.00024 5248
v -218.99762 -3972 6097
v -190.997086 -5154 7495
v 219.00238 -3972 6097
v -218.99762 -3972 6097
v 219.00238 -3972 6097
v -190.997086 -5154 7495
v 191.002914 -5154 7494.99951
v 8609.99805 5124 -5567.00293
v 8800.99805 4775 -5042.00293
v 8867.99805 4840 -5483.00342
v 8800.99805 4775 -5042.00293
v 8609.99805 5124 -5567.00293
v 8439.99805 5150 -5172.00293
v 7894.99805 4964.00049 -4289.00293
v 8800.99805 4775 -5042.00293
v 8439.99805 5150 -5172.00293
v 8800.99805 4775 -5042.00293
v 7894.99805 4964.00049 -4289.00293
v 8377.99805 4495 -4098.00293
v 7110.99854 4538 -3356.00244
v 8377.99805 4495 -4098.00293
v 7894.99805 4964.00049 -4289.00293
v 8377.99805 4495 -4098.00293
v 7110.99854 4538 -3356.00244
v 7619.99902 4049.00024 -3152.00293
v 7110.99854 4538 -3356.00244
v 6755.99902 3559 -2325.00244
v 7619.99902 4049.00024 -3152.00293
v 8609.99805 5124 -5567.00293
v 7999.99805 5184.00049 -5549.00293
v 8439.99805 5150 -5172.00293
v 7999.99805 5184.00049 -5549.00293
v 7894.99805 4964.00049 -4289.00293
v 8439.99805 5150 -5172.00293
v 7894.99805 4964.00049 -4289.00293
v 7999.99805 5184.00049 -5549.00293
v 7279.99756 4986.00049 -4830.00293
v 6457.99854 4556 -3933.0022
v 7894.99805 4964.00049 -4289.00293
v 7279.99756 4986.00049 -4830.00293
v 7894.99805 4964.00049 -4289.00293
v 6457.99854 4556 -3933.0022
v 7110.99854 4538 -3356.00244
v 6457.99854 4556 -3933.0022
v 6283.99951 4016 -2512.0022
v 7110.99854 4538 -3356.00244
v 6755.99902 3559 -2325.00244
v 7110.99854 4538 -3356.00244
v 6283.99951 4016 -2512.0022
v 5706.99902 3551.00024 -2099.0022
v 6755.99902 3559 -2325.00244
v 6283.99951 4016 -2512.0022
v 6755.99902 3559 -2325.00244
v 5706.99902 3551.00024 -2099.0022
v 6067.99902 3190.00024 -1962.0022
v 5706.99902 3551.00024 -2099.0022
v 5528.99902 2922 -1963.00208
v 6067.99902 3190.00024 -1962.0022
v 7999.99805 5184.00049 -5549.00293
v 8609.99805 5124 -5567.00293
v 8308.99805 5161 -5818.00293
v 8142.99756 4929.00049 -6088.00293
v 7999.99805 5184.00049 -5549.00293
v 8308.99805 5161 -5818.00293
v 7999.99805 5184.00049 -5549.00293
v 8142.99756 4929.00049 -6088.00293
v 7739.99756 4858 -5953.00293
v 6894.99756 4548.00049 -5404.00293
v 7999.99805 5184.00049 -5549.00293
v 7739.99756 4858 -5953.00293
v 7999.99805 5184.00049 -5549.00293
v 6894.99756 4548.00049 -5404.00293
v 7279.99756 4986.00049 -4830.00293
v 6894.99756 4548.00049 -5404.00293
v 6457.99854 4556 -3933.0022
v 7279.99756 4986.00049 -4830.00293
v 6457.99854 4556 -3933.0022
v 6894.99756 4548.00049 -5404.00293
v 6044.99805 4094.00024 -4545.00195
v 5302.99902 3608.00024 -3606.00171
v 6457.99854 4556 -3933.0022
v 6044.99805 4094.00024 -4545.00195
v 6457.99854 4556 -3933.0022
v 5302.99902 3608.00024 -3606.00171
v 5681.99902 4036 -3043.00195
v 6283.99951 4016 -2512.0022
v 6457.99854 4556 -3933.0022
v 5681.99902 4036 -3043.00195
v 8142.99756 4929.00049 -6088.00293
v 7811.99805 4363.00049 -6146.00293
v 7739.99756 4858 -5953.00293
v 7811.99805 4363.00049 -6146.00293
v 6894.99756 4548.00049 -5404.00293
v 7739.99756 4858 -5953.00293
v 6894.99756 4548.00049 -5404.00293
v 7811.99805 4363.00049 -6146.00293
v 6963.99756 3906.00024 -5676.00244
v 6963.99756 3906.00024 -5676.00244
v 6044.99805 4094.00024 -4545.00195
v 6894.99756 4548.00049 -5404.00293
v 6044.99805 4094.00024 -4545.00195
v 6963.99756 3906.00024 -5676.00244
v 6112.99756 3422.00049 -4833.00195
v 5369.99854 2982.00024 -3872.00195
v 6044.99805 4094.00024 -4545.00195
v 6112.99756 3422.00049 -4833.00195
v 6044.99805 4094.00024 -4545.00195
v 5369.99854 2982.00024 -3872.00195
v 5302.99902 3608.00024 -3606.00171
v 5042.99902 2763.00024 -3106.00195
v 5302.99902 3608.00024 -3606.00171
v 5369.99854 2982.00024 -3872.00195
v 5302.99902 3608.00024 -3606.00171
v 5042.99902 2763.00024 -3106.00195
v 4981.99902 3250 -2907.00171
v 4981.99902 3250 -2907.00171
v 5681.99902 4036 -3043.00195
v 5302.99902 3608.00024 -3606.00171
v 7811.99805 4363.00049 -6146.00293
v 8142.99756 4929.00049 -6088.00293
v 8206.99805 4565 -6219.00293
v 4981.99902 3250 -2907.00171
v 5042.99902 2763.00024 -3106.00195
v 5042.99902 2720.00024 -2506.00195
v 5130.99902 3133.00024 -2212.00195
v 4981.99902 3250 -2907.00171
v 5042.99902 2720.00024 -2506.00195
v 5256.99854 3576.00024 -2490.00171
v 4981.99902 3250 -2907.00171
v 5130.99902 3133.00024 -2212.00195
v 5681.99902 4036 -3043.00195
v 4981.99902 3250 -2907.00171
v 5256.99854 3576.00024 -2490.00171
v 5256.99854 3576.00024 -2490.00171
v 6283.99951 4016 -2512.0022
v 5681.99902 4036 -3043.00195
v 6283.99951 4016 -2512.0022
v 5256.99854 3576.00024 -2490.00171
v 5706.99902 3551.00024 -2099.0022
v 5706.99902 3551.00024 -2099.0022
v 5256.99854 3576.00024 -2490.00171
v 5130.99902 3133.00024 -2212.00195
v 5130.99902 3133.00024 -2212.00195
v 5528.99902 2922 -1963.00208
v 5706.99902 3551.00024 -2099.0022
v 5130.99902 3133.00024 -2212.00195
v 5221.99854 2784.00024 -2164.00195
v 5528.99902 2922 -1963.00208
v 5221.99854 2784.00024 -2164.00195
v 5130.99902 3133.00024 -2212.00195
v 5042.99902 2720.00024 -2506.00195
v 10942.999 4373 -2348.00391
v 15176.002 6136 3430.99463
v 11059.998 4694 -2508.00439
v 15176.002 6136 3430.99463
v 10942.999 4373 -2348.00391
v 15059.001 5815 3589.99438
v 11064.999 4016.99976 -2346.00391
v 15059.001 5815 3589.99438
v 10942.999 4373 -2348.00391
v 15059.001 5815 3589.99438
v 11064.999 4016.99976 -2346.00391
v 15181.001 5458.99951 3591.99438
v 11064.999 4016.99976 -2346.00391
v 15470.002 5274.99951 3435.99438
v 15181.001 5458.99951 3591.99438
v 15470.002 5274.99951 3435.99438
v 11064.999 4016.99976 -2346.00391
v 11354 3833.00024 -2503.00415
v 11641.999 3930.00024 -2726.00439
v 15470.002 5274.99951 3435.99438
v 11354 3833.00024 -2503.00415
v 15470.002 5274.99951 3435.99438
v 11641.999 3930.00024 -2726.00439
v 15758 5373 3212.9939
v 11641.999 3930.00024 -2726.00439
v 15875.001 5692.99951 3053.99438
v 15758 5373 3212.9939
v 15875.001 5692.99951 3053.99438
v 11641.999 3930.00024 -2726.00439
v 11758.999 4251 -2885.00439
v 11636.999 4608 -2887.00439
v 15875.001 5692.99951 3053.99438
v 11758.999 4251 -2885.00439
v 15875.001 5692.99951 3053.99438
v 11636.999 4608 -2887.00439
v 15753.001 6050 3051.99438
v 11347.999 4791 -2731.00415
v 15753.001 6050 3051.99438
v 11636.999 4608 -2887.00439
v 15753.001 6050 3051.99438
v 11347.999 4791 -2731.00415
v 15464.001 6233 3207.99414
v 11347.999 4791 -2731.00415
v 15176.002 6136 3430.99463
v 15464.001 6233 3207.99414
v 15176.002 6136 3430.99463
v 11347.999 4791 -2731.00415
v 11059.998 4694 -2508.00439
v 1448.99646 825.000488 -9069
v 770.997131 1048.00037 -7439
v 980.996643 1805.00024 -8403
v 770.997131 1048.00037 -7439
v 1448.99646 825.000488 -9069
v 1211.99683 63.0003586 -8115.00049
v 1448.99646 825.000488 -9069
v 3008.99731 368.000336 -7470.00098
v 1211.99683 63.0003586 -8115.00049
v 3008.99731 368.000336 -7470.00098
v 1448.99646 825.000488 -9069
v 3390.99683 1155.00037 -8354.00098
v 3390.99683 1155.00037 -8354.00098
v 4704.99756 765.000244 -6382.00195
v 3008.99731 368.000336 -7470.00098
v 4704.99756 765.000244 -6382.00195
v 3390.99683 1155.00037 -8354.00098
v 5088.99707 1554.00024 -7268.00195
v 5088.99707 1554.00024 -7268.00195
v 6048.99805 1472.00024 -5170.00244
v 4704.99756 765.000244 -6382.00195
v 6048.99805 1472.00024 -5170.00244
v 5088.99707 1554.00024 -7268.00195
v 6432.99756 2262.00024 -6057.00244
v 6432.99756 2262.00024 -6057.00244
v 6420.99805 1722.00012 -4793.00244
v 6048.99805 1472.00024 -5170.00244
v 1448.99646 825.000488 -9069
v 2905.99707 2169.00049 -7719.00146
v 3390.99683 1155.00037 -8354.00098
v 2905.99707 2169.00049 -7719.00146
v 5088.99707 1554.00024 -7268.00195
v 3390.99683 1155.00037 -8354.00098
v 5088.99707 1554.00024 -7268.00195
v 2905.99707 2169.00049 -7719.00146
v 4393.99756 2486.00049 -6739.00146
v 4393.99756 2486.00049 -6739.00146
v 6432.99756 2262.00024 -6057.00244
v 5088.99707 1554.00024 -7268.00195
v 6432.99756 2262.00024 -6057.00244
v 4393.99756 2486.00049 -6739.00146
v 5573.99756 3089.00024 -5692.00195
v 5573.99756 3089.00024 -5692.00195
v 6801.99707 2506.00024 -5675.00244
v 6432.99756 2262.00024 -6057.00244
v 6420.99805 1722.00012 -4793.00244
v 6432.99756 2262.00024 -6057.00244
v 6801.99707 2506.00024 -5675.00244
v 6801.99707 2506.00024 -5675.00244
v 6430.99854 1941.00037 -4781.00244
v 6420.99805 1722.00012 -4793.00244
v 6430.99854 1941.00037 -4781.00244
v 6801.99707 2506.00024 -5675.00244
v 6730.99805 2557.00024 -5473.00195
v 6730.99805 2557.00024 -5473.00195
v 7107.99854 2559.00024 -3984.00269
v 6430.99854 1941.00037 -4781.00244
v 2905.99707 2169.00049 -7719.00146
v 1448.99646 825.000488 -9069
v 980.996643 1805.00024 -8403
v 6801.99707 2506.00024 -5675.00244
v 5573.99756 3089.00024 -5692.00195
v 5905.99805 3301.00024 -5355.00244
v 5905.99805 3301.00024 -5355.00244
v 6730.99805 2557.00024 -5473.00195
v 6801.99707 2506.00024 -5675.00244
v 6730.99805 2557.00024 -5473.00195
v 5905.99805 3301.00024 -5355.00244
v 6021.99756 3178 -5228.00244
v 6335.99805 3429.00049 -4859.00244
v 6730.99805 2557.00024 -5473.00195
v 6021.99756 3178 -5228.00244
v 6730.99805 2557.00024 -5473.00195
v 6335.99805 3429.00049 -4859.00244
v 7388.99805 3164.00024 -4666.00293
v 7107.99854 2559.00024 -3984.00269
v 6730.99805 2557.00024 -5473.00195
v 7388.99805 3164.00024 -4666.00293
v 7107.99854 2559.00024 -3984.00269
v 7388.99805 3164.00024 -4666.00293
v 7279.99805 3209 -3307.00269
v -2524.00293 1383.00024 -6834.99902
v -4705.00244 765.000244 -6381.99805
v -3009.00317 368.000336 -7469.99854
v -4705.00244 765.000244 -6381.99805
v -2524.00293 1383.00024 -6834.99902
v -4010.00195 1697.00037 -5852.99854
v -4010.00195 1697.00037 -5852.99854
v -6049.00195 1472.00024 -5169.99756
v -4705.00244 765.000244 -6381.99805
v -6049.00195 1472.00024 -5169.99756
v -4010.00195 1697.00037 -5852.99854
v -5190.00195 2300.00024 -4805.99756
v -5190.00195 2300.00024 -4805.99756
v -6421.00195 1722.00012 -4792.99756
v -6049.00195 1472.00024 -5169.99756
v -6421.00195 1722.00012 -4792.99756
v -5190.00195 2300.00024 -4805.99756
v -5525.00195 2517.00049 -4473.99756
v -5525.00195 2517.00049 -4473.99756
v -6431.00244 1941.00037 -4780.99707
v -6421.00195 1722.00012 -4792.99756
v -2524.00293 1383.00024 -6834.99902
v -4394.00244 2486.00049 -6738.99805
v -4010.00195 1697.00037 -5852.99854
v -5574.00244 3089.00024 -5691.99756
v -4010.00195 1697.00037 -5852.99854
v -4394.00244 2486.00049 -6738.99805
v -4010.00195 1697.00037 -5852.99854
v -5574.00244 3089.00024 -5691.99756
v -5190.00195 2300.00024 -4805.99756
v -5574.00244 3089.00024 -5691.99756
v -5525.00195 2517.00049 -4473.99756
v -5190.00195 2300.00024 -4805.99756
v -5525.00195 2517.00049 -4473.99756
v -5574.00244 3089.00024 -5691.99756
v -5906.00195 3301.00024 -5354.99756
v -6022.00146 3178 -5227.99805
v -5525.00195 2517.00049 -4473.99756
v -5906.00195 3301.00024 -5354.99756
v -5525.00195 2517.00049 -4473.99756
v -6022.00146 3178 -5227.99805
v -5722.00195 2562 -4534.99756
v -6431.00244 1941.00037 -4780.99707
v -5525.00195 2517.00049 -4473.99756
v -5722.00195 2562 -4534.99756
v -6082.00146 2849.00024 -4142.99707
v -6431.00244 1941.00037 -4780.99707
v -5722.00195 2562 -4534.99756
v -6431.00244 1941.00037 -4780.99707
v -6082.00146 2849.00024 -4142.99707
v -7108.00146 2559.00024 -3983.99731
v -4394.00244 2486.00049 -6738.99805
v -2524.00293 1383.00024 -6834.99902
v -2906.00293 2169.00049 -7718.99902
v -2524.00293 1383.00024 -6834.99902
v -981.003235 1805.00024 -8402.99902
v -2906.00293 2169.00049 -7718.99902
v -981.003235 1805.00024 -8402.99902
v -2524.00293 1383.00024 -6834.99902
v -771.002869 1048.00037 -7438.99951
v -7108.00146 2559.00024 -3983.99731
v -6082.00146 2849.00024 -4142.99707
v -7280.00098 3209 -3306.99707
v -6336.00195 3429.00049 -4858.99756
v -5722.00195 2562 -4534.99756
v -6022.00146 3178 -5227.99805
v -5722.00195 2562 -4534.99756
v -6336.00195 3429.00049 -4858.99756
v -6082.00146 2849.00024 -4142.99707
v 314.001587 -2571 4040
v 0.00251561706 -585.000305 6460.00049
v 0.00251795328 -2308.00049 6465.99951
v 0.00251561706 -585.000305 6460.00049
v 314.001587 -2571 4040
v 347.001556 -232.000183 4045.99976
v 798.000488 -2808.00024 1229.99963
v 347.001556 -232.000183 4045.99976
v 314.001587 -2571 4040
v 347.001556 -232.000183 4045.99976
v 798.000488 -2808.00024 1229.99963
v 818.000488 646.999939 1320.99963
v 798.000488 -2808.00024 1229.99963
v 1512.99963 -2753 -953.000671
v 818.000488 646.999939 1320.99963
v 818.000488 646.999939 1320.99963
v 1512.99963 -2753 -953.000671
v 1763.99939 2791.00024 -1982.00061
v 1512.99963 -2753 -953.000671
v 1826.99915 -2027.99988 -1964.00085
v 1763.99939 2791.00024 -1982.00061
v 3775.99683 3090.00024 -9015.00098
v 4218.99658 2804.00049 -8620.00098
v 4074.99658 2837.00024 -9045.00098
v 4218.99658 2804.00049 -8620.00098
v 3775.99683 3090.00024 -9015.00098
v 3797.99658 3135.00024 -8587.00098
v 3725.99683 2980.00049 -7547.00146
v 4218.99658 2804.00049 -8620.00098
v 3797.99658 3135.00024 -8587.00098
v 4218.99658 2804.00049 -8620.00098
v 3725.99683 2980.00049 -7547.00146
v 4292.99707 2571 -7576.00195
v 3490.99756 2570.00024 -6345.00146
v 4292.99707 2571 -7576.00195
v 3725.99683 2980.00049 -7547.00146
v 4292.99707 2571 -7576.00195
v 3490.99756 2570.00024 -6345.00146
v 4088.99756 2145.00024 -6374.00146
v 3490.99756 2570.00024 -6345.00146
v 3742.99805 1656.00037 -5229.00098
v 4088.99756 2145.00024 -6374.00146
v 3775.99683 3090.00024 -9015.00098
v 3235.99658 3101.00024 -8727.00098
v 3797.99658 3135.00024 -8587.00098
v 3235.99658 3101.00024 -8727.00098
v 3725.99683 2980.00049 -7547.00146
v 3797.99658 3135.00024 -8587.00098
v 3725.99683 2980.00049 -7547.00146
v 3235.99658 3101.00024 -8727.00098
v 2936.99707 2905 -7753.00098
v 2652.99756 2486.00049 -6567.00098
v 3725.99683 2980.00049 -7547.00146
v 2936.99707 2905 -7753.00098
v 3725.99683 2980.00049 -7547.00146
v 2652.99756 2486.00049 -6567.00098
v 3490.99756 2570.00024 -6345.00146
v 2652.99756 2486.00049 -6567.00098
v 3188.99805 2054.00024 -5200.00098
v 3490.99756 2570.00024 -6345.00146
v 3742.99805 1656.00037 -5229.00098
v 3490.99756 2570.00024 -6345.00146
v 3188.99805 2054.00024 -5200.00098
v 2911.99829 1580.00024 -4554.00098
v 3742.99805 1656.00037 -5229.00098
v 3188.99805 2054.00024 -5200.00098
v 3742.99805 1656.00037 -5229.00098
v 2911.99829 1580.00024 -4554.00098
v 3333.99829 1263.00024 -4581.00098
v 2911.99829 1580.00024 -4554.00098
v 2884.99829 952.000244 -4329.00098
v 3333.99829 1263.00024 -4581.00098
v 3235.99658 3101.00024 -8727.00098
v 3775.99683 3090.00024 -9015.00098
v 3393.99609 3081.00024 -9104.00098
v 3151.99634 2815.00049 -9262.00098
v 3235.99658 3101.00024 -8727.00098
v 3393.99609 3081.00024 -9104.00098
v 3235.99658 3101.00024 -8727.00098
v 3151.99634 2815.00049 -9262.00098
v 2861.99658 2722.00024 -8957.00098
v 2388.99707 2390.00024 -8076.00098
v 3235.99658 3101.00024 -8727.00098
v 2861.99658 2722.00024 -8957.00098
v 3235.99658 3101.00024 -8727.00098
v 2388.99707 2390.00024 -8076.00098
v 2936.99707 2905 -7753.00098
v 2388.99707 2390.00024 -8076.00098
v 2652.99756 2486.00049 -6567.00098
v 2936.99707 2905 -7753.00098
v 2652.99756 2486.00049 -6567.00098
v 2388.99707 2390.00024 -8076.00098
v 2065.99731 1941.00037 -6909.00098
v 1877.99792 1476.00024 -5719.00049
v 2652.99756 2486.00049 -6567.00098
v 2065.99731 1941.00037 -6909.00098
v 2652.99756 2486.00049 -6567.00098
v 1877.99792 1476.00024 -5719.00049
v 2416.9978 1980.00024 -5403.00098
v 3188.99805 2054.00024 -5200.00098
v 2652.99756 2486.00049 -6567.00098
v 2416.9978 1980.00024 -5403.00098
v 3151.99634 2815.00049 -9262.00098
v 2894.99634 2220.00049 -9143.00098
v 2861.99658 2722.00024 -8957.00098
v 2894.99634 2220.00049 -9143.00098
v 2388.99707 2390.00024 -8076.00098
v 2861.99658 2722.00024 -8957.00098
v 2388.99707 2390.00024 -8076.00098
v 2894.99634 2220.00049 -9143.00098
v 2400.99683 1736.00049 -8324.00098
v 2400.99683 1736.00049 -8324.00098
v 2065.99731 1941.00037 -6909.00098
v 2388.99707 2390.00024 -8076.00098
v 2065.99731 1941.00037 -6909.00098
v 2400.99683 1736.00049 -8324.00098
v 2073.99731 1255.00024 -7171.00049
v 1888.99768 837.000244 -5962.00049
v 2065.99731 1941.00037 -6909.00098
v 2073.99731 1255.00024 -7171.00049
v 2065.99731 1941.00037 -6909.00098
v 1888.99768 837.000244 -5962.00049
v 1877.99792 1476.00024 -5719.00049
v 1962.99792 658.000305 -5123.00049
v 1877.99792 1476.00024 -5719.00049
v 1888.99768 837.000244 -5962.00049
v 1877.99792 1476.00024 -5719.00049
v 1962.99792 658.000305 -5123.00049
v 1942.99805 1152.00024 -4937.00049
v 1942.99805 1152.00024 -4937.00049
v 2416.9978 1980.00024 -5403.00098
v 1877.99792 1476.00024 -5719.00049
v 2894.99634 2220.00049 -9143.00098
v 3151.99634 2815.00049 -9262.00098
v 3191.99634 2447.00024 -9394.00195
v 1942.99805 1152.00024 -4937.00049
v 1962.99792 658.000305 -5123.00049
v 2233.99829 665.000183 -4586.00098
v 2396.99829 1107.00012 -4379.00098
v 1942.99805 1152.00024 -4937.00049
v 2233.99829 665.000183 -4586.00098
v 2335.99829 1534.00024 -4702.00098
v 1942.99805 1152.00024 -4937.00049
v 2396.99829 1107.00012 -4379.00098
v 2416.9978 1980.00024 -5403.00098
v 1942.99805 1152.00024 -4937.00049
v 2335.99829 1534.00024 -4702.00098
v 2335.99829 1534.00024 -4702.00098
v 3188.99805 2054.00024 -5200.00098
v 2416.9978 1980.00024 -5403.00098
v 3188.99805 2054.00024 -5200.00098
v 2335.99829 1534.00024 -4702.00098
v 2911.99829 1580.00024 -4554.00098
v 2911.99829 1580.00024 -4554.00098
v 2335.99829 1534.00024 -4702.00098
v 2396.99829 1107.00012 -4379.00098
v 2396.99829 1107.00012 -4379.00098
v 2884.99829 952.000244 -4329.00098
v 2911.99829 1580.00024 -4554.00098
v 2396.99829 1107.00012 -4379.00098
v 2538.99829 773.000122 -4364.00098
v 2884.99829 952.000244 -4329.00098
v 2538.99829 773.000122 -4364.00098
v 2396.99829 1107.00012 -4379.00098
v 2233.99829 665.000183 -4586.00098
v -2498.00269 1878.00049 -7174.99902
v -1821.00134 1047.00012 -3787.99951
v -1122.0033 1531.00037 -8598.99902
v -1821.00134 1047.00012 -3787.99951
v -2498.00269 1878.00049 -7174.99902
v -2878.00122 1244.00012 -3013.99878
v -3822.0022 2307.00024 -5892.99805
v -2878.00122 1244.00012 -3013.99878
v -2498.00269 1878.00049 -7174.99902
v -2878.00122 1244.00012 -3013.99878
v -3822.0022 2307.00024 -5892.99805
v -4000.00098 1575.00012 -2302.99829
v -4824.00195 2823.00024 -5062.99805
v -4000.00098 1575.00012 -2302.99829
v -3822.0022 2307.00024 -5892.99805
v -4000.00098 1575.00012 -2302.99829
v -4824.00195 2823.00024 -5062.99805
v -5102.00098 2154 -1679.99792
v -5642.00195 3358.00024 -4468.99756
v -5102.00098 2154 -1679.99792
v -4824.00195 2823.00024 -5062.99805
v -5102.00098 2154 -1679.99792
v -5642.00195 3358.00024 -4468.99756
v -6182.00049 2787 -1141.99756
v 17918.0039 6708.99951 7876.99365
v 8939.99805 3489 -5129.00342
v 17921.0039 6794.99951 8569.99316
v 8939.99805 3489 -5129.00342
v 17918.0039 6708.99951 7876.99365
v 9173.99805 3483.00024 -5458.00293
v 17793.002 6474 7050.99316
v 9173.99805 3483.00024 -5458.00293
v 17918.0039 6708.99951 7876.99365
v 9173.99805 3483.00024 -5458.00293
v 17793.002 6474 7050.99316
v 9358.99805 3370.00049 -5671.00342
v -2313.00098 2774 -2486.99902
v -1879.00085 -2145 -1888.99927
v -1901.00073 2802 -1851.99915
v -1879.00085 -2145 -1888.99927
v -2313.00098 2774 -2486.99902
v -2373.00098 -2147 -2661.99927
v -3798.00098 1841.00012 -2545.99829
v -2373.00098 -2147 -2661.99927
v -2313.00098 2774 -2486.99902
v -2373.00098 -2147 -2661.99927
v -3798.00098 1841.00012 -2545.99829
v -3729.00098 -1304.99988 -2750.99854
v -4651.00098 847.000122 -2838.99805
v -3729.00098 -1304.99988 -2750.99854
v -3798.00098 1841.00012 -2545.99829
v -3729.00098 -1304.99988 -2750.99854
v -4651.00098 847.000122 -2838.99805
v -4416.00098 -713.999878 -2829.99829
v -4651.00098 847.000122 -2838.99805
v -4700.00098 42.0001221 -2839.99829
v -4416.00098 -713.999878 -2829.99829
v -681.00116 2865.00024 -2901.99951
v -2313.00098 2774 -2486.99902
v -1901.00073 2802 -1851.99915
v -2313.00098 2774 -2486.99902
v -681.00116 2865.00024 -2901.99951
v -1131.00171 2842.00049 -4353.99951
v -3133.00195 1902.00024 -4582.99854
v -2313.00098 2774 -2486.99902
v -1131.00171 2842.00049 -4353.99951
v -2313.00098 2774 -2486.99902
v -3133.00195 1902.00024 -4582.99854
v -3798.00098 1841.00012 -2545.99829
v -3133.00195 1902.00024 -4582.99854
v -4651.00098 847.000122 -2838.99805
v -3798.00098 1841.00012 -2545.99829
v -4651.00098 847.000122 -2838.99805
v -3133.00195 1902.00024 -4582.99854
v -4020.0022 729.000183 -5348.99854
v -2322.00244 1939.00037 -6447.99951
v -4020.0022 729.000183 -5348.99854
v -3133.00195 1902.00024 -4582.99854
v -4020.0022 729.000183 -5348.99854
v -2322.00244 1939.00037 -6447.99951
v -3032.00293 703.000305 -7614.99902
v -681.00116 2865.00024 -2901.99951
v -0.00123210705 2850.00024 -3163.99976
v -1131.00171 2842.00049 -4353.99951
v -1131.00171 2842.00049 -4353.99951
v -0.00123210705 2850.00024 -3163.99976
v 1130.99829 2842.00049 -4354.00049
v -1131.00171 2842.00049 -4353.99951
v 1130.99829 2842.00049 -4354.00049
v -0.00231818366 2788.00024 -5953
v -1131.00171 2842.00049 -4353.99951
v -0.00231818366 2788.00024 -5953
v -2322.00244 1939.00037 -6447.99951
v -3133.00195 1902.00024 -4582.99854
v -1131.00171 2842.00049 -4353.99951
v -2322.00244 1939.00037 -6447.99951
v -0.00123210705 2850.00024 -3163.99976
v 680.99884 2865.00024 -2902
v 1130.99829 2842.00049 -4354.00049
v 680.99884 2865.00024 -2902
v 2312.99902 2774 -2487.00073
v 1130.99829 2842.00049 -4354.00049
v 2312.99902 2774 -2487.00073
v 3132.99854 1902.00024 -4583.00098
v 1130.99829 2842.00049 -4354.00049
v 1130.99829 2842.00049 -4354.00049
v 3132.99854 1902.00024 -4583.00098
v 2321.99756 1939.00037 -6448.00146
v -0.00231818366 2788.00024 -5953
v 1130.99829 2842.00049 -4354.00049
v 2321.99756 1939.00037 -6448.00146
v 1251.99683 1904.00049 -8064.00049
v -0.00231818366 2788.00024 -5953
v 2321.99756 1939.00037 -6448.00146
v -0.0034506009 1996.00024 -8861
v -0.00231818366 2788.00024 -5953
v 1251.99683 1904.00049 -8064.00049
v -0.00231818366 2788.00024 -5953
v -0.0034506009 1996.00024 -8861
v -1252.00317 1904.00049 -8063.99951
v -0.00231818366 2788.00024 -5953
v -1252.00317 1904.00049 -8063.99951
v -2322.00244 1939.00037 -6447.99951
v -1252.00317 1904.00049 -8063.99951
v -3032.00293 703.000305 -7614.99902
v -2322.00244 1939.00037 -6447.99951
v -3032.00293 703.000305 -7614.99902
v -1252.00317 1904.00049 -8063.99951
v -1663.00354 746.000427 -9463
v 2312.99902 2774 -2487.00073
v 680.99884 2865.00024 -2902
v 1900.99927 2802 -1852.00061
v -0.0034506009 1996.00024 -8861
v -1663.00354 746.000427 -9463
v -1252.00317 1904.00049 -8063.99951
v -1663.00354 746.000427 -9463
v -0.0034506009 1996.00024 -8861
v -0.00416790228 739.000488 -10703
v -0.0034506009 1996.00024 -8861
v 1662.99622 746.000427 -9463.00098
v -0.00416790228 739.000488 -10703
v 1662.99622 746.000427 -9463.00098
v -0.0034506009 1996.00024 -8861
v 1251.99683 1904.00049 -8064.00049
v 1251.99683 1904.00049 -8064.00049
v 3031.99707 703.000305 -7615.00146
v 1662.99622 746.000427 -9463.00098
v 3031.99707 703.000305 -7615.00146
v 1251.99683 1904.00049 -8064.00049
v 2321.99756 1939.00037 -6448.00146
v 2321.99756 1939.00037 -6448.00146
v 4019.9978 729.000183 -5349.00195
v 3031.99707 703.000305 -7615.00146
v 4019.9978 729.000183 -5349.00195
v 2321.99756 1939.00037 -6448.00146
v 3132.99854 1902.00024 -4583.00098
v 3132.99854 1902.00024 -4583.00098
v 4650.99902 847.000122 -2839.00171
v 4019.9978 729.000183 -5349.00195
v 4650.99902 847.000122 -2839.00171
v 3132.99854 1902.00024 -4583.00098
v 3797.99902 1841.00012 -2546.00122
v 3132.99854 1902.00024 -4583.00098
v 2312.99902 2774 -2487.00073
v 3797.99902 1841.00012 -2546.00122
v -2373.00098 -2147 -2661.99927
v -582.001282 -2203 -3215.99976
v -1879.00085 -2145 -1888.99927
v -582.001282 -2203 -3215.99976
v -2373.00098 -2147 -2661.99927
v -1100.00159 -2187.99976 -3952
v -1100.00159 -2187.99976 -3952
v -0.00135594083 -2187.99976 -3482
v -582.001282 -2203 -3215.99976
v -0.00135594083 -2187.99976 -3482
v -1100.00159 -2187.99976 -3952
v -0.00189917395 -2187.99976 -4877
v 1099.99841 -2187.99976 -3952.00098
v -0.00135594083 -2187.99976 -3482
v -0.00189917395 -2187.99976 -4877
v -0.00135594083 -2187.99976 -3482
v 1099.99841 -2187.99976 -3952.00098
v 581.998718 -2203 -3216.00024
v 2372.99902 -2147 -2662.00098
v 581.998718 -2203 -3216.00024
v 1099.99841 -2187.99976 -3952.00098
v 581.998718 -2203 -3216.00024
v 2372.99902 -2147 -2662.00098
v 1878.99939 -2145 -1889.00061
v -1956.00146 -2167.99976 -3885.99927
v -1100.00159 -2187.99976 -3952
v -2373.00098 -2147 -2661.99927
v -1100.00159 -2187.99976 -3952
v -1956.00146 -2167.99976 -3885.99927
v -973.002014 -2187.99976 -4942
v -973.002014 -2187.99976 -4942
v -0.00189917395 -2187.99976 -4877
v -1100.00159 -2187.99976 -3952
v -0.00189917395 -2187.99976 -4877
v -973.002014 -2187.99976 -4942
v -0.00227028597 -2187.99976 -5830.00049
v 972.998108 -2187.99976 -4942.00049
v -0.00189917395 -2187.99976 -4877
v -0.00227028597 -2187.99976 -5830.00049
v -0.00189917395 -2187.99976 -4877
v 972.998108 -2187.99976 -4942.00049
v 1099.99841 -2187.99976 -3952.00098
v 1955.99854 -2167.99976 -3886.00073
v 1099.99841 -2187.99976 -3952.00098
v 972.998108 -2187.99976 -4942.00049
v 1099.99841 -2187.99976 -3952.00098
v 1955.99854 -2167.99976 -3886.00073
v 2372.99902 -2147 -2662.00098
v 1955.99854 -2167.99976 -3886.00073
v 3728.99902 -1304.99988 -2751.00146
v 2372.99902 -2147 -2662.00098
v -3729.00098 -1304.99988 -2750.99854
v -1956.00146 -2167.99976 -3885.99927
v -2373.00098 -2147 -2661.99927
v -1956.00146 -2167.99976 -3885.99927
v -3729.00098 -1304.99988 -2750.99854
v -3226.0022 -1232.99976 -4886.99854
v -3226.0022 -1232.99976 -4886.99854
v -1403.00208 -2180.99976 -5036.99951
v -1956.00146 -2167.99976 -3885.99927
v -1403.00208 -2180.99976 -5036.99951
v -973.002014 -2187.99976 -4942
v -1956.00146 -2167.99976 -3885.99927
v -973.002014 -2187.99976 -4942
v -1403.00208 -2180.99976 -5036.99951
v -739.00238 -2171.99976 -6090.99951
v -739.00238 -2171.99976 -6090.99951
v -0.00227028597 -2187.99976 -5830.00049
v -973.002014 -2187.99976 -4942
v -0.00227028597 -2187.99976 -5830.00049
v -739.00238 -2171.99976 -6090.99951
v -0.00273135235 -2086.99976 -7014
v 738.99762 -2171.99976 -6091.00049
v -0.00227028597 -2187.99976 -5830.00049
v -0.00273135235 -2086.99976 -7014
v -0.00227028597 -2187.99976 -5830.00049
v 738.99762 -2171.99976 -6091.00049
v 972.998108 -2187.99976 -4942.00049
v 1402.99817 -2180.99976 -5037.00098
v 972.998108 -2187.99976 -4942.00049
v 738.99762 -2171.99976 -6091.00049
v 972.998108 -2187.99976 -4942.00049
v 1402.99817 -2180.99976 -5037.00098
v 1955.99854 -2167.99976 -3886.00073
v -4416.00098 -713.999878 -2829.99829
v -3226.0022 -1232.99976 -4886.99854
v -3729.00098 -1304.99988 -2750.99854
v -3226.0022 -1232.99976 -4886.99854
v -4416.00098 -713.999878 -2829.99829
v -3914.0022 -273.999756 -5330.99854
v -3914.0022 -273.999756 -5330.99854
v -2690.00269 -1296.99976 -6583.99951
v -3226.0022 -1232.99976 -4886.99854
v -2186.00293 -1558.99976 -7324.99902
v -3226.0022 -1232.99976 -4886.99854
v -2690.00269 -1296.99976 -6583.99951
v -1403.00208 -2180.99976 -5036.99951
v -3226.0022 -1232.99976 -4886.99854
v -2186.00293 -1558.99976 -7324.99902
v -2186.00293 -1558.99976 -7324.99902
v -739.00238 -2171.99976 -6090.99951
v -1403.00208 -2180.99976 -5036.99951
v -739.00238 -2171.99976 -6090.99951
v -2186.00293 -1558.99976 -7324.99902
v -1361.00305 -1501.99951 -7706
v -1361.00305 -1501.99951 -7706
v -524.003113 -1788.99976 -8062
v -739.00238 -2171.99976 -6090.99951
v -739.00238 -2171.99976 -6090.99951
v -524.003113 -1788.99976 -8062
v -0.00273135235 -2086.99976 -7014
v -524.003113 -1788.99976 -8062
v 523.996887 -1788.99976 -8062.00049
v -0.00273135235 -2086.99976 -7014
v 523.996887 -1788.99976 -8062.00049
v 738.99762 -2171.99976 -6091.00049
v -0.00273135235 -2086.99976 -7014
v -4700.00098 42.0001221 -2839.99829
v -3914.0022 -273.999756 -5330.99854
v -4416.00098 -713.999878 -2829.99829
v -3914.0022 -273.999756 -5330.99854
v -4700.00098 42.0001221 -2839.99829
v -4651.00098 847.000122 -2838.99805
v -3914.0022 -273.999756 -5330.99854
v -4651.00098 847.000122 -2838.99805
v -4020.0022 729.000183 -5348.99854
v -3314.00269 -491.999664 -6672.99805
v -3914.0022 -273.999756 -5330.99854
v -4020.0022 729.000183 -5348.99854
v -2690.00269 -1296.99976 -6583.99951
v -3914.0022 -273.999756 -5330.99854
v -3314.00269 -491.999664 -6672.99805
v -3089.00293 -906.999695 -7698.99951
v -2690.00269 -1296.99976 -6583.99951
v -3314.00269 -491.999664 -6672.99805
v -2186.00293 -1558.99976 -7324.99902
v -2690.00269 -1296.99976 -6583.99951
v -3089.00293 -906.999695 -7698.99951
v -3089.00293 -906.999695 -7698.99951
v -1827.00317 -1100.99963 -8327
v -2186.00293 -1558.99976 -7324.99902
v -2186.00293 -1558.99976 -7324.99902
v -1827.00317 -1100.99963 -8327
v -1361.00305 -1501.99951 -7706
v -1361.00305 -1501.99951 -7706
v -1827.00317 -1100.99963 -8327
v -1267.00342 -1639.99963 -8766.99902
v -1267.00342 -1639.99963 -8766.99902
v -524.003113 -1788.99976 -8062
v -1361.00305 -1501.99951 -7706
v -524.003113 -1788.99976 -8062
v -1267.00342 -1639.99963 -8766.99902
v -0.00338089559 -1405.99951 -8682
v -524.003113 -1788.99976 -8062
v -0.00338089559 -1405.99951 -8682
v 523.996887 -1788.99976 -8062.00049
v -3032.00293 703.000305 -7614.99902
v -3314.00269 -491.999664 -6672.99805
v -4020.0022 729.000183 -5348.99854
v -3314.00269 -491.999664 -6672.99805
v -3032.00293 703.000305 -7614.99902
v -3128.00293 236.000351 -7564.99902
v -3128.00293 236.000351 -7564.99902
v -3089.00293 -906.999695 -7698.99951
v -3314.00269 -491.999664 -6672.99805
v -2472.00317 -52.9996338 -8365.99902
v -3089.00293 -906.999695 -7698.99951
v -3128.00293 236.000351 -7564.99902
v -2472.00317 -52.9996338 -8365.99902
v -2192.00317 -810.999695 -8303.99902
v -3089.00293 -906.999695 -7698.99951
v -1827.00317 -1100.99963 -8327
v -3089.00293 -906.999695 -7698.99951
v -2192.00317 -810.999695 -8303.99902
v -2192.00317 -810.999695 -8303.99902
v -1562.00366 -762.999634 -9067.99902
v -1827.00317 -1100.99963 -8327
v -1827.00317 -1100.99963 -8327
v -1562.00366 -762.999634 -9067.99902
v -1267.00342 -1639.99963 -8766.99902
v -734.003601 -952.999573 -9357
v -1267.00342 -1639.99963 -8766.99902
v -1562.00366 -762.999634 -9067.99902
v -1267.00342 -1639.99963 -8766.99902
v -734.003601 -952.999573 -9357
v -0.00338089559 -1405.99951 -8682
v -3032.00293 703.000305 -7614.99902
v -2472.00317 -52.9996338 -8365.99902
v -3128.00293 236.000351 -7564.99902
v -2472.00317 -52.9996338 -8365.99902
v -3032.00293 703.000305 -7614.99902
v -2248.00366 558.000366 -8770.99902
v -2135.00342 -131.999588 -9283.99902
v -2472.00317 -52.9996338 -8365.99902
v -2248.00366 558.000366 -8770.99902
v -2135.00342 -131.999588 -9283.99902
v -1562.00366 -762.999634 -9067.99902
v -2472.00317 -52.9996338 -8365.99902
v -2192.00317 -810.999695 -8303.99902
v -2472.00317 -52.9996338 -8365.99902
v -1562.00366 -762.999634 -9067.99902
v -2248.00366 558.000366 -8770.99902
v -3032.00293 703.000305 -7614.99902
v -1663.00354 746.000427 -9463
v -1711.00366 -34.9995842 -9519
v -2248.00366 558.000366 -8770.99902
v -1663.00354 746.000427 -9463
v -2248.00366 558.000366 -8770.99902
v -1711.00366 -34.9995842 -9519
v -2135.00342 -131.999588 -9283.99902
v -1562.00366 -762.999634 -9067.99902
v -2135.00342 -131.999588 -9283.99902
v -1711.00366 -34.9995842 -9519
v -0.00391789852 -480.999573 -10061.001
v -1562.00366 -762.999634 -9067.99902
v -1711.00366 -34.9995842 -9519
v -734.003601 -952.999573 -9357
v -1562.00366 -762.999634 -9067.99902
v -0.00391789852 -480.999573 -10061.001
v -0.00338089559 -1405.99951 -8682
v -734.003601 -952.999573 -9357
v -0.00391789852 -480.999573 -10061.001
v 495.996399 -1060.99963 -9278
v -0.00338089559 -1405.99951 -8682
v -0.00391789852 -480.999573 -10061.001
v -0.00338089559 -1405.99951 -8682
v 495.996399 -1060.99963 -9278
v 1266.99658 -1639.99963 -8767
v 1266.99658 -1639.99963 -8767
v 523.996887 -1788.99976 -8062.00049
v -0.00338089559 -1405.99951 -8682
v -1663.00354 746.000427 -9463
v -0.00416790228 739.000488 -10703
v -1711.00366 -34.9995842 -9519
v -0.00416790228 739.000488 -10703
v -0.00391789852 -480.999573 -10061.001
v -1711.00366 -34.9995842 -9519
v -0.00391789852 -480.999573 -10061.001
v -0.00416790228 739.000488 -10703
v 1710.99634 -34.9995842 -9519.00098
v 1561.99658 -762.999634 -9068.00098
v -0.00391789852 -480.999573 -10061.001
v 1710.99634 -34.9995842 -9519.00098
v 495.996399 -1060.99963 -9278
v -0.00391789852 -480.999573 -10061.001
v 1561.99658 -762.999634 -9068.00098
v 1266.99658 -1639.99963 -8767
v 495.996399 -1060.99963 -9278
v 1561.99658 -762.999634 -9068.00098
v 1826.99658 -1100.99963 -8327.00098
v 1266.99658 -1639.99963 -8767
v 1561.99658 -762.999634 -9068.00098
v 1360.99695 -1501.99951 -7706.00098
v 1266.99658 -1639.99963 -8767
v 1826.99658 -1100.99963 -8327.00098
v 523.996887 -1788.99976 -8062.00049
v 1266.99658 -1639.99963 -8767
v 1360.99695 -1501.99951 -7706.00098
v 738.99762 -2171.99976 -6091.00049
v 523.996887 -1788.99976 -8062.00049
v 1360.99695 -1501.99951 -7706.00098
v 2185.99707 -1558.99976 -7325.00098
v 738.99762 -2171.99976 -6091.00049
v 1360.99695 -1501.99951 -7706.00098
v 738.99762 -2171.99976 -6091.00049
v 2185.99707 -1558.99976 -7325.00098
v 1402.99817 -2180.99976 -5037.00098
v -0.00416790228 739.000488 -10703
v 1662.99622 746.000427 -9463.00098
v 1710.99634 -34.9995842 -9519.00098
v 2247.99683 558.000366 -8771.00098
v 1710.99634 -34.9995842 -9519.00098
v 1662.99622 746.000427 -9463.00098
v 1710.99634 -34.9995842 -9519.00098
v 2247.99683 558.000366 -8771.00098
v 2134.99609 -131.999588 -9284
v 2134.99609 -131.999588 -9284
v 1561.99658 -762.999634 -9068.00098
v 1710.99634 -34.9995842 -9519.00098
v 2134.99609 -131.999588 -9284
v 2471.99683 -52.9996338 -8366.00098
v 1561.99658 -762.999634 -9068.00098
v 2191.99683 -810.999695 -8304.00098
v 1561.99658 -762.999634 -9068.00098
v 2471.99683 -52.9996338 -8366.00098
v 1826.99658 -1100.99963 -8327.00098
v 1561.99658 -762.999634 -9068.00098
v 2191.99683 -810.999695 -8304.00098
v 3088.99707 -906.999695 -7699.00195
v 1826.99658 -1100.99963 -8327.00098
v 2191.99683 -810.999695 -8304.00098
v 1826.99658 -1100.99963 -8327.00098
v 3088.99707 -906.999695 -7699.00195
v 2185.99707 -1558.99976 -7325.00098
v 1826.99658 -1100.99963 -8327.00098
v 2185.99707 -1558.99976 -7325.00098
v 1360.99695 -1501.99951 -7706.00098
v 3031.99707 703.000305 -7615.00146
v 2247.99683 558.000366 -8771.00098
v 1662.99622 746.000427 -9463.00098
v 3031.99707 703.000305 -7615.00146
v 2471.99683 -52.9996338 -8366.00098
v 2247.99683 558.000366 -8771.00098
v 2247.99683 558.000366 -8771.00098
v 2471.99683 -52.9996338 -8366.00098
v 2134.99609 -131.999588 -9284
v 2471.99683 -52.9996338 -8366.00098
v 3031.99707 703.000305 -7615.00146
v 3127.99707 236.000351 -7565.00146
v 3088.99707 -906.999695 -7699.00195
v 2471.99683 -52.9996338 -8366.00098
v 3127.99707 236.000351 -7565.00146
v 3088.99707 -906.999695 -7699.00195
v 2191.99683 -810.999695 -8304.00098
v 2471.99683 -52.9996338 -8366.00098
v 3031.99707 703.000305 -7615.00146
v 3313.99731 -491.999664 -6673.00098
v 3127.99707 236.000351 -7565.00146
v 3088.99707 -906.999695 -7699.00195
v 3127.99707 236.000351 -7565.00146
v 3313.99731 -491.999664 -6673.00098
v 2689.99731 -1296.99976 -6584.00146
v 3088.99707 -906.999695 -7699.00195
v 3313.99731 -491.999664 -6673.00098
v 2185.99707 -1558.99976 -7325.00098
v 3088.99707 -906.999695 -7699.00195
v 2689.99731 -1296.99976 -6584.00146
v 2185.99707 -1558.99976 -7325.00098
v 2689.99731 -1296.99976 -6584.00146
v 3225.99829 -1232.99976 -4887.00098
v 3225.99829 -1232.99976 -4887.00098
v 1402.99817 -2180.99976 -5037.00098
v 2185.99707 -1558.99976 -7325.00098
v 1402.99817 -2180.99976 -5037.00098
v 3225.99829 -1232.99976 -4887.00098
v 1955.99854 -2167.99976 -3886.00073
v 3728.99902 -1304.99988 -2751.00146
v 1955.99854 -2167.99976 -3886.00073
v 3225.99829 -1232.99976 -4887.00098
v 3313.99731 -491.999664 -6673.00098
v 3031.99707 703.000305 -7615.00146
v 4019.9978 729.000183 -5349.00195
v 3913.9978 -273.999756 -5331.00146
v 3313.99731 -491.999664 -6673.00098
v 4019.9978 729.000183 -5349.00195
v 3913.9978 -273.999756 -5331.00146
v 2689.99731 -1296.99976 -6584.00146
v 3313.99731 -491.999664 -6673.00098
v 2689.99731 -1296.99976 -6584.00146
v 3913.9978 -273.999756 -5331.00146
v 3225.99829 -1232.99976 -4887.00098
v 4415.99902 -713.999878 -2830.00171
v 3225.99829 -1232.99976 -4887.00098
v 3913.9978 -273.999756 -5331.00146
v 3225.99829 -1232.99976 -4887.00098
v 4415.99902 -713.999878 -2830.00171
v 3728.99902 -1304.99988 -2751.00146
v 4650.99902 847.000122 -2839.00171
v 3913.9978 -273.999756 -5331.00146
v 4019.9978 729.000183 -5349.00195
v 4650.99902 847.000122 -2839.00171
v 4699.99902 42.0001221 -2840.00195
v 3913.9978 -273.999756 -5331.00146
v 3913.9978 -273.999756 -5331.00146
v 4699.99902 42.0001221 -2840.00195
v 4415.99902 -713.999878 -2830.00171
v -8143.00244 4929.00049 -6087.99658
v -7812.00293 4363.00049 -6145.99707
v -8207.00195 4565 -6218.99658
v -7812.00293 4363.00049 -6145.99707
v -8143.00244 4929.00049 -6087.99658
v -7740.00244 4858 -5952.99707
v -6895.00146 4548.00049 -5403.99756
v -7812.00293 4363.00049 -6145.99707
v -7740.00244 4858 -5952.99707
v -7812.00293 4363.00049 -6145.99707
v -6895.00146 4548.00049 -5403.99756
v -6964.00244 3906.00024 -5675.99707
v -8143.00244 4929.00049 -6087.99658
v -8000.00195 5184.00049 -5548.99658
v -7740.00244 4858 -5952.99707
v -8000.00195 5184.00049 -5548.99658
v -6895.00146 4548.00049 -5403.99756
v -7740.00244 4858 -5952.99707
v -6895.00146 4548.00049 -5403.99756
v -8000.00195 5184.00049 -5548.99658
v -7280.00146 4986.00049 -4829.99707
v -6458.00146 4556 -3932.99731
v -6895.00146 4548.00049 -5403.99756
v -7280.00146 4986.00049 -4829.99707
v -6895.00146 4548.00049 -5403.99756
v -6458.00146 4556 -3932.99731
v -6045.00195 4094.00024 -4544.99756
v -6045.00195 4094.00024 -4544.99756
v -6964.00244 3906.00024 -5675.99707
v -6895.00146 4548.00049 -5403.99756
v -8000.00195 5184.00049 -5548.99658
v -8143.00244 4929.00049 -6087.99658
v -8309.00195 5161 -5817.99658
v -8610.00195 5124 -5566.99658
v -8000.00195 5184.00049 -5548.99658
v -8309.00195 5161 -5817.99658
v -8000.00195 5184.00049 -5548.99658
v -8610.00195 5124 -5566.99658
v -8440.00195 5150 -5171.99658
v -7895.00098 4964.00049 -4288.99707
v -8000.00195 5184.00049 -5548.99658
v -8440.00195 5150 -5171.99658
v -8000.00195 5184.00049 -5548.99658
v -7895.00098 4964.00049 -4288.99707
v -7280.00146 4986.00049 -4829.99707
v -7895.00098 4964.00049 -4288.99707
v -6458.00146 4556 -3932.99731
v -7280.00146 4986.00049 -4829.99707
v -6458.00146 4556 -3932.99731
v -7895.00098 4964.00049 -4288.99707
v -7111.00146 4538 -3355.99707
v -6284.00146 4016 -2511.99731
v -6458.00146 4556 -3932.99731
v -7111.00146 4538 -3355.99707
v -6458.00146 4556 -3932.99731
v -6284.00146 4016 -2511.99731
v -5682.00098 4036 -3042.99756
v -5303.00195 3608.00024 -3605.9978
v -6458.00146 4556 -3932.99731
v -5682.00098 4036 -3042.99756
v -6458.00146 4556 -3932.99731
v -5303.00195 3608.00024 -3605.9978
v -6045.00195 4094.00024 -4544.99756
v -8610.00195 5124 -5566.99658
v -8801.00195 4775 -5041.99609
v -8440.00195 5150 -5171.99658
v -8801.00195 4775 -5041.99609
v -7895.00098 4964.00049 -4288.99707
v -8440.00195 5150 -5171.99658
v -7895.00098 4964.00049 -4288.99707
v -8801.00195 4775 -5041.99609
v -8378.00195 4495 -4097.99609
v -8378.00195 4495 -4097.99609
v -7111.00146 4538 -3355.99707
v -7895.00098 4964.00049 -4288.99707
v -7111.00146 4538 -3355.99707
v -8378.00195 4495 -4097.99609
v -7620.00195 4049.00024 -3151.99683
v -6756.00098 3559 -2324.99707
v -7111.00146 4538 -3355.99707
v -7620.00195 4049.00024 -3151.99683
v -7111.00146 4538 -3355.99707
v -6756.00098 3559 -2324.99707
v -6284.00146 4016 -2511.99731
v -6756.00098 3559 -2324.99707
v -5707.00098 3551.00024 -2098.9978
v -6284.00146 4016 -2511.99731
v -5257.00049 3576.00024 -2489.9978
v -6284.00146 4016 -2511.99731
v -5707.00098 3551.00024 -2098.9978
v -6284.00146 4016 -2511.99731
v -5257.00049 3576.00024 -2489.9978
v -5682.00098 4036 -3042.99756
v -8801.00195 4775 -5041.99609
v -8610.00195 5124 -5566.99658
v -8868.00195 4840 -5482.99658
v -5707.00098 3551.00024 -2098.9978
v -6756.00098 3559 -2324.99707
v -6068.00098 3190.00024 -1961.99756
v -5529.00098 2922 -1962.9978
v -5707.00098 3551.00024 -2098.9978
v -6068.00098 3190.00024 -1961.99756
v -5529.00098 2922 -1962.9978
v -5131.00098 3133.00024 -2211.9978
v -5707.00098 3551.00024 -2098.9978
v -5257.00049 3576.00024 -2489.9978
v -5707.00098 3551.00024 -2098.9978
v -5131.00098 3133.00024 -2211.9978
v -4982.00098 3250 -2906.9978
v -5257.00049 3576.00024 -2489.9978
v -5131.00098 3133.00024 -2211.9978
v -4982.00098 3250 -2906.9978
v -5682.00098 4036 -3042.99756
v -5257.00049 3576.00024 -2489.9978
v -5682.00098 4036 -3042.99756
v -4982.00098 3250 -2906.9978
v -5303.00195 3608.00024 -3605.9978
v -5043.00098 2763.00024 -3105.99805
v -5303.00195 3608.00024 -3605.9978
v -4982.00098 3250 -2906.9978
v -5303.00195 3608.00024 -3605.9978
v -5043.00098 2763.00024 -3105.99805
v -5370.00146 2982.00024 -3871.99756
v -5370.00146 2982.00024 -3871.99756
v -6045.00195 4094.00024 -4544.99756
v -5303.00195 3608.00024 -3605.9978
v -5222.00049 2784.00024 -2163.9978
v -5131.00098 3133.00024 -2211.9978
v -5529.00098 2922 -1962.9978
v -5131.00098 3133.00024 -2211.9978
v -5222.00049 2784.00024 -2163.9978
v -5043.00098 2720.00024 -2505.99805
v -4982.00098 3250 -2906.9978
v -5131.00098 3133.00024 -2211.9978
v -5043.00098 2720.00024 -2505.99805
v -5043.00098 2763.00024 -3105.99805
v -4982.00098 3250 -2906.9978
v -5043.00098 2720.00024 -2505.99805
v -6045.00195 4094.00024 -4544.99756
v -5370.00146 2982.00024 -3871.99756
v -6113.00146 3422.00049 -4832.99756
v -6964.00244 3906.00024 -5675.99707
v -6045.00195 4094.00024 -4544.99756
v -6113.00146 3422.00049 -4832.99756
v -6623.00146 2933.00024 -4628.99756
v -6964.00244 3906.00024 -5675.99707
v -6113.00146 3422.00049 -4832.99756
v -6964.00244 3906.00024 -5675.99707
v -6623.00146 2933.00024 -4628.99756
v -7447.00195 3438.00049 -5484.99707
v -7447.00195 3438.00049 -5484.99707
v -7812.00293 4363.00049 -6145.99707
v -6964.00244 3906.00024 -5675.99707
v -7812.00293 4363.00049 -6145.99707
v -7447.00195 3438.00049 -5484.99707
v -8173.00293 3988 -6015.99658
v -8173.00293 3988 -6015.99658
v -8207.00195 4565 -6218.99658
v -7812.00293 4363.00049 -6145.99707
v -8207.00195 4565 -6218.99658
v -8173.00293 3988 -6015.99658
v -8465.00195 4281 -6134.99658
v -5370.00146 2982.00024 -3871.99756
v -6623.00146 2933.00024 -4628.99756
v -6113.00146 3422.00049 -4832.99756
v -6623.00146 2933.00024 -4628.99756
v -5370.00146 2982.00024 -3871.99756
v -5842.00146 2525.00024 -3684.99756
v -5842.00146 2525.00024 -3684.99756
v -7275.00146 2915.00024 -4052.99707
v -6623.00146 2933.00024 -4628.99756
v -7275.00146 2915.00024 -4052.99707
v -7447.00195 3438.00049 -5484.99707
v -6623.00146 2933.00024 -4628.99756
v -7447.00195 3438.00049 -5484.99707
v -7275.00146 2915.00024 -4052.99707
v -8061.00195 3416.00049 -4943.99658
v -8613.00195 3953.00024 -5638.99658
v -7447.00195 3438.00049 -5484.99707
v -8061.00195 3416.00049 -4943.99658
v -7447.00195 3438.00049 -5484.99707
v -8613.00195 3953.00024 -5638.99658
v -8173.00293 3988 -6015.99658
v -8613.00195 3953.00024 -5638.99658
v -8465.00195 4281 -6134.99658
v -8173.00293 3988 -6015.99658
v -8465.00195 4281 -6134.99658
v -8613.00195 3953.00024 -5638.99658
v -8766.00195 4244 -5884.99658
v -5370.00146 2982.00024 -3871.99756
v -5404.00098 2402 -2968.9978
v -5842.00146 2525.00024 -3684.99756
v -5854.00049 2378 -2577.9978
v -5842.00146 2525.00024 -3684.99756
v -5404.00098 2402 -2968.9978
v -5842.00146 2525.00024 -3684.99756
v -5854.00049 2378 -2577.9978
v -6444.00146 2505 -3153.99731
v -7275.00146 2915.00024 -4052.99707
v -5842.00146 2525.00024 -3684.99756
v -6444.00146 2505 -3153.99731
v -6822.00098 2933.00024 -2590.99707
v -7275.00146 2915.00024 -4052.99707
v -6444.00146 2505 -3153.99731
v -7275.00146 2915.00024 -4052.99707
v -6822.00098 2933.00024 -2590.99707
v -7688.00195 3377.00049 -3440.99707
v -8447.00195 3854 -4369.99658
v -7275.00146 2915.00024 -4052.99707
v -7688.00195 3377.00049 -3440.99707
v -7275.00146 2915.00024 -4052.99707
v -8447.00195 3854 -4369.99658
v -8061.00195 3416.00049 -4943.99658
v -8447.00195 3854 -4369.99658
v -8613.00195 3953.00024 -5638.99658
v -8061.00195 3416.00049 -4943.99658
v -5404.00098 2402 -2968.9978
v -5370.00146 2982.00024 -3871.99756
v -5043.00098 2763.00024 -3105.99805
v -5404.00098 2402 -2968.9978
v -5043.00098 2763.00024 -3105.99805
v -5043.00098 2720.00024 -2505.99805
v -5404.00098 2402 -2968.9978
v -5043.00098 2720.00024 -2505.99805
v -5441.00098 2509 -2256.9978
v -5854.00049 2378 -2577.9978
v -5404.00098 2402 -2968.9978
v -5441.00098 2509 -2256.9978
v -6129.00098 2704 -2160.99756
v -5854.00049 2378 -2577.9978
v -5441.00098 2509 -2256.9978
v -6129.00098 2704 -2160.99756
v -6444.00146 2505 -3153.99731
v -5854.00049 2378 -2577.9978
v -6444.00146 2505 -3153.99731
v -6129.00098 2704 -2160.99756
v -6822.00098 2933.00024 -2590.99707
v -6068.00098 3190.00024 -1961.99756
v -6822.00098 2933.00024 -2590.99707
v -6129.00098 2704 -2160.99756
v -6822.00098 2933.00024 -2590.99707
v -6068.00098 3190.00024 -1961.99756
v -6756.00098 3559 -2324.99707
v -6756.00098 3559 -2324.99707
v -7688.00195 3377.00049 -3440.99707
v -6822.00098 2933.00024 -2590.99707
v -7688.00195 3377.00049 -3440.99707
v -6756.00098 3559 -2324.99707
v -7620.00195 4049.00024 -3151.99683
v -8378.00195 4495 -4097.99609
v -7688.00195 3377.00049 -3440.99707
v -7620.00195 4049.00024 -3151.99683
v -7688.00195 3377.00049 -3440.99707
v -8378.00195 4495 -4097.99609
v -8447.00195 3854 -4369.99658
v -5222.00049 2784.00024 -2163.9978
v -5441.00098 2509 -2256.9978
v -5043.00098 2720.00024 -2505.99805
v -5222.00049 2784.00024 -2163.9978
v -5529.00098 2922 -1962.9978
v -5441.00098 2509 -2256.9978
v -5529.00098 2922 -1962.9978
v -6129.00098 2704 -2160.99756
v -5441.00098 2509 -2256.9978
v -6068.00098 3190.00024 -1961.99756
v -6129.00098 2704 -2160.99756
v -5529.00098 2922 -1962.9978
v -8801.00195 4775 -5041.99609
v -8447.00195 3854 -4369.99658
v -8378.00195 4495 -4097.99609
v -8447.00195 3854 -4369.99658
v -8801.00195 4775 -5041.99609
v -8873.00195 4279 -5235.99609
v -8613.00195 3953.00024 -5638.99658
v -8447.00195 3854 -4369.99658
v -8873.00195 4279 -5235.99609
v -8873.00195 4279 -5235.99609
v -8766.00195 4244 -5884.99658
v -8613.00195 3953.00024 -5638.99658
v -8801.00195 4775 -5041.99609
v -8932.00195 4475 -5613.99658
v -8873.00195 4279 -5235.99609
v -8766.00195 4244 -5884.99658
v -8873.00195 4279 -5235.99609
v -8932.00195 4475 -5613.99658
v -8932.00195 4475 -5613.99658
v -8701.00195 4327.00049 -5865.99658
v -8766.00195 4244 -5884.99658
v -8458.00195 4359.00049 -6065.99609
v -8766.00195 4244 -5884.99658
v -8701.00195 4327.00049 -5865.99658
v -8766.00195 4244 -5884.99658
v -8458.00195 4359.00049 -6065.99609
v -8465.00195 4281 -6134.99658
v -8251.00195 4589.00049 -6130.99658
v -8465.00195 4281 -6134.99658
v -8458.00195 4359.00049 -6065.99609
v -8465.00195 4281 -6134.99658
v -8251.00195 4589.00049 -6130.99658
v -8207.00195 4565 -6218.99658
v -8932.00195 4475 -5613.99658
v -8801.00195 4775 -5041.99609
v -8868.00195 4840 -5482.99658
v -8940.00195 3489 -5128.99609
v -17917.9961 6708.99951 7877.00732
v -17920.9961 6794.99951 8570.00781
v -17917.9961 6708.99951 7877.00732
v -8940.00195 3489 -5128.99609
v -9174.00195 3483.00024 -5457.99561
v -9174.00195 3483.00024 -5457.99561
v -17792.998 6474 7051.00732
v -17917.9961 6708.99951 7877.00732
v -17792.998 6474 7051.00732
v -9174.00195 3483.00024 -5457.99561
v -9359.00195 3370.00049 -5670.99609
v 5641.99805 3358.00024 -4469.00195
v 5102 2154 -1680.00195
v 6181.99951 2787 -1142.00232
v 5102 2154 -1680.00195
v 5641.99805 3358.00024 -4469.00195
v 4823.99805 2823.00024 -5063.00146
v 4823.99805 2823.00024 -5063.00146
v 3999.99902 1575.00012 -2303.00146
v 5102 2154 -1680.00195
v 3999.99902 1575.00012 -2303.00146
v 4823.99805 2823.00024 -5063.00146
v 3821.9978 2307.00024 -5893.00098
v 3821.9978 2307.00024 -5893.00098
v 2877.99878 1244.00012 -3014.00098
v 3999.99902 1575.00012 -2303.00146
v 2877.99878 1244.00012 -3014.00098
v 3821.9978 2307.00024 -5893.00098
v 2497.99731 1878.00049 -7175.00098
v 2497.99731 1878.00049 -7175.00098
v 1820.99841 1047.00012 -3788.00073
v 2877.99878 1244.00012 -3014.00098
v 1820.99841 1047.00012 -3788.00073
v 2497.99731 1878.00049 -7175.00098
v 1121.9967 1531.00037 -8599
v 2497.99731 1878.00049 -7175.00098
v 2039.9967 62.0003777 -8618.00098
v 1121.9967 1531.00037 -8599
v 2039.9967 62.0003777 -8618.00098
v 2497.99731 1878.00049 -7175.00098
v 3666.99707 357.000336 -7052.00195
v 3821.9978 2307.00024 -5893.00098
v 3666.99707 357.000336 -7052.00195
v 2497.99731 1878.00049 -7175.00098
v 3666.99707 357.000336 -7052.00195
v 3821.9978 2307.00024 -5893.00098
v 5181.99756 819.000244 -5645.00195
v 4823.99805 2823.00024 -5063.00146
v 5181.99756 819.000244 -5645.00195
v 3821.9978 2307.00024 -5893.00098
v 5181.99756 819.000244 -5645.00195
v 4823.99805 2823.00024 -5063.00146
v 6353.99805 1502.00012 -4758.00244
v 5641.99805 3358.00024 -4469.00195
v 6353.99805 1502.00012 -4758.00244
v 4823.99805 2823.00024 -5063.00146
v 6353.99805 1502.00012 -4758.00244
v 5641.99805 3358.00024 -4469.00195
v 7286.99805 2274.00024 -4097.00293
v -6674.00293 3920 -7166.99707
v -6345.00342 4203.00049 -7663.99756
v -6646.00293 3955.00024 -7614.99756
v -6345.00342 4203.00049 -7663.99756
v -6674.00293 3920 -7166.99707
v -6252.00244 4244 -7244.99707
v -5748.00342 4202 -7528.99805
v -6345.00342 4203.00049 -7663.99756
v -6252.00244 4244 -7244.99707
v -6345.00342 4203.00049 -7663.99756
v -5748.00342 4202 -7528.99805
v -6001.00293 4189.00049 -7850.99707
v -5748.00342 4202 -7528.99805
v -5814.00293 3920 -8067.99756
v -6001.00293 4189.00049 -7850.99707
v -5814.00293 3920 -8067.99756
v -5748.00342 4202 -7528.99805
v -5455.00293 3819.00073 -7851.99756
v -5546.00293 3319.00024 -8024.99805
v -5814.00293 3920 -8067.99756
v -5455.00293 3819.00073 -7851.99756
v -5814.00293 3920 -8067.99756
v -5546.00293 3319.00024 -8024.99805
v -5894.00342 3554.00049 -8187.99756
v -6674.00293 3920 -7166.99707
v -5912.00244 4077.00049 -6260.99756
v -6252.00244 4244 -7244.99707
v -5912.00244 4077.00049 -6260.99756
v -5748.00342 4202 -7528.99805
v -6252.00244 4244 -7244.99707
v -5748.00342 4202 -7528.99805
v -5912.00244 4077.00049 -6260.99756
v -5207.00244 3990.00024 -6669.99756
v -4772.00293 3469.00024 -7127.99805
v -5748.00342 4202 -7528.99805
v -5207.00244 3990.00024 -6669.99756
v -5748.00342 4202 -7528.99805
v -4772.00293 3469.00024 -7127.99805
v -5455.00293 3819.00073 -7851.99756
v -4772.00293 3469.00024 -7127.99805
v -5546.00293 3319.00024 -8024.99805
v -5455.00293 3819.00073 -7851.99756
v -5546.00293 3319.00024 -8024.99805
v -4772.00293 3469.00024 -7127.99805
v -4863.00244 2818.00049 -7368.99756
v -5912.00244 4077.00049 -6260.99756
v -6674.00293 3920 -7166.99707
v -6474.00293 3677.00049 -6142.99756
v -6474.00293 3677.00049 -6142.99756
v -5376.00195 3650.00049 -5166.99805
v -5912.00244 4077.00049 -6260.99756
v -4628.00195 3554 -5602.99805
v -5912.00244 4077.00049 -6260.99756
v -5376.00195 3650.00049 -5166.99805
v -5912.00244 4077.00049 -6260.99756
v -4628.00195 3554 -5602.99805
v -5207.00244 3990.00024 -6669.99756
v -4628.00195 3554 -5602.99805
v -4772.00293 3469.00024 -7127.99805
v -5207.00244 3990.00024 -6669.99756
v -4772.00293 3469.00024 -7127.99805
v -4628.00195 3554 -5602.99805
v -4162.00293 3003.00024 -6090.99805
v -4162.00293 3003.00024 -6090.99805
v -4863.00244 2818.00049 -7368.99756
v -4772.00293 3469.00024 -7127.99805
v -4863.00244 2818.00049 -7368.99756
v -4162.00293 3003.00024 -6090.99805
v -4252.00195 2320.00024 -6345.99805
v -4845.00244 1905.00024 -6218.99854
v -4863.00244 2818.00049 -7368.99756
v -4252.00195 2320.00024 -6345.99805
v -4863.00244 2818.00049 -7368.99756
v -4845.00244 1905.00024 -6218.99854
v -5425.00293 2419.00024 -7249.99805
v -5425.00293 2419.00024 -7249.99805
v -5546.00293 3319.00024 -8024.99805
v -4863.00244 2818.00049 -7368.99756
v -5376.00195 3650.00049 -5166.99805
v -6474.00293 3677.00049 -6142.99756
v -5968.00244 3235.00024 -5039.99756
v -5341.00146 2728 -4028.99805
v -5376.00195 3650.00049 -5166.99805
v -5968.00244 3235.00024 -5039.99756
v -5376.00195 3650.00049 -5166.99805
v -5341.00146 2728 -4028.99805
v -4792.00146 3117 -4145.99805
v -4792.00146 3117 -4145.99805
v -4628.00195 3554 -5602.99805
v -5376.00195 3650.00049 -5166.99805
v -4628.00195 3554 -5602.99805
v -4792.00146 3117 -4145.99805
v -4102.00195 3031.00024 -4545.99854
v -3675.00195 2522.00024 -4995.99854
v -4628.00195 3554 -5602.99805
v -4102.00195 3031.00024 -4545.99854
v -4628.00195 3554 -5602.99805
v -3675.00195 2522.00024 -4995.99854
v -4162.00293 3003.00024 -6090.99805
v -3762.00195 1886.00024 -5230.99854
v -4162.00293 3003.00024 -6090.99805
v -3675.00195 2522.00024 -4995.99854
v -4162.00293 3003.00024 -6090.99805
v -3762.00195 1886.00024 -5230.99854
v -4252.00195 2320.00024 -6345.99805
v -5341.00146 2728 -4028.99805
v -4363.00146 2631.00024 -3597.99829
v -4792.00146 3117 -4145.99805
v -3847.00146 2577 -3892.99805
v -4792.00146 3117 -4145.99805
v -4363.00146 2631.00024 -3597.99829
v -4792.00146 3117 -4145.99805
v -3847.00146 2577 -3892.99805
v -4102.00195 3031.00024 -4545.99854
v -3538.00171 2191.00024 -4226.99805
v -4102.00195 3031.00024 -4545.99854
v -3847.00146 2577 -3892.99805
v -4102.00195 3031.00024 -4545.99854
v -3538.00171 2191.00024 -4226.99805
v -3675.00195 2522.00024 -4995.99854
v -3616.00171 1699.00012 -4403.99854
v -3675.00195 2522.00024 -4995.99854
v -3538.00171 2191.00024 -4226.99805
v -3675.00195 2522.00024 -4995.99854
v -3616.00171 1699.00012 -4403.99854
v -3762.00195 1886.00024 -5230.99854
v -4363.00146 2631.00024 -3597.99829
v -5341.00146 2728 -4028.99805
v -4783.00146 2322 -3514.9978
v -4289.00146 2000.00024 -3391.99805
v -4363.00146 2631.00024 -3597.99829
v -4783.00146 2322 -3514.9978
v -4289.00146 2000.00024 -3391.99805
v -3829.00146 2148.00024 -3568.99829
v -4363.00146 2631.00024 -3597.99829
v -3847.00146 2577 -3892.99805
v -4363.00146 2631.00024 -3597.99829
v -3829.00146 2148.00024 -3568.99829
v -3538.00171 2191.00024 -4226.99805
v -3847.00146 2577 -3892.99805
v -3829.00146 2148.00024 -3568.99829
v -3538.00171 2191.00024 -4226.99805
v -3829.00146 2148.00024 -3568.99829
v -3735.00122 1705.00012 -3813.99854
v -3616.00171 1699.00012 -4403.99854
v -3538.00171 2191.00024 -4226.99805
v -3735.00122 1705.00012 -3813.99854
v -3968.00146 1816.00012 -3518.99829
v -3829.00146 2148.00024 -3568.99829
v -4289.00146 2000.00024 -3391.99805
v -3829.00146 2148.00024 -3568.99829
v -3968.00146 1816.00012 -3518.99829
v -3735.00122 1705.00012 -3813.99854
v -3762.00195 1886.00024 -5230.99854
v -4845.00244 1905.00024 -6218.99854
v -4252.00195 2320.00024 -6345.99805
v -4845.00244 1905.00024 -6218.99854
v -3762.00195 1886.00024 -5230.99854
v -4312.00195 1498.00024 -5113.99805
v -4312.00195 1498.00024 -5113.99805
v -5593.00244 2001.00024 -5782.99756
v -4845.00244 1905.00024 -6218.99854
v -5593.00244 2001.00024 -5782.99756
v -5425.00293 2419.00024 -7249.99805
v -4845.00244 1905.00024 -6218.99854
v -5425.00293 2419.00024 -7249.99805
v -5593.00244 2001.00024 -5782.99756
v -6130.00244 2505.00024 -6841.99756
v -6472.00293 3037.00024 -7663.99756
v -5425.00293 2419.00024 -7249.99805
v -6130.00244 2505.00024 -6841.99756
v -5425.00293 2419.00024 -7249.99805
v -6472.00293 3037.00024 -7663.99756
v -5967.00293 2995.00024 -7946.99756
v -5546.00293 3319.00024 -8024.99805
v -5425.00293 2419.00024 -7249.99805
v -5967.00293 2995.00024 -7946.99756
v -3762.00195 1886.00024 -5230.99854
v -4036.00171 1389.00012 -4319.99854
v -4312.00195 1498.00024 -5113.99805
v -4552.00146 1444.00012 -4024.99829
v -4312.00195 1498.00024 -5113.99805
v -4036.00171 1389.00012 -4319.99854
v -4312.00195 1498.00024 -5113.99805
v -4552.00146 1444.00012 -4024.99829
v -5002.00146 1583.00024 -4713.99805
v -5593.00244 2001.00024 -5782.99756
v -4312.00195 1498.00024 -5113.99805
v -5002.00146 1583.00024 -4713.99805
v -5428.00195 2093.00024 -4264.99756
v -5593.00244 2001.00024 -5782.99756
v -5002.00146 1583.00024 -4713.99805
v -5593.00244 2001.00024 -5782.99756
v -5428.00195 2093.00024 -4264.99756
v -6058.00195 2552.00024 -5294.99756
v -6564.00244 3026.00024 -6382.99707
v -5593.00244 2001.00024 -5782.99756
v -6058.00195 2552.00024 -5294.99756
v -5593.00244 2001.00024 -5782.99756
v -6564.00244 3026.00024 -6382.99707
v -6130.00244 2505.00024 -6841.99756
v -6564.00244 3026.00024 -6382.99707
v -6472.00293 3037.00024 -7663.99756
v -6130.00244 2505.00024 -6841.99756
v -4036.00171 1389.00012 -4319.99854
v -3762.00195 1886.00024 -5230.99854
v -3616.00171 1699.00012 -4403.99854
v -4036.00171 1389.00012 -4319.99854
v -3616.00171 1699.00012 -4403.99854
v -3735.00122 1705.00012 -3813.99854
v -4036.00171 1389.00012 -4319.99854
v -3735.00122 1705.00012 -3813.99854
v -4196.00146 1558.00024 -3636.99829
v -4552.00146 1444.00012 -4024.99829
v -4036.00171 1389.00012 -4319.99854
v -4196.00146 1558.00024 -3636.99829
v -4861.00146 1830.00012 -3691.9978
v -4552.00146 1444.00012 -4024.99829
v -4196.00146 1558.00024 -3636.99829
v -4861.00146 1830.00012 -3691.9978
v -5002.00146 1583.00024 -4713.99805
v -4552.00146 1444.00012 -4024.99829
v -5002.00146 1583.00024 -4713.99805
v -4861.00146 1830.00012 -3691.9978
v -5428.00195 2093.00024 -4264.99756
v -4783.00146 2322 -3514.9978
v -5428.00195 2093.00024 -4264.99756
v -4861.00146 1830.00012 -3691.9978
v -5428.00195 2093.00024 -4264.99756
v -4783.00146 2322 -3514.9978
v -5341.00146 2728 -4028.99805
v -5341.00146 2728 -4028.99805
v -6058.00195 2552.00024 -5294.99756
v -5428.00195 2093.00024 -4264.99756
v -6058.00195 2552.00024 -5294.99756
v -5341.00146 2728 -4028.99805
v -5968.00244 3235.00024 -5039.99756
v -6474.00293 3677.00049 -6142.99756
v -6058.00195 2552.00024 -5294.99756
v -5968.00244 3235.00024 -5039.99756
v -6058.00195 2552.00024 -5294.99756
v -6474.00293 3677.00049 -6142.99756
v -6564.00244 3026.00024 -6382.99707
v -3968.00146 1816.00012 -3518.99829
v -4196.00146 1558.00024 -3636.99829
v -3735.00122 1705.00012 -3813.99854
v -3968.00146 1816.00012 -3518.99829
v -4289.00146 2000.00024 -3391.99805
v -4196.00146 1558.00024 -3636.99829
v -4289.00146 2000.00024 -3391.99805
v -4861.00146 1830.00012 -3691.9978
v -4196.00146 1558.00024 -3636.99829
v -4783.00146 2322 -3514.9978
v -4861.00146 1830.00012 -3691.9978
v -4289.00146 2000.00024 -3391.99805
v -6674.00293 3920 -7166.99707
v -6564.00244 3026.00024 -6382.99707
v -6474.00293 3677.00049 -6142.99756
v -6564.00244 3026.00024 -6382.99707
v -6674.00293 3920 -7166.99707
v -6764.00293 3420.00049 -7340.99707
v -6472.00293 3037.00024 -7663.99756
v -6564.00244 3026.00024 -6382.99707
v -6764.00293 3420.00049 -7340.99707
v -6764.00293 3420.00049 -7340.99707
v -6540.00293 3321.00024 -7951.99707
v -6472.00293 3037.00024 -7663.99756
v -6195.00244 3306.00024 -8139.99756
v -6472.00293 3037.00024 -7663.99756
v -6540.00293 3321.00024 -7951.99707
v -6472.00293 3037.00024 -7663.99756
v -6195.00244 3306.00024 -8139.99756
v -5967.00293 2995.00024 -7946.99756
v -5894.00342 3554.00049 -8187.99756
v -5967.00293 2995.00024 -7946.99756
v -6195.00244 3306.00024 -8139.99756
v -5967.00293 2995.00024 -7946.99756
v -5894.00342 3554.00049 -8187.99756
v -5546.00293 3319.00024 -8024.99805
v -6674.00293 3920 -7166.99707
v -6727.00244 3590.00024 -7734.99707
v -6764.00293 3420.00049 -7340.99707
v -6540.00293 3321.00024 -7951.99707
v -6764.00293 3420.00049 -7340.99707
v -6727.00244 3590.00024 -7734.99707
v -6727.00244 3590.00024 -7734.99707
v -6471.00293 3398.00024 -7925.99707
v -6540.00293 3321.00024 -7951.99707
v -6192.00293 3389.00024 -8074.99756
v -6540.00293 3321.00024 -7951.99707
v -6471.00293 3398.00024 -7925.99707
v -6540.00293 3321.00024 -7951.99707
v -6192.00293 3389.00024 -8074.99756
v -6195.00244 3306.00024 -8139.99756
v -5951.00293 3590.00024 -8110.99756
v -6195.00244 3306.00024 -8139.99756
v -6192.00293 3389.00024 -8074.99756
v -6195.00244 3306.00024 -8139.99756
v -5951.00293 3590.00024 -8110.99756
v -5894.00342 3554.00049 -8187.99756
v -6727.00244 3590.00024 -7734.99707
v -6674.00293 3920 -7166.99707
v -6646.00293 3955.00024 -7614.99756
v -4219.00342 2804.00049 -8619.99805
v -3776.00366 3090.00024 -9014.99805
v -4075.00342 2837.00024 -9044.99805
v -3776.00366 3090.00024 -9014.99805
v -4219.00342 2804.00049 -8619.99805
v -3798.00342 3135.00024 -8586.99805
v -3236.00342 3101.00024 -8726.99805
v -3776.00366 3090.00024 -9014.99805
v -3798.00342 3135.00024 -8586.99805
v -3776.00366 3090.00024 -9014.99805
v -3236.00342 3101.00024 -8726.99805
v -3394.00342 3081.00024 -9103.99805
v -3236.00342 3101.00024 -8726.99805
v -3152.00366 2815.00049 -9261.99805
v -3394.00342 3081.00024 -9103.99805
v -3152.00366 2815.00049 -9261.99805
v -3236.00342 3101.00024 -8726.99805
v -2862.00342 2722.00024 -8956.99902
v -2895.00366 2220.00049 -9142.99902
v -3152.00366 2815.00049 -9261.99805
v -2862.00342 2722.00024 -8956.99902
v -3152.00366 2815.00049 -9261.99805
v -2895.00366 2220.00049 -9142.99902
v -3192.00366 2447.00024 -9393.99902
v -4219.00342 2804.00049 -8619.99805
v -3726.00269 2980.00049 -7546.99854
v -3798.00342 3135.00024 -8586.99805
v -3726.00269 2980.00049 -7546.99854
v -3236.00342 3101.00024 -8726.99805
v -3798.00342 3135.00024 -8586.99805
v -3236.00342 3101.00024 -8726.99805
v -3726.00269 2980.00049 -7546.99854
v -2937.00293 2905 -7752.99854
v -2389.00342 2390.00024 -8075.99951
v -3236.00342 3101.00024 -8726.99805
v -2937.00293 2905 -7752.99854
v -3236.00342 3101.00024 -8726.99805
v -2389.00342 2390.00024 -8075.99951
v -2862.00342 2722.00024 -8956.99902
v -2389.00342 2390.00024 -8075.99951
v -2895.00366 2220.00049 -9142.99902
v -2862.00342 2722.00024 -8956.99902
v -2895.00366 2220.00049 -9142.99902
v -2389.00342 2390.00024 -8075.99951
v -2401.00317 1736.00049 -8323.99902
v -3726.00269 2980.00049 -7546.99854
v -4219.00342 2804.00049 -8619.99805
v -4293.00293 2571 -7575.99854
v -4293.00293 2571 -7575.99854
v -3491.00244 2570.00024 -6344.99854
v -3726.00269 2980.00049 -7546.99854
v -2653.00244 2486.00049 -6566.99902
v -3726.00269 2980.00049 -7546.99854
v -3491.00244 2570.00024 -6344.99854
v -3726.00269 2980.00049 -7546.99854
v -2653.00244 2486.00049 -6566.99902
v -2937.00293 2905 -7752.99854
v -2653.00244 2486.00049 -6566.99902
v -2389.00342 2390.00024 -8075.99951
v -2937.00293 2905 -7752.99854
v -2389.00342 2390.00024 -8075.99951
v -2653.00244 2486.00049 -6566.99902
v -2066.00269 1941.00037 -6908.99951
v -2066.00269 1941.00037 -6908.99951
v -2401.00317 1736.00049 -8323.99902
v -2389.00342 2390.00024 -8075.99951
v -2401.00317 1736.00049 -8323.99902
v -2066.00269 1941.00037 -6908.99951
v -2074.00269 1255.00024 -7170.99902
v -2672.00269 830.000305 -7199.99902
v -2401.00317 1736.00049 -8323.99902
v -2074.00269 1255.00024 -7170.99902
v -2401.00317 1736.00049 -8323.99902
v -2672.00269 830.000305 -7199.99902
v -2968.00293 1326.00037 -8353.99902
v -2968.00293 1326.00037 -8353.99902
v -2895.00366 2220.00049 -9142.99902
v -2401.00317 1736.00049 -8323.99902
v -3491.00244 2570.00024 -6344.99854
v -4293.00293 2571 -7575.99854
v -4089.00244 2145.00024 -6373.99805
v -3743.00195 1656.00037 -5228.99805
v -3491.00244 2570.00024 -6344.99854
v -4089.00244 2145.00024 -6373.99805
v -3491.00244 2570.00024 -6344.99854
v -3743.00195 1656.00037 -5228.99805
v -3189.00195 2054.00024 -5199.99854
v -3189.00195 2054.00024 -5199.99854
v -2653.00244 2486.00049 -6566.99902
v -3491.00244 2570.00024 -6344.99854
v -2653.00244 2486.00049 -6566.99902
v -3189.00195 2054.00024 -5199.99854
v -2417.0022 1980.00024 -5402.99902
v -1878.00232 1476.00024 -5718.99902
v -2653.00244 2486.00049 -6566.99902
v -2417.0022 1980.00024 -5402.99902
v -2653.00244 2486.00049 -6566.99902
v -1878.00232 1476.00024 -5718.99902
v -2066.00269 1941.00037 -6908.99951
v -1889.00232 837.000244 -5961.99902
v -2066.00269 1941.00037 -6908.99951
v -1878.00232 1476.00024 -5718.99902
v -2066.00269 1941.00037 -6908.99951
v -1889.00232 837.000244 -5961.99902
v -2074.00269 1255.00024 -7170.99902
v -3743.00195 1656.00037 -5228.99805
v -2912.00171 1580.00024 -4553.99854
v -3189.00195 2054.00024 -5199.99854
v -2336.00171 1534.00024 -4701.99902
v -3189.00195 2054.00024 -5199.99854
v -2912.00171 1580.00024 -4553.99854
v -3189.00195 2054.00024 -5199.99854
v -2336.00171 1534.00024 -4701.99902
v -2417.0022 1980.00024 -5402.99902
v -1943.00195 1152.00024 -4936.99902
v -2417.0022 1980.00024 -5402.99902
v -2336.00171 1534.00024 -4701.99902
v -2417.0022 1980.00024 -5402.99902
v -1943.00195 1152.00024 -4936.99902
v -1878.00232 1476.00024 -5718.99902
v -1963.00183 658.000305 -5122.99902
v -1878.00232 1476.00024 -5718.99902
v -1943.00195 1152.00024 -4936.99902
v -1878.00232 1476.00024 -5718.99902
v -1963.00183 658.000305 -5122.99902
v -1889.00232 837.000244 -5961.99902
v -2912.00171 1580.00024 -4553.99854
v -3743.00195 1656.00037 -5228.99805
v -3334.00171 1263.00024 -4580.99854
v -2885.00171 952.000244 -4328.99902
v -2912.00171 1580.00024 -4553.99854
v -3334.00171 1263.00024 -4580.99854
v -2885.00171 952.000244 -4328.99902
v -2397.00171 1107.00012 -4378.99902
v -2912.00171 1580.00024 -4553.99854
v -2336.00171 1534.00024 -4701.99902
v -2912.00171 1580.00024 -4553.99854
v -2397.00171 1107.00012 -4378.99902
v -1943.00195 1152.00024 -4936.99902
v -2336.00171 1534.00024 -4701.99902
v -2397.00171 1107.00012 -4378.99902
v -1943.00195 1152.00024 -4936.99902
v -2397.00171 1107.00012 -4378.99902
v -2234.00171 665.000183 -4585.99902
v -1963.00183 658.000305 -5122.99902
v -1943.00195 1152.00024 -4936.99902
v -2234.00171 665.000183 -4585.99902
v -2539.00171 773.000122 -4363.99902
v -2397.00171 1107.00012 -4378.99902
v -2885.00171 952.000244 -4328.99902
v -2397.00171 1107.00012 -4378.99902
v -2539.00171 773.000122 -4363.99902
v -2234.00171 665.000183 -4585.99902
v -1889.00232 837.000244 -5961.99902
v -2672.00269 830.000305 -7199.99902
v -2074.00269 1255.00024 -7170.99902
v -2672.00269 830.000305 -7199.99902
v -1889.00232 837.000244 -5961.99902
v -2443.0022 439.000275 -5989.99902
v -2443.0022 439.000275 -5989.99902
v -3510.00293 914.000305 -6978.99854
v -2672.00269 830.000305 -7199.99902
v -3510.00293 914.000305 -6978.99854
v -2968.00293 1326.00037 -8353.99902
v -2672.00269 830.000305 -7199.99902
v -2968.00293 1326.00037 -8353.99902
v -3510.00293 914.000305 -6978.99854
v -3757.00317 1402.00049 -8146.99854
v -3879.00342 1922.00049 -9035.99902
v -2968.00293 1326.00037 -8353.99902
v -3757.00317 1402.00049 -8146.99854
v -2968.00293 1326.00037 -8353.99902
v -3879.00342 1922.00049 -9035.99902
v -3316.00366 1888.00049 -9175.99805
v -2895.00366 2220.00049 -9142.99902
v -2968.00293 1326.00037 -8353.99902
v -3316.00366 1888.00049 -9175.99805
v -1889.00232 837.000244 -5961.99902
v -2385.00195 341.000214 -5149.99902
v -2443.0022 439.000275 -5989.99902
v -2961.00171 387.000214 -5001.99854
v -2443.0022 439.000275 -5989.99902
v -2385.00195 341.000214 -5149.99902
v -2443.0022 439.000275 -5989.99902
v -2961.00171 387.000214 -5001.99854
v -3216.0022 514.000244 -5786.99854
v -3510.00293 914.000305 -6978.99854
v -2443.0022 439.000275 -5989.99902
v -3216.0022 514.000244 -5786.99854
v -3754.0022 1018.00024 -5471.99854
v -3510.00293 914.000305 -6978.99854
v -3216.0022 514.000244 -5786.99854
v -3510.00293 914.000305 -6978.99854
v -3754.0022 1018.00024 -5471.99854
v -4097.00244 1459.00024 -6636.99805
v -4306.00293 1917.00037 -7824.99854
v -3510.00293 914.000305 -6978.99854
v -4097.00244 1459.00024 -6636.99805
v -3510.00293 914.000305 -6978.99854
v -4306.00293 1917.00037 -7824.99854
v -3757.00317 1402.00049 -8146.99854
v -4306.00293 1917.00037 -7824.99854
v -3879.00342 1922.00049 -9035.99902
v -3757.00317 1402.00049 -8146.99854
v -2385.00195 341.000214 -5149.99902
v -1889.00232 837.000244 -5961.99902
v -1963.00183 658.000305 -5122.99902
v -2385.00195 341.000214 -5149.99902
v -1963.00183 658.000305 -5122.99902
v -2234.00171 665.000183 -4585.99902
v -2385.00195 341.000214 -5149.99902
v -2234.00171 665.000183 -4585.99902
v -2723.00171 510.000183 -4535.99902
v -2961.00171 387.000214 -5001.99854
v -2385.00195 341.000214 -5149.99902
v -2723.00171 510.000183 -4535.99902
v -3355.00195 769.000183 -4766.99902
v -2961.00171 387.000214 -5001.99854
v -2723.00171 510.000183 -4535.99902
v -3355.00195 769.000183 -4766.99902
v -3216.0022 514.000244 -5786.99854
v -2961.00171 387.000214 -5001.99854
v -3216.0022 514.000244 -5786.99854
v -3355.00195 769.000183 -4766.99902
v -3754.0022 1018.00024 -5471.99854
v -3334.00171 1263.00024 -4580.99854
v -3754.0022 1018.00024 -5471.99854
v -3355.00195 769.000183 -4766.99902
v -3754.0022 1018.00024 -5471.99854
v -3334.00171 1263.00024 -4580.99854
v -3743.00195 1656.00037 -5228.99805
v -3743.00195 1656.00037 -5228.99805
v -4097.00244 1459.00024 -6636.99805
v -3754.0022 1018.00024 -5471.99854
v -4097.00244 1459.00024 -6636.99805
v -3743.00195 1656.00037 -5228.99805
v -4089.00244 2145.00024 -6373.99805
v -4293.00293 2571 -7575.99854
v -4097.00244 1459.00024 -6636.99805
v -4089.00244 2145.00024 -6373.99805
v -4097.00244 1459.00024 -6636.99805
v -4293.00293 2571 -7575.99854
v -4306.00293 1917.00037 -7824.99854
v -2539.00171 773.000122 -4363.99902
v -2723.00171 510.000183 -4535.99902
v -2234.00171 665.000183 -4585.99902
v -2539.00171 773.000122 -4363.99902
v -2885.00171 952.000244 -4328.99902
v -2723.00171 510.000183 -4535.99902
v -2885.00171 952.000244 -4328.99902
v -3355.00195 769.000183 -4766.99902
v -2723.00171 510.000183 -4535.99902
v -3334.00171 1263.00024 -4580.99854
v -3355.00195 769.000183 -4766.99902
v -2885.00171 952.000244 -4328.99902
v -4219.00342 2804.00049 -8619.99805
v -4306.00293 1917.00037 -7824.99854
v -4293.00293 2571 -7575.99854
v -4306.00293 1917.00037 -7824.99854
v -4219.00342 2804.00049 -8619.99805
v -4252.00293 2302.00024 -8805.99805
v -3879.00342 1922.00049 -9035.99902
v -4306.00293 1917.00037 -7824.99854
v -4252.00293 2302.00024 -8805.99805
v -4252.00293 2302.00024 -8805.99805
v -3873.00391 2203.00049 -9334.99805
v -3879.00342 1922.00049 -9035.99902
v -3490.00391 2194.00049 -9423.99805
v -3879.00342 1922.00049 -9035.99902
v -3873.00391 2203.00049 -9334.99805
v -3879.00342 1922.00049 -9035.99902
v -3490.00391 2194.00049 -9423.99805
v -3316.00366 1888.00049 -9175.99805
v -3192.00366 2447.00024 -9393.99902
v -3316.00366 1888.00049 -9175.99805
v -3490.00391 2194.00049 -9423.99805
v -3316.00366 1888.00049 -9175.99805
v -3192.00366 2447.00024 -9393.99902
v -2895.00366 2220.00049 -9142.99902
v -4219.00342 2804.00049 -8619.99805
v -4115.00342 2469.00049 -9177.99805
v -4252.00293 2302.00024 -8805.99805
v -3873.00391 2203.00049 -9334.99805
v -4252.00293 2302.00024 -8805.99805
v -4115.00342 2469.00049 -9177.99805
v -4115.00342 2469.00049 -9177.99805
v -3814.00366 2281.00049 -9291.99805
v -3873.00391 2203.00049 -9334.99805
v -3506.00391 2276.00049 -9361.99902
v -3873.00391 2203.00049 -9334.99805
v -3814.00366 2281.00049 -9291.99805
v -3873.00391 2203.00049 -9334.99805
v -3506.00391 2276.00049 -9361.99902
v -3490.00391 2194.00049 -9423.99805
v -3268.00366 2482.00024 -9335.99902
v -3490.00391 2194.00049 -9423.99805
v -3506.00391 2276.00049 -9361.99902
v -3490.00391 2194.00049 -9423.99805
v -3268.00366 2482.00024 -9335.99902
v -3192.00366 2447.00024 -9393.99902
v -4115.00342 2469.00049 -9177.99805
v -4219.00342 2804.00049 -8619.99805
v -4075.00342 2837.00024 -9044.99805
v -190.998886 -4649 2845
v 191.002914 -5154 7494.99951
v -190.997086 -5154 7495
v 191.002914 -5154 7494.99951
v -190.998886 -4649 2845
v 191.001114 -4649 2844.99976
v -190.998886 -4649 2845
v 190.999725 -3921 -718.000244
v 191.001114 -4649 2844.99976
v 190.999725 -3921 -718.000244
v -190.998886 -4649 2845
v -191.000275 -3921 -718.000122
v -191.000275 -3921 -718.000122
v 190.998306 -2806 -4339
v 190.999725 -3921 -718.000244
v 190.998306 -2806 -4339
v -191.000275 -3921 -718.000122
v -191.001694 -2806 -4339
v -191.002335 -2014.99976 -5998
v 190.998306 -2806 -4339
v -191.001694 -2806 -4339
v 190.998306 -2806 -4339
v -191.002335 -2014.99976 -5998
v 190.997665 -2014.99976 -5998
v 9046.99707 5392 -6401.00293
v 8382.99805 4745.00049 -6110.00293
v 8382.99805 4960 -5930.00293
v 8382.99805 4745.00049 -6110.00293
v 9046.99707 5392 -6401.00293
v 9067.99707 5192.00049 -6596.00342
v 9067.99707 5192.00049 -6596.00342
v 8566.99805 4536 -6078.00342
v 8382.99805 4745.00049 -6110.00293
v 8566.99805 4536 -6078.00342
v 9067.99707 5192.00049 -6596.00342
v 9231.99707 4970.00049 -6551.00293
v 9374.99707 4947.00049 -6311.00342
v 8566.99805 4536 -6078.00342
v 9231.99707 4970.00049 -6551.00293
v 8566.99805 4536 -6078.00342
v 9374.99707 4947.00049 -6311.00342
v 8750.99805 4542 -5867.00342
v 9353.99805 5148.00049 -6117.00342
v 8750.99805 4542 -5867.00342
v 9374.99707 4947.00049 -6311.00342
v 8750.99805 4542 -5867.00342
v 9353.99805 5148.00049 -6117.00342
v 8750.99805 4757 -5688.00293
v 9046.99707 5392 -6401.00293
v 9626.99707 5509 -6739.00391
v 9067.99707 5192.00049 -6596.00342
v 9737.99707 5259.00049 -6681.00342
v 9067.99707 5192.00049 -6596.00342
v 9626.99707 5509 -6739.00391
v 9067.99707 5192.00049 -6596.00342
v 9737.99707 5259.00049 -6681.00342
v 9231.99707 4970.00049 -6551.00293
v 9769.99707 5178 -6415.00342
v 9231.99707 4970.00049 -6551.00293
v 9737.99707 5259.00049 -6681.00342
v 9231.99707 4970.00049 -6551.00293
v 9769.99707 5178 -6415.00342
v 9374.99707 4947.00049 -6311.00342
v 9769.99707 5178 -6415.00342
v 9353.99805 5148.00049 -6117.00342
v 9374.99707 4947.00049 -6311.00342
v 9353.99805 5148.00049 -6117.00342
v 9769.99707 5178 -6415.00342
v 9690.99805 5348.00049 -6207.00391
v 9690.99805 5348.00049 -6207.00391
v 9189.99805 5370.00049 -6162.00293
v 9353.99805 5148.00049 -6117.00342
v 9189.99805 5370.00049 -6162.00293
v 8750.99805 4757 -5688.00293
v 9353.99805 5148.00049 -6117.00342
v 8750.99805 4757 -5688.00293
v 9189.99805 5370.00049 -6162.00293
v 8566.99805 4966.00049 -5719.00342
v 9189.99805 5370.00049 -6162.00293
v 8382.99805 4960 -5930.00293
v 8566.99805 4966.00049 -5719.00342
v 9626.99707 5509 -6739.00391
v 9046.99707 5392 -6401.00293
v 9548.99805 5679.00049 -6531.00342
v 9548.99805 5679.00049 -6531.00342
v 10130.998 5723.00049 -6629.00342
v 9626.99707 5509 -6739.00391
v 10210.9971 5460 -6577.00342
v 9626.99707 5509 -6739.00391
v 10130.998 5723.00049 -6629.00342
v 9626.99707 5509 -6739.00391
v 10210.9971 5460 -6577.00342
v 9737.99707 5259.00049 -6681.00342
v 10210.9971 5460 -6577.00342
v 9769.99707 5178 -6415.00342
v 9737.99707 5259.00049 -6681.00342
v 9769.99707 5178 -6415.00342
v 10210.9971 5460 -6577.00342
v 10153.998 5342.00049 -6330.00391
v 10015.998 5487 -6134.00342
v 9769.99707 5178 -6415.00342
v 10153.998 5342.00049 -6330.00391
v 9769.99707 5178 -6415.00342
v 10015.998 5487 -6134.00342
v 9690.99805 5348.00049 -6207.00391
v 10015.998 5487 -6134.00342
v 9579.99805 5598.00049 -6264.00342
v 9690.99805 5348.00049 -6207.00391
v 9189.99805 5370.00049 -6162.00293
v 9690.99805 5348.00049 -6207.00391
v 9579.99805 5598.00049 -6264.00342
v 9579.99805 5598.00049 -6264.00342
v 9046.99707 5392 -6401.00293
v 9189.99805 5370.00049 -6162.00293
v 8382.99805 4960 -5930.00293
v 9189.99805 5370.00049 -6162.00293
v 9046.99707 5392 -6401.00293
v 10130.998 5723.00049 -6629.00342
v 9548.99805 5679.00049 -6531.00342
v 9992.99707 5868 -6433.00342
v 10494.998 5994 -6123.00342
v 10130.998 5723.00049 -6629.00342
v 9992.99707 5868 -6433.00342
v 10130.998 5723.00049 -6629.00342
v 10494.998 5994 -6123.00342
v 10663.998 5857 -6301.00391
v 10675.9971 5578.00049 -6296.00391
v 10130.998 5723.00049 -6629.00342
v 10663.998 5857 -6301.00391
v 10130.998 5723.00049 -6629.00342
v 10675.9971 5578.00049 -6296.00391
v 10210.9971 5460 -6577.00342
v 10519.998 5434 -6113.00391
v 10210.9971 5460 -6577.00342
v 10675.9971 5578.00049 -6296.00391
v 10210.9971 5460 -6577.00342
v 10519.998 5434 -6113.00391
v 10153.998 5342.00049 -6330.00391
v 10351.998 5570 -5935.00391
v 10153.998 5342.00049 -6330.00391
v 10519.998 5434 -6113.00391
v 10153.998 5342.00049 -6330.00391
v 10351.998 5570 -5935.00391
v 10015.998 5487 -6134.00342
v 10351.998 5570 -5935.00391
v 9935.99805 5750 -6186.00342
v 10015.998 5487 -6134.00342
v 9579.99805 5598.00049 -6264.00342
v 10015.998 5487 -6134.00342
v 9935.99805 5750 -6186.00342
v 10494.998 5994 -6123.00342
v 10980.998 5786 -5879.00391
v 10663.998 5857 -6301.00391
v 10928.998 5523 -5959.00391
v 10663.998 5857 -6301.00391
v 10980.998 5786 -5879.00391
v 10663.998 5857 -6301.00391
v 10928.998 5523 -5959.00391
v 10675.9971 5578.00049 -6296.00391
v 10688.998 5399 -5884.00439
v 10675.9971 5578.00049 -6296.00391
v 10928.998 5523 -5959.00391
v 10675.9971 5578.00049 -6296.00391
v 10688.998 5399 -5884.00439
v 10519.998 5434 -6113.00391
v 10501.998 5538 -5729.00391
v 10519.998 5434 -6113.00391
v 10688.998 5399 -5884.00439
v 10519.998 5434 -6113.00391
v 10501.998 5538 -5729.00391
v 10351.998 5570 -5935.00391
v 10554.998 5802.00049 -5649.00342
v 10351.998 5570 -5935.00391
v 10501.998 5538 -5729.00391
v 10351.998 5570 -5935.00391
v 10554.998 5802.00049 -5649.00342
v 10338.998 5850 -5940.00342
v 9935.99805 5750 -6186.00342
v 10351.998 5570 -5935.00391
v 10338.998 5850 -5940.00342
v 10980.998 5786 -5879.00391
v 10494.998 5994 -6123.00342
v 10793.9971 5926 -5723.00439
v 10793.9971 5926 -5723.00439
v 11140.998 5393.00049 -5239.00391
v 10980.998 5786 -5879.00391
v 11064.998 5185 -5410.00439
v 10980.998 5786 -5879.00391
v 11140.998 5393.00049 -5239.00391
v 10980.998 5786 -5879.00391
v 11064.998 5185 -5410.00439
v 10928.998 5523 -5959.00391
v 10793.9971 5132 -5455.00391
v 10928.998 5523 -5959.00391
v 11064.998 5185 -5410.00439
v 10928.998 5523 -5959.00391
v 10793.9971 5132 -5455.00391
v 10688.998 5399 -5884.00439
v 10793.9971 5132 -5455.00391
v 10501.998 5538 -5729.00391
v 10688.998 5399 -5884.00439
v 10501.998 5538 -5729.00391
v 10793.9971 5132 -5455.00391
v 10597.998 5287.00049 -5329.00391
v 10673.998 5495 -5158.00391
v 10501.998 5538 -5729.00391
v 10597.998 5287.00049 -5329.00391
v 10501.998 5538 -5729.00391
v 10673.998 5495 -5158.00391
v 10554.998 5802.00049 -5649.00342
v 10673.998 5495 -5158.00391
v 10793.9971 5926 -5723.00439
v 10554.998 5802.00049 -5649.00342
v 10793.9971 5926 -5723.00439
v 10338.998 5850 -5940.00342
v 10554.998 5802.00049 -5649.00342
v 11140.998 5393.00049 -5239.00391
v 10793.9971 5926 -5723.00439
v 10944.998 5548 -5112.00439
v 10944.998 5548 -5112.00439
v 11129.998 4837.00049 -4503.00439
v 11140.998 5393.00049 -5239.00391
v 11053.9971 4624 -4668.00439
v 11140.998 5393.00049 -5239.00391
v 11129.998 4837.00049 -4503.00439
v 11140.998 5393.00049 -5239.00391
v 11053.9971 4624 -4668.00439
v 11064.998 5185 -5410.00439
v 10782.998 4573.00049 -4716.00391
v 11064.998 5185 -5410.00439
v 11053.9971 4624 -4668.00439
v 11064.998 5185 -5410.00439
v 10782.998 4573.00049 -4716.00391
v 10793.9971 5132 -5455.00391
v 10782.998 4573.00049 -4716.00391
v 10597.998 5287.00049 -5329.00391
v 10793.9971 5132 -5455.00391
v 10597.998 5287.00049 -5329.00391
v 10782.998 4573.00049 -4716.00391
v 10587.998 4736 -4600.00391
v 10587.998 4736 -4600.00391
v 10673.998 5495 -5158.00391
v 10597.998 5287.00049 -5329.00391
v 10673.998 5495 -5158.00391
v 10587.998 4736 -4600.00391
v 10662.998 4949 -4435.00391
v 10662.998 4949 -4435.00391
v 10944.998 5548 -5112.00439
v 10673.998 5495 -5158.00391
v 10793.9971 5926 -5723.00439
v 10673.998 5495 -5158.00391
v 10944.998 5548 -5112.00439
v 11129.998 4837.00049 -4503.00439
v 10944.998 5548 -5112.00439
v 10933.998 5000.00049 -4386.00391
v 10933.998 5000.00049 -4386.00391
v 11171.998 4485 -3874.00415
v 11129.998 4837.00049 -4503.00439
v 11110.9971 4219 -3935.00415
v 11129.998 4837.00049 -4503.00439
v 11171.998 4485 -3874.00415
v 11129.998 4837.00049 -4503.00439
v 11110.9971 4219 -3935.00415
v 11053.9971 4624 -4668.00439
v 10851.998 4122 -3892.00415
v 11053.9971 4624 -4668.00439
v 11110.9971 4219 -3935.00415
v 11053.9971 4624 -4668.00439
v 10851.998 4122 -3892.00415
v 10782.998 4573.00049 -4716.00391
v 10851.998 4122 -3892.00415
v 10587.998 4736 -4600.00391
v 10782.998 4573.00049 -4716.00391
v 10587.998 4736 -4600.00391
v 10851.998 4122 -3892.00415
v 10654.998 4291.00049 -3786.00391
v 10654.998 4291.00049 -3786.00391
v 10662.998 4949 -4435.00391
v 10587.998 4736 -4600.00391
v 11171.998 4485 -3874.00415
v 10933.998 5000.00049 -4386.00391
v 10974.998 4654 -3769.00366
v 11181 4525 -3185.00415
v 11171.998 4485 -3874.00415
v 10974.998 4654 -3769.00366
v 11171.998 4485 -3874.00415
v 11181 4525 -3185.00415
v 11382.998 4354 -3277.00415
v 11382.998 4354 -3277.00415
v 11110.9971 4219 -3935.00415
v 11171.998 4485 -3874.00415
v 11110.9971 4219 -3935.00415
v 11382.998 4354 -3277.00415
v 11344.999 4075.99976 -3272.00415
v 11344.999 4075.99976 -3272.00415
v 10851.998 4122 -3892.00415
v 11110.9971 4219 -3935.00415
v 10851.998 4122 -3892.00415
v 11344.999 4075.99976 -3272.00415
v 11103.998 3970.00049 -3175.00415
v 10902.999 4141 -3083.00391
v 10851.998 4122 -3892.00415
v 11103.998 3970.00049 -3175.00415
v 10851.998 4122 -3892.00415
v 10902.999 4141 -3083.00391
v 10654.998 4291.00049 -3786.00391
v 10940.999 4418 -3088.00415
v 10654.998 4291.00049 -3786.00391
v 10902.999 4141 -3083.00391
v 10654.998 4291.00049 -3786.00391
v 10940.999 4418 -3088.00415
v 10715.999 4557.00049 -3725.00415
v 10662.998 4949 -4435.00391
v 10654.998 4291.00049 -3786.00391
v 10715.999 4557.00049 -3725.00415
v 11463.999 4557.00049 -2589.00415
v 11382.998 4354 -3277.00415
v 11181 4525 -3185.00415
v 11382.998 4354 -3277.00415
v 11463.999 4557.00049 -2589.00415
v 11670.998 4387 -2670.00415
v 11670.998 4387 -2670.00415
v 11344.999 4075.99976 -3272.00415
v 11382.998 4354 -3277.00415
v 11344.999 4075.99976 -3272.00415
v 11670.998 4387 -2670.00415
v 11656.998 4113 -2613.00415
v 11656.998 4113 -2613.00415
v 11103.998 3970.00049 -3175.00415
v 11344.999 4075.99976 -3272.00415
v 11103.998 3970.00049 -3175.00415
v 11656.998 4113 -2613.00415
v 11436.999 4010.00024 -2474.00415
v 11229.999 4180.00049 -2393.00415
v 11103.998 3970.00049 -3175.00415
v 11436.999 4010.00024 -2474.00415
v 11103.998 3970.00049 -3175.00415
v 11229.999 4180.00049 -2393.00415
v 10902.999 4141 -3083.00391
v 11242.999 4454 -2451.00415
v 10902.999 4141 -3083.00391
v 11229.999 4180.00049 -2393.00415
v 10902.999 4141 -3083.00391
v 11242.999 4454 -2451.00415
v 10940.999 4418 -3088.00415
v 11463.999 4557.00049 -2589.00415
v 10940.999 4418 -3088.00415
v 11242.999 4454 -2451.00415
v 10940.999 4418 -3088.00415
v 11463.999 4557.00049 -2589.00415
v 11181 4525 -3185.00415
v 11181 4525 -3185.00415
v 10715.999 4557.00049 -3725.00415
v 10940.999 4418 -3088.00415
v 10715.999 4557.00049 -3725.00415
v 11181 4525 -3185.00415
v 10974.998 4654 -3769.00366
v 10974.998 4654 -3769.00366
v 10662.998 4949 -4435.00391
v 10715.999 4557.00049 -3725.00415
v 10662.998 4949 -4435.00391
v 10974.998 4654 -3769.00366
v 10933.998 5000.00049 -4386.00391
v 10944.998 5548 -5112.00439
v 10662.998 4949 -4435.00391
v 10933.998 5000.00049 -4386.00391
v 10338.998 5850 -5940.00342
v 10793.9971 5926 -5723.00439
v 10494.998 5994 -6123.00342
v 9992.99707 5868 -6433.00342
v 10338.998 5850 -5940.00342
v 10494.998 5994 -6123.00342
v 10338.998 5850 -5940.00342
v 9992.99707 5868 -6433.00342
v 9935.99805 5750 -6186.00342
v 9992.99707 5868 -6433.00342
v 9579.99805 5598.00049 -6264.00342
v 9935.99805 5750 -6186.00342
v 9579.99805 5598.00049 -6264.00342
v 9992.99707 5868 -6433.00342
v 9548.99805 5679.00049 -6531.00342
v 9046.99707 5392 -6401.00293
v 9579.99805 5598.00049 -6264.00342
v 9548.99805 5679.00049 -6531.00342
v -15176 6136 3431.00635
v -10943.001 4373 -2347.99561
v -11060 4694 -2507.99561
v -10943.001 4373 -2347.99561
v -15176 6136 3431.00635
v -15058.999 5815 3590.0061
v -15058.999 5815 3590.0061
v -11065.001 4016.99976 -2345.99536
v -10943.001 4373 -2347.99561
v -11065.001 4016.99976 -2345.99536
v -15058.999 5815 3590.0061
v -15180.999 5458.99951 3592.0061
v -15470 5274.99951 3436.00635
v -11065.001 4016.99976 -2345.99536
v -15180.999 5458.99951 3592.0061
v -11065.001 4016.99976 -2345.99536
v -15470 5274.99951 3436.00635
v -11354.002 3833.00024 -2502.99536
v -15470 5274.99951 3436.00635
v -11642.001 3930.00024 -2725.99536
v -11354.002 3833.00024 -2502.99536
v -11642.001 3930.00024 -2725.99536
v -15470 5274.99951 3436.00635
v -15757.998 5373 3213.00635
v -15874.999 5692.99951 3054.00659
v -11642.001 3930.00024 -2725.99536
v -15757.998 5373 3213.00635
v -11642.001 3930.00024 -2725.99536
v -15874.999 5692.99951 3054.00659
v -11759.001 4251 -2884.99536
v -15874.999 5692.99951 3054.00659
v -11637.001 4608 -2886.99536
v -11759.001 4251 -2884.99536
v -11637.001 4608 -2886.99536
v -15874.999 5692.99951 3054.00659
v -15752.999 6050 3052.00659
v -15752.999 6050 3052.00659
v -11348.001 4791 -2730.99536
v -11637.001 4608 -2886.99536
v -11348.001 4791 -2730.99536
v -15752.999 6050 3052.00659
v -15463.999 6233 3208.0061
v -15176 6136 3431.00635
v -11348.001 4791 -2730.99536
v -15463.999 6233 3208.0061
v -11348.001 4791 -2730.99536
v -15176 6136 3431.00635
v -11060 4694 -2507.99561
v -6182.00049 2787 -1141.99756
v -7287.00098 2274.00024 -4096.99707
v -7706.00098 1784 -1067.99695
v -7287.00098 2274.00024 -4096.99707
v -6182.00049 2787 -1141.99756
v -5642.00195 3358.00024 -4468.99756
v -1821.00134 1047.00012 -3787.99951
v -2040.0033 62.0003777 -8617.99902
v -1122.0033 1531.00037 -8598.99902
v -2040.0033 62.0003777 -8617.99902
v -1821.00134 1047.00012 -3787.99951
v -2753.00146 -474.999817 -4030.99902
v -7287.00098 2274.00024 -4096.99707
v -6626 936.000061 -1661.99731
v -7706.00098 1784 -1067.99695
v -6626 936.000061 -1661.99731
v -7287.00098 2274.00024 -4096.99707
v -6354.00195 1502.00012 -4757.99756
v -6354.00195 1502.00012 -4757.99756
v -5398.00098 239.000107 -2372.9978
v -6626 936.000061 -1661.99731
v -5398.00098 239.000107 -2372.9978
v -6354.00195 1502.00012 -4757.99756
v -5182.00244 819.000244 -5644.99756
v -5182.00244 819.000244 -5644.99756
v -4066.00122 -180.999878 -3167.99854
v -5398.00098 239.000107 -2372.9978
v -4066.00122 -180.999878 -3167.99854
v -5182.00244 819.000244 -5644.99756
v -3667.00244 357.000336 -7051.99902
v -3667.00244 357.000336 -7051.99902
v -2753.00146 -474.999817 -4030.99902
v -4066.00122 -180.999878 -3167.99854
v -2753.00146 -474.999817 -4030.99902
v -3667.00244 357.000336 -7051.99902
v -2040.0033 62.0003777 -8617.99902
v 680.99884 2865.00024 -2902
v 1878.99939 -2145 -1889.00061
v 1900.99927 2802 -1852.00061
v 1878.99939 -2145 -1889.00061
v 680.99884 2865.00024 -2902
v 581.998718 -2203 -3216.00024
v -0.00123210705 2850.00024 -3163.99976
v 581.998718 -2203 -3216.00024
v 680.99884 2865.00024 -2902
v 581.998718 -2203 -3216.00024
v -0.00123210705 2850.00024 -3163.99976
v -0.00135594083 -2187.99976 -3482
v -0.00123210705 2850.00024 -3163.99976
v -582.001282 -2203 -3215.99976
v -0.00135594083 -2187.99976 -3482
v -582.001282 -2203 -3215.99976
v -0.00123210705 2850.00024 -3163.99976
v -681.00116 2865.00024 -2901.99951
v -681.00116 2865.00024 -2901.99951
v -1879.00085 -2145 -1888.99927
v -582.001282 -2203 -3215.99976
v -1879.00085 -2145 -1888.99927
v -681.00116 2865.00024 -2901.99951
v -1901.00073 2802 -1851.99915
v 6181.99951 2787 -1142.00232
v 6625.99902 936.000061 -1662.00244
v 7706 1784 -1068.00293
v 6625.99902 936.000061 -1662.00244
v 6181.99951 2787 -1142.00232
v 5102 2154 -1680.00195
v 5102 2154 -1680.00195
v 5397.99902 239.000107 -2373.00195
v 6625.99902 936.000061 -1662.00244
v 5397.99902 239.000107 -2373.00195
v 5102 2154 -1680.00195
v 3999.99902 1575.00012 -2303.00146
v 3999.99902 1575.00012 -2303.00146
v 4065.99878 -180.999878 -3168.00171
v 5397.99902 239.000107 -2373.00195
v 4065.99878 -180.999878 -3168.00171
v 3999.99902 1575.00012 -2303.00146
v 2877.99878 1244.00012 -3014.00098
v 2877.99878 1244.00012 -3014.00098
v 2752.99854 -474.999817 -4031.00122
v 4065.99878 -180.999878 -3168.00171
v 2752.99854 -474.999817 -4031.00122
v 2877.99878 1244.00012 -3014.00098
v 1820.99841 1047.00012 -3788.00073
v 8800.99805 4775 -5042.00293
v 8931.99805 4475 -5614.00342
v 8867.99805 4840 -5483.00342
v 8931.99805 4475 -5614.00342
v 8800.99805 4775 -5042.00293
v 8872.99805 4279 -5236.00293
v 8872.99805 4279 -5236.00293
v 8765.99805 4244 -5885.00342
v 8931.99805 4475 -5614.00342
v 8700.99805 4327.00049 -5866.00342
v 8931.99805 4475 -5614.00342
v 8765.99805 4244 -5885.00342
v 8931.99805 4475 -5614.00342
v 8700.99805 4327.00049 -5866.00342
v 8836.99805 4511 -5649.00342
v 8836.99805 4511 -5649.00342
v 8867.99805 4840 -5483.00342
v 8931.99805 4475 -5614.00342
v 8867.99805 4840 -5483.00342
v 8836.99805 4511 -5649.00342
v 8787.99805 4804 -5541.00293
v 8787.99805 4804 -5541.00293
v 8609.99805 5124 -5567.00293
v 8867.99805 4840 -5483.00342
v 8800.99805 4775 -5042.00293
v 8446.99805 3854 -4370.00342
v 8872.99805 4279 -5236.00293
v 8446.99805 3854 -4370.00342
v 8612.99805 3953.00024 -5639.00342
v 8872.99805 4279 -5236.00293
v 8765.99805 4244 -5885.00342
v 8872.99805 4279 -5236.00293
v 8612.99805 3953.00024 -5639.00342
v 8612.99805 3953.00024 -5639.00342
v 8464.99805 4281 -6135.00293
v 8765.99805 4244 -5885.00342
v 8464.99805 4281 -6135.00293
v 8612.99805 3953.00024 -5639.00342
v 8172.99805 3988 -6016.00293
v 8172.99805 3988 -6016.00293
v 8206.99805 4565 -6219.00293
v 8464.99805 4281 -6135.00293
v 8206.99805 4565 -6219.00293
v 8172.99805 3988 -6016.00293
v 7811.99805 4363.00049 -6146.00293
v 8446.99805 3854 -4370.00342
v 8800.99805 4775 -5042.00293
v 8377.99805 4495 -4098.00293
v 8377.99805 4495 -4098.00293
v 7687.99902 3377.00049 -3441.00293
v 8446.99805 3854 -4370.00342
v 7274.99854 2915.00024 -4053.00269
v 8446.99805 3854 -4370.00342
v 7687.99902 3377.00049 -3441.00293
v 8446.99805 3854 -4370.00342
v 7274.99854 2915.00024 -4053.00269
v 8060.99805 3416.00049 -4944.00293
v 8612.99805 3953.00024 -5639.00342
v 8446.99805 3854 -4370.00342
v 8060.99805 3416.00049 -4944.00293
v 7446.99805 3438.00049 -5485.00293
v 8612.99805 3953.00024 -5639.00342
v 8060.99805 3416.00049 -4944.00293
v 8612.99805 3953.00024 -5639.00342
v 7446.99805 3438.00049 -5485.00293
v 8172.99805 3988 -6016.00293
v 7446.99805 3438.00049 -5485.00293
v 7811.99805 4363.00049 -6146.00293
v 8172.99805 3988 -6016.00293
v 7811.99805 4363.00049 -6146.00293
v 7446.99805 3438.00049 -5485.00293
v 6963.99756 3906.00024 -5676.00244
v 6622.99756 2933.00024 -4629.00244
v 6963.99756 3906.00024 -5676.00244
v 7446.99805 3438.00049 -5485.00293
v 6963.99756 3906.00024 -5676.00244
v 6622.99756 2933.00024 -4629.00244
v 6112.99756 3422.00049 -4833.00195
v 7687.99902 3377.00049 -3441.00293
v 8377.99805 4495 -4098.00293
v 7619.99902 4049.00024 -3152.00293
v 6755.99902 3559 -2325.00244
v 7687.99902 3377.00049 -3441.00293
v 7619.99902 4049.00024 -3152.00293
v 7687.99902 3377.00049 -3441.00293
v 6755.99902 3559 -2325.00244
v 6821.99902 2933.00024 -2591.00244
v 6821.99902 2933.00024 -2591.00244
v 7274.99854 2915.00024 -4053.00269
v 7687.99902 3377.00049 -3441.00293
v 7274.99854 2915.00024 -4053.00269
v 6821.99902 2933.00024 -2591.00244
v 6443.99854 2505 -3154.00244
v 5841.99854 2525.00024 -3685.0022
v 7274.99854 2915.00024 -4053.00269
v 6443.99854 2505 -3154.00244
v 7274.99854 2915.00024 -4053.00269
v 5841.99854 2525.00024 -3685.0022
v 6622.99756 2933.00024 -4629.00244
v 7446.99805 3438.00049 -5485.00293
v 7274.99854 2915.00024 -4053.00269
v 6622.99756 2933.00024 -4629.00244
v 7274.99854 2915.00024 -4053.00269
v 7446.99805 3438.00049 -5485.00293
v 8060.99805 3416.00049 -4944.00293
v 6067.99902 3190.00024 -1962.0022
v 6821.99902 2933.00024 -2591.00244
v 6755.99902 3559 -2325.00244
v 6821.99902 2933.00024 -2591.00244
v 6067.99902 3190.00024 -1962.0022
v 6128.99902 2704 -2161.0022
v 6128.99902 2704 -2161.0022
v 6443.99854 2505 -3154.00244
v 6821.99902 2933.00024 -2591.00244
v 6443.99854 2505 -3154.00244
v 6128.99902 2704 -2161.0022
v 5853.99854 2378 -2578.00244
v 5853.99854 2378 -2578.00244
v 5841.99854 2525.00024 -3685.0022
v 6443.99854 2505 -3154.00244
v 5841.99854 2525.00024 -3685.0022
v 5853.99854 2378 -2578.00244
v 5403.99902 2402 -2969.00195
v 5403.99902 2402 -2969.00195
v 5369.99854 2982.00024 -3872.00195
v 5841.99854 2525.00024 -3685.0022
v 5369.99854 2982.00024 -3872.00195
v 6622.99756 2933.00024 -4629.00244
v 5841.99854 2525.00024 -3685.0022
v 6622.99756 2933.00024 -4629.00244
v 5369.99854 2982.00024 -3872.00195
v 6112.99756 3422.00049 -4833.00195
v 6128.99902 2704 -2161.0022
v 6067.99902 3190.00024 -1962.0022
v 5528.99902 2922 -1963.00208
v 6128.99902 2704 -2161.0022
v 5528.99902 2922 -1963.00208
v 5440.99902 2509 -2257.0022
v 5853.99854 2378 -2578.00244
v 6128.99902 2704 -2161.0022
v 5440.99902 2509 -2257.0022
v 5403.99902 2402 -2969.00195
v 5853.99854 2378 -2578.00244
v 5440.99902 2509 -2257.0022
v 5042.99902 2720.00024 -2506.00195
v 5403.99902 2402 -2969.00195
v 5440.99902 2509 -2257.0022
v 5042.99902 2763.00024 -3106.00195
v 5403.99902 2402 -2969.00195
v 5042.99902 2720.00024 -2506.00195
v 5369.99854 2982.00024 -3872.00195
v 5403.99902 2402 -2969.00195
v 5042.99902 2763.00024 -3106.00195
v 5528.99902 2922 -1963.00208
v 5221.99854 2784.00024 -2164.00195
v 5440.99902 2509 -2257.0022
v 5440.99902 2509 -2257.0022
v 5221.99854 2784.00024 -2164.00195
v 5042.99902 2720.00024 -2506.00195
v -8383.00195 4745.00049 -6109.99658
v -9047.00293 5392 -6400.99609
v -8383.00195 4960 -5929.99609
v -9047.00293 5392 -6400.99609
v -8383.00195 4745.00049 -6109.99658
v -9068.00293 5192.00049 -6595.99658
v -9627.00293 5509 -6738.99609
v -9047.00293 5392 -6400.99609
v -9068.00293 5192.00049 -6595.99658
v -9047.00293 5392 -6400.99609
v -9627.00293 5509 -6738.99609
v -9549.00391 5679.00049 -6530.99609
v -10131.0039 5723.00049 -6628.99561
v -9549.00391 5679.00049 -6530.99609
v -9627.00293 5509 -6738.99609
v -9549.00391 5679.00049 -6530.99609
v -10131.0039 5723.00049 -6628.99561
v -9993.00293 5868 -6432.99561
v -10131.0039 5723.00049 -6628.99561
v -10495.002 5994 -6122.99561
v -9993.00293 5868 -6432.99561
v -8567.00195 4536 -6077.99658
v -9068.00293 5192.00049 -6595.99658
v -8383.00195 4745.00049 -6109.99658
v -9068.00293 5192.00049 -6595.99658
v -8567.00195 4536 -6077.99658
v -9232.00293 4970.00049 -6550.99609
v -9738.00293 5259.00049 -6680.99609
v -9068.00293 5192.00049 -6595.99658
v -9232.00293 4970.00049 -6550.99609
v -9068.00293 5192.00049 -6595.99658
v -9738.00293 5259.00049 -6680.99609
v -9627.00293 5509 -6738.99609
v -10211.0029 5460 -6576.99561
v -9627.00293 5509 -6738.99609
v -9738.00293 5259.00049 -6680.99609
v -9627.00293 5509 -6738.99609
v -10211.0029 5460 -6576.99561
v -10131.0039 5723.00049 -6628.99561
v -10676.0029 5578.00049 -6295.99561
v -10131.0039 5723.00049 -6628.99561
v -10211.0029 5460 -6576.99561
v -10131.0039 5723.00049 -6628.99561
v -10676.0029 5578.00049 -6295.99561
v -10664.0039 5857 -6300.99561
v -10495.002 5994 -6122.99561
v -10131.0039 5723.00049 -6628.99561
v -10664.0039 5857 -6300.99561
v -10981.002 5786 -5878.99561
v -10495.002 5994 -6122.99561
v -10664.0039 5857 -6300.99561
v -10495.002 5994 -6122.99561
v -10981.002 5786 -5878.99561
v -10794.001 5926 -5722.99561
v -8567.00195 4536 -6077.99658
v -9375.00293 4947.00049 -6310.99609
v -9232.00293 4970.00049 -6550.99609
v -9770.00293 5178 -6414.99561
v -9232.00293 4970.00049 -6550.99609
v -9375.00293 4947.00049 -6310.99609
v -9232.00293 4970.00049 -6550.99609
v -9770.00293 5178 -6414.99561
v -9738.00293 5259.00049 -6680.99609
v -9770.00293 5178 -6414.99561
v -10211.0029 5460 -6576.99561
v -9738.00293 5259.00049 -6680.99609
v -10211.0029 5460 -6576.99561
v -9770.00293 5178 -6414.99561
v -10154.0039 5342.00049 -6329.99609
v -10520.002 5434 -6112.99561
v -10211.0029 5460 -6576.99561
v -10154.0039 5342.00049 -6329.99609
v -10211.0029 5460 -6576.99561
v -10520.002 5434 -6112.99561
v -10676.0029 5578.00049 -6295.99561
v -10520.002 5434 -6112.99561
v -10929.002 5523 -5958.99561
v -10676.0029 5578.00049 -6295.99561
v -10929.002 5523 -5958.99561
v -10664.0039 5857 -6300.99561
v -10676.0029 5578.00049 -6295.99561
v -10664.0039 5857 -6300.99561
v -10929.002 5523 -5958.99561
v -10981.002 5786 -5878.99561
v -9375.00293 4947.00049 -6310.99609
v -8567.00195 4536 -6077.99658
v -8751.00195 4542 -5866.99658
v -8751.00195 4542 -5866.99658
v -9354.00195 5148.00049 -6116.99609
v -9375.00293 4947.00049 -6310.99609
v -9354.00195 5148.00049 -6116.99609
v -9770.00293 5178 -6414.99561
v -9375.00293 4947.00049 -6310.99609
v -9770.00293 5178 -6414.99561
v -9354.00195 5148.00049 -6116.99609
v -9691.00195 5348.00049 -6206.99609
v -9691.00195 5348.00049 -6206.99609
v -10154.0039 5342.00049 -6329.99609
v -9770.00293 5178 -6414.99561
v -10154.0039 5342.00049 -6329.99609
v -9691.00195 5348.00049 -6206.99609
v -10016.002 5487 -6133.99561
v -10352.002 5570 -5934.99561
v -10154.0039 5342.00049 -6329.99609
v -10016.002 5487 -6133.99561
v -10154.0039 5342.00049 -6329.99609
v -10352.002 5570 -5934.99561
v -10520.002 5434 -6112.99561
v -10352.002 5570 -5934.99561
v -10689.002 5399 -5883.99609
v -10520.002 5434 -6112.99561
v -10929.002 5523 -5958.99561
v -10520.002 5434 -6112.99561
v -10689.002 5399 -5883.99609
v -9354.00195 5148.00049 -6116.99609
v -8751.00195 4542 -5866.99658
v -8751.00195 4757 -5687.99609
v -8751.00195 4757 -5687.99609
v -9190.00195 5370.00049 -6161.99609
v -9354.00195 5148.00049 -6116.99609
v -9190.00195 5370.00049 -6161.99609
v -9691.00195 5348.00049 -6206.99609
v -9354.00195 5148.00049 -6116.99609
v -9691.00195 5348.00049 -6206.99609
v -9190.00195 5370.00049 -6161.99609
v -9580.00195 5598.00049 -6263.99561
v -9580.00195 5598.00049 -6263.99561
v -10016.002 5487 -6133.99561
v -9691.00195 5348.00049 -6206.99609
v -10016.002 5487 -6133.99561
v -9580.00195 5598.00049 -6263.99561
v -9936.00195 5750 -6185.99561
v -9936.00195 5750 -6185.99561
v -10352.002 5570 -5934.99561
v -10016.002 5487 -6133.99561
v -10352.002 5570 -5934.99561
v -9936.00195 5750 -6185.99561
v -10339.002 5850 -5939.99561
v -10555.002 5802.00049 -5648.99512
v -10352.002 5570 -5934.99561
v -10339.002 5850 -5939.99561
v -10352.002 5570 -5934.99561
v -10555.002 5802.00049 -5648.99512
v -10502.002 5538 -5728.99561
v -10689.002 5399 -5883.99609
v -10352.002 5570 -5934.99561
v -10502.002 5538 -5728.99561
v -9190.00195 5370.00049 -6161.99609
v -8751.00195 4757 -5687.99609
v -8567.00195 4966.00049 -5718.99658
v -8383.00195 4960 -5929.99609
v -9190.00195 5370.00049 -6161.99609
v -8567.00195 4966.00049 -5718.99658
v -9190.00195 5370.00049 -6161.99609
v -8383.00195 4960 -5929.99609
v -9047.00293 5392 -6400.99609
v -9047.00293 5392 -6400.99609
v -9580.00195 5598.00049 -6263.99561
v -9190.00195 5370.00049 -6161.99609
v -9580.00195 5598.00049 -6263.99561
v -9047.00293 5392 -6400.99609
v -9549.00391 5679.00049 -6530.99609
v -9993.00293 5868 -6432.99561
v -9580.00195 5598.00049 -6263.99561
v -9549.00391 5679.00049 -6530.99609
v -9580.00195 5598.00049 -6263.99561
v -9993.00293 5868 -6432.99561
v -9936.00195 5750 -6185.99561
v -9993.00293 5868 -6432.99561
v -10339.002 5850 -5939.99561
v -9936.00195 5750 -6185.99561
v -10339.002 5850 -5939.99561
v -9993.00293 5868 -6432.99561
v -10495.002 5994 -6122.99561
v -10794.001 5926 -5722.99561
v -10339.002 5850 -5939.99561
v -10495.002 5994 -6122.99561
v -10339.002 5850 -5939.99561
v -10794.001 5926 -5722.99561
v -10555.002 5802.00049 -5648.99512
v -10794.001 5926 -5722.99561
v -10674.002 5495 -5157.99561
v -10555.002 5802.00049 -5648.99512
v -10674.002 5495 -5157.99561
v -10502.002 5538 -5728.99561
v -10555.002 5802.00049 -5648.99512
v -10502.002 5538 -5728.99561
v -10674.002 5495 -5157.99561
v -10598.002 5287.00049 -5328.99561
v -10794.001 5132 -5454.99512
v -10502.002 5538 -5728.99561
v -10598.002 5287.00049 -5328.99561
v -10502.002 5538 -5728.99561
v -10794.001 5132 -5454.99512
v -10689.002 5399 -5883.99609
v -10794.001 5132 -5454.99512
v -10929.002 5523 -5958.99561
v -10689.002 5399 -5883.99609
v -10929.002 5523 -5958.99561
v -10794.001 5132 -5454.99512
v -11065.002 5185 -5409.99561
v -11065.002 5185 -5409.99561
v -10981.002 5786 -5878.99561
v -10929.002 5523 -5958.99561
v -10674.002 5495 -5157.99561
v -10794.001 5926 -5722.99561
v -10945.002 5548 -5111.99561
v -10945.002 5548 -5111.99561
v -10663.002 4949 -4434.99561
v -10674.002 5495 -5157.99561
v -10588.002 4736 -4599.99609
v -10674.002 5495 -5157.99561
v -10663.002 4949 -4434.99561
v -10674.002 5495 -5157.99561
v -10588.002 4736 -4599.99609
v -10598.002 5287.00049 -5328.99561
v -10783.002 4573.00049 -4715.99561
v -10598.002 5287.00049 -5328.99561
v -10588.002 4736 -4599.99609
v -10598.002 5287.00049 -5328.99561
v -10783.002 4573.00049 -4715.99561
v -10794.001 5132 -5454.99512
v -10783.002 4573.00049 -4715.99561
v -11065.002 5185 -5409.99561
v -10794.001 5132 -5454.99512
v -11065.002 5185 -5409.99561
v -10783.002 4573.00049 -4715.99561
v -11054.001 4624 -4667.99561
v -11054.001 4624 -4667.99561
v -11141.002 5393.00049 -5238.99512
v -11065.002 5185 -5409.99561
v -10981.002 5786 -5878.99561
v -11065.002 5185 -5409.99561
v -11141.002 5393.00049 -5238.99512
v -11141.002 5393.00049 -5238.99512
v -10794.001 5926 -5722.99561
v -10981.002 5786 -5878.99561
v -10794.001 5926 -5722.99561
v -11141.002 5393.00049 -5238.99512
v -10945.002 5548 -5111.99561
v -10663.002 4949 -4434.99561
v -10945.002 5548 -5111.99561
v -10934.002 5000.00049 -4385.99561
v -10975.002 4654 -3768.99512
v -10663.002 4949 -4434.99561
v -10934.002 5000.00049 -4385.99561
v -10663.002 4949 -4434.99561
v -10975.002 4654 -3768.99512
v -10716.001 4557.00049 -3724.99585
v -10655.002 4291.00049 -3785.99561
v -10663.002 4949 -4434.99561
v -10716.001 4557.00049 -3724.99585
v -10663.002 4949 -4434.99561
v -10655.002 4291.00049 -3785.99561
v -10588.002 4736 -4599.99609
v -10852.002 4122 -3891.99561
v -10588.002 4736 -4599.99609
v -10655.002 4291.00049 -3785.99561
v -10588.002 4736 -4599.99609
v -10852.002 4122 -3891.99561
v -10783.002 4573.00049 -4715.99561
v -10852.002 4122 -3891.99561
v -11054.001 4624 -4667.99561
v -10783.002 4573.00049 -4715.99561
v -11054.001 4624 -4667.99561
v -10852.002 4122 -3891.99561
v -11111.001 4219 -3934.99561
v -11111.001 4219 -3934.99561
v -11130.002 4837.00049 -4502.99561
v -11054.001 4624 -4667.99561
v -11141.002 5393.00049 -5238.99512
v -11054.001 4624 -4667.99561
v -11130.002 4837.00049 -4502.99561
v -11130.002 4837.00049 -4502.99561
v -10945.002 5548 -5111.99561
v -11141.002 5393.00049 -5238.99512
v -10945.002 5548 -5111.99561
v -11130.002 4837.00049 -4502.99561
v -10934.002 5000.00049 -4385.99561
v -11181.002 4525 -3184.99561
v -10716.001 4557.00049 -3724.99585
v -10975.002 4654 -3768.99512
v -10716.001 4557.00049 -3724.99585
v -11181.002 4525 -3184.99561
v -10941.001 4418 -3087.99561
v -10941.001 4418 -3087.99561
v -10655.002 4291.00049 -3785.99561
v -10716.001 4557.00049 -3724.99585
v -10655.002 4291.00049 -3785.99561
v -10941.001 4418 -3087.99561
v -10903.001 4141 -3082.99536
v -10903.001 4141 -3082.99536
v -10852.002 4122 -3891.99561
v -10655.002 4291.00049 -3785.99561
v -10852.002 4122 -3891.99561
v -10903.001 4141 -3082.99536
v -11104 3970.00049 -3174.99561
v -11345.001 4075.99976 -3271.99536
v -10852.002 4122 -3891.99561
v -11104 3970.00049 -3174.99561
v -10852.002 4122 -3891.99561
v -11345.001 4075.99976 -3271.99536
v -11111.001 4219 -3934.99561
v -11383 4354 -3276.99512
v -11111.001 4219 -3934.99561
v -11345.001 4075.99976 -3271.99536
v -11111.001 4219 -3934.99561
v -11383 4354 -3276.99512
v -11172.002 4485 -3873.99536
v -11130.002 4837.00049 -4502.99561
v -11111.001 4219 -3934.99561
v -11172.002 4485 -3873.99536
v -11172.002 4485 -3873.99536
v -10934.002 5000.00049 -4385.99561
v -11130.002 4837.00049 -4502.99561
v -10934.002 5000.00049 -4385.99561
v -11172.002 4485 -3873.99536
v -10975.002 4654 -3768.99512
v -11464.001 4557.00049 -2588.99536
v -10941.001 4418 -3087.99561
v -11181.002 4525 -3184.99561
v -10941.001 4418 -3087.99561
v -11464.001 4557.00049 -2588.99536
v -11243.001 4454 -2450.99536
v -11243.001 4454 -2450.99536
v -10903.001 4141 -3082.99536
v -10941.001 4418 -3087.99561
v -10903.001 4141 -3082.99536
v -11243.001 4454 -2450.99536
v -11230.001 4180.00049 -2392.99536
v -11230.001 4180.00049 -2392.99536
v -11104 3970.00049 -3174.99561
v -10903.001 4141 -3082.99536
v -11104 3970.00049 -3174.99561
v -11230.001 4180.00049 -2392.99536
v -11437.001 4010.00024 -2473.99536
v -11657 4113 -2612.99512
v -11104 3970.00049 -3174.99561
v -11437.001 4010.00024 -2473.99536
v -11104 3970.00049 -3174.99561
v -11657 4113 -2612.99512
v -11345.001 4075.99976 -3271.99536
v -11671 4387 -2669.99512
v -11345.001 4075.99976 -3271.99536
v -11657 4113 -2612.99512
v -11345.001 4075.99976 -3271.99536
v -11671 4387 -2669.99512
v -11383 4354 -3276.99512
v -11464.001 4557.00049 -2588.99536
v -11383 4354 -3276.99512
v -11671 4387 -2669.99512
v -11383 4354 -3276.99512
v -11464.001 4557.00049 -2588.99536
v -11181.002 4525 -3184.99561
v -11181.002 4525 -3184.99561
v -11172.002 4485 -3873.99536
v -11383 4354 -3276.99512
v -11172.002 4485 -3873.99536
v -11181.002 4525 -3184.99561
v -10975.002 4654 -3768.99512
v 4218.99658 2804.00049 -8620.00098
v 4114.99658 2469.00049 -9178.00195
v 4074.99658 2837.00024 -9045.00098
v 4114.99658 2469.00049 -9178.00195
v 4218.99658 2804.00049 -8620.00098
v 4251.99609 2302.00024 -8806.00098
v 4251.99609 2302.00024 -8806.00098
v 3872.99658 2203.00049 -9335.00098
v 4114.99658 2469.00049 -9178.00195
v 3813.99634 2281.00049 -9292.00098
v 4114.99658 2469.00049 -9178.00195
v 3872.99658 2203.00049 -9335.00098
v 4114.99658 2469.00049 -9178.00195
v 3813.99634 2281.00049 -9292.00098
v 4010.99634 2494.00049 -9167.00098
v 4010.99634 2494.00049 -9167.00098
v 4074.99658 2837.00024 -9045.00098
v 4114.99658 2469.00049 -9178.00195
v 4074.99658 2837.00024 -9045.00098
v 4010.99634 2494.00049 -9167.00098
v 3981.99658 2790.00049 -9060.00098
v 3981.99658 2790.00049 -9060.00098
v 3775.99683 3090.00024 -9015.00098
v 4074.99658 2837.00024 -9045.00098
v 4218.99658 2804.00049 -8620.00098
v 4305.99707 1917.00037 -7825.00146
v 4251.99609 2302.00024 -8806.00098
v 4305.99707 1917.00037 -7825.00146
v 3878.99658 1922.00049 -9036.00195
v 4251.99609 2302.00024 -8806.00098
v 3872.99658 2203.00049 -9335.00098
v 4251.99609 2302.00024 -8806.00098
v 3878.99658 1922.00049 -9036.00195
v 3878.99658 1922.00049 -9036.00195
v 3489.99658 2194.00049 -9424.00098
v 3872.99658 2203.00049 -9335.00098
v 3489.99658 2194.00049 -9424.00098
v 3878.99658 1922.00049 -9036.00195
v 3315.99634 1888.00049 -9176.00098
v 3315.99634 1888.00049 -9176.00098
v 3191.99634 2447.00024 -9394.00195
v 3489.99658 2194.00049 -9424.00098
v 3191.99634 2447.00024 -9394.00195
v 3315.99634 1888.00049 -9176.00098
v 2894.99634 2220.00049 -9143.00098
v 4305.99707 1917.00037 -7825.00146
v 4218.99658 2804.00049 -8620.00098
v 4292.99707 2571 -7576.00195
v 4292.99707 2571 -7576.00195
v 4096.99756 1459.00024 -6637.00098
v 4305.99707 1917.00037 -7825.00146
v 3509.99756 914.000305 -6979.00146
v 4305.99707 1917.00037 -7825.00146
v 4096.99756 1459.00024 -6637.00098
v 4305.99707 1917.00037 -7825.00146
v 3509.99756 914.000305 -6979.00146
v 3756.99683 1402.00049 -8147.00146
v 3878.99658 1922.00049 -9036.00195
v 4305.99707 1917.00037 -7825.00146
v 3756.99683 1402.00049 -8147.00146
v 2967.99658 1326.00037 -8354.00098
v 3878.99658 1922.00049 -9036.00195
v 3756.99683 1402.00049 -8147.00146
v 3878.99658 1922.00049 -9036.00195
v 2967.99658 1326.00037 -8354.00098
v 3315.99634 1888.00049 -9176.00098
v 2967.99658 1326.00037 -8354.00098
v 2894.99634 2220.00049 -9143.00098
v 3315.99634 1888.00049 -9176.00098
v 2894.99634 2220.00049 -9143.00098
v 2967.99658 1326.00037 -8354.00098
v 2400.99683 1736.00049 -8324.00098
v 2671.99731 830.000305 -7200.00098
v 2400.99683 1736.00049 -8324.00098
v 2967.99658 1326.00037 -8354.00098
v 2400.99683 1736.00049 -8324.00098
v 2671.99731 830.000305 -7200.00098
v 2073.99731 1255.00024 -7171.00049
v 4096.99756 1459.00024 -6637.00098
v 4292.99707 2571 -7576.00195
v 4088.99756 2145.00024 -6374.00146
v 3742.99805 1656.00037 -5229.00098
v 4096.99756 1459.00024 -6637.00098
v 4088.99756 2145.00024 -6374.00146
v 4096.99756 1459.00024 -6637.00098
v 3742.99805 1656.00037 -5229.00098
v 3753.9978 1018.00024 -5472.00146
v 3753.9978 1018.00024 -5472.00146
v 3509.99756 914.000305 -6979.00146
v 4096.99756 1459.00024 -6637.00098
v 3509.99756 914.000305 -6979.00146
v 3753.9978 1018.00024 -5472.00146
v 3215.9978 514.000244 -5787.00098
v 2442.99731 439.000275 -5990.00049
v 3509.99756 914.000305 -6979.00146
v 3215.9978 514.000244 -5787.00098
v 3509.99756 914.000305 -6979.00146
v 2442.99731 439.000275 -5990.00049
v 2671.99731 830.000305 -7200.00098
v 2967.99658 1326.00037 -8354.00098
v 3509.99756 914.000305 -6979.00146
v 2671.99731 830.000305 -7200.00098
v 3509.99756 914.000305 -6979.00146
v 2967.99658 1326.00037 -8354.00098
v 3756.99683 1402.00049 -8147.00146
v 3333.99829 1263.00024 -4581.00098
v 3753.9978 1018.00024 -5472.00146
v 3742.99805 1656.00037 -5229.00098
v 3753.9978 1018.00024 -5472.00146
v 3333.99829 1263.00024 -4581.00098
v 3354.99805 769.000183 -4767.00146
v 3354.99805 769.000183 -4767.00146
v 3215.9978 514.000244 -5787.00098
v 3753.9978 1018.00024 -5472.00146
v 3215.9978 514.000244 -5787.00098
v 3354.99805 769.000183 -4767.00146
v 2960.9978 387.000214 -5002.00098
v 2960.9978 387.000214 -5002.00098
v 2442.99731 439.000275 -5990.00049
v 3215.9978 514.000244 -5787.00098
v 2442.99731 439.000275 -5990.00049
v 2960.9978 387.000214 -5002.00098
v 2384.99805 341.000214 -5150.00098
v 2384.99805 341.000214 -5150.00098
v 1888.99768 837.000244 -5962.00049
v 2442.99731 439.000275 -5990.00049
v 1888.99768 837.000244 -5962.00049
v 2671.99731 830.000305 -7200.00098
v 2442.99731 439.000275 -5990.00049
v 2671.99731 830.000305 -7200.00098
v 1888.99768 837.000244 -5962.00049
v 2073.99731 1255.00024 -7171.00049
v 3354.99805 769.000183 -4767.00146
v 3333.99829 1263.00024 -4581.00098
v 2884.99829 952.000244 -4329.00098
v 3354.99805 769.000183 -4767.00146
v 2884.99829 952.000244 -4329.00098
v 2722.99829 510.000183 -4536.00098
v 2960.9978 387.000214 -5002.00098
v 3354.99805 769.000183 -4767.00146
v 2722.99829 510.000183 -4536.00098
v 2384.99805 341.000214 -5150.00098
v 2960.9978 387.000214 -5002.00098
v 2722.99829 510.000183 -4536.00098
v 2233.99829 665.000183 -4586.00098
v 2384.99805 341.000214 -5150.00098
v 2722.99829 510.000183 -4536.00098
v 1962.99792 658.000305 -5123.00049
v 2384.99805 341.000214 -5150.00098
v 2233.99829 665.000183 -4586.00098
v 1888.99768 837.000244 -5962.00049
v 2384.99805 341.000214 -5150.00098
v 1962.99792 658.000305 -5123.00049
v 2884.99829 952.000244 -4329.00098
v 2538.99829 773.000122 -4364.00098
v 2722.99829 510.000183 -4536.00098
v 2722.99829 510.000183 -4536.00098
v 2538.99829 773.000122 -4364.00098
v 2233.99829 665.000183 -4586.00098
v 8939.99805 3489 -5129.00342
v 18097.0039 6313.99951 8569.99316
v 17921.0039 6794.99951 8569.99316
v 18097.0039 6313.99951 8569.99316
v 8939.99805 3489 -5129.00342
v 9115.99805 3009.00049 -5129.00342
v -18096.9961 6313.99951 8570.00781
v -8940.00195 3489 -5128.99609
v -17920.9961 6794.99951 8570.00781
v -8940.00195 3489 -5128.99609
v -18096.9961 6313.99951 8570.00781
v -9116.00195 3009.00049 -5128.99609
v 219.00238 -3972 6097
v 191.002914 -5154 7494.99951
v 191.001114 -4649 2844.99976
v 191.000778 -2158.00024 1985
v 219.00238 -3972 6097
v 191.001114 -4649 2844.99976
v 204.002045 -3060.00024 5248
v 219.00238 -3972 6097
v 191.000778 -2158.00024 1985
v 191.001801 -2178.00024 4637
v 204.002045 -3060.00024 5248
v 191.000778 -2158.00024 1985
v 190.999725 -3921 -718.000244
v 191.000778 -2158.00024 1985
v 191.001114 -4649 2844.99976
v 191.000778 -2158.00024 1985
v 190.999725 -3921 -718.000244
v 190.999512 -1993 -1273.00012
v 190.999725 -3921 -718.000244
v 190.998306 -2806 -4339
v 190.999512 -1993 -1273.00012
v 190.998306 -2806 -4339
v 190.997665 -2014.99976 -5998
v 190.999512 -1993 -1273.00012
v -190.997086 -5154 7495
v -218.99762 -3972 6097
v -190.998886 -4649 2845
v -218.99762 -3972 6097
v -190.999222 -2158.00024 1985.00012
v -190.998886 -4649 2845
v -190.999222 -2158.00024 1985.00012
v -191.000275 -3921 -718.000122
v -190.998886 -4649 2845
v -191.000275 -3921 -718.000122
v -190.999222 -2158.00024 1985.00012
v -191.000488 -1993 -1273
v -191.001694 -2806 -4339
v -191.000275 -3921 -718.000122
v -191.000488 -1993 -1273
v -191.002335 -2014.99976 -5998
v -191.001694 -2806 -4339
v -191.000488 -1993 -1273
v -218.99762 -3972 6097
v -203.997955 -3060.00024 5248
v -190.999222 -2158.00024 1985.00012
v -203.997955 -3060.00024 5248
v -190.998199 -2178.00024 4637
v -190.999222 -2158.00024 1985.00012
v 3198.00024 -7.00001574 363.998779
v 3010 726 234.99884
v 3010 -740 234.998795
v 3010 -740 234.998795
v 3010 726 234.99884
v 1329.99963 -40.9999619 -917.000549
v 1329.99963 -40.9999619 -917.000549
v 2514 -1357.00012 -105.001038
v 3010 -740 234.998795
v 1232.99963 -1784.99988 -984.000488
v 2514 -1357.00012 -105.001038
v 1329.99963 -40.9999619 -917.000549
v 1838.99976 -1649 -568.000793
v 2514 -1357.00012 -105.001038
v 1232.99963 -1784.99988 -984.000488
v 3010 726 234.99884
v 1925.99976 1651 -509.000671
v 1329.99963 -40.9999619 -917.000549
v 1329.99963 -40.9999619 -917.000549
v 1925.99976 1651 -509.000671
v 1354.99963 1757 -900.000549
v 3010 726 234.99884
v 2514 1342.99988 -105.000916
v 1925.99976 1651 -509.000671
v 1925.99976 1651 -509.000671
v 1884.99902 1555 -2495.00073
v 1354.99963 1757 -900.000549
v 3095.99902 1328.00012 -2657.00146
v 1884.99902 1555 -2495.00073
v 1925.99976 1651 -509.000671
v 1925.99976 1651 -509.000671
v 3838.99927 845.000061 -1845.00134
v 3095.99902 1328.00012 -2657.00146
v 4058.99902 816.000183 -2753.00146
v 3095.99902 1328.00012 -2657.00146
v 3838.99927 845.000061 -1845.00134
v 4410.99902 -34.9998779 -2815.00195
v 4058.99902 816.000183 -2753.00146
v 3838.99927 845.000061 -1845.00134
v 4410.99902 -34.9998779 -2815.00195
v 3838.99927 845.000061 -1845.00134
v 4130.99951 -29.9999294 -1635.00159
v 4410.99902 -34.9998779 -2815.00195
v 4130.99951 -29.9999294 -1635.00159
v 3820.99927 -886.999878 -1877.00159
v 4007.99878 -816.999817 -2821.00146
v 4410.99902 -34.9998779 -2815.00195
v 3820.99927 -886.999878 -1877.00159
v 3398.99854 -1226.99988 -2840.00146
v 4007.99878 -816.999817 -2821.00146
v 3820.99927 -886.999878 -1877.00159
v 3838.99927 845.000061 -1845.00134
v 1925.99976 1651 -509.000671
v 2514 1342.99988 -105.000916
v 3010 726 234.99884
v 3838.99927 845.000061 -1845.00134
v 2514 1342.99988 -105.000916
v 3010 726 234.99884
v 4130.99951 -29.9999294 -1635.00159
v 3838.99927 845.000061 -1845.00134
v 4130.99951 -29.9999294 -1635.00159
v 3010 726 234.99884
v 3198.00024 -7.00001574 363.998779
v 3010 -740 234.998795
v 4130.99951 -29.9999294 -1635.00159
v 3198.00024 -7.00001574 363.998779
v 4130.99951 -29.9999294 -1635.00159
v 3010 -740 234.998795
v 3820.99927 -886.999878 -1877.00159
v 2514 -1357.00012 -105.001038
v 3820.99927 -886.999878 -1877.00159
v 3010 -740 234.998795
v 2514 -1357.00012 -105.001038
v 2904.99902 -1468.99988 -2473.00122
v 3820.99927 -886.999878 -1877.00159
v 2904.99902 -1468.99988 -2473.00122
v 3398.99854 -1226.99988 -2840.00146
v 3820.99927 -886.999878 -1877.00159
v 2287.99878 -1538.99988 -2944.00098
v 3398.99854 -1226.99988 -2840.00146
v 2904.99902 -1468.99988 -2473.00122
v 2904.99902 -1468.99988 -2473.00122
v 1232.99963 -1784.99988 -984.000488
v 2287.99878 -1538.99988 -2944.00098
v 1232.99963 -1784.99988 -984.000488
v 2904.99902 -1468.99988 -2473.00122
v 1838.99976 -1649 -568.000793
v 2904.99902 -1468.99988 -2473.00122
v 2514 -1357.00012 -105.001038
v 1838.99976 -1649 -568.000793
v 11059.998 4694 -2508.00439
v 11347.999 4791 -2731.00415
v 10942.999 4373 -2348.00391
v 11636.999 4608 -2887.00439
v 10942.999 4373 -2348.00391
v 11347.999 4791 -2731.00415
v 10942.999 4373 -2348.00391
v 11636.999 4608 -2887.00439
v 11064.999 4016.99976 -2346.00391
v 11636.999 4608 -2887.00439
v 11354 3833.00024 -2503.00415
v 11064.999 4016.99976 -2346.00391
v 11354 3833.00024 -2503.00415
v 11636.999 4608 -2887.00439
v 11758.999 4251 -2885.00439
v 11641.999 3930.00024 -2726.00439
v 11354 3833.00024 -2503.00415
v 11758.999 4251 -2885.00439
v 15875.001 5692.99951 3053.99438
v 15470.002 5274.99951 3435.99438
v 15758 5373 3212.9939
v 15753.001 6050 3051.99438
v 15470.002 5274.99951 3435.99438
v 15875.001 5692.99951 3053.99438
v 15470.002 5274.99951 3435.99438
v 15753.001 6050 3051.99438
v 15181.001 5458.99951 3591.99438
v 15753.001 6050 3051.99438
v 15059.001 5815 3589.99438
v 15181.001 5458.99951 3591.99438
v 15059.001 5815 3589.99438
v 15753.001 6050 3051.99438
v 15464.001 6233 3207.99414
v 15176.002 6136 3430.99463
v 15059.001 5815 3589.99438
v 15464.001 6233 3207.99414
v -3010 726 235.00119
v -3197.99976 -7.00001574 364.001251
v -3010 -740 235.001144
v -3010 726 235.00119
v -3010 -740 235.001144
v -1330.00037 -40.9999619 -916.999512
v -1926.00024 1651 -508.999176
v -3010 726 235.00119
v -1330.00037 -40.9999619 -916.999512
v -2514 1342.99988 -104.998955
v -3010 726 235.00119
v -1926.00024 1651 -508.999176
v -2514 -1357.00012 -104.999077
v -1330.00037 -40.9999619 -916.999512
v -3010 -740 235.001144
v -2514 -1357.00012 -104.999077
v -1233.00037 -1784.99988 -983.999512
v -1330.00037 -40.9999619 -916.999512
v -2514 -1357.00012 -104.999077
v -1839.00024 -1649 -567.99939
v -1233.00037 -1784.99988 -983.999512
v -1926.00024 1651 -508.999176
v -1330.00037 -40.9999619 -916.999512
v -1355.00037 1757 -899.999451
v -1885.00098 1555 -2494.99927
v -1926.00024 1651 -508.999176
v -1355.00037 1757 -899.999451
v -1885.00098 1555 -2494.99927
v -3096.00098 1328.00012 -2656.99902
v -1926.00024 1651 -508.999176
v -3839.00073 845.000061 -1844.99841
v -1926.00024 1651 -508.999176
v -3096.00098 1328.00012 -2656.99902
v -1926.00024 1651 -508.999176
v -3839.00073 845.000061 -1844.99841
v -2514 1342.99988 -104.998955
v -3839.00073 845.000061 -1844.99841
v -3010 726 235.00119
v -2514 1342.99988 -104.998955
v -4131.00049 -29.9999294 -1634.99841
v -3010 726 235.00119
v -3839.00073 845.000061 -1844.99841
v -3010 726 235.00119
v -4131.00049 -29.9999294 -1634.99841
v -3197.99976 -7.00001574 364.001251
v -4131.00049 -29.9999294 -1634.99841
v -3010 -740 235.001144
v -3197.99976 -7.00001574 364.001251
v -3096.00098 1328.00012 -2656.99902
v -4059.00098 816.000183 -2752.99829
v -3839.00073 845.000061 -1844.99841
v -4059.00098 816.000183 -2752.99829
v -4411.00098 -34.9998779 -2814.99854
v -3839.00073 845.000061 -1844.99841
v -3839.00073 845.000061 -1844.99841
v -4411.00098 -34.9998779 -2814.99854
v -4131.00049 -29.9999294 -1634.99841
v -4131.00049 -29.9999294 -1634.99841
v -4411.00098 -34.9998779 -2814.99854
v -3821.00073 -886.999878 -1876.99854
v -3010 -740 235.001144
v -4131.00049 -29.9999294 -1634.99841
v -3821.00073 -886.999878 -1876.99854
v -3821.00073 -886.999878 -1876.99854
v -2514 -1357.00012 -104.999077
v -3010 -740 235.001144
v -2905.00098 -1468.99988 -2472.99902
v -2514 -1357.00012 -104.999077
v -3821.00073 -886.999878 -1876.99854
v -2514 -1357.00012 -104.999077
v -2905.00098 -1468.99988 -2472.99902
v -1839.00024 -1649 -567.99939
v -2905.00098 -1468.99988 -2472.99902
v -1233.00037 -1784.99988 -983.999512
v -1839.00024 -1649 -567.99939
v -1233.00037 -1784.99988 -983.999512
v -2905.00098 -1468.99988 -2472.99902
v -2288.00122 -1538.99988 -2943.99927
v -3399.00098 -1226.99988 -2839.99878
v -2288.00122 -1538.99988 -2943.99927
v -2905.00098 -1468.99988 -2472.99902
v -4411.00098 -34.9998779 -2814.99854
v -4008.00073 -816.999817 -2820.99829
v -3821.00073 -886.999878 -1876.99854
v -4008.00073 -816.999817 -2820.99829
v -3399.00098 -1226.99988 -2839.99878
v -3821.00073 -886.999878 -1876.99854
v -3399.00098 -1226.99988 -2839.99878
v -2905.00098 -1468.99988 -2472.99902
v -3821.00073 -886.999878 -1876.99854
v -11348.001 4791 -2730.99536
v -11060 4694 -2507.99561
v -10943.001 4373 -2347.99561
v -10943.001 4373 -2347.99561
v -11637.001 4608 -2886.99536
v -11348.001 4791 -2730.99536
v -11637.001 4608 -2886.99536
v -10943.001 4373 -2347.99561
v -11065.001 4016.99976 -2345.99536
v -11354.002 3833.00024 -2502.99536
v -11637.001 4608 -2886.99536
v -11065.001 4016.99976 -2345.99536
v -11637.001 4608 -2886.99536
v -11354.002 3833.00024 -2502.99536
v -11759.001 4251 -2884.99536
v -11354.002 3833.00024 -2502.99536
v -11642.001 3930.00024 -2725.99536
v -11759.001 4251 -2884.99536
v -15470 5274.99951 3436.00635
v -15874.999 5692.99951 3054.00659
v -15757.998 5373 3213.00635
v -15470 5274.99951 3436.00635
v -15752.999 6050 3052.00659
v -15874.999 5692.99951 3054.00659
v -15752.999 6050 3052.00659
v -15470 5274.99951 3436.00635
v -15180.999 5458.99951 3592.0061
v -15058.999 5815 3590.0061
v -15752.999 6050 3052.00659
v -15180.999 5458.99951 3592.0061
v -15752.999 6050 3052.00659
v -15058.999 5815 3590.0061
v -15463.999 6233 3208.0061
v -15058.999 5815 3590.0061
v -15176 6136 3431.00635
v -15463.999 6233 3208.0061
v -313.998413 -2571 4040.00024
v 314.001587 -2571 4040
v 0.00251795328 -2308.00049 6465.99951
v -797.999512 -2808.00024 1230.00024
v 314.001587 -2571 4040
v -313.998413 -2571 4040.00024
v 314.001587 -2571 4040
v -797.999512 -2808.00024 1230.00024
v 798.000488 -2808.00024 1229.99963
v -797.999512 -2808.00024 1230.00024
v 1512.99963 -2753 -953.000671
v 798.000488 -2808.00024 1229.99963
v 1512.99963 -2753 -953.000671
v -797.999512 -2808.00024 1230.00024
v -1513.00037 -2753 -952.999451
v 1512.99963 -2753 -953.000671
v -1513.00037 -2753 -952.999451
v -0.000912787393 -2721 -2344.00024
v -0.000912787393 -2721 -2344.00024
v 1826.99915 -2027.99988 -1964.00085
v 1512.99963 -2753 -953.000671
v 1826.99915 -2027.99988 -1964.00085
v -0.000912787393 -2721 -2344.00024
v -0.00145290513 -2164.99976 -3731.00024
v -0.000912787393 -2721 -2344.00024
v -1827.00061 -2027.99988 -1963.99939
v -0.00145290513 -2164.99976 -3731.00024
v -1827.00061 -2027.99988 -1963.99939
v -0.000912787393 -2721 -2344.00024
v -1513.00037 -2753 -952.999451
v 347.001556 -232.000183 4045.99976
v -346.998383 -232.000183 4046
v 0.00251561706 -585.000305 6460.00049
v 347.001556 -232.000183 4045.99976
v -817.999512 646.999939 1321.00037
v -346.998383 -232.000183 4046
v -817.999512 646.999939 1321.00037
v 347.001556 -232.000183 4045.99976
v 818.000488 646.999939 1320.99963
v 1763.99939 2791.00024 -1982.00061
v -817.999512 646.999939 1321.00037
v 818.000488 646.999939 1320.99963
v -817.999512 646.999939 1321.00037
v 1763.99939 2791.00024 -1982.00061
v -1764.00085 2791.00024 -1981.99927
v -1764.00085 2791.00024 -1981.99927
v 1763.99939 2791.00024 -1982.00061
v -0.0014326555 2787 -3679
v 3775.99683 3090.00024 -9015.00098
v 3981.99658 2790.00049 -9060.00098
v 3742.99658 2996.00049 -9033.00098
v 3981.99658 2790.00049 -9060.00098
v 3756.99634 2999.00024 -9187.00098
v 3742.99658 2996.00049 -9033.00098
v 3525.99658 2960.00049 -9305.00098
v 3742.99658 2996.00049 -9033.00098
v 3756.99634 2999.00024 -9187.00098
v 3742.99658 2996.00049 -9033.00098
v 3525.99658 2960.00049 -9305.00098
v 3434.99609 2990.00024 -9104.00098
v 3393.99609 3081.00024 -9104.00098
v 3742.99658 2996.00049 -9033.00098
v 3434.99609 2990.00024 -9104.00098
v 3742.99658 2996.00049 -9033.00098
v 3393.99609 3081.00024 -9104.00098
v 3775.99683 3090.00024 -9015.00098
v 3756.99634 2999.00024 -9187.00098
v 3981.99658 2790.00049 -9060.00098
v 3921.99634 2815.00049 -9273.00098
v 3684.99609 2740.00024 -9469.00195
v 3756.99634 2999.00024 -9187.00098
v 3921.99634 2815.00049 -9273.00098
v 3684.99609 2740.00024 -9469.00195
v 3525.99658 2960.00049 -9305.00098
v 3756.99634 2999.00024 -9187.00098
v 3525.99658 2960.00049 -9305.00098
v 3684.99609 2740.00024 -9469.00195
v 3317.99634 2809.00049 -9356.00098
v 3317.99634 2809.00049 -9356.00098
v 3434.99609 2990.00024 -9104.00098
v 3525.99658 2960.00049 -9305.00098
v 3434.99609 2990.00024 -9104.00098
v 3317.99634 2809.00049 -9356.00098
v 3237.99634 2778.00024 -9229.00098
v 3151.99634 2815.00049 -9262.00098
v 3434.99609 2990.00024 -9104.00098
v 3237.99634 2778.00024 -9229.00098
v 3434.99609 2990.00024 -9104.00098
v 3151.99634 2815.00049 -9262.00098
v 3393.99609 3081.00024 -9104.00098
v 4010.99634 2494.00049 -9167.00098
v 3921.99634 2815.00049 -9273.00098
v 3981.99658 2790.00049 -9060.00098
v 3921.99634 2815.00049 -9273.00098
v 4010.99634 2494.00049 -9167.00098
v 3989.99609 2564.00024 -9302.00098
v 3684.99609 2740.00024 -9469.00195
v 3921.99634 2815.00049 -9273.00098
v 3989.99609 2564.00024 -9302.00098
v 3800.99658 2447.00049 -9442.00098
v 3684.99609 2740.00024 -9469.00195
v 3989.99609 2564.00024 -9302.00098
v 3684.99609 2740.00024 -9469.00195
v 3800.99658 2447.00049 -9442.00098
v 3550.99658 2374.00024 -9472.00195
v 3404.99634 2592.00049 -9473.00195
v 3684.99609 2740.00024 -9469.00195
v 3550.99658 2374.00024 -9472.00195
v 3684.99609 2740.00024 -9469.00195
v 3404.99634 2592.00049 -9473.00195
v 3317.99634 2809.00049 -9356.00098
v 3404.99634 2592.00049 -9473.00195
v 3237.99634 2778.00024 -9229.00098
v 3317.99634 2809.00049 -9356.00098
v 3237.99634 2778.00024 -9229.00098
v 3404.99634 2592.00049 -9473.00195
v 3267.99634 2482.00024 -9336.00098
v 3191.99634 2447.00024 -9394.00195
v 3237.99634 2778.00024 -9229.00098
v 3267.99634 2482.00024 -9336.00098
v 3237.99634 2778.00024 -9229.00098
v 3191.99634 2447.00024 -9394.00195
v 3151.99634 2815.00049 -9262.00098
v 4010.99634 2494.00049 -9167.00098
v 3800.99658 2447.00049 -9442.00098
v 3989.99609 2564.00024 -9302.00098
v 3800.99658 2447.00049 -9442.00098
v 4010.99634 2494.00049 -9167.00098
v 3813.99634 2281.00049 -9292.00098
v 3505.99658 2276.00049 -9362.00195
v 3800.99658 2447.00049 -9442.00098
v 3813.99634 2281.00049 -9292.00098
v 3800.99658 2447.00049 -9442.00098
v 3505.99658 2276.00049 -9362.00195
v 3550.99658 2374.00024 -9472.00195
v 3267.99634 2482.00024 -9336.00098
v 3550.99658 2374.00024 -9472.00195
v 3505.99658 2276.00049 -9362.00195
v 3550.99658 2374.00024 -9472.00195
v 3267.99634 2482.00024 -9336.00098
v 3404.99634 2592.00049 -9473.00195
v 3872.99658 2203.00049 -9335.00098
v 3505.99658 2276.00049 -9362.00195
v 3813.99634 2281.00049 -9292.00098
v 3505.99658 2276.00049 -9362.00195
v 3872.99658 2203.00049 -9335.00098
v 3489.99658 2194.00049 -9424.00098
v 3489.99658 2194.00049 -9424.00098
v 3267.99634 2482.00024 -9336.00098
v 3505.99658 2276.00049 -9362.00195
v 3267.99634 2482.00024 -9336.00098
v 3489.99658 2194.00049 -9424.00098
v 3191.99634 2447.00024 -9394.00195
v 8609.99805 5124 -5567.00293
v 8787.99805 4804 -5541.00293
v 8580.99805 5034.00049 -5606.00293
v 8787.99805 4804 -5541.00293
v 8661.99805 5042 -5737.00342
v 8580.99805 5034.00049 -5606.00293
v 8506.99805 5033 -5948.00293
v 8580.99805 5034.00049 -5606.00293
v 8661.99805 5042 -5737.00342
v 8580.99805 5034.00049 -5606.00293
v 8506.99805 5033 -5948.00293
v 8337.99805 5066.00049 -5806.00342
v 8308.99805 5161 -5818.00293
v 8580.99805 5034.00049 -5606.00293
v 8337.99805 5066.00049 -5806.00342
v 8580.99805 5034.00049 -5606.00293
v 8308.99805 5161 -5818.00293
v 8609.99805 5124 -5567.00293
v 8661.99805 5042 -5737.00342
v 8787.99805 4804 -5541.00293
v 8832.99805 4844 -5756.00342
v 8702.99805 4803.00049 -6043.00342
v 8661.99805 5042 -5737.00342
v 8832.99805 4844 -5756.00342
v 8702.99805 4803.00049 -6043.00342
v 8506.99805 5033 -5948.00293
v 8661.99805 5042 -5737.00342
v 8506.99805 5033 -5948.00293
v 8702.99805 4803.00049 -6043.00342
v 8331.99805 4909.00049 -6099.00293
v 8331.99805 4909.00049 -6099.00293
v 8337.99805 5066.00049 -5806.00342
v 8506.99805 5033 -5948.00293
v 8337.99805 5066.00049 -5806.00342
v 8331.99805 4909.00049 -6099.00293
v 8200.99805 4882.00049 -6023.00293
v 8142.99756 4929.00049 -6088.00293
v 8337.99805 5066.00049 -5806.00342
v 8200.99805 4882.00049 -6023.00293
v 8337.99805 5066.00049 -5806.00342
v 8142.99756 4929.00049 -6088.00293
v 8308.99805 5161 -5818.00293
v 8836.99805 4511 -5649.00342
v 8832.99805 4844 -5756.00342
v 8787.99805 4804 -5541.00293
v 8832.99805 4844 -5756.00342
v 8836.99805 4511 -5649.00342
v 8884.99805 4588 -5773.00342
v 8702.99805 4803.00049 -6043.00342
v 8832.99805 4844 -5756.00342
v 8884.99805 4588 -5773.00342
v 8769.99805 4498.00049 -5991.00293
v 8702.99805 4803.00049 -6043.00342
v 8884.99805 4588 -5773.00342
v 8702.99805 4803.00049 -6043.00342
v 8769.99805 4498.00049 -5991.00293
v 8554.99805 4455.00049 -6136.00342
v 8444.99805 4688.00049 -6183.00342
v 8702.99805 4803.00049 -6043.00342
v 8554.99805 4455.00049 -6136.00342
v 8702.99805 4803.00049 -6043.00342
v 8444.99805 4688.00049 -6183.00342
v 8331.99805 4909.00049 -6099.00293
v 8444.99805 4688.00049 -6183.00342
v 8200.99805 4882.00049 -6023.00293
v 8331.99805 4909.00049 -6099.00293
v 8200.99805 4882.00049 -6023.00293
v 8444.99805 4688.00049 -6183.00342
v 8250.99805 4589.00049 -6131.00293
v 8206.99805 4565 -6219.00293
v 8200.99805 4882.00049 -6023.00293
v 8250.99805 4589.00049 -6131.00293
v 8200.99805 4882.00049 -6023.00293
v 8206.99805 4565 -6219.00293
v 8142.99756 4929.00049 -6088.00293
v 8836.99805 4511 -5649.00342
v 8769.99805 4498.00049 -5991.00293
v 8884.99805 4588 -5773.00342
v 8769.99805 4498.00049 -5991.00293
v 8836.99805 4511 -5649.00342
v 8700.99805 4327.00049 -5866.00342
v 8457.99805 4359.00049 -6066.00293
v 8769.99805 4498.00049 -5991.00293
v 8700.99805 4327.00049 -5866.00342
v 8769.99805 4498.00049 -5991.00293
v 8457.99805 4359.00049 -6066.00293
v 8554.99805 4455.00049 -6136.00342
v 8250.99805 4589.00049 -6131.00293
v 8554.99805 4455.00049 -6136.00342
v 8457.99805 4359.00049 -6066.00293
v 8554.99805 4455.00049 -6136.00342
v 8250.99805 4589.00049 -6131.00293
v 8444.99805 4688.00049 -6183.00342
v 8765.99805 4244 -5885.00342
v 8457.99805 4359.00049 -6066.00293
v 8700.99805 4327.00049 -5866.00342
v 8457.99805 4359.00049 -6066.00293
v 8765.99805 4244 -5885.00342
v 8464.99805 4281 -6135.00293
v 8464.99805 4281 -6135.00293
v 8250.99805 4589.00049 -6131.00293
v 8457.99805 4359.00049 -6066.00293
v 8250.99805 4589.00049 -6131.00293
v 8464.99805 4281 -6135.00293
v 8206.99805 4565 -6219.00293
v -3238.00366 2778.00024 -9228.99902
v -3192.00366 2447.00024 -9393.99902
v -3268.00366 2482.00024 -9335.99902
v -3192.00366 2447.00024 -9393.99902
v -3238.00366 2778.00024 -9228.99902
v -3152.00366 2815.00049 -9261.99805
v -3435.00342 2990.00024 -9103.99805
v -3152.00366 2815.00049 -9261.99805
v -3238.00366 2778.00024 -9228.99902
v -3152.00366 2815.00049 -9261.99805
v -3435.00342 2990.00024 -9103.99805
v -3394.00342 3081.00024 -9103.99805
v -3743.00342 2996.00049 -9032.99805
v -3394.00342 3081.00024 -9103.99805
v -3435.00342 2990.00024 -9103.99805
v -3394.00342 3081.00024 -9103.99805
v -3743.00342 2996.00049 -9032.99805
v -3776.00366 3090.00024 -9014.99805
v -3405.00366 2592.00049 -9472.99902
v -3238.00366 2778.00024 -9228.99902
v -3268.00366 2482.00024 -9335.99902
v -3238.00366 2778.00024 -9228.99902
v -3405.00366 2592.00049 -9472.99902
v -3318.00366 2809.00049 -9355.99805
v -3526.00391 2960.00049 -9304.99805
v -3238.00366 2778.00024 -9228.99902
v -3318.00366 2809.00049 -9355.99805
v -3238.00366 2778.00024 -9228.99902
v -3526.00391 2960.00049 -9304.99805
v -3435.00342 2990.00024 -9103.99805
v -3526.00391 2960.00049 -9304.99805
v -3743.00342 2996.00049 -9032.99805
v -3435.00342 2990.00024 -9103.99805
v -3743.00342 2996.00049 -9032.99805
v -3526.00391 2960.00049 -9304.99805
v -3757.00366 2999.00024 -9186.99805
v -3922.00366 2815.00049 -9272.99805
v -3743.00342 2996.00049 -9032.99805
v -3757.00366 2999.00024 -9186.99805
v -3743.00342 2996.00049 -9032.99805
v -3922.00366 2815.00049 -9272.99805
v -3982.00342 2790.00049 -9059.99805
v -3982.00342 2790.00049 -9059.99805
v -3776.00366 3090.00024 -9014.99805
v -3743.00342 2996.00049 -9032.99805
v -3776.00366 3090.00024 -9014.99805
v -3982.00342 2790.00049 -9059.99805
v -4075.00342 2837.00024 -9044.99805
v -3506.00391 2276.00049 -9361.99902
v -3405.00366 2592.00049 -9472.99902
v -3268.00366 2482.00024 -9335.99902
v -3405.00366 2592.00049 -9472.99902
v -3506.00391 2276.00049 -9361.99902
v -3551.00391 2374.00024 -9471.99902
v -3685.00342 2740.00024 -9468.99902
v -3405.00366 2592.00049 -9472.99902
v -3551.00391 2374.00024 -9471.99902
v -3405.00366 2592.00049 -9472.99902
v -3685.00342 2740.00024 -9468.99902
v -3318.00366 2809.00049 -9355.99805
v -3685.00342 2740.00024 -9468.99902
v -3526.00391 2960.00049 -9304.99805
v -3318.00366 2809.00049 -9355.99805
v -3526.00391 2960.00049 -9304.99805
v -3685.00342 2740.00024 -9468.99902
v -3757.00366 2999.00024 -9186.99805
v -3757.00366 2999.00024 -9186.99805
v -3685.00342 2740.00024 -9468.99902
v -3922.00366 2815.00049 -9272.99805
v -3922.00366 2815.00049 -9272.99805
v -3685.00342 2740.00024 -9468.99902
v -3990.00342 2564.00024 -9301.99805
v -4011.00366 2494.00049 -9166.99805
v -3922.00366 2815.00049 -9272.99805
v -3990.00342 2564.00024 -9301.99805
v -3922.00366 2815.00049 -9272.99805
v -4011.00366 2494.00049 -9166.99805
v -3982.00342 2790.00049 -9059.99805
v -4011.00366 2494.00049 -9166.99805
v -4075.00342 2837.00024 -9044.99805
v -3982.00342 2790.00049 -9059.99805
v -4075.00342 2837.00024 -9044.99805
v -4011.00366 2494.00049 -9166.99805
v -4115.00342 2469.00049 -9177.99805
v -3814.00366 2281.00049 -9291.99805
v -4115.00342 2469.00049 -9177.99805
v -4011.00366 2494.00049 -9166.99805
v -3506.00391 2276.00049 -9361.99902
v -3801.00391 2447.00049 -9441.99805
v -3551.00391 2374.00024 -9471.99902
v -3801.00391 2447.00049 -9441.99805
v -3685.00342 2740.00024 -9468.99902
v -3551.00391 2374.00024 -9471.99902
v -3685.00342 2740.00024 -9468.99902
v -3801.00391 2447.00049 -9441.99805
v -3990.00342 2564.00024 -9301.99805
v -3801.00391 2447.00049 -9441.99805
v -4011.00366 2494.00049 -9166.99805
v -3990.00342 2564.00024 -9301.99805
v -4011.00366 2494.00049 -9166.99805
v -3801.00391 2447.00049 -9441.99805
v -3814.00366 2281.00049 -9291.99805
v -3801.00391 2447.00049 -9441.99805
v -3506.00391 2276.00049 -9361.99902
v -3814.00366 2281.00049 -9291.99805
v -5889.00342 3884.00049 -8013.99756
v -5894.00342 3554.00049 -8187.99756
v -5951.00293 3590.00024 -8110.99756
v -5894.00342 3554.00049 -8187.99756
v -5889.00342 3884.00049 -8013.99756
v -5814.00293 3920 -8067.99756
v -6042.00293 4099.00049 -7839.99707
v -5814.00293 3920 -8067.99756
v -5889.00342 3884.00049 -8013.99756
v -5814.00293 3920 -8067.99756
v -6042.00293 4099.00049 -7839.99707
v -6001.00293 4189.00049 -7850.99707
v -6320.00342 4108.00049 -7690.99707
v -6001.00293 4189.00049 -7850.99707
v -6042.00293 4099.00049 -7839.99707
v -6001.00293 4189.00049 -7850.99707
v -6320.00342 4108.00049 -7690.99707
v -6345.00342 4203.00049 -7663.99756
v -6118.00342 3704.00049 -8206.99805
v -5889.00342 3884.00049 -8013.99756
v -5951.00293 3590.00024 -8110.99756
v -5889.00342 3884.00049 -8013.99756
v -6118.00342 3704.00049 -8206.99805
v -5999.00293 3918 -8115.99805
v -6183.00293 4072.00049 -8010.99756
v -5889.00342 3884.00049 -8013.99756
v -5999.00293 3918 -8115.99805
v -5889.00342 3884.00049 -8013.99756
v -6183.00293 4072.00049 -8010.99756
v -6042.00293 4099.00049 -7839.99707
v -6183.00293 4072.00049 -8010.99756
v -6320.00342 4108.00049 -7690.99707
v -6042.00293 4099.00049 -7839.99707
v -6320.00342 4108.00049 -7690.99707
v -6183.00293 4072.00049 -8010.99756
v -6374.00293 4113.00049 -7834.99756
v -6559.00244 3933.00024 -7875.99707
v -6320.00342 4108.00049 -7690.99707
v -6374.00293 4113.00049 -7834.99756
v -6320.00342 4108.00049 -7690.99707
v -6559.00244 3933.00024 -7875.99707
v -6561.00293 3907.00024 -7653.99756
v -6561.00293 3907.00024 -7653.99756
v -6345.00342 4203.00049 -7663.99756
v -6320.00342 4108.00049 -7690.99707
v -6345.00342 4203.00049 -7663.99756
v -6561.00293 3907.00024 -7653.99756
v -6646.00293 3955.00024 -7614.99756
v -6192.00293 3389.00024 -8074.99756
v -6118.00342 3704.00049 -8206.99805
v -5951.00293 3590.00024 -8110.99756
v -6118.00342 3704.00049 -8206.99805
v -6192.00293 3389.00024 -8074.99756
v -6262.00391 3488.00049 -8167.99756
v -6383.00293 3857.00024 -8127.99756
v -6118.00342 3704.00049 -8206.99805
v -6262.00391 3488.00049 -8167.99756
v -6118.00342 3704.00049 -8206.99805
v -6383.00293 3857.00024 -8127.99756
v -5999.00293 3918 -8115.99805
v -6383.00293 3857.00024 -8127.99756
v -6183.00293 4072.00049 -8010.99756
v -5999.00293 3918 -8115.99805
v -6183.00293 4072.00049 -8010.99756
v -6383.00293 3857.00024 -8127.99756
v -6374.00293 4113.00049 -7834.99756
v -6374.00293 4113.00049 -7834.99756
v -6383.00293 3857.00024 -8127.99756
v -6559.00244 3933.00024 -7875.99707
v -6559.00244 3933.00024 -7875.99707
v -6383.00293 3857.00024 -8127.99756
v -6637.00244 3683.00024 -7887.99707
v -6624.00293 3613 -7751.99707
v -6559.00244 3933.00024 -7875.99707
v -6637.00244 3683.00024 -7887.99707
v -6559.00244 3933.00024 -7875.99707
v -6624.00293 3613 -7751.99707
v -6561.00293 3907.00024 -7653.99756
v -6624.00293 3613 -7751.99707
v -6646.00293 3955.00024 -7614.99756
v -6561.00293 3907.00024 -7653.99756
v -6646.00293 3955.00024 -7614.99756
v -6624.00293 3613 -7751.99707
v -6727.00244 3590.00024 -7734.99707
v -6471.00293 3398.00024 -7925.99707
v -6727.00244 3590.00024 -7734.99707
v -6624.00293 3613 -7751.99707
v -6192.00293 3389.00024 -8074.99756
v -6494.00293 3565.00049 -8072.99707
v -6262.00391 3488.00049 -8167.99756
v -6494.00293 3565.00049 -8072.99707
v -6383.00293 3857.00024 -8127.99756
v -6262.00391 3488.00049 -8167.99756
v -6383.00293 3857.00024 -8127.99756
v -6494.00293 3565.00049 -8072.99707
v -6637.00244 3683.00024 -7887.99707
v -6494.00293 3565.00049 -8072.99707
v -6624.00293 3613 -7751.99707
v -6637.00244 3683.00024 -7887.99707
v -6624.00293 3613 -7751.99707
v -6494.00293 3565.00049 -8072.99707
v -6471.00293 3398.00024 -7925.99707
v -6494.00293 3565.00049 -8072.99707
v -6192.00293 3389.00024 -8074.99756
v -6471.00293 3398.00024 -7925.99707
v -8201.00195 4882.00049 -6022.99658
v -8207.00195 4565 -6218.99658
v -8251.00195 4589.00049 -6130.99658
v -8207.00195 4565 -6218.99658
v -8201.00195 4882.00049 -6022.99658
v -8143.00244 4929.00049 -6087.99658
v -8338.00195 5066.00049 -5805.99707
v -8143.00244 4929.00049 -6087.99658
v -8201.00195 4882.00049 -6022.99658
v -8143.00244 4929.00049 -6087.99658
v -8338.00195 5066.00049 -5805.99707
v -8309.00195 5161 -5817.99658
v -8581.00195 5034.00049 -5605.99658
v -8309.00195 5161 -5817.99658
v -8338.00195 5066.00049 -5805.99707
v -8309.00195 5161 -5817.99658
v -8581.00195 5034.00049 -5605.99658
v -8610.00195 5124 -5566.99658
v -8445.00195 4688.00049 -6182.99707
v -8201.00195 4882.00049 -6022.99658
v -8251.00195 4589.00049 -6130.99658
v -8201.00195 4882.00049 -6022.99658
v -8445.00195 4688.00049 -6182.99707
v -8332.00195 4909.00049 -6098.99658
v -8507.00195 5033 -5947.99609
v -8201.00195 4882.00049 -6022.99658
v -8332.00195 4909.00049 -6098.99658
v -8201.00195 4882.00049 -6022.99658
v -8507.00195 5033 -5947.99609
v -8338.00195 5066.00049 -5805.99707
v -8507.00195 5033 -5947.99609
v -8581.00195 5034.00049 -5605.99658
v -8338.00195 5066.00049 -5805.99707
v -8581.00195 5034.00049 -5605.99658
v -8507.00195 5033 -5947.99609
v -8662.00195 5042 -5736.99658
v -8833.00195 4844 -5755.99658
v -8581.00195 5034.00049 -5605.99658
v -8662.00195 5042 -5736.99658
v -8581.00195 5034.00049 -5605.99658
v -8833.00195 4844 -5755.99658
v -8788.00195 4804 -5540.99609
v -8788.00195 4804 -5540.99609
v -8610.00195 5124 -5566.99658
v -8581.00195 5034.00049 -5605.99658
v -8610.00195 5124 -5566.99658
v -8788.00195 4804 -5540.99609
v -8868.00195 4840 -5482.99658
v -8458.00195 4359.00049 -6065.99609
v -8445.00195 4688.00049 -6182.99707
v -8251.00195 4589.00049 -6130.99658
v -8445.00195 4688.00049 -6182.99707
v -8458.00195 4359.00049 -6065.99609
v -8555.00195 4455.00049 -6135.99658
v -8703.00195 4803.00049 -6042.99658
v -8445.00195 4688.00049 -6182.99707
v -8555.00195 4455.00049 -6135.99658
v -8445.00195 4688.00049 -6182.99707
v -8703.00195 4803.00049 -6042.99658
v -8332.00195 4909.00049 -6098.99658
v -8703.00195 4803.00049 -6042.99658
v -8507.00195 5033 -5947.99609
v -8332.00195 4909.00049 -6098.99658
v -8507.00195 5033 -5947.99609
v -8703.00195 4803.00049 -6042.99658
v -8662.00195 5042 -5736.99658
v -8662.00195 5042 -5736.99658
v -8703.00195 4803.00049 -6042.99658
v -8833.00195 4844 -5755.99658
v -8833.00195 4844 -5755.99658
v -8703.00195 4803.00049 -6042.99658
v -8885.00195 4588 -5772.99658
v -8837.00195 4511 -5648.99658
v -8833.00195 4844 -5755.99658
v -8885.00195 4588 -5772.99658
v -8833.00195 4844 -5755.99658
v -8837.00195 4511 -5648.99658
v -8788.00195 4804 -5540.99609
v -8837.00195 4511 -5648.99658
v -8868.00195 4840 -5482.99658
v -8788.00195 4804 -5540.99609
v -8868.00195 4840 -5482.99658
v -8837.00195 4511 -5648.99658
v -8932.00195 4475 -5613.99658
v -8701.00195 4327.00049 -5865.99658
v -8932.00195 4475 -5613.99658
v -8837.00195 4511 -5648.99658
v -8458.00195 4359.00049 -6065.99609
v -8770.00195 4498.00049 -5990.99609
v -8555.00195 4455.00049 -6135.99658
v -8770.00195 4498.00049 -5990.99609
v -8703.00195 4803.00049 -6042.99658
v -8555.00195 4455.00049 -6135.99658
v -8703.00195 4803.00049 -6042.99658
v -8770.00195 4498.00049 -5990.99609
v -8885.00195 4588 -5772.99658
v -8770.00195 4498.00049 -5990.99609
v -8837.00195 4511 -5648.99658
v -8885.00195 4588 -5772.99658
v -8837.00195 4511 -5648.99658
v -8770.00195 4498.00049 -5990.99609
v -8701.00195 4327.00049 -5865.99658
v -8770.00195 4498.00049 -5990.99609
v -8458.00195 4359.00049 -6065.99609
v -8701.00195 4327.00049 -5865.99658

# 567 UV coordinates
vt 0.1646 0.155699998 0
vt 0.172999993 0.0504000001 0
vt 0.436399996 0.0450999998 0
vt 0.137999997 0.238800004 0
vt 0.354699999 0.692499995 0
vt 0.0935000032 0.294099987 0
vt 0.0419000015 0.421499997 0
vt 0.0529999994 0.3046 0
vt 0.796700001 0.329100013 0
vt 0.784399986 0.0379000008 0
vt 0.858799994 0.161200002 0
vt 0.868300021 0.115699999 0
vt 0.861199975 0.0350000001 0
vt 0.0197999999 0.969500005 0
vt 0.0260000005 0.572399974 0
vt 0.0237000007 0.567700028 0
vt 0.023 0.570599973 0
vt 0.0266999993 0.568499982 0
vt 0.0265999995 0.564300001 0
vt 0.0237000007 0.564499974 0
vt 0.0232999995 0.56129998 0
vt 0.0262000002 0.560199976 0
vt 0.0250000004 0.556400001 0
vt 0.0221999995 0.558499992 0
vt 0.0342000015 0.569700003 0
vt 0.0339000002 0.563899994 0
vt 0.0333999991 0.558000028 0
vt 0.0324999988 0.55309999 0
vt 0.0425999984 0.556999981 0
vt 0.0423999988 0.551800013 0
vt 0.0524000004 0.552100003 0
vt 0.0339000002 0.574699998 0
vt 0.0434000008 0.569500029 0
vt 0.0430000015 0.563300014 0
vt 0.0518999994 0.556999981 0
vt 0.0577999987 0.558099985 0
vt 0.0590000004 0.5546 0
vt 0.0627000034 0.558399975 0
vt 0.0439000018 0.574699998 0
vt 0.0537 0.573099971 0
vt 0.0526000001 0.568300009 0
vt 0.0520000011 0.562699974 0
vt 0.0577000007 0.562300026 0
vt 0.0614 0.562099993 0
vt 0.0637999997 0.56190002 0
vt 0.0434000008 0.579999983 0
vt 0.0538000017 0.576399982 0
vt 0.0526000001 0.581200004 0
vt 0.0582999997 0.583100021 0
vt 0.0599000007 0.57980001 0
vt 0.0631000027 0.583999991 0
vt 0.0342000015 0.57980001 0
vt 0.0428999998 0.586199999 0
vt 0.0518999994 0.586899996 0
vt 0.057599999 0.587199986 0
vt 0.0612999983 0.587499976 0
vt 0.0637999997 0.587599993 0
vt 0.0627000034 0.591099977 0
vt 0.0260000005 0.577099979 0
vt 0.0266999993 0.580900013 0
vt 0.0265999995 0.585099995 0
vt 0.0339000002 0.585600019 0
vt 0.0333999991 0.591400027 0
vt 0.0425999984 0.592499971 0
vt 0.0518000014 0.592499971 0
vt 0.0229000002 0.578800023 0
vt 0.0236000009 0.581700027 0
vt 0.0236000009 0.584999979 0
vt 0.0261000004 0.589299977 0
vt 0.0232999995 0.588199973 0
vt 0.0249000005 0.592999995 0
vt 0.0324999988 0.596400023 0
vt 0.0423000008 0.5977 0
vt 0.0522999987 0.59740001 0
vt 0.0229000002 0.585099995 0
vt 0.0226000007 0.587800026 0
vt 0.0207000002 0.590300024 0
vt 0.0205000006 0.589600027 0
vt 0.0174000002 0.589999974 0
vt 0.0176999997 0.589299977 0
vt 0.0153000001 0.587400019 0
vt 0.0210999995 0.582899988 0
vt 0.0214000009 0.585500002 0
vt 0.0216000006 0.587300003 0
vt 0.0199999996 0.588100016 0
vt 0.0182000007 0.58829999 0
vt 0.0216000006 0.582300007 0
vt 0.0184000004 0.582599998 0
vt 0.0206000004 0.583899975 0
vt 0.0194000006 0.586099982 0
vt 0.0174000002 0.586700022 0
vt 0.0159000009 0.587199986 0
vt 0.0182000007 0.581900001 0
vt 0.0162000004 0.584399998 0
vt 0.0187999997 0.584100008 0
vt 0.0172000006 0.584900022 0
vt 0.0155999996 0.583999991 0
vt 0.0221999995 0.590900004 0
vt 0.0588999987 0.595000029 0
vt 0.0577999987 0.591400027 0
vt 0.0631999969 0.565500021 0
vt 0.0584000014 0.566399992 0
vt 0.0599999987 0.569800019 0
vt 0.0379999988 0.0997999981 0
vt 0.0494000018 0.112000003 0
vt 0.0524999984 0.103100002 0
vt 0.0364000015 0.108999997 0
vt 0.0350000001 0.118100002 0
vt 0.0478000008 0.120899998 0
vt 0.0628999993 0.121100001 0
vt 0.0631000027 0.112099998 0
vt 0.0241 0.0988999978 0
vt 0.0241 0.107799999 0
vt 0.0229000002 0.116700001 0
vt 0.0197999999 0.0991000012 0
vt 0.0203000009 0.107600003 0
vt 0.0190999992 0.116099998 0
vt 0.0179999992 0.1149 0
vt 0.0189999994 0.107600003 0
vt 0.0142000001 0.114399999 0
vt 0.0144999996 0.107600003 0
vt 0.0186000001 0.100199997 0
vt 0.00980000012 0.101300001 0
vt 0.00389999989 0.104900002 0
vt 0.067900002 0.0869999975 0
vt 0.0522000007 0.0786999986 0
vt 0.067400001 0.0777999982 0
vt 0.0529999994 0.0879999995 0
vt 0.0388000011 0.0886999965 0
vt 0.0386000015 0.0794999972 0
vt 0.0252999999 0.0877000019 0
vt 0.0259000007 0.0789000019 0
vt 0.0212999992 0.0872000009 0
vt 0.0218000002 0.0788000003 0
vt 0.0540999994 0.0967999995 0
vt 0.0386999995 0.0976999998 0
vt 0.0241999999 0.0966000035 0
vt 0.0198999997 0.0957000032 0
vt 0.0186999999 0.0943000019 0
vt 0.0198999997 0.0870999992 0
vt 0.0205000006 0.0798000023 0
vt 0.0683000013 0.0960000008 0
vt 0.0775000006 0.0956000015 0
vt 0.0771000013 0.0865999982 0
vt 0.0165999997 0.0794999972 0
vt 0.0113000004 0.0856000036 0
vt 0.0100999996 0.0923999995 0
vt 0.00329999998 0.0913999975 0
vt 0.550700009 0.243000001 0
vt 0.566699982 0.240799993 0
vt 0.561999977 0.248099998 0
vt 0.557099998 0.233099997 0
vt 0.545599997 0.224299997 0
vt 0.536599994 0.239199996 0
vt 0.535700023 0.2183 0
vt 0.516300023 0.238999993 0
vt 0.529299974 0.218600005 0
vt 0.539399981 0.169100001 0
vt 0.526499987 0.193200007 0
vt 0.527100027 0.168899998 0
vt 0.539300025 0.194000006 0
vt 0.552100003 0.193200007 0
vt 0.551699996 0.168899998 0
vt 0.424100012 0.316500008 0
vt 0.422800004 0.305599988 0
vt 0.430900007 0.311699986 0
vt 0.416099995 0.309100002 0
vt 0.416299999 0.320499986 0
vt 0.409200013 0.312400013 0
vt 0.407799989 0.323199987 0
vt 0.401899993 0.314700007 0
vt 0.399199992 0.325500011 0
vt 0.394800007 0.316500008 0
vt 0.423599988 0.355599999 0
vt 0.419099987 0.345499992 0
vt 0.426699996 0.344900012 0
vt 0.417400002 0.356700003 0
vt 0.410299987 0.347299993 0
vt 0.409799993 0.358599991 0
vt 0.399300009 0.351599991 0
vt 0.400000006 0.362300009 0
vt 0.387899995 0.35710001 0
vt 0.389699996 0.366600007 0
vt 0.516900003 0.254400015 0
vt 0.638800025 0.256500006 0
vt 0.639599979 0.254200011 0
vt 0.510699987 0.257299989 0
vt 0.637700021 0.259499997 0
vt 0.641499996 0.256900012 0
vt 0.640399992 0.254700005 0
vt 0.506099999 0.26030001 0
vt 0.504299998 0.256700009 0
vt 0.50940001 0.254799992 0
vt 0.515999973 0.252999991 0
vt 0.641700029 0.260100007 0
vt 0.449499995 0.320499986 0
vt 0.454299986 0.317299992 0
vt 0.451400012 0.318500012 0
vt 0.488700002 0.32069999 0
vt 0.487800002 0.317400008 0
vt 0.455300003 0.315299988 0
vt 0.451200008 0.317499995 0
vt 0.451099992 0.313199997 0
vt 0.448399991 0.313699991 0
vt 0.448300004 0.317299992 0
vt 0.449200004 0.325100005 0
vt 0.490099996 0.325300008 0
vt 0.444000006 0.315800011 0
vt 0.454299986 0.313199997 0
vt 0.487800002 0.313300014 0
vt 0.449499995 0.309899986 0
vt 0.451400012 0.312000006 0
vt 0.487599999 0.315299988 0
vt 0.488700002 0.310000002 0
vt 0.449299991 0.305000007 0
vt 0.490200013 0.305099994 0
vt 0.554899991 0.0874999985 0
vt 0.557900012 0.1162 0
vt 0.553499997 0.116099998 0
vt 0.560199976 0.0877000019 0
vt 0.566900015 0.111400001 0
vt 0.567799985 0.0930999964 0
vt 0.572399974 0.105899997 0
vt 0.57160002 0.0966999978 0
vt 0.573000014 0.101199999 0
vt 0.4296 0.340900004 0
vt 0.444299996 0.330900013 0
vt 0.436100006 0.324900001 0
vt 0.4375 0.348699987 0
vt 0.385399997 0.352100015 0
vt 0.386900008 0.324699998 0
vt 0.376100004 0.349599987 0
vt 0.396200001 0.328500003 0
vt 0.424800009 0.324600011 0
vt 0.426600009 0.34040001 0
vt 0.433099985 0.324400008 0
vt 0.418900013 0.341100007 0
vt 0.416000009 0.325500011 0
vt 0.410100013 0.342999995 0
vt 0.407299995 0.327199996 0
vt 0.399300009 0.347600013 0
vt 0.398699999 0.32949999 0
vt 0.387899995 0.353100002 0
vt 0.167400002 0.0264999997 0
vt 0.175400004 0.0242999997 0
vt 0.169 0.0286999997 0
vt 0.173700005 0.0219000001 0
vt 0.182799995 0.0190999992 0
vt 0.180999994 0.0165999997 0
vt 0.1919 0.00899999961 0
vt 0.193499997 0.0113000004 0
vt 0.2095 0.0507999994 0
vt 0.156100005 0.0535999984 0
vt 0.2095 0.0535999984 0
vt 0.156100005 0.0507999994 0
vt 0.2095 0.0480999984 0
vt 0.156100005 0.0480999984 0
vt 0.156100005 0.0454000011 0
vt 0.2095 0.0454000011 0
vt 0.2095 0.0427000001 0
vt 0.156100005 0.0427000001 0
vt 0.156100005 0.0399000011 0
vt 0.2095 0.0399000011 0
vt 0.2095 0.0372000001 0
vt 0.156100005 0.0372000001 0
vt 0.2095 0.0344999991 0
vt 0.156100005 0.0344999991 0
vt 0.156100005 0.0317000002 0
vt 0.2095 0.0317000002 0
vt 0.370700002 0.337900013 0
vt 0.384499997 0.323799998 0
vt 0.373699993 0.3486 0
vt 0.381500006 0.317000002 0
vt 0.367399991 0.327899992 0
vt 0.377799988 0.310400009 0
vt 0.363900006 0.32100001 0
vt 0.373199999 0.304199994 0
vt 0.360500008 0.315600008 0
vt 0.368400007 0.298400015 0
vt 0.510699987 0.267199993 0
vt 0.637700021 0.263500005 0
vt 0.506099999 0.264299989 0
vt 0.638899982 0.266499996 0
vt 0.51700002 0.270000011 0
vt 0.639699996 0.268700004 0
vt 0.518599987 0.1162 0
vt 0.521600008 0.0874999985 0
vt 0.523000002 0.116099998 0
vt 0.516300023 0.0877000019 0
vt 0.509599984 0.111400001 0
vt 0.508700013 0.0930999964 0
vt 0.504100025 0.105899997 0
vt 0.504899979 0.0966999978 0
vt 0.503499985 0.101199999 0
vt 0.517400026 0.0114000002 0
vt 0.510800004 0.00999999978 0
vt 0.512300014 0.00749999983 0
vt 0.515699983 0.0171000008 0
vt 0.507200003 0.0188999996 0
vt 0.503899992 0.0110999998 0
vt 0.499000013 0.0131999999 0
vt 0.501999974 0.023 0
vt 0.510800004 0.0260000005 0
vt 0.506600022 0.0318999998 0
vt 0.520200014 0.0124000004 0
vt 0.524699986 0.0171000008 0
vt 0.520200014 0.0232999995 0
vt 0.523000002 0.0114000002 0
vt 0.529600024 0.00999999978 0
vt 0.533200026 0.0188999996 0
vt 0.529600024 0.0260000005 0
vt 0.525200009 0.0320999995 0
vt 0.520200014 0.0348000005 0
vt 0.515200019 0.0320999995 0
vt 0.512899995 0.0390000008 0
vt 0.528100014 0.00749999983 0
vt 0.520200014 0.0434000008 0
vt 0.527499974 0.0390000008 0
vt 0.533800006 0.0318999998 0
vt 0.538399994 0.023 0
vt 0.541400015 0.0131999999 0
vt 0.536499977 0.0110999998 0
vt 0.540799975 0.0771000013 0
vt 0.549499989 0.0751999989 0
vt 0.542699993 0.0807999969 0
vt 0.547299981 0.0716999993 0
vt 0.552600026 0.0741000026 0
vt 0.552600026 0.0676999986 0
vt 0.557900012 0.0716999993 0
vt 0.555700004 0.0751999989 0
vt 0.564400017 0.0771000013 0
vt 0.562399983 0.0807999969 0
vt 0.543200016 0.0716999993 0
vt 0.547999978 0.0672999993 0
vt 0.552600026 0.0634000003 0
vt 0.557200015 0.0672999993 0
vt 0.561999977 0.0716999993 0
vt 0.571799994 0.0755999982 0
vt 0.533399999 0.0754999965 0
vt 0.536499977 0.0659999996 0
vt 0.546000004 0.0666999966 0
vt 0.549300015 0.0621000007 0
vt 0.552600026 0.0581 0
vt 0.555999994 0.0621999986 0
vt 0.559199989 0.0666999966 0
vt 0.529299974 0.0744000003 0
vt 0.531499982 0.0627000034 0
vt 0.539699972 0.058699999 0
vt 0.542800009 0.0559 0
vt 0.546299994 0.054299999 0
vt 0.550400019 0.053199999 0
vt 0.554899991 0.053199999 0
vt 0.525699973 0.0732999966 0
vt 0.522300005 0.071800001 0
vt 0.527199984 0.060800001 0
vt 0.5352 0.0568999983 0
vt 0.538600028 0.0533999987 0
vt 0.543900013 0.0507000014 0
vt 0.547500014 0.0500999987 0
vt 0.552600026 0.0498000011 0
vt 0.532599986 0.0494999997 0
vt 0.534300029 0.050999999 0
vt 0.538900018 0.0480000004 0
vt 0.541999996 0.0502000004 0
vt 0.54519999 0.0467999987 0
vt 0.549399972 0.0461999997 0
vt 0.538699985 0.0441999994 0
vt 0.542299986 0.0447999984 0
vt 0.541899979 0.0397999994 0
vt 0.54369998 0.0430000015 0
vt 0.552600026 0.0423000008 0
vt 0.554799974 0.0467000008 0
vt 0.557799995 0.0500999987 0
vt 0.552600026 0.0359000005 0
vt 0.561500013 0.0430000015 0
vt 0.560100019 0.0467999987 0
vt 0.56129998 0.0507999994 0
vt 0.559000015 0.054299999 0
vt 0.5625 0.0559 0
vt 0.563399971 0.0399000011 0
vt 0.566500008 0.0441999994 0
vt 0.563000023 0.0447999984 0
vt 0.566399992 0.0480000004 0
vt 0.563300014 0.0502000004 0
vt 0.566600025 0.0533999987 0
vt 0.572600007 0.0494999997 0
vt 0.570900023 0.0511000007 0
vt 0.569999993 0.0568999983 0
vt 0.565500021 0.058699999 0
vt 0.568799973 0.0659999996 0
vt 0.578000009 0.060899999 0
vt 0.573700011 0.0627000034 0
vt 0.575900018 0.074500002 0
vt 0.582899988 0.0719000027 0
vt 0.57950002 0.0732999966 0
vt 0.151500002 0.00620000018 0
vt 0.185399994 0.00340000005 0
vt 0.185399994 0.00620000018 0
vt 0.151500002 0.00340000005 0
vt 0.125100002 0.00350000011 0
vt 0.125100002 0.00620000018 0
vt 0.0975999981 0.00350000011 0
vt 0.0976999998 0.00630000001 0
vt 0.0842999965 0.00630000001 0
vt 0.0842999965 0.00350000011 0
vt 0.137899995 0.0456000008 0
vt 0.143399999 0.0500999987 0
vt 0.144099995 0.0482000001 0
vt 0.137199998 0.0474999994 0
vt 0.142499998 0.0518999994 0
vt 0.136399999 0.0493000001 0
vt 0.135499999 0.0511000007 0
vt 0.141399994 0.0535999984 0
vt 0.1347 0.0529999994 0
vt 0.140599996 0.0553000011 0
vt 0.133100003 0.0461000018 0
vt 0.132599995 0.0480000004 0
vt 0.131999999 0.0500000007 0
vt 0.131500006 0.0518999994 0
vt 0.134100005 0.0549999997 0
vt 0.140000001 0.0571999997 0
vt 0.139599994 0.0590999983 0
vt 0.133699998 0.0441000015 0
vt 0.129700005 0.0452000014 0
vt 0.129099995 0.0472000018 0
vt 0.128600001 0.0491000004 0
vt 0.128299996 0.0511000007 0
vt 0.130899996 0.0538999997 0
vt 0.133599997 0.0568999983 0
vt 0.130199999 0.0432999991 0
vt 0.126000002 0.0423000008 0
vt 0.125599995 0.0443000011 0
vt 0.125300005 0.0463000014 0
vt 0.124899998 0.0483999997 0
vt 0.124700002 0.0505000018 0
vt 0.128000006 0.0531000011 0
vt 0.122400001 0.0439999998 0
vt 0.122400001 0.0461000018 0
vt 0.122299999 0.0482000001 0
vt 0.122199997 0.0504000001 0
vt 0.122000001 0.0524999984 0
vt 0.124600001 0.0527000017 0
vt 0.122299999 0.0419999994 0
vt 0.117299996 0.0441000015 0
vt 0.117700003 0.0461000018 0
vt 0.118100002 0.0482000001 0
vt 0.118199997 0.0502000004 0
vt 0.117899999 0.0522000007 0
vt 0.121799998 0.054299999 0
vt 0.117200002 0.0421000011 0
vt 0.110600002 0.0445000008 0
vt 0.111000001 0.0465000011 0
vt 0.111400001 0.0485000014 0
vt 0.111500002 0.0505000018 0
vt 0.111299999 0.0524999984 0
vt 0.1175 0.054299999 0
vt 0.110399999 0.0425000004 0
vt 0.1052 0.0450000018 0
vt 0.105099998 0.0469000004 0
vt 0.104999997 0.0489000008 0
vt 0.105099998 0.0507999994 0
vt 0.105099998 0.0428999998 0
vt 0.100199997 0.0430999994 0
vt 0.100100003 0.0450999998 0
vt 0.100000001 0.0471000001 0
vt 0.0998999998 0.0491000004 0
vt 0.100000001 0.0511000007 0
vt 0.100299999 0.0531000011 0
vt 0.105400003 0.0527000017 0
vt 0.0952999964 0.0428999998 0
vt 0.0951000005 0.0449000001 0
vt 0.0947000012 0.0469999984 0
vt 0.0944999978 0.0491999984 0
vt 0.0945999995 0.0513999984 0
vt 0.0951000005 0.0535000004 0
vt 0.0954999998 0.0555000007 0
vt 0.100500003 0.0551000014 0
vt 0.105700001 0.0546999983 0
vt 0.111199997 0.0544999987 0
vt 0.124399997 0.0548 0
vt 0.127700001 0.0549000017 0
vt 0.130199999 0.0559 0
vt 0.54430002 0.115999997 0
vt 0.55309999 0.0874999985 0
vt 0.551699996 0.116099998 0
vt 0.545700014 0.0868000016 0
vt 0.538200021 0.115599997 0
vt 0.538200021 0.0863000005 0
vt 0.530600011 0.0868000016 0
vt 0.532000005 0.115999997 0
vt 0.523199975 0.0874999985 0
vt 0.524600029 0.116099998 0
vt 0.174500003 0.0165999997 0
vt 0.185399994 0.00899999961 0
vt 0.151500002 0.00939999986 0
vt 0.143600002 0.0267999992 0
vt 0.167699993 0.0226000007 0
vt 0.162699997 0.0285 0
vt 0.125300005 0.0121999998 0
vt 0.119900003 0.0256999992 0
vt 0.0983999968 0.0176999997 0
vt 0.0859000012 0.0222999994 0
vt 0.111100003 0.0904999971 0
vt 0.114500001 0.0948000029 0
vt 0.110699996 0.0848999992 0
vt 0.126300007 0.0842999965 0
vt 0.1131 0.0791999996 0
vt 0.122500002 0.0722000003 0
vt 0.117899999 0.075000003 0
vt 0.1259 0.0975999981 0
vt 0.130799994 0.0965000018 0
vt 0.120200001 0.0974000022 0
vt 0.105999999 0.108000003 0
vt 0.0925000012 0.113200001 0
vt 0.104800001 0.112899996 0
vt 0.0882000029 0.105300002 0
vt 0.0917000026 0.0974000022 0
vt 0.0850000009 0.0975999981 0
vt 0.0834999979 0.0908000022 0
vt 0.0922999978 0.0907000005 0
vt 0.0913000032 0.0841000006 0
vt 0.0843999982 0.0841000006 0
vt 0.0856000036 0.0785999969 0
vt 0.107100002 0.102399997 0
vt 0.107900001 0.0961999968 0
vt 0.108099997 0.0904999971 0
vt 0.107699998 0.0848999992 0
vt 0.106600001 0.0786999986 0
vt 0.0894000009 0.0754999965 0
vt 0.0876000002 0.0702000037 0
vt 0.103600003 0.0672999993 0
vt 0.104999997 0.0725999996 0
vt 0.217199996 0.0454000011 0
vt 0.217199996 0.0427000001 0
vt 0.215299994 0.0472999997 0
vt 0.215299994 0.0406999998 0
vt 0.212599993 0.0472999997 0
vt 0.210600004 0.0454000011 0
vt 0.212599993 0.0406999998 0
vt 0.210600004 0.0427000001 0
vt 0.152799994 0.0406999998 0
vt 0.154699996 0.0454000011 0
vt 0.154699996 0.0427000001 0
vt 0.150099993 0.0406999998 0
vt 0.152799994 0.0472999997 0
vt 0.150099993 0.0472999997 0
vt 0.148100004 0.0427000001 0
vt 0.148100004 0.0454000011 0
vt 0.564599991 0.228599995 0
vt 0.566900015 0.226400003 0
vt 0.574100018 0.236499995 0
vt 0.55309999 0.219799995 0
vt 0.559000015 0.214300007 0
vt 0.554199994 0.203799993 0
vt 0.542999983 0.214200005 0
vt 0.543900013 0.203999996 0
vt 0.551599979 0.197699994 0
vt 0.538800001 0.198500007 0
vt 0.537100017 0.211300001 0
vt 0.569899976 0.133499995 0
vt 0.567300022 0.131200001 0
vt 0.577000022 0.123400003 0
vt 0.555800021 0.140100002 0
vt 0.561800003 0.145699993 0
vt 0.551699996 0.163399994 0
vt 0.538800001 0.151299998 0
vt 0.539399981 0.163599998 0

# 1328 vertex normals
vn -34.3916321 -93.8999405 0.126061663
vn -34.4077187 -93.8940201 0.142203405
vn -34.3859444 -93.9020386 0.118639566
vn -34.3814163 -93.903717 0.0974723324
vn -34.3880806 -93.901268 0.106697559
vn -34.3786163 -93.904747 0.106395341
vn -34.3833961 -93.9029694 0.116840348
vn -34.3645172 -93.9098206 0.157746419
vn -34.3860703 -93.9020081 0.106625855
vn -34.3713417 -93.9073257 0.153804302
vn -34.3805656 -93.9040298 0.101894282
vn -34.3727989 -93.9068222 0.137464821
vn -34.3594704 -93.9115982 0.200022072
vn -34.3831558 -93.9030914 0.0722645447
vn 34.4077225 -93.8940201 0.142176598
vn 34.3567238 -93.9126892 0.147865504
vn 34.3859558 -93.9020386 0.118611179
vn 34.3814316 -93.903717 0.0974421129
vn 34.3880806 -93.901268 0.106670365
vn 34.3860664 -93.9020081 0.106594875
vn 34.3831406 -93.9030685 0.112493686
vn 34.3805885 -93.9040222 0.101865679
vn 34.3728828 -93.9067917 0.137500852
vn 34.3324585 -93.921463 0.199462861
vn 34.3532219 -93.9140167 0.116241544
vn 34.3833961 -93.9029694 0.116809189
vn 34.3901901 -93.9005051 0.100019999
vn 34.3647766 -93.909729 0.157562807
vn -64.0586243 14.7533264 -75.3580322
vn -54.8599625 48.5442657 -68.0723114
vn -50.7993088 16.6102428 -84.5194168
vn -65.3648987 47.092598 -59.242878
vn -35.7122421 91.7806778 -17.3477364
vn -28.8624268 92.0343323 -26.3939915
vn 31.8395462 94.7736359 -2.05053926
vn 26.1689873 95.9465942 10.4610653
vn 57.7975044 79.7382889 17.3566704
vn 63.3694115 77.3304062 2.07990265
vn -78.4578857 48.3956451 -38.7585258
vn -47.604393 87.9375992 0.894678414
vn 9.72459698 95.4052124 28.3421478
vn 45.7982483 77.6167984 43.3376617
vn 18.8069019 85.3203125 48.6492043
vn 39.9779968 73.7050629 54.4915161
vn 32.7717056 65.8627243 67.7356339
vn -66.4578629 -33.5878487 -66.747345
vn -89.917366 27.3878269 -34.1287918
vn -52.8884544 84.2175446 10.4984303
vn -11.3776321 85.4097519 50.751606
vn -8.35933018 57.3623428 81.4842529
vn 16.1324272 45.4619827 87.5953979
vn -19.5511055 21.2948093 95.730278
vn -73.6073456 -39.3496246 -55.0778275
vn -94.4438934 -0.567409337 -32.8638229
vn -93.5854187 32.3703117 -13.9259872
vn -63.4557457 74.9834747 18.7309551
vn -60.2941093 66.3565292 44.2880363
vn -65.4484558 17.7426548 73.4962463
vn -56.349968 -11.2452154 81.8426895
vn -19.4858418 -85.9665146 -47.2235146
vn -47.9577827 -78.7686539 -38.6723557
vn -2.09351921 -96.7977295 -25.0163155
vn -34.7417221 -93.7683868 0.70978415
vn -58.2594261 -80.9381104 -7.40677977
vn -49.4013557 -79.3582535 35.5214729
vn 3.80296707 -83.9896088 -54.1413155
vn 52.1547165 -84.8343582 -9.11142731
vn 49.9836617 -86.3298874 6.98446035
vn 27.0659161 -94.3692245 19.0232849
vn -5.92579222 -77.8860779 62.4391174
vn -26.9089012 -58.7022591 76.3541412
vn 20.0664539 -42.3785362 88.3255157
vn -24.8703003 -54.1003304 -80.3406601
vn 1.25969911 -63.1426315 -77.5333557
vn 59.2476883 -71.4437943 -37.2222824
vn 56.8613281 -80.1323624 -18.5901146
vn 91.9918747 -36.9939346 12.9979048
vn 89.2032089 -27.9934978 35.4845581
vn 78.6835632 -44.9009132 42.3415222
vn -17.1169147 -40.8806992 -89.6425095
vn 20.0988941 -63.2827988 -74.7751389
vn 67.2701035 2.15885782 -73.9599457
vn 96.6307144 -24.707016 -7.21593857
vn 74.4647598 28.3595562 -60.4213409
vn 98.5011368 14.1987782 9.79395294
vn 93.9273987 0.0709422305 34.3167191
vn 88.9839325 -5.19760561 45.3303986
vn 82.3106079 -9.69813347 55.9545441
vn 52.8224373 13.7592926 -83.7882614
vn 81.6381378 13.6547956 -56.1138039
vn 25.4905605 30.040472 -91.9119186
vn 67.2893524 52.0512352 -52.5624428
vn 36.2709732 17.0488319 -91.6174316
vn 38.2219963 71.3259735 -58.75103
vn 52.0368042 13.9923277 -84.2400436
vn 40.4114342 -5.2559948 -91.319725
vn 67.3040543 -41.9845772 -60.8889008
vn 92.9464645 3.21061802 -36.7511215
vn 86.3332367 46.9105034 -18.6004105
vn 46.2651825 86.476387 -19.5286522
vn 48.6098137 55.0336304 -67.8850937
vn 12.8378811 15.3693171 -97.97435
vn 11.7707119 -37.3634529 -92.0077286
vn 42.9439774 36.4492798 -82.6272583
vn -2.04929233 88.7160034 -46.1007004
vn 16.8502922 65.1398087 -73.9788589
vn 62.2387199 41.8847237 -66.1211929
vn 2.98325276 38.9115448 -92.0705719
vn -26.7149181 3.66046429 -96.2959824
vn -35.4595375 54.1993675 -76.1908722
vn 63.5680161 24.0107365 -73.3661575
vn 97.2297287 22.9796257 -4.27994347
vn 62.8507385 -18.0582809 75.6550293
vn 54.1366272 -56.4785538 62.2848244
vn -88.9964066 -15.6549559 42.8317833
vn -96.132019 21.0879898 17.7180882
vn -98.9867249 -12.4504433 -6.82756996
vn -31.8851833 -62.6666069 71.1071854
vn -50.2612991 40.202713 76.5345764
vn -32.2909012 -60.8013268 72.5292816
vn -63.8315773 5.25180101 76.7981033
vn -52.9854965 73.4375687 42.4200554
vn -40.3496475 76.3395767 50.4398079
vn -33.5256195 77.3358307 53.8070869
vn -33.298748 77.5504761 53.6387825
vn -30.6197662 -63.1307487 71.2526474
vn -62.7068939 -15.1695709 76.4050369
vn -67.441124 67.1914062 30.6106091
vn -11.7397385 -48.1088638 86.877594
vn -20.4106121 40.4866943 89.1304474
vn -36.3754158 76.8427429 52.6500053
vn -24.8639565 77.4771194 58.1298523
vn -42.4580765 38.5006142 81.9451904
vn -75.2082214 61.8102417 22.8739624
vn -51.4332047 -40.4478149 75.6214218
vn 0.0754179731 -37.0763741 92.8726883
vn -51.4282112 -40.4555817 75.6206589
vn -29.0708523 -63.7011337 71.3936234
vn -29.2604599 -65.1515045 69.9936218
vn 23.2886772 -20.2861881 -95.1110306
vn -25.0376759 61.1627693 -75.0481873
vn -16.2000828 60.6391373 -77.8489075
vn -49.1030159 -29.5976105 -81.9321289
vn -64.2468719 -5.59095049 -76.4269562
vn -31.2938061 63.4533272 -70.6708679
vn -70.7512817 -1.93695319 -70.6435013
vn -30.9925861 63.4465332 -70.8095932
vn -92.8716583 29.4696331 -22.5032043
vn -60.543808 76.8939743 -20.5369415
vn -37.7620354 -76.8195572 -51.6989861
vn -53.6134644 -73.229866 -41.987915
vn -67.3034973 -67.2613297 -30.7595978
vn -86.3716049 -49.9009056 -7.06000471
vn -94.8737869 -26.0638237 17.8785076
vn -91.2728577 30.572361 -27.1034355
vn -55.095295 76.265976 -33.8822823
vn 41.4757347 -65.7938309 -62.8564835
vn 91.6634979 -18.0694447 -35.6552963
vn 91.4570847 -19.649353 -35.3483276
vn -30.3496361 63.6605453 -70.8959351
vn -91.6923065 -13.2031517 -37.6589851
vn -84.9119797 -51.7766724 -10.4465647
vn -93.7204742 -33.7910309 8.63930416
vn -98.8242111 -0.959387422 15.2595339
vn -99.0690765 -0.704668939 13.5949135
vn -98.9808884 0.0499915779 14.2400713
vn -98.8528671 -1.42990422 15.0354996
vn -97.6127243 -1.27011466 21.6828194
vn -96.7346268 -0.510537922 25.3406906
vn -95.4237747 0.276706696 29.9036102
vn -95.6034393 1.11065912 29.3044014
vn -95.1966095 1.37052596 30.5896206
vn -3.68790061e-05 0.982198834 -99.995163
vn -69.4134979 0.70370084 -71.9810562
vn -69.325676 0.641713321 -72.0662155
vn -3.14726421e-05 1.05472815 -99.9944458
vn 69.4134369 0.703700781 -71.9811096
vn 69.3256149 0.641711116 -72.0662766
vn 27.4010773 -33.4214516 90.1786499
vn 25.9650383 -31.8411655 91.1699448
vn 25.3290176 -31.7517853 91.3797836
vn 29.1302166 -35.0201569 89.0225754
vn 32.3698578 -38.4899521 86.4332962
vn 35.4663315 -40.255703 84.3896866
vn 39.3691444 -42.6479034 81.4323425
vn 43.4578056 -42.5480232 79.3793716
vn 45.3895454 -42.8993759 78.0988617
vn 48.428318 -41.9112778 76.7993698
vn -40.6348915 29.0782185 -86.6213913
vn -41.9240799 30.1335106 -85.6407776
vn -38.6005936 28.4712563 -87.7461319
vn -45.7357559 31.3971348 -83.2013245
vn -50.2795296 34.5751953 -79.2245255
vn -54.5856552 36.6067123 -75.3681183
vn -57.7190666 39.1998329 -71.637146
vn -59.4654808 39.2476997 -70.1674652
vn -60.411335 39.6793671 -69.1087341
vn -61.2185936 39.1498184 -68.6991653
vn 70.634201 -63.5427361 -31.195015
vn 10.4776831 -82.1698532 -56.020813
vn 73.0518494 -59.2410011 -33.9695663
vn 94.0758591 -28.724205 -18.0181255
vn -44.405899 -85.7429886 -26.0049286
vn -78.6722183 -28.851656 -54.5734825
vn -79.3386002 -29.0996132 -53.4658775
vn -7.18571758 -73.8529358 67.0381088
vn 93.8078995 34.3279762 -4.65487337
vn 92.9789658 34.0196266 -14.0562716
vn 91.3436356 33.3673286 -23.3015442
vn -78.3084412 -28.7091694 -55.1685867
vn 72.3353271 -60.1341324 33.9335709
vn 33.6082344 -93.9831009 -6.1370697
vn 68.3212662 -52.3986282 50.8585243
vn 73.2013931 -63.4073143 24.921217
vn -3.8926146 -97.7047195 -20.943615
vn -51.2294044 -61.5998383 -59.8415184
vn -21.0711517 -45.7046089 -86.4123611
vn -29.890873 -43.5707512 -84.9006729
vn 7.90483284 -18.5750904 -97.9412003
vn 17.0976105 -10.4619341 -97.9705048
vn 81.9029388 -47.2613297 32.5311775
vn 82.3126984 -46.1025047 33.1538925
vn 41.3323669 13.3900213 -90.0685425
vn -83.328804 31.9636822 -45.1069221
vn -87.7260513 26.7934837 -39.8277397
vn -49.0783882 87.0899353 -2.57962275
vn -43.448616 88.3297806 17.6087036
vn -61.5614891 -65.2558365 -44.1798401
vn -41.1172066 91.0858612 -3.56948972
vn -30.5599632 95.1777267 2.69955611
vn -29.6098003 95.4548798 3.40958452
vn 84.0685501 -0.830385208 54.1459999
vn 63.2061424 -1.93010998 77.4677963
vn 83.8738403 -0.77875185 54.4478874
vn 35.6676407 -4.09926462 93.3328171
vn 12.6065521 -5.72169399 99.037056
vn 16.1649189 -4.96147633 98.5600204
vn 13.7419796 -2.71090817 99.0141907
vn 7.92346716 -0.619116545 99.68367
vn 3.30927157 0.0804827064 99.9451981
vn 11.4137297 -77.5383453 -62.1090088
vn -70.6342468 -63.5427132 -31.1950226
vn -73.0518723 -59.2410088 -33.9695129
vn -94.0759048 -28.7241402 -18.0180607
vn 23.1995449 -96.7947006 -9.62111378
vn 7.18576336 -73.8529358 67.0381088
vn -93.8078308 34.3281822 -4.65476084
vn -92.9789658 34.0196457 -14.0561991
vn -91.3436508 33.3673286 -23.3014736
vn 78.302536 -28.7177353 -55.1725044
vn 78.8246231 -28.9117088 -54.3212013
vn 79.338562 -29.0996132 -53.4659386
vn -23.2991505 -96.3323822 -13.31252
vn -69.9069901 -65.1003571 29.5796719
vn -68.3212204 -52.3986282 50.8585701
vn -15.928813 -98.1073761 -11.0097923
vn -76.2467346 -58.638649 27.3485813
vn -81.9028931 -47.2613525 32.5312424
vn -82.3126907 -46.1024246 33.1539879
vn 51.2297287 -61.5994797 -59.8416176
vn 61.561512 -65.2557755 -44.1799049
vn 89.1218872 1.5645932 -45.330368
vn 79.9482574 46.0021667 -38.6274033
vn 45.6255455 88.7646713 -6.25643587
vn 21.0710983 -45.7046394 -86.4123535
vn 29.8908596 -43.570755 -84.9006805
vn -7.90487671 -18.5750923 -97.9412079
vn -17.0976887 -10.461935 -97.9704895
vn -41.3324356 13.3900213 -90.068512
vn 30.5599861 95.1777191 2.69952011
vn 29.6097984 95.4548874 3.40954876
vn 44.9909363 89.2896729 1.78015494
vn 43.4486313 88.3297729 17.6086693
vn 54.3570633 83.736557 5.78779697
vn 54.3766403 83.7231674 5.79761171
vn 54.6780548 83.5158005 5.95162725
vn 54.0417519 83.9505157 5.639009
vn -84.5765381 -52.899395 6.96138811
vn -84.5716248 -52.9080811 6.95532274
vn -84.5594482 -52.9270172 6.95933437
vn -84.5780716 -52.8985252 6.94953203
vn 64.8966141 -73.4682617 -19.7697716
vn 68.7071915 -69.9177017 -19.769556
vn 67.2286072 -71.0497818 -20.7904739
vn 62.236927 -75.9852829 -18.7829933
vn 52.0922813 -83.2732315 -18.7606754
vn 47.362751 -86.258667 -17.7823658
vn 37.9259224 -90.9210129 -17.1754208
vn 35.5416451 -92.0385437 -16.3002052
vn 31.9123745 -93.3985977 -16.0717907
vn 32.2601585 -93.301651 -15.9399662
vn 2.95321352e-05 56.9728088 82.1833267
vn -5.73468933e-05 60.822052 79.3768082
vn 3.16762489e-05 56.9491615 82.1997223
vn 2.10135636e-06 64.5519943 76.3743362
vn -1.80855786e-05 72.3774338 69.0036774
vn 2.66862371e-05 72.3794174 69.0016022
vn 2.51533802e-05 76.3665543 64.561203
vn 2.51284146e-05 76.3665543 64.561203
vn 41.1628151 90.352066 11.921752
vn 61.0796127 71.1797562 34.680294
vn 69.2879944 69.0668335 20.7110233
vn 33.273632 91.4050217 23.1945267
vn 13.6487598 91.7169418 37.4394684
vn 43.9398232 69.0210648 57.4924774
vn 17.423008 79.459343 58.1605492
vn 35.6899719 65.0987244 66.9953918
vn 25.2087326 57.3581696 77.9394684
vn -21.9710178 96.1887741 -16.2785721
vn -37.4937592 92.6997681 -0.985256493
vn -44.9589615 89.0449142 7.04949665
vn -12.4022865 82.9090195 54.5185928
vn -18.4704018 52.899044 82.8283539
vn 2.87055349 37.9691429 92.466774
vn -35.9400215 17.667202 91.6307144
vn -13.6320801 96.1455612 -23.8788261
vn -35.0001335 58.6067619 -73.0769348
vn -47.1125603 57.9021645 -66.5412979
vn -63.7721138 59.4718323 -48.9511757
vn -78.018959 39.7268639 -48.3199654
vn -85.1010361 43.8496513 -28.8967152
vn -57.8525581 80.6249771 12.3569756
vn -45.9259186 26.6410866 -84.7411499
vn -54.9243164 -21.4722977 -80.7604904
vn -64.8330536 -27.1086903 -71.1462936
vn -85.5596924 12.4210758 -50.2519226
vn -96.3900223 -0.418601364 -26.6230183
vn -95.0547638 31.0486889 0.756465614
vn -30.8033047 27.3821621 -91.1118698
vn -96.8599396 -7.76644182 23.6185627
vn -76.5733032 20.7916698 60.8624268
vn -60.7082672 70.1283417 37.3700409
vn -72.4218216 -9.48970127 68.3009949
vn -82.2547836 25.5421696 50.810894
vn -76.9083405 48.6037941 41.5063896
vn -76.8785324 48.6912766 41.459034
vn -82.0575027 -1.09902143 57.1433144
vn -58.2006416 -59.9794197 54.9104156
vn -58.2216911 -59.9777451 54.8899231
vn 0.629797816 -97.2729645 23.1856079
vn 0.637794077 -97.2751999 23.1760502
vn 59.1364594 -77.5368347 -22.1566982
vn 59.1814613 -77.4935226 -22.1879883
vn 82.9426651 -12.4110184 -54.4654083
vn 82.9500122 -12.3175936 -54.4754105
vn 65.7222977 48.8441849 -57.4005623
vn 49.5394859 70.0757828 -51.3344193
vn -0.627334416 97.2723999 -23.188036
vn -0.628655612 97.2722702 -23.1885624
vn -32.3210793 94.6309128 -0.582151711
vn -32.3210487 94.6309204 -0.582329512
vn -23.2887306 -20.2861958 -95.1110077
vn -91.6672821 -18.0413494 -35.6597672
vn -91.4571152 -19.649353 -35.348259
vn -41.4757767 -65.7938538 -62.8564148
vn 37.7619934 -76.8195724 -51.6990166
vn 49.1025238 -29.5977554 -81.9323883
vn 53.612175 -73.2324295 -41.985096
vn 64.2469711 -5.59102106 -76.4268723
vn 67.3039551 -67.2603607 -30.7606983
vn 70.7511063 -1.9368943 -70.6436768
vn 86.3659592 -49.9125671 -7.04672861
vn 25.0376244 61.1627655 -75.0482025
vn 31.2937641 63.4533234 -70.6708984
vn 30.9831085 63.4408302 -70.8188553
vn 92.8715668 29.4698067 -22.5033588
vn 94.8738174 -26.0637665 17.8784275
vn 91.2726746 30.5730019 -27.1033344
vn 84.9093933 -51.7822189 -10.4401531
vn 16.2000446 60.6391373 -77.8489151
vn 60.5437546 76.8939972 -20.5369778
vn 55.0951729 76.2660294 -33.8823776
vn 30.349577 63.6605453 -70.8959579
vn 91.6922684 -13.2031145 -37.6590652
vn 93.7204742 -33.7910309 8.63922977
vn 50.2613907 40.2027054 76.5345459
vn 31.8935623 -62.6561928 71.1125946
vn 32.2909546 -60.8013229 72.5292587
vn 63.831707 5.25174236 76.7980118
vn 30.6198101 -63.1307373 71.2526398
vn 62.7065353 -15.169323 76.4053879
vn 11.7398167 -48.1088028 86.8776093
vn 20.4109974 40.4869003 89.1302643
vn -0.0753286928 -37.0763245 92.8727036
vn 52.9858665 73.436882 42.4207802
vn 67.4411545 67.1914062 30.6105537
vn 36.3753929 76.8427582 52.6500015
vn 24.8638859 77.4771194 58.129879
vn 42.4581642 38.5005417 81.9451675
vn 51.4282455 -40.4556084 75.6206284
vn 29.0708923 -63.7011299 71.3936234
vn 40.3496857 76.3395767 50.4397774
vn 33.5256577 77.3358307 53.8070602
vn 33.2987862 77.5504761 53.6387596
vn 29.2494183 -65.1345291 70.0140152
vn 75.2082443 61.8102264 22.8739281
vn 51.4332352 -40.4478302 75.6213989
vn 98.9164047 -0.940508187 14.6513748
vn 99.0921936 -0.686426342 13.4263029
vn 99.1734848 0.039971251 12.8304062
vn 98.7127075 -1.29000437 15.9416485
vn 97.6127396 -1.27011359 21.6827393
vn 96.7346497 -0.510536909 25.3406143
vn 95.4238052 0.276706219 29.903532
vn 95.6034546 1.11066043 29.3043213
vn 95.2009659 1.36700153 30.5762882
vn 31.7226734 94.1497421 -11.3797569
vn 61.6292953 78.7487411 0.683040321
vn 62.9216309 76.1819839 -15.4004221
vn 29.6405354 95.4808502 2.20099735
vn 18.4670849 95.3675766 23.7485161
vn 56.7795029 77.0895004 28.866888
vn 32.3707542 85.2573013 41.0283966
vn 54.0822067 73.2958984 41.2653084
vn 50.578434 65.6382904 55.9771233
vn -37.4578857 92.3487091 -8.28370667
vn -44.1590881 88.8497162 12.4780455
vn -46.7907333 85.2733459 23.2181721
vn 3.90594053 85.8984756 51.0509071
vn 14.4222145 58.0132065 80.1652527
vn 39.4172211 45.6857758 79.743927
vn 6.87926817 22.2535763 97.2494354
vn -33.2644196 92.4013901 -18.8536434
vn -70.0904312 49.1993828 -51.6406136
vn -77.9321976 48.0191574 -40.2583313
vn -85.0762711 49.6609688 -17.1992931
vn -95.2659454 28.8921185 -9.46799564
vn -93.385704 34.0612068 10.9061375
vn -54.9577293 76.2850952 34.0621681
vn -81.4333267 15.5489979 -55.9181671
vn -82.3225098 -32.6629219 -46.4342079
vn -86.1728363 -38.2972069 -33.2801247
vn -99.7662354 1.04154646 -6.75381327
vn -97.4723206 -10.5828419 19.676136
vn -87.641922 23.0628204 42.2729187
vn -70.830246 16.8907623 -68.5403366
vn -74.7325821 -13.7298632 65.0117874
vn -43.337883 19.459856 87.9951324
vn -45.2719002 67.772995 57.9419975
vn -32.7772446 -9.71269131 93.9750824
vn 37.9096375 91.0617065 16.450716
vn 34.1455498 92.6347809 15.9022274
vn 38.2518654 91.2131577 14.7293653
vn 38.2564545 90.5635986 18.294239
vn 47.3505592 85.9998856 19.0248566
vn 50.4223022 83.9978485 20.0487537
vn 58.3211899 78.7549438 19.907238
vn 58.4686241 78.3228531 21.1412373
vn 60.4605751 76.7185516 21.419239
vn 57.4410744 78.6115799 22.8198013
vn -8.58515549 97.9815216 -18.0531998
vn -75.0100098 55.6568909 35.7184715
vn -75.1804886 55.2781601 35.9474564
vn 3.15829158 96.6271439 -25.5581303
vn 12.6944389 94.1379395 -31.2553749
vn 17.2905483 92.4318848 -34.0203514
vn -63.206089 -1.93011022 77.4678497
vn -84.068512 -0.830386698 54.1460609
vn -83.8737946 -0.778753519 54.4479561
vn -35.6675682 -4.09927177 93.3328552
vn -12.6064854 -5.72169495 99.037056
vn -16.1648483 -4.96147871 98.5600357
vn -13.7418995 -2.71090794 99.0141983
vn -7.92338943 -0.619119763 99.6836777
vn -3.30919433 0.0804826468 99.9451981
vn -3.28481436 99.9423294 -0.860308409
vn -26.4789314 95.9645462 -9.46959305
vn -5.7417016 99.832695 -0.682491362
vn -16.5017834 98.1418457 -9.79116344
vn -57.7289467 78.9995651 -20.6503887
vn -62.1447029 76.2494812 -18.0014935
vn -70.9625778 67.2240143 -21.1008434
vn -68.5394669 67.8807831 -26.3541164
vn -49.7100792 82.4286194 -27.1004238
vn -61.2720222 69.7217255 -37.2104988
vn -5.03484307e-06 99.9876862 -1.5691793
vn 16.5017147 98.1418457 -9.79135513
vn -5.79810112e-05 97.6788406 -21.4206734
vn 3.2848196 99.9423294 -0.860374391
vn 26.4789219 95.9645386 -9.46960926
vn 57.7289429 78.9995346 -20.6504631
vn 49.7099686 82.4286423 -27.1005383
vn 42.3531265 82.762619 -36.831562
vn -4.95433305e-05 88.5306168 -46.5008545
vn -42.3531494 82.762619 -36.8315239
vn -45.2543182 74.7368622 -48.6461601
vn 5.74168682 99.832695 -0.682491362
vn -5.97330063e-06 82.6014328 -56.3648987
vn 45.2542763 74.7368546 -48.6461868
vn 61.2719917 69.7217255 -37.2105446
vn 68.539444 67.8807831 -26.354166
vn 70.9625626 67.2240067 -21.1008968
vn 62.1446838 76.2494812 -18.0015411
vn -15.2263889 -98.7767639 -3.36272192
vn -1.45985818 -99.9888916 -0.300201833
vn -2.53973722 -99.9500732 1.87963367
vn -1.08697367 -99.9934464 -0.35741061
vn -1.54278659e-05 -99.9893875 -1.45719028
vn -0.0306329224 -99.9999847 -0.0136925094
vn 1.07344294 -99.993576 -0.362415612
vn 1.45985806 -99.9888992 -0.300211132
vn 15.2263632 -98.7767792 -3.36272836
vn 2.53973365 -99.9500656 1.87962604
vn -26.7756729 -95.9400787 -8.86360931
vn -1.15038002 -99.9918137 -0.560026228
vn -1.2669185e-06 -99.9419785 -3.40581012
vn 1.15037954 -99.9918137 -0.560022056
vn 26.7756653 -95.9400864 -8.86363888
vn 55.2035179 -81.8069305 -16.1305828
vn -55.2035294 -81.8069382 -16.130537
vn -60.479599 -77.5210953 -18.2399826
vn -24.9835701 -96.330368 -9.81227779
vn -13.3005648 -97.9106827 -15.381629
vn -4.63567449e-06 -98.5206223 -17.1373329
vn 13.3005581 -97.9106827 -15.3816395
vn 24.9835625 -96.3303757 -9.81229877
vn -77.1486435 -59.3218079 -23.0001965
vn -89.1090927 -35.5592613 -28.1976166
vn -70.8849487 -69.3237915 -13.0206175
vn -37.5372543 -88.7330246 -26.7844524
vn -33.7924423 -92.2532501 -18.6389008
vn -10.9953871 -95.8621674 -26.259222
vn 10.9953127 -95.8622131 -26.2590771
vn -94.8591537 -14.605175 -28.0789871
vn -96.156662 -2.4044919 -27.3516941
vn -93.3615265 -10.2801752 -34.3211899
vn -95.141304 -21.9545898 -21.5900364
vn -73.0029678 -48.5193787 -48.1293716
vn -52.8703804 -70.9114151 -46.6507568
vn -34.9271355 -82.4919205 -44.442955
vn -1.42121327 -84.300087 -53.772438
vn -88.3626175 9.23675728 -45.8991165
vn -91.0282822 8.46201515 -40.5246544
vn -79.5312805 -16.6423378 -58.2907181
vn -57.6000786 -44.6303558 -68.4862366
vn -54.8783264 -53.8866882 -63.9108391
vn -15.5426283 -65.4407349 -73.9995728
vn -78.8708038 19.0200806 -58.4605331
vn -74.8399048 -20.6896801 -63.0152702
vn -72.1021729 17.1840286 -67.1266327
vn -53.8701591 -16.0746956 -82.7019272
vn -2.13256192 -64.3418274 -76.5217743
vn 8.53871059 -69.6066589 -71.2881775
vn 32.8748207 -83.5280991 -44.0715904
vn 0.000714017835 -20.4523296 -97.8861771
vn 53.8703613 -16.0747738 -82.7017899
vn 53.0075035 -55.6257019 -63.9999046
vn 52.8705177 -70.9111938 -46.6509438
vn 33.7928123 -92.2530365 -18.6392765
vn 37.537323 -88.7329559 -26.7845745
vn 72.1021118 17.1840477 -67.126709
vn 78.870636 19.0203857 -58.46064
vn 74.8397751 -20.6899204 -63.0153465
vn 79.5311279 -16.6423416 -58.2909241
vn 57.5998344 -44.6305618 -68.4862823
vn 72.9950256 -48.5587578 -48.1016846
vn 88.3625793 9.23674679 -45.8991966
vn 91.0282288 8.46205902 -40.5247574
vn 95.1416321 -21.9549904 -21.5881519
vn 70.8849335 -69.3238068 -13.0205402
vn 60.4796257 -77.5211029 -18.2399426
vn 93.361496 -10.2801838 -34.3212624
vn 89.1091232 -35.5591583 -28.1977139
vn 77.148613 -59.3218384 -23.0002594
vn 96.1566544 -2.40449405 -27.3517628
vn 94.8591385 -14.605175 -28.0790577
vn 35.0000725 58.6067543 -73.0769653
vn 45.9258385 26.6410789 -84.7411957
vn 30.8284988 27.3693771 -91.107193
vn 47.1258049 57.8963089 -66.5370255
vn 63.7719727 59.4718208 -48.9513741
vn 54.9242592 -21.4723129 -80.7605362
vn 21.9710598 96.1887665 -16.2786121
vn 37.4937515 92.6997681 -0.9852916
vn 44.9589691 89.0449142 7.04946041
vn 78.0191193 39.7267532 -48.3198128
vn 13.6320238 96.1455612 -23.8788433
vn -41.1628075 90.3520432 11.9217911
vn -33.2690773 91.4030457 23.2088966
vn -13.6488743 91.7169724 37.4393578
vn -17.4229145 79.4592743 58.160675
vn 12.400939 82.9100876 54.5173111
vn 57.8525581 80.6249771 12.3569441
vn 85.1010284 43.8496437 -28.8967819
vn -61.0795593 71.1797714 34.6803627
vn -43.9397774 69.02108 57.4924889
vn -35.6631508 65.0823746 67.0255508
vn -25.2086639 57.3581772 77.9394913
vn 18.46978 52.8993607 82.8282852
vn 60.7082214 70.1286163 37.3696251
vn -69.2879868 69.0668106 20.7111797
vn -2.8704927 37.9691315 92.466774
vn 35.9400635 17.667202 91.6306915
vn 76.5733719 20.7916241 60.8623619
vn 95.0546722 31.0489693 0.75619489
vn 96.390007 -0.418610543 -26.6230831
vn 85.5596542 12.4210835 -50.251976
vn 72.421875 -9.48970318 68.3009262
vn 96.8599472 -7.76644182 23.6184807
vn 64.8286972 -27.0679779 -71.165741
vn 18.4025154 -80.0564957 -57.0289917
vn -5.86525393 -80.4251404 -59.1387901
vn 13.779829 -45.8396339 -87.8000183
vn -10.2007008 -57.9906883 -80.8271255
vn 2.96237111 -33.018692 -94.3450623
vn -27.8971901 -60.5207634 -74.5586014
vn 47.2017365 -70.079689 -53.4867668
vn 7.06581306 -94.1931992 -32.8285675
vn -43.9590683 -89.6243591 -5.92234278
vn -50.8613434 -84.9663467 -13.9227686
vn -57.7561264 -75.5224457 -30.9933968
vn -80.4605408 -1.12377107 -59.3703384
vn 43.6903038 -88.9106598 -13.6400604
vn -12.8521881 -97.8723145 15.9947786
vn -38.451992 -91.8464584 9.25593758
vn -63.6637154 -56.272728 52.7286606
vn -76.9992371 -40.3549614 49.4225769
vn -83.269371 -48.2112656 27.237587
vn 63.5646629 -73.0429077 -24.9853077
vn 63.4327011 -75.0050125 18.7226925
vn 26.2839622 -80.3049774 53.4814453
vn -34.5087624 -66.1359024 66.5972214
vn -44.3226814 -29.8394585 84.5287399
vn -68.0998611 -22.6313553 69.6435928
vn -77.1492615 -18.3961697 60.9062424
vn -84.7285461 -13.0125542 51.4951134
vn 47.4954071 -59.6911736 64.6618118
vn 2.42283058 -49.6984406 86.7421265
vn -95.4993134 1.97097456 29.5971909
vn -93.1045151 -35.2679291 9.36611176
vn -87.5781479 23.0225735 -42.4267578
vn -69.6781006 12.6893063 -70.5970535
vn -45.186779 -8.32164288 -88.8195114
vn -66.4805069 52.7818604 -52.8622322
vn -44.990036 31.5491638 -83.549675
vn -78.0844116 38.1806717 -49.4475746
vn -97.980217 11.2394047 16.5394173
vn 75.0100708 55.6568375 35.7184372
vn 8.58521843 97.981514 -18.0531883
vn 75.1805344 55.2781334 35.9473991
vn -3.15830445 96.6271591 -25.5581131
vn -12.6944818 94.1379395 -31.2553539
vn -17.2906055 92.4319 -34.020298
vn -60.4605789 76.7185364 21.4192867
vn -58.4686089 78.3228531 21.1412849
vn -57.4410553 78.6115799 22.8198414
vn -58.3211746 78.7549362 19.90728
vn -50.4223022 83.9978485 20.0487957
vn -47.3434029 86.006691 19.0118504
vn -38.256443 90.5635986 18.2942696
vn -37.9096222 91.0616989 16.4507484
vn -34.1455421 92.634758 15.9022512
vn -38.2518501 91.2131577 14.7293987
vn 59.4654541 39.2477074 -70.1674957
vn 60.4223709 39.6720276 -69.1033173
vn 61.2185135 39.1498413 -68.6992264
vn 57.7190208 39.1998329 -71.6371994
vn 54.585598 36.6067162 -75.3681641
vn 50.2794609 34.5751953 -79.2245636
vn 45.7356911 31.397131 -83.2013626
vn 41.9239998 30.1335011 -85.6408157
vn 40.6469193 29.0817566 -86.6145554
vn 38.6005173 28.4712429 -87.7461624
vn -57.7974854 79.7382889 17.3567123
vn -31.8395443 94.7736206 -2.05050111
vn -63.3694344 77.3303833 2.07996202
vn -26.1689587 95.9465942 10.4610929
vn 35.7121544 91.7807083 -17.3477116
vn 28.8405743 92.0461349 -26.3767319
vn 54.8599319 48.5442734 -68.0723267
vn 65.3648605 47.0925751 -59.2429428
vn 64.0585938 14.7533073 -75.3580627
vn 50.7993469 16.6100998 -84.5194092
vn -9.72394848 95.4050522 28.3429184
vn 47.6043968 87.9375992 0.894644022
vn 78.4577332 48.3956528 -38.7588234
vn 66.4578171 -33.5878372 -66.747406
vn -45.7982254 77.6167984 43.3376999
vn -18.8067818 85.3202133 48.6494179
vn 52.8681488 84.2323303 10.4821301
vn 89.9173355 27.3878403 -34.1288643
vn 73.6072998 -39.3496094 -55.0778923
vn 19.4724598 -85.9553833 -47.2492981
vn -3.80297017 -83.9896927 -54.1411972
vn 24.8700619 -54.100441 -80.3406601
vn -39.977951 73.7050323 54.4915848
vn -32.7716522 65.8627396 67.7356491
vn 11.3776751 85.4097519 50.7515907
vn 63.4557877 74.9834366 18.7308979
vn 93.585434 32.3702354 -13.9260378
vn 94.4438629 -0.567404509 -32.8638916
vn 8.35966682 57.3621864 81.4843292
vn 60.2941513 66.3565369 44.2879868
vn 96.1319962 21.0885086 17.7175961
vn 98.9867249 -12.4504375 -6.82763529
vn -16.132349 45.4620171 87.5953827
vn 19.5511818 21.2948227 95.7302628
vn 65.4485168 17.7426624 73.4962006
vn 88.9964066 -15.6550007 42.8317451
vn 56.3255272 -11.2501307 81.8588486
vn 47.9577599 -78.7686462 -38.6724014
vn 2.09343791 -96.7976913 -25.0164852
vn -52.1546898 -84.8343811 -9.11136723
vn -56.8613358 -80.1323624 -18.5900936
vn -59.2477074 -71.4438019 -37.222229
vn -1.25973928 -63.1426392 -77.5333481
vn 34.7416344 -93.7684097 0.710326135
vn -27.0658779 -94.3692398 19.0232983
vn -49.9836655 -86.3298874 6.98449469
vn -78.683548 -44.9009056 42.3415756
vn -89.2031784 -27.9934921 35.4846306
vn -91.9918594 -36.9939384 12.9979763
vn 58.2593994 -80.9381332 -7.40686989
vn 49.4013748 -79.3582611 35.5214272
vn 5.92584085 -77.8860855 62.4390945
vn -54.1357689 -56.4783707 62.2857361
vn -62.8506699 -18.0583038 75.6550827
vn -82.3105698 -9.69813347 55.9546013
vn -88.9838943 -5.19756746 45.3304596
vn -93.9273834 0.0709596574 34.3167534
vn 26.908926 -58.7023201 76.3541031
vn -20.0663757 -42.3785477 88.325531
vn -98.5011368 14.1987715 9.79402924
vn -96.6308289 -24.7064018 -7.21641445
vn -67.2701263 2.15883112 -73.9599152
vn -20.0989475 -63.2828293 -74.7750854
vn 17.1169262 -40.8807068 -89.6425095
vn -74.4646988 28.3595409 -60.4213905
vn -52.822422 13.759264 -83.788269
vn -28.0907612 -10.9468851 -95.3471222
vn -48.6097374 55.0336723 -67.8851242
vn -24.3190975 29.0804348 -92.5359802
vn -62.2388229 41.8846893 -66.121109
vn -97.2297287 22.9796314 -4.2798686
vn -61.6292725 78.7487411 0.68309474
vn -31.7226601 94.1497421 -11.3797455
vn -62.9216576 76.1819839 -15.4003706
vn -29.6404305 95.4808884 2.20102835
vn 37.4579582 92.3486786 -8.28377628
vn 33.2440186 92.4126587 -18.8344288
vn 70.0903702 49.1994171 -51.6406631
vn 77.9321747 48.0190773 -40.2584648
vn 81.4333115 15.5490007 -55.9181824
vn 70.8301926 16.8908043 -68.54039
vn -18.4669838 95.3675537 23.7487049
vn 44.1592979 88.8496246 12.4779282
vn 85.0762558 49.6609764 -17.1993675
vn 82.3224792 -32.6629257 -46.4342804
vn -56.77948 77.0895004 28.8669357
vn -32.3703384 85.2566299 41.0300941
vn 46.790741 85.2733459 23.2181568
vn 95.2656555 28.8926296 -9.46942425
vn 86.1728134 -38.2971992 -33.2801933
vn 32.7308578 -85.830513 -39.5197945
vn 12.0635223 -84.3739548 -52.3020554
vn 46.2012177 -53.9933434 -70.3574219
vn -54.0821762 73.2958908 41.2653542
vn -50.5783501 65.6383133 55.97715
vn -3.90589046 85.898468 51.0509224
vn 54.9577484 76.2851028 34.0621338
vn 93.3857193 34.0611992 10.9060688
vn 99.7662354 1.04153752 -6.75389051
vn -14.4214077 58.0126839 80.1657639
vn 45.2717628 67.7726898 57.9424515
vn 87.6419067 23.062458 42.2731628
vn 97.4723282 -10.5828505 19.6760616
vn -39.4171333 45.6857758 79.7439728
vn -6.87923908 22.2535515 97.2494507
vn 43.3380508 19.4598026 87.9950562
vn 74.7326355 -13.7298365 65.0117188
vn 32.7774162 -9.71236134 93.9750519
vn 57.8057861 -78.0558701 -23.7859993
vn 10.2863626 -96.8872528 -22.517765
vn -46.4958191 -85.8431549 -21.6585255
vn -48.6016617 -81.3007507 -32.0634422
vn -46.1222076 -72.7477798 -50.7986488
vn 20.2764072 -63.4713516 -74.5671082
vn 34.9184532 -93.0716553 10.8797951
vn -29.4517479 -94.7811661 12.2116156
vn -48.5838814 -87.2274399 -5.56607962
vn -86.3318558 -46.1064377 20.5184479
vn -94.9277802 -29.4632607 10.983284
vn -91.5360107 -38.6286697 -11.3571424
vn 59.4408302 -79.9005127 9.09361362
vn 39.5490227 -78.2522812 48.0879936
vn -9.46064091 -77.4176712 62.5859489
vn -67.6839142 -57.1471825 46.4013596
vn -80.2973022 -18.709671 56.5887871
vn -93.9949112 -10.9012995 32.3437195
vn -97.6949081 -6.63990164 20.2883625
vn -99.6420898 -1.47161162 8.32411671
vn 6.58562136 -57.8011856 81.3366623
vn -41.9868851 -42.2075729 80.3468933
vn -97.8127823 12.4188871 -16.6862812
vn -90.8777542 -26.5349159 -32.2045479
vn -45.2583656 0.710821152 -89.1693573
vn 1.41835344 -63.9314995 -76.8814163
vn 40.7824478 -40.881485 -81.6424866
vn -56.2039795 26.6853027 -78.2879791
vn -28.9422493 12.5388336 -94.8953323
vn -1.79814017 -11.8562784 -99.2783661
vn -29.8859787 53.6627884 -78.9121857
vn 0.559753239 27.9539833 -96.0117722
vn -43.0334206 40.1765747 -80.8329544
vn -93.0985718 20.9006977 -29.9302006
vn -2.07743979e-05 -98.8026581 -15.4283838
vn -4.20604647e-06 -99.414917 -10.8014889
vn -4.2062552e-06 -99.4149246 -10.8014898
vn -6.00839257e-06 -98.8025208 -15.4293032
vn -9.02751344e-06 -97.275795 -23.1822796
vn -1.02484619e-05 -96.4747772 -26.317627
vn -1.41297414e-05 -93.184906 -36.2845917
vn -1.51680315e-05 -93.1666946 -36.331356
vn -1.65318907e-05 -90.2628632 -43.0420189
vn -2.45486135e-05 -90.2628632 -43.0420151
vn -59.8957596 52.3684082 -60.5809212
vn -64.7952652 19.2269859 -73.7014008
vn -69.3122406 46.2689209 -55.2720413
vn -38.9227333 -6.11917543 -91.9107056
vn 1.97114718 -75.0731735 -66.031311
vn 17.4702969 -75.4425354 -63.2709503
vn 53.8011932 -84.0462265 6.45481253
vn 66.2262268 -68.310318 30.7861614
vn 53.8198433 -26.1313286 80.1285095
vn 51.1723938 14.0530853 84.7578735
vn -14.4899454 27.4497757 -95.0607758
vn 21.0166378 -54.4074821 -81.2288513
vn 44.0888977 -87.5185242 19.9167671
vn 14.1903992 -15.4399719 97.7764816
vn -4.66133833 65.954216 75.0220795
vn -1.94062805 75.2178497 65.8673553
vn -36.3829956 88.331337 29.5610027
vn -28.0540142 68.934082 -66.7911987
vn 20.0201836 50.2991676 -84.0784531
vn 44.6079521 -60.0024147 -66.4066391
vn 18.0233536 -94.9517365 25.6773491
vn -15.753355 -40.2665634 90.1689224
vn -34.7841072 64.2610703 68.2684326
vn -39.5563164 86.4315567 31.0625763
vn -2.3495512 79.5718765 -60.5210419
vn 30.4159489 87.2593231 -38.2188568
vn 63.6018181 40.9533005 -65.4036331
vn 56.6619797 -49.5407143 -65.8417587
vn 2.19429231 -99.9682465 -1.23816073
vn -56.269558 -43.2489471 70.4504471
vn -49.1391487 42.1654015 76.2064667
vn 85.7898788 43.6619339 -27.087471
vn 65.354599 -48.7062378 -57.9351311
vn -6.05344534 -94.6391678 -31.7298546
vn -85.4186554 -48.5673218 18.5706272
vn -72.6498947 39.8235321 56.0006828
vn -53.3388519 64.6730118 54.5194435
vn 64.2867432 75.9964371 9.5788784
vn 96.3422775 26.149229 5.86363029
vn 69.7240295 -53.529274 -47.6778259
vn -26.5195026 -82.1685104 -50.4484901
vn -93.0220108 -33.3876495 -15.237093
vn -75.4357986 49.836998 42.7284012
vn -28.8614807 83.168396 47.4345207
vn 71.1924286 59.7103462 36.9636536
vn 96.7839584 21.7614727 12.6216288
vn 69.7071686 -59.9181595 -39.3792229
vn -26.9690075 -79.8082047 -53.8825035
vn -96.7949371 -23.0485878 -9.975214
vn -63.9920197 63.2452888 43.6469345
vn -25.0107765 78.1324768 57.1819687
vn 71.3004913 60.8293839 34.8715706
vn 87.7672882 47.9253197 -0.258850962
vn 81.8216476 -45.5555992 -35.0699883
vn -23.7660847 -92.5208359 -29.5815735
vn -97.6218338 -14.736311 15.9002981
vn 68.4699707 71.7074661 13.0347614
vn 60.450531 78.5022049 -13.5327187
vn 85.9374542 37.9172592 -34.3079491
vn 70.5357819 -60.6419678 -36.7049789
vn -13.5103054 -99.0533371 2.43064809
vn -87.350502 -37.5013428 31.0409031
vn -72.4808426 60.9055519 32.2031441
vn -62.3754997 68.7089996 37.2608604
vn 53.4295807 79.1602936 -29.646719
vn 88.1211166 19.9628124 -42.8503571
vn 61.2082062 -75.106987 -24.7486801
vn -10.0444136 -98.9479599 10.4120626
vn -74.3285675 -54.8065605 38.3602066
vn -81.6468201 45.0157242 36.157711
vn -36.0304184 92.5096817 11.9903631
vn -31.3398228 91.8126907 24.2537651
vn -25.7291508 86.7375259 42.5982475
vn -24.8692951 80.7733612 53.4526215
vn -37.1856346 85.6798172 35.7239037
vn -41.9171066 85.2406616 31.256752
vn -41.9944572 85.3752899 30.7818813
vn 76.895813 48.6402206 41.4868889
vn 82.2721252 25.5360775 50.7859039
vn 76.8785324 48.6913605 41.4589233
vn 82.054306 -1.09781396 57.1479225
vn 58.1925087 -59.9911919 54.906189
vn 58.2202072 -59.958107 54.9129562
vn -0.670314312 -97.2770996 23.1671448
vn -0.637741268 -97.2751846 23.1761055
vn -59.1665115 -77.5088577 -22.1742878
vn -59.1727028 -77.5074768 -22.162569
vn -82.9427261 -12.4108505 -54.465374
vn -82.9500809 -12.3176422 -54.4753036
vn -65.7167587 48.8421898 -57.4085922
vn -49.5359917 70.0746155 -51.3393974
vn 0.627395153 97.2723999 -23.1880703
vn 0.65084219 97.2769165 -23.1684322
vn 32.3211288 94.6308899 -0.582173228
vn 32.3282318 94.6282806 -0.610083759
vn -54.3656807 83.7306595 5.79209042
vn -54.3570709 83.7365494 5.78784513
vn -54.6780472 83.5158005 5.95167971
vn -54.0417938 83.9504929 5.63901377
vn 84.5494003 -52.941494 6.97115135
vn 84.5840683 -52.8871994 6.9624958
vn 84.5594406 -52.9270248 6.95927143
vn 84.578064 -52.8985214 6.94946861
vn -68.7042923 -69.9236374 -19.7586498
vn -64.8965759 -73.4683151 -19.7697296
vn -67.2285843 -71.0498123 -20.7904491
vn -62.2369385 -75.9852829 -18.7829437
vn -52.0922966 -83.2732315 -18.7606354
vn -47.3568459 -86.2591858 -17.7955761
vn -37.9259491 -90.9210205 -17.1753922
vn -35.5416603 -92.0385437 -16.3001766
vn -31.9123859 -93.3985977 -16.0717621
vn -32.2601738 -93.301651 -15.9399433
vn -58.4964256 -2.80978608 81.0572128
vn -68.3959885 -1.608284 72.9342346
vn -65.2381897 -0.280480117 75.7885208
vn -50.4988823 -4.66035414 86.186676
vn 3.29169052e-05 -5.86252689 99.8280029
vn 3.16209007e-05 -6.29803038 99.8014755
vn 50.498951 -4.66035318 86.1866379
vn 58.4964981 -2.80977964 81.0571594
vn 68.3960266 -1.60828197 72.9341888
vn 65.2382507 -0.280481845 75.788475
vn -25.9649658 -31.841156 91.16996
vn -27.4010048 -33.4214478 90.1786728
vn -25.3143482 -31.776186 91.3753586
vn -29.1301498 -35.020153 89.0225906
vn -32.3697968 -38.4899559 86.4333267
vn -35.4662628 -40.255703 84.3897095
vn -39.3690834 -42.6479034 81.4323807
vn -43.4577675 -42.5480347 79.3793869
vn -45.3894882 -42.8993797 78.0988846
vn -48.4467545 -41.889225 76.7997665
vn 95.4993591 1.97094214 29.5971107
vn 87.5781479 23.0225334 -42.4267502
vn 97.9802399 11.2394047 16.539341
vn 93.1044464 -35.2680817 9.36611557
vn 80.4605103 -1.12390375 -59.3703957
vn 69.6781082 12.6892786 -70.5970535
vn 92.2132416 7.09076595 -38.0320778
vn 46.07127 32.1169243 -82.7402039
vn 81.3459091 46.828846 -34.4949722
vn 55.1177979 18.1019363 -81.4515076
vn 83.2691803 -48.2114983 27.2377396
vn 57.7561073 -75.5224457 -30.9934387
vn 27.8971272 -60.5207672 -74.5586243
vn 10.2001543 -57.9908676 -80.8270721
vn -2.96240735 -33.018692 -94.3450623
vn -13.779871 -45.8396568 -87.8000107
vn 84.7285995 -13.0125408 51.4950485
vn 76.9990463 -40.3550911 49.4227867
vn 43.9623871 -89.6207733 -5.95189095
vn 50.8613434 -84.9663467 -13.9227867
vn 5.86516714 -80.4251938 -59.1387253
vn -18.4025555 -80.0565033 -57.0289536
vn 77.1493378 -18.3962307 60.9061279
vn 68.0999298 -22.6313686 69.6435318
vn 63.663765 -56.272728 52.7285995
vn 38.4521446 -91.846405 9.25583076
vn -7.06663752 -94.1934967 -32.8275261
vn 44.3227577 -29.8394642 84.5287018
vn 34.5085983 -66.1358337 66.5973663
vn 12.8523874 -97.8723068 15.9946985
vn -43.6903038 -88.9106598 -13.6400175
vn -47.2017784 -70.079689 -53.4867287
vn -2.42275858 -49.6984406 86.7421265
vn -26.2838669 -80.3049469 53.4815216
vn -63.4326668 -75.0050278 18.7227478
vn -63.5646591 -73.0429382 -24.985239
vn -47.4953346 -59.6911926 64.6618423
vn 64.7951889 19.2269154 -73.7014847
vn 59.8956757 52.3684578 -60.5809669
vn 69.3214035 46.2434425 -55.2818642
vn 38.9219551 -6.11877537 -91.9110565
vn 14.4898129 27.4498024 -95.060791
vn 28.0539455 68.9341278 -66.7911911
vn -20.0191078 50.2991371 -84.0787354
vn 2.34956336 79.5718536 -60.5210609
vn -30.3875446 87.2670135 -38.2238731
vn -1.97122526 -75.0732574 -66.0312119
vn -17.4711323 -75.442009 -63.2713356
vn -21.0167484 -54.4074669 -81.2288284
vn -44.6080132 -60.0023804 -66.4066162
vn -59.912262 -39.1636772 -69.8335571
vn -63.6018791 40.9533119 -65.4035645
vn -85.789772 43.6620483 -27.0876102
vn -64.2867584 75.9964371 9.57891464
vn -53.8006401 -84.0465393 6.45523739
vn -47.3436775 -87.3003387 11.7144289
vn -18.0210724 -92.3705368 33.8071671
vn -17.1867733 -97.722641 -12.4458666
vn -61.3902092 -55.8538094 -55.781662
vn -66.2261505 -68.3102951 30.7863293
vn -53.8209801 -26.1305389 80.128006
vn -15.1875143 -27.3100414 94.9921112
vn 22.6689739 -31.1019783 92.2972565
vn 56.3788605 -50.8150215 65.1095734
vn 25.0850658 -95.1642227 -17.7344189
vn -51.1723099 14.0530882 84.7579117
vn 4.66140509 65.9542465 75.022049
vn 34.7841339 64.2610779 68.268425
vn 49.1392136 42.1654015 76.2064133
vn 53.3389397 64.6729736 54.5194016
vn 72.6499634 39.823597 56.0005722
vn 90.1609116 -39.6099205 17.3799915
vn 1.9406662 75.2178574 65.8673553
vn 36.3830414 88.3313293 29.560955
vn 39.5563202 86.4315643 31.0625362
vn 41.9944458 85.3753128 30.7818317
vn 41.9248352 85.2333221 31.2664165
vn 37.1857109 85.6798172 35.7238197
vn 28.8615055 83.1684265 47.4344482
vn 75.4358063 49.8367615 42.7286606
vn 93.0219879 -33.3876877 -15.2371616
vn 26.5195866 -82.168457 -50.4485779
vn -69.7239609 -53.5296364 -47.6775093
vn 25.0108299 78.1324768 57.1819344
vn 63.9920692 63.2452621 43.6469231
vn 96.7949524 -23.0484161 -9.97537804
vn 26.969141 -79.808136 -53.8825264
vn -69.7071762 -59.9182472 -39.379097
vn -96.3423004 26.1491299 5.86369419
vn -71.1924133 59.7103348 36.9636917
vn 24.8693237 80.7733078 53.4526672
vn 25.7291603 86.7375259 42.5982628
vn 62.3752327 68.7086258 37.2619743
vn 97.6218567 -14.7362661 15.9001675
vn 23.76614 -92.5207672 -29.5817261
vn -81.822113 -45.5563736 -35.0679245
vn -96.7839584 21.7613087 12.6217756
vn -71.3186798 60.8143387 34.8605957
vn 31.3398285 91.8126984 24.2537308
vn 72.4806976 60.9056358 32.2033005
vn 87.3505325 -37.5013123 31.0408821
vn 13.5103045 -99.0533371 2.43064237
vn -70.5361786 -60.641777 -36.704525
vn -85.9374237 37.9171333 -34.3081741
vn -87.7671432 47.9255867 -0.259334326
vn -68.4699554 71.7074509 13.0348234
vn 36.0393181 92.5048676 12.0006733
vn 81.6468658 45.0156631 36.1577072
vn 74.3285675 -54.8066139 38.3601303
vn 10.0443611 -98.9479675 10.4120235
vn -61.2082825 -75.1069336 -24.7486591
vn -88.1211395 19.9629421 -42.8502617
vn -53.4295845 79.160347 -29.6465492
vn -60.4505272 78.5022354 -13.5326757
vn 97.8127594 12.4189186 -16.6863823
vn 56.2038994 26.6853008 -78.2880173
vn 93.0960541 20.927227 -29.9195004
vn 90.8777237 -26.5345955 -32.204895
vn 45.2582664 0.710842013 -89.1694031
vn 28.9421406 12.5391273 -94.8953247
vn 64.2448502 11.6520271 -75.7418671
vn 0.830242515 28.9599724 -95.7111816
vn 51.8986244 50.3472977 -69.0773544
vn 10.8704472 15.7789621 -98.1471176
vn 91.5360794 -38.6283493 -11.3576307
vn 46.1221733 -72.747757 -50.7986946
vn -1.41837776 -63.9315186 -76.8814087
vn -20.2776947 -63.4719124 -74.5662766
vn -40.7824631 -40.8814926 -81.6424713
vn -46.2012749 -53.9933434 -70.3573914
vn 99.6420898 -1.47161508 8.32403851
vn 94.9280548 -29.4628563 10.9820738
vn 46.4604645 -85.8561325 -21.6829681
vn 48.6016579 -81.3007507 -32.0634727
vn -12.0635509 -84.3739471 -52.3020515
vn -32.7308731 -85.830513 -39.5197639
vn 97.6949081 -6.63992167 20.2882862
vn 93.9949493 -10.9012918 32.3436356
vn 86.3318787 -46.1064224 20.5184097
vn 48.5842857 -87.2271729 -5.56675005
vn -10.2863703 -96.8872986 -22.5175304
vn 80.297348 -18.7096939 56.588707
vn 67.6840744 -57.1472511 46.4010315
vn 29.4519978 -94.7811432 12.2112894
vn -34.9184532 -93.0716553 10.879817
vn -57.8057976 -78.0558624 -23.7859592
vn 41.9869232 -42.2075882 80.3468628
vn 9.46055508 -77.417717 62.5858994
vn -39.5489845 -78.2522659 48.0880318
vn -59.4408302 -79.9005127 9.09365368
vn -6.58553219 -57.8011818 81.3366699
vn -75.0115509 55.6553497 35.7176437
vn -7.18160343 -73.8566132 67.0345154
vn -75.1761856 55.2846375 35.9464951
vn -44.4088326 -85.7407684 -26.0072746
vn 7.18165731 -73.8566055 67.0345154
vn 75.0115891 55.6553345 35.7175751
vn 75.1701813 55.2868958 35.9555855
vn 23.1985779 -96.7953339 -9.61710835
vn 99.9984894 -0.429188311 -0.339999616
vn 99.9625626 -2.71950984 -0.299154341
vn 99.9942551 -1.0061115 -0.36887145
vn 99.9982071 0.581837177 -0.139788643
vn 99.9870148 1.61071849 0.0435797013
vn 99.9890823 1.4777236 0.00820651371
vn 100 0.00477647642 -3.91007816e-05
vn 100 0.00477637164 -3.89558081e-05
vn 100 0.00477689086 -3.90309324e-05
vn 100 -0.00477706268 -1.68131319e-05
vn -99.9625702 -2.71950936 -0.299076408
vn -99.998497 -0.429188043 -0.339919776
vn -99.9942551 -1.00611091 -0.368792951
vn -99.9982071 0.581837296 -0.139708534
vn -100 0.00477682147 3.8777911e-05
vn -100 0.00477665011 3.89232373e-05
vn -100 0.00477694673 3.88490334e-05
vn -100 0.00431210734 0.00209479919
vn -99.9870148 1.61071849 0.0436577052
vn -99.9890823 1.47772384 0.00828464143
vn -56.5744705 8.5665306e-07 82.4580536
vn -56.5939827 -0.0313755907 82.4446487
vn -56.5541801 0.00499434676 82.4719696
vn -56.5570869 0.00518657127 82.4699707
vn -56.5771942 0.0551723279 82.4561768
vn -56.6007652 0.102737688 82.4399261
vn -56.6294975 0.210760042 82.4199982
vn -56.5841141 -0.0439616963 82.4514236
vn -56.5044708 0.0382720828 82.5060196
vn -56.6900558 -0.180343673 82.3784332
vn 32.1631012 94.6664581 1.9482491
vn 19.6951294 97.9064941 -5.13997555
vn 21.5995178 97.5027847 -5.1641655
vn 37.2707062 92.6584244 5.03105497
vn 70.9917908 67.3754578 20.5113277
vn 73.6177521 65.8232727 15.7392855
vn 97.6820068 -3.36555386 21.1400089
vn 93.703598 -1.13100064 34.9049454
vn 71.6195145 -67.1845779 18.8912239
vn 74.2048416 -66.3174667 9.77919674
vn 45.1975327 -89.1466827 -3.17083597
vn 55.1521263 81.2836609 18.740551
vn 80.9372559 46.2233467 36.2293243
vn 90.6180801 -0.011624475 42.2890472
vn 80.4133987 -47.2883759 36.0207672
vn 49.8430061 -84.878746 17.6429443
vn 32.8514595 -94.4453888 0.920690835
vn 21.6418037 -96.623642 -13.9823427
vn 17.5741806 -98.4368591 -1.15480304
vn 27.1438236 -96.0513153 6.11203432
vn -55.7279587 -19.8676624 -80.6205368
vn -55.8220673 -19.7516499 -80.583931
vn -55.8605309 -19.6983891 -80.5703049
vn -55.9560013 -19.5398636 -80.5426483
vn -56.0028496 -19.5125065 -80.5167313
vn -55.9234505 -19.5099411 -80.5725098
vn -55.8586426 -19.5462799 -80.6086502
vn -55.8301468 -19.5801029 -80.6201859
vn 55.8086929 19.60989 80.6278
vn 55.8564796 19.5656204 80.6054764
vn 55.7880287 19.6873894 80.6232071
vn 55.8743019 19.5393219 80.5994873
vn 55.8841934 19.549696 80.5901108
vn 55.8460846 19.540041 80.6188583
vn 55.8667908 19.5342484 80.6059265
vn 55.8310318 19.5784569 80.6199722
vn 56.5940514 -0.0313768983 82.4445953
vn 56.5745163 -1.28296961e-05 82.4580078
vn 56.5542412 0.0049910564 82.4719238
vn 56.5571594 0.00518604368 82.4699249
vn 56.5841751 -0.0439629406 82.4513779
vn 56.6900787 -0.180332422 82.3784103
vn 56.5815468 0.068567358 82.4531708
vn 56.5978775 0.0888200924 82.441925
vn 56.6295586 0.210760042 82.41996
vn 56.4996262 0.0101219015 82.509346
vn -19.6951351 97.9065018 -5.13995886
vn -32.1631012 94.6664581 1.94827187
vn -21.5995235 97.5027771 -5.16413116
vn -37.2707024 92.6584091 5.03108263
vn -70.9918137 67.3754425 20.5112782
vn -55.1520996 81.2836761 18.7405853
vn -80.937233 46.2233353 36.2293816
vn -93.7035904 -1.13073969 34.9049873
vn -90.6180496 -0.0116477301 42.2890968
vn -80.4133606 -47.2883987 36.0208244
vn -73.6177444 65.8232651 15.7393475
vn -97.6819839 -3.36553264 21.1400871
vn -71.6194687 -67.1846008 18.8913212
vn -49.8429909 -84.878746 17.6429787
vn -32.852005 -94.4452057 0.920768797
vn -27.1438313 -96.0513229 6.11205053
vn -17.5741806 -98.4368591 -1.15479743
vn -21.6418152 -96.623642 -13.9823265
vn -45.1975327 -89.1466751 -3.17080235
vn -74.2048416 -66.3174744 9.77926064
vn 55.8135567 -19.7628536 -80.5870667
vn 55.7278976 -19.8676624 -80.620575
vn 55.8604546 -19.6984234 -80.5703583
vn 55.9231644 -19.5618916 -80.560112
vn 56.0030289 -19.5122814 -80.5166473
vn 55.9233665 -19.5099602 -80.5725708
vn 55.8585587 -19.5463181 -80.6087112
vn 55.8300858 -19.580101 -80.620224
vn -55.8467331 19.5752926 80.6098709
vn -55.8001289 19.6207943 80.631073
vn -55.7520981 19.6890888 80.647644
vn -55.8742523 19.539299 80.5995407
vn -55.8841171 19.5497131 80.5901566
vn -55.8506889 19.581049 80.6057281
vn -55.8365211 19.5826263 80.6151581
vn -55.8307266 19.5787926 80.6201096
vn 3.71191118e-06 -99.5403595 9.57687664
vn -7.88542366e-06 -99.5754776 9.20458031
vn 3.76079765e-06 -99.4169922 10.7824879
vn 1.18587905e-05 -99.9564972 2.94950819
vn -9.43325631e-06 -99.956459 2.95031953
vn 10.3033562 -98.5359039 -13.5836535
vn -13.828414 -97.5062408 -17.3581848
vn 0.000473087188 -93.6821747 -34.9806976
vn 39.6514816 -82.7851791 -39.6783791
vn -5.95782876e-05 -92.8052292 -37.2449799
vn -39.651516 -82.7851868 -39.6783409
vn 2.01714556e-05 96.727684 25.3723049
vn 3.69167938e-05 97.3978119 22.6642246
vn 9.57208431e-06 98.946991 14.4738789
vn -2.06260165e-06 90.3048782 42.9538116
vn 3.33483149e-05 90.3080826 42.9470711
vn 5.07765799e-05 92.6627197 37.5981636
vn 8.40211123e-06 95.9200211 28.2727489
vn -4.3325781e-07 99.9997101 -0.240495682
vn 22.2807922 70.2962952 -67.5425644
vn 40.8436165 85.4542236 -32.0838661
vn -12.86936 88.4307861 -44.8817787
vn -2.18688726 64.5600815 -76.3361893
vn 28.0787201 12.8696327 -95.1102448
vn 79.266304 45.0789909 -41.0455589
vn 20.1792641 35.123291 -91.4283981
vn -53.2591209 54.4932671 -64.7606964
vn -20.6850166 38.2986259 -90.0297012
vn 42.3784637 22.4703922 -87.7447739
vn 80.1882629 1.22198963 -59.7356682
vn 48.2416573 -43.6318054 -75.9539795
vn -13.6001673 -38.0092812 -91.4895096
vn -51.1060333 3.72963142 -85.8735199
vn -13.2843904 14.4952164 -98.0480194
vn 43.0336456 40.1767159 -80.8327637
vn 14.8484545 -6.33579636 -98.6883011
vn 29.8857689 53.6627998 -78.912262
vn 56.1120186 69.7614288 -44.5509224
vn 57.6631546 81.6333923 -3.30922937
vn 16.1198158 90.9868851 -38.230072
vn 38.0936623 66.9433441 -63.7766457
vn 68.947052 12.6493988 -71.3182755
vn 92.7144318 37.4013443 2.2744534
vn 62.001297 36.07481 -69.6738586
vn -13.7198744 62.5983772 -76.7672272
vn 25.4343433 43.7037811 -86.2732468
vn 79.368721 20.3983612 -57.3106728
vn 98.2473145 -5.68838358 -17.7512932
vn 73.4786377 -45.862011 -49.9756432
vn 26.0187378 -32.7971878 -90.815033
vn -6.46282291 12.7196312 -98.9769821
vn 33.4636383 19.703413 -92.1518326
vn 78.0843353 38.1806755 -49.4476776
vn 56.9986038 -4.42932749 -82.0459671
vn 66.480484 52.7820816 -52.8620605
vn 27.0834179 49.0123978 -82.8509064
vn -42.3786545 22.4707146 -87.7446213
vn -12.0024223 54.559803 -82.9407578
vn -28.0790901 12.8696489 -95.1101303
vn -33.6318321 72.9426422 -59.5673599
vn -10.8705883 15.7789307 -98.14711
vn 53.692688 -6.29044676 -84.1280212
vn 51.1603317 48.9599838 -70.6083527
vn 22.4998264 88.4266052 -40.9205627
vn -34.6119347 86.0530167 -37.3750381
vn -79.5578842 51.1602707 -32.4525795
vn -41.898468 41.0454826 -80.9925156
vn -0.830336273 28.9600143 -95.7111664
vn 5.82067537 -35.9545097 -93.1310577
vn -20.179388 35.1232796 -91.4283829
vn -80.1883011 1.22199595 -59.7356071
vn -64.2453232 11.6530819 -75.7413025
vn -48.243412 -43.6310768 -75.9532928
vn 5.30629063 49.4617615 -86.7489395
vn -63.5680275 24.0109615 -73.3660812
vn -32.5359993 55.3481293 -76.6680756
vn -52.03685 13.9923153 -84.2400284
vn -46.9939957 74.0461502 -48.0492516
vn -36.2710152 17.0487099 -91.6174469
vn 29.4939747 -6.39590549 -95.3372955
vn 31.7962971 48.7991676 -81.2873764
vn 12.4948006 88.5228653 -44.8060608
vn -41.7290306 87.0160904 -26.2085686
vn -84.2647247 52.8828812 -10.1418781
vn -60.9697495 42.7330589 -66.7575836
vn -25.4905758 30.0403748 -91.9119415
vn -19.6618233 -35.132225 -91.5376434
vn -42.9357452 36.4623222 -82.6257858
vn -92.9465714 3.21092081 -36.7508583
vn -81.6385269 13.6568127 -56.1127815
vn -67.3089218 -41.9820747 -60.8852425
vn -17.4262714 54.8812447 -81.7580185
vn -79.368927 20.398243 -57.3104362
vn -52.8906898 55.4492874 -64.2491455
vn -68.947052 12.6494303 -71.3182831
vn -62.8116608 70.8645859 -32.138855
vn -55.1179008 18.1015625 -81.4515305
vn 10.4462881 2.98261929 -99.4081573
vn 9.72718906 57.1380157 -81.4900589
vn -5.72492647 91.9358978 -38.9232101
vn -54.5043983 83.1341248 -10.8621273
vn -89.6144714 43.1013718 10.5601473
vn -77.0365372 39.1093864 -50.3570137
vn -46.0712852 32.1169281 -82.7401962
vn -33.7928123 -31.574995 -88.6626434
vn -62.001358 36.0747833 -69.6738281
vn -98.2473145 -5.68839073 -17.7512608
vn -92.2135773 7.09219933 -38.0310249
vn -73.4784088 -45.8621368 -49.9758606

# Mesh 'Mesh' with 24 faces
g Mesh
usemtl wings glass.001
f  1/1/1 2/2/2 3/3/3
f  4/4/4 5/1/1 6/3/3
f  7/4/4 8/3/3 9/5/5
f  10/5/5 11/6/6 12/4/4
f  13/6/6 14/5/5 15/7/7
f  16/7/7 17/8/8 18/6/6
f  19/3/3 20/9/9 21/5/5
f  22/3/3 23/10/10 24/9/9
f  25/10/10 26/11/11 27/9/9
f  28/10/10 29/12/12 30/11/11
f  31/10/10 32/13/13 33/12/12
f  34/5/5 35/14/14 36/7/7
f  37/2/15 38/1/16 39/3/17
f  40/1/16 41/4/18 42/3/17
f  43/3/17 44/4/18 45/5/19
f  46/9/20 47/3/17 48/5/19
f  49/10/21 50/3/17 51/9/20
f  52/11/22 53/10/21 54/9/20
f  55/12/23 56/10/21 57/11/22
f  58/13/24 59/10/21 60/12/23
f  61/6/25 62/5/19 63/4/18
f  64/5/19 65/6/25 66/7/26
f  67/14/27 68/5/19 69/7/26
f  70/8/28 71/7/26 72/6/25

# Mesh 'Mesh.001' with 1660 faces
g Mesh.001
usemtl Material.001
f  73/15/29 74/16/30 75/17/31
f  76/16/30 77/15/29 78/18/32
f  79/19/33 80/16/30 81/18/32
f  82/16/30 83/19/33 84/20/34
f  85/19/33 86/21/35 87/20/34
f  88/21/35 89/19/33 90/22/36
f  91/23/37 92/21/35 93/22/36
f  94/21/35 95/23/37 96/24/38
f  97/15/29 98/25/39 99/18/32
f  100/25/39 101/19/33 102/18/32
f  103/19/33 104/25/39 105/26/40
f  106/27/41 107/19/33 108/26/40
f  109/19/33 110/27/41 111/22/36
f  112/27/41 113/23/37 114/22/36
f  115/23/37 116/27/41 117/28/42
f  118/29/43 119/28/42 120/27/41
f  121/28/42 122/29/43 123/30/44
f  124/29/43 125/31/45 126/30/44
f  127/25/39 128/15/29 129/32/46
f  130/32/46 131/33/47 132/25/39
f  133/34/48 134/25/39 135/33/47
f  136/25/39 137/34/48 138/26/40
f  139/34/48 140/27/41 141/26/40
f  142/27/41 143/34/48 144/29/43
f  145/34/48 146/35/49 147/29/43
f  148/31/45 149/29/43 150/35/49
f  151/36/50 152/31/45 153/35/49
f  154/31/45 155/36/50 156/37/51
f  157/36/50 158/38/52 159/37/51
f  160/33/47 161/32/46 162/39/53
f  163/40/54 164/33/47 165/39/53
f  166/33/47 167/40/54 168/41/55
f  169/41/55 170/34/48 171/33/47
f  172/34/48 173/41/55 174/42/56
f  175/35/49 176/34/48 177/42/56
f  178/43/57 179/35/49 180/42/56
f  181/35/49 182/43/57 183/36/50
f  184/36/50 185/43/57 186/44/58
f  187/44/58 188/38/52 189/36/50
f  190/44/58 191/45/59 192/38/52
f  193/32/46 194/46/60 195/39/53
f  196/46/60 197/47/61 198/39/53
f  199/47/61 200/46/60 201/48/62
f  202/49/63 203/47/61 204/48/62
f  205/47/61 206/49/63 207/50/64
f  208/50/64 209/49/63 210/51/65
f  211/46/60 212/32/46 213/52/66
f  214/52/66 215/53/67 216/46/60
f  217/53/67 218/48/62 219/46/60
f  220/48/62 221/53/67 222/54/68
f  223/55/69 224/48/62 225/54/68
f  226/48/62 227/55/69 228/49/63
f  229/49/63 230/55/69 231/56/70
f  232/51/65 233/49/63 234/56/70
f  235/56/70 236/57/71 237/51/65
f  238/58/72 239/57/71 240/56/70
f  241/59/73 242/52/66 243/32/46
f  244/52/66 245/59/73 246/60/74
f  247/61/75 248/52/66 249/60/74
f  250/52/66 251/61/75 252/62/76
f  253/53/67 254/52/66 255/62/76
f  256/63/77 257/53/67 258/62/76
f  259/53/67 260/63/77 261/64/78
f  262/65/79 263/53/67 264/64/78
f  265/53/67 266/65/79 267/54/68
f  268/66/80 269/60/74 270/59/73
f  271/60/74 272/66/80 273/67/81
f  274/67/81 275/61/75 276/60/74
f  277/61/75 278/67/81 279/68/82
f  280/68/82 281/69/83 282/61/75
f  283/63/77 284/61/75 285/69/83
f  286/61/75 287/63/77 288/62/76
f  289/69/83 290/68/82 291/70/84
f  292/70/84 293/71/85 294/69/83
f  295/71/85 296/63/77 297/69/83
f  298/63/77 299/71/85 300/72/86
f  301/72/86 302/64/78 303/63/77
f  304/64/78 305/72/86 306/73/87
f  307/74/88 308/64/78 309/73/87
f  310/64/78 311/74/88 312/65/79
f  313/75/89 314/70/84 315/68/82
f  316/70/84 317/75/89 318/76/90
f  319/76/90 320/77/91 321/70/84
f  322/77/91 323/76/90 324/78/92
f  325/78/92 326/79/93 327/77/91
f  328/79/93 329/78/92 330/80/94
f  331/80/94 332/81/95 333/79/93
f  334/68/82 335/82/96 336/75/89
f  337/82/96 338/83/97 339/75/89
f  340/83/97 341/76/90 342/75/89
f  343/76/90 344/83/97 345/84/98
f  346/85/99 347/76/90 348/84/98
f  349/76/90 350/85/99 351/78/92
f  352/86/100 353/78/92 354/85/99
f  355/78/92 356/86/100 357/80/94
f  358/82/96 359/68/82 360/87/101
f  361/87/101 362/88/102 363/82/96
f  364/88/102 365/89/103 366/82/96
f  367/83/97 368/82/96 369/89/103
f  370/90/104 371/83/97 372/89/103
f  373/83/97 374/90/104 375/84/98
f  376/90/104 377/85/99 378/84/98
f  379/90/104 380/86/100 381/85/99
f  382/90/104 383/91/105 384/86/100
f  385/91/105 386/80/94 387/86/100
f  388/80/94 389/91/105 390/92/106
f  391/81/95 392/80/94 393/92/106
f  394/88/102 395/87/101 396/93/107
f  397/93/107 398/94/108 399/88/102
f  400/94/108 401/95/109 402/88/102
f  403/89/103 404/88/102 405/95/109
f  406/95/109 407/90/104 408/89/103
f  409/90/104 410/95/109 411/96/110
f  412/91/105 413/90/104 414/96/110
f  415/96/110 416/92/106 417/91/105
f  418/92/106 419/96/110 420/94/108
f  421/97/111 422/92/106 423/94/108
f  424/92/106 425/97/111 426/81/95
f  427/94/108 428/93/107 429/97/111
f  430/95/109 431/94/108 432/96/110
f  433/71/85 434/70/84 435/98/112
f  436/99/113 437/65/79 438/74/88
f  439/65/79 440/99/113 441/100/114
f  442/100/114 443/54/68 444/65/79
f  445/54/68 446/100/114 447/55/69
f  448/55/69 449/100/114 450/56/70
f  451/100/114 452/58/72 453/56/70
f  454/100/114 455/99/113 456/58/72
f  457/45/59 458/44/58 459/101/115
f  460/44/58 461/102/116 462/101/115
f  463/102/116 464/103/117 465/101/115
f  466/41/55 467/103/117 468/102/116
f  469/103/117 470/41/55 471/40/54
f  472/43/57 473/102/116 474/44/58
f  475/42/56 476/102/116 477/43/57
f  478/102/116 479/42/56 480/41/55
f  481/104/118 482/105/119 483/106/120
f  484/105/119 485/104/118 486/107/121
f  487/108/122 488/105/119 489/107/121
f  490/105/119 491/108/122 492/109/123
f  493/110/124 494/105/119 495/109/123
f  496/105/119 497/110/124 498/111/125
f  499/112/126 500/107/121 501/104/118
f  502/107/121 503/112/126 504/113/127
f  505/114/128 506/107/121 507/113/127
f  508/107/121 509/114/128 510/108/122
f  511/115/129 512/113/127 513/112/126
f  514/113/127 515/115/129 516/116/130
f  517/116/130 518/114/128 519/113/127
f  520/114/128 521/116/130 522/117/131
f  523/116/130 524/118/132 525/117/131
f  526/118/132 527/116/130 528/119/133
f  529/119/133 530/120/134 531/118/132
f  532/120/134 533/119/133 534/121/135
f  535/122/136 536/116/130 537/115/129
f  538/116/130 539/122/136 540/119/133
f  541/122/136 542/121/137 543/119/133
f  544/121/137 545/122/136 546/123/138
f  547/121/137 548/123/138 549/124/139
f  550/125/140 551/126/141 552/127/142
f  553/126/141 554/125/140 555/128/143
f  556/129/144 557/126/141 558/128/143
f  559/126/141 560/129/144 561/130/145
f  562/131/146 563/130/145 564/129/144
f  565/130/145 566/131/146 567/132/147
f  568/133/148 569/132/147 570/131/146
f  571/132/147 572/133/148 573/134/149
f  574/125/140 575/135/150 576/128/143
f  577/136/151 578/128/143 579/135/150
f  580/128/143 581/136/151 582/129/144
f  583/137/152 584/129/144 585/136/151
f  586/129/144 587/137/152 588/131/146
f  589/138/153 590/131/146 591/137/152
f  592/131/146 593/138/153 594/133/148
f  595/139/154 596/133/148 597/138/153
f  598/133/148 599/139/154 600/140/155
f  601/140/155 602/134/149 603/133/148
f  604/134/149 605/140/155 606/141/156
f  607/135/150 608/125/140 609/142/157
f  610/125/140 611/143/158 612/142/157
f  613/143/158 614/125/140 615/144/159
f  616/140/155 617/145/160 618/141/156
f  619/145/160 620/140/155 621/146/161
f  622/140/155 623/147/162 624/146/161
f  625/146/161 626/147/162 627/148/163
f  628/147/162 629/140/155 630/139/154
f  631/149/164 632/150/165 633/151/166
f  634/150/165 635/149/164 636/152/167
f  637/149/164 638/153/168 639/152/167
f  640/153/168 641/149/164 642/154/169
f  643/155/170 644/153/168 645/154/169
f  646/155/170 647/154/169 648/156/171
f  649/157/172 650/155/170 651/156/171
f  652/158/173 653/159/174 654/160/175
f  655/159/174 656/158/173 657/161/176
f  658/158/173 659/162/177 660/161/176
f  661/162/177 662/158/173 663/163/178
f  664/164/179 665/165/180 666/166/181
f  667/165/180 668/164/179 669/167/182
f  670/168/183 671/167/182 672/164/179
f  673/167/182 674/168/183 675/169/184
f  676/170/185 677/169/184 678/168/183
f  679/169/184 680/170/185 681/171/186
f  682/172/187 683/171/186 684/170/185
f  685/171/186 686/172/187 687/173/188
f  688/174/189 689/175/190 690/176/191
f  691/175/190 692/174/189 693/177/192
f  694/177/192 695/178/193 696/175/190
f  697/178/193 698/177/192 699/179/194
f  700/179/194 701/180/195 702/178/193
f  703/180/195 704/179/194 705/181/196
f  706/181/196 707/182/197 708/180/195
f  709/182/197 710/181/196 711/183/198
f  712/184/199 713/185/200 714/186/201
f  715/185/200 716/184/199 717/187/202
f  718/187/202 719/188/203 720/185/200
f  721/188/203 722/189/204 723/185/200
f  724/185/200 725/189/204 726/190/205
f  727/188/203 728/187/202 729/191/206
f  730/187/202 731/192/207 732/191/206
f  733/192/207 734/187/202 735/193/208
f  736/193/208 737/187/202 738/194/209
f  739/189/204 740/188/203 741/195/210
f  742/196/211 743/197/212 744/198/213
f  745/197/212 746/196/211 747/199/214
f  748/199/214 749/200/215 750/197/212
f  751/200/215 752/201/216 753/197/212
f  754/197/212 755/201/216 756/202/217
f  757/202/217 758/201/216 759/203/218
f  760/204/219 761/202/217 762/203/218
f  763/202/217 764/204/219 765/205/220
f  766/206/221 767/199/214 768/196/211
f  769/199/214 770/206/221 771/207/222
f  772/204/219 773/208/223 774/205/220
f  775/201/216 776/209/224 777/203/218
f  778/201/216 779/210/225 780/209/224
f  781/211/226 782/209/224 783/210/225
f  784/209/224 785/211/226 786/212/227
f  787/210/225 788/201/216 789/213/228
f  790/201/216 791/200/215 792/213/228
f  793/210/225 794/214/229 795/211/226
f  796/214/229 797/215/230 798/211/226
f  799/215/230 800/214/229 801/216/231
f  802/217/232 803/218/233 804/219/234
f  805/218/233 806/217/232 807/220/235
f  808/220/235 809/221/236 810/218/233
f  811/221/236 812/220/235 813/222/237
f  814/222/237 815/223/238 816/221/236
f  817/223/238 818/222/237 819/224/239
f  820/224/239 821/225/240 822/223/238
f  823/185/241 824/184/242 825/186/243
f  826/184/242 827/185/241 828/187/244
f  829/188/245 830/187/244 831/185/241
f  832/187/244 833/188/245 834/191/246
f  835/192/247 836/187/244 837/191/246
f  838/187/244 839/192/247 840/193/248
f  841/187/244 842/193/248 843/194/249
f  844/185/241 845/195/250 846/188/245
f  847/195/250 848/185/241 849/189/251
f  850/189/251 851/185/241 852/190/252
f  853/197/253 854/196/254 855/198/255
f  856/196/254 857/197/253 858/200/256
f  859/200/256 860/199/257 861/196/254
f  862/199/257 863/206/258 864/196/254
f  865/206/258 866/199/257 867/207/259
f  868/201/260 869/200/256 870/197/253
f  871/200/256 872/201/260 873/213/261
f  874/201/260 875/210/262 876/213/261
f  877/210/262 878/201/260 879/209/263
f  880/214/264 881/210/262 882/209/263
f  883/201/260 884/197/253 885/202/265
f  886/201/260 887/202/265 888/203/266
f  889/209/263 890/201/260 891/203/266
f  892/202/265 893/204/267 894/203/266
f  895/204/267 896/202/265 897/205/268
f  898/208/269 899/204/267 900/205/268
f  901/214/264 902/215/270 903/216/271
f  904/215/270 905/214/264 906/211/272
f  907/209/263 908/211/272 909/214/264
f  910/211/272 911/209/263 912/212/273
f  913/226/274 914/227/275 915/228/276
f  916/227/275 917/226/274 918/229/277
f  919/230/278 920/231/279 921/232/280
f  922/231/279 923/230/278 924/233/281
f  925/234/282 926/235/283 927/236/284
f  928/235/283 929/234/282 930/237/285
f  931/238/286 932/237/285 933/234/282
f  934/237/285 935/238/286 936/239/287
f  937/240/288 938/239/287 939/238/286
f  940/239/287 941/240/288 942/241/289
f  943/242/290 944/241/289 945/240/288
f  946/241/289 947/242/290 948/243/291
f  949/244/292 950/245/293 951/246/294
f  952/245/293 953/244/292 954/247/295
f  955/247/295 956/248/296 957/245/293
f  958/248/296 959/247/295 960/249/297
f  961/250/298 962/248/296 963/249/297
f  964/248/296 965/250/298 966/251/299
f  967/21/300 968/23/301 969/24/302
f  970/23/301 971/21/300 972/22/303
f  973/27/304 974/23/301 975/22/303
f  976/23/301 977/27/304 978/28/305
f  979/29/306 980/28/305 981/27/304
f  982/28/305 983/29/306 984/30/307
f  985/29/306 986/31/308 987/30/307
f  988/21/300 989/19/309 990/22/303
f  991/19/309 992/27/304 993/22/303
f  994/27/304 995/19/309 996/26/310
f  997/34/311 998/27/304 999/26/310
f  1000/27/304 1001/34/311 1002/29/306
f  1003/34/311 1004/35/312 1005/29/306
f  1006/31/308 1007/29/306 1008/35/312
f  1009/36/313 1010/31/308 1011/35/312
f  1012/31/308 1013/36/313 1014/37/314
f  1015/36/313 1016/38/315 1017/37/314
f  1018/19/309 1019/21/300 1020/20/316
f  1021/16/317 1022/19/309 1023/20/316
f  1024/19/309 1025/16/317 1026/18/318
f  1027/25/319 1028/19/309 1029/18/318
f  1030/19/309 1031/25/319 1032/26/310
f  1033/25/319 1034/34/311 1035/26/310
f  1036/34/311 1037/25/319 1038/33/320
f  1039/41/321 1040/34/311 1041/33/320
f  1042/34/311 1043/41/321 1044/42/322
f  1045/35/312 1046/34/311 1047/42/322
f  1048/16/317 1049/15/323 1050/18/318
f  1051/15/323 1052/25/319 1053/18/318
f  1054/25/319 1055/15/323 1056/32/324
f  1057/32/324 1058/33/320 1059/25/319
f  1060/33/320 1061/32/324 1062/39/325
f  1063/40/326 1064/33/320 1065/39/325
f  1066/33/320 1067/40/326 1068/41/321
f  1069/103/327 1070/41/321 1071/40/326
f  1072/41/321 1073/103/327 1074/102/328
f  1075/102/328 1076/42/322 1077/41/321
f  1078/15/323 1079/16/317 1080/17/329
f  1081/102/328 1082/103/327 1083/101/330
f  1084/44/331 1085/102/328 1086/101/330
f  1087/43/332 1088/102/328 1089/44/331
f  1090/42/322 1091/102/328 1092/43/332
f  1093/43/332 1094/35/312 1095/42/322
f  1096/35/312 1097/43/332 1098/36/313
f  1099/36/313 1100/43/332 1101/44/331
f  1102/44/331 1103/38/315 1104/36/313
f  1105/44/331 1106/45/333 1107/38/315
f  1108/45/333 1109/44/331 1110/101/330
f  1111/252/334 1112/253/335 1113/254/336
f  1114/253/335 1115/252/334 1116/255/337
f  1117/256/338 1118/255/337 1119/252/334
f  1120/255/337 1121/256/338 1122/257/339
f  1123/256/338 1124/258/340 1125/257/339
f  1126/258/340 1127/256/338 1128/259/341
f  1129/260/342 1130/258/340 1131/259/341
f  1132/258/340 1133/260/342 1134/261/343
f  1135/260/342 1136/262/344 1137/261/343
f  1138/262/344 1139/260/342 1140/263/345
f  1141/264/346 1142/262/344 1143/263/345
f  1144/262/344 1145/264/346 1146/265/347
f  1147/266/348 1148/265/347 1149/264/346
f  1150/265/347 1151/266/348 1152/267/349
f  1153/266/348 1154/268/350 1155/267/349
f  1156/268/350 1157/266/348 1158/269/351
f  1159/125/352 1160/143/353 1161/144/354
f  1162/143/353 1163/125/352 1164/142/355
f  1165/125/352 1166/135/356 1167/142/355
f  1168/135/356 1169/125/352 1170/128/357
f  1171/128/357 1172/136/358 1173/135/356
f  1174/136/358 1175/128/357 1176/129/359
f  1177/129/359 1178/137/360 1179/136/358
f  1180/137/360 1181/129/359 1182/131/361
f  1183/131/361 1184/138/362 1185/137/360
f  1186/125/352 1187/126/363 1188/128/357
f  1189/126/363 1190/129/359 1191/128/357
f  1192/129/359 1193/126/363 1194/130/364
f  1195/130/364 1196/131/361 1197/129/359
f  1198/131/361 1199/130/364 1200/132/365
f  1201/132/365 1202/133/366 1203/131/361
f  1204/138/362 1205/131/361 1206/133/366
f  1207/133/366 1208/139/367 1209/138/362
f  1210/139/367 1211/133/366 1212/140/368
f  1213/140/368 1214/147/369 1215/139/367
f  1216/126/363 1217/125/352 1218/127/370
f  1219/133/366 1220/132/365 1221/134/371
f  1222/134/371 1223/140/368 1224/133/366
f  1225/140/368 1226/134/371 1227/141/372
f  1228/145/373 1229/140/368 1230/141/372
f  1231/140/368 1232/145/373 1233/146/374
f  1234/147/369 1235/140/368 1236/146/374
f  1237/147/369 1238/146/374 1239/148/375
f  1240/105/376 1241/104/377 1242/106/378
f  1243/104/377 1244/105/376 1245/107/379
f  1246/107/379 1247/112/380 1248/104/377
f  1249/112/380 1250/107/379 1251/113/381
f  1252/113/381 1253/115/382 1254/112/380
f  1255/115/382 1256/113/381 1257/116/383
f  1258/116/383 1259/122/384 1260/115/382
f  1261/105/376 1262/108/385 1263/107/379
f  1264/114/386 1265/107/379 1266/108/385
f  1267/107/379 1268/114/386 1269/113/381
f  1270/114/386 1271/116/383 1272/113/381
f  1273/116/383 1274/114/386 1275/117/387
f  1276/118/388 1277/116/383 1278/117/387
f  1279/116/383 1280/118/388 1281/119/389
f  1282/122/384 1283/116/383 1284/119/389
f  1285/121/390 1286/122/384 1287/119/389
f  1288/122/384 1289/121/390 1290/123/391
f  1291/108/385 1292/105/376 1293/109/392
f  1294/105/376 1295/110/393 1296/109/392
f  1297/110/393 1298/105/376 1299/111/394
f  1300/123/391 1301/121/390 1302/124/395
f  1303/120/396 1304/119/389 1305/118/388
f  1306/119/389 1307/120/396 1308/121/397
f  1309/152/398 1310/151/399 1311/150/400
f  1312/151/399 1313/152/398 1314/149/401
f  1315/153/402 1316/149/401 1317/152/398
f  1318/149/401 1319/153/402 1320/154/403
f  1321/153/402 1322/155/404 1323/154/403
f  1324/154/403 1325/155/404 1326/156/405
f  1327/155/404 1328/157/406 1329/156/405
f  1330/21/407 1331/23/408 1332/24/409
f  1333/23/408 1334/21/407 1335/22/410
f  1336/27/411 1337/23/408 1338/22/410
f  1339/23/408 1340/27/411 1341/28/412
f  1342/29/413 1343/28/412 1344/27/411
f  1345/28/412 1346/29/413 1347/30/414
f  1348/29/413 1349/31/415 1350/30/414
f  1351/21/407 1352/19/416 1353/22/410
f  1354/19/416 1355/27/411 1356/22/410
f  1357/27/411 1358/19/416 1359/26/417
f  1360/34/418 1361/27/411 1362/26/417
f  1363/27/411 1364/34/418 1365/29/413
f  1366/34/418 1367/35/419 1368/29/413
f  1369/31/415 1370/29/413 1371/35/419
f  1372/36/420 1373/31/415 1374/35/419
f  1375/31/415 1376/36/420 1377/37/421
f  1378/36/420 1379/38/422 1380/37/421
f  1381/19/416 1382/21/407 1383/20/423
f  1384/16/424 1385/19/416 1386/20/423
f  1387/19/416 1388/16/424 1389/18/425
f  1390/25/426 1391/19/416 1392/18/425
f  1393/19/416 1394/25/426 1395/26/417
f  1396/25/426 1397/34/418 1398/26/417
f  1399/34/418 1400/25/426 1401/33/427
f  1402/41/428 1403/34/418 1404/33/427
f  1405/34/418 1406/41/428 1407/42/429
f  1408/35/419 1409/34/418 1410/42/429
f  1411/16/424 1412/15/430 1413/18/425
f  1414/15/430 1415/25/426 1416/18/425
f  1417/25/426 1418/15/430 1419/32/431
f  1420/32/431 1421/33/427 1422/25/426
f  1423/33/427 1424/32/431 1425/39/432
f  1426/40/433 1427/33/427 1428/39/432
f  1429/33/427 1430/40/433 1431/41/428
f  1432/103/434 1433/41/428 1434/40/433
f  1435/41/428 1436/103/434 1437/102/435
f  1438/102/435 1439/42/429 1440/41/428
f  1441/15/430 1442/16/424 1443/17/436
f  1444/102/435 1445/103/434 1446/101/437
f  1447/44/438 1448/102/435 1449/101/437
f  1450/43/439 1451/102/435 1452/44/438
f  1453/42/429 1454/102/435 1455/43/439
f  1456/43/439 1457/35/419 1458/42/429
f  1459/35/419 1460/43/439 1461/36/420
f  1462/36/420 1463/43/439 1464/44/438
f  1465/44/438 1466/38/422 1467/36/420
f  1468/44/438 1469/45/440 1470/38/422
f  1471/45/440 1472/44/438 1473/101/437
f  1474/270/441 1475/271/442 1476/272/443
f  1477/271/442 1478/270/441 1479/273/444
f  1480/274/445 1481/273/444 1482/270/441
f  1483/273/444 1484/274/445 1485/275/446
f  1486/276/447 1487/275/446 1488/274/445
f  1489/275/446 1490/276/447 1491/277/448
f  1492/278/449 1493/277/448 1494/276/447
f  1495/277/448 1496/278/449 1497/279/450
f  1498/280/451 1499/281/452 1500/282/453
f  1501/281/452 1502/280/451 1503/283/454
f  1504/284/455 1505/283/454 1506/280/451
f  1507/283/454 1508/284/455 1509/285/456
f  1510/286/457 1511/287/458 1512/288/459
f  1513/287/458 1514/286/457 1515/289/460
f  1516/290/461 1517/289/460 1518/286/457
f  1519/289/460 1520/290/461 1521/291/462
f  1522/292/463 1523/291/462 1524/290/461
f  1525/291/462 1526/292/463 1527/293/464
f  1528/292/463 1529/294/465 1530/293/464
f  1531/295/466 1532/296/467 1533/297/468
f  1534/296/467 1535/295/466 1536/298/469
f  1537/299/470 1538/296/467 1539/298/469
f  1540/296/467 1541/299/470 1542/300/471
f  1543/299/470 1544/301/472 1545/300/471
f  1546/301/472 1547/299/470 1548/302/473
f  1549/303/474 1550/302/473 1551/299/470
f  1552/302/473 1553/303/474 1554/304/475
f  1555/295/466 1556/305/476 1557/298/469
f  1558/298/469 1559/305/476 1560/306/477
f  1561/298/469 1562/306/477 1563/307/478
f  1564/298/469 1565/307/478 1566/303/474
f  1567/299/470 1568/298/469 1569/303/474
f  1570/305/476 1571/308/479 1572/306/477
f  1573/308/479 1574/309/480 1575/306/477
f  1576/309/480 1577/310/481 1578/306/477
f  1579/306/477 1580/310/481 1581/311/482
f  1582/307/478 1583/306/477 1584/311/482
f  1585/312/483 1586/307/478 1587/311/482
f  1588/313/484 1589/307/478 1590/312/483
f  1591/307/478 1592/313/484 1593/314/485
f  1594/307/478 1595/314/485 1596/303/474
f  1597/314/485 1598/304/475 1599/303/474
f  1600/304/475 1601/314/485 1602/315/486
f  1603/309/480 1604/308/479 1605/316/487
f  1606/313/484 1607/315/486 1608/314/485
f  1609/315/486 1610/313/484 1611/317/488
f  1612/313/484 1613/318/489 1614/317/488
f  1615/318/489 1616/313/484 1617/312/483
f  1618/312/483 1619/319/490 1620/318/489
f  1621/319/490 1622/312/483 1623/311/482
f  1624/311/482 1625/320/491 1626/319/490
f  1627/320/491 1628/311/482 1629/310/481
f  1630/310/481 1631/321/492 1632/320/491
f  1633/321/492 1634/310/481 1635/322/493
f  1636/310/481 1637/309/480 1638/322/493
f  1639/323/494 1640/324/495 1641/325/496
f  1642/324/495 1643/323/494 1644/326/497
f  1645/326/497 1646/327/498 1647/324/495
f  1648/327/498 1649/326/497 1650/328/499
f  1651/329/500 1652/327/498 1653/328/499
f  1654/327/498 1655/329/500 1656/330/501
f  1657/331/502 1658/330/501 1659/329/500
f  1660/330/501 1661/331/502 1662/332/503
f  1663/333/504 1664/326/497 1665/323/494
f  1666/326/497 1667/333/504 1668/334/505
f  1669/334/505 1670/328/499 1671/326/497
f  1672/328/499 1673/334/505 1674/335/506
f  1675/336/507 1676/328/499 1677/335/506
f  1678/328/499 1679/336/507 1680/329/500
f  1681/337/508 1682/329/500 1683/336/507
f  1684/329/500 1685/337/508 1686/331/502
f  1687/337/508 1688/338/509 1689/331/502
f  1690/339/510 1691/333/504 1692/323/494
f  1693/333/504 1694/339/510 1695/340/511
f  1696/340/511 1697/341/512 1698/333/504
f  1699/341/512 1700/334/505 1701/333/504
f  1702/334/505 1703/341/512 1704/342/513
f  1705/342/513 1706/335/506 1707/334/505
f  1708/335/506 1709/342/513 1710/343/514
f  1711/344/515 1712/335/506 1713/343/514
f  1714/335/506 1715/344/515 1716/336/507
f  1717/345/516 1718/336/507 1719/344/515
f  1720/336/507 1721/345/516 1722/337/508
f  1723/346/517 1724/340/511 1725/339/510
f  1726/340/511 1727/346/517 1728/347/518
f  1729/347/518 1730/348/519 1731/340/511
f  1732/349/520 1733/340/511 1734/348/519
f  1735/341/512 1736/340/511 1737/349/520
f  1738/349/520 1739/342/513 1740/341/512
f  1741/342/513 1742/349/520 1743/350/521
f  1744/350/521 1745/351/522 1746/342/513
f  1747/342/513 1748/351/522 1749/343/514
f  1750/351/522 1751/352/523 1752/343/514
f  1753/352/523 1754/344/515 1755/343/514
f  1756/353/524 1757/347/518 1758/346/517
f  1759/347/518 1760/353/524 1761/354/525
f  1762/347/518 1763/354/525 1764/355/526
f  1765/356/527 1766/347/518 1767/355/526
f  1768/348/519 1769/347/518 1770/356/527
f  1771/357/528 1772/348/519 1773/356/527
f  1774/349/520 1775/348/519 1776/357/528
f  1777/357/528 1778/358/529 1779/349/520
f  1780/349/520 1781/358/529 1782/350/521
f  1783/350/521 1784/358/529 1785/359/530
f  1786/359/530 1787/351/522 1788/350/521
f  1789/351/522 1790/359/530 1791/360/531
f  1792/351/522 1793/360/531 1794/352/523
f  1795/361/532 1796/356/527 1797/355/526
f  1798/356/527 1799/361/532 1800/362/533
f  1801/362/533 1802/357/528 1803/356/527
f  1804/363/534 1805/357/528 1806/362/533
f  1807/363/534 1808/364/535 1809/357/528
f  1810/358/529 1811/357/528 1812/364/535
f  1813/364/535 1814/365/536 1815/358/529
f  1816/358/529 1817/365/536 1818/359/530
f  1819/366/537 1820/359/530 1821/365/536
f  1822/359/530 1823/366/537 1824/360/531
f  1825/361/532 1826/363/534 1827/362/533
f  1828/363/534 1829/361/532 1830/367/538
f  1831/368/539 1832/363/534 1833/367/538
f  1834/368/539 1835/365/536 1836/363/534
f  1837/364/535 1838/363/534 1839/365/536
f  1840/367/538 1841/361/532 1842/369/540
f  1843/370/541 1844/367/538 1845/369/540
f  1846/367/538 1847/370/541 1848/368/539
f  1849/365/536 1850/368/539 1851/370/541
f  1852/371/542 1853/365/536 1854/370/541
f  1855/366/537 1856/365/536 1857/371/542
f  1858/360/531 1859/366/537 1860/371/542
f  1861/372/543 1862/360/531 1863/371/542
f  1864/360/531 1865/372/543 1866/373/544
f  1867/373/544 1868/352/523 1869/360/531
f  1870/369/540 1871/374/545 1872/370/541
f  1873/374/545 1874/371/542 1875/370/541
f  1876/371/542 1877/374/545 1878/375/546
f  1879/376/547 1880/371/542 1881/375/546
f  1882/372/543 1883/371/542 1884/376/547
f  1885/373/544 1886/372/543 1887/376/547
f  1888/377/548 1889/373/544 1890/376/547
f  1891/378/549 1892/373/544 1893/377/548
f  1894/352/523 1895/373/544 1896/378/549
f  1897/344/515 1898/352/523 1899/378/549
f  1900/379/550 1901/344/515 1902/378/549
f  1903/344/515 1904/379/550 1905/345/516
f  1906/374/545 1907/380/551 1908/375/546
f  1909/381/552 1910/375/546 1911/380/551
f  1912/375/546 1913/381/552 1914/382/553
f  1915/382/553 1916/376/547 1917/375/546
f  1918/382/553 1919/383/554 1920/376/547
f  1921/384/555 1922/376/547 1923/383/554
f  1924/377/548 1925/376/547 1926/384/555
f  1927/385/556 1928/377/548 1929/384/555
f  1930/377/548 1931/385/556 1932/379/550
f  1933/377/548 1934/379/550 1935/378/549
f  1936/386/557 1937/381/552 1938/380/551
f  1939/386/557 1940/383/554 1941/381/552
f  1942/381/552 1943/383/554 1944/382/553
f  1945/383/554 1946/386/557 1947/387/558
f  1948/385/556 1949/383/554 1950/387/558
f  1951/385/556 1952/384/555 1953/383/554
f  1954/386/557 1955/388/559 1956/387/558
f  1957/385/556 1958/387/558 1959/388/559
f  1960/389/560 1961/385/556 1962/388/559
f  1963/379/550 1964/385/556 1965/389/560
f  1966/379/550 1967/389/560 1968/390/561
f  1969/390/561 1970/345/516 1971/379/550
f  1972/345/516 1973/390/561 1974/337/508
f  1975/338/509 1976/337/508 1977/390/561
f  1978/388/559 1979/386/557 1980/391/562
f  1981/392/563 1982/388/559 1983/391/562
f  1984/392/563 1985/389/560 1986/388/559
f  1987/389/560 1988/392/563 1989/390/561
f  1990/393/564 1991/390/561 1992/392/563
f  1993/390/561 1994/393/564 1995/338/509
f  1996/394/565 1997/392/563 1998/391/562
f  1999/394/565 2000/395/566 2001/392/563
f  2002/392/563 2003/395/566 2004/393/564
f  2005/16/567 2006/15/568 2007/17/569
f  2008/15/568 2009/16/567 2010/18/570
f  2011/25/571 2012/15/568 2013/18/570
f  2014/15/568 2015/25/571 2016/32/572
f  2017/16/567 2018/19/573 2019/18/570
f  2020/19/573 2021/25/571 2022/18/570
f  2023/25/571 2024/19/573 2025/26/574
f  2026/34/575 2027/25/571 2028/26/574
f  2029/25/571 2030/34/575 2031/33/576
f  2032/33/576 2033/32/572 2034/25/571
f  2035/19/573 2036/16/567 2037/20/577
f  2038/21/578 2039/19/573 2040/20/577
f  2041/19/573 2042/21/578 2043/22/579
f  2044/27/580 2045/19/573 2046/22/579
f  2047/19/573 2048/27/580 2049/26/574
f  2050/27/580 2051/34/575 2052/26/574
f  2053/34/575 2054/27/580 2055/29/581
f  2056/35/582 2057/34/575 2058/29/581
f  2059/34/575 2060/35/582 2061/42/583
f  2062/41/584 2063/34/575 2064/42/583
f  2065/34/575 2066/41/584 2067/33/576
f  2068/21/578 2069/23/585 2070/22/579
f  2071/23/585 2072/27/580 2073/22/579
f  2074/27/580 2075/23/585 2076/28/586
f  2077/28/586 2078/29/581 2079/27/580
f  2080/29/581 2081/28/586 2082/30/587
f  2083/31/588 2084/29/581 2085/30/587
f  2086/29/581 2087/31/588 2088/35/582
f  2089/31/588 2090/36/589 2091/35/582
f  2092/43/590 2093/35/582 2094/36/589
f  2095/35/582 2096/43/590 2097/42/583
f  2098/23/585 2099/21/578 2100/24/591
f  2101/36/589 2102/31/588 2103/37/592
f  2104/38/593 2105/36/589 2106/37/592
f  2107/38/593 2108/44/594 2109/36/589
f  2110/43/590 2111/36/589 2112/44/594
f  2113/102/595 2114/43/590 2115/44/594
f  2116/102/595 2117/42/583 2118/43/590
f  2119/42/583 2120/102/595 2121/41/584
f  2122/103/596 2123/41/584 2124/102/595
f  2125/41/584 2126/103/596 2127/40/597
f  2128/40/597 2129/33/576 2130/41/584
f  2131/45/598 2132/44/594 2133/38/593
f  2134/44/594 2135/45/598 2136/101/599
f  2137/102/595 2138/44/594 2139/101/599
f  2140/103/596 2141/102/595 2142/101/599
f  2143/33/576 2144/40/597 2145/39/600
f  2146/32/572 2147/33/576 2148/39/600
f  2149/46/601 2150/32/572 2151/39/600
f  2152/32/572 2153/46/601 2154/52/602
f  2155/52/602 2156/59/603 2157/32/572
f  2158/59/603 2159/52/602 2160/60/604
f  2161/60/604 2162/66/605 2163/59/603
f  2164/66/605 2165/60/604 2166/67/606
f  2167/47/607 2168/46/601 2169/39/600
f  2170/46/601 2171/47/607 2172/48/608
f  2173/48/608 2174/53/609 2175/46/601
f  2176/53/609 2177/52/602 2178/46/601
f  2179/52/602 2180/53/609 2181/62/610
f  2182/61/611 2183/52/602 2184/62/610
f  2185/52/602 2186/61/611 2187/60/604
f  2188/61/611 2189/67/606 2190/60/604
f  2191/67/606 2192/61/611 2193/68/612
f  2194/47/607 2195/49/613 2196/48/608
f  2197/55/614 2198/48/608 2199/49/613
f  2200/48/608 2201/55/614 2202/54/615
f  2203/53/609 2204/48/608 2205/54/615
f  2206/65/616 2207/53/609 2208/54/615
f  2209/53/609 2210/65/616 2211/64/617
f  2212/63/618 2213/53/609 2214/64/617
f  2215/53/609 2216/63/618 2217/62/610
f  2218/63/618 2219/61/611 2220/62/610
f  2221/49/613 2222/47/607 2223/50/619
f  2224/49/613 2225/50/619 2226/51/620
f  2227/49/613 2228/51/620 2229/56/621
f  2230/55/614 2231/49/613 2232/56/621
f  2233/100/622 2234/55/614 2235/56/621
f  2236/100/622 2237/54/615 2238/55/614
f  2239/54/615 2240/100/622 2241/65/616
f  2242/99/623 2243/65/616 2244/100/622
f  2245/65/616 2246/99/623 2247/74/624
f  2248/74/624 2249/64/617 2250/65/616
f  2251/64/617 2252/74/624 2253/73/625
f  2254/72/626 2255/64/617 2256/73/625
f  2257/64/617 2258/72/626 2259/63/618
f  2260/57/627 2261/56/621 2262/51/620
f  2263/57/627 2264/58/628 2265/56/621
f  2266/58/628 2267/100/622 2268/56/621
f  2269/99/623 2270/100/622 2271/58/628
f  2272/71/629 2273/63/618 2274/72/626
f  2275/63/618 2276/71/629 2277/69/630
f  2278/61/611 2279/63/618 2280/69/630
f  2281/69/630 2282/68/612 2283/61/611
f  2284/71/629 2285/70/631 2286/69/630
f  2287/68/612 2288/69/630 2289/70/631
f  2290/70/631 2291/75/632 2292/68/612
f  2293/82/633 2294/68/612 2295/75/632
f  2296/68/612 2297/82/633 2298/87/634
f  2299/88/635 2300/87/634 2301/82/633
f  2302/87/634 2303/88/635 2304/93/636
f  2305/70/631 2306/71/629 2307/98/637
f  2308/281/638 2309/280/639 2310/282/640
f  2311/280/639 2312/281/638 2313/283/641
f  2314/283/641 2315/284/642 2316/280/639
f  2317/284/642 2318/283/641 2319/285/643
f  2320/278/644 2321/277/645 2322/279/646
f  2323/277/645 2324/278/644 2325/276/647
f  2326/276/647 2327/275/648 2328/277/645
f  2329/275/648 2330/276/647 2331/274/649
f  2332/274/649 2333/273/650 2334/275/648
f  2335/273/650 2336/274/649 2337/270/651
f  2338/270/651 2339/271/652 2340/273/650
f  2341/271/652 2342/270/651 2343/272/653
f  2344/181/654 2345/182/655 2346/183/656
f  2347/182/655 2348/181/654 2349/180/657
f  2350/179/658 2351/180/657 2352/181/654
f  2353/180/657 2354/179/658 2355/178/659
f  2356/177/660 2357/178/659 2358/179/658
f  2359/178/659 2360/177/660 2361/175/661
f  2362/174/662 2363/175/661 2364/177/660
f  2365/175/661 2366/174/662 2367/176/663
f  2368/23/664 2369/21/665 2370/24/666
f  2371/21/665 2372/23/664 2373/22/667
f  2374/19/668 2375/21/665 2376/22/667
f  2377/21/665 2378/19/668 2379/20/669
f  2380/19/668 2381/16/670 2382/20/669
f  2383/16/670 2384/19/668 2385/18/671
f  2386/15/672 2387/16/670 2388/18/671
f  2389/16/670 2390/15/672 2391/17/673
f  2392/23/664 2393/27/674 2394/22/667
f  2395/27/674 2396/19/668 2397/22/667
f  2398/19/668 2399/27/674 2400/26/675
f  2401/25/676 2402/19/668 2403/26/675
f  2404/19/668 2405/25/676 2406/18/671
f  2407/25/676 2408/15/672 2409/18/671
f  2410/15/672 2411/25/676 2412/32/677
f  2413/27/674 2414/23/664 2415/28/678
f  2416/28/678 2417/29/679 2418/27/674
f  2419/34/680 2420/27/674 2421/29/679
f  2422/27/674 2423/34/680 2424/26/675
f  2425/34/680 2426/25/676 2427/26/675
f  2428/25/676 2429/34/680 2430/33/681
f  2431/33/681 2432/32/677 2433/25/676
f  2434/32/677 2435/33/681 2436/39/682
f  2437/46/683 2438/32/677 2439/39/682
f  2440/32/677 2441/46/683 2442/52/684
f  2443/52/684 2444/59/685 2445/32/677
f  2446/29/679 2447/28/678 2448/30/686
f  2449/31/687 2450/29/679 2451/30/686
f  2452/29/679 2453/31/687 2454/35/688
f  2455/35/688 2456/34/680 2457/29/679
f  2458/34/680 2459/35/688 2460/42/689
f  2461/41/690 2462/34/680 2463/42/689
f  2464/34/680 2465/41/690 2466/33/681
f  2467/40/691 2468/33/681 2469/41/690
f  2470/33/681 2471/40/691 2472/39/682
f  2473/31/687 2474/36/692 2475/35/688
f  2476/43/693 2477/35/688 2478/36/692
f  2479/35/688 2480/43/693 2481/42/689
f  2482/102/694 2483/42/689 2484/43/693
f  2485/42/689 2486/102/694 2487/41/690
f  2488/103/695 2489/41/690 2490/102/694
f  2491/41/690 2492/103/695 2493/40/691
f  2494/36/692 2495/31/687 2496/37/696
f  2497/38/697 2498/36/692 2499/37/696
f  2500/38/697 2501/44/698 2502/36/692
f  2503/43/693 2504/36/692 2505/44/698
f  2506/102/694 2507/43/693 2508/44/698
f  2509/102/694 2510/44/698 2511/101/699
f  2512/103/695 2513/102/694 2514/101/699
f  2515/45/700 2516/44/698 2517/38/697
f  2518/44/698 2519/45/700 2520/101/699
f  2521/47/701 2522/46/683 2523/39/682
f  2524/46/683 2525/47/701 2526/48/702
f  2527/48/702 2528/53/703 2529/46/683
f  2530/53/703 2531/52/684 2532/46/683
f  2533/52/684 2534/53/703 2535/62/704
f  2536/61/705 2537/52/684 2538/62/704
f  2539/52/684 2540/61/705 2541/60/706
f  2542/59/685 2543/52/684 2544/60/706
f  2545/47/701 2546/49/707 2547/48/702
f  2548/55/708 2549/48/702 2550/49/707
f  2551/48/702 2552/55/708 2553/54/709
f  2554/53/703 2555/48/702 2556/54/709
f  2557/65/710 2558/53/703 2559/54/709
f  2560/53/703 2561/65/710 2562/64/711
f  2563/63/712 2564/53/703 2565/64/711
f  2566/53/703 2567/63/712 2568/62/704
f  2569/63/712 2570/61/705 2571/62/704
f  2572/49/707 2573/47/701 2574/50/713
f  2575/49/707 2576/50/713 2577/51/714
f  2578/49/707 2579/51/714 2580/56/715
f  2581/55/708 2582/49/707 2583/56/715
f  2584/100/716 2585/55/708 2586/56/715
f  2587/100/716 2588/54/709 2589/55/708
f  2590/54/709 2591/100/716 2592/65/710
f  2593/99/717 2594/65/710 2595/100/716
f  2596/65/710 2597/99/717 2598/74/718
f  2599/74/718 2600/64/711 2601/65/710
f  2602/64/711 2603/74/718 2604/73/719
f  2605/72/720 2606/64/711 2607/73/719
f  2608/64/711 2609/72/720 2610/63/712
f  2611/57/721 2612/56/715 2613/51/714
f  2614/57/721 2615/58/722 2616/56/715
f  2617/58/722 2618/100/716 2619/56/715
f  2620/99/717 2621/100/716 2622/58/722
f  2623/71/723 2624/63/712 2625/72/720
f  2626/63/712 2627/71/723 2628/69/724
f  2629/61/705 2630/63/712 2631/69/724
f  2632/69/724 2633/68/725 2634/61/705
f  2635/67/726 2636/61/705 2637/68/725
f  2638/61/705 2639/67/726 2640/60/706
f  2641/66/727 2642/60/706 2643/67/726
f  2644/60/706 2645/66/727 2646/59/685
f  2647/71/723 2648/70/728 2649/69/724
f  2650/68/725 2651/69/724 2652/70/728
f  2653/70/728 2654/75/729 2655/68/725
f  2656/82/730 2657/68/725 2658/75/729
f  2659/68/725 2660/82/730 2661/87/731
f  2662/88/732 2663/87/731 2664/82/730
f  2665/87/731 2666/88/732 2667/93/733
f  2668/70/728 2669/71/723 2670/98/734
f  2671/23/735 2672/21/736 2673/24/737
f  2674/21/736 2675/23/735 2676/22/738
f  2677/19/739 2678/21/736 2679/22/738
f  2680/21/736 2681/19/739 2682/20/740
f  2683/19/739 2684/16/741 2685/20/740
f  2686/16/741 2687/19/739 2688/18/742
f  2689/15/743 2690/16/741 2691/18/742
f  2692/16/741 2693/15/743 2694/17/744
f  2695/23/735 2696/27/745 2697/22/738
f  2698/27/745 2699/19/739 2700/22/738
f  2701/19/739 2702/27/745 2703/26/746
f  2704/25/747 2705/19/739 2706/26/746
f  2707/19/739 2708/25/747 2709/18/742
f  2710/25/747 2711/15/743 2712/18/742
f  2713/15/743 2714/25/747 2715/32/748
f  2716/27/745 2717/23/735 2718/28/749
f  2719/28/749 2720/29/750 2721/27/745
f  2722/34/751 2723/27/745 2724/29/750
f  2725/27/745 2726/34/751 2727/26/746
f  2728/34/751 2729/25/747 2730/26/746
f  2731/25/747 2732/34/751 2733/33/752
f  2734/33/752 2735/32/748 2736/25/747
f  2737/32/748 2738/33/752 2739/39/753
f  2740/46/754 2741/32/748 2742/39/753
f  2743/32/748 2744/46/754 2745/52/755
f  2746/52/755 2747/59/756 2748/32/748
f  2749/29/750 2750/28/749 2751/30/757
f  2752/31/758 2753/29/750 2754/30/757
f  2755/29/750 2756/31/758 2757/35/759
f  2758/35/759 2759/34/751 2760/29/750
f  2761/34/751 2762/35/759 2763/42/760
f  2764/41/761 2765/34/751 2766/42/760
f  2767/34/751 2768/41/761 2769/33/752
f  2770/40/762 2771/33/752 2772/41/761
f  2773/33/752 2774/40/762 2775/39/753
f  2776/31/758 2777/36/763 2778/35/759
f  2779/43/764 2780/35/759 2781/36/763
f  2782/35/759 2783/43/764 2784/42/760
f  2785/102/765 2786/42/760 2787/43/764
f  2788/42/760 2789/102/765 2790/41/761
f  2791/103/766 2792/41/761 2793/102/765
f  2794/41/761 2795/103/766 2796/40/762
f  2797/36/763 2798/31/758 2799/37/767
f  2800/38/768 2801/36/763 2802/37/767
f  2803/38/768 2804/44/769 2805/36/763
f  2806/43/764 2807/36/763 2808/44/769
f  2809/102/765 2810/43/764 2811/44/769
f  2812/102/765 2813/44/769 2814/101/770
f  2815/103/766 2816/102/765 2817/101/770
f  2818/45/771 2819/44/769 2820/38/768
f  2821/44/769 2822/45/771 2823/101/770
f  2824/47/772 2825/46/754 2826/39/753
f  2827/46/754 2828/47/772 2829/48/773
f  2830/48/773 2831/53/774 2832/46/754
f  2833/53/774 2834/52/755 2835/46/754
f  2836/52/755 2837/53/774 2838/62/775
f  2839/61/776 2840/52/755 2841/62/775
f  2842/52/755 2843/61/776 2844/60/777
f  2845/59/756 2846/52/755 2847/60/777
f  2848/47/772 2849/49/778 2850/48/773
f  2851/55/779 2852/48/773 2853/49/778
f  2854/48/773 2855/55/779 2856/54/780
f  2857/53/774 2858/48/773 2859/54/780
f  2860/65/781 2861/53/774 2862/54/780
f  2863/53/774 2864/65/781 2865/64/782
f  2866/63/783 2867/53/774 2868/64/782
f  2869/53/774 2870/63/783 2871/62/775
f  2872/63/783 2873/61/776 2874/62/775
f  2875/49/778 2876/47/772 2877/50/784
f  2878/49/778 2879/50/784 2880/51/785
f  2881/49/778 2882/51/785 2883/56/786
f  2884/55/779 2885/49/778 2886/56/786
f  2887/100/787 2888/55/779 2889/56/786
f  2890/100/787 2891/54/780 2892/55/779
f  2893/54/780 2894/100/787 2895/65/781
f  2896/99/788 2897/65/781 2898/100/787
f  2899/65/781 2900/99/788 2901/74/789
f  2902/74/789 2903/64/782 2904/65/781
f  2905/64/782 2906/74/789 2907/73/790
f  2908/72/791 2909/64/782 2910/73/790
f  2911/64/782 2912/72/791 2913/63/783
f  2914/57/792 2915/56/786 2916/51/785
f  2917/57/792 2918/58/793 2919/56/786
f  2920/58/793 2921/100/787 2922/56/786
f  2923/99/788 2924/100/787 2925/58/793
f  2926/71/794 2927/63/783 2928/72/791
f  2929/63/783 2930/71/794 2931/69/795
f  2932/61/776 2933/63/783 2934/69/795
f  2935/69/795 2936/68/796 2937/61/776
f  2938/67/797 2939/61/776 2940/68/796
f  2941/61/776 2942/67/797 2943/60/777
f  2944/66/798 2945/60/777 2946/67/797
f  2947/60/777 2948/66/798 2949/59/756
f  2950/71/794 2951/70/799 2952/69/795
f  2953/68/796 2954/69/795 2955/70/799
f  2956/70/799 2957/75/800 2958/68/796
f  2959/82/801 2960/68/796 2961/75/800
f  2962/68/796 2963/82/801 2964/87/802
f  2965/88/803 2966/87/802 2967/82/801
f  2968/87/802 2969/88/803 2970/93/804
f  2971/70/799 2972/71/794 2973/98/805
f  2974/396/806 2975/397/807 2976/398/808
f  2977/397/807 2978/396/806 2979/399/809
f  2980/396/806 2981/400/810 2982/399/809
f  2983/400/810 2984/396/806 2985/401/811
f  2986/401/811 2987/402/812 2988/400/810
f  2989/402/812 2990/401/811 2991/403/813
f  2992/404/814 2993/402/812 2994/403/813
f  2995/402/812 2996/404/814 2997/405/815
f  2998/406/816 2999/407/817 3000/408/818
f  3001/407/817 3002/406/816 3003/409/819
f  3004/409/819 3005/410/820 3006/407/817
f  3007/410/820 3008/409/819 3009/411/821
f  3010/412/822 3011/410/820 3012/411/821
f  3013/410/820 3014/412/822 3015/413/823
f  3016/414/824 3017/413/823 3018/412/822
f  3019/413/823 3020/414/824 3021/415/825
f  3022/406/816 3023/416/826 3024/409/819
f  3025/417/827 3026/409/819 3027/416/826
f  3028/409/819 3029/417/827 3030/411/821
f  3031/418/828 3032/411/821 3033/417/827
f  3034/411/821 3035/418/828 3036/412/822
f  3037/418/828 3038/414/824 3039/412/822
f  3040/414/824 3041/418/828 3042/419/829
f  3043/419/829 3044/420/830 3045/414/824
f  3046/420/830 3047/415/825 3048/414/824
f  3049/415/825 3050/420/830 3051/421/831
f  3052/420/830 3053/422/832 3054/421/831
f  3055/416/826 3056/406/816 3057/423/833
f  3058/423/833 3059/424/834 3060/416/826
f  3061/425/835 3062/416/826 3063/424/834
f  3064/416/826 3065/425/835 3066/417/827
f  3067/425/835 3068/418/828 3069/417/827
f  3070/418/828 3071/425/835 3072/426/836
f  3073/427/837 3074/418/828 3075/426/836
f  3076/418/828 3077/427/837 3078/419/829
f  3079/427/837 3080/428/838 3081/419/829
f  3082/420/830 3083/419/829 3084/428/838
f  3085/428/838 3086/429/839 3087/420/830
f  3088/422/832 3089/420/830 3090/429/839
f  3091/424/834 3092/423/833 3093/430/840
f  3094/431/841 3095/424/834 3096/430/840
f  3097/424/834 3098/431/841 3099/432/842
f  3100/433/843 3101/424/834 3102/432/842
f  3103/424/834 3104/433/843 3105/425/835
f  3106/434/844 3107/425/835 3108/433/843
f  3109/425/835 3110/434/844 3111/426/836
f  3112/435/845 3113/426/836 3114/434/844
f  3115/426/836 3116/435/845 3117/427/837
f  3118/435/845 3119/436/846 3120/427/837
f  3121/428/838 3122/427/837 3123/436/846
f  3124/431/841 3125/437/847 3126/432/842
f  3127/438/848 3128/432/842 3129/437/847
f  3130/432/842 3131/438/848 3132/433/843
f  3133/439/849 3134/433/843 3135/438/848
f  3136/433/843 3137/439/849 3138/434/844
f  3139/440/850 3140/434/844 3141/439/849
f  3142/434/844 3143/440/850 3144/435/845
f  3145/441/851 3146/435/845 3147/440/850
f  3148/435/845 3149/441/851 3150/442/852
f  3151/436/846 3152/435/845 3153/442/852
f  3154/437/847 3155/431/841 3156/443/853
f  3157/443/853 3158/444/854 3159/437/847
f  3160/445/855 3161/437/847 3162/444/854
f  3163/437/847 3164/445/855 3165/438/848
f  3166/446/856 3167/438/848 3168/445/855
f  3169/438/848 3170/446/856 3171/439/849
f  3172/446/856 3173/440/850 3174/439/849
f  3175/440/850 3176/446/856 3177/447/857
f  3178/448/858 3179/440/850 3180/447/857
f  3181/440/850 3182/448/858 3183/441/851
f  3184/448/858 3185/449/859 3186/441/851
f  3187/449/859 3188/442/852 3189/441/851
f  3190/444/854 3191/443/853 3192/450/860
f  3193/450/860 3194/451/861 3195/444/854
f  3196/452/862 3197/444/854 3198/451/861
f  3199/444/854 3200/452/862 3201/445/855
f  3202/453/863 3203/445/855 3204/452/862
f  3205/445/855 3206/453/863 3207/446/856
f  3208/453/863 3209/447/857 3210/446/856
f  3211/447/857 3212/453/863 3213/454/864
f  3214/454/864 3215/448/858 3216/447/857
f  3217/448/858 3218/454/864 3219/455/865
f  3220/455/865 3221/456/866 3222/448/858
f  3223/449/859 3224/448/858 3225/456/866
f  3226/451/861 3227/450/860 3228/457/867
f  3229/457/867 3230/458/868 3231/451/861
f  3232/459/869 3233/451/861 3234/458/868
f  3235/451/861 3236/459/869 3237/452/862
f  3238/460/870 3239/452/862 3240/459/869
f  3241/452/862 3242/460/870 3243/453/863
f  3244/460/870 3245/454/864 3246/453/863
f  3247/454/864 3248/460/870 3249/461/871
f  3250/461/871 3251/455/865 3252/454/864
f  3253/458/868 3254/457/867 3255/462/872
f  3256/463/873 3257/458/868 3258/462/872
f  3259/458/868 3260/463/873 3261/464/874
f  3262/464/874 3263/459/869 3264/458/868
f  3265/459/869 3266/464/874 3267/465/875
f  3268/465/875 3269/460/870 3270/459/869
f  3271/460/870 3272/465/875 3273/466/876
f  3274/467/877 3275/460/870 3276/466/876
f  3277/460/870 3278/467/877 3279/461/871
f  3280/468/878 3281/461/871 3282/467/877
f  3283/461/871 3284/468/878 3285/469/879
f  3286/455/865 3287/461/871 3288/469/879
f  3289/470/880 3290/464/874 3291/463/873
f  3292/464/874 3293/470/880 3294/471/881
f  3295/471/881 3296/465/875 3297/464/874
f  3298/465/875 3299/471/881 3300/472/882
f  3301/472/882 3302/466/876 3303/465/875
f  3304/466/876 3305/472/882 3306/473/883
f  3307/474/884 3308/466/876 3309/473/883
f  3310/466/876 3311/474/884 3312/467/877
f  3313/475/885 3314/467/877 3315/474/884
f  3316/467/877 3317/475/885 3318/468/878
f  3319/476/886 3320/468/878 3321/475/885
f  3322/468/878 3323/476/886 3324/477/887
f  3325/477/887 3326/469/879 3327/468/878
f  3328/469/879 3329/477/887 3330/478/888
f  3331/478/888 3332/455/865 3333/469/879
f  3334/455/865 3335/478/888 3336/479/889
f  3337/456/866 3338/455/865 3339/479/889
f  3340/442/852 3341/449/859 3342/480/890
f  3343/481/891 3344/442/852 3345/480/890
f  3346/442/852 3347/481/891 3348/436/846
f  3349/481/891 3350/428/838 3351/436/846
f  3352/428/838 3353/481/891 3354/482/892
f  3355/429/839 3356/428/838 3357/482/892
f  3358/253/893 3359/252/894 3360/254/895
f  3361/252/894 3362/253/893 3363/255/896
f  3364/255/896 3365/256/897 3366/252/894
f  3367/256/897 3368/255/896 3369/257/898
f  3370/258/899 3371/256/897 3372/257/898
f  3373/256/897 3374/258/899 3375/259/900
f  3376/258/899 3377/260/901 3378/259/900
f  3379/260/901 3380/258/899 3381/261/902
f  3382/262/903 3383/260/901 3384/261/902
f  3385/260/901 3386/262/903 3387/263/904
f  3388/262/903 3389/264/905 3390/263/904
f  3391/264/905 3392/262/903 3393/265/906
f  3394/265/906 3395/266/907 3396/264/905
f  3397/266/907 3398/265/906 3399/267/908
f  3400/268/909 3401/266/907 3402/267/908
f  3403/266/907 3404/268/909 3405/269/910
f  3406/227/911 3407/226/912 3408/228/913
f  3409/226/912 3410/227/911 3411/229/914
f  3412/231/915 3413/230/916 3414/232/917
f  3415/230/916 3416/231/915 3417/233/918
f  3418/235/919 3419/234/920 3420/236/921
f  3421/234/920 3422/235/919 3423/237/922
f  3424/237/922 3425/238/923 3426/234/920
f  3427/238/923 3428/237/922 3429/239/924
f  3430/239/924 3431/240/925 3432/238/923
f  3433/240/925 3434/239/924 3435/241/926
f  3436/241/926 3437/242/927 3438/240/925
f  3439/242/927 3440/241/926 3441/243/928
f  3442/483/929 3443/484/930 3444/485/931
f  3445/484/930 3446/483/929 3447/486/932
f  3448/487/933 3449/486/932 3450/483/929
f  3451/486/932 3452/487/933 3453/488/934
f  3454/487/933 3455/489/935 3456/488/934
f  3457/489/935 3458/487/933 3459/490/936
f  3460/490/936 3461/491/937 3462/489/935
f  3463/491/937 3464/490/936 3465/492/938
f  3466/165/939 3467/164/940 3468/166/941
f  3469/164/940 3470/165/939 3471/167/942
f  3472/167/942 3473/168/943 3474/164/940
f  3475/168/943 3476/167/942 3477/169/944
f  3478/169/944 3479/170/945 3480/168/943
f  3481/170/945 3482/169/944 3483/171/946
f  3484/171/946 3485/172/947 3486/170/945
f  3487/172/947 3488/171/946 3489/173/948
f  3490/71/949 3491/70/950 3492/98/951
f  3493/70/950 3494/71/949 3495/69/952
f  3496/69/952 3497/68/953 3498/70/950
f  3499/75/954 3500/70/950 3501/68/953
f  3502/70/950 3503/75/954 3504/76/955
f  3505/76/955 3506/77/956 3507/70/950
f  3508/77/956 3509/76/955 3510/78/957
f  3511/78/957 3512/79/958 3513/77/956
f  3514/71/949 3515/63/959 3516/69/952
f  3517/63/959 3518/61/960 3519/69/952
f  3520/68/953 3521/69/952 3522/61/960
f  3523/61/960 3524/67/961 3525/68/953
f  3526/67/961 3527/61/960 3528/60/962
f  3529/60/962 3530/66/963 3531/67/961
f  3532/66/963 3533/60/962 3534/59/964
f  3535/63/959 3536/71/949 3537/72/965
f  3538/72/965 3539/64/966 3540/63/959
f  3541/53/967 3542/63/959 3543/64/966
f  3544/63/959 3545/53/967 3546/62/968
f  3547/61/960 3548/63/959 3549/62/968
f  3550/52/969 3551/61/960 3552/62/968
f  3553/61/960 3554/52/969 3555/60/962
f  3556/52/969 3557/59/964 3558/60/962
f  3559/59/964 3560/52/969 3561/32/324
f  3562/46/970 3563/32/324 3564/52/969
f  3565/32/324 3566/46/970 3567/39/325
f  3568/64/966 3569/72/965 3570/73/971
f  3571/74/972 3572/64/966 3573/73/971
f  3574/64/966 3575/74/972 3576/65/973
f  3577/65/973 3578/53/967 3579/64/966
f  3580/53/967 3581/65/973 3582/54/974
f  3583/48/975 3584/53/967 3585/54/974
f  3586/53/967 3587/48/975 3588/46/970
f  3589/52/969 3590/53/967 3591/46/970
f  3592/53/967 3593/52/969 3594/62/968
f  3595/99/976 3596/65/973 3597/74/972
f  3598/65/973 3599/99/976 3600/100/977
f  3601/100/977 3602/54/974 3603/65/973
f  3604/54/974 3605/100/977 3606/55/978
f  3607/55/978 3608/48/975 3609/54/974
f  3610/48/975 3611/55/978 3612/49/979
f  3613/49/979 3614/47/980 3615/48/975
f  3616/47/980 3617/46/970 3618/48/975
f  3619/46/970 3620/47/980 3621/39/325
f  3622/100/977 3623/99/976 3624/58/981
f  3625/100/977 3626/58/981 3627/56/982
f  3628/55/978 3629/100/977 3630/56/982
f  3631/49/979 3632/55/978 3633/56/982
f  3634/51/983 3635/49/979 3636/56/982
f  3637/50/984 3638/49/979 3639/51/983
f  3640/47/980 3641/49/979 3642/50/984
f  3643/58/981 3644/57/985 3645/56/982
f  3646/56/982 3647/57/985 3648/51/983
f  3649/407/986 3650/406/987 3651/408/988
f  3652/406/987 3653/407/986 3654/409/989
f  3655/416/990 3656/406/987 3657/409/989
f  3658/406/987 3659/416/990 3660/423/991
f  3661/424/992 3662/423/991 3663/416/990
f  3664/423/991 3665/424/992 3666/430/993
f  3667/424/992 3668/431/994 3669/430/993
f  3670/410/995 3671/409/989 3672/407/986
f  3673/409/989 3674/410/995 3675/411/996
f  3676/417/997 3677/409/989 3678/411/996
f  3679/409/989 3680/417/997 3681/416/990
f  3682/425/998 3683/416/990 3684/417/997
f  3685/416/990 3686/425/998 3687/424/992
f  3688/433/999 3689/424/992 3690/425/998
f  3691/424/992 3692/433/999 3693/432/1000
f  3694/431/994 3695/424/992 3696/432/1000
f  3697/437/1001 3698/431/994 3699/432/1000
f  3700/431/994 3701/437/1001 3702/443/1002
f  3703/410/995 3704/412/1003 3705/411/996
f  3706/418/1004 3707/411/996 3708/412/1003
f  3709/411/996 3710/418/1004 3711/417/997
f  3712/418/1004 3713/425/998 3714/417/997
f  3715/425/998 3716/418/1004 3717/426/1005
f  3718/434/1006 3719/425/998 3720/426/1005
f  3721/425/998 3722/434/1006 3723/433/999
f  3724/434/1006 3725/438/1007 3726/433/999
f  3727/438/1007 3728/432/1000 3729/433/999
f  3730/432/1000 3731/438/1007 3732/437/1001
f  3733/412/1003 3734/410/995 3735/413/1008
f  3736/413/1008 3737/414/1009 3738/412/1003
f  3739/414/1009 3740/418/1004 3741/412/1003
f  3742/418/1004 3743/414/1009 3744/419/1010
f  3745/419/1010 3746/426/1005 3747/418/1004
f  3748/426/1005 3749/419/1010 3750/427/1011
f  3751/435/1012 3752/426/1005 3753/427/1011
f  3754/426/1005 3755/435/1012 3756/434/1006
f  3757/435/1012 3758/439/1013 3759/434/1006
f  3760/438/1007 3761/434/1006 3762/439/1013
f  3763/414/1009 3764/413/1008 3765/415/1014
f  3766/415/1014 3767/420/1015 3768/414/1009
f  3769/420/1015 3770/419/1010 3771/414/1009
f  3772/419/1010 3773/420/1015 3774/428/1016
f  3775/428/1016 3776/427/1011 3777/419/1010
f  3778/427/1011 3779/428/1016 3780/436/1017
f  3781/436/1017 3782/435/1012 3783/427/1011
f  3784/435/1012 3785/436/1017 3786/442/1018
f  3787/441/1019 3788/435/1012 3789/442/1018
f  3790/435/1012 3791/441/1019 3792/440/1020
f  3793/439/1013 3794/435/1012 3795/440/1020
f  3796/420/1015 3797/415/1014 3798/421/1021
f  3799/422/1022 3800/420/1015 3801/421/1021
f  3802/420/1015 3803/422/1022 3804/429/1023
f  3805/429/1023 3806/428/1016 3807/420/1015
f  3808/428/1016 3809/429/1023 3810/482/1024
f  3811/481/1025 3812/428/1016 3813/482/1024
f  3814/428/1016 3815/481/1025 3816/436/1017
f  3817/481/1025 3818/442/1018 3819/436/1017
f  3820/442/1018 3821/481/1025 3822/480/1026
f  3823/449/1027 3824/442/1018 3825/480/1026
f  3826/442/1018 3827/449/1027 3828/441/1019
f  3829/449/1027 3830/448/1028 3831/441/1019
f  3832/448/1028 3833/440/1020 3834/441/1019
f  3835/440/1020 3836/448/1028 3837/447/1029
f  3838/446/1030 3839/440/1020 3840/447/1029
f  3841/440/1020 3842/446/1030 3843/439/1013
f  3844/446/1030 3845/438/1007 3846/439/1013
f  3847/438/1007 3848/446/1030 3849/445/1031
f  3850/445/1031 3851/437/1001 3852/438/1007
f  3853/448/1028 3854/449/1027 3855/456/1032
f  3856/456/1032 3857/455/1033 3858/448/1028
f  3859/454/1034 3860/448/1028 3861/455/1033
f  3862/448/1028 3863/454/1034 3864/447/1029
f  3865/453/1035 3866/447/1029 3867/454/1034
f  3868/447/1029 3869/453/1035 3870/446/1030
f  3871/453/1035 3872/445/1031 3873/446/1030
f  3874/445/1031 3875/453/1035 3876/452/1036
f  3877/452/1036 3878/444/1037 3879/445/1031
f  3880/437/1001 3881/445/1031 3882/444/1037
f  3883/444/1037 3884/443/1002 3885/437/1001
f  3886/443/1002 3887/444/1037 3888/450/1038
f  3889/455/1033 3890/456/1032 3891/479/1039
f  3892/478/1040 3893/455/1033 3894/479/1039
f  3895/455/1033 3896/478/1040 3897/469/1041
f  3898/461/1042 3899/455/1033 3900/469/1041
f  3901/455/1033 3902/461/1042 3903/454/1034
f  3904/460/1043 3905/454/1034 3906/461/1042
f  3907/454/1034 3908/460/1043 3909/453/1035
f  3910/460/1043 3911/452/1036 3912/453/1035
f  3913/452/1036 3914/460/1043 3915/459/1044
f  3916/459/1044 3917/451/1045 3918/452/1036
f  3919/444/1037 3920/452/1036 3921/451/1045
f  3922/451/1045 3923/450/1038 3924/444/1037
f  3925/450/1038 3926/451/1045 3927/457/1046
f  3928/477/1047 3929/469/1041 3930/478/1040
f  3931/469/1041 3932/477/1047 3933/468/1048
f  3934/468/1048 3935/461/1042 3936/469/1041
f  3937/461/1042 3938/468/1048 3939/467/1049
f  3940/467/1049 3941/460/1043 3942/461/1042
f  3943/460/1043 3944/467/1049 3945/466/1050
f  3946/465/1051 3947/460/1043 3948/466/1050
f  3949/460/1043 3950/465/1051 3951/459/1044
f  3952/464/1052 3953/459/1044 3954/465/1051
f  3955/459/1044 3956/464/1052 3957/458/1053
f  3958/451/1045 3959/459/1044 3960/458/1053
f  3961/458/1053 3962/457/1046 3963/451/1045
f  3964/457/1046 3965/458/1053 3966/462/1054
f  3967/476/1055 3968/468/1048 3969/477/1047
f  3970/468/1048 3971/476/1055 3972/475/1056
f  3973/475/1056 3974/467/1049 3975/468/1048
f  3976/467/1049 3977/475/1056 3978/474/1057
f  3979/474/1057 3980/466/1050 3981/467/1049
f  3982/466/1050 3983/474/1057 3984/473/1058
f  3985/472/1059 3986/466/1050 3987/473/1058
f  3988/466/1050 3989/472/1059 3990/465/1051
f  3991/471/1060 3992/465/1051 3993/472/1059
f  3994/465/1051 3995/471/1060 3996/464/1052
f  3997/470/1061 3998/464/1052 3999/471/1060
f  4000/464/1052 4001/470/1061 4002/463/1062
f  4003/463/1062 4004/458/1053 4005/464/1052
f  4006/458/1053 4007/463/1062 4008/462/1054
f  4009/71/1063 4010/70/1064 4011/98/1065
f  4012/70/1064 4013/71/1063 4014/69/1066
f  4015/69/1066 4016/68/1067 4017/70/1064
f  4018/75/1068 4019/70/1064 4020/68/1067
f  4021/70/1064 4022/75/1068 4023/76/1069
f  4024/76/1069 4025/77/1070 4026/70/1064
f  4027/77/1070 4028/76/1069 4029/78/1071
f  4030/78/1071 4031/79/1072 4032/77/1070
f  4033/71/1063 4034/63/1073 4035/69/1066
f  4036/63/1073 4037/61/1074 4038/69/1066
f  4039/68/1067 4040/69/1066 4041/61/1074
f  4042/61/1074 4043/67/1075 4044/68/1067
f  4045/67/1075 4046/61/1074 4047/60/1076
f  4048/60/1076 4049/66/1077 4050/67/1075
f  4051/66/1077 4052/60/1076 4053/59/1078
f  4054/63/1073 4055/71/1063 4056/72/1079
f  4057/72/1079 4058/64/1080 4059/63/1073
f  4060/53/1081 4061/63/1073 4062/64/1080
f  4063/63/1073 4064/53/1081 4065/62/1082
f  4066/61/1074 4067/63/1073 4068/62/1082
f  4069/52/1083 4070/61/1074 4071/62/1082
f  4072/61/1074 4073/52/1083 4074/60/1076
f  4075/52/1083 4076/59/1078 4077/60/1076
f  4078/59/1078 4079/52/1083 4080/32/431
f  4081/46/1084 4082/32/431 4083/52/1083
f  4084/32/431 4085/46/1084 4086/39/432
f  4087/64/1080 4088/72/1079 4089/73/1085
f  4090/74/1086 4091/64/1080 4092/73/1085
f  4093/64/1080 4094/74/1086 4095/65/1087
f  4096/65/1087 4097/53/1081 4098/64/1080
f  4099/53/1081 4100/65/1087 4101/54/1088
f  4102/48/1089 4103/53/1081 4104/54/1088
f  4105/53/1081 4106/48/1089 4107/46/1084
f  4108/52/1083 4109/53/1081 4110/46/1084
f  4111/53/1081 4112/52/1083 4113/62/1082
f  4114/99/1090 4115/65/1087 4116/74/1086
f  4117/65/1087 4118/99/1090 4119/100/1091
f  4120/100/1091 4121/54/1088 4122/65/1087
f  4123/54/1088 4124/100/1091 4125/55/1092
f  4126/55/1092 4127/48/1089 4128/54/1088
f  4129/48/1089 4130/55/1092 4131/49/1093
f  4132/49/1093 4133/47/1094 4134/48/1089
f  4135/47/1094 4136/46/1084 4137/48/1089
f  4138/46/1084 4139/47/1094 4140/39/432
f  4141/100/1091 4142/99/1090 4143/58/1095
f  4144/100/1091 4145/58/1095 4146/56/1096
f  4147/55/1092 4148/100/1091 4149/56/1096
f  4150/49/1093 4151/55/1092 4152/56/1096
f  4153/51/1097 4154/49/1093 4155/56/1096
f  4156/50/1098 4157/49/1093 4158/51/1097
f  4159/47/1094 4160/49/1093 4161/50/1098
f  4162/58/1095 4163/57/1099 4164/56/1096
f  4165/56/1096 4166/57/1099 4167/51/1097
f  4168/281/1100 4169/191/1101 4170/282/1102
f  4171/191/1101 4172/281/1100 4173/188/1103
f  4174/191/1104 4175/281/1105 4176/282/1106
f  4177/281/1105 4178/191/1104 4179/188/1107
f  4180/493/1108 4181/494/1109 4182/495/1110
f  4183/496/1111 4184/493/1108 4185/495/1110
f  4186/497/1112 4187/493/1108 4188/496/1111
f  4189/498/1113 4190/497/1112 4191/496/1111
f  4192/499/1114 4193/496/1111 4194/495/1110
f  4195/496/1111 4196/499/1114 4197/500/1115
f  4198/499/1114 4199/501/1116 4200/500/1115
f  4201/501/1116 4202/502/1117 4203/500/1115
f  4204/494/1118 4205/493/1119 4206/495/1120
f  4207/493/1119 4208/496/1121 4209/495/1120
f  4210/496/1121 4211/499/1122 4212/495/1120
f  4213/499/1122 4214/496/1121 4215/500/1123
f  4216/501/1124 4217/499/1122 4218/500/1123
f  4219/502/1125 4220/501/1124 4221/500/1123
f  4222/493/1119 4223/497/1126 4224/496/1121
f  4225/497/1126 4226/498/1127 4227/496/1121
f  4228/503/1128 4229/504/1129 4230/505/1130
f  4231/505/1130 4232/504/1129 4233/506/1131
f  4234/506/1131 4235/507/1132 4236/505/1130
f  4237/508/1133 4238/507/1132 4239/506/1131
f  4240/509/1134 4241/507/1132 4242/508/1133
f  4243/504/1129 4244/510/1135 4245/506/1131
f  4246/506/1131 4247/510/1135 4248/511/1136
f  4249/504/1129 4250/512/1137 4251/510/1135
f  4252/513/1138 4253/514/1139 4254/515/1140
f  4255/516/1141 4256/514/1139 4257/513/1138
f  4258/513/1138 4259/517/1142 4260/516/1141
f  4261/518/1143 4262/516/1141 4263/517/1142
f  4264/519/1144 4265/518/1143 4266/517/1142
f  4267/519/1144 4268/517/1142 4269/520/1145
f  4270/519/1144 4271/520/1145 4272/521/1146
f  4273/522/1147 4274/519/1144 4275/521/1146
f  4276/523/1148 4277/522/1147 4278/521/1146
f  4279/517/1142 4280/513/1138 4281/524/1149
f  4282/525/1150 4283/517/1142 4284/524/1149
f  4285/525/1150 4286/520/1145 4287/517/1142
f  4288/520/1145 4289/525/1150 4290/526/1151
f  4291/527/1152 4292/520/1145 4293/526/1151
f  4294/520/1145 4295/527/1152 4296/521/1146
f  4297/528/1153 4298/521/1146 4299/527/1152
f  4300/528/1153 4301/529/1154 4302/521/1146
f  4303/529/1154 4304/523/1148 4305/521/1146
f  4306/530/1155 4307/523/1148 4308/529/1154
f  4309/529/1154 4310/531/1156 4311/530/1155
f  4312/531/1156 4313/529/1154 4314/532/1157
f  4315/529/1154 4316/528/1153 4317/532/1157
f  4318/533/1158 4319/534/1159 4320/535/1160
f  4321/536/1161 4322/535/1160 4323/534/1159
f  4324/535/1160 4325/536/1161 4326/537/1162
f  4327/536/1161 4328/538/1163 4329/537/1162
f  4330/538/1163 4331/536/1161 4332/539/1164
f  4333/540/1165 4334/538/1163 4335/539/1164
f  4336/541/1166 4337/542/1167 4338/543/1168
f  4339/544/1169 4340/542/1167 4341/541/1166
f  4342/542/1167 4343/544/1169 4344/545/1170
f  4345/544/1169 4346/546/1171 4347/545/1170
f  4348/546/1171 4349/544/1169 4350/547/1172
f  4351/548/1173 4352/546/1171 4353/547/1172
f  4354/504/1174 4355/503/1175 4356/505/1176
f  4357/504/1174 4358/505/1176 4359/506/1177
f  4360/510/1178 4361/504/1174 4362/506/1177
f  4363/512/1179 4364/504/1174 4365/510/1178
f  4366/507/1180 4367/506/1177 4368/505/1176
f  4369/507/1180 4370/508/1181 4371/506/1177
f  4372/507/1180 4373/509/1182 4374/508/1181
f  4375/510/1178 4376/506/1177 4377/511/1183
f  4378/514/1184 4379/513/1185 4380/515/1186
f  4381/514/1184 4382/516/1187 4383/513/1185
f  4384/517/1188 4385/513/1185 4386/516/1187
f  4387/513/1185 4388/517/1188 4389/524/1189
f  4390/517/1188 4391/525/1190 4392/524/1189
f  4393/520/1191 4394/525/1190 4395/517/1188
f  4396/525/1190 4397/520/1191 4398/526/1192
f  4399/520/1191 4400/527/1193 4401/526/1192
f  4402/516/1187 4403/518/1194 4404/517/1188
f  4405/518/1194 4406/519/1195 4407/517/1188
f  4408/517/1188 4409/519/1195 4410/520/1191
f  4411/520/1191 4412/519/1195 4413/521/1196
f  4414/527/1193 4415/520/1191 4416/521/1196
f  4417/521/1196 4418/528/1197 4419/527/1193
f  4420/529/1198 4421/528/1197 4422/521/1196
f  4423/528/1197 4424/529/1198 4425/532/1199
f  4426/529/1198 4427/531/1200 4428/532/1199
f  4429/531/1200 4430/529/1198 4431/530/1201
f  4432/523/1202 4433/530/1201 4434/529/1198
f  4435/519/1195 4436/522/1203 4437/521/1196
f  4438/522/1203 4439/523/1202 4440/521/1196
f  4441/523/1202 4442/529/1198 4443/521/1196
f  4444/534/1204 4445/533/1205 4446/535/1206
f  4447/535/1206 4448/536/1207 4449/534/1204
f  4450/536/1207 4451/535/1206 4452/537/1208
f  4453/538/1209 4454/536/1207 4455/537/1208
f  4456/536/1207 4457/538/1209 4458/539/1210
f  4459/538/1209 4460/540/1211 4461/539/1210
f  4462/542/1212 4463/541/1213 4464/543/1214
f  4465/542/1212 4466/544/1215 4467/541/1213
f  4468/544/1215 4469/542/1212 4470/545/1216
f  4471/546/1217 4472/544/1215 4473/545/1216
f  4474/544/1215 4475/546/1217 4476/547/1218
f  4477/546/1217 4478/548/1219 4479/547/1218
f  4480/549/1220 4481/550/1221 4482/551/1222
f  4483/552/1223 4484/550/1221 4485/549/1220
f  4486/550/1221 4487/552/1223 4488/553/1224
f  4489/552/1223 4490/554/1225 4491/553/1224
f  4492/554/1225 4493/552/1223 4494/555/1226
f  4495/554/1225 4496/555/1226 4497/556/1227
f  4498/556/1227 4499/557/1228 4500/554/1225
f  4501/557/1228 4502/556/1227 4503/558/1229
f  4504/556/1227 4505/559/1230 4506/558/1229
f  4507/559/1230 4508/556/1227 4509/555/1226
f  4510/560/1231 4511/561/1232 4512/562/1233
f  4513/560/1231 4514/563/1234 4515/561/1232
f  4516/563/1234 4517/560/1231 4518/564/1235
f  4519/565/1236 4520/563/1234 4521/564/1235
f  4522/563/1234 4523/565/1236 4524/566/1237
f  4525/566/1237 4526/565/1236 4527/567/1238
f  4528/79/1072 4529/78/1071 4530/80/1239
f  4531/78/1071 4532/86/1240 4533/80/1239
f  4534/91/1241 4535/80/1239 4536/86/1240
f  4537/80/1239 4538/91/1241 4539/92/1242
f  4540/81/1243 4541/80/1239 4542/92/1242
f  4543/80/1239 4544/81/1243 4545/79/1072
f  4546/86/1240 4547/78/1071 4548/85/1244
f  4549/90/1245 4550/86/1240 4551/85/1244
f  4552/90/1245 4553/91/1241 4554/86/1240
f  4555/91/1241 4556/90/1245 4557/96/1246
f  4558/96/1246 4559/92/1242 4560/91/1241
f  4561/92/1242 4562/96/1246 4563/94/1247
f  4564/97/1248 4565/92/1242 4566/94/1247
f  4567/92/1242 4568/97/1248 4569/81/1243
f  4570/76/1069 4571/85/1244 4572/78/1071
f  4573/85/1244 4574/76/1069 4575/84/1249
f  4576/90/1245 4577/85/1244 4578/84/1249
f  4579/83/1250 4580/90/1245 4581/84/1249
f  4582/90/1245 4583/83/1250 4584/89/1251
f  4585/95/1252 4586/90/1245 4587/89/1251
f  4588/90/1245 4589/95/1252 4590/96/1246
f  4591/95/1252 4592/94/1247 4593/96/1246
f  4594/94/1247 4595/95/1252 4596/88/1253
f  4597/93/1254 4598/94/1247 4599/88/1253
f  4600/94/1247 4601/93/1254 4602/97/1248
f  4603/76/1069 4604/83/1250 4605/84/1249
f  4606/83/1250 4607/76/1069 4608/75/1068
f  4609/82/1255 4610/83/1250 4611/75/1068
f  4612/83/1250 4613/82/1255 4614/89/1251
f  4615/88/1253 4616/89/1251 4617/82/1255
f  4618/89/1251 4619/88/1253 4620/95/1252
f  4621/68/1067 4622/82/1255 4623/75/1068
f  4624/82/1255 4625/68/1067 4626/87/1256
f  4627/87/1256 4628/88/1253 4629/82/1255
f  4630/88/1253 4631/87/1256 4632/93/1254
f  4633/79/958 4634/78/957 4635/80/1257
f  4636/78/957 4637/86/1258 4638/80/1257
f  4639/91/1259 4640/80/1257 4641/86/1258
f  4642/80/1257 4643/91/1259 4644/92/1260
f  4645/81/1261 4646/80/1257 4647/92/1260
f  4648/80/1257 4649/81/1261 4650/79/958
f  4651/86/1258 4652/78/957 4653/85/1262
f  4654/90/1263 4655/86/1258 4656/85/1262
f  4657/90/1263 4658/91/1259 4659/86/1258
f  4660/91/1259 4661/90/1263 4662/96/1264
f  4663/96/1264 4664/92/1260 4665/91/1259
f  4666/92/1260 4667/96/1264 4668/94/1265
f  4669/97/1266 4670/92/1260 4671/94/1265
f  4672/92/1260 4673/97/1266 4674/81/1261
f  4675/76/955 4676/85/1262 4677/78/957
f  4678/85/1262 4679/76/955 4680/84/1267
f  4681/90/1263 4682/85/1262 4683/84/1267
f  4684/83/1268 4685/90/1263 4686/84/1267
f  4687/90/1263 4688/83/1268 4689/89/1269
f  4690/95/1270 4691/90/1263 4692/89/1269
f  4693/90/1263 4694/95/1270 4695/96/1264
f  4696/95/1270 4697/94/1265 4698/96/1264
f  4699/94/1265 4700/95/1270 4701/88/1271
f  4702/93/1272 4703/94/1265 4704/88/1271
f  4705/94/1265 4706/93/1272 4707/97/1266
f  4708/76/955 4709/83/1268 4710/84/1267
f  4711/83/1268 4712/76/955 4713/75/954
f  4714/82/1273 4715/83/1268 4716/75/954
f  4717/83/1268 4718/82/1273 4719/89/1269
f  4720/88/1271 4721/89/1269 4722/82/1273
f  4723/89/1269 4724/88/1271 4725/95/1270
f  4726/68/953 4727/82/1273 4728/75/954
f  4729/82/1273 4730/68/953 4731/87/1274
f  4732/87/1274 4733/88/1271 4734/82/1273
f  4735/88/1271 4736/87/1274 4737/93/1272
f  4738/94/1275 4739/93/804 4740/88/803
f  4741/93/804 4742/94/1275 4743/97/1276
f  4744/92/1277 4745/97/1276 4746/94/1275
f  4747/97/1276 4748/92/1277 4749/81/1278
f  4750/80/1279 4751/81/1278 4752/92/1277
f  4753/81/1278 4754/80/1279 4755/79/1280
f  4756/95/1281 4757/94/1275 4758/88/803
f  4759/94/1275 4760/95/1281 4761/96/1282
f  4762/91/1283 4763/94/1275 4764/96/1282
f  4765/94/1275 4766/91/1283 4767/92/1277
f  4768/91/1283 4769/80/1279 4770/92/1277
f  4771/80/1279 4772/91/1283 4773/86/1284
f  4774/85/1285 4775/80/1279 4776/86/1284
f  4777/80/1279 4778/85/1285 4779/78/1286
f  4780/78/1286 4781/79/1280 4782/80/1279
f  4783/79/1280 4784/78/1286 4785/77/1287
f  4786/82/801 4787/95/1281 4788/88/803
f  4789/95/1281 4790/82/801 4791/89/1288
f  4792/90/1289 4793/95/1281 4794/89/1288
f  4795/95/1281 4796/90/1289 4797/96/1282
f  4798/90/1289 4799/91/1283 4800/96/1282
f  4801/91/1283 4802/90/1289 4803/86/1284
f  4804/86/1284 4805/90/1289 4806/85/1285
f  4807/85/1285 4808/90/1289 4809/84/1290
f  4810/76/1291 4811/85/1285 4812/84/1290
f  4813/85/1285 4814/76/1291 4815/78/1286
f  4816/76/1291 4817/77/1287 4818/78/1286
f  4819/77/1287 4820/76/1291 4821/70/799
f  4822/75/800 4823/70/799 4824/76/1291
f  4825/82/801 4826/83/1292 4827/89/1288
f  4828/83/1292 4829/90/1289 4830/89/1288
f  4831/90/1289 4832/83/1292 4833/84/1290
f  4834/83/1292 4835/76/1291 4836/84/1290
f  4837/76/1291 4838/83/1292 4839/75/800
f  4840/83/1292 4841/82/801 4842/75/800
f  4843/94/1293 4844/93/733 4845/88/732
f  4846/93/733 4847/94/1293 4848/97/1294
f  4849/92/1295 4850/97/1294 4851/94/1293
f  4852/97/1294 4853/92/1295 4854/81/1296
f  4855/80/1297 4856/81/1296 4857/92/1295
f  4858/81/1296 4859/80/1297 4860/79/1298
f  4861/95/1299 4862/94/1293 4863/88/732
f  4864/94/1293 4865/95/1299 4866/96/1300
f  4867/91/1301 4868/94/1293 4869/96/1300
f  4870/94/1293 4871/91/1301 4872/92/1295
f  4873/91/1301 4874/80/1297 4875/92/1295
f  4876/80/1297 4877/91/1301 4878/86/1302
f  4879/85/1303 4880/80/1297 4881/86/1302
f  4882/80/1297 4883/85/1303 4884/78/1304
f  4885/78/1304 4886/79/1298 4887/80/1297
f  4888/79/1298 4889/78/1304 4890/77/1305
f  4891/82/730 4892/95/1299 4893/88/732
f  4894/95/1299 4895/82/730 4896/89/1306
f  4897/90/1307 4898/95/1299 4899/89/1306
f  4900/95/1299 4901/90/1307 4902/96/1300
f  4903/90/1307 4904/91/1301 4905/96/1300
f  4906/91/1301 4907/90/1307 4908/86/1302
f  4909/86/1302 4910/90/1307 4911/85/1303
f  4912/85/1303 4913/90/1307 4914/84/1308
f  4915/76/1309 4916/85/1303 4917/84/1308
f  4918/85/1303 4919/76/1309 4920/78/1304
f  4921/76/1309 4922/77/1305 4923/78/1304
f  4924/77/1305 4925/76/1309 4926/70/728
f  4927/75/729 4928/70/728 4929/76/1309
f  4930/82/730 4931/83/1310 4932/89/1306
f  4933/83/1310 4934/90/1307 4935/89/1306
f  4936/90/1307 4937/83/1310 4938/84/1308
f  4939/83/1310 4940/76/1309 4941/84/1308
f  4942/76/1309 4943/83/1310 4944/75/729
f  4945/83/1310 4946/82/730 4947/75/729
f  4948/94/1311 4949/93/636 4950/88/635
f  4951/93/636 4952/94/1311 4953/97/1312
f  4954/92/1313 4955/97/1312 4956/94/1311
f  4957/97/1312 4958/92/1313 4959/81/1314
f  4960/80/1315 4961/81/1314 4962/92/1313
f  4963/81/1314 4964/80/1315 4965/79/1316
f  4966/95/1317 4967/94/1311 4968/88/635
f  4969/94/1311 4970/95/1317 4971/96/1318
f  4972/91/1319 4973/94/1311 4974/96/1318
f  4975/94/1311 4976/91/1319 4977/92/1313
f  4978/91/1319 4979/80/1315 4980/92/1313
f  4981/80/1315 4982/91/1319 4983/86/1320
f  4984/85/1321 4985/80/1315 4986/86/1320
f  4987/80/1315 4988/85/1321 4989/78/1322
f  4990/78/1322 4991/79/1316 4992/80/1315
f  4993/79/1316 4994/78/1322 4995/77/1323
f  4996/82/633 4997/95/1317 4998/88/635
f  4999/95/1317 5000/82/633 5001/89/1324
f  5002/90/1325 5003/95/1317 5004/89/1324
f  5005/95/1317 5006/90/1325 5007/96/1318
f  5008/90/1325 5009/91/1319 5010/96/1318
f  5011/91/1319 5012/90/1325 5013/86/1320
f  5014/86/1320 5015/90/1325 5016/85/1321
f  5017/85/1321 5018/90/1325 5019/84/1326
f  5020/76/1327 5021/85/1321 5022/84/1326
f  5023/85/1321 5024/76/1327 5025/78/1322
f  5026/76/1327 5027/77/1323 5028/78/1322
f  5029/77/1323 5030/76/1327 5031/70/631
f  5032/75/632 5033/70/631 5034/76/1327
f  5035/82/633 5036/83/1328 5037/89/1324
f  5038/83/1328 5039/90/1325 5040/89/1324
f  5041/90/1325 5042/83/1328 5043/84/1326
f  5044/83/1328 5045/76/1327 5046/84/1326
f  5047/76/1327 5048/83/1328 5049/75/632
f  5050/83/1328 5051/82/633 5052/75/632

