# File produced by Open Asset Import Library (http://www.assimp.sf.net)
# (assimp v6.0.0)

mtllib TypeV.mtl

# 1491 vertex positions
v 54.5999947 23.4714966 36.3999977
v 79.2999954 8.8399992 24.6999989
v 79.2999954 19.7599983 24.6999989
v 79.2999954 8.8399992 24.6999989
v 54.5999947 23.4714966 36.3999977
v 54.5999947 5.12849855 36.3999977
v 54.5999947 23.4714966 36.3999977
v 34.7750015 13.8384981 36.3999977
v 54.5999947 5.12849855 36.3999977
v 34.7750015 13.8384981 36.3999977
v 54.5999947 23.4714966 36.3999977
v 34.7750015 17.6215 36.3999977
v 22.75 14.4624977 22.8150005
v 22.75 23.7249966 52
v 22.75 14.4624968 62.7249947
v 22.75 23.7249966 52
v 22.75 14.4624977 22.8150005
v 22.75 23.7249985 22.8150005
v 14.8849993 14.4624996 -3.24999905
v 22.75 23.7249985 22.8150005
v 22.75 14.4624977 22.8150005
v 22.75 23.7249985 22.8150005
v 14.8849993 14.4624996 -3.24999905
v 14.8849993 23.7250004 -3.24999881
v 22.75 14.4624968 62.7249947
v -22.75 23.7249966 52
v -22.75 14.4624968 62.7249947
v -22.75 23.7249966 52
v 22.75 14.4624968 62.7249947
v 22.75 23.7249966 52
v 22.75 23.7249966 52
v -22.75 23.7249985 22.8150005
v -22.75 23.7249966 52
v -22.75 23.7249985 22.8150005
v 22.75 23.7249966 52
v 22.75 23.7249985 22.8150005
v 14.8849993 23.7250004 -3.24999881
v -22.75 23.7249985 22.8150005
v 22.75 23.7249985 22.8150005
v -22.75 23.7249985 22.8150005
v 14.8849993 23.7250004 -3.24999881
v -14.8849993 23.7250004 -3.24999881
v -22.5614986 5.12850189 -50.7389946
v -11.6999998 17.6215019 -43.2249985
v -11.6999998 13.838501 -43.2249985
v -11.6999998 17.6215019 -43.2249985
v -22.5614986 5.12850189 -50.7389946
v -22.5614986 23.4715004 -50.7389946
v -46.1499977 8.84000206 -42.2499962
v -22.5614986 23.4715004 -50.7389946
v -22.5614986 5.12850189 -50.7389946
v -22.5614986 23.4715004 -50.7389946
v -46.1499977 8.84000206 -42.2499962
v -46.1499977 19.7600002 -42.2499962
v -46.1499977 8.84000206 -42.2499962
v -79.2999954 19.7599983 24.6999989
v -46.1499977 19.7600002 -42.2499962
v -79.2999954 19.7599983 24.6999989
v -46.1499977 8.84000206 -42.2499962
v -79.2999954 8.8399992 24.6999989
v -72.1500015 5.94099998 -1.94999969
v -27.8005009 -10.1659966 -55.3084984
v -51.1094971 -1.75500023 7.7154994
v -27.8005009 -10.1659966 -55.3084984
v -72.1500015 5.94099998 -1.94999969
v -37.6999969 -6.40899611 -89.0499954
v -37.6999969 -6.40899611 -89.0499954
v 0 -20.4424953 -59.487999
v -27.8005009 -10.1659966 -55.3084984
v 0 -20.4424953 -59.487999
v -37.6999969 -6.40899611 -89.0499954
v 0 -20.4424953 -107.25
v 37.6999969 -6.40899611 -89.0499954
v 0 -20.4424953 -59.487999
v 0 -20.4424953 -107.25
v 0 -20.4424953 -59.487999
v 37.6999969 -6.40899611 -89.0499954
v 27.8005009 -10.1659966 -55.3084984
v 72.1500015 5.94099998 -1.94999969
v 27.8005009 -10.1659966 -55.3084984
v 37.6999969 -6.40899611 -89.0499954
v 27.8005009 -10.1659966 -55.3084984
v 72.1500015 5.94099998 -1.94999969
v 51.1094971 -1.75500023 7.7154994
v 0 -6.85099506 -107.25
v -37.6999969 -6.40899611 -89.0499954
v -33.1499977 5.10900354 -89.0499954
v -37.6999969 -6.40899611 -89.0499954
v 0 -6.85099506 -107.25
v 0 -20.4424953 -107.25
v 0 -6.85099506 -107.25
v 37.6999969 -6.40899611 -89.0499954
v 0 -20.4424953 -107.25
v 37.6999969 -6.40899611 -89.0499954
v 0 -6.85099506 -107.25
v 33.1499977 5.10900354 -89.0499954
v -48.4249992 -32.5 -18.5249996
v -59.8715019 -11.296999 -29.0160007
v -45.5194969 -26.935997 -17.0950012
v -59.8715019 -11.296999 -29.0160007
v -48.4249992 -32.5 -18.5249996
v -65.6500015 -13.6759977 -31.8500004
v -65.6500015 -13.6759977 -31.8500004
v -59.8715019 20.3970013 -29.0159969
v -59.8715019 -11.296999 -29.0160007
v -59.8715019 20.3970013 -29.0159969
v -65.6500015 -13.6759977 -31.8500004
v -65.6500015 22.776001 -31.8499985
v -48.4249992 41.5999985 -18.5249977
v -59.8715019 20.3970013 -29.0159969
v -65.6500015 22.776001 -31.8499985
v -59.8715019 20.3970013 -29.0159969
v -48.4249992 41.5999985 -18.5249977
v -45.5194969 36.0360031 -17.0949974
v -59.7999992 -32.5 71.8249969
v -70.3624954 -26.6630001 29.7049961
v -57.0180016 -26.7605038 70.9539948
v -70.3624954 -26.6630001 29.7049961
v -59.7999992 -32.5 71.8249969
v -73.3134995 -32.5 29.3864994
v -48.4249992 -32.5 -18.5249996
v -70.3624954 -26.6630001 29.7049961
v -73.3134995 -32.5 29.3864994
v -70.3624954 -26.6630001 29.7049961
v -48.4249992 -32.5 -18.5249996
v -45.5194969 -26.935997 -17.0950012
v -70.3624954 35.7629967 29.7049999
v -59.7999992 41.5999947 71.8249969
v -57.0180016 35.8604965 70.9539948
v -59.7999992 41.5999947 71.8249969
v -70.3624954 35.7629967 29.7049999
v -73.3134995 41.5999947 29.3865032
v -70.3624954 35.7629967 29.7049999
v -48.4249992 41.5999985 -18.5249977
v -73.3134995 41.5999947 29.3865032
v -48.4249992 41.5999985 -18.5249977
v -70.3624954 35.7629967 29.7049999
v -45.5194969 36.0360031 -17.0949974
v 65.6500015 -13.6759977 -31.8500004
v 73.3134995 -32.5 29.3864994
v 48.4249992 -32.5 -18.5249996
v 73.3134995 -32.5 29.3864994
v 65.6500015 -13.6759977 -31.8500004
v 96.6484985 -13.6760015 31.2974987
v 80.5999985 -13.6760025 82.5499954
v 73.3134995 -32.5 29.3864994
v 96.6484985 -13.6760015 31.2974987
v 73.3134995 -32.5 29.3864994
v 80.5999985 -13.6760025 82.5499954
v 59.7999992 -32.5 71.8249969
v 65.6500015 22.776001 -31.8499985
v 96.6484985 -13.6760015 31.2974987
v 65.6500015 -13.6759977 -31.8500004
v 96.6484985 -13.6760015 31.2974987
v 65.6500015 22.776001 -31.8499985
v 96.6484985 22.7759972 31.2974987
v 96.6484985 22.7759972 31.2974987
v 80.5999985 -13.6760025 82.5499954
v 96.6484985 -13.6760015 31.2974987
v 80.5999985 -13.6760025 82.5499954
v 96.6484985 22.7759972 31.2974987
v 80.5999985 22.7759953 82.5499954
v 73.3134995 41.5999947 29.3865032
v 80.5999985 22.7759953 82.5499954
v 96.6484985 22.7759972 31.2974987
v 80.5999985 22.7759953 82.5499954
v 73.3134995 41.5999947 29.3865032
v 59.7999992 41.5999947 71.8249969
v 65.6500015 22.776001 -31.8499985
v 73.3134995 41.5999947 29.3865032
v 96.6484985 22.7759972 31.2974987
v 73.3134995 41.5999947 29.3865032
v 65.6500015 22.776001 -31.8499985
v 48.4249992 41.5999985 -18.5249977
v 59.8715019 -11.296999 -29.0160007
v 48.4249992 -32.5 -18.5249996
v 45.5194969 -26.935997 -17.0950012
v 48.4249992 -32.5 -18.5249996
v 59.8715019 -11.296999 -29.0160007
v 65.6500015 -13.6759977 -31.8500004
v 59.8715019 20.3970013 -29.0159969
v 65.6500015 -13.6759977 -31.8500004
v 59.8715019 -11.296999 -29.0160007
v 65.6500015 -13.6759977 -31.8500004
v 59.8715019 20.3970013 -29.0159969
v 65.6500015 22.776001 -31.8499985
v 59.8715019 20.3970013 -29.0159969
v 48.4249992 41.5999985 -18.5249977
v 65.6500015 22.776001 -31.8499985
v 48.4249992 41.5999985 -18.5249977
v 59.8715019 20.3970013 -29.0159969
v 45.5194969 36.0360031 -17.0949974
v 59.7999992 41.5999947 71.8249969
v 70.3624954 35.7629967 29.7049999
v 57.0180016 35.8604965 70.9539948
v 70.3624954 35.7629967 29.7049999
v 59.7999992 41.5999947 71.8249969
v 73.3134995 41.5999947 29.3865032
v 48.4249992 41.5999985 -18.5249977
v 70.3624954 35.7629967 29.7049999
v 73.3134995 41.5999947 29.3865032
v 70.3624954 35.7629967 29.7049999
v 48.4249992 41.5999985 -18.5249977
v 45.5194969 36.0360031 -17.0949974
v -45.1749992 -27.5405025 66.9499969
v 63.1929932 -12.2980032 91.5199966
v -63.1929932 -12.2980032 91.5199966
v 63.1929932 -12.2980032 91.5199966
v -45.1749992 -27.5405025 66.9499969
v 45.1749992 -27.5405025 66.9499969
v -45.1749992 -27.5405025 66.9499969
v 54.5999947 -27.5405025 37.0499954
v 45.1749992 -27.5405025 66.9499969
v 54.5999947 -27.5405025 37.0499954
v -45.1749992 -27.5405025 66.9499969
v -54.5999947 -27.5405025 37.0499954
v -29.8999996 -27.5404987 12.6749973
v 54.5999947 -27.5405025 37.0499954
v -54.5999947 -27.5405025 37.0499954
v 54.5999947 -27.5405025 37.0499954
v -29.8999996 -27.5404987 12.6749973
v 29.8999996 -27.5404987 12.6749973
v -22.5550003 -27.5404987 -27.2999992
v 29.8999996 -27.5404987 12.6749973
v -29.8999996 -27.5404987 12.6749973
v 29.8999996 -27.5404987 12.6749973
v -22.5550003 -27.5404987 -27.2999992
v 22.5550003 -27.5404987 -27.2999992
v -7.79999924 -27.5404968 -61.75
v 22.5550003 -27.5404987 -27.2999992
v -22.5550003 -27.5404987 -27.2999992
v 22.5550003 -27.5404987 -27.2999992
v -7.79999924 -27.5404968 -61.75
v 7.79999924 -27.5404968 -61.75
v 54.5999947 14.5404978 37.0499992
v -45.1749992 14.5404968 66.9499969
v 45.1749992 14.5404968 66.9499969
v -45.1749992 14.5404968 66.9499969
v 54.5999947 14.5404978 37.0499992
v -54.5999947 14.5404978 37.0499992
v 29.8999996 14.5404997 12.6749992
v -54.5999947 14.5404978 37.0499992
v 54.5999947 14.5404978 37.0499992
v -54.5999947 14.5404978 37.0499992
v 29.8999996 14.5404997 12.6749992
v -29.8999996 14.5404997 12.6749992
v 22.5550003 14.5405006 -27.2999973
v -29.8999996 14.5404997 12.6749992
v 29.8999996 14.5404997 12.6749992
v -29.8999996 14.5404997 12.6749992
v 22.5550003 14.5405006 -27.2999973
v -22.5550003 14.5405006 -27.2999973
v 7.79999924 14.5405025 -61.7499962
v -22.5550003 14.5405006 -27.2999973
v 22.5550003 14.5405006 -27.2999973
v -22.5550003 14.5405006 -27.2999973
v 7.79999924 14.5405025 -61.7499962
v -7.79999924 14.5405025 -61.7499962
v 2.14499998 -46.9949989 48.0999985
v 6.5 -49.3349991 49.2699966
v 6.5 -46.9949989 49.2699966
v 6.5 -49.3349991 49.2699966
v 2.14499998 -46.9949989 48.0999985
v 2.14499998 -49.3349991 48.0999985
v 3.23699999 -54.5154991 46.2084961
v 6.5 -49.3349991 49.2699966
v 2.14499998 -49.3349991 48.0999985
v 6.5 -49.3349991 49.2699966
v 3.23699999 -54.5154991 46.2084961
v 6.5 -54.5154991 47.0859947
v -1.03999996 -46.9949989 44.9149971
v 2.14499998 -49.3349991 48.0999985
v 2.14499998 -46.9949989 48.0999985
v 2.14499998 -49.3349991 48.0999985
v -1.03999996 -46.9949989 44.9149971
v -1.03999996 -49.3349991 44.9149971
v 0.851499915 -54.5154991 43.8229942
v 2.14499998 -49.3349991 48.0999985
v -1.03999996 -49.3349991 44.9149971
v 2.14499998 -49.3349991 48.0999985
v 0.851499915 -54.5154991 43.8229942
v 3.23699999 -54.5154991 46.2084961
v -2.21000004 -46.9949989 40.5599976
v -1.03999996 -49.3349991 44.9149971
v -1.03999996 -46.9949989 44.9149971
v -1.03999996 -49.3349991 44.9149971
v -2.21000004 -46.9949989 40.5599976
v -2.21000004 -49.3349991 40.5599976
v -0.0259999968 -54.5154991 40.5599976
v -1.03999996 -49.3349991 44.9149971
v -2.21000004 -49.3349991 40.5599976
v -1.03999996 -49.3349991 44.9149971
v -0.0259999968 -54.5154991 40.5599976
v 0.851499915 -54.5154991 43.8229942
v -1.03999996 -46.9949989 36.204998
v -2.21000004 -49.3349991 40.5599976
v -2.21000004 -46.9949989 40.5599976
v -2.21000004 -49.3349991 40.5599976
v -1.03999996 -46.9949989 36.204998
v -1.03999996 -49.3349991 36.204998
v 0.851499915 -54.5154991 37.2969971
v -2.21000004 -49.3349991 40.5599976
v -1.03999996 -49.3349991 36.204998
v -2.21000004 -49.3349991 40.5599976
v 0.851499915 -54.5154991 37.2969971
v -0.0259999968 -54.5154991 40.5599976
v 2.14499998 -46.9949989 33.0200005
v -1.03999996 -49.3349991 36.204998
v -1.03999996 -46.9949989 36.204998
v -1.03999996 -49.3349991 36.204998
v 2.14499998 -46.9949989 33.0200005
v 2.14499998 -49.3349991 33.0200005
v 3.23699999 -54.5154991 34.911499
v -1.03999996 -49.3349991 36.204998
v 2.14499998 -49.3349991 33.0200005
v -1.03999996 -49.3349991 36.204998
v 3.23699999 -54.5154991 34.911499
v 0.851499915 -54.5154991 37.2969971
v 6.5 -46.9949989 31.8499985
v 2.14499998 -49.3349991 33.0200005
v 2.14499998 -46.9949989 33.0200005
v 2.14499998 -49.3349991 33.0200005
v 6.5 -46.9949989 31.8499985
v 6.5 -49.3349991 31.8499985
v 6.5 -54.5154991 34.0339966
v 2.14499998 -49.3349991 33.0200005
v 6.5 -49.3349991 31.8499985
v 2.14499998 -49.3349991 33.0200005
v 6.5 -54.5154991 34.0339966
v 3.23699999 -54.5154991 34.911499
v 10.8549986 -46.9949989 33.0200005
v 6.5 -49.3349991 31.8499985
v 6.5 -46.9949989 31.8499985
v 6.5 -49.3349991 31.8499985
v 10.8549986 -46.9949989 33.0200005
v 10.8549986 -49.3349991 33.0200005
v 9.76299953 -54.5154991 34.911499
v 6.5 -49.3349991 31.8499985
v 10.8549986 -49.3349991 33.0200005
v 6.5 -49.3349991 31.8499985
v 9.76299953 -54.5154991 34.911499
v 6.5 -54.5154991 34.0339966
v 14.039999 -46.9949989 36.204998
v 10.8549986 -49.3349991 33.0200005
v 10.8549986 -46.9949989 33.0200005
v 10.8549986 -49.3349991 33.0200005
v 14.039999 -46.9949989 36.204998
v 14.039999 -49.3349991 36.204998
v 12.1485004 -54.5154991 37.2969971
v 10.8549986 -49.3349991 33.0200005
v 14.039999 -49.3349991 36.204998
v 10.8549986 -49.3349991 33.0200005
v 12.1485004 -54.5154991 37.2969971
v 9.76299953 -54.5154991 34.911499
v 15.21 -46.9949989 40.5599976
v 14.039999 -49.3349991 36.204998
v 14.039999 -46.9949989 36.204998
v 14.039999 -49.3349991 36.204998
v 15.21 -46.9949989 40.5599976
v 15.21 -49.3349991 40.5599976
v 13.0259991 -54.5154991 40.5599976
v 14.039999 -49.3349991 36.204998
v 15.21 -49.3349991 40.5599976
v 14.039999 -49.3349991 36.204998
v 13.0259991 -54.5154991 40.5599976
v 12.1485004 -54.5154991 37.2969971
v 14.039999 -46.9949989 44.9149971
v 15.21 -49.3349991 40.5599976
v 15.21 -46.9949989 40.5599976
v 15.21 -49.3349991 40.5599976
v 14.039999 -46.9949989 44.9149971
v 14.039999 -49.3349991 44.9149971
v 12.1485004 -54.5154991 43.8229942
v 15.21 -49.3349991 40.5599976
v 14.039999 -49.3349991 44.9149971
v 15.21 -49.3349991 40.5599976
v 12.1485004 -54.5154991 43.8229942
v 13.0259991 -54.5154991 40.5599976
v 10.8549986 -46.9949989 48.0999985
v 14.039999 -49.3349991 44.9149971
v 14.039999 -46.9949989 44.9149971
v 14.039999 -49.3349991 44.9149971
v 10.8549986 -46.9949989 48.0999985
v 10.8549986 -49.3349991 48.0999985
v 9.76299953 -54.5154991 46.2084961
v 14.039999 -49.3349991 44.9149971
v 10.8549986 -49.3349991 48.0999985
v 14.039999 -49.3349991 44.9149971
v 9.76299953 -54.5154991 46.2084961
v 12.1485004 -54.5154991 43.8229942
v 6.5 -46.9949989 49.2699966
v 10.8549986 -49.3349991 48.0999985
v 10.8549986 -46.9949989 48.0999985
v 10.8549986 -49.3349991 48.0999985
v 6.5 -46.9949989 49.2699966
v 6.5 -49.3349991 49.2699966
v 6.5 -54.5154991 47.0859947
v 10.8549986 -49.3349991 48.0999985
v 6.5 -49.3349991 49.2699966
v 10.8549986 -49.3349991 48.0999985
v 6.5 -54.5154991 47.0859947
v 9.76299953 -54.5154991 46.2084961
v 36.5299988 -27.5405025 44.9149971
v 37.0499954 -34.1249962 13.9749985
v 37.0499954 -23.5950012 13.9749985
v 37.0499954 -34.1249962 13.9749985
v 36.5299988 -27.5405025 44.9149971
v 36.5299988 -34.125 44.9149971
v 33.7999954 -27.5405025 57.4599991
v 36.5299988 -34.125 44.9149971
v 36.5299988 -27.5405025 44.9149971
v 36.5299988 -34.125 44.9149971
v 33.7999954 -27.5405025 57.4599991
v 33.7999954 -34.125 57.4599991
v 28.4699974 -27.5405025 65
v 33.7999954 -34.125 57.4599991
v 33.7999954 -27.5405025 57.4599991
v 33.7999954 -34.125 57.4599991
v 28.4699974 -27.5405025 65
v 28.4699974 -34.125 65
v 28.4699974 -27.5405025 65
v 19.2399998 -34.125 71.2399979
v 28.4699974 -34.125 65
v 19.2399998 -34.125 71.2399979
v 28.4699974 -27.5405025 65
v 19.2399998 -27.5405025 71.2399979
v 19.2399998 -27.5405025 71.2399979
v 8.19000053 -34.125 73.7749939
v 19.2399998 -34.125 71.2399979
v 8.19000053 -34.125 73.7749939
v 19.2399998 -27.5405025 71.2399979
v 8.19000053 -27.5405025 73.7749939
v 8.19000053 -27.5405025 73.7749939
v -8.19000053 -34.125 73.3849945
v 8.19000053 -34.125 73.7749939
v -8.19000053 -34.125 73.3849945
v 8.19000053 -27.5405025 73.7749939
v -8.19000053 -27.5405025 73.3849945
v -8.19000053 -27.5405025 73.3849945
v -19.2399998 -34.125 71.2399979
v -8.19000053 -34.125 73.3849945
v -19.2399998 -34.125 71.2399979
v -8.19000053 -27.5405025 73.3849945
v -19.2399998 -27.5405025 71.2399979
v -19.2399998 -27.5405025 71.2399979
v -28.4699974 -34.125 65
v -19.2399998 -34.125 71.2399979
v -28.4699974 -34.125 65
v -19.2399998 -27.5405025 71.2399979
v -28.4699974 -27.5405025 65
v -28.4699974 -27.5405025 65
v -33.7999954 -34.125 57.4599991
v -28.4699974 -34.125 65
v -33.7999954 -34.125 57.4599991
v -28.4699974 -27.5405025 65
v -33.7999954 -27.5405025 57.4599991
v -36.5299988 -27.5405025 44.9149971
v -33.7999954 -34.125 57.4599991
v -33.7999954 -27.5405025 57.4599991
v -33.7999954 -34.125 57.4599991
v -36.5299988 -27.5405025 44.9149971
v -36.5299988 -34.125 44.9149971
v -36.5299988 -27.5405025 44.9149971
v -37.0499954 -34.1249962 13.9749985
v -36.5299988 -34.125 44.9149971
v -37.0499954 -34.1249962 13.9749985
v -36.5299988 -27.5405025 44.9149971
v -37.0499954 -23.5950012 13.9749985
v 0 -34.1249962 -5.52500153
v -22.2299995 -47.7750015 22.9254951
v -37.0499954 -34.1249962 13.9749985
v -22.2299995 -47.7750015 22.9254951
v 0 -34.1249962 -5.52500153
v 0 -47.7750015 11.2254982
v 0 -34.1249962 -5.52500153
v 22.2299995 -47.7750015 22.9254951
v 0 -47.7750015 11.2254982
v 22.2299995 -47.7750015 22.9254951
v 0 -34.1249962 -5.52500153
v 37.0499954 -34.1249962 13.9749985
v -30.7385006 -8.48250294 81.9454956
v -15.9379988 1.67049563 97.7535019
v -27.7875004 6.22049665 77.2979965
v -15.9379988 1.67049563 97.7535019
v -30.7385006 -8.48250294 81.9454956
v -19.2334976 -17.2445049 101.880989
v -78.6499939 -12.2980013 37.9144974
v -45.1749992 -27.5405025 66.9499969
v -63.1929932 -12.2980032 91.5199966
v -45.1749992 -27.5405025 66.9499969
v -78.6499939 -12.2980013 37.9144974
v -54.5999947 -27.5405025 37.0499954
v -53.4235001 -12.2980003 11.7714987
v -54.5999947 -27.5405025 37.0499954
v -78.6499939 -12.2980013 37.9144974
v -54.5999947 -27.5405025 37.0499954
v -53.4235001 -12.2980003 11.7714987
v -29.8999996 -27.5404987 12.6749973
v -42.7894974 -12.2979984 -30.9074993
v -29.8999996 -27.5404987 12.6749973
v -53.4235001 -12.2980003 11.7714987
v -29.8999996 -27.5404987 12.6749973
v -42.7894974 -12.2979984 -30.9074993
v -22.5550003 -27.5404987 -27.2999992
v -28.9639988 -12.2979965 -59.0785027
v -22.5550003 -27.5404987 -27.2999992
v -42.7894974 -12.2979984 -30.9074993
v -22.5550003 -27.5404987 -27.2999992
v -28.9639988 -12.2979965 -59.0785027
v -7.79999924 -27.5404968 -61.75
v -26.9750004 -28.5090008 -2.6000011
v 0 -33.1499977 -5.00500107
v -29.6399975 -33.1499977 10.5949984
v 0 -33.1499977 -5.00500107
v -26.9750004 -28.5090008 -2.6000011
v 0 -28.5090008 -14.625001
v 26.9750004 -28.5090008 -2.6000011
v 0 -33.1499977 -5.00500107
v 0 -28.5090008 -14.625001
v 0 -33.1499977 -5.00500107
v 26.9750004 -28.5090008 -2.6000011
v 29.6399975 -33.1499977 10.5949984
v -26.9750004 -27.5404987 -2.6000011
v 0 -28.5090008 -14.625001
v -26.9750004 -28.5090008 -2.6000011
v 0 -28.5090008 -14.625001
v -26.9750004 -27.5404987 -2.6000011
v 0 -27.5404987 -14.625001
v 26.9750004 -27.5404987 -2.6000011
v 0 -28.5090008 -14.625001
v 0 -27.5404987 -14.625001
v 0 -28.5090008 -14.625001
v 26.9750004 -27.5404987 -2.6000011
v 26.9750004 -28.5090008 -2.6000011
v 29.6399975 -27.5404987 10.5949984
v 26.9750004 -28.5090008 -2.6000011
v 26.9750004 -27.5404987 -2.6000011
v 26.9750004 -28.5090008 -2.6000011
v 29.6399975 -27.5404987 10.5949984
v 29.6399975 -33.1499977 10.5949984
v -26.9750004 -28.5090008 -2.6000011
v -29.6399975 -27.5404987 10.5949984
v -26.9750004 -27.5404987 -2.6000011
v -29.6399975 -27.5404987 10.5949984
v -26.9750004 -28.5090008 -2.6000011
v -29.6399975 -33.1499977 10.5949984
v -27.1244965 -31.5250015 58.1749992
v -37.0499954 -9.54850388 91.6499939
v -35.5615005 -12.8440018 57.7004967
v -37.0499954 -9.54850388 91.6499939
v -27.1244965 -31.5250015 58.1749992
v -21.1445007 -21.4500046 107.25
v -27.1244965 -31.5250015 58.1749992
v 21.1445007 -21.4500046 107.25
v -21.1445007 -21.4500046 107.25
v 21.1445007 -21.4500046 107.25
v -27.1244965 -31.5250015 58.1749992
v 27.1244965 -31.5250015 58.1749992
v 27.1244965 -31.5250015 58.1749992
v 37.0499954 -9.54850388 91.6499939
v 21.1445007 -21.4500046 107.25
v 37.0499954 -9.54850388 91.6499939
v 27.1244965 -31.5250015 58.1749992
v 37.0499954 -12.798502 52.6499977
v 23.9264984 -26.5070019 56.7579994
v 33.7349968 -5.5575037 91.3184967
v 33.4489975 -8.4630022 52.2859993
v 33.7349968 -5.5575037 91.3184967
v 23.9264984 -26.5070019 56.7579994
v 18.9539986 -16.406004 105.949997
v -23.9264984 -26.5070019 56.7579994
v 18.9539986 -16.406004 105.949997
v 23.9264984 -26.5070019 56.7579994
v 18.9539986 -16.406004 105.949997
v -23.9264984 -26.5070019 56.7579994
v -18.9539986 -16.406004 105.949997
v -23.9264984 -26.5070019 56.7579994
v -33.7349968 -5.5575037 91.3184967
v -18.9539986 -16.406004 105.949997
v -33.7349968 -5.5575037 91.3184967
v -23.9264984 -26.5070019 56.7579994
v -31.9669991 -8.50850201 57.3364983
v 11.6999998 17.6215019 -43.2249985
v 22.5614986 5.12850189 -50.7389946
v 11.6999998 13.838501 -43.2249985
v 22.5614986 5.12850189 -50.7389946
v 11.6999998 17.6215019 -43.2249985
v 22.5614986 23.4715004 -50.7389946
v 46.1499977 19.7600002 -42.2499962
v 22.5614986 5.12850189 -50.7389946
v 22.5614986 23.4715004 -50.7389946
v 22.5614986 5.12850189 -50.7389946
v 46.1499977 19.7600002 -42.2499962
v 46.1499977 8.84000206 -42.2499962
v 79.2999954 19.7599983 24.6999989
v 46.1499977 8.84000206 -42.2499962
v 46.1499977 19.7600002 -42.2499962
v 46.1499977 8.84000206 -42.2499962
v 79.2999954 19.7599983 24.6999989
v 79.2999954 8.8399992 24.6999989
v -22.75 23.7249966 52
v -22.75 14.4624977 22.8150005
v -22.75 14.4624968 62.7249947
v -22.75 14.4624977 22.8150005
v -22.75 23.7249966 52
v -22.75 23.7249985 22.8150005
v -14.8849993 23.7250004 -3.24999881
v -22.75 14.4624977 22.8150005
v -22.75 23.7249985 22.8150005
v -22.75 14.4624977 22.8150005
v -14.8849993 23.7250004 -3.24999881
v -14.8849993 14.4624996 -3.24999905
v -11.6999998 17.6215019 -43.2249985
v -34.7750015 13.8384981 36.3999977
v -11.6999998 13.838501 -43.2249985
v -34.7750015 13.8384981 36.3999977
v -11.6999998 17.6215019 -43.2249985
v -34.7750015 17.6215 36.3999977
v -22.5614986 23.4715004 -50.7389946
v -34.7750015 17.6215 36.3999977
v -11.6999998 17.6215019 -43.2249985
v -34.7750015 17.6215 36.3999977
v -22.5614986 23.4715004 -50.7389946
v -54.5999947 23.4714966 36.3999977
v -46.1499977 19.7600002 -42.2499962
v -54.5999947 23.4714966 36.3999977
v -22.5614986 23.4715004 -50.7389946
v -54.5999947 23.4714966 36.3999977
v -46.1499977 19.7600002 -42.2499962
v -79.2999954 19.7599983 24.6999989
v -54.5999947 5.12849855 36.3999977
v -46.1499977 8.84000206 -42.2499962
v -22.5614986 5.12850189 -50.7389946
v -46.1499977 8.84000206 -42.2499962
v -54.5999947 5.12849855 36.3999977
v -79.2999954 8.8399992 24.6999989
v 62.5365028 15.6389999 0.533000648
v 72.1500015 5.94099998 -1.94999969
v 67.5999908 17.4589996 -1.94999909
v 72.1500015 5.94099998 -1.94999969
v 62.5365028 15.6389999 0.533000648
v 51.1094971 -1.75500023 7.7154994
v 62.5365028 15.6389999 0.533000648
v 42.1459999 3.99099922 11.043499
v 51.1094971 -1.75500023 7.7154994
v 37.6999969 -6.40899611 -89.0499954
v 67.5999908 17.4589996 -1.94999909
v 72.1500015 5.94099998 -1.94999969
v 67.5999908 17.4589996 -1.94999909
v 37.6999969 -6.40899611 -89.0499954
v 33.1499977 5.10900354 -89.0499954
v -74.4574966 -11.0500031 80.6259918
v -59.7999992 -32.5 71.8249969
v -57.0180016 -26.7605038 70.9539948
v -59.7999992 -32.5 71.8249969
v -74.4574966 -11.0500031 80.6259918
v -80.5999985 -13.6760025 82.5499954
v -74.4574966 -11.0500031 80.6259918
v -80.5999985 22.7759953 82.5499954
v -80.5999985 -13.6760025 82.5499954
v -80.5999985 22.7759953 82.5499954
v -74.4574966 -11.0500031 80.6259918
v -74.4574966 20.1499958 80.6259918
v -74.4574966 20.1499958 80.6259918
v -59.7999992 41.5999947 71.8249969
v -80.5999985 22.7759953 82.5499954
v -59.7999992 41.5999947 71.8249969
v -74.4574966 20.1499958 80.6259918
v -57.0180016 35.8604965 70.9539948
v -73.3134995 -32.5 29.3864994
v -65.6500015 -13.6759977 -31.8500004
v -48.4249992 -32.5 -18.5249996
v -65.6500015 -13.6759977 -31.8500004
v -73.3134995 -32.5 29.3864994
v -96.6484985 -13.6760015 31.2974987
v -96.6484985 -13.6760015 31.2974987
v -65.6500015 22.776001 -31.8499985
v -65.6500015 -13.6759977 -31.8500004
v -65.6500015 22.776001 -31.8499985
v -96.6484985 -13.6760015 31.2974987
v -96.6484985 22.7759972 31.2974987
v -73.3134995 41.5999947 29.3865032
v -65.6500015 22.776001 -31.8499985
v -96.6484985 22.7759972 31.2974987
v -65.6500015 22.776001 -31.8499985
v -73.3134995 41.5999947 29.3865032
v -48.4249992 41.5999985 -18.5249977
v -73.3134995 -32.5 29.3864994
v -80.5999985 -13.6760025 82.5499954
v -96.6484985 -13.6760015 31.2974987
v -80.5999985 -13.6760025 82.5499954
v -96.6484985 22.7759972 31.2974987
v -96.6484985 -13.6760015 31.2974987
v -96.6484985 22.7759972 31.2974987
v -80.5999985 -13.6760025 82.5499954
v -80.5999985 22.7759953 82.5499954
v -80.5999985 22.7759953 82.5499954
v -73.3134995 41.5999947 29.3865032
v -96.6484985 22.7759972 31.2974987
v -73.3134995 41.5999947 29.3865032
v -80.5999985 22.7759953 82.5499954
v -59.7999992 41.5999947 71.8249969
v -80.5999985 -13.6760025 82.5499954
v -73.3134995 -32.5 29.3864994
v -59.7999992 -32.5 71.8249969
v -38.0249977 -6.55850029 14.9499998
v -87.75 15.0084991 14.9499998
v -38.0249977 15.0084991 14.9499998
v -87.75 15.0084991 14.9499998
v -38.0249977 -6.55850029 14.9499998
v -87.75 -6.55850029 14.9499998
v 87.75 15.0084991 14.9499998
v 38.0249977 -6.55850029 14.9499998
v 38.0249977 15.0084991 14.9499998
v 38.0249977 -6.55850029 14.9499998
v 87.75 15.0084991 14.9499998
v 87.75 -6.55850029 14.9499998
v 48.4249992 -32.5 -18.5249996
v 70.3624954 -26.6630001 29.7049961
v 45.5194969 -26.935997 -17.0950012
v 70.3624954 -26.6630001 29.7049961
v 48.4249992 -32.5 -18.5249996
v 73.3134995 -32.5 29.3864994
v 59.7999992 -32.5 71.8249969
v 70.3624954 -26.6630001 29.7049961
v 73.3134995 -32.5 29.3864994
v 70.3624954 -26.6630001 29.7049961
v 59.7999992 -32.5 71.8249969
v 57.0180016 -26.7605038 70.9539948
v 59.7999992 -32.5 71.8249969
v 74.4574966 -11.0500031 80.6259918
v 57.0180016 -26.7605038 70.9539948
v 74.4574966 -11.0500031 80.6259918
v 59.7999992 -32.5 71.8249969
v 80.5999985 -13.6760025 82.5499954
v 80.5999985 22.7759953 82.5499954
v 74.4574966 -11.0500031 80.6259918
v 80.5999985 -13.6760025 82.5499954
v 74.4574966 -11.0500031 80.6259918
v 80.5999985 22.7759953 82.5499954
v 74.4574966 20.1499958 80.6259918
v 59.7999992 41.5999947 71.8249969
v 74.4574966 20.1499958 80.6259918
v 80.5999985 22.7759953 82.5499954
v 74.4574966 20.1499958 80.6259918
v 59.7999992 41.5999947 71.8249969
v 57.0180016 35.8604965 70.9539948
v 7.79999924 -27.5404968 -61.75
v 28.9639988 -0.701997399 -59.078495
v 28.9639988 -12.2979965 -59.0785027
v 28.9639988 -0.701997399 -59.078495
v 7.79999924 -27.5404968 -61.75
v 7.79999924 14.5405025 -61.7499962
v 7.79999924 -27.5404968 -61.75
v -7.79999924 14.5405025 -61.7499962
v 7.79999924 14.5405025 -61.7499962
v -7.79999924 14.5405025 -61.7499962
v 7.79999924 -27.5404968 -61.75
v -7.79999924 -27.5404968 -61.75
v -28.9639988 -12.2979965 -59.0785027
v -7.79999924 14.5405025 -61.7499962
v -7.79999924 -27.5404968 -61.75
v -7.79999924 14.5405025 -61.7499962
v -28.9639988 -12.2979965 -59.0785027
v -28.9639988 -0.701997399 -59.078495
v -45.1749992 14.5404968 66.9499969
v 63.1929932 -0.702004015 91.5199966
v 45.1749992 14.5404968 66.9499969
v 63.1929932 -0.702004015 91.5199966
v -45.1749992 14.5404968 66.9499969
v -63.1929932 -0.702004015 91.5199966
v -63.1929932 -12.2980032 91.5199966
v 63.1929932 -0.702004015 91.5199966
v -63.1929932 -0.702004015 91.5199966
v 63.1929932 -0.702004015 91.5199966
v -63.1929932 -12.2980032 91.5199966
v 63.1929932 -12.2980032 91.5199966
v 36.5299988 -34.125 44.9149971
v 22.2299995 -47.7750015 22.9254951
v 37.0499954 -34.1249962 13.9749985
v 22.2299995 -47.7750015 22.9254951
v 36.5299988 -34.125 44.9149971
v 21.3199997 -47.7750015 47.2549973
v 21.3199997 -47.7750015 47.2549973
v -22.2299995 -47.7750015 22.9254951
v 22.2299995 -47.7750015 22.9254951
v 22.2299995 -47.7750015 22.9254951
v -22.2299995 -47.7750015 22.9254951
v 0 -47.7750015 11.2254982
v 33.7999954 -34.125 57.4599991
v 21.3199997 -47.7750015 47.2549973
v 36.5299988 -34.125 44.9149971
v 21.3199997 -47.7750015 47.2549973
v 33.7999954 -34.125 57.4599991
v 18.7849998 -47.7750015 53.689991
v 18.7849998 -47.7750015 53.689991
v -21.3199997 -47.7750015 47.2549973
v 21.3199997 -47.7750015 47.2549973
v -22.2299995 -47.7750015 22.9254951
v 21.3199997 -47.7750015 47.2549973
v -21.3199997 -47.7750015 47.2549973
v -36.5299988 -34.125 44.9149971
v -22.2299995 -47.7750015 22.9254951
v -21.3199997 -47.7750015 47.2549973
v -22.2299995 -47.7750015 22.9254951
v -36.5299988 -34.125 44.9149971
v -37.0499954 -34.1249962 13.9749985
v 18.7849998 -47.7750015 53.689991
v 33.7999954 -34.125 57.4599991
v 28.4699974 -34.125 65
v 28.4699974 -34.125 65
v 13.1949987 -47.7750015 57.5249977
v 18.7849998 -47.7750015 53.689991
v -13.1949987 -47.7750015 57.5249977
v 18.7849998 -47.7750015 53.689991
v 13.1949987 -47.7750015 57.5249977
v 18.7849998 -47.7750015 53.689991
v -13.1949987 -47.7750015 57.5249977
v -18.7849998 -47.7750015 53.689991
v -21.3199997 -47.7750015 47.2549973
v 18.7849998 -47.7750015 53.689991
v -18.7849998 -47.7750015 53.689991
v -33.7999954 -34.125 57.4599991
v -21.3199997 -47.7750015 47.2549973
v -18.7849998 -47.7750015 53.689991
v -21.3199997 -47.7750015 47.2549973
v -33.7999954 -34.125 57.4599991
v -36.5299988 -34.125 44.9149971
v 13.1949987 -47.7750015 57.5249977
v 28.4699974 -34.125 65
v 19.2399998 -34.125 71.2399979
v 8.19000053 -34.125 73.7749939
v 13.1949987 -47.7750015 57.5249977
v 19.2399998 -34.125 71.2399979
v 13.1949987 -47.7750015 57.5249977
v 8.19000053 -34.125 73.7749939
v 6.72749949 -47.7750015 58.9549942
v -6.72749949 -47.7750015 58.9549942
v 13.1949987 -47.7750015 57.5249977
v 6.72749949 -47.7750015 58.9549942
v 13.1949987 -47.7750015 57.5249977
v -6.72749949 -47.7750015 58.9549942
v -13.1949987 -47.7750015 57.5249977
v -8.19000053 -34.125 73.3849945
v -13.1949987 -47.7750015 57.5249977
v -6.72749949 -47.7750015 58.9549942
v -13.1949987 -47.7750015 57.5249977
v -8.19000053 -34.125 73.3849945
v -19.2399998 -34.125 71.2399979
v -28.4699974 -34.125 65
v -13.1949987 -47.7750015 57.5249977
v -19.2399998 -34.125 71.2399979
v -13.1949987 -47.7750015 57.5249977
v -28.4699974 -34.125 65
v -18.7849998 -47.7750015 53.689991
v -18.7849998 -47.7750015 53.689991
v -28.4699974 -34.125 65
v -33.7999954 -34.125 57.4599991
v 8.19000053 -34.125 73.7749939
v -6.72749949 -47.7750015 58.9549942
v 6.72749949 -47.7750015 58.9549942
v -6.72749949 -47.7750015 58.9549942
v 8.19000053 -34.125 73.7749939
v -8.19000053 -34.125 73.3849945
v 0 -23.5949993 -5.52500057
v -37.0499954 -34.1249962 13.9749985
v -37.0499954 -23.5950012 13.9749985
v -37.0499954 -34.1249962 13.9749985
v 0 -23.5949993 -5.52500057
v 0 -34.1249962 -5.52500153
v 37.0499954 -23.5950012 13.9749985
v 0 -34.1249962 -5.52500153
v 0 -23.5949993 -5.52500057
v 0 -34.1249962 -5.52500153
v 37.0499954 -23.5950012 13.9749985
v 37.0499954 -34.1249962 13.9749985
v 37.0499954 -12.798502 52.6499977
v 23.9264984 -26.5070019 56.7579994
v 33.4489975 -8.4630022 52.2859993
v 23.9264984 -26.5070019 56.7579994
v 37.0499954 -12.798502 52.6499977
v 27.1244965 -31.5250015 58.1749992
v 27.1244965 -31.5250015 58.1749992
v -23.9264984 -26.5070019 56.7579994
v 23.9264984 -26.5070019 56.7579994
v -23.9264984 -26.5070019 56.7579994
v 27.1244965 -31.5250015 58.1749992
v -27.1244965 -31.5250015 58.1749992
v -35.5615005 -12.8440018 57.7004967
v -23.9264984 -26.5070019 56.7579994
v -27.1244965 -31.5250015 58.1749992
v -23.9264984 -26.5070019 56.7579994
v -35.5615005 -12.8440018 57.7004967
v -31.9669991 -8.50850201 57.3364983
v -37.0499954 -9.54850388 91.6499939
v -18.9539986 -16.406004 105.949997
v -33.7349968 -5.5575037 91.3184967
v -18.9539986 -16.406004 105.949997
v -37.0499954 -9.54850388 91.6499939
v -21.1445007 -21.4500046 107.25
v -21.1445007 -21.4500046 107.25
v 18.9539986 -16.406004 105.949997
v -18.9539986 -16.406004 105.949997
v 18.9539986 -16.406004 105.949997
v -21.1445007 -21.4500046 107.25
v 21.1445007 -21.4500046 107.25
v 37.0499954 -9.54850388 91.6499939
v 18.9539986 -16.406004 105.949997
v 21.1445007 -21.4500046 107.25
v 18.9539986 -16.406004 105.949997
v 37.0499954 -9.54850388 91.6499939
v 33.7349968 -5.5575037 91.3184967
v -10.6014996 -47.7750015 31.6484966
v -10.789999 -55.7699966 32.1099968
v -10.789999 -47.7750015 32.1099968
v -10.789999 -55.7699966 32.1099968
v -10.6014996 -47.7750015 31.6484966
v -10.6014996 -55.7699966 31.6484966
v -10.1399994 -47.7750015 31.4599953
v -10.6014996 -55.7699966 31.6484966
v -10.6014996 -47.7750015 31.6484966
v -10.6014996 -55.7699966 31.6484966
v -10.1399994 -47.7750015 31.4599953
v -10.1399994 -55.7699966 31.4599953
v -9.67850018 -47.7750015 31.6484966
v -10.1399994 -55.7699966 31.4599953
v -10.1399994 -47.7750015 31.4599953
v -10.1399994 -55.7699966 31.4599953
v -9.67850018 -47.7750015 31.6484966
v -9.67850018 -55.7699966 31.6484966
v -9.67850018 -47.7750015 31.6484966
v -9.48999977 -55.7699966 32.1099968
v -9.67850018 -55.7699966 31.6484966
v -9.48999977 -55.7699966 32.1099968
v -9.67850018 -47.7750015 31.6484966
v -9.48999977 -47.7750015 32.1099968
v -9.67850018 -47.7750015 32.5714989
v -9.48999977 -55.7699966 32.1099968
v -9.48999977 -47.7750015 32.1099968
v -9.48999977 -55.7699966 32.1099968
v -9.67850018 -47.7750015 32.5714989
v -9.67850018 -55.7699966 32.5714989
v -10.1399994 -47.7750015 32.7599983
v -9.67850018 -55.7699966 32.5714989
v -9.67850018 -47.7750015 32.5714989
v -9.67850018 -55.7699966 32.5714989
v -10.1399994 -47.7750015 32.7599983
v -10.1399994 -55.7699966 32.7599983
v -10.1399994 -47.7750015 32.7599983
v -10.6014996 -55.7699966 32.5714989
v -10.1399994 -55.7699966 32.7599983
v -10.6014996 -55.7699966 32.5714989
v -10.1399994 -47.7750015 32.7599983
v -10.6014996 -47.7750015 32.5714989
v -10.789999 -47.7750015 32.1099968
v -10.6014996 -55.7699966 32.5714989
v -10.6014996 -47.7750015 32.5714989
v -10.6014996 -55.7699966 32.5714989
v -10.789999 -47.7750015 32.1099968
v -10.789999 -55.7699966 32.1099968
v -11.3814993 -47.7750015 44.1284943
v -11.5699997 -66.1699982 44.5899925
v -11.5699997 -47.7750015 44.5899963
v -11.5699997 -66.1699982 44.5899925
v -11.3814993 -47.7750015 44.1284943
v -11.3814993 -66.1699982 44.1284943
v -10.9199991 -47.7750015 43.9399948
v -11.3814993 -66.1699982 44.1284943
v -11.3814993 -47.7750015 44.1284943
v -11.3814993 -66.1699982 44.1284943
v -10.9199991 -47.7750015 43.9399948
v -10.9199991 -66.1699982 43.9399948
v -10.458499 -47.7750015 44.1284943
v -10.9199991 -66.1699982 43.9399948
v -10.9199991 -47.7750015 43.9399948
v -10.9199991 -66.1699982 43.9399948
v -10.458499 -47.7750015 44.1284943
v -10.458499 -66.1699982 44.1284943
v -10.2700005 -47.7750015 44.5899963
v -10.458499 -66.1699982 44.1284943
v -10.458499 -47.7750015 44.1284943
v -10.458499 -66.1699982 44.1284943
v -10.2700005 -47.7750015 44.5899963
v -10.2700005 -66.1699982 44.5899925
v -10.458499 -47.7750015 45.0514946
v -10.2700005 -66.1699982 44.5899925
v -10.2700005 -47.7750015 44.5899963
v -10.2700005 -66.1699982 44.5899925
v -10.458499 -47.7750015 45.0514946
v -10.458499 -66.1699982 45.0514946
v -10.9199991 -47.7750015 45.239994
v -10.458499 -66.1699982 45.0514946
v -10.458499 -47.7750015 45.0514946
v -10.458499 -66.1699982 45.0514946
v -10.9199991 -47.7750015 45.239994
v -10.9199991 -66.1699982 45.239994
v -11.3814993 -47.7750015 45.0514946
v -10.9199991 -66.1699982 45.239994
v -10.9199991 -47.7750015 45.239994
v -10.9199991 -66.1699982 45.239994
v -11.3814993 -47.7750015 45.0514946
v -11.3814993 -66.1699982 45.0514946
v -11.3814993 -47.7750015 45.0514946
v -11.5699997 -66.1699982 44.5899925
v -11.3814993 -66.1699982 45.0514946
v -11.5699997 -66.1699982 44.5899925
v -11.3814993 -47.7750015 45.0514946
v -11.5699997 -47.7750015 44.5899963
v -10.789999 -47.7750015 29.0224972
v -10.6014996 -50.9599991 28.560997
v -10.789999 -50.9599991 29.0224972
v -10.6014996 -50.9599991 28.560997
v -10.789999 -47.7750015 29.0224972
v -10.6014996 -47.7750015 28.560997
v -10.1399994 -47.7750015 28.3724957
v -10.6014996 -50.9599991 28.560997
v -10.6014996 -47.7750015 28.560997
v -10.6014996 -50.9599991 28.560997
v -10.1399994 -47.7750015 28.3724957
v -10.1399994 -50.9599991 28.3724957
v -9.67850018 -47.7750015 28.560997
v -10.1399994 -50.9599991 28.3724957
v -10.1399994 -47.7750015 28.3724957
v -10.1399994 -50.9599991 28.3724957
v -9.67850018 -47.7750015 28.560997
v -9.67850018 -50.9599991 28.560997
v -9.48999977 -47.7750015 29.0224972
v -9.67850018 -50.9599991 28.560997
v -9.67850018 -47.7750015 28.560997
v -9.67850018 -50.9599991 28.560997
v -9.48999977 -47.7750015 29.0224972
v -9.48999977 -50.9599991 29.0224972
v -9.67850018 -47.7750015 29.4839954
v -9.48999977 -50.9599991 29.0224972
v -9.48999977 -47.7750015 29.0224972
v -9.48999977 -50.9599991 29.0224972
v -9.67850018 -47.7750015 29.4839954
v -9.67850018 -50.9599991 29.4839954
v -10.1399994 -47.7750015 29.6724968
v -9.67850018 -50.9599991 29.4839954
v -9.67850018 -47.7750015 29.4839954
v -9.67850018 -50.9599991 29.4839954
v -10.1399994 -47.7750015 29.6724968
v -10.1399994 -50.9599991 29.6724968
v -10.1399994 -47.7750015 29.6724968
v -10.6014996 -50.9599991 29.4839954
v -10.1399994 -50.9599991 29.6724968
v -10.6014996 -50.9599991 29.4839954
v -10.1399994 -47.7750015 29.6724968
v -10.6014996 -47.7750015 29.4839954
v -10.6014996 -47.7750015 29.4839954
v -10.789999 -50.9599991 29.0224972
v -10.6014996 -50.9599991 29.4839954
v -10.789999 -50.9599991 29.0224972
v -10.6014996 -47.7750015 29.4839954
v -10.789999 -47.7750015 29.0224972
v 34.7750015 13.8384981 36.3999977
v 11.6999998 17.6215019 -43.2249985
v 11.6999998 13.838501 -43.2249985
v 11.6999998 17.6215019 -43.2249985
v 34.7750015 13.8384981 36.3999977
v 34.7750015 17.6215 36.3999977
v 34.7750015 17.6215 36.3999977
v 22.5614986 23.4715004 -50.7389946
v 11.6999998 17.6215019 -43.2249985
v 22.5614986 23.4715004 -50.7389946
v 34.7750015 17.6215 36.3999977
v 54.5999947 23.4714966 36.3999977
v 54.5999947 23.4714966 36.3999977
v 46.1499977 19.7600002 -42.2499962
v 22.5614986 23.4715004 -50.7389946
v 46.1499977 19.7600002 -42.2499962
v 54.5999947 23.4714966 36.3999977
v 79.2999954 19.7599983 24.6999989
v 46.1499977 8.84000206 -42.2499962
v 54.5999947 5.12849855 36.3999977
v 22.5614986 5.12850189 -50.7389946
v 54.5999947 5.12849855 36.3999977
v 46.1499977 8.84000206 -42.2499962
v 79.2999954 8.8399992 24.6999989
v -54.5999947 23.4714966 36.3999977
v -34.7750015 13.8384981 36.3999977
v -34.7750015 17.6215 36.3999977
v -34.7750015 13.8384981 36.3999977
v -54.5999947 23.4714966 36.3999977
v -54.5999947 5.12849855 36.3999977
v -54.5999947 23.4714966 36.3999977
v -79.2999954 8.8399992 24.6999989
v -54.5999947 5.12849855 36.3999977
v -79.2999954 8.8399992 24.6999989
v -54.5999947 23.4714966 36.3999977
v -79.2999954 19.7599983 24.6999989
v -67.5999908 17.4589996 -1.94999909
v -37.6999969 -6.40899611 -89.0499954
v -72.1500015 5.94099998 -1.94999969
v -37.6999969 -6.40899611 -89.0499954
v -67.5999908 17.4589996 -1.94999909
v -33.1499977 5.10900354 -89.0499954
v -90.6100006 15.0084972 43.5499992
v -38.0249977 -6.55850172 43.5499992
v -38.0249977 15.0084972 43.5499992
v -38.0249977 -6.55850172 43.5499992
v -90.6100006 15.0084972 43.5499992
v -90.6100006 -6.55850172 43.5499992
v 90.6100006 15.0084972 43.5499992
v 38.0249977 -6.55850172 43.5499992
v 90.6100006 -6.55850172 43.5499992
v 38.0249977 -6.55850172 43.5499992
v 90.6100006 15.0084972 43.5499992
v 38.0249977 15.0084972 43.5499992
v 27.7875004 6.22049665 77.2979965
v -15.9379988 1.67049563 97.7535019
v 15.9379988 1.67049563 97.7535019
v -15.9379988 1.67049563 97.7535019
v 27.7875004 6.22049665 77.2979965
v -27.7875004 6.22049665 77.2979965
v -28.9639988 -12.2979965 -59.0785027
v -42.7894974 -0.701998651 -30.9074974
v -28.9639988 -0.701997399 -59.078495
v -42.7894974 -0.701998651 -30.9074974
v -28.9639988 -12.2979965 -59.0785027
v -42.7894974 -12.2979984 -30.9074993
v -42.7894974 -12.2979984 -30.9074993
v -53.4235001 -0.702000499 11.7714996
v -42.7894974 -0.701998651 -30.9074974
v -53.4235001 -0.702000499 11.7714996
v -42.7894974 -12.2979984 -30.9074993
v -53.4235001 -12.2980003 11.7714987
v -53.4235001 -12.2980003 11.7714987
v -78.6499939 -0.702001691 37.9145012
v -53.4235001 -0.702000499 11.7714996
v -78.6499939 -0.702001691 37.9145012
v -53.4235001 -12.2980003 11.7714987
v -78.6499939 -12.2980013 37.9144974
v -78.6499939 -12.2980013 37.9144974
v -63.1929932 -0.702004015 91.5199966
v -78.6499939 -0.702001691 37.9145012
v -63.1929932 -0.702004015 91.5199966
v -78.6499939 -12.2980013 37.9144974
v -63.1929932 -12.2980032 91.5199966
v 42.7894974 -0.701998651 -30.9074974
v 28.9639988 -12.2979965 -59.0785027
v 28.9639988 -0.701997399 -59.078495
v 28.9639988 -12.2979965 -59.0785027
v 42.7894974 -0.701998651 -30.9074974
v 42.7894974 -12.2979984 -30.9074993
v 53.4235001 -0.702000499 11.7714996
v 42.7894974 -12.2979984 -30.9074993
v 42.7894974 -0.701998651 -30.9074974
v 42.7894974 -12.2979984 -30.9074993
v 53.4235001 -0.702000499 11.7714996
v 53.4235001 -12.2980003 11.7714987
v 78.6499939 -0.702001691 37.9145012
v 53.4235001 -12.2980003 11.7714987
v 53.4235001 -0.702000499 11.7714996
v 53.4235001 -12.2980003 11.7714987
v 78.6499939 -0.702001691 37.9145012
v 78.6499939 -12.2980013 37.9144974
v 63.1929932 -0.702004015 91.5199966
v 78.6499939 -12.2980013 37.9144974
v 78.6499939 -0.702001691 37.9145012
v 78.6499939 -12.2980013 37.9144974
v 63.1929932 -0.702004015 91.5199966
v 63.1929932 -12.2980032 91.5199966
v 28.9639988 -12.2979965 -59.0785027
v 22.5550003 -27.5404987 -27.2999992
v 7.79999924 -27.5404968 -61.75
v 22.5550003 -27.5404987 -27.2999992
v 28.9639988 -12.2979965 -59.0785027
v 42.7894974 -12.2979984 -30.9074993
v 42.7894974 -12.2979984 -30.9074993
v 29.8999996 -27.5404987 12.6749973
v 22.5550003 -27.5404987 -27.2999992
v 29.8999996 -27.5404987 12.6749973
v 42.7894974 -12.2979984 -30.9074993
v 53.4235001 -12.2980003 11.7714987
v 53.4235001 -12.2980003 11.7714987
v 54.5999947 -27.5405025 37.0499954
v 29.8999996 -27.5404987 12.6749973
v 54.5999947 -27.5405025 37.0499954
v 53.4235001 -12.2980003 11.7714987
v 78.6499939 -12.2980013 37.9144974
v 78.6499939 -12.2980013 37.9144974
v 45.1749992 -27.5405025 66.9499969
v 54.5999947 -27.5405025 37.0499954
v 45.1749992 -27.5405025 66.9499969
v 78.6499939 -12.2980013 37.9144974
v 63.1929932 -12.2980032 91.5199966
v 22.5550003 14.5405006 -27.2999973
v 28.9639988 -0.701997399 -59.078495
v 7.79999924 14.5405025 -61.7499962
v 28.9639988 -0.701997399 -59.078495
v 22.5550003 14.5405006 -27.2999973
v 42.7894974 -0.701998651 -30.9074974
v 29.8999996 14.5404997 12.6749992
v 42.7894974 -0.701998651 -30.9074974
v 22.5550003 14.5405006 -27.2999973
v 42.7894974 -0.701998651 -30.9074974
v 29.8999996 14.5404997 12.6749992
v 53.4235001 -0.702000499 11.7714996
v 54.5999947 14.5404978 37.0499992
v 53.4235001 -0.702000499 11.7714996
v 29.8999996 14.5404997 12.6749992
v 53.4235001 -0.702000499 11.7714996
v 54.5999947 14.5404978 37.0499992
v 78.6499939 -0.702001691 37.9145012
v 45.1749992 14.5404968 66.9499969
v 78.6499939 -0.702001691 37.9145012
v 54.5999947 14.5404978 37.0499992
v 78.6499939 -0.702001691 37.9145012
v 45.1749992 14.5404968 66.9499969
v 63.1929932 -0.702004015 91.5199966
v -28.9639988 -0.701997399 -59.078495
v -22.5550003 14.5405006 -27.2999973
v -7.79999924 14.5405025 -61.7499962
v -22.5550003 14.5405006 -27.2999973
v -28.9639988 -0.701997399 -59.078495
v -42.7894974 -0.701998651 -30.9074974
v -42.7894974 -0.701998651 -30.9074974
v -29.8999996 14.5404997 12.6749992
v -22.5550003 14.5405006 -27.2999973
v -29.8999996 14.5404997 12.6749992
v -42.7894974 -0.701998651 -30.9074974
v -53.4235001 -0.702000499 11.7714996
v -53.4235001 -0.702000499 11.7714996
v -54.5999947 14.5404978 37.0499992
v -29.8999996 14.5404997 12.6749992
v -54.5999947 14.5404978 37.0499992
v -53.4235001 -0.702000499 11.7714996
v -78.6499939 -0.702001691 37.9145012
v -78.6499939 -0.702001691 37.9145012
v -45.1749992 14.5404968 66.9499969
v -54.5999947 14.5404978 37.0499992
v -45.1749992 14.5404968 66.9499969
v -78.6499939 -0.702001691 37.9145012
v -63.1929932 -0.702004015 91.5199966
v 37.0499954 -12.798502 52.6499977
v 33.7349968 -5.5575037 91.3184967
v 37.0499954 -9.54850388 91.6499939
v 33.7349968 -5.5575037 91.3184967
v 37.0499954 -12.798502 52.6499977
v 33.4489975 -8.4630022 52.2859993
v -33.7349968 -5.5575037 91.3184967
v -35.5615005 -12.8440018 57.7004967
v -37.0499954 -9.54850388 91.6499939
v -35.5615005 -12.8440018 57.7004967
v -33.7349968 -5.5575037 91.3184967
v -31.9669991 -8.50850201 57.3364983
v -14.8849993 14.4624996 -3.24999905
v 14.8849993 23.7250004 -3.24999881
v 14.8849993 14.4624996 -3.24999905
v 14.8849993 23.7250004 -3.24999881
v -14.8849993 14.4624996 -3.24999905
v -14.8849993 23.7250004 -3.24999881
v -72.1500015 5.94099998 -1.94999969
v -62.5365028 15.6389999 0.533000648
v -67.5999908 17.4589996 -1.94999909
v -62.5365028 15.6389999 0.533000648
v -72.1500015 5.94099998 -1.94999969
v -51.1094971 -1.75500023 7.7154994
v -51.1094971 -1.75500023 7.7154994
v -42.1459999 3.99099922 11.043499
v -62.5365028 15.6389999 0.533000648
v 30.7385006 -8.48250294 81.9454956
v 15.9379988 1.67049563 97.7535019
v 19.2334976 -17.2445049 101.880989
v 15.9379988 1.67049563 97.7535019
v 30.7385006 -8.48250294 81.9454956
v 27.7875004 6.22049665 77.2979965
v -19.2334976 -17.2445049 101.880989
v 15.9379988 1.67049563 97.7535019
v -15.9379988 1.67049563 97.7535019
v 15.9379988 1.67049563 97.7535019
v -19.2334976 -17.2445049 101.880989
v 19.2334976 -17.2445049 101.880989
v -62.5365028 15.6389999 0.533000648
v -44.9539986 9.32100105 -35.5680008
v -67.5999908 17.4589996 -1.94999909
v -67.5999908 17.4589996 -1.94999909
v -44.9539986 9.32100105 -35.5680008
v -33.1499977 5.10900354 -89.0499954
v 0 -6.85099745 -60.1184959
v -33.1499977 5.10900354 -89.0499954
v -44.9539986 9.32100105 -35.5680008
v -33.1499977 5.10900354 -89.0499954
v 0 -6.85099745 -60.1184959
v 0 -6.85099506 -107.25
v 0 -6.85099745 -60.1184959
v 33.1499977 5.10900354 -89.0499954
v 0 -6.85099506 -107.25
v 33.1499977 5.10900354 -89.0499954
v 0 -6.85099745 -60.1184959
v 44.9539986 9.32100105 -35.5680008
v 44.9539986 9.32100105 -35.5680008
v 67.5999908 17.4589996 -1.94999909
v 33.1499977 5.10900354 -89.0499954
v 44.9539986 9.32100105 -35.5680008
v 62.5365028 15.6389999 0.533000648
v 67.5999908 17.4589996 -1.94999909
v -92.6575012 15.0084991 30.0625
v -38.0249977 15.0084991 14.9499998
v -87.75 15.0084991 14.9499998
v -92.6575012 15.0084991 30.0625
v -38.0249977 15.0084972 43.5499992
v -38.0249977 15.0084991 14.9499998
v -90.6100006 15.0084972 43.5499992
v -38.0249977 15.0084972 43.5499992
v -92.6575012 15.0084991 30.0625
v -38.0249977 -6.55850029 14.9499998
v -92.6575012 -6.55850077 30.0625
v -87.75 -6.55850029 14.9499998
v -92.6575012 -6.55850077 30.0625
v -38.0249977 -6.55850029 14.9499998
v -38.0249977 -6.55850172 43.5499992
v -38.0249977 -6.55850172 43.5499992
v -90.6100006 -6.55850172 43.5499992
v -92.6575012 -6.55850077 30.0625
v 38.0249977 15.0084991 14.9499998
v 92.6575012 15.0084991 30.0625
v 87.75 15.0084991 14.9499998
v 38.0249977 15.0084972 43.5499992
v 92.6575012 15.0084991 30.0625
v 38.0249977 15.0084991 14.9499998
v 38.0249977 15.0084972 43.5499992
v 90.6100006 15.0084972 43.5499992
v 92.6575012 15.0084991 30.0625
v 92.6575012 -6.55850077 30.0625
v 38.0249977 -6.55850029 14.9499998
v 87.75 -6.55850029 14.9499998
v 38.0249977 -6.55850029 14.9499998
v 92.6575012 -6.55850077 30.0625
v 38.0249977 -6.55850172 43.5499992
v 90.6100006 -6.55850172 43.5499992
v 38.0249977 -6.55850172 43.5499992
v 92.6575012 -6.55850077 30.0625
v 9.76299953 -54.5154991 34.911499
v 3.23699999 -54.5154991 34.911499
v 6.5 -54.5154991 34.0339966
v 12.1485004 -54.5154991 37.2969971
v 3.23699999 -54.5154991 34.911499
v 9.76299953 -54.5154991 34.911499
v 3.23699999 -54.5154991 34.911499
v 12.1485004 -54.5154991 37.2969971
v 0.851499915 -54.5154991 37.2969971
v 13.0259991 -54.5154991 40.5599976
v 0.851499915 -54.5154991 37.2969971
v 12.1485004 -54.5154991 37.2969971
v 0.851499915 -54.5154991 37.2969971
v 13.0259991 -54.5154991 40.5599976
v -0.0259999968 -54.5154991 40.5599976
v 13.0259991 -54.5154991 40.5599976
v 0.851499915 -54.5154991 43.8229942
v -0.0259999968 -54.5154991 40.5599976
v 0.851499915 -54.5154991 43.8229942
v 13.0259991 -54.5154991 40.5599976
v 12.1485004 -54.5154991 43.8229942
v 12.1485004 -54.5154991 43.8229942
v 3.23699999 -54.5154991 46.2084961
v 0.851499915 -54.5154991 43.8229942
v 3.23699999 -54.5154991 46.2084961
v 12.1485004 -54.5154991 43.8229942
v 9.76299953 -54.5154991 46.2084961
v 9.76299953 -54.5154991 46.2084961
v 6.5 -54.5154991 47.0859947
v 3.23699999 -54.5154991 46.2084961
v -10.6014996 -50.9599991 29.4839954
v -10.789999 -50.9599991 29.0224972
v -10.6014996 -50.9599991 28.560997
v -10.6014996 -50.9599991 28.560997
v -10.1399994 -50.9599991 29.6724968
v -10.6014996 -50.9599991 29.4839954
v -10.1399994 -50.9599991 29.6724968
v -10.6014996 -50.9599991 28.560997
v -10.1399994 -50.9599991 28.3724957
v -9.67850018 -50.9599991 28.560997
v -10.1399994 -50.9599991 29.6724968
v -10.1399994 -50.9599991 28.3724957
v -10.1399994 -50.9599991 29.6724968
v -9.67850018 -50.9599991 28.560997
v -9.67850018 -50.9599991 29.4839954
v -9.67850018 -50.9599991 28.560997
v -9.48999977 -50.9599991 29.0224972
v -9.67850018 -50.9599991 29.4839954
v -9.67850018 -55.7699966 31.6484966
v -9.48999977 -55.7699966 32.1099968
v -9.67850018 -55.7699966 32.5714989
v -10.1399994 -55.7699966 32.7599983
v -9.67850018 -55.7699966 31.6484966
v -9.67850018 -55.7699966 32.5714989
v -9.67850018 -55.7699966 31.6484966
v -10.1399994 -55.7699966 32.7599983
v -10.1399994 -55.7699966 31.4599953
v -10.1399994 -55.7699966 32.7599983
v -10.6014996 -55.7699966 31.6484966
v -10.1399994 -55.7699966 31.4599953
v -10.6014996 -55.7699966 31.6484966
v -10.1399994 -55.7699966 32.7599983
v -10.6014996 -55.7699966 32.5714989
v -10.6014996 -55.7699966 32.5714989
v -10.789999 -55.7699966 32.1099968
v -10.6014996 -55.7699966 31.6484966
v -10.458499 -66.1699982 44.1284943
v -10.2700005 -66.1699982 44.5899925
v -10.458499 -66.1699982 45.0514946
v -10.458499 -66.1699982 45.0514946
v -10.9199991 -66.1699982 43.9399948
v -10.458499 -66.1699982 44.1284943
v -10.9199991 -66.1699982 43.9399948
v -10.458499 -66.1699982 45.0514946
v -10.9199991 -66.1699982 45.239994
v -11.3814993 -66.1699982 45.0514946
v -10.9199991 -66.1699982 43.9399948
v -10.9199991 -66.1699982 45.239994
v -10.9199991 -66.1699982 43.9399948
v -11.3814993 -66.1699982 45.0514946
v -11.3814993 -66.1699982 44.1284943
v -11.3814993 -66.1699982 45.0514946
v -11.5699997 -66.1699982 44.5899925
v -11.3814993 -66.1699982 44.1284943
v -90.0184937 20.1499977 31.8434982
v -45.5194969 36.0360031 -17.0949974
v -70.3624954 35.7629967 29.7049999
v -45.5194969 36.0360031 -17.0949974
v -90.0184937 20.1499977 31.8434982
v -59.8715019 20.3970013 -29.0159969
v -90.0184937 -11.0500011 31.8434982
v -59.8715019 20.3970013 -29.0159969
v -90.0184937 20.1499977 31.8434982
v -59.8715019 20.3970013 -29.0159969
v -90.0184937 -11.0500011 31.8434982
v -59.8715019 -11.296999 -29.0160007
v -90.0184937 -11.0500011 31.8434982
v -45.5194969 -26.935997 -17.0950012
v -59.8715019 -11.296999 -29.0160007
v -45.5194969 -26.935997 -17.0950012
v -90.0184937 -11.0500011 31.8434982
v -70.3624954 -26.6630001 29.7049961
v -90.0184937 -11.0500011 31.8434982
v -57.0180016 -26.7605038 70.9539948
v -70.3624954 -26.6630001 29.7049961
v -57.0180016 35.8604965 70.9539948
v -90.0184937 20.1499977 31.8434982
v -70.3624954 35.7629967 29.7049999
v -90.0184937 20.1499977 31.8434982
v -57.0180016 35.8604965 70.9539948
v -74.4574966 20.1499958 80.6259918
v -74.4574966 -11.0500031 80.6259918
v -90.0184937 20.1499977 31.8434982
v -74.4574966 20.1499958 80.6259918
v -90.0184937 20.1499977 31.8434982
v -74.4574966 -11.0500031 80.6259918
v -90.0184937 -11.0500011 31.8434982
v -57.0180016 -26.7605038 70.9539948
v -90.0184937 -11.0500011 31.8434982
v -74.4574966 -11.0500031 80.6259918
v 90.0184937 -11.0500011 31.8434982
v 59.8715019 20.3970013 -29.0159969
v 59.8715019 -11.296999 -29.0160007
v 59.8715019 20.3970013 -29.0159969
v 90.0184937 -11.0500011 31.8434982
v 90.0184937 20.1499977 31.8434982
v 90.0184937 20.1499977 31.8434982
v 45.5194969 36.0360031 -17.0949974
v 59.8715019 20.3970013 -29.0159969
v 45.5194969 36.0360031 -17.0949974
v 90.0184937 20.1499977 31.8434982
v 70.3624954 35.7629967 29.7049999
v 90.0184937 20.1499977 31.8434982
v 57.0180016 35.8604965 70.9539948
v 70.3624954 35.7629967 29.7049999
v 57.0180016 35.8604965 70.9539948
v 90.0184937 20.1499977 31.8434982
v 74.4574966 20.1499958 80.6259918
v 90.0184937 20.1499977 31.8434982
v 74.4574966 -11.0500031 80.6259918
v 74.4574966 20.1499958 80.6259918
v 45.5194969 -26.935997 -17.0950012
v 90.0184937 -11.0500011 31.8434982
v 59.8715019 -11.296999 -29.0160007
v 90.0184937 -11.0500011 31.8434982
v 45.5194969 -26.935997 -17.0950012
v 70.3624954 -26.6630001 29.7049961
v 57.0180016 -26.7605038 70.9539948
v 90.0184937 -11.0500011 31.8434982
v 70.3624954 -26.6630001 29.7049961
v 90.0184937 -11.0500011 31.8434982
v 57.0180016 -26.7605038 70.9539948
v 74.4574966 -11.0500031 80.6259918
v 74.4574966 -11.0500031 80.6259918
v 90.0184937 20.1499977 31.8434982
v 90.0184937 -11.0500011 31.8434982

# 491 UV coordinates
vt 0.557500005 0.3741 0
vt 0.625699997 0.410600007 0
vt 0.625699997 0.383399993 0
vt 0.557500005 0.4199 0
vt 0.508099973 0.398099989 0
vt 0.508099973 0.388700008 0
vt 0.252499998 0.157900006 0
vt 0.241799995 0.119000003 0
vt 0.254700005 0.105400003 0
vt 0.240899995 0.156200007 0
vt 0.243200004 0.192599997 0
vt 0.231399998 0.189500004 0
vt 0.2324 0.100599997 0
vt 0.1734 0.118900001 0
vt 0.1734 0.100500003 0
vt 0.232299998 0.119000003 0
vt 0.174099997 0.156100005 0
vt 0.231399998 0.156200007 0
vt 0.221900001 0.189500004 0
vt 0.183400005 0.189400002 0
vt 0.874599993 0.4199 0
vt 0.907599986 0.388799995 0
vt 0.907599986 0.398200005 0
vt 0.874599993 0.374199986 0
vt 0.812099993 0.410600007 0
vt 0.812099993 0.383399993 0
vt 0.256799996 0.308999985 0
vt 0.374900013 0.176300004 0
vt 0.312599987 0.333299994 0
vt 0.348699987 0.0921000019 0
vt 0.449000001 0.165999994 0
vt 0.449000001 0.0467999987 0
vt 0.549300015 0.0921000019 0
vt 0.523000002 0.176300004 0
vt 0.641099989 0.308999985 0
vt 0.585300028 0.333299994 0
vt 0.345200002 0.0412999988 0
vt 0.240799993 0.0421999991 0
vt 0.250499994 0.0127999997 0
vt 0.345800012 0.0751999989 0
vt 0.449600011 0.0383000001 0
vt 0.438899994 0.00939999986 0
vt 0.799399972 0.629499972 0
vt 0.854099989 0.593400002 0
vt 0.813000023 0.638100028 0
vt 0.84859997 0.577099979 0
vt 0.933300018 0.595399976 0
vt 0.939599991 0.579400003 0
vt 0.986100018 0.634199977 0
vt 0.972100019 0.642099977 0
vt 0.657100022 0.710200012 0
vt 0.765100002 0.694000006 0
vt 0.66170001 0.725600004 0
vt 0.763300002 0.6778 0
vt 0.897800028 0.684899986 0
vt 0.897199988 0.700999975 0
vt 0.855099976 0.725000024 0
vt 0.746299982 0.735400021 0
vt 0.747099996 0.719299972 0
vt 0.857299984 0.74119997 0
vt 0.986000001 0.701699972 0
vt 0.98150003 0.68629998 0
vt 0.67750001 0.826099992 0
vt 0.833100021 0.756900012 0
vt 0.692099988 0.754499972 0
vt 0.845300019 0.828299999 0
vt 0.976400018 0.819100022 0
vt 0.951900005 0.745100021 0
vt 0.678300023 0.922200024 0
vt 0.84859997 0.913500011 0
vt 0.976800025 0.91869998 0
vt 0.83829999 0.985400021 0
vt 0.955900013 0.993300021 0
vt 0.69630003 0.993300021 0
vt 0.854099989 0.593500018 0
vt 0.812900007 0.638100028 0
vt 0.84859997 0.577300012 0
vt 0.933200002 0.595499992 0
vt 0.939499974 0.579599977 0
vt 0.855099976 0.724799991 0
vt 0.857299984 0.740999997 0
vt 0.163499996 0.799799979 0
vt 0.432999998 0.871699989 0
vt 0.118699998 0.871699989 0
vt 0.388200015 0.799799979 0
vt 0.41170001 0.725399971 0
vt 0.140100002 0.725399971 0
vt 0.201499999 0.664799988 0
vt 0.350199997 0.664799988 0
vt 0.219799995 0.565299988 0
vt 0.331999987 0.565400004 0
vt 0.256599993 0.479600012 0
vt 0.295399994 0.479699999 0
vt 0.173199996 0.0518000014 0
vt 0.0450000018 0.0132999998 0
vt 0.1611 0.0132999998 0
vt 0.0328000002 0.0516999997 0
vt 0.141399994 0.0830999985 0
vt 0.0645999983 0.0829999968 0
vt 0.131899998 0.134399995 0
vt 0.074000001 0.134399995 0
vt 0.112999998 0.1787 0
vt 0.0929000005 0.1787 0
vt 0.0326000005 0.252099991 0
vt 0.0449000001 0.254700005 0
vt 0.0412999988 0.25909999 0
vt 0.0364000015 0.247999996 0
vt 0.0454000011 0.237900004 0
vt 0.0518999994 0.242799997 0
vt 0.0247000009 0.243799999 0
vt 0.0291000009 0.2403 0
vt 0.0397000015 0.231800005 0
vt 0.0183000006 0.234200001 0
vt 0.0231999997 0.231399998 0
vt 0.0351000018 0.224800006 0
vt 0.0136000002 0.2236 0
vt 0.0188999996 0.221699998 0
vt 0.0318000019 0.217199996 0
vt 0.0107000005 0.212400004 0
vt 0.0163000003 0.211400002 0
vt 0.0296999998 0.209199995 0
vt 0.00970000029 0.200900003 0
vt 0.0153999999 0.200900003 0
vt 0.0289999992 0.200900003 0
vt 0.0107000005 0.189400002 0
vt 0.0163000003 0.190300003 0
vt 0.0296999998 0.192599997 0
vt 0.0136000002 0.178200006 0
vt 0.0188999996 0.180000007 0
vt 0.0318000019 0.184499994 0
vt 0.0183000006 0.167600006 0
vt 0.0231999997 0.170300007 0
vt 0.0351999998 0.176899999 0
vt 0.0247000009 0.158000007 0
vt 0.0291000009 0.161500007 0
vt 0.0397999994 0.170000002 0
vt 0.0324999988 0.149599999 0
vt 0.0364000015 0.153699994 0
vt 0.0454999991 0.163900003 0
vt 0.0412000008 0.1426 0
vt 0.0449000001 0.147100002 0
vt 0.0520000011 0.158899993 0
vt 0.918099999 0.0222999994 0
vt 0.995299995 0.00600000005 0
vt 0.995199978 0.0322000012 0
vt 0.918099999 0.00590000022 0
vt 0.885999978 0.0222999994 0
vt 0.886099994 0.00590000022 0
vt 0.862999976 0.0222999994 0
vt 0.862999976 0.00579999993 0
vt 0.835300028 0.00579999993 0
vt 0.835200012 0.0221999995 0
vt 0.806999981 0.00579999993 0
vt 0.806999981 0.0221999995 0
vt 0.766099989 0.0057000001 0
vt 0.766099989 0.0220999997 0
vt 0.737999976 0.0057000001 0
vt 0.737999976 0.0220999997 0
vt 0.710200012 0.0055999998 0
vt 0.710200012 0.0219999999 0
vt 0.68720001 0.0055999998 0
vt 0.68720001 0.0219999999 0
vt 0.655099988 0.0219000001 0
vt 0.655200005 0.00549999997 0
vt 0.578000009 0.00529999984 0
vt 0.577899992 0.0315999985 0
vt 0.870700002 0.121299997 0
vt 0.810800016 0.199699998 0
vt 0.770900011 0.159899995 0
vt 0.870700002 0.176499993 0
vt 0.930499971 0.199699998 0
vt 0.970399976 0.159899995 0
vt 0.394899994 0.205300003 0
vt 0.424899995 0.211799994 0
vt 0.397100002 0.225400001 0
vt 0.420599997 0.186900005 0
vt 0.0546000004 0.729300022 0
vt 0.142399997 0.806800008 0
vt 0.0812999979 0.86619997 0
vt 0.125799999 0.730199993 0
vt 0.110799998 0.657899976 0
vt 0.180700004 0.662999988 0
vt 0.137600005 0.551199973 0
vt 0.200399995 0.563300014 0
vt 0.169100001 0.479400009 0
vt 0.234599993 0.476099998 0
vt 0.378699988 0.29339999 0
vt 0.44749999 0.295399994 0
vt 0.370200008 0.327899992 0
vt 0.44749999 0.268999994 0
vt 0.516200006 0.293500006 0
vt 0.524600029 0.328000009 0
vt 0.377900004 0.291099995 0
vt 0.44749999 0.266499996 0
vt 0.51700002 0.291299999 0
vt 0.548799992 0.302700013 0
vt 0.544099987 0.315899998 0
vt 0.346100003 0.30250001 0
vt 0.350800008 0.315699995 0
vt 0.422199994 0.552900016 0
vt 0.382099986 0.647700012 0
vt 0.372099996 0.56309998 0
vt 0.437400013 0.677900016 0
vt 0.542900026 0.677600026 0
vt 0.557600021 0.552600026 0
vt 0.598100007 0.647199988 0
vt 0.612200022 0.550599992 0
vt 0.458999991 0.506200016 0
vt 0.478799999 0.45660001 0
vt 0.485900015 0.506399989 0
vt 0.452600002 0.441700011 0
vt 0.397599995 0.506299973 0
vt 0.403899997 0.441799998 0
vt 0.377700001 0.456699997 0
vt 0.372900009 0.50029999 0
vt 0.161899999 0.118900001 0
vt 0.150999993 0.157700002 0
vt 0.149000004 0.1052 0
vt 0.162599996 0.156100005 0
vt 0.171900004 0.189400002 0
vt 0.160099998 0.192499995 0
vt 0.792400002 0.529600024 0
vt 0.688300014 0.506500006 0
vt 0.793200016 0.524800003 0
vt 0.687399983 0.511300027 0
vt 0.794700027 0.547999978 0
vt 0.675999999 0.535300016 0
vt 0.771399975 0.570800006 0
vt 0.675400019 0.57069999 0
vt 0.627200007 0.494599998 0
vt 0.812399983 0.425900012 0
vt 0.857500017 0.470200002 0
vt 0.626100004 0.425799996 0
vt 0.70450002 0.349400014 0
vt 0.701699972 0.314900011 0
vt 0.717100024 0.341600001 0
vt 0.649699986 0.346500009 0
vt 0.645200014 0.373899996 0
vt 0.560800016 0.0882999972 0
vt 0.693099976 0.285400003 0
vt 0.665600002 0.299499989 0
vt 0.58829999 0.0742999986 0
vt 0.754100025 0.649399996 0
vt 0.700299978 0.606899977 0
vt 0.714699984 0.599699974 0
vt 0.747399986 0.665400028 0
vt 0.838400006 0.666499972 0
vt 0.832099974 0.650399983 0
vt 0.886900008 0.609200001 0
vt 0.872699976 0.601700008 0
vt 0.833100021 0.756600022 0
vt 0.677200019 0.826099992 0
vt 0.691799998 0.754299998 0
vt 0.845300019 0.828199983 0
vt 0.677999973 0.922299981 0
vt 0.84859997 0.913600028 0
vt 0.83829999 0.985599995 0
vt 0.696099997 0.993499994 0
vt 0.976700008 0.819000006 0
vt 0.977100015 0.918799996 0
vt 0.956200004 0.993499994 0
vt 0.952099979 0.744799972 0
vt 0.981000006 0.434100002 0
vt 0.917100012 0.406399995 0
vt 0.981000006 0.406399995 0
vt 0.917100012 0.434100002 0
vt 0.765200019 0.694199979 0
vt 0.763300002 0.677999973 0
vt 0.754199982 0.649200022 0
vt 0.747399986 0.665199995 0
vt 0.83829999 0.666299999 0
vt 0.832000017 0.650099993 0
vt 0.872699976 0.601599991 0
vt 0.203999996 0.452399999 0
vt 0.255699992 0.384299994 0
vt 0.256399989 0.413199991 0
vt 0.2016 0.34740001 0
vt 0.162699997 0.34830001 0
vt 0.165099993 0.453299999 0
vt 0.111000001 0.416500002 0
vt 0.110399999 0.387600005 0
vt 0.150099993 0.989600003 0
vt 0.42050001 0.917500019 0
vt 0.375499994 0.989700019 0
vt 0.1052 0.917400002 0
vt 0.1052 0.888499975 0
vt 0.42050001 0.888599992 0
vt 0.9727 0.273900002 0
vt 0.926900029 0.213599995 0
vt 0.979099989 0.195800006 0
vt 0.922399998 0.273400009 0
vt 0.814499974 0.212799996 0
vt 0.870899975 0.184 0
vt 0.962499976 0.306800008 0
vt 0.915799975 0.289000005 0
vt 0.818400025 0.273299992 0
vt 0.76819998 0.273099989 0
vt 0.762300014 0.194800004 0
vt 0.9472 0.326700002 0
vt 0.9023 0.298400015 0
vt 0.838400006 0.298400015 0
vt 0.824899971 0.288899988 0
vt 0.777999997 0.306199998 0
vt 0.921999991 0.343300015 0
vt 0.892199993 0.351599991 0
vt 0.886699975 0.301899999 0
vt 0.853999972 0.301899999 0
vt 0.84799999 0.350199997 0
vt 0.818300009 0.342900008 0
vt 0.793200016 0.326200008 0
vt 0.871500015 0.079400003 0
vt 0.767099977 0.105899997 0
vt 0.76700002 0.0797000006 0
vt 0.871500015 0.105599999 0
vt 0.975899994 0.0791999996 0
vt 0.976000011 0.105400003 0
vt 0.520099998 0.481299996 0
vt 0.488200009 0.517799973 0
vt 0.510699987 0.470800012 0
vt 0.496499985 0.530600011 0
vt 0.368699998 0.520799994 0
vt 0.361099988 0.533999979 0
vt 0.337500006 0.488700002 0
vt 0.345800012 0.477299988 0
vt 0.328900009 0.454299986 0
vt 0.381599993 0.425500005 0
vt 0.337500006 0.463999987 0
vt 0.376100004 0.412600011 0
vt 0.476200014 0.425000012 0
vt 0.481599987 0.412 0
vt 0.529200017 0.453299999 0
vt 0.520699978 0.463099986 0
vt 0.0720999986 0.506699979 0
vt 0.0921000019 0.508000016 0
vt 0.0720999986 0.508000016 0
vt 0.0921000019 0.506699979 0
vt 0.0720999986 0.505500019 0
vt 0.0921000019 0.505500019 0
vt 0.0720999986 0.504199982 0
vt 0.0921000019 0.504199982 0
vt 0.0921000019 0.503000021 0
vt 0.0720999986 0.503000021 0
vt 0.0720999986 0.501800001 0
vt 0.0921000019 0.501800001 0
vt 0.0720999986 0.500500023 0
vt 0.0921000019 0.500500023 0
vt 0.0921000019 0.499300003 0
vt 0.0720999986 0.499300003 0
vt 0.0720999986 0.497999996 0
vt 0.0921000019 0.497999996 0
vt 0.0498000011 0.479200006 0
vt 0.0957000032 0.480500013 0
vt 0.0498000011 0.480500013 0
vt 0.0957000032 0.479200006 0
vt 0.0498000011 0.477999985 0
vt 0.0957000032 0.477999985 0
vt 0.0498000011 0.476700008 0
vt 0.0957000032 0.476700008 0
vt 0.0498000011 0.475499988 0
vt 0.0957000032 0.475499988 0
vt 0.0498000011 0.474299997 0
vt 0.0957000032 0.474299997 0
vt 0.0498000011 0.47299999 0
vt 0.0957000032 0.47299999 0
vt 0.0498000011 0.471799999 0
vt 0.0957000032 0.471799999 0
vt 0.0957000032 0.470499992 0
vt 0.0498000011 0.470499992 0
vt 0.0507999994 0.507799983 0
vt 0.0588000007 0.506600022 0
vt 0.0588000007 0.507799983 0
vt 0.0507999994 0.506600022 0
vt 0.0507999994 0.505299985 0
vt 0.0588000007 0.505299985 0
vt 0.0507999994 0.504100025 0
vt 0.0588000007 0.504100025 0
vt 0.0507999994 0.502799988 0
vt 0.0588000007 0.502799988 0
vt 0.0507999994 0.501600027 0
vt 0.0588000007 0.501600027 0
vt 0.0507999994 0.50029999 0
vt 0.0588000007 0.50029999 0
vt 0.0588000007 0.4991 0
vt 0.0507999994 0.4991 0
vt 0.0588000007 0.497900009 0
vt 0.0507999994 0.497900009 0
vt 0.215700001 0.293099999 0
vt 0.342099994 0.0922000036 0
vt 0.243599996 0.306400001 0
vt 0.314200014 0.0789000019 0
vt 0.921500027 0.393900007 0
vt 0.989099979 0.3662 0
vt 0.989099979 0.393900007 0
vt 0.921500027 0.3662 0
vt 0.491699994 0.245100006 0
vt 0.435400009 0.2183 0
vt 0.476399988 0.218199998 0
vt 0.420300007 0.245299995 0
vt 0.0432999991 0.558899999 0
vt 0.0143999998 0.637199998 0
vt 0.0143999998 0.558899999 0
vt 0.0432999991 0.637199998 0
vt 0.0143999998 0.746900022 0
vt 0.0432999991 0.746900022 0
vt 0.0143999998 0.837499976 0
vt 0.0432999991 0.837499976 0
vt 0.0143999998 0.976700008 0
vt 0.0432999991 0.976700008 0
vt 0.622099996 0.551299989 0
vt 0.617299974 0.649600029 0
vt 0.604600012 0.647300005 0
vt 0.635999978 0.553799987 0
vt 0.364899993 0.649699986 0
vt 0.363599986 0.563799977 0
vt 0.377700001 0.647800028 0
vt 0.349700004 0.565900028 0
vt 0.183400005 0.214399993 0
vt 0.221900001 0.202500001 0
vt 0.221900001 0.214499995 0
vt 0.183400005 0.202399999 0
vt 0.281300008 0.340799987 0
vt 0.279300004 0.37529999 0
vt 0.266499996 0.367900014 0
vt 0.333999991 0.371100008 0
vt 0.33919999 0.398499995 0
vt 0.431100011 0.186900005 0
vt 0.476399988 0.211700007 0
vt 0.435400009 0.211799994 0
vt 0.480500013 0.186800003 0
vt 0.215800002 0.338800013 0
vt 0.171399996 0.311300009 0
vt 0.220100001 0.332500011 0
vt 0.122400001 0.260500014 0
vt 0.102499999 0.315600008 0
vt 0.0715000033 0.263599992 0
vt 0.0445999987 0.306899995 0
vt 0.0658999979 0.3741 0
vt 0.0615000017 0.427100003 0
vt 0.0691 0.426299989 0
vt 0.910899997 0.462399989 0
vt 0.981100023 0.48179999 0
vt 0.917200029 0.48179999 0
vt 0.981100023 0.444999993 0
vt 0.913500011 0.444999993 0
vt 0.987100005 0.491299987 0
vt 0.850799978 0.528999984 0
vt 0.862999976 0.491299987 0
vt 0.987100005 0.562600017 0
vt 0.85589999 0.562600017 0
vt 0.0711999983 0.187099993 0
vt 0.0557000004 0.187099993 0
vt 0.0634000003 0.185000002 0
vt 0.0768999979 0.1928 0
vt 0.0500000007 0.1928 0
vt 0.0790000036 0.200499997 0
vt 0.0478999987 0.200499997 0
vt 0.0500000007 0.208299994 0
vt 0.0768999979 0.208299994 0
vt 0.0557000004 0.214000002 0
vt 0.0711999983 0.214000002 0
vt 0.0634000003 0.216100007 0
vt 0.060899999 0.500699997 0
vt 0.0617999993 0.501600027 0
vt 0.0617999993 0.502799988 0
vt 0.059700001 0.500699997 0
vt 0.060899999 0.503700018 0
vt 0.059700001 0.503700018 0
vt 0.0930000022 0.503899992 0
vt 0.0930000022 0.500899971 0
vt 0.0942000002 0.503899992 0
vt 0.0951000005 0.503000021 0
vt 0.0942000002 0.500899971 0
vt 0.0951000005 0.501800001 0
vt 0.0966000035 0.476399988 0
vt 0.0978000015 0.476399988 0
vt 0.0966000035 0.473399997 0
vt 0.0978000015 0.473399997 0
vt 0.0987000018 0.475499988 0
vt 0.0987000018 0.474299997 0
vt 0.501999974 0.815299988 0
vt 0.43779999 0.965799987 0
vt 0.444799989 0.828499973 0
vt 0.499599993 0.980400026 0
vt 0.576200008 0.815599978 0
vt 0.581900001 0.978799999 0
vt 0.643400013 0.96329999 0
vt 0.633700013 0.827099979 0
vt 0.645399988 0.709100008 0
vt 0.430200011 0.711899996 0
vt 0.495900005 0.693599999 0
vt 0.579400003 0.691699982 0

# 415 vertex normals
vn 0.219407454 -4.26462812e-08 0.975633323
vn 0.789169073 -2.68464841e-08 0.614175975
vn 0.999973238 -3.19084592e-10 0.00729980506
vn 0 -4.37113883e-08 1
vn 0.995265186 4.24859792e-09 -0.0971965939
vn 1 0 0
vn 0.980921447 8.49768078e-09 -0.194404274
vn 0.957362652 1.26277264e-08 -0.288888723
vn 0 0.756822944 0.653619885
vn 0 0.887193918 0.461396873
vn 0 0.973023593 0.230705634
vn 0 1 4.37113883e-08
vn 0.295301318 4.17620498e-08 -0.955404222
vn 0.568903148 3.5948446e-08 -0.822404563
vn -0.0399999879 4.36764047e-08 -0.999199688
vn -0.665604353 3.26220224e-08 -0.74630481
vn -0.999973238 -3.19084592e-10 0.00729980506
vn -0.789169073 -2.68464841e-08 0.614175975
vn -0.343901008 -0.939002812 -0.00240004831
vn -0.34499979 -0.938599467 -0.00250003953
vn -0.342890501 -0.939374149 -0.00149999955
vn -0.346899927 -0.937900007 -0.00200004107
vn 0 -0.999998987 -0.00140004209
vn 0 -1 -4.37113883e-08
vn 0.346899927 -0.937900007 -0.00200004107
vn 0.34499979 -0.938599467 -0.00250003953
vn 0.343901008 -0.939002812 -0.00240004831
vn 0.342890501 -0.939374149 -0.00149999955
vn 0 0.0938983262 -0.995581686
vn -0.432401597 0.0846003592 -0.897703469
vn -0.426916152 0.16860643 -0.888433754
vn 0 4.37113883e-08 -1
vn 0.432401597 0.0846003592 -0.897703469
vn 0.426916152 0.16860643 -0.888433754
vn 0.532302439 -0.126800552 -0.837003887
vn 0.503203869 -0.0847006217 -0.86000669
vn 0.575298607 -0.091599755 -0.812798202
vn 0.457487166 -0.0539984517 -0.88757515
vn 0.488012969 0.0635017306 -0.870523214
vn 0.465588301 0.0810980126 -0.881277919
vn 0.532302439 0.126800627 -0.837003887
vn 0.575298667 0.0915998369 -0.812798202
vn 0.856093109 -0.437396467 -0.275297791
vn 0.873466253 -0.481381446 0.0729971603
vn 0.848009706 -0.452805191 -0.275403231
vn 0.888211191 -0.453205824 0.0754009485
vn 0.782801926 -0.465901226 0.412501007
vn 0.762282073 -0.502788246 0.407590389
vn 0.873466253 0.481381446 0.072997205
vn 0.856093049 0.437396497 -0.275297731
vn 0.848009706 0.452805191 -0.275403172
vn 0.888211191 0.453205824 0.0754009858
vn 0.782801926 0.465901166 0.412501067
vn 0.762282073 0.502788186 0.407590449
vn 0.756410301 -0.534307301 -0.37730515
vn 0.62149334 -0.781291723 -0.0576994233
vn 0.585689962 -0.751287282 -0.304194868
vn 0.923098981 -0.349099636 -0.161299855
vn 0.862353742 -0.427726746 0.270916909
vn 0.602293134 -0.774891317 0.191797823
vn 0.818888962 0.405094594 -0.406594545
vn 0.936910987 0.349404126 0.010700142
vn 0.788109601 0.563406885 0.247903034
vn 0.62149334 0.781291723 -0.0576993562
vn 0.602293193 0.774891317 0.191797882
vn 0.585690081 0.751287282 -0.304194838
vn -0.503203869 -0.0847006217 -0.86000669
vn -0.532302439 -0.126800552 -0.837003887
vn -0.575298607 -0.091599755 -0.812798202
vn -0.457487166 -0.0539984517 -0.88757515
vn -0.488012969 0.0635017306 -0.870523214
vn -0.465588301 0.0810980126 -0.881277919
vn -0.532302439 0.126800627 -0.837003887
vn -0.575298667 0.0915998369 -0.812798202
vn -0.856093049 0.437396497 -0.275297731
vn -0.873466253 0.481381446 0.072997205
vn -0.848009706 0.452805191 -0.275403172
vn -0.888211191 0.453205824 0.0754009858
vn -0.782801926 0.465901166 0.412501067
vn -0.762282073 0.502788186 0.407590449
vn 0 -0.961701095 0.274100244
vn 0 -0.849757612 0.527173638
vn -0.421390414 -3.96409554e-08 0.906879365
vn -0.254706562 -0.192205012 0.947724521
vn -0.259485751 -4.22141433e-08 0.965746999
vn -0.563891232 -0.197897017 0.801787674
vn -0.388615608 -0.387115657 0.836133659
vn -0.240500465 -0.377100766 0.894401789
vn -0.818008542 -2.51430556e-08 0.575206041
vn -0.888918161 -0.19790408 0.413108468
vn -0.754132152 -0.387216508 0.530422568
vn -0.996013641 -3.89910904e-09 0.0892012343
vn -0.976308584 -0.197901756 -0.0875007883
vn -0.918320358 -0.38720867 0.0822018161
vn -0.906879365 1.84195628e-08 -0.421390444
vn -0.801787555 -0.197896898 -0.563891292
vn -0.83613354 -0.387115598 -0.388615668
vn -0.575205982 3.57562904e-08 -0.818008542
vn -0.413108349 -0.197903991 -0.888918042
vn -0.530422509 -0.387216449 -0.754132092
vn -0.0892012119 4.35371312e-08 -0.996013641
vn 0.0875007659 -0.197901696 -0.976308644
vn -0.0822018236 -0.387208581 -0.918320477
vn 0.421390414 3.96409554e-08 -0.906879365
vn 0.563891232 -0.197896928 -0.801787674
vn 0.388615608 -0.387115568 -0.836133659
vn 0.818008542 2.51430556e-08 -0.575206041
vn 0.888918161 -0.19790405 -0.413108468
vn 0.754132092 -0.387216449 -0.530422568
vn 0.996013641 3.89910904e-09 -0.0892012343
vn 0.976308584 -0.197901756 0.0875007585
vn 0.918320477 -0.387208611 -0.0822018608
vn 0.906879365 -1.84195628e-08 0.421390444
vn 0.801787615 -0.197896972 0.563891292
vn 0.836133659 -0.387115657 0.388615638
vn 0.575205982 -3.57562904e-08 0.818008542
vn 0.413108408 -0.19790408 0.888918161
vn 0.530422509 -0.387216449 0.754132092
vn 0.259485751 -4.22141433e-08 0.965746999
vn 0.25459379 -0.192095369 0.947776973
vn 0.24039714 -0.377195626 0.894389451
vn 0.996599317 -3.6018164e-09 0.0823999569
vn 0.999858797 -7.34321104e-10 0.0167993084
vn 0.988987625 -6.46920517e-09 0.147998169
vn 0.940346897 -1.48713566e-08 0.340217024
vn 0.885849118 -2.02809201e-08 0.463973373
vn 0.699718356 -3.12282431e-08 0.714418828
vn 0.454797387 -3.89291444e-08 0.8905949
vn 0.340899825 -4.10930596e-08 0.940099657
vn 0.142093271 -4.32678533e-08 0.989853144
vn 0.0590971708 -4.36349943e-08 0.998252273
vn -0.0796021298 -4.35726797e-08 0.996826708
vn -0.13539879 -4.33088552e-08 0.990791142
vn -0.319495827 -4.14203711e-08 0.947587669
vn -0.444892049 -3.91472241e-08 0.895584166
vn -0.655014277 -3.30290426e-08 0.755616426
vn -0.741810501 -2.93132736e-08 0.670609474
vn -0.915199935 -1.76156902e-08 0.403000027
vn -0.99333024 -5.0400768e-09 0.115303509
vn -0.999858797 -7.34321104e-10 0.0167993084
vn 0 -0.775207758 -0.631706357
vn -0.315511346 -0.735626519 -0.59942162
vn 0.315511346 -0.735626519 -0.59942162
vn -0.784569561 0.292188615 0.546878695
vn -0.78549397 0.324297518 0.527096093
vn -0.782526612 0.259808809 0.565819263
vn -0.531701386 -0.845202208 -0.0541001782
vn -0.518579781 -0.840567291 0.156593874
vn -0.513322353 -0.845336735 0.148006409
vn -0.516111135 -0.812417567 -0.271305919
vn -0.502627969 -0.784543693 -0.363120258
vn -0.537678123 -0.807767332 -0.241690248
vn -0.558190048 -0.811985552 -0.170597002
vn -0.575211108 -0.790615201 -0.209904119
vn -0.567534745 -0.781147838 -0.260215968
vn -0.586408734 -0.770111442 -0.251103789
vn -0.705311716 -0.461607695 -0.538008988
vn 0 -0.916244507 -0.400619537
vn -0.189300507 -0.913702548 -0.35960108
vn 0 -0.365296543 -0.930891275
vn 0.705311716 -0.461607695 -0.538008988
vn 0.189300507 -0.913702548 -0.35960108
vn -0.66327697 3.27124674e-08 -0.748374104
vn 0.66327697 3.27124674e-08 -0.748374104
vn 0.98020184 8.65487149e-09 -0.198000386
vn -0.98020184 8.65487149e-09 -0.198000386
vn -0.464868039 -0.867140472 0.178787678
vn -0.828899622 -0.547699749 0.11379993
vn -0.911370575 -0.411586761 -1.79910273e-08
vn -0.388313949 -0.89223212 0.230508238
vn 0.256303012 -0.940211177 0.224302605
vn 0.597285628 -0.783281326 0.172395855
vn 0.811962426 -0.568473697 0.132493854
vn 0.887546122 -0.459123939 0.0383019783
vn -0.592780113 0.788573682 -0.163594469
vn -0.807530582 0.577321947 -0.120804563
vn -0.886909842 0.461105138 -0.0278002899
vn -0.25209868 0.942595184 -0.218998834
vn 0.462481767 0.869865775 -0.171593204
vn 0.381796151 0.896991014 -0.222797737
vn 0.826406717 0.553904533 -0.101200797
vn 0.913120866 0.407509297 0.0121002933
vn -0.568903148 3.5948446e-08 -0.822404563
vn -0.129497349 4.33433271e-08 -0.991579831
vn 0.560410261 3.62024366e-08 -0.828215182
vn 0.758903563 2.84649921e-08 -0.651203036
vn -1 0 0
vn -0.989284992 6.38176623e-09 -0.145997807
vn -0.957362652 1.26277264e-08 -0.288888723
vn 0.899670959 0.350188732 0.260691613
vn 0.960494697 -1.21648132e-08 0.278298497
vn 0.650282323 0.733680069 0.197094709
vn 0.176407218 0.98284024 0.0539022535
vn -0.0058997348 0.999955177 -0.00739962514
vn -0.149398968 0.986793339 -0.0625995323
vn -0.120600536 0.990904391 -0.059700232
vn -0.149398968 -0.986793339 -0.0625996217
vn -0.178008378 -0.981846392 -0.0655031353
vn -0.120600536 -0.990904391 -0.0597003102
vn 0.389621735 0.132107317 0.911450803
vn 0.38131237 0.144204646 0.913129687
vn 0.389896035 0.153998405 0.907890677
vn 0.389506102 0.121201865 0.913014352
vn 0.406113297 0.10790351 0.907429814
vn 0.857522309 0.338708878 -0.387210101
vn 0.346295357 -0.053699322 0.936587453
vn 0.391918868 -0.107105203 0.913744032
vn 0.432402134 -0.0732004121 0.898704648
vn 0.325503081 -0.0705007091 0.942909002
vn 0.316808164 0.0470011681 0.947324455
vn 0.361803263 0.0715006217 0.929508507
vn 0.391918868 0.107105121 0.913744032
vn 0.432402134 0.0732003376 0.898704648
vn -0.62149334 -0.781291723 -0.0576994233
vn -0.756410301 -0.534307301 -0.37730515
vn -0.585689962 -0.751287282 -0.304194868
vn -0.923098981 -0.349099636 -0.161299855
vn -0.818888962 0.405094594 -0.406594545
vn -0.936910987 0.349404126 0.010700142
vn -0.62149334 0.781291723 -0.0576993562
vn -0.585690081 0.751287282 -0.304194838
vn -0.862353742 -0.427726746 0.270916909
vn -0.788109601 0.563406885 0.247903034
vn -0.602293193 0.774891317 0.191797882
vn -0.602293134 -0.774891317 0.191797823
vn -0.782801926 -0.465901226 0.412501007
vn -0.873466253 -0.481381446 0.0729971603
vn -0.762282073 -0.502788246 0.407590389
vn -0.888211191 -0.453205824 0.0754009485
vn -0.856093109 -0.437396467 -0.275297791
vn -0.848009706 -0.452805191 -0.275403231
vn -0.391918868 -0.107105203 0.913744032
vn -0.346295357 -0.053699322 0.936587453
vn -0.432402134 -0.0732004121 0.898704648
vn -0.325503081 -0.0705007091 0.942909002
vn -0.316808164 0.0470011681 0.947324455
vn -0.361803263 0.0715006217 0.929508507
vn -0.391918868 0.107105121 0.913744032
vn -0.432402134 0.0732003376 0.898704648
vn 0.0627020225 4.36253771e-08 -0.998032272
vn 0.125203907 4.33674252e-08 -0.992130995
vn -0.0627020225 4.36253771e-08 -0.998032272
vn -0.125203907 4.33674252e-08 -0.992130995
vn 0 0.849757493 0.527173698
vn 0 0.486220151 0.873836279
vn 0.675982177 -0.734380722 0.0610983633
vn 0.36239025 -0.931974947 0.00979969651
vn 0.681204259 -0.732004583 0.0114000402
vn 0.3510952 -0.93338728 0.0742989406
vn -0.289090872 -0.957269847 0.00779971294
vn 0.621405482 -0.737706482 0.263902307
vn 0.239895761 -0.953183293 0.184096709
vn -0.3510952 -0.93338728 0.0742989406
vn -0.675982177 -0.734380722 0.0610983633
vn -0.681204259 -0.732004583 0.0114000402
vn 0.444592893 -0.736788332 0.509391904
vn 0.16319643 -0.912180007 0.375891745
vn -0.16030708 -0.911440372 0.378916711
vn -0.336307645 -0.905720711 0.258005828
vn -0.621405482 -0.737706482 0.263902307
vn 0.268302798 -0.739307761 0.617606461
vn 0.0708028898 -0.735030115 0.674327552
vn 0.0520023853 -0.8778404 0.476121813
vn -0.035398785 -0.898869216 0.436784953
vn -0.0985049531 -0.729236722 0.677134097
vn -0.257686257 -0.739260614 0.622166812
vn -0.444592893 -0.736788332 0.509391904
vn -0.172792658 4.30538911e-08 -0.984958172
vn -0.465717554 3.86816659e-08 -0.884933472
vn 0.172792658 4.30538911e-08 -0.984958172
vn 0.465717554 3.86816659e-08 -0.884933472
vn -0.064298898 -0.229496032 -0.97118336
vn -0.0428990051 -0.243794337 -0.968877733
vn -0.117800675 -0.179901004 -0.976605654
vn -0.00349993305 -0.27379474 -0.96178174
vn -0.0804964229 -0.171692342 -0.981856465
vn -0.115003891 -0.201406777 -0.972733021
vn -0.159895986 -0.0681982487 -0.984775305
vn -0.0906045958 -0.00850038975 -0.995850682
vn -0.458410323 0.421709508 0.782317698
vn -0.315307289 0.37600866 0.871320188
vn -0.449379593 0.437880158 0.778664827
vn -0.160806254 0.311212093 0.936636627
vn 0.237497568 0.34779647 0.906990886
vn 0.242111608 0.339416265 0.908943594
vn 0.458410323 0.421709508 0.782317698
vn 0.449379593 0.437880158 0.778664827
vn -0.798328817 2.63239475e-08 -0.602221787
vn -0.925769806 1.65267373e-08 -0.378087729
vn -0.602221727 3.48960647e-08 -0.798328936
vn -0.134894535 4.33118608e-08 -0.990859866
vn 0.134894535 4.33118608e-08 -0.990859866
vn 0.707106769 3.09086197e-08 -0.707106769
vn 0.965418518 -0.260705024 -1.13957777e-08
vn 0.798328817 -2.63239475e-08 0.602221787
vn 0.489601016 -0.582201242 0.649101317
vn -0.707106769 -3.09086197e-08 0.707106769
vn -0.925769806 -1.65267373e-08 0.378087729
vn 0.602221727 3.48960647e-08 -0.798328936
vn 0.798328817 2.63239475e-08 -0.602221787
vn 0.990859866 5.89642779e-09 -0.13489455
vn 0.933240712 -0.336014688 0.127105549
vn 0.41039139 -0.731884718 0.543988705
vn 0.134894535 -4.33118608e-08 0.990859866
vn -0.134894535 -4.33118608e-08 0.990859866
vn -0.707106769 3.09086197e-08 -0.707106769
vn -0.602221727 -3.48960647e-08 0.798328936
vn -0.798328817 -2.63239475e-08 0.602221787
vn -0.960494697 -1.21648132e-08 0.278298497
vn -0.899670959 0.350188732 0.260691613
vn -0.650282323 0.733680069 0.197094709
vn -0.176407218 0.98284024 0.0539022535
vn 0.0058997348 0.999955177 -0.00739962514
vn 0.149398968 0.986793339 -0.0625995323
vn 0.120600536 0.990904391 -0.059700232
vn 0.149398968 -0.986793339 -0.0625996217
vn 0.178008378 -0.981846392 -0.0655031353
vn 0.120600536 -0.990904391 -0.0597003102
vn -0.219407454 -4.26462812e-08 0.975633323
vn -0.857522309 0.338708878 -0.387210101
vn 0 0.976147056 0.2171105
vn -0.897702754 1.92592999e-08 -0.440601468
vn -0.926533043 1.64448117e-08 -0.376213402
vn -0.950870037 1.35326195e-08 -0.30959025
vn -0.914367378 1.76981096e-08 -0.40488556
vn -0.828215063 2.4496309e-08 -0.560410321
vn -0.907387733 1.83716509e-08 -0.420294374
vn -0.998594463 2.31669084e-09 -0.0529997088
vn -0.960845649 -1.21117409e-08 0.277084321
vn 0.926533043 1.64448117e-08 -0.376213402
vn 0.897702754 1.92592999e-08 -0.440601468
vn 0.950870037 1.35326195e-08 -0.30959025
vn 0.914367378 1.76981096e-08 -0.40488556
vn 0.828215063 2.4496309e-08 -0.560410321
vn 0.907387733 1.83716509e-08 -0.420294374
vn 0.998594463 2.31669084e-09 -0.0529997088
vn 0.960845649 -1.21117409e-08 0.277084321
vn 0.567534745 -0.781147838 -0.260215968
vn 0.575211108 -0.790615201 -0.209904119
vn 0.586408734 -0.770111442 -0.251103789
vn 0.558190048 -0.811985552 -0.170597002
vn 0.537678123 -0.807767332 -0.241690248
vn 0.502627969 -0.784543693 -0.363120258
vn 0.516111135 -0.812417567 -0.271305919
vn 0.531701386 -0.845202208 -0.0541001782
vn 0.518579781 -0.840567291 0.156593874
vn 0.513322353 -0.845336735 0.148006409
vn 0.575210989 0.79061532 -0.209904015
vn 0.567534685 0.781147838 -0.260215878
vn 0.586408734 0.770111501 -0.251103729
vn 0.558190048 0.811985552 -0.170596942
vn 0.537678123 0.807767212 -0.241690174
vn 0.502627909 0.784543693 -0.363120139
vn 0.516111195 0.812417567 -0.271305859
vn 0.531701386 0.845202208 -0.0541001037
vn 0.518579721 0.840567231 0.156593934
vn 0.513322353 0.845336735 0.148006484
vn -0.567534685 0.781147838 -0.260215878
vn -0.575210989 0.79061532 -0.209904015
vn -0.586408734 0.770111501 -0.251103729
vn -0.558190048 0.811985552 -0.170596942
vn -0.537678123 0.807767212 -0.241690174
vn -0.502627909 0.784543693 -0.363120139
vn -0.516111195 0.812417567 -0.271305859
vn -0.531701386 0.845202208 -0.0541001037
vn -0.518579721 0.840567231 0.156593934
vn -0.513322353 0.845336735 0.148006484
vn 0.770340919 0.635433793 -0.0529027916
vn 0.770336807 0.635430455 -0.0530025139
vn 0.77038151 0.635384858 -0.0528987162
vn -0.769933462 0.63102746 -0.0949040949
vn -0.769609511 0.631407857 -0.0950011611
vn -0.770297825 0.630598307 -0.0947997198
vn -0.38131237 0.144204646 0.913129687
vn -0.389621735 0.132107317 0.911450803
vn -0.389896035 0.153998405 0.907890677
vn -0.389506102 0.121201865 0.913014352
vn -0.406113297 0.10790351 0.907429814
vn 0.784569561 0.292188615 0.546878695
vn 0.782526612 0.259808809 0.565819263
vn 0.78549397 0.324297518 0.527096093
vn 0 0.213201746 0.977008164
vn 0.338191777 0.941077173 4.11357846e-08
vn 0.338786721 0.940863132 0.000500021561
vn 0.338698179 0.940895021 0.000400039018
vn 0.339116007 0.94074446 0.000500064809
vn 0 0.999999881 0.000400043675
vn -0.339116007 0.94074446 0.000500064809
vn -0.338786721 0.940863132 0.000500021561
vn -0.338698179 0.940895021 0.000400039018
vn -0.338191777 0.941077173 4.11357846e-08
vn 0.862931192 -0.505218327 0.0102003478
vn 0.598619938 -0.741224825 0.303710133
vn 0.624997795 -0.777797282 0.0663997307
vn 0.862118304 -0.274505854 0.425909042
vn 0.852706909 0.504804194 0.134401113
vn 0.815319896 0.416510165 0.402209878
vn 0.598619878 0.741224825 0.303710192
vn 0.624997795 0.777797282 0.0663997978
vn 0.59717387 0.779065907 -0.190891623
vn 0.59717387 -0.779065907 -0.190891683
vn 0.859131932 -0.432216108 -0.274010211
vn 0.913313746 0.284604341 -0.29130438
vn -0.852706909 0.504804194 0.134401113
vn -0.862118304 -0.274505854 0.425909042
vn -0.815319896 0.416510165 0.402209878
vn -0.862931192 -0.505218327 0.0102003478
vn -0.598619938 -0.741224825 0.303710133
vn -0.624997795 -0.777797282 0.0663997307
vn -0.59717387 -0.779065907 -0.190891683
vn -0.859131932 -0.432216108 -0.274010211
vn -0.913313746 0.284604341 -0.29130438
vn -0.598619878 0.741224825 0.303710192
vn -0.624997795 0.777797282 0.0663997978
vn -0.59717387 0.779065907 -0.190891623

# Mesh 'PipelineFBX' with 497 faces
g PipelineFBX
usemtl DefaultMaterial
f  1/1/1 2/2/2 3/3/3
f  4/2/2 5/1/1 6/4/1
f  7/1/1 8/5/4 9/4/1
f  10/5/4 11/1/1 12/6/4
f  13/7/5 14/8/6 15/9/6
f  16/8/6 17/7/5 18/10/7
f  19/11/8 20/10/7 21/7/5
f  22/10/7 23/11/8 24/12/8
f  25/13/9 26/14/10 27/15/9
f  28/14/10 29/13/9 30/16/11
f  31/16/11 32/17/12 33/14/10
f  34/17/12 35/16/11 36/18/12
f  37/19/12 38/17/12 39/18/12
f  40/17/12 41/19/12 42/20/12
f  43/21/13 44/22/14 45/23/14
f  46/22/14 47/21/13 48/24/15
f  49/25/16 50/24/15 51/21/13
f  52/24/15 53/25/16 54/26/16
f  55/25/16 56/3/17 57/26/16
f  58/3/17 59/25/16 60/2/18
f  61/27/19 62/28/20 63/29/21
f  64/28/20 65/27/19 66/30/22
f  67/30/22 68/31/23 69/28/20
f  70/31/23 71/30/22 72/32/24
f  73/33/25 74/31/23 75/32/24
f  76/31/23 77/33/25 78/34/26
f  79/35/27 80/34/26 81/33/25
f  82/34/26 83/35/27 84/36/28
f  85/37/29 86/38/30 87/39/31
f  88/38/30 89/37/29 90/40/32
f  91/37/29 92/41/33 93/40/32
f  94/41/33 95/37/29 96/42/34
f  97/43/35 98/44/36 99/45/37
f  100/44/36 101/43/35 102/46/38
f  103/46/38 104/47/39 105/44/36
f  106/47/39 107/46/38 108/48/40
f  109/49/41 110/47/39 111/48/40
f  112/47/39 113/49/41 114/50/42
f  115/51/43 116/52/44 117/53/45
f  118/52/44 119/51/43 120/54/46
f  121/55/47 122/52/44 123/54/46
f  124/52/44 125/55/47 126/56/48
f  127/57/49 128/58/50 129/59/51
f  130/58/50 131/57/49 132/60/52
f  133/57/49 134/61/53 135/60/52
f  136/61/53 137/57/49 138/62/54
f  139/63/55 140/64/56 141/65/57
f  142/64/56 143/63/55 144/66/58
f  145/67/59 146/64/56 147/66/58
f  148/64/56 149/67/59 150/68/60
f  151/69/61 152/66/58 153/63/55
f  154/66/58 155/69/61 156/70/62
f  157/70/62 158/67/59 159/66/58
f  160/67/59 161/70/62 162/71/63
f  163/72/64 164/71/63 165/70/62
f  166/71/63 167/72/64 168/73/65
f  169/69/61 170/72/64 171/70/62
f  172/72/64 173/69/61 174/74/66
f  175/75/67 176/43/68 177/76/69
f  178/43/68 179/75/67 180/77/70
f  181/78/71 182/77/70 183/75/67
f  184/77/70 185/78/71 186/79/72
f  187/78/71 188/49/73 189/79/72
f  190/49/73 191/78/71 192/50/74
f  193/58/75 194/80/76 195/59/77
f  196/80/76 197/58/75 198/81/78
f  199/61/79 200/80/76 201/81/78
f  202/80/76 203/61/79 204/62/80
f  205/82/81 206/83/82 207/84/82
f  208/83/82 209/82/81 210/85/81
f  211/82/81 212/86/24 213/85/81
f  214/86/24 215/82/81 216/87/24
f  217/88/24 218/86/24 219/87/24
f  220/86/24 221/88/24 222/89/24
f  223/90/24 224/89/24 225/88/24
f  226/89/24 227/90/24 228/91/24
f  229/92/24 230/91/24 231/90/24
f  232/91/24 233/92/24 234/93/24
f  235/94/12 236/95/12 237/96/12
f  238/95/12 239/94/12 240/97/12
f  241/98/12 242/97/12 243/94/12
f  244/97/12 245/98/12 246/99/12
f  247/100/12 248/99/12 249/98/12
f  250/99/12 251/100/12 252/101/12
f  253/102/12 254/101/12 255/100/12
f  256/101/12 257/102/12 258/103/12
f  259/104/83 260/105/84 261/106/85
f  262/105/84 263/104/83 264/107/86
f  265/108/87 266/105/84 267/107/86
f  268/105/84 269/108/87 270/109/88
f  271/110/89 272/107/86 273/104/83
f  274/107/86 275/110/89 276/111/90
f  277/112/91 278/107/86 279/111/90
f  280/107/86 281/112/91 282/108/87
f  283/113/92 284/111/90 285/110/89
f  286/111/90 287/113/92 288/114/93
f  289/115/94 290/111/90 291/114/93
f  292/111/90 293/115/94 294/112/91
f  295/116/95 296/114/93 297/113/92
f  298/114/93 299/116/95 300/117/96
f  301/118/97 302/114/93 303/117/96
f  304/114/93 305/118/97 306/115/94
f  307/119/98 308/117/96 309/116/95
f  310/117/96 311/119/98 312/120/99
f  313/121/100 314/117/96 315/120/99
f  316/117/96 317/121/100 318/118/97
f  319/122/101 320/120/99 321/119/98
f  322/120/99 323/122/101 324/123/102
f  325/124/103 326/120/99 327/123/102
f  328/120/99 329/124/103 330/121/100
f  331/125/104 332/123/102 333/122/101
f  334/123/102 335/125/104 336/126/105
f  337/127/106 338/123/102 339/126/105
f  340/123/102 341/127/106 342/124/103
f  343/128/107 344/126/105 345/125/104
f  346/126/105 347/128/107 348/129/108
f  349/130/109 350/126/105 351/129/108
f  352/126/105 353/130/109 354/127/106
f  355/131/110 356/129/108 357/128/107
f  358/129/108 359/131/110 360/132/111
f  361/133/112 362/129/108 363/132/111
f  364/129/108 365/133/112 366/130/109
f  367/134/113 368/132/111 369/131/110
f  370/132/111 371/134/113 372/135/114
f  373/136/115 374/132/111 375/135/114
f  376/132/111 377/136/115 378/133/112
f  379/137/116 380/135/114 381/134/113
f  382/135/114 383/137/116 384/138/117
f  385/139/118 386/135/114 387/138/117
f  388/135/114 389/139/118 390/136/115
f  391/140/119 392/138/117 393/137/116
f  394/138/117 395/140/119 396/141/120
f  397/142/121 398/138/117 399/141/120
f  400/138/117 401/142/121 402/139/118
f  403/143/122 404/144/123 405/145/123
f  406/144/123 407/143/122 408/146/124
f  409/147/125 410/146/124 411/143/122
f  412/146/124 413/147/125 414/148/126
f  415/149/127 416/148/126 417/147/125
f  418/148/126 419/149/127 420/150/127
f  421/149/127 422/151/128 423/150/127
f  424/151/128 425/149/127 426/152/129
f  427/152/129 428/153/130 429/151/128
f  430/153/130 431/152/129 432/154/131
f  433/154/131 434/155/132 435/153/130
f  436/155/132 437/154/131 438/156/133
f  439/156/133 440/157/134 441/155/132
f  442/157/134 443/156/133 444/158/135
f  445/158/135 446/159/136 447/157/134
f  448/159/136 449/158/135 450/160/137
f  451/160/137 452/161/138 453/159/136
f  454/161/138 455/160/137 456/162/138
f  457/163/139 458/161/138 459/162/138
f  460/161/138 461/163/139 462/164/139
f  463/163/139 464/165/140 465/164/139
f  466/165/140 467/163/139 468/166/140
f  469/167/141 470/168/142 471/169/142
f  472/168/142 473/167/141 474/170/141
f  475/167/141 476/171/143 477/170/141
f  478/171/143 479/167/141 480/172/143
f  481/173/144 482/174/144 483/175/145
f  484/174/144 485/173/144 486/176/146
f  487/177/147 488/178/148 489/179/149
f  490/178/148 491/177/147 492/180/150
f  493/181/151 494/180/150 495/177/147
f  496/180/150 497/181/151 498/182/152
f  499/183/153 500/182/152 501/181/151
f  502/182/152 503/183/153 504/184/154
f  505/185/155 506/184/154 507/183/153
f  508/184/154 509/185/155 510/186/156
f  511/187/157 512/188/158 513/189/159
f  514/188/158 515/187/157 516/190/160
f  517/191/161 518/188/158 519/190/160
f  520/188/158 521/191/161 522/192/162
f  523/193/163 524/190/160 525/187/157
f  526/190/160 527/193/163 528/194/32
f  529/195/164 530/190/160 531/194/32
f  532/190/160 533/195/164 534/191/161
f  535/196/165 536/191/161 537/195/164
f  538/191/161 539/196/165 540/197/165
f  541/187/157 542/198/166 543/193/163
f  544/198/166 545/187/157 546/199/166
f  547/200/167 548/201/168 549/202/169
f  550/201/168 551/200/167 552/203/170
f  553/200/167 554/204/171 555/203/170
f  556/204/171 557/200/167 558/205/172
f  559/205/172 560/206/173 561/204/171
f  562/206/173 563/205/172 564/207/174
f  565/208/175 566/209/176 567/210/177
f  568/209/176 569/208/175 570/211/178
f  571/212/179 572/211/178 573/208/175
f  574/211/178 575/212/179 576/213/180
f  577/212/179 578/214/181 579/213/180
f  580/214/181 581/212/179 582/215/182
f  583/22/183 584/21/184 585/23/183
f  586/21/184 587/22/183 588/24/184
f  589/26/185 590/21/184 591/24/184
f  592/21/184 593/26/185 594/25/186
f  595/3/3 596/25/186 597/26/185
f  598/25/186 599/3/3 600/2/2
f  601/216/187 602/217/188 603/218/187
f  604/217/188 605/216/187 606/219/188
f  607/220/189 608/217/188 609/219/188
f  610/217/188 611/220/189 612/221/189
f  613/222/190 614/223/191 615/224/191
f  616/223/191 617/222/190 618/225/192
f  619/226/193 620/225/192 621/222/190
f  622/225/192 623/226/193 624/227/194
f  625/228/195 626/227/194 627/226/193
f  628/227/194 629/228/195 630/229/196
f  631/230/197 632/231/197 633/232/198
f  634/231/197 635/230/197 636/233/199
f  637/234/200 638/235/201 639/236/202
f  640/235/201 641/234/200 642/237/203
f  643/234/200 644/238/204 645/237/203
f  646/239/205 647/240/205 648/241/205
f  649/240/205 650/239/205 651/242/205
f  652/243/206 653/244/207 654/245/208
f  655/244/207 656/243/206 657/246/209
f  658/243/206 659/247/210 660/246/209
f  661/247/210 662/243/206 663/248/211
f  664/248/211 665/249/212 666/247/210
f  667/249/212 668/248/211 669/250/213
f  670/251/214 671/252/215 672/253/216
f  673/252/215 674/251/214 675/254/217
f  676/254/217 677/255/218 678/252/215
f  679/255/218 680/254/217 681/256/219
f  682/257/220 683/255/218 684/256/219
f  685/255/218 686/257/220 687/258/221
f  688/251/214 689/259/222 690/254/217
f  691/259/222 692/256/219 693/254/217
f  694/256/219 695/259/222 696/260/223
f  697/260/223 698/257/220 699/256/219
f  700/257/220 701/260/223 702/261/224
f  703/259/222 704/251/214 705/262/225
f  706/263/32 707/264/32 708/265/32
f  709/264/32 710/263/32 711/266/32
f  712/264/32 713/263/32 714/265/32
f  715/263/32 716/264/32 717/266/32
f  718/55/226 719/267/227 720/56/228
f  721/267/227 722/55/226 723/268/229
f  724/51/230 725/267/227 726/268/229
f  727/267/227 728/51/230 729/53/231
f  730/244/232 731/269/233 732/245/234
f  733/269/233 734/244/232 735/270/235
f  736/271/236 737/269/233 738/270/235
f  739/269/233 740/271/236 741/272/237
f  742/249/238 743/272/237 744/271/236
f  745/272/237 746/249/238 747/273/239
f  748/274/240 749/275/241 750/276/241
f  751/275/241 752/274/240 753/277/240
f  754/274/240 755/278/242 756/277/240
f  757/278/242 758/274/240 759/279/242
f  760/280/243 761/278/242 762/279/242
f  763/278/242 764/280/243 765/281/243
f  766/282/244 767/283/245 768/284/244
f  769/283/245 770/282/244 771/285/245
f  772/286/4 773/283/245 774/285/245
f  775/283/245 776/286/4 777/287/4
f  778/288/246 779/289/247 780/290/248
f  781/289/247 782/288/246 783/291/249
f  784/291/249 785/292/250 786/289/247
f  787/289/247 788/292/250 789/293/24
f  790/294/251 791/291/249 792/288/246
f  793/291/249 794/294/251 795/295/252
f  796/295/252 797/296/253 798/291/249
f  799/292/250 800/291/249 801/296/253
f  802/297/254 803/292/250 804/296/253
f  805/292/250 806/297/254 807/298/255
f  808/295/252 809/294/251 810/299/256
f  811/299/256 812/300/257 813/295/252
f  814/301/258 815/295/252 816/300/257
f  817/295/252 818/301/258 819/302/259
f  820/296/253 821/295/252 822/302/259
f  823/303/260 824/296/253 825/302/259
f  826/296/253 827/303/260 828/297/254
f  829/300/257 830/299/256 831/304/261
f  832/305/262 833/300/257 834/304/261
f  835/300/257 836/305/262 837/306/263
f  838/307/264 839/300/257 840/306/263
f  841/300/257 842/307/264 843/301/258
f  844/308/265 845/301/258 846/307/264
f  847/301/258 848/308/265 849/309/266
f  850/310/267 851/301/258 852/309/266
f  853/301/258 854/310/267 855/302/259
f  856/302/259 857/310/267 858/303/260
f  859/305/262 860/307/264 861/306/263
f  862/307/264 863/305/262 864/308/265
f  865/311/268 866/312/269 867/313/269
f  868/312/269 869/311/268 870/314/270
f  871/315/271 872/314/270 873/311/268
f  874/314/270 875/315/271 876/316/271
f  877/317/272 878/318/273 879/319/274
f  880/318/273 881/317/272 882/320/275
f  883/320/275 884/321/276 885/318/273
f  886/321/276 887/320/275 888/322/277
f  889/323/278 890/321/276 891/322/277
f  892/321/276 893/323/278 894/324/279
f  895/325/280 896/326/281 897/327/282
f  898/326/281 899/325/280 900/328/283
f  901/328/283 902/329/284 903/326/281
f  904/329/284 905/328/283 906/330/285
f  907/331/286 908/329/284 909/330/285
f  910/329/284 911/331/286 912/332/287
f  913/333/288 914/334/289 915/335/289
f  916/334/289 917/333/288 918/336/290
f  919/337/291 920/336/290 921/333/288
f  922/336/290 923/337/291 924/338/292
f  925/339/293 926/338/292 927/337/291
f  928/338/292 929/339/293 930/340/293
f  931/339/293 932/341/294 933/340/293
f  934/341/294 935/339/293 936/342/6
f  937/343/295 938/341/294 939/342/6
f  940/341/294 941/343/295 942/344/296
f  943/345/4 944/344/296 945/343/295
f  946/344/296 947/345/4 948/346/4
f  949/345/4 950/347/297 951/346/4
f  952/347/297 953/345/4 954/348/297
f  955/349/298 956/347/297 957/348/297
f  958/347/297 959/349/298 960/350/298
f  961/351/288 962/352/289 963/353/289
f  964/352/289 965/351/288 966/354/290
f  967/355/291 968/354/290 969/351/288
f  970/354/290 971/355/291 972/356/292
f  973/357/299 974/356/292 975/355/291
f  976/356/292 977/357/299 978/358/300
f  979/359/301 980/358/300 981/357/299
f  982/358/300 983/359/301 984/360/302
f  985/361/295 986/360/302 987/359/301
f  988/360/302 989/361/295 990/362/303
f  991/363/304 992/362/303 993/361/295
f  994/362/303 995/363/304 996/364/305
f  997/365/297 998/364/305 999/363/304
f  1000/364/305 1001/365/297 1002/366/297
f  1003/365/297 1004/367/298 1005/366/297
f  1006/367/298 1007/365/297 1008/368/298
f  1009/369/289 1010/370/306 1011/371/289
f  1012/370/306 1013/369/289 1014/372/306
f  1015/373/291 1016/370/306 1017/372/306
f  1018/370/306 1019/373/291 1020/374/292
f  1021/375/299 1022/374/292 1023/373/291
f  1024/374/292 1025/375/299 1026/376/300
f  1027/377/301 1028/376/300 1029/375/299
f  1030/376/300 1031/377/301 1032/378/302
f  1033/379/295 1034/378/302 1035/377/301
f  1036/378/302 1037/379/295 1038/380/296
f  1039/381/4 1040/380/296 1041/379/295
f  1042/380/296 1043/381/4 1044/382/4
f  1045/381/4 1046/383/307 1047/382/4
f  1048/383/307 1049/381/4 1050/384/308
f  1051/384/308 1052/385/298 1053/383/307
f  1054/385/298 1055/384/308 1056/386/298
f  1057/223/309 1058/222/310 1059/224/309
f  1060/222/310 1061/223/309 1062/225/311
f  1063/225/311 1064/226/312 1065/222/310
f  1066/226/312 1067/225/311 1068/227/313
f  1069/227/313 1070/228/314 1071/226/312
f  1072/228/314 1073/227/313 1074/229/315
f  1075/231/316 1076/230/316 1077/232/317
f  1078/230/316 1079/231/316 1080/233/318
f  1081/1/319 1082/5/4 1083/6/4
f  1084/5/4 1085/1/319 1086/4/319
f  1087/1/319 1088/2/18 1089/4/319
f  1090/2/18 1091/1/319 1092/3/17
f  1093/387/320 1094/388/320 1095/389/320
f  1096/388/320 1097/387/320 1098/390/320
f  1099/391/4 1100/392/4 1101/393/4
f  1102/392/4 1103/391/4 1104/394/4
f  1105/391/4 1106/392/4 1107/394/4
f  1108/392/4 1109/391/4 1110/393/4
f  1111/395/321 1112/396/321 1113/397/321
f  1114/396/321 1115/395/321 1116/398/321
f  1117/399/322 1118/400/323 1119/401/322
f  1120/400/323 1121/399/322 1122/402/324
f  1123/402/324 1124/403/325 1125/400/323
f  1126/403/325 1127/402/324 1128/404/326
f  1129/404/326 1130/405/327 1131/403/325
f  1132/405/327 1133/404/326 1134/406/328
f  1135/406/328 1136/407/329 1137/405/327
f  1138/407/329 1139/406/328 1140/408/329
f  1141/400/330 1142/399/331 1143/401/331
f  1144/399/331 1145/400/330 1146/402/332
f  1147/403/333 1148/402/332 1149/400/330
f  1150/402/332 1151/403/333 1152/404/334
f  1153/405/335 1154/404/334 1155/403/333
f  1156/404/334 1157/405/335 1158/406/336
f  1159/407/337 1160/406/336 1161/405/335
f  1162/406/336 1163/407/337 1164/408/337
f  1165/185/338 1166/184/339 1167/186/340
f  1168/184/339 1169/185/338 1170/183/341
f  1171/183/341 1172/182/342 1173/184/339
f  1174/182/342 1175/183/341 1176/181/343
f  1177/181/343 1178/180/344 1179/182/342
f  1180/180/344 1181/181/343 1182/177/345
f  1183/177/345 1184/178/346 1185/180/344
f  1186/178/346 1187/177/345 1188/179/347
f  1189/184/348 1190/185/349 1191/186/350
f  1192/185/349 1193/184/348 1194/183/351
f  1195/182/352 1196/183/351 1197/184/348
f  1198/183/351 1199/182/352 1200/181/353
f  1201/180/354 1202/181/353 1203/182/352
f  1204/181/353 1205/180/354 1206/177/355
f  1207/178/356 1208/177/355 1209/180/354
f  1210/177/355 1211/178/356 1212/179/357
f  1213/185/358 1214/184/359 1215/186/360
f  1216/184/359 1217/185/358 1218/183/361
f  1219/183/361 1220/182/362 1221/184/359
f  1222/182/362 1223/183/361 1224/181/363
f  1225/181/363 1226/180/364 1227/182/362
f  1228/180/364 1229/181/363 1230/177/365
f  1231/177/365 1232/178/366 1233/180/364
f  1234/178/366 1235/177/365 1236/179/367
f  1237/409/368 1238/410/368 1239/411/369
f  1240/410/368 1241/409/368 1242/412/370
f  1243/413/371 1244/414/371 1245/415/372
f  1246/414/371 1247/413/371 1248/416/373
f  1249/417/32 1250/418/32 1251/419/32
f  1252/418/32 1253/417/32 1254/420/32
f  1255/421/374 1256/422/375 1257/423/376
f  1258/422/375 1259/421/374 1260/424/377
f  1261/424/377 1262/425/378 1263/422/375
f  1264/173/379 1265/174/379 1266/176/380
f  1267/174/379 1268/173/379 1269/175/381
f  1270/426/382 1271/427/382 1272/428/382
f  1273/427/382 1274/426/382 1275/429/382
f  1276/430/383 1277/431/384 1278/432/385
f  1279/432/385 1280/431/384 1281/433/386
f  1282/434/387 1283/433/386 1284/431/384
f  1285/433/386 1286/434/387 1287/435/12
f  1288/434/387 1289/436/388 1290/435/12
f  1291/436/388 1292/434/387 1293/437/389
f  1294/437/389 1295/438/390 1296/436/388
f  1297/437/389 1298/439/391 1299/438/390
f  1300/440/12 1301/441/12 1302/442/12
f  1303/440/12 1304/443/12 1305/441/12
f  1306/444/12 1307/443/12 1308/440/12
f  1309/445/24 1310/446/24 1311/447/24
f  1312/446/24 1313/445/24 1314/448/24
f  1315/448/24 1316/449/24 1317/446/24
f  1318/441/12 1319/440/12 1320/442/12
f  1321/443/12 1322/440/12 1323/441/12
f  1324/443/12 1325/444/12 1326/440/12
f  1327/446/24 1328/445/24 1329/447/24
f  1330/445/24 1331/446/24 1332/448/24
f  1333/449/24 1334/448/24 1335/446/24
f  1336/450/24 1337/451/24 1338/452/24
f  1339/453/24 1340/451/24 1341/450/24
f  1342/451/24 1343/453/24 1344/454/24
f  1345/455/24 1346/454/24 1347/453/24
f  1348/454/24 1349/455/24 1350/456/24
f  1351/455/24 1352/457/24 1353/456/24
f  1354/457/24 1355/455/24 1356/458/24
f  1357/458/24 1358/459/24 1359/457/24
f  1360/459/24 1361/458/24 1362/460/24
f  1363/460/24 1364/461/24 1365/459/24
f  1366/462/24 1367/463/24 1368/464/24
f  1369/464/24 1370/465/24 1371/462/24
f  1372/465/24 1373/464/24 1374/466/24
f  1375/467/24 1376/465/24 1377/466/24
f  1378/465/24 1379/467/24 1380/380/296
f  1381/467/24 1382/378/302 1383/380/296
f  1384/468/24 1385/341/294 1386/344/296
f  1387/469/24 1388/468/24 1389/344/296
f  1390/468/24 1391/469/24 1392/470/24
f  1393/469/24 1394/471/24 1395/470/24
f  1396/471/24 1397/469/24 1398/472/24
f  1399/472/24 1400/473/24 1401/471/24
f  1402/474/24 1403/360/302 1404/362/303
f  1405/362/303 1406/475/24 1407/474/24
f  1408/475/24 1409/362/303 1410/476/24
f  1411/477/24 1412/475/24 1413/476/24
f  1414/475/24 1415/477/24 1416/478/24
f  1417/477/24 1418/479/24 1419/478/24
f  1420/480/392 1421/481/393 1422/482/394
f  1423/481/393 1424/480/392 1425/483/395
f  1426/484/396 1427/483/395 1428/480/392
f  1429/483/395 1430/484/396 1431/485/397
f  1432/484/396 1433/486/398 1434/485/397
f  1435/486/398 1436/484/396 1437/487/399
f  1438/484/396 1439/488/400 1440/487/399
f  1441/489/401 1442/480/392 1443/482/394
f  1444/480/392 1445/489/401 1446/490/402
f  1447/491/403 1448/480/392 1449/490/402
f  1450/480/392 1451/491/403 1452/484/396
f  1453/488/400 1454/484/396 1455/491/403
f  1456/484/404 1457/483/405 1458/485/406
f  1459/483/405 1460/484/404 1461/480/407
f  1462/480/407 1463/481/408 1464/483/405
f  1465/481/408 1466/480/407 1467/482/409
f  1468/480/407 1469/489/410 1470/482/409
f  1471/489/410 1472/480/407 1473/490/411
f  1474/480/407 1475/491/412 1476/490/411
f  1477/486/413 1478/484/404 1479/485/406
f  1480/484/404 1481/486/413 1482/487/414
f  1483/488/415 1484/484/404 1485/487/414
f  1486/484/404 1487/488/415 1488/491/412
f  1489/491/412 1490/480/407 1491/484/404

