# File produced by Open Asset Import Library (http://www.assimp.sf.net)
# (assimp v6.0.0)

mtllib TypeXIII.mtl

# 4521 vertex positions
v -36 -214.63501 62.9100151
v 0 -214.63501 73.5000153
v -36 -214.63501 73.5000153
v 0 -214.63501 73.5000153
v 36 -214.63501 62.9100151
v 36 -214.63501 73.5000153
v -39.4350014 332.865021 -70.2150192
v -43.9050026 260.955017 -65.1150131
v -39.4350014 332.865021 -58.9650192
v -43.9050026 260.955017 -65.1150131
v -39.4350014 332.865021 -70.2150192
v -43.9050026 260.955017 -76.3650208
v -43.9050026 260.955017 -76.3650208
v -46.8899994 213 -69.2100143
v -43.9050026 260.955017 -65.1150131
v -46.8899994 213 -69.2100143
v -43.9050026 260.955017 -76.3650208
v -46.8899994 213 -80.4600143
v -46.8899994 213 -80.4600143
v -49.3800011 154.589996 -71.0550156
v -46.8899994 213 -69.2100143
v -49.3800011 154.589996 -71.0550156
v -46.8899994 213 -80.4600143
v -49.3800011 154.589996 -82.3050079
v -49.3800011 154.589996 -82.3050079
v -51.8700027 96.1950073 -72.8850098
v -49.3800011 154.589996 -71.0550156
v -51.8700027 96.1950073 -72.8850098
v -49.3800011 154.589996 -82.3050079
v -51.8700027 96.1950073 -84.1350098
v -67.9500046 -391.935059 -21.5999851
v -47.7750053 -396.360046 -26.2499828
v -47.7750053 -396.360046 -21.5999832
v -47.7750053 -396.360046 -26.2499828
v -67.9500046 -391.935059 -21.5999851
v -67.9500046 -391.935059 -26.2499866
v 43.9050026 260.955017 -65.1150131
v 39.4350014 332.865021 -70.2150192
v 39.4350014 332.865021 -58.9650192
v 39.4350014 332.865021 -70.2150192
v 43.9050026 260.955017 -65.1150131
v 43.9050026 260.955017 -76.3650208
v 46.8899994 213 -69.2100143
v 43.9050026 260.955017 -76.3650208
v 43.9050026 260.955017 -65.1150131
v 43.9050026 260.955017 -76.3650208
v 46.8899994 213 -69.2100143
v 46.8899994 213 -80.4600143
v 49.3800011 154.589996 -71.0550156
v 46.8899994 213 -80.4600143
v 46.8899994 213 -69.2100143
v 46.8899994 213 -80.4600143
v 49.3800011 154.589996 -71.0550156
v 49.3800011 154.589996 -82.3050079
v 51.8700027 96.1950073 -72.8850098
v 49.3800011 154.589996 -82.3050079
v 49.3800011 154.589996 -71.0550156
v 49.3800011 154.589996 -82.3050079
v 51.8700027 96.1950073 -72.8850098
v 51.8700027 96.1950073 -84.1350098
v 47.7750053 -396.360046 -26.2499828
v 67.9500046 -391.935059 -21.5999851
v 47.7750053 -396.360046 -21.5999832
v 67.9500046 -391.935059 -21.5999851
v 47.7750053 -396.360046 -26.2499828
v 67.9500046 -391.935059 -26.2499866
v -54.2100067 451.620056 20.5349808
v -100.99501 455.340027 10.2299814
v -100.425011 455.400024 8.14498043
v -100.99501 455.340027 10.2299814
v -54.2100067 451.620056 20.5349808
v -54.7800064 451.560059 22.6049824
v -16.2749996 448.515015 30.6899834
v -54.7800064 451.560059 22.6049824
v -54.2100067 451.620056 20.5349808
v -54.7800064 451.560059 22.6049824
v -16.2749996 448.515015 30.6899834
v -16.8300018 448.470062 32.7599831
v -39.8700027 388.530029 21.9449844
v -54.090004 399.27002 21.9599838
v -40.7850037 388.440033 25.3199844
v -54.090004 399.27002 21.9599838
v -39.8700027 388.530029 21.9449844
v -53.1749992 399.360046 18.5849838
v -79.6950073 414.930054 11.9099836
v -54.090004 399.27002 21.9599838
v -53.1749992 399.360046 18.5849838
v -54.090004 399.27002 21.9599838
v -79.6950073 414.930054 11.9099836
v -80.6100082 414.825043 15.299983
v -103.020012 427.15506 5.93998194
v -80.6100082 414.825043 15.299983
v -79.6950073 414.930054 11.9099836
v -80.6100082 414.825043 15.299983
v -103.020012 427.15506 5.93998194
v -103.935013 427.065033 9.3299818
v 100.99501 455.340027 10.2299814
v 54.2100067 451.620056 20.5349808
v 100.425011 455.400024 8.14498043
v 54.2100067 451.620056 20.5349808
v 100.99501 455.340027 10.2299814
v 54.7800064 451.560059 22.6049824
v 16.8300018 448.470062 32.7599831
v 54.2100067 451.620056 20.5349808
v 54.7800064 451.560059 22.6049824
v 54.2100067 451.620056 20.5349808
v 16.8300018 448.470062 32.7599831
v 16.2749996 448.515015 30.6899834
v 54.090004 399.27002 21.9599838
v 39.8700027 388.530029 21.9449844
v 40.7850037 388.440033 25.3199844
v 39.8700027 388.530029 21.9449844
v 54.090004 399.27002 21.9599838
v 53.1749992 399.360046 18.5849838
v 54.090004 399.27002 21.9599838
v 79.6950073 414.930054 11.9099836
v 53.1749992 399.360046 18.5849838
v 79.6950073 414.930054 11.9099836
v 54.090004 399.27002 21.9599838
v 80.6100082 414.825043 15.299983
v 80.6100082 414.825043 15.299983
v 103.020012 427.15506 5.93998194
v 79.6950073 414.930054 11.9099836
v 103.020012 427.15506 5.93998194
v 80.6100082 414.825043 15.299983
v 103.935013 427.065033 9.3299818
v -4.99500084 446.460052 101.099991
v -0.930000067 460.845032 64.769989
v -0.930000067 462.91507 100.889992
v -0.930000067 460.845032 64.769989
v -4.99500084 446.460052 101.099991
v -5.22000027 435.555054 71.7299881
v -5.08500051 423.585022 54.1799889
v -0.930000067 460.845032 64.769989
v -5.22000027 435.555054 71.7299881
v -0.930000067 460.845032 64.769989
v -5.08500051 423.585022 54.1799889
v -0.930000067 459.375031 36.5849838
v -1.995 435.765076 101.564987
v -5.22000027 435.555054 71.7299881
v -4.99500084 446.460052 101.099991
v -5.22000027 435.555054 71.7299881
v -1.995 435.765076 101.564987
v -1.995 421.63504 76.3199921
v -1.995 421.63504 76.3199921
v -5.08500051 423.585022 54.1799889
v -5.22000027 435.555054 71.7299881
v -5.08500051 423.585022 54.1799889
v -1.995 421.63504 76.3199921
v -1.995 405.690033 60.8699913
v -44.0250053 -353.369995 9.54001713
v -70.5 -357.105042 13.5000162
v -42.8250008 -357.105042 13.5000162
v -70.5 -357.105042 13.5000162
v -44.0250053 -353.369995 9.54001713
v -70.5 -353.369995 9.54001713
v -46.5000038 -340.63501 7.48501539
v -70.5 -353.369995 9.54001713
v -44.0250053 -353.369995 9.54001713
v -70.5 -353.369995 9.54001713
v -46.5000038 -340.63501 7.48501539
v -70.5 -340.63501 7.48501539
v -48.5250015 -327.915039 9.54001522
v -70.5 -340.63501 7.48501539
v -46.5000038 -340.63501 7.48501539
v -70.5 -340.63501 7.48501539
v -48.5250015 -327.915039 9.54001522
v -70.5 -327.915039 9.54001522
v -49.7999992 -324.165009 13.5000162
v -70.5 -327.915039 9.54001522
v -48.5250015 -327.915039 9.54001522
v -70.5 -327.915039 9.54001522
v -49.7999992 -324.165009 13.5000162
v -70.5 -324.165009 13.5000162
v -97.695015 437.880035 5.30998135
v -92.4450073 449.460052 1.91998053
v -92.355011 437.460022 6.82498121
v -92.4450073 449.460052 1.91998053
v -97.695015 437.880035 5.30998135
v -95.7300034 449.715027 0.74998039
v -94.6949997 451.500031 0.374980271
v -92.4450073 449.460052 1.91998053
v -95.7300034 449.715027 0.74998039
v -92.4450073 449.460052 1.91998053
v -94.6949997 451.500031 0.374980271
v -93.1950073 451.39502 0.809980333
v -92.4450073 449.460052 -29.5200214
v -97.695015 437.880035 -32.9100227
v -92.355011 437.460022 -34.4250183
v -97.695015 437.880035 -32.9100227
v -92.4450073 449.460052 -29.5200214
v -95.7300034 449.715027 -28.3500214
v -93.1950073 451.39502 -28.4100227
v -95.7300034 449.715027 -28.3500214
v -92.4450073 449.460052 -29.5200214
v -95.7300034 449.715027 -28.3500214
v -93.1950073 451.39502 -28.4100227
v -94.6949997 451.500031 -27.9750214
v -92.355011 437.460022 6.82498121
v -92.6400146 426.855011 -34.4250183
v -92.6400146 426.855011 6.82498217
v -92.6400146 426.855011 -34.4250183
v -92.355011 437.460022 6.82498121
v -92.355011 437.460022 -34.4250183
v -92.4450073 449.460052 1.91998053
v -92.355011 437.460022 -34.4250183
v -92.355011 437.460022 6.82498121
v -92.355011 437.460022 -34.4250183
v -92.4450073 449.460052 1.91998053
v -92.4450073 449.460052 -29.5200214
v -92.4450073 449.460052 1.91998053
v -93.1950073 451.39502 -28.4100227
v -92.4450073 449.460052 -29.5200214
v -93.1950073 451.39502 -28.4100227
v -92.4450073 449.460052 1.91998053
v -93.1950073 451.39502 0.809980333
v -103.605003 431.595032 -30.300024
v -78.6600037 414.840027 -37.6500206
v -104.460007 426.300049 -33.3000221
v -78.6600037 414.840027 -37.6500206
v -103.605003 431.595032 -30.300024
v -72.4050064 419.535034 -35.5200195
v -59.4300079 412.500031 -37.6950226
v -78.6600037 414.840027 -37.6500206
v -72.4050064 419.535034 -35.5200195
v -78.6600037 414.840027 -37.6500206
v -59.4300079 412.500031 -37.6950226
v -58.0050049 400.545013 -41.3100204
v -41.9400024 400.26004 -40.5300217
v -58.0050049 400.545013 -41.3100204
v -59.4300079 412.500031 -37.6950226
v -58.0050049 400.545013 -41.3100204
v -41.9400024 400.26004 -40.5300217
v -47.595005 390.345001 -43.1550217
v -102.720009 445.77005 -31.4400215
v -72.4050064 419.535034 -35.5200195
v -103.605003 431.595032 -30.300024
v -72.4050064 419.535034 -35.5200195
v -102.720009 445.77005 -31.4400215
v -61.965004 436.125031 -38.1750221
v -72.4050064 419.535034 -35.5200195
v -61.965004 436.125031 -38.1750221
v -59.4300079 412.500031 -37.6950226
v -35.8950005 427.485016 -42.2250252
v -59.4300079 412.500031 -37.6950226
v -61.965004 436.125031 -38.1750221
v -59.4300079 412.500031 -37.6950226
v -35.8950005 427.485016 -42.2250252
v -41.9400024 400.26004 -40.5300217
v -102.390015 454.665039 -33.5250206
v -61.965004 436.125031 -38.1750221
v -102.720009 445.77005 -31.4400215
v -61.965004 436.125031 -38.1750221
v -102.390015 454.665039 -33.5250206
v -59.0699997 452.745056 -40.3500214
v -29.6100044 451.440033 -44.9850235
v -61.965004 436.125031 -38.1750221
v -59.0699997 452.745056 -40.3500214
v -61.965004 436.125031 -38.1750221
v -29.6100044 451.440033 -44.9850235
v -35.8950005 427.485016 -42.2250252
v -105.030006 431.880035 -39.5100212
v -104.460007 426.300049 -33.3000221
v -105 426.390076 -36.7650223
v -104.460007 426.300049 -33.3000221
v -105.030006 431.880035 -39.5100212
v -103.605003 431.595032 -30.300024
v -105.030006 431.880035 -39.5100212
v -102.720009 445.77005 -31.4400215
v -103.605003 431.595032 -30.300024
v -102.720009 445.77005 -31.4400215
v -105.030006 431.880035 -39.5100212
v -103.740005 445.934998 -37.9950256
v -103.740005 445.934998 -37.9950256
v -102.390015 454.665039 -33.5250206
v -102.720009 445.77005 -31.4400215
v -102.390015 454.665039 -33.5250206
v -103.740005 445.934998 -37.9950256
v -102.720009 454.725067 -35.6550217
v -59.4000015 452.805023 -42.4650269
v -36.9600029 427.665039 -49.1100235
v -29.9400024 451.485046 -47.1000252
v -36.9600029 427.665039 -49.1100235
v -59.4000015 452.805023 -42.4650269
v -63.015007 436.305023 -44.9100227
v -60.9300079 412.800049 -47.2200203
v -36.9600029 427.665039 -49.1100235
v -63.015007 436.305023 -44.9100227
v -36.9600029 427.665039 -49.1100235
v -60.9300079 412.800049 -47.2200203
v -43.4400063 400.545013 -50.2050209
v -58.545002 400.63504 -44.7750206
v -43.4400063 400.545013 -50.2050209
v -60.9300079 412.800049 -47.2200203
v -43.4400063 400.545013 -50.2050209
v -58.545002 400.63504 -44.7750206
v -48.135006 390.435028 -46.6050224
v -102.720009 454.725067 -35.6550217
v -63.015007 436.305023 -44.9100227
v -59.4000015 452.805023 -42.4650269
v -63.015007 436.305023 -44.9100227
v -102.720009 454.725067 -35.6550217
v -103.740005 445.934998 -37.9950256
v -103.740005 445.934998 -37.9950256
v -73.875 419.835022 -44.8950195
v -63.015007 436.305023 -44.9100227
v -60.9300079 412.800049 -47.2200203
v -63.015007 436.305023 -44.9100227
v -73.875 419.835022 -44.8950195
v -79.2000046 414.930054 -41.1000175
v -60.9300079 412.800049 -47.2200203
v -73.875 419.835022 -44.8950195
v -60.9300079 412.800049 -47.2200203
v -79.2000046 414.930054 -41.1000175
v -58.545002 400.63504 -44.7750206
v -73.875 419.835022 -44.8950195
v -103.740005 445.934998 -37.9950256
v -105.030006 431.880035 -39.5100212
v -105.030006 431.880035 -39.5100212
v -79.2000046 414.930054 -41.1000175
v -73.875 419.835022 -44.8950195
v -79.2000046 414.930054 -41.1000175
v -105.030006 431.880035 -39.5100212
v -105 426.390076 -36.7650223
v -52.2000008 382.365021 -44.6700211
v -53.9850044 293.580017 -59.1000175
v -51.7350044 382.365021 -39.2850227
v -53.9850044 293.580017 -59.1000175
v -52.2000008 382.365021 -44.6700211
v -53.9850044 293.580017 -66.6000214
v -53.9850044 293.580017 -66.6000214
v -64.5 189.615005 -60.7500114
v -53.9850044 293.580017 -59.1000175
v -64.5 189.615005 -60.7500114
v -53.9850044 293.580017 -66.6000214
v -64.5 189.615005 -68.2500153
v -119.055008 247.155014 24.8549919
v -147.000015 276.615021 -27.8700142
v -147.000015 276.615021 5.36998796
v -147.000015 276.615021 -27.8700142
v -119.055008 247.155014 24.8549919
v -119.055008 247.155014 -47.3550148
v -119.055008 247.155014 24.8549919
v -90.7050095 217.245026 -61.0800133
v -119.055008 247.155014 -47.3550148
v -90.7050095 217.245026 -61.0800133
v -119.055008 247.155014 24.8549919
v -90.7050095 217.245026 38.5799942
v -90.7050095 217.245026 38.5799942
v -64.5 189.615005 -60.7500114
v -90.7050095 217.245026 -61.0800133
v -90.7050095 217.245026 -61.0800133
v -64.5 189.615005 -60.7500114
v -64.5 189.615005 -68.2500153
v -64.5 189.615005 -60.7500114
v -90.7050095 217.245026 38.5799942
v -64.5 189.615021 45.7499962
v -38.4150009 94.9199982 -137.01001
v -78 80.8650055 -134.925018
v -78 87.4499969 -137.01001
v -78 80.8650055 -134.925018
v -38.4150009 94.9199982 -137.01001
v -36.3750038 86.8050079 -134.925018
v -36.3750038 86.8050079 -134.925018
v -78 61.3650017 -134.925018
v -78 80.8650055 -134.925018
v -78 61.3650017 -134.925018
v -36.3750038 86.8050079 -134.925018
v -26.2350006 57.8549957 -134.925018
v -26.2350006 57.8549957 -134.925018
v -78 54.4949989 -137.355011
v -78 61.3650017 -134.925018
v -78 54.4949989 -137.355011
v -26.2350006 57.8549957 -134.925018
v -20.7300014 47.5199966 -137.355011
v -20.7300014 47.5199966 -137.355011
v -78 54.4949989 -141.345016
v -78 54.4949989 -137.355011
v -78 54.4949989 -141.345016
v -20.7300014 47.5199966 -137.355011
v -20.7300014 47.5199966 -141.345016
v -78 87.4499969 -137.01001
v -78 80.8649979 -143.775024
v -78 87.4499969 -141.690018
v -78 80.8649979 -143.775024
v -78 87.4499969 -137.01001
v -78 80.8650055 -134.925018
v -78 80.8650055 -134.925018
v -78 61.364994 -143.775024
v -78 80.8649979 -143.775024
v -78 61.364994 -143.775024
v -78 80.8650055 -134.925018
v -78 61.3650017 -134.925018
v -78 54.4949989 -137.355011
v -78 61.364994 -143.775024
v -78 61.3650017 -134.925018
v -78 61.364994 -143.775024
v -78 54.4949989 -137.355011
v -78 54.4949989 -141.345016
v -15.8550005 157.845001 -152.730026
v 0 173.715012 -169.035019
v 0 173.715012 -152.730026
v 0 173.715012 -169.035019
v -15.8550005 157.845001 -152.730026
v -15.8550005 157.845001 -169.035019
v -15.8550005 157.845001 -152.730026
v -23.3400002 135.285004 -169.035004
v -15.8550005 157.845001 -169.035019
v -23.3400002 135.285004 -169.035004
v -15.8550005 157.845001 -152.730026
v -23.3400002 135.285004 -152.730026
v -23.3400002 104.445 -152.730026
v -23.3400002 135.285004 -169.035004
v -23.3400002 135.285004 -152.730026
v -23.3400002 135.285004 -169.035004
v -23.3400002 104.445 -152.730026
v -23.3400002 104.445 -169.035004
v -23.3400002 104.445 -152.730026
v -15.8550005 81.8850021 -169.035004
v -23.3400002 104.445 -169.035004
v -15.8550005 81.8850021 -169.035004
v -23.3400002 104.445 -152.730026
v -15.8550005 81.8850021 -152.730026
v 0 66.0149994 -152.730026
v -15.8550005 81.8850021 -169.035004
v -15.8550005 81.8850021 -152.730026
v -15.8550005 81.8850021 -169.035004
v 0 66.0149994 -152.730026
v 0 66.0149994 -169.035004
v -4.48500013 138.900009 -167.250031
v -3.75000048 139.214996 -211.500015
v -3.75000048 139.214996 -167.250031
v -3.75000048 139.214996 -211.500015
v -4.48500013 138.900009 -167.250031
v -4.48500013 138.900009 -211.500015
v -4.80000019 138.165009 -167.250031
v -4.48500013 138.900009 -211.500015
v -4.48500013 138.900009 -167.250031
v -4.48500013 138.900009 -211.500015
v -4.80000019 138.165009 -167.250031
v -4.80000019 138.165009 -211.500015
v -4.48500013 137.429993 -167.250031
v -4.80000019 138.165009 -211.500015
v -4.80000019 138.165009 -167.250031
v -4.80000019 138.165009 -211.500015
v -4.48500013 137.429993 -167.250031
v -4.48500013 137.429993 -211.500015
v -3.75000048 137.115005 -167.250031
v -4.48500013 137.429993 -211.500015
v -4.48500013 137.429993 -167.250031
v -4.48500013 137.429993 -211.500015
v -3.75000048 137.115005 -167.250031
v -3.75000048 137.115005 -211.500015
v -3.01500034 137.429993 -167.250031
v -3.75000048 137.115005 -211.500015
v -3.75000048 137.115005 -167.250031
v -3.75000048 137.115005 -211.500015
v -3.01500034 137.429993 -167.250031
v -3.01500034 137.429993 -211.500015
v -2.70000005 138.165009 -167.250031
v -3.01500034 137.429993 -211.500015
v -3.01500034 137.429993 -167.250031
v -3.01500034 137.429993 -211.500015
v -2.70000005 138.165009 -167.250031
v -2.70000005 138.165009 -211.500015
v -3.01500034 138.900009 -167.250031
v -2.70000005 138.165009 -211.500015
v -2.70000005 138.165009 -167.250031
v -2.70000005 138.165009 -211.500015
v -3.01500034 138.900009 -167.250031
v -3.01500034 138.900009 -211.500015
v -3.75000048 139.214996 -167.250031
v -3.01500034 138.900009 -211.500015
v -3.01500034 138.900009 -167.250031
v -3.01500034 138.900009 -211.500015
v -3.75000048 139.214996 -167.250031
v -3.75000048 139.214996 -211.500015
v -10.500001 122.415001 -224.250031
v -9.76500034 122.100006 -167.250015
v -10.500001 122.415001 -167.250015
v -9.76500034 122.100006 -167.250015
v -10.500001 122.415001 -224.250031
v -9.76500034 122.100006 -224.250031
v -9.76500034 122.100006 -224.250031
v -9.45000172 121.364998 -167.250015
v -9.76500034 122.100006 -167.250015
v -9.45000172 121.364998 -167.250015
v -9.76500034 122.100006 -224.250031
v -9.45000172 121.364998 -224.250031
v -9.45000172 121.364998 -224.250031
v -9.76500034 120.629997 -167.250015
v -9.45000172 121.364998 -167.250015
v -9.76500034 120.629997 -167.250015
v -9.45000172 121.364998 -224.250031
v -9.76500034 120.629997 -224.250031
v -9.76500034 120.629997 -224.250031
v -10.500001 120.315002 -167.250015
v -9.76500034 120.629997 -167.250015
v -10.500001 120.315002 -167.250015
v -9.76500034 120.629997 -224.250031
v -10.500001 120.315002 -224.250031
v -10.500001 120.315002 -224.250031
v -11.2350006 120.629997 -167.250015
v -10.500001 120.315002 -167.250015
v -11.2350006 120.629997 -167.250015
v -10.500001 120.315002 -224.250031
v -11.2350006 120.629997 -224.250031
v -11.2350006 120.629997 -224.250031
v -11.5500011 121.364998 -167.250015
v -11.2350006 120.629997 -167.250015
v -11.5500011 121.364998 -167.250015
v -11.2350006 120.629997 -224.250031
v -11.5500011 121.364998 -224.250031
v -11.5500011 121.364998 -224.250031
v -11.2350006 122.100006 -167.250015
v -11.5500011 121.364998 -167.250015
v -11.2350006 122.100006 -167.250015
v -11.5500011 121.364998 -224.250031
v -11.2350006 122.100006 -224.250031
v -11.2350006 122.100006 -224.250031
v -10.500001 122.415001 -167.250015
v -11.2350006 122.100006 -167.250015
v -10.500001 122.415001 -167.250015
v -11.2350006 122.100006 -224.250031
v -10.500001 122.415001 -224.250031
v 3.75000048 139.214996 -204.300018
v 4.48500013 138.900009 -167.250031
v 3.75000048 139.214996 -167.250031
v 4.48500013 138.900009 -167.250031
v 3.75000048 139.214996 -204.300018
v 4.48500013 138.900009 -204.300018
v 4.48500013 138.900009 -204.300018
v 4.80000019 138.165009 -167.250031
v 4.48500013 138.900009 -167.250031
v 4.80000019 138.165009 -167.250031
v 4.48500013 138.900009 -204.300018
v 4.80000019 138.165009 -204.300018
v 4.80000019 138.165009 -204.300018
v 4.48500013 137.429993 -167.250031
v 4.80000019 138.165009 -167.250031
v 4.48500013 137.429993 -167.250031
v 4.80000019 138.165009 -204.300018
v 4.48500013 137.429993 -204.300018
v 4.48500013 137.429993 -204.300018
v 3.75000048 137.115005 -167.250031
v 4.48500013 137.429993 -167.250031
v 3.75000048 137.115005 -167.250031
v 4.48500013 137.429993 -204.300018
v 3.75000048 137.115005 -204.300018
v 3.75000048 137.115005 -204.300018
v 3.01500034 137.429993 -167.250031
v 3.75000048 137.115005 -167.250031
v 3.01500034 137.429993 -167.250031
v 3.75000048 137.115005 -204.300018
v 3.01500034 137.429993 -204.300018
v 3.01500034 137.429993 -204.300018
v 2.70000005 138.165009 -167.250031
v 3.01500034 137.429993 -167.250031
v 2.70000005 138.165009 -167.250031
v 3.01500034 137.429993 -204.300018
v 2.70000005 138.165009 -204.300018
v 2.70000005 138.165009 -204.300018
v 3.01500034 138.900009 -167.250031
v 2.70000005 138.165009 -167.250031
v 3.01500034 138.900009 -167.250031
v 2.70000005 138.165009 -204.300018
v 3.01500034 138.900009 -204.300018
v 3.01500034 138.900009 -204.300018
v 3.75000048 139.214996 -167.250031
v 3.01500034 138.900009 -167.250031
v 3.75000048 139.214996 -167.250031
v 3.01500034 138.900009 -204.300018
v 3.75000048 139.214996 -204.300018
v 12.3149996 -126.13501 -77.1000061
v 10.2000017 -121.035011 -86.25
v 10.2000017 -121.035011 -77.1000061
v 10.2000017 -121.035011 -86.25
v 12.3149996 -126.13501 -77.1000061
v 12.3149996 -126.13501 -86.25
v 17.4000015 -128.235016 -77.1000061
v 12.3149996 -126.13501 -86.25
v 12.3149996 -126.13501 -77.1000061
v 12.3149996 -126.13501 -86.25
v 17.4000015 -128.235016 -77.1000061
v 17.4000015 -128.235016 -86.25
v 22.4850025 -126.13501 -77.1000061
v 17.4000015 -128.235016 -86.25
v 17.4000015 -128.235016 -77.1000061
v 17.4000015 -128.235016 -86.25
v 22.4850025 -126.13501 -77.1000061
v 22.4850025 -126.13501 -86.25
v 24.6000023 -121.035011 -77.1000061
v 22.4850025 -126.13501 -86.25
v 22.4850025 -126.13501 -77.1000061
v 22.4850025 -126.13501 -86.25
v 24.6000023 -121.035011 -77.1000061
v 24.6000023 -121.035011 -86.25
v 22.4850025 -115.950012 -77.1000061
v 24.6000023 -121.035011 -86.25
v 24.6000023 -121.035011 -77.1000061
v 24.6000023 -121.035011 -86.25
v 22.4850025 -115.950012 -77.1000061
v 22.4850025 -115.950012 -86.25
v 17.4000015 -113.835007 -77.1000061
v 22.4850025 -115.950012 -86.25
v 22.4850025 -115.950012 -77.1000061
v 22.4850025 -115.950012 -86.25
v 17.4000015 -113.835007 -77.1000061
v 17.4000015 -113.835007 -86.25
v 12.3149996 -115.950012 -77.1000061
v 17.4000015 -113.835007 -86.25
v 17.4000015 -113.835007 -77.1000061
v 17.4000015 -113.835007 -86.25
v 12.3149996 -115.950012 -77.1000061
v 12.3149996 -115.950012 -86.25
v 10.2000017 -121.035011 -77.1000061
v 12.3149996 -115.950012 -86.25
v 12.3149996 -115.950012 -77.1000061
v 12.3149996 -115.950012 -86.25
v 10.2000017 -121.035011 -77.1000061
v 10.2000017 -121.035011 -86.25
v 53.9850044 293.580017 -59.1000175
v 52.2000008 382.365021 -44.6700211
v 51.7350044 382.365021 -39.2850227
v 52.2000008 382.365021 -44.6700211
v 53.9850044 293.580017 -59.1000175
v 53.9850044 293.580017 -66.6000214
v 64.5 189.615005 -60.7500114
v 53.9850044 293.580017 -66.6000214
v 53.9850044 293.580017 -59.1000175
v 53.9850044 293.580017 -66.6000214
v 64.5 189.615005 -60.7500114
v 64.5 189.615005 -68.2500153
v 119.055008 247.155014 -47.3550148
v 147.000015 276.615021 5.36998796
v 147.000015 276.615021 -27.8700142
v 147.000015 276.615021 5.36998796
v 119.055008 247.155014 -47.3550148
v 119.055008 247.155014 24.8549919
v 90.7050095 217.245026 -61.0800133
v 119.055008 247.155014 24.8549919
v 119.055008 247.155014 -47.3550148
v 119.055008 247.155014 24.8549919
v 90.7050095 217.245026 -61.0800133
v 90.7050095 217.245026 38.5799942
v 64.5 189.615005 -60.7500114
v 90.7050095 217.245026 38.5799942
v 90.7050095 217.245026 -61.0800133
v 90.7050095 217.245026 38.5799942
v 64.5 189.615005 -60.7500114
v 64.5 189.615021 45.7499962
v 64.5 189.615005 -60.7500114
v 90.7050095 217.245026 -61.0800133
v 64.5 189.615005 -68.2500153
v -39.7799988 76.3650055 -113.145012
v 39.5550041 108.510002 -113.145012
v -39.5550041 108.510002 -113.145012
v 39.5550041 108.510002 -113.145012
v -39.7799988 76.3650055 -113.145012
v 39.7799988 76.3650055 -113.145012
v -39.7799988 76.3650055 -113.145012
v 34.2000046 44.204998 -113.145012
v 39.7799988 76.3650055 -113.145012
v 34.2000046 44.204998 -113.145012
v -39.7799988 76.3650055 -113.145012
v -34.2000046 44.204998 -113.145012
v -34.2000046 44.204998 -113.145012
v 20.1750011 13.6949968 -113.145012
v 34.2000046 44.204998 -113.145012
v 20.1750011 13.6949968 -113.145012
v -34.2000046 44.204998 -113.145012
v -20.1750011 13.6949968 -113.145012
v -20.1750011 13.6949968 -113.145012
v 0 -4.14000511 -113.145004
v 20.1750011 13.6949968 -113.145012
v 19.8000011 45.1800003 -75.1350021
v 0 30.0899944 -152.730026
v 0 30.0899982 -75.1350021
v 0 30.0899944 -152.730026
v 19.8000011 45.1800003 -75.1350021
v 19.8000011 45.1799965 -152.730026
v 36.3900032 73.5450058 -75.1350021
v 19.8000011 45.1799965 -152.730026
v 19.8000011 45.1800003 -75.1350021
v 19.8000011 45.1799965 -152.730026
v 36.3900032 73.5450058 -75.1350021
v 36.3900032 73.5449982 -152.730026
v 42.5550003 113.865005 -75.1350021
v 36.3900032 73.5449982 -152.730026
v 36.3900032 73.5450058 -75.1350021
v 36.3900032 73.5449982 -152.730026
v 42.5550003 113.865005 -75.1350021
v 42.5550003 113.865005 -152.730026
v 42.5550003 113.865005 -75.1350021
v 36.3900032 154.184998 -152.730026
v 42.5550003 113.865005 -152.730026
v 36.3900032 154.184998 -152.730026
v 42.5550003 113.865005 -75.1350021
v 36.3900032 154.185013 -74.2350082
v 19.8000011 182.550018 -75.1350098
v 36.3900032 154.184998 -152.730026
v 36.3900032 154.185013 -74.2350082
v 36.3900032 154.184998 -152.730026
v 19.8000011 182.550018 -75.1350098
v 19.8000011 182.550003 -152.730026
v 0 197.640015 -75.1350098
v 19.8000011 182.550003 -152.730026
v 19.8000011 182.550018 -75.1350098
v 19.8000011 182.550003 -152.730026
v 0 197.640015 -75.1350098
v 0 197.639999 -152.730026
v 27.7950001 220.665024 -73.6650162
v 30.4950027 146.220001 -94.3950119
v 30.4950027 146.220001 -73.6650162
v 30.4950027 146.220001 -94.3950119
v 27.7950001 220.665024 -73.6650162
v 27.7950001 220.665024 -94.3950195
v 21.5700016 260.38504 -73.6650162
v 27.7950001 220.665024 -94.3950195
v 27.7950001 220.665024 -73.6650162
v 27.7950001 220.665024 -94.3950195
v 21.5700016 260.38504 -73.6650162
v 21.5700016 260.38504 -94.3950195
v 10.2600012 287.370026 -73.6650238
v 21.5700016 260.38504 -94.3950195
v 21.5700016 260.38504 -73.6650162
v 21.5700016 260.38504 -94.3950195
v 10.2600012 287.370026 -73.6650238
v 10.2600012 287.370026 -94.3950195
v 0 294.27002 -73.6650238
v 10.2600012 287.370026 -94.3950195
v 10.2600012 287.370026 -73.6650238
v 10.2600012 287.370026 -94.3950195
v 0 294.27002 -73.6650238
v 0 294.27002 -94.3950195
v 94.6949997 451.500031 -27.9750214
v 93.1950073 451.39502 0.809980333
v 93.1950073 451.39502 -28.4100227
v 93.1950073 451.39502 0.809980333
v 94.6949997 451.500031 -27.9750214
v 94.6949997 451.500031 0.374980271
v 94.6949997 451.500031 -27.9750214
v 95.7300034 449.715027 0.74998039
v 94.6949997 451.500031 0.374980271
v 95.7300034 449.715027 0.74998039
v 94.6949997 451.500031 -27.9750214
v 95.7300034 449.715027 -28.3500214
v 97.695015 437.880035 -32.9100227
v 95.7300034 449.715027 0.74998039
v 95.7300034 449.715027 -28.3500214
v 95.7300034 449.715027 0.74998039
v 97.695015 437.880035 -32.9100227
v 97.695015 437.880035 5.30998135
v 97.695015 437.880035 -32.9100227
v 99.0750046 427.365051 5.30998135
v 97.695015 437.880035 5.30998135
v 99.0750046 427.365051 5.30998135
v 97.695015 437.880035 -32.9100227
v 99.0750046 427.365051 -32.9100227
v 105 426.390076 -36.7650223
v 78.6600037 414.840027 -37.6500206
v 104.460007 426.300049 -33.3000221
v 78.6600037 414.840027 -37.6500206
v 105 426.390076 -36.7650223
v 79.2000046 414.930054 -41.1000175
v 79.2000046 414.930054 -41.1000175
v 58.0050049 400.545013 -41.3100204
v 78.6600037 414.840027 -37.6500206
v 58.0050049 400.545013 -41.3100204
v 79.2000046 414.930054 -41.1000175
v 58.545002 400.63504 -44.7750206
v 48.135006 390.435028 -46.6050224
v 58.0050049 400.545013 -41.3100204
v 58.545002 400.63504 -44.7750206
v 58.0050049 400.545013 -41.3100204
v 48.135006 390.435028 -46.6050224
v 47.595005 390.345001 -43.1550217
v 58.545002 400.63504 -44.7750206
v 43.4400063 400.545013 -50.2050209
v 48.135006 390.435028 -46.6050224
v 43.4400063 400.545013 -50.2050209
v 58.545002 400.63504 -44.7750206
v 60.9300079 412.800049 -47.2200203
v 60.9300079 412.800049 -47.2200203
v 36.9600029 427.665039 -49.1100235
v 43.4400063 400.545013 -50.2050209
v 36.9600029 427.665039 -49.1100235
v 60.9300079 412.800049 -47.2200203
v 63.015007 436.305023 -44.9100227
v 63.015007 436.305023 -44.9100227
v 29.9400024 451.485046 -47.1000252
v 36.9600029 427.665039 -49.1100235
v 29.9400024 451.485046 -47.1000252
v 63.015007 436.305023 -44.9100227
v 59.4000015 452.805023 -42.4650269
v 63.015007 436.305023 -44.9100227
v 102.720009 454.725067 -35.6550217
v 59.4000015 452.805023 -42.4650269
v 102.720009 454.725067 -35.6550217
v 63.015007 436.305023 -44.9100227
v 103.740005 445.934998 -37.9950256
v 79.2000046 414.930054 -41.1000175
v 60.9300079 412.800049 -47.2200203
v 58.545002 400.63504 -44.7750206
v 60.9300079 412.800049 -47.2200203
v 79.2000046 414.930054 -41.1000175
v 73.875 419.835022 -44.8950195
v 63.015007 436.305023 -44.9100227
v 60.9300079 412.800049 -47.2200203
v 73.875 419.835022 -44.8950195
v 73.875 419.835022 -44.8950195
v 103.740005 445.934998 -37.9950256
v 63.015007 436.305023 -44.9100227
v 103.740005 445.934998 -37.9950256
v 73.875 419.835022 -44.8950195
v 105.030006 431.880035 -39.5100212
v 79.2000046 414.930054 -41.1000175
v 105.030006 431.880035 -39.5100212
v 73.875 419.835022 -44.8950195
v 105.030006 431.880035 -39.5100212
v 79.2000046 414.930054 -41.1000175
v 105 426.390076 -36.7650223
v 20.7300014 47.5199966 -137.355011
v 78 54.4949989 -141.345016
v 20.7300014 47.5199966 -141.345016
v 78 54.4949989 -141.345016
v 20.7300014 47.5199966 -137.355011
v 78 54.4949989 -137.355011
v 26.2350006 57.8549957 -134.925018
v 78 54.4949989 -137.355011
v 20.7300014 47.5199966 -137.355011
v 78 54.4949989 -137.355011
v 26.2350006 57.8549957 -134.925018
v 78 61.3650017 -134.925018
v 36.3750038 86.8050079 -134.925018
v 78 61.3650017 -134.925018
v 26.2350006 57.8549957 -134.925018
v 78 61.3650017 -134.925018
v 36.3750038 86.8050079 -134.925018
v 78 80.8650055 -134.925018
v 38.4150009 94.9199982 -137.01001
v 78 80.8650055 -134.925018
v 36.3750038 86.8050079 -134.925018
v 78 80.8650055 -134.925018
v 38.4150009 94.9199982 -137.01001
v 78 87.4499969 -137.01001
v 70.5 -357.105042 13.5000162
v 44.0250053 -353.369995 9.54001713
v 42.8250008 -357.105042 13.5000162
v 44.0250053 -353.369995 9.54001713
v 70.5 -357.105042 13.5000162
v 70.5 -353.369995 9.54001713
v 70.5 -353.369995 9.54001713
v 46.5000038 -340.63501 7.48501539
v 44.0250053 -353.369995 9.54001713
v 46.5000038 -340.63501 7.48501539
v 70.5 -353.369995 9.54001713
v 70.5 -340.63501 7.48501539
v 70.5 -340.63501 7.48501539
v 48.5250015 -327.915039 9.54001522
v 46.5000038 -340.63501 7.48501539
v 48.5250015 -327.915039 9.54001522
v 70.5 -340.63501 7.48501539
v 70.5 -327.915039 9.54001522
v 70.5 -327.915039 9.54001522
v 49.7999992 -324.165009 13.5000162
v 48.5250015 -327.915039 9.54001522
v 49.7999992 -324.165009 13.5000162
v 70.5 -327.915039 9.54001522
v 70.5 -324.165009 13.5000162
v 4.99500084 421.605011 -69.210022
v 2.71500039 409.950043 -80.1150284
v 2.71500039 392.970032 -70.8600235
v 2.71500039 409.950043 -80.1150284
v 4.99500084 421.605011 -69.210022
v 4.99500084 435.27002 -83.6250229
v 2.71500039 409.950043 -80.1150284
v 4.99500084 435.27002 -83.6250229
v 2.71500039 426.060028 -94.0950317
v 4.99500084 447.150024 -106.500023
v 2.71500039 426.060028 -94.0950317
v 4.99500084 435.27002 -83.6250229
v 2.71500039 426.060028 -94.0950317
v 4.99500084 447.150024 -106.500023
v 2.71500039 435.61499 -106.965027
v 0.915000081 461.38504 -63.5700226
v 4.99500084 435.27002 -83.6250229
v 4.99500084 421.605011 -69.210022
v 4.99500084 435.27002 -83.6250229
v 0.915000081 461.38504 -63.5700226
v 0.915000081 462.795013 -80.6550293
v 0.915000081 464.865051 -105.675026
v 4.99500084 435.27002 -83.6250229
v 0.915000081 462.795013 -80.6550293
v 4.99500084 435.27002 -83.6250229
v 0.915000081 464.865051 -105.675026
v 4.99500084 447.150024 -106.500023
v 5.08500051 423.585022 54.1799889
v 0.930000067 460.845032 64.769989
v 0.930000067 459.375031 36.5849838
v 0.930000067 460.845032 64.769989
v 5.08500051 423.585022 54.1799889
v 5.22000027 435.555054 71.7299881
v 4.99500084 446.460052 101.099991
v 0.930000067 460.845032 64.769989
v 5.22000027 435.555054 71.7299881
v 0.930000067 460.845032 64.769989
v 4.99500084 446.460052 101.099991
v 0.930000067 462.91507 100.889992
v 5.08500051 423.585022 54.1799889
v 1.995 421.63504 76.3199921
v 5.22000027 435.555054 71.7299881
v 1.995 435.765076 101.564987
v 5.22000027 435.555054 71.7299881
v 1.995 421.63504 76.3199921
v 5.22000027 435.555054 71.7299881
v 1.995 435.765076 101.564987
v 4.99500084 446.460052 101.099991
v 1.995 421.63504 76.3199921
v 5.08500051 423.585022 54.1799889
v 1.995 405.690033 60.8699913
v 0.930000067 462.91507 100.889992
v -4.99500084 446.460052 101.099991
v -0.930000067 462.91507 100.889992
v -4.99500084 446.460052 101.099991
v 0.930000067 462.91507 100.889992
v 4.99500084 446.460052 101.099991
v 1.995 435.765076 101.564987
v -4.99500084 446.460052 101.099991
v 4.99500084 446.460052 101.099991
v -4.99500084 446.460052 101.099991
v 1.995 435.765076 101.564987
v -1.995 435.765076 101.564987
v -1.995 421.63504 76.3199921
v 1.995 405.690033 60.8699913
v -1.995 405.690033 60.8699913
v 1.995 405.690033 60.8699913
v -1.995 421.63504 76.3199921
v 1.995 421.63504 76.3199921
v -1.995 435.765076 101.564987
v 1.995 421.63504 76.3199921
v -1.995 421.63504 76.3199921
v 1.995 421.63504 76.3199921
v -1.995 435.765076 101.564987
v 1.995 435.765076 101.564987
v 0.915000081 464.865051 -105.675026
v -0.915000081 462.795013 -80.6550293
v -0.915000081 464.865051 -105.675026
v -0.915000081 462.795013 -80.6550293
v 0.915000081 464.865051 -105.675026
v 0.915000081 462.795013 -80.6550293
v 0.915000081 462.795013 -80.6550293
v -0.915000081 461.38504 -63.5700226
v -0.915000081 462.795013 -80.6550293
v -0.915000081 461.38504 -63.5700226
v 0.915000081 462.795013 -80.6550293
v 0.915000081 461.38504 -63.5700226
v 15.750001 318.165009 68.2499924
v -15.750001 318.165009 83.3999939
v -15.750001 318.165009 68.2499924
v -15.750001 318.165009 83.3999939
v 15.750001 318.165009 68.2499924
v 15.750001 318.165009 83.3999939
v 26.625 272.865021 87.1499939
v -15.750001 318.165009 83.3999939
v 15.750001 318.165009 83.3999939
v -15.750001 318.165009 83.3999939
v 26.625 272.865021 87.1499939
v -26.625 272.865021 87.1499939
v 33.9000015 227.865021 89.6999969
v -26.625 272.865021 87.1499939
v 26.625 272.865021 87.1499939
v -26.625 272.865021 87.1499939
v 33.9000015 227.865021 89.6999969
v -33.9000015 227.865021 89.6999969
v 37.5000038 137.865021 91.5
v -33.9000015 227.865021 89.6999969
v 33.9000015 227.865021 89.6999969
v -33.9000015 227.865021 89.6999969
v 37.5000038 137.865021 91.5
v -37.5000038 137.865021 91.5
v 153.555008 244.425034 98.9850006
v 70.8750076 157.63501 36.7949944
v 62.5050049 157.63501 53.579998
v 70.8750076 157.63501 36.7949944
v 153.555008 244.425034 98.9850006
v 161.925003 244.425034 82.1999893
v 153.555008 296.925049 98.984993
v 161.925003 244.425034 82.1999893
v 153.555008 244.425034 98.9850006
v 161.925003 244.425034 82.1999893
v 153.555008 296.925049 98.984993
v 161.925003 296.925049 82.1999893
v 204.525009 307.800018 -6.09001398
v 206.490005 293.340027 -16.7700138
v 206.490005 293.340027 -9.42001343
v 206.490005 293.340027 -16.7700138
v 204.525009 307.800018 -6.09001398
v 204.525009 307.785004 -20.0550156
v 204.525009 307.800018 -6.09001398
v 199.785004 339.720032 -18.0600147
v 204.525009 307.785004 -20.0550156
v 199.785004 339.720032 -18.0600147
v 204.525009 307.800018 -6.09001398
v 199.785004 339.720032 -8.04001522
v 199.785004 339.720032 -8.04001522
v 195.690018 365.865021 -13.0500164
v 199.785004 339.720032 -18.0600147
v 206.490005 293.340027 -9.42001343
v 136.740005 255.840012 -16.7700119
v 136.740005 255.840012 -9.42001152
v 136.740005 255.840012 -16.7700119
v 206.490005 293.340027 -9.42001343
v 206.490005 293.340027 -16.7700138
v -204.525009 307.785004 -20.0550156
v -206.490005 293.340027 -9.42001343
v -206.490005 293.340027 -16.7700138
v -206.490005 293.340027 -9.42001343
v -204.525009 307.785004 -20.0550156
v -204.525009 307.800018 -6.09001398
v -199.785004 339.720032 -18.0600147
v -204.525009 307.800018 -6.09001398
v -204.525009 307.785004 -20.0550156
v -204.525009 307.800018 -6.09001398
v -199.785004 339.720032 -18.0600147
v -199.785004 339.720032 -8.04001522
v -195.690018 365.865021 -13.0500164
v -199.785004 339.720032 -8.04001522
v -199.785004 339.720032 -18.0600147
v -136.740005 255.840012 -16.7700119
v -206.490005 293.340027 -9.42001343
v -136.740005 255.840012 -9.42001152
v -206.490005 293.340027 -9.42001343
v -136.740005 255.840012 -16.7700119
v -206.490005 293.340027 -16.7700138
v 195.690018 365.865021 -13.0500164
v 107.925003 324.735016 -7.71001482
v 89.1900101 368.865021 -13.0500164
v 107.925003 324.735016 -7.71001482
v 195.690018 365.865021 -13.0500164
v 199.785004 339.720032 -8.04001522
v 199.785004 339.720032 -8.04001522
v 127.485008 278.115021 -5.77501249
v 107.925003 324.735016 -7.71001482
v 127.485008 278.115021 -5.77501249
v 199.785004 339.720032 -8.04001522
v 204.525009 307.800018 -6.09001398
v 206.490005 293.340027 -9.42001343
v 127.485008 278.115021 -5.77501249
v 204.525009 307.800018 -6.09001398
v 127.485008 278.115021 -5.77501249
v 206.490005 293.340027 -9.42001343
v 136.740005 255.840012 -9.42001152
v 62.5050049 157.63501 53.579998
v 153.555008 296.925049 98.984993
v 153.555008 244.425034 98.9850006
v 153.555008 296.925049 98.984993
v 62.5050049 157.63501 53.579998
v 51.510006 295.650024 48.0899925
v -70.8750076 157.63501 36.7949944
v -153.555008 244.425034 98.9850006
v -62.5050049 157.63501 53.579998
v -153.555008 244.425034 98.9850006
v -70.8750076 157.63501 36.7949944
v -161.925003 244.425034 82.1999893
v -161.925003 244.425034 82.1999893
v -153.555008 296.925049 98.984993
v -153.555008 244.425034 98.9850006
v -153.555008 296.925049 98.984993
v -161.925003 244.425034 82.1999893
v -161.925003 296.925049 82.1999893
v -49.3800011 154.589996 -82.3050079
v -72.7500076 102.765007 -80.0100098
v -51.8700027 96.1950073 -84.1350098
v -72.7500076 102.765007 -80.0100098
v -49.3800011 154.589996 -82.3050079
v -74.4300079 159.645004 -79.0500183
v -74.4300079 159.645004 -79.0500183
v -101.310013 114.990005 -67.3050079
v -72.7500076 102.765007 -80.0100098
v -101.310013 114.990005 -67.3050079
v -74.4300079 159.645004 -79.0500183
v -104.850014 167.76001 -68.6100082
v -104.850014 167.76001 -68.6100082
v -123.12001 130.695007 -51.9450111
v -101.310013 114.990005 -67.3050079
v -123.12001 130.695007 -51.9450111
v -104.850014 167.76001 -68.6100082
v -126.87001 176.475006 -54.3450165
v -107.565002 219.660019 -64.2900162
v -126.87001 176.475006 -54.3450165
v -104.850014 167.76001 -68.6100082
v -126.87001 176.475006 -54.3450165
v -107.565002 219.660019 -64.2900162
v -130.62001 222.195023 -51.945015
v -46.8899994 213 -80.4600143
v -74.4300079 159.645004 -79.0500183
v -49.3800011 154.589996 -82.3050079
v -74.4300079 159.645004 -79.0500183
v -46.8899994 213 -80.4600143
v -76.0049973 216.195023 -75.405014
v -76.0049973 216.195023 -75.405014
v -104.850014 167.76001 -68.6100082
v -74.4300079 159.645004 -79.0500183
v -104.850014 167.76001 -68.6100082
v -76.0049973 216.195023 -75.405014
v -107.565002 219.660019 -64.2900162
v -96.015007 265.590027 -61.8900185
v -107.565002 219.660019 -64.2900162
v -76.0049973 216.195023 -75.405014
v -130.62001 222.195023 -51.945015
v -107.565002 219.660019 -64.2900162
v -96.015007 265.590027 -61.8900185
v -76.0049973 216.195023 -75.405014
v -46.8899994 213 -80.4600143
v -43.9050026 260.955017 -76.3650208
v -43.9050026 260.955017 -76.3650208
v -96.015007 265.590027 -61.8900185
v -76.0049973 216.195023 -75.405014
v -39.4350014 332.865021 -70.2150192
v -96.015007 265.590027 -61.8900185
v -43.9050026 260.955017 -76.3650208
v -96.015007 265.590027 -61.8900185
v -39.4350014 332.865021 -70.2150192
v -62.1150055 332.865021 -62.1900177
v -123.270012 130.050003 -14.9250069
v -101.310013 114.990005 -67.3050079
v -123.12001 130.695007 -51.9450111
v -101.310013 114.990005 -67.3050079
v -123.270012 130.050003 -14.9250069
v -100.590012 113.730011 4.60499525
v -72.765007 101.925011 15.4049978
v -101.310013 114.990005 -67.3050079
v -100.590012 113.730011 4.60499525
v -101.310013 114.990005 -67.3050079
v -72.765007 101.925011 15.4049978
v -72.7500076 102.765007 -80.0100098
v -72.7500076 102.765007 -80.0100098
v -72.765007 101.925011 15.4049978
v -51.8700027 96.1950073 -72.8850098
v -72.7500076 102.765007 -80.0100098
v -51.8700027 96.1950073 -72.8850098
v -51.8700027 96.1950073 -84.1350098
v -67.9500046 -407.685028 -26.2499828
v -47.7750053 -396.360046 -26.2499828
v -67.9500046 -391.935059 -26.2499866
v -47.7750053 -396.360046 -26.2499828
v -67.9500046 -407.685028 -26.2499828
v -42.375 -427.860046 -26.2499828
v -47.7750053 -396.360046 -21.5999832
v -67.9500046 -407.685028 -21.5999832
v -67.9500046 -391.935059 -21.5999851
v -67.9500046 -407.685028 -21.5999832
v -47.7750053 -396.360046 -21.5999832
v -42.375 -427.860046 -21.5999813
v 72.7500076 102.765007 -80.0100098
v 49.3800011 154.589996 -82.3050079
v 51.8700027 96.1950073 -84.1350098
v 49.3800011 154.589996 -82.3050079
v 72.7500076 102.765007 -80.0100098
v 74.4300079 159.645004 -79.0500183
v 74.4300079 159.645004 -79.0500183
v 46.8899994 213 -80.4600143
v 49.3800011 154.589996 -82.3050079
v 46.8899994 213 -80.4600143
v 74.4300079 159.645004 -79.0500183
v 76.0049973 216.195023 -75.405014
v 46.8899994 213 -80.4600143
v 76.0049973 216.195023 -75.405014
v 43.9050026 260.955017 -76.3650208
v 96.015007 265.590027 -61.8900185
v 43.9050026 260.955017 -76.3650208
v 76.0049973 216.195023 -75.405014
v 96.015007 265.590027 -61.8900185
v 39.4350014 332.865021 -70.2150192
v 43.9050026 260.955017 -76.3650208
v 39.4350014 332.865021 -70.2150192
v 96.015007 265.590027 -61.8900185
v 62.1150055 332.865021 -62.1900177
v 101.310013 114.990005 -67.3050079
v 74.4300079 159.645004 -79.0500183
v 72.7500076 102.765007 -80.0100098
v 74.4300079 159.645004 -79.0500183
v 101.310013 114.990005 -67.3050079
v 104.850014 167.76001 -68.6100082
v 104.850014 167.76001 -68.6100082
v 76.0049973 216.195023 -75.405014
v 74.4300079 159.645004 -79.0500183
v 76.0049973 216.195023 -75.405014
v 104.850014 167.76001 -68.6100082
v 107.565002 219.660019 -64.2900162
v 107.565002 219.660019 -64.2900162
v 96.015007 265.590027 -61.8900185
v 76.0049973 216.195023 -75.405014
v 107.565002 219.660019 -64.2900162
v 130.62001 222.195023 -51.945015
v 96.015007 265.590027 -61.8900185
v 107.565002 219.660019 -64.2900162
v 126.87001 176.475006 -54.3450165
v 130.62001 222.195023 -51.945015
v 126.87001 176.475006 -54.3450165
v 107.565002 219.660019 -64.2900162
v 104.850014 167.76001 -68.6100082
v 104.850014 167.76001 -68.6100082
v 123.12001 130.695007 -51.9450111
v 126.87001 176.475006 -54.3450165
v 123.12001 130.695007 -51.9450111
v 104.850014 167.76001 -68.6100082
v 101.310013 114.990005 -67.3050079
v 101.310013 114.990005 -67.3050079
v 123.270012 130.050003 -14.9250069
v 123.12001 130.695007 -51.9450111
v 123.270012 130.050003 -14.9250069
v 101.310013 114.990005 -67.3050079
v 100.590012 113.730011 4.60499525
v 101.310013 114.990005 -67.3050079
v 72.765007 101.925011 15.4049978
v 100.590012 113.730011 4.60499525
v 72.765007 101.925011 15.4049978
v 101.310013 114.990005 -67.3050079
v 72.7500076 102.765007 -80.0100098
v 72.765007 101.925011 15.4049978
v 72.7500076 102.765007 -80.0100098
v 51.8700027 96.1950073 -72.8850098
v 51.8700027 96.1950073 -72.8850098
v 72.7500076 102.765007 -80.0100098
v 51.8700027 96.1950073 -84.1350098
v 47.7750053 -396.360046 -26.2499828
v 67.9500046 -407.685028 -26.2499828
v 67.9500046 -391.935059 -26.2499866
v 67.9500046 -407.685028 -26.2499828
v 47.7750053 -396.360046 -26.2499828
v 42.375 -427.860046 -26.2499828
v 67.9500046 -407.685028 -21.5999832
v 47.7750053 -396.360046 -21.5999832
v 67.9500046 -391.935059 -21.5999851
v 47.7750053 -396.360046 -21.5999832
v 67.9500046 -407.685028 -21.5999832
v 42.375 -427.860046 -21.5999813
v -32.3250008 398.325012 21.0599861
v -53.1749992 399.360046 18.5849838
v -39.8700027 388.530029 21.9449844
v -53.1749992 399.360046 18.5849838
v -32.3250008 398.325012 21.0599861
v -54.720005 411.64502 15.2849817
v -54.720005 411.64502 15.2849817
v -79.6950073 414.930054 11.9099836
v -53.1749992 399.360046 18.5849838
v -79.6950073 414.930054 11.9099836
v -54.720005 411.64502 15.2849817
v -71.4000015 419.475006 11.0999823
v -101.745018 432.615021 3.47998142
v -79.6950073 414.930054 11.9099836
v -71.4000015 419.475006 11.0999823
v -79.6950073 414.930054 11.9099836
v -101.745018 432.615021 3.47998142
v -103.020012 427.15506 5.93998194
v -24.3900013 425.085052 25.3349838
v -54.720005 411.64502 15.2849817
v -32.3250008 398.325012 21.0599861
v -54.720005 411.64502 15.2849817
v -24.3900013 425.085052 25.3349838
v -57.8250084 435.315063 16.4849815
v -54.720005 411.64502 15.2849817
v -57.8250084 435.315063 16.4849815
v -71.4000015 419.475006 11.0999823
v -100.710007 446.640045 5.51998091
v -71.4000015 419.475006 11.0999823
v -57.8250084 435.315063 16.4849815
v -71.4000015 419.475006 11.0999823
v -100.710007 446.640045 5.51998091
v -101.745018 432.615021 3.47998142
v -24.3900013 425.085052 25.3349838
v -54.2100067 451.620056 20.5349808
v -57.8250084 435.315063 16.4849815
v -100.425011 455.400024 8.14498043
v -57.8250084 435.315063 16.4849815
v -54.2100067 451.620056 20.5349808
v -57.8250084 435.315063 16.4849815
v -100.425011 455.400024 8.14498043
v -100.710007 446.640045 5.51998091
v -54.2100067 451.620056 20.5349808
v -24.3900013 425.085052 25.3349838
v -16.2749996 448.515015 30.6899834
v 53.1749992 399.360046 18.5849838
v 32.3250008 398.325012 21.0599861
v 39.8700027 388.530029 21.9449844
v 32.3250008 398.325012 21.0599861
v 53.1749992 399.360046 18.5849838
v 54.720005 411.64502 15.2849817
v 54.720005 411.64502 15.2849817
v 24.3900013 425.085052 25.3349838
v 32.3250008 398.325012 21.0599861
v 24.3900013 425.085052 25.3349838
v 54.720005 411.64502 15.2849817
v 57.8250084 435.315063 16.4849815
v 54.2100067 451.620056 20.5349808
v 24.3900013 425.085052 25.3349838
v 57.8250084 435.315063 16.4849815
v 24.3900013 425.085052 25.3349838
v 54.2100067 451.620056 20.5349808
v 16.2749996 448.515015 30.6899834
v 79.6950073 414.930054 11.9099836
v 54.720005 411.64502 15.2849817
v 53.1749992 399.360046 18.5849838
v 54.720005 411.64502 15.2849817
v 79.6950073 414.930054 11.9099836
v 71.4000015 419.475006 11.0999823
v 57.8250084 435.315063 16.4849815
v 54.720005 411.64502 15.2849817
v 71.4000015 419.475006 11.0999823
v 71.4000015 419.475006 11.0999823
v 100.710007 446.640045 5.51998091
v 57.8250084 435.315063 16.4849815
v 100.425011 455.400024 8.14498043
v 57.8250084 435.315063 16.4849815
v 100.710007 446.640045 5.51998091
v 57.8250084 435.315063 16.4849815
v 100.425011 455.400024 8.14498043
v 54.2100067 451.620056 20.5349808
v 79.6950073 414.930054 11.9099836
v 101.745018 432.615021 3.47998142
v 71.4000015 419.475006 11.0999823
v 100.710007 446.640045 5.51998091
v 71.4000015 419.475006 11.0999823
v 101.745018 432.615021 3.47998142
v 101.745018 432.615021 3.47998142
v 79.6950073 414.930054 11.9099836
v 103.020012 427.15506 5.93998194
v -49.7999992 -324.165009 13.5000162
v -70.5 -327.915039 17.4600163
v -70.5 -324.165009 13.5000162
v -70.5 -327.915039 17.4600163
v -49.7999992 -324.165009 13.5000162
v -49.2750015 -327.945007 17.4000149
v -49.2750015 -327.945007 17.4000149
v -70.5 -340.63501 19.5150146
v -70.5 -327.915039 17.4600163
v -70.5 -340.63501 19.5150146
v -49.2750015 -327.945007 17.4000149
v -46.1250038 -340.63501 19.5150146
v -46.1250038 -340.63501 19.5150146
v -70.5 -353.369995 17.4600163
v -70.5 -340.63501 19.5150146
v -70.5 -353.369995 17.4600163
v -46.1250038 -340.63501 19.5150146
v -42.8250008 -353.369995 17.4600163
v -42.8250008 -357.105042 13.5000162
v -70.5 -353.369995 17.4600163
v -42.8250008 -353.369995 17.4600163
v -70.5 -353.369995 17.4600163
v -42.8250008 -357.105042 13.5000162
v -70.5 -357.105042 13.5000162
v 0 -436.335022 50.010025
v -17.3400021 -430.935028 73.5000229
v 0 -436.335022 73.5000229
v -17.3400021 -430.935028 73.5000229
v 0 -436.335022 50.010025
v -17.3400021 -430.935028 36.2400246
v -17.3400021 -430.935028 36.2400246
v -30.9000034 -415.035034 73.5000229
v -17.3400021 -430.935028 73.5000229
v -30.9000034 -415.035034 73.5000229
v -17.3400021 -430.935028 36.2400246
v -30.9000034 -415.035034 26.1600208
v -36 -387.735016 37.2300224
v -30.9000034 -415.035034 73.5000229
v -30.9000034 -415.035034 26.1600208
v -30.9000034 -415.035034 73.5000229
v -36 -387.735016 37.2300224
v -36 -387.735016 73.5000229
v -36 -387.735016 37.2300224
v -36 -367.080017 47.8350182
v -36 -387.735016 73.5000229
v -36 -367.080017 47.8350182
v -36 -328.619995 56.7600174
v -36 -387.735016 73.5000229
v -36 -328.619995 56.7600174
v -36 -214.63501 73.5000153
v -36 -387.735016 73.5000229
v -36 -214.63501 73.5000153
v -36 -328.619995 56.7600174
v -36 -214.63501 62.9100151
v -92.6400146 426.855011 6.82498217
v -99.0750046 427.365051 -32.9100227
v -99.0750046 427.365051 5.30998135
v -99.0750046 427.365051 -32.9100227
v -92.6400146 426.855011 6.82498217
v -92.6400146 426.855011 -34.4250183
v -102.720009 454.725067 -35.6550217
v -59.0699997 452.745056 -40.3500214
v -102.390015 454.665039 -33.5250206
v -59.0699997 452.745056 -40.3500214
v -102.720009 454.725067 -35.6550217
v -59.4000015 452.805023 -42.4650269
v -59.4000015 452.805023 -42.4650269
v -29.6100044 451.440033 -44.9850235
v -59.0699997 452.745056 -40.3500214
v -29.6100044 451.440033 -44.9850235
v -59.4000015 452.805023 -42.4650269
v -29.9400024 451.485046 -47.1000252
v -48.135006 390.435028 -46.6050224
v -58.0050049 400.545013 -41.3100204
v -47.595005 390.345001 -43.1550217
v -58.0050049 400.545013 -41.3100204
v -48.135006 390.435028 -46.6050224
v -58.545002 400.63504 -44.7750206
v -79.2000046 414.930054 -41.1000175
v -58.0050049 400.545013 -41.3100204
v -58.545002 400.63504 -44.7750206
v -58.0050049 400.545013 -41.3100204
v -79.2000046 414.930054 -41.1000175
v -78.6600037 414.840027 -37.6500206
v -105 426.390076 -36.7650223
v -78.6600037 414.840027 -37.6500206
v -79.2000046 414.930054 -41.1000175
v -78.6600037 414.840027 -37.6500206
v -105 426.390076 -36.7650223
v -104.460007 426.300049 -33.3000221
v -46.4700012 276.27002 -62.5650215
v -72.6300049 279.915009 -65.6100235
v -65.9700012 278.025024 -57.030014
v -72.6300049 279.915009 -65.6100235
v -46.4700012 276.27002 -62.5650215
v -45.045002 277.424988 -73.4100189
v -51.6900024 279.300018 -81.9900131
v -72.6300049 279.915009 -65.6100235
v -45.045002 277.424988 -73.4100189
v -72.6300049 279.915009 -65.6100235
v -51.6900024 279.300018 -81.9900131
v -71.2050095 281.070007 -76.4700241
v -62.5350037 280.815033 -83.2500229
v -71.2050095 281.070007 -76.4700241
v -51.6900024 279.300018 -81.9900131
v -71.5200043 382.365021 9.74998379
v -51.7350044 382.365021 -39.2850227
v -49.7400055 382.365021 18.3749847
v -51.7350044 382.365021 -39.2850227
v -71.5200043 382.365021 9.74998379
v -71.0700073 382.365021 -37.9350204
v -51.7350044 382.365021 -39.2850227
v -71.0700073 382.365021 -37.9350204
v -52.2000008 382.365021 -44.6700211
v -100.500008 382.365021 -3.25501704
v -71.0700073 382.365021 -37.9350204
v -71.5200043 382.365021 9.74998379
v -71.0700073 382.365021 -37.9350204
v -100.500008 382.365021 -3.25501704
v -100.500008 382.365021 -21.9600182
v -90.7050095 217.245026 38.5799942
v -54.7500038 285.990021 45.0749893
v -64.5 189.615021 45.7499962
v -54.7500038 285.990021 45.0749893
v -90.7050095 217.245026 38.5799942
v -81.3600082 303.64505 34.4249916
v -81.3600082 303.64505 34.4249916
v -49.7400055 382.365021 18.3749847
v -54.7500038 285.990021 45.0749893
v -49.7400055 382.365021 18.3749847
v -81.3600082 303.64505 34.4249916
v -71.5200043 382.365021 9.74998379
v -104.865013 317.970032 19.0499878
v -71.5200043 382.365021 9.74998379
v -81.3600082 303.64505 34.4249916
v -104.865013 317.970032 19.0499878
v -100.500008 382.365021 -3.25501704
v -71.5200043 382.365021 9.74998379
v -123.750008 329.490021 0.0149855986
v -100.500008 382.365021 -3.25501704
v -104.865013 317.970032 19.0499878
v -123.750008 329.490021 0.0149855986
v -104.865013 317.970032 19.0499878
v -147.000015 276.615021 5.36998796
v -90.7050095 217.245026 38.5799942
v -119.055008 247.155014 24.8549919
v -81.3600082 303.64505 34.4249916
v -119.055008 247.155014 24.8549919
v -104.865013 317.970032 19.0499878
v -81.3600082 303.64505 34.4249916
v -104.865013 317.970032 19.0499878
v -119.055008 247.155014 24.8549919
v -147.000015 276.615021 5.36998796
v 0 30.0899944 -152.730026
v -19.8000011 45.1800003 -75.1350021
v 0 30.0899982 -75.1350021
v -19.8000011 45.1800003 -75.1350021
v 0 30.0899944 -152.730026
v -19.8000011 45.1799965 -152.730026
v -19.8000011 45.1799965 -152.730026
v -36.3900032 73.5450058 -75.1350021
v -19.8000011 45.1800003 -75.1350021
v -36.3900032 73.5450058 -75.1350021
v -19.8000011 45.1799965 -152.730026
v -36.3900032 73.5449982 -152.730026
v -36.3900032 73.5449982 -152.730026
v -42.5550003 113.865005 -75.1350021
v -36.3900032 73.5450058 -75.1350021
v -42.5550003 113.865005 -75.1350021
v -36.3900032 73.5449982 -152.730026
v -42.5550003 113.865005 -152.730026
v -36.3900032 154.184998 -152.730026
v -42.5550003 113.865005 -75.1350021
v -42.5550003 113.865005 -152.730026
v -42.5550003 113.865005 -75.1350021
v -36.3900032 154.184998 -152.730026
v -36.3900032 154.185013 -74.2350082
v -36.3900032 154.184998 -152.730026
v -19.8000011 182.550018 -75.1350098
v -36.3900032 154.185013 -74.2350082
v -19.8000011 182.550018 -75.1350098
v -36.3900032 154.184998 -152.730026
v -19.8000011 182.550003 -152.730026
v -19.8000011 182.550003 -152.730026
v 0 197.640015 -75.1350098
v -19.8000011 182.550018 -75.1350098
v 0 197.640015 -75.1350098
v -19.8000011 182.550003 -152.730026
v 0 197.639999 -152.730026
v -30.4950027 146.220001 -94.3950119
v -27.7950001 220.665024 -73.6650162
v -30.4950027 146.220001 -73.6650162
v -27.7950001 220.665024 -73.6650162
v -30.4950027 146.220001 -94.3950119
v -27.7950001 220.665024 -94.3950195
v -27.7950001 220.665024 -94.3950195
v -21.5700016 260.38504 -73.6650162
v -27.7950001 220.665024 -73.6650162
v -21.5700016 260.38504 -73.6650162
v -27.7950001 220.665024 -94.3950195
v -21.5700016 260.38504 -94.3950195
v -21.5700016 260.38504 -94.3950195
v -10.2600012 287.370026 -73.6650238
v -21.5700016 260.38504 -73.6650162
v -10.2600012 287.370026 -73.6650238
v -21.5700016 260.38504 -94.3950195
v -10.2600012 287.370026 -94.3950195
v -10.2600012 287.370026 -94.3950195
v 0 294.27002 -73.6650238
v -10.2600012 287.370026 -73.6650238
v 0 294.27002 -73.6650238
v -10.2600012 287.370026 -94.3950195
v 0 294.27002 -94.3950195
v 51.7350044 382.365021 -39.2850227
v 71.5200043 382.365021 9.74998379
v 49.7400055 382.365021 18.3749847
v 71.5200043 382.365021 9.74998379
v 51.7350044 382.365021 -39.2850227
v 71.0700073 382.365021 -37.9350204
v 100.500008 382.365021 -21.9600182
v 71.5200043 382.365021 9.74998379
v 71.0700073 382.365021 -37.9350204
v 71.5200043 382.365021 9.74998379
v 100.500008 382.365021 -21.9600182
v 100.500008 382.365021 -3.25501704
v 71.0700073 382.365021 -37.9350204
v 51.7350044 382.365021 -39.2850227
v 52.2000008 382.365021 -44.6700211
v 54.7500038 285.990021 45.0749893
v 90.7050095 217.245026 38.5799942
v 64.5 189.615021 45.7499962
v 90.7050095 217.245026 38.5799942
v 54.7500038 285.990021 45.0749893
v 81.3600082 303.64505 34.4249916
v 119.055008 247.155014 24.8549919
v 90.7050095 217.245026 38.5799942
v 81.3600082 303.64505 34.4249916
v 104.865013 317.970032 19.0499878
v 119.055008 247.155014 24.8549919
v 81.3600082 303.64505 34.4249916
v 119.055008 247.155014 24.8549919
v 104.865013 317.970032 19.0499878
v 147.000015 276.615021 5.36998796
v 104.865013 317.970032 19.0499878
v 123.750008 329.490021 0.0149855986
v 147.000015 276.615021 5.36998796
v 100.500008 382.365021 -3.25501704
v 123.750008 329.490021 0.0149855986
v 104.865013 317.970032 19.0499878
v 100.500008 382.365021 -3.25501704
v 104.865013 317.970032 19.0499878
v 71.5200043 382.365021 9.74998379
v 49.7400055 382.365021 18.3749847
v 81.3600082 303.64505 34.4249916
v 54.7500038 285.990021 45.0749893
v 81.3600082 303.64505 34.4249916
v 49.7400055 382.365021 18.3749847
v 71.5200043 382.365021 9.74998379
v 71.5200043 382.365021 9.74998379
v 104.865013 317.970032 19.0499878
v 81.3600082 303.64505 34.4249916
v 0 -4.14000368 -76.4250107
v 20.1750011 13.6949968 -113.145012
v 0 -4.14000511 -113.145004
v 20.1750011 13.6949968 -113.145012
v 0 -4.14000368 -76.4250107
v 20.1750011 13.6949978 -75.2250061
v 34.2000046 44.204998 -75.2250061
v 20.1750011 13.6949968 -113.145012
v 20.1750011 13.6949978 -75.2250061
v 20.1750011 13.6949968 -113.145012
v 34.2000046 44.204998 -75.2250061
v 34.2000046 44.204998 -113.145012
v 39.7799988 76.3650055 -75.2250137
v 34.2000046 44.204998 -113.145012
v 34.2000046 44.204998 -75.2250061
v 34.2000046 44.204998 -113.145012
v 39.7799988 76.3650055 -75.2250137
v 39.7799988 76.3650055 -113.145012
v 39.5550041 108.510002 -75.2250137
v 39.7799988 76.3650055 -113.145012
v 39.7799988 76.3650055 -75.2250137
v 39.7799988 76.3650055 -113.145012
v 39.5550041 108.510002 -75.2250137
v 39.5550041 108.510002 -113.145012
v 0 -157.26001 76.5150146
v 36 -214.63501 62.9100151
v 0 -214.63501 73.5000153
v 36 -214.63501 62.9100151
v 0 -157.26001 76.5150146
v 54.5699997 -157.38002 58.6200104
v 36 -328.619995 56.7600174
v 36 -214.63501 62.9100151
v 54.5699997 -157.38002 58.6200104
v 36 -328.619995 56.7600174
v 54.5699997 -157.38002 58.6200104
v 61.5600052 -285.839996 28.3200169
v 36 -367.080017 47.8350182
v 36 -328.619995 56.7600174
v 61.5600052 -285.839996 28.3200169
v 36 -367.080017 47.8350182
v 61.5600052 -285.839996 28.3200169
v 36 -387.735016 37.2300224
v 0 112.365013 78.0299988
v 54.5699997 -157.38002 58.6200104
v 0 -157.26001 76.5150146
v 54.5699997 -157.38002 58.6200104
v 0 112.365013 78.0299988
v 65.6250076 112.275009 56.4449997
v 65.6250076 112.275009 56.4449997
v 76.5000076 -156.915009 29.0700092
v 54.5699997 -157.38002 58.6200104
v 61.5600052 -285.839996 28.3200169
v 54.5699997 -157.38002 58.6200104
v 76.5000076 -156.915009 29.0700092
v 69.6450043 -157.590027 -3.62999344
v 61.5600052 -285.839996 28.3200169
v 76.5000076 -156.915009 29.0700092
v 61.5600052 -285.839996 28.3200169
v 69.6450043 -157.590027 -3.62999344
v 55.2000046 -297.88504 -3.65998745
v 36 -387.735016 37.2300224
v 61.5600052 -285.839996 28.3200169
v 55.2000046 -297.88504 -3.65998745
v 32.3400002 -428.14505 -3.47998166
v 36 -387.735016 37.2300224
v 55.2000046 -297.88504 -3.65998745
v 32.3400002 -428.14505 -3.47998166
v 30.9000034 -415.035034 26.1600208
v 36 -387.735016 37.2300224
v 0 112.365013 78.0299988
v 48.3900032 322.065033 57.4049873
v 65.6250076 112.275009 56.4449997
v 65.8350067 321.51004 29.0399876
v 65.6250076 112.275009 56.4449997
v 48.3900032 322.065033 57.4049873
v 65.6250076 112.275009 56.4449997
v 65.8350067 321.51004 29.0399876
v 83.9700089 111.930008 29.2949963
v 76.5000076 -156.915009 29.0700092
v 65.6250076 112.275009 56.4449997
v 83.9700089 111.930008 29.2949963
v 76.4100037 112.32 -3.84000492
v 76.5000076 -156.915009 29.0700092
v 83.9700089 111.930008 29.2949963
v 76.5000076 -156.915009 29.0700092
v 76.4100037 112.32 -3.84000492
v 69.6450043 -157.590027 -3.62999344
v 76.4100037 112.32 -3.84000492
v 81.4049988 -157.305008 -24.1649952
v 69.6450043 -157.590027 -3.62999344
v 67.0650024 -297.51004 -23.5049896
v 69.6450043 -157.590027 -3.62999344
v 81.4049988 -157.305008 -24.1649952
v 69.6450043 -157.590027 -3.62999344
v 67.0650024 -297.51004 -23.5049896
v 55.2000046 -297.88504 -3.65998745
v 67.0650024 -297.51004 -23.5049896
v 32.3400002 -428.14505 -3.47998166
v 55.2000046 -297.88504 -3.65998745
v 48.3900032 322.065033 57.4049873
v 0 112.365013 78.0299988
v 0 322.695007 76.7249908
v 48.3900032 322.065033 57.4049873
v 0 322.695007 76.7249908
v 38.9700012 359.625031 57.2099838
v 65.8350067 321.51004 29.0399876
v 48.3900032 322.065033 57.4049873
v 38.9700012 359.625031 57.2099838
v 65.8350067 321.51004 29.0399876
v 38.9700012 359.625031 57.2099838
v 52.4400024 381.720062 26.9999847
v 61.8300056 322.769989 -3.6750145
v 65.8350067 321.51004 29.0399876
v 52.4400024 381.720062 26.9999847
v 76.4100037 112.32 -3.84000492
v 65.8350067 321.51004 29.0399876
v 61.8300056 322.769989 -3.6750145
v 65.8350067 321.51004 29.0399876
v 76.4100037 112.32 -3.84000492
v 83.9700089 111.930008 29.2949963
v 0 322.695007 76.7249908
v 0 378.360016 71.6399918
v 38.9700012 359.625031 57.2099838
v 0 378.360016 71.6399918
v 28.2150021 397.140045 54.644989
v 38.9700012 359.625031 57.2099838
v 52.4400024 381.720062 26.9999847
v 38.9700012 359.625031 57.2099838
v 28.2150021 397.140045 54.644989
v 52.4400024 381.720062 26.9999847
v 28.2150021 397.140045 54.644989
v 33.5100021 439.875031 22.7999821
v 47.3250008 404.89505 -3.42001796
v 52.4400024 381.720062 26.9999847
v 33.5100021 439.875031 22.7999821
v 61.8300056 322.769989 -3.6750145
v 52.4400024 381.720062 26.9999847
v 47.3250008 404.89505 -3.42001796
v 69.7200089 322.350006 -22.6350155
v 61.8300056 322.769989 -3.6750145
v 47.3250008 404.89505 -3.42001796
v 69.7200089 322.350006 -22.6350155
v 76.4100037 112.32 -3.84000492
v 61.8300056 322.769989 -3.6750145
v 76.4100037 112.32 -3.84000492
v 69.7200089 322.350006 -22.6350155
v 88.0350037 112.140007 -25.1550064
v 81.4049988 -157.305008 -24.1649952
v 76.4100037 112.32 -3.84000492
v 88.0350037 112.140007 -25.1550064
v 0 378.360016 71.6399918
v 0 435.465027 57.1349831
v 28.2150021 397.140045 54.644989
v 28.2150021 397.140045 54.644989
v 0 435.465027 57.1349831
v 33.5100021 439.875031 22.7999821
v 0 435.465027 57.1349831
v 0 468.555023 33.6899796
v 33.5100021 439.875031 22.7999821
v 18.0750008 490.590027 -3.82502174
v 33.5100021 439.875031 22.7999821
v 0 468.555023 33.6899796
v 18.0750008 490.590027 -3.82502174
v 36.3300018 449.834991 -4.84501982
v 33.5100021 439.875031 22.7999821
v 36.3300018 449.834991 -4.84501982
v 47.3250008 404.89505 -3.42001796
v 33.5100021 439.875031 22.7999821
v 38.340004 452.160004 -37.6800194
v 47.3250008 404.89505 -3.42001796
v 36.3300018 449.834991 -4.84501982
v 47.3250008 404.89505 -3.42001796
v 38.340004 452.160004 -37.6800194
v 52.2750053 404.610046 -37.9050179
v 69.7200089 322.350006 -22.6350155
v 47.3250008 404.89505 -3.42001796
v 52.2750053 404.610046 -37.9050179
v 70.2300034 322.335022 -36.8850174
v 69.7200089 322.350006 -22.6350155
v 52.2750053 404.610046 -37.9050179
v 70.2300034 322.335022 -36.8850174
v 88.0350037 112.140007 -25.1550064
v 69.7200089 322.350006 -22.6350155
v 88.0350037 112.140007 -25.1550064
v 70.2300034 322.335022 -36.8850174
v 87.1200027 112.215004 -39.1650085
v 87.1200027 112.215004 -39.1650085
v 81.4049988 -157.305008 -24.1649952
v 88.0350037 112.140007 -25.1550064
v 0 468.555023 33.6899796
v 0 506.535034 -4.0950222
v 18.0750008 490.590027 -3.82502174
v 0 507.180054 -21.1350231
v 18.0750008 490.590027 -3.82502174
v 0 506.535034 -4.0950222
v 0 507.180054 -21.1350231
v 19.3800011 491.070007 -37.4100227
v 18.0750008 490.590027 -3.82502174
v 19.3800011 491.070007 -37.4100227
v 36.3300018 449.834991 -4.84501982
v 18.0750008 490.590027 -3.82502174
v 36.3300018 449.834991 -4.84501982
v 19.3800011 491.070007 -37.4100227
v 38.340004 452.160004 -37.6800194
v 19.5149994 485.280029 -53.085022
v 38.340004 452.160004 -37.6800194
v 19.3800011 491.070007 -37.4100227
v 31.710001 449.834991 -56.7000237
v 38.340004 452.160004 -37.6800194
v 19.5149994 485.280029 -53.085022
v 38.340004 452.160004 -37.6800194
v 31.710001 449.834991 -56.7000237
v 41.4750023 406.470032 -58.8600197
v 52.2750053 404.610046 -37.9050179
v 38.340004 452.160004 -37.6800194
v 41.4750023 406.470032 -58.8600197
v 56.3550034 322.845001 -58.6650162
v 52.2750053 404.610046 -37.9050179
v 41.4750023 406.470032 -58.8600197
v 52.2750053 404.610046 -37.9050179
v 56.3550034 322.845001 -58.6650162
v 70.2300034 322.335022 -36.8850174
v 71.6550064 113.490005 -61.5000114
v 70.2300034 322.335022 -36.8850174
v 56.3550034 322.845001 -58.6650162
v 70.2300034 322.335022 -36.8850174
v 71.6550064 113.490005 -61.5000114
v 87.1200027 112.215004 -39.1650085
v 19.3800011 491.070007 -37.4100227
v 0 507.180054 -21.1350231
v 0 507.180054 -37.4850235
v 0 502.650055 -51.8400307
v 19.3800011 491.070007 -37.4100227
v 0 507.180054 -37.4850235
v 19.3800011 491.070007 -37.4100227
v 0 502.650055 -51.8400307
v 19.5149994 485.280029 -53.085022
v 0 491.175018 -60.4800262
v 19.5149994 485.280029 -53.085022
v 0 502.650055 -51.8400307
v 19.5149994 485.280029 -53.085022
v 0 491.175018 -60.4800262
v 14.4300013 470.775024 -63.9750214
v 31.710001 449.834991 -56.7000237
v 19.5149994 485.280029 -53.085022
v 14.4300013 470.775024 -63.9750214
v 31.710001 449.834991 -56.7000237
v 14.4300013 470.775024 -63.9750214
v 29.8950043 405.090027 -71.8650208
v 41.4750023 406.470032 -58.8600197
v 31.710001 449.834991 -56.7000237
v 29.8950043 405.090027 -71.8650208
v 39.2550011 323.190002 -72.6900253
v 41.4750023 406.470032 -58.8600197
v 29.8950043 405.090027 -71.8650208
v 41.4750023 406.470032 -58.8600197
v 39.2550011 323.190002 -72.6900253
v 56.3550034 322.845001 -58.6650162
v 51.6000061 112.32 -75.0750122
v 56.3550034 322.845001 -58.6650162
v 39.2550011 323.190002 -72.6900253
v 56.3550034 322.845001 -58.6650162
v 51.6000061 112.32 -75.0750122
v 71.6550064 113.490005 -61.5000114
v 51.6000061 112.32 -75.0750122
v 66.0450058 -157.230026 -61.7550011
v 71.6550064 113.490005 -61.5000114
v 66.0450058 -157.230026 -61.7550011
v 87.1200027 112.215004 -39.1650085
v 71.6550064 113.490005 -61.5000114
v 0 418.710022 -71.385025
v 14.4300013 470.775024 -63.9750214
v 0 491.175018 -60.4800262
v 0 418.710022 -71.385025
v 29.8950043 405.090027 -71.8650208
v 14.4300013 470.775024 -63.9750214
v 0 323.235046 -73.9350204
v 29.8950043 405.090027 -71.8650208
v 0 418.710022 -71.385025
v 29.8950043 405.090027 -71.8650208
v 0 323.235046 -73.9350204
v 39.2550011 323.190002 -72.6900253
v 0 112.350006 -77.1600113
v 39.2550011 323.190002 -72.6900253
v 0 323.235046 -73.9350204
v 39.2550011 323.190002 -72.6900253
v 0 112.350006 -77.1600113
v 51.6000061 112.32 -75.0750122
v 0 112.350006 -77.1600113
v 42.765007 -157.62001 -76.9500046
v 51.6000061 112.32 -75.0750122
v 66.0450058 -157.230026 -61.7550011
v 51.6000061 112.32 -75.0750122
v 42.765007 -157.62001 -76.9500046
v 42.765007 -157.62001 -76.9500046
v 54.6450043 -299.805023 -61.9049911
v 66.0450058 -157.230026 -61.7550011
v 67.9500046 -297.570038 -40.0799904
v 66.0450058 -157.230026 -61.7550011
v 54.6450043 -299.805023 -61.9049911
v 66.0450058 -157.230026 -61.7550011
v 67.9500046 -297.570038 -40.0799904
v 81.090004 -157.395004 -39.6749954
v 87.1200027 112.215004 -39.1650085
v 66.0450058 -157.230026 -61.7550011
v 81.090004 -157.395004 -39.6749954
v 81.4049988 -157.305008 -24.1649952
v 87.1200027 112.215004 -39.1650085
v 81.090004 -157.395004 -39.6749954
v 67.9500046 -297.570038 -40.0799904
v 81.4049988 -157.305008 -24.1649952
v 81.090004 -157.395004 -39.6749954
v 81.4049988 -157.305008 -24.1649952
v 67.9500046 -297.570038 -40.0799904
v 67.0650024 -297.51004 -23.5049896
v 42.765007 -157.62001 -76.9500046
v 0 112.350006 -77.1600113
v 0 -157.63501 -78
v 0 -157.63501 -78
v 34.0800018 -302.730011 -77.2199936
v 42.765007 -157.62001 -76.9500046
v 54.6450043 -299.805023 -61.9049911
v 42.765007 -157.62001 -76.9500046
v 34.0800018 -302.730011 -77.2199936
v 34.0800018 -302.730011 -77.2199936
v 37.3800049 -444.705048 -59.9249878
v 54.6450043 -299.805023 -61.9049911
v 44.8950043 -439.755035 -40.6949806
v 54.6450043 -299.805023 -61.9049911
v 37.3800049 -444.705048 -59.9249878
v 54.6450043 -299.805023 -61.9049911
v 44.8950043 -439.755035 -40.6949806
v 67.9500046 -297.570038 -40.0799904
v 43.2900047 -436.77005 -24.1199818
v 67.9500046 -297.570038 -40.0799904
v 44.8950043 -439.755035 -40.6949806
v 67.9500046 -297.570038 -40.0799904
v 43.2900047 -436.77005 -24.1199818
v 67.0650024 -297.51004 -23.5049896
v 32.3400002 -428.14505 -3.47998166
v 67.0650024 -297.51004 -23.5049896
v 43.2900047 -436.77005 -24.1199818
v 34.0800018 -302.730011 -77.2199936
v 0 -157.63501 -78
v 0 -301.005035 -77.9999924
v 0 -444.210052 -77.9999847
v 34.0800018 -302.730011 -77.2199936
v 0 -301.005035 -77.9999924
v 34.0800018 -302.730011 -77.2199936
v 0 -444.210052 -77.9999847
v 23.9100037 -447.480042 -74.2799911
v 37.3800049 -444.705048 -59.9249878
v 34.0800018 -302.730011 -77.2199936
v 23.9100037 -447.480042 -74.2799911
v 23.9100037 -447.480042 -74.2799911
v 25.3050022 -477.765076 -61.8299828
v 37.3800049 -444.705048 -59.9249878
v 29.9700012 -475.590027 -40.7399826
v 37.3800049 -444.705048 -59.9249878
v 25.3050022 -477.765076 -61.8299828
v 37.3800049 -444.705048 -59.9249878
v 29.9700012 -475.590027 -40.7399826
v 44.8950043 -439.755035 -40.6949806
v 27.4800014 -474.015045 -22.7999802
v 44.8950043 -439.755035 -40.6949806
v 29.9700012 -475.590027 -40.7399826
v 44.8950043 -439.755035 -40.6949806
v 27.4800014 -474.015045 -22.7999802
v 43.2900047 -436.77005 -24.1199818
v 19.4099998 -471.840027 -3.89997983
v 43.2900047 -436.77005 -24.1199818
v 27.4800014 -474.015045 -22.7999802
v 43.2900047 -436.77005 -24.1199818
v 19.4099998 -471.840027 -3.89997983
v 32.3400002 -428.14505 -3.47998166
v 19.4099998 -471.840027 -3.89997983
v 19.7100029 -436.53006 29.0700226
v 32.3400002 -428.14505 -3.47998166
v 19.7100029 -436.53006 29.0700226
v 30.9000034 -415.035034 26.1600208
v 32.3400002 -428.14505 -3.47998166
v 0 -481.02005 -77.234993
v 23.9100037 -447.480042 -74.2799911
v 0 -444.210052 -77.9999847
v 23.9100037 -447.480042 -74.2799911
v 0 -481.02005 -77.234993
v 18.2850018 -478.440033 -72.9449768
v 25.3050022 -477.765076 -61.8299828
v 23.9100037 -447.480042 -74.2799911
v 18.2850018 -478.440033 -72.9449768
v 18.2850018 -478.440033 -72.9449768
v 0 -504.810028 -70.6049881
v 25.3050022 -477.765076 -61.8299828
v 0 -504.810028 -70.6049881
v 0 -507.180054 -63.8999825
v 25.3050022 -477.765076 -61.8299828
v 0 -506.250031 -40.7249794
v 25.3050022 -477.765076 -61.8299828
v 0 -507.180054 -63.8999825
v 25.3050022 -477.765076 -61.8299828
v 0 -506.250031 -40.7249794
v 29.9700012 -475.590027 -40.7399826
v 0 -505.215027 -22.6049805
v 29.9700012 -475.590027 -40.7399826
v 0 -506.250031 -40.7249794
v 29.9700012 -475.590027 -40.7399826
v 0 -505.215027 -22.6049805
v 27.4800014 -474.015045 -22.7999802
v 0 -505.215027 -22.6049805
v 19.4099998 -471.840027 -3.89997983
v 27.4800014 -474.015045 -22.7999802
v 0 -496.575012 -75.0749893
v 18.2850018 -478.440033 -72.9449768
v 0 -481.02005 -77.234993
v 0 -504.810028 -70.6049881
v 18.2850018 -478.440033 -72.9449768
v 0 -496.575012 -75.0749893
v 19.4099998 -471.840027 -3.89997983
v 0 -505.215027 -22.6049805
v 0 -503.745026 -5.53497839
v 0 -467.070038 28.1250229
v 19.4099998 -471.840027 -3.89997983
v 0 -503.745026 -5.53497839
v 19.4099998 -471.840027 -3.89997983
v 0 -467.070038 28.1250229
v 19.7100029 -436.53006 29.0700226
v 0 -436.335022 50.010025
v 19.7100029 -436.53006 29.0700226
v 0 -467.070038 28.1250229
v 19.7100029 -436.53006 29.0700226
v 0 -436.335022 50.010025
v 17.3400021 -430.935028 36.2400246
v 19.7100029 -436.53006 29.0700226
v 17.3400021 -430.935028 36.2400246
v 30.9000034 -415.035034 26.1600208
v 9.73500061 188.565002 -99.765007
v -10.0650015 196.650009 -101.070015
v -10.0650015 188.565002 -99.765007
v -10.0650015 196.650009 -101.070015
v 9.73500061 188.565002 -99.765007
v 9.73500061 196.650009 -101.070015
v 9.73500061 203.790009 -100.260017
v -10.0650015 196.650009 -101.070015
v 9.73500061 196.650009 -101.070015
v -10.0650015 196.650009 -101.070015
v 9.73500061 203.790009 -100.260017
v -10.0650015 203.790009 -100.260017
v 9.73500061 203.790009 -100.260017
v -10.0650015 210.525009 -98.2950211
v -10.0650015 203.790009 -100.260017
v -10.0650015 210.525009 -98.2950211
v 9.73500061 203.790009 -100.260017
v 9.73500061 210.525009 -98.2950211
v 9.73500061 216.915009 -94.3950195
v -10.0650015 210.525009 -98.2950211
v 9.73500061 210.525009 -98.2950211
v -10.0650015 210.525009 -98.2950211
v 9.73500061 216.915009 -94.3950195
v -10.0650015 216.915009 -94.3950195
v -13.710001 124.095009 -169.035004
v -13.710001 128.310013 -172.350021
v -13.710001 128.310013 -169.035004
v -13.710001 128.310013 -172.350021
v -13.710001 124.095009 -169.035004
v -13.710001 124.095009 -174.75
v -13.710001 121.139999 -169.035004
v -13.710001 124.095009 -174.75
v -13.710001 124.095009 -169.035004
v -13.710001 124.095009 -174.75
v -13.710001 121.139999 -169.035004
v -13.710001 121.139999 -174.75
v -13.710001 121.139999 -169.035004
v -12.630002 119.084999 -174.75
v -13.710001 121.139999 -174.75
v -12.630002 119.084999 -174.75
v -13.710001 121.139999 -169.035004
v -12.630002 119.084999 -169.035004
v -12.630002 119.084999 -169.035004
v -10.500001 118.125008 -174.75
v -12.630002 119.084999 -174.75
v -10.500001 118.125008 -174.75
v -12.630002 119.084999 -169.035004
v -10.500001 118.125008 -169.035004
v -10.500001 118.125008 -169.035004
v -8.37000084 119.084999 -174.75
v -10.500001 118.125008 -174.75
v -8.37000084 119.084999 -174.75
v -10.500001 118.125008 -169.035004
v -8.37000084 119.084999 -169.035004
v -8.37000084 119.084999 -169.035004
v -7.29000044 121.139999 -174.75
v -8.37000084 119.084999 -174.75
v -7.29000044 121.139999 -174.75
v -8.37000084 119.084999 -169.035004
v -7.29000044 121.139999 -169.035004
v -7.29000044 124.095009 -169.035004
v -7.29000044 121.139999 -174.75
v -7.29000044 121.139999 -169.035004
v -7.29000044 121.139999 -174.75
v -7.29000044 124.095009 -169.035004
v -7.29000044 124.095009 -174.75
v -7.29000044 124.095009 -169.035004
v -7.29000044 128.310013 -172.350021
v -7.29000044 124.095009 -174.75
v -7.29000044 128.310013 -172.350021
v -7.29000044 124.095009 -169.035004
v -7.29000044 128.310013 -169.035004
v 72.6300049 279.915009 -65.6100235
v 46.4700012 276.27002 -62.5650215
v 65.9700012 278.025024 -57.030014
v 46.4700012 276.27002 -62.5650215
v 72.6300049 279.915009 -65.6100235
v 45.045002 277.424988 -73.4100189
v 72.6300049 279.915009 -65.6100235
v 51.6900024 279.300018 -81.9900131
v 45.045002 277.424988 -73.4100189
v 51.6900024 279.300018 -81.9900131
v 72.6300049 279.915009 -65.6100235
v 71.2050095 281.070007 -76.4700241
v 71.2050095 281.070007 -76.4700241
v 62.5350037 280.815033 -83.2500229
v 51.6900024 279.300018 -81.9900131
v 95.7300034 449.715027 0.74998039
v 93.1950073 451.39502 0.809980333
v 94.6949997 451.500031 0.374980271
v 93.1950073 451.39502 0.809980333
v 95.7300034 449.715027 0.74998039
v 92.4450073 449.460052 1.91998053
v 97.695015 437.880035 5.30998135
v 92.4450073 449.460052 1.91998053
v 95.7300034 449.715027 0.74998039
v 92.4450073 449.460052 1.91998053
v 97.695015 437.880035 5.30998135
v 92.355011 437.460022 6.82498121
v 92.4450073 449.460052 -29.5200214
v 94.6949997 451.500031 -27.9750214
v 93.1950073 451.39502 -28.4100227
v 94.6949997 451.500031 -27.9750214
v 92.4450073 449.460052 -29.5200214
v 95.7300034 449.715027 -28.3500214
v 92.4450073 449.460052 -29.5200214
v 97.695015 437.880035 -32.9100227
v 95.7300034 449.715027 -28.3500214
v 97.695015 437.880035 -32.9100227
v 92.4450073 449.460052 -29.5200214
v 92.355011 437.460022 -34.4250183
v 103.740005 445.934998 -37.9950256
v 102.390015 454.665039 -33.5250206
v 102.720009 454.725067 -35.6550217
v 102.390015 454.665039 -33.5250206
v 103.740005 445.934998 -37.9950256
v 102.720009 445.77005 -31.4400215
v 105.030006 431.880035 -39.5100212
v 102.720009 445.77005 -31.4400215
v 103.740005 445.934998 -37.9950256
v 102.720009 445.77005 -31.4400215
v 105.030006 431.880035 -39.5100212
v 103.605003 431.595032 -30.300024
v 105 426.390076 -36.7650223
v 103.605003 431.595032 -30.300024
v 105.030006 431.880035 -39.5100212
v 103.605003 431.595032 -30.300024
v 105 426.390076 -36.7650223
v 104.460007 426.300049 -33.3000221
v 59.0699997 452.745056 -40.3500214
v 35.8950005 427.485016 -42.2250252
v 29.6100044 451.440033 -44.9850235
v 35.8950005 427.485016 -42.2250252
v 59.0699997 452.745056 -40.3500214
v 61.965004 436.125031 -38.1750221
v 59.4300079 412.500031 -37.6950226
v 35.8950005 427.485016 -42.2250252
v 61.965004 436.125031 -38.1750221
v 35.8950005 427.485016 -42.2250252
v 59.4300079 412.500031 -37.6950226
v 41.9400024 400.26004 -40.5300217
v 58.0050049 400.545013 -41.3100204
v 41.9400024 400.26004 -40.5300217
v 59.4300079 412.500031 -37.6950226
v 41.9400024 400.26004 -40.5300217
v 58.0050049 400.545013 -41.3100204
v 47.595005 390.345001 -43.1550217
v 102.390015 454.665039 -33.5250206
v 61.965004 436.125031 -38.1750221
v 59.0699997 452.745056 -40.3500214
v 61.965004 436.125031 -38.1750221
v 102.390015 454.665039 -33.5250206
v 102.720009 445.77005 -31.4400215
v 102.720009 445.77005 -31.4400215
v 72.4050064 419.535034 -35.5200195
v 61.965004 436.125031 -38.1750221
v 61.965004 436.125031 -38.1750221
v 72.4050064 419.535034 -35.5200195
v 59.4300079 412.500031 -37.6950226
v 78.6600037 414.840027 -37.6500206
v 59.4300079 412.500031 -37.6950226
v 72.4050064 419.535034 -35.5200195
v 59.4300079 412.500031 -37.6950226
v 78.6600037 414.840027 -37.6500206
v 58.0050049 400.545013 -41.3100204
v 72.4050064 419.535034 -35.5200195
v 102.720009 445.77005 -31.4400215
v 103.605003 431.595032 -30.300024
v 103.605003 431.595032 -30.300024
v 78.6600037 414.840027 -37.6500206
v 72.4050064 419.535034 -35.5200195
v 78.6600037 414.840027 -37.6500206
v 103.605003 431.595032 -30.300024
v 104.460007 426.300049 -33.3000221
v 78 80.8649979 -143.775024
v 78 87.4499969 -137.01001
v 78 87.4499969 -141.690018
v 78 87.4499969 -137.01001
v 78 80.8649979 -143.775024
v 78 80.8650055 -134.925018
v 78 61.364994 -143.775024
v 78 80.8650055 -134.925018
v 78 80.8649979 -143.775024
v 78 80.8650055 -134.925018
v 78 61.364994 -143.775024
v 78 61.3650017 -134.925018
v 78 54.4949989 -141.345016
v 78 61.3650017 -134.925018
v 78 61.364994 -143.775024
v 78 61.3650017 -134.925018
v 78 54.4949989 -141.345016
v 78 54.4949989 -137.355011
v -12.000001 -39.1349983 72.6150055
v 12.000001 -39.1349945 192.000015
v 12.000001 -39.1349983 72.6150055
v 12.000001 -39.1349945 192.000015
v -12.000001 -39.1349983 72.6150055
v -12.000001 -39.1349945 192.000015
v 70.5 -327.915039 17.4600163
v 49.7999992 -324.165009 13.5000162
v 70.5 -324.165009 13.5000162
v 49.7999992 -324.165009 13.5000162
v 70.5 -327.915039 17.4600163
v 49.2750015 -327.945007 17.4000149
v 70.5 -340.63501 19.5150146
v 49.2750015 -327.945007 17.4000149
v 70.5 -327.915039 17.4600163
v 49.2750015 -327.945007 17.4000149
v 70.5 -340.63501 19.5150146
v 46.1250038 -340.63501 19.5150146
v 70.5 -353.369995 17.4600163
v 46.1250038 -340.63501 19.5150146
v 70.5 -340.63501 19.5150146
v 46.1250038 -340.63501 19.5150146
v 70.5 -353.369995 17.4600163
v 42.8250008 -353.369995 17.4600163
v 70.5 -353.369995 17.4600163
v 42.8250008 -357.105042 13.5000162
v 42.8250008 -353.369995 17.4600163
v 42.8250008 -357.105042 13.5000162
v 70.5 -353.369995 17.4600163
v 70.5 -357.105042 13.5000162
v 12.000001 14.8650093 192.000015
v -12.000001 -39.1349945 192.000015
v -12.000001 14.8650093 192.000015
v -12.000001 -39.1349945 192.000015
v 12.000001 14.8650093 192.000015
v 12.000001 -39.1349945 192.000015
v 0.930000067 460.845032 64.769989
v -0.930000067 459.375031 36.5849838
v 0.930000067 459.375031 36.5849838
v -0.930000067 459.375031 36.5849838
v 0.930000067 460.845032 64.769989
v -0.930000067 460.845032 64.769989
v 0.930000067 462.91507 100.889992
v -0.930000067 460.845032 64.769989
v 0.930000067 460.845032 64.769989
v -0.930000067 460.845032 64.769989
v 0.930000067 462.91507 100.889992
v -0.930000067 462.91507 100.889992
v -4.99500084 447.150024 -106.500023
v 0.915000081 464.865051 -105.675026
v -0.915000081 464.865051 -105.675026
v 0.915000081 464.865051 -105.675026
v -4.99500084 447.150024 -106.500023
v 4.99500084 447.150024 -106.500023
v -4.99500084 447.150024 -106.500023
v 2.71500039 435.61499 -106.965027
v 4.99500084 447.150024 -106.500023
v 2.71500039 435.61499 -106.965027
v -4.99500084 447.150024 -106.500023
v -2.71500039 435.61499 -106.965027
v 26.625 272.865021 65.8499985
v 15.750001 318.165009 83.3999939
v 15.750001 318.165009 68.2499924
v 15.750001 318.165009 83.3999939
v 26.625 272.865021 65.8499985
v 26.625 272.865021 87.1499939
v 33.9000015 227.865021 64.3499985
v 26.625 272.865021 87.1499939
v 26.625 272.865021 65.8499985
v 26.625 272.865021 87.1499939
v 33.9000015 227.865021 64.3499985
v 33.9000015 227.865021 89.6999969
v 37.5000038 137.865005 64.3499985
v 33.9000015 227.865021 89.6999969
v 33.9000015 227.865021 64.3499985
v 33.9000015 227.865021 89.6999969
v 37.5000038 137.865005 64.3499985
v 37.5000038 137.865021 91.5
v -37.5000038 137.865005 64.3499985
v -33.9000015 227.865021 89.6999969
v -37.5000038 137.865021 91.5
v -33.9000015 227.865021 89.6999969
v -37.5000038 137.865005 64.3499985
v -33.9000015 227.865021 64.3499985
v -33.9000015 227.865021 64.3499985
v -26.625 272.865021 87.1499939
v -33.9000015 227.865021 89.6999969
v -26.625 272.865021 87.1499939
v -33.9000015 227.865021 64.3499985
v -26.625 272.865021 65.8499985
v -26.625 272.865021 65.8499985
v -15.750001 318.165009 83.3999939
v -26.625 272.865021 87.1499939
v -15.750001 318.165009 83.3999939
v -26.625 272.865021 65.8499985
v -15.750001 318.165009 68.2499924
v 59.8650017 295.650024 31.3199902
v 153.555008 296.925049 98.984993
v 51.510006 295.650024 48.0899925
v 153.555008 296.925049 98.984993
v 59.8650017 295.650024 31.3199902
v 161.925003 296.925049 82.1999893
v 206.490005 293.340027 -16.7700138
v 127.485008 278.115021 -20.3550148
v 136.740005 255.840012 -16.7700119
v 127.485008 278.115021 -20.3550148
v 206.490005 293.340027 -16.7700138
v 204.525009 307.785004 -20.0550156
v 199.785004 339.720032 -18.0600147
v 127.485008 278.115021 -20.3550148
v 204.525009 307.785004 -20.0550156
v 127.485008 278.115021 -20.3550148
v 199.785004 339.720032 -18.0600147
v 107.925003 324.735016 -18.3900146
v 195.690018 365.865021 -13.0500164
v 107.925003 324.735016 -18.3900146
v 199.785004 339.720032 -18.0600147
v 107.925003 324.735016 -18.3900146
v 195.690018 365.865021 -13.0500164
v 89.1900101 368.865021 -13.0500164
v -127.485008 278.115021 -20.3550148
v -206.490005 293.340027 -16.7700138
v -136.740005 255.840012 -16.7700119
v -206.490005 293.340027 -16.7700138
v -127.485008 278.115021 -20.3550148
v -204.525009 307.785004 -20.0550156
v -127.485008 278.115021 -20.3550148
v -199.785004 339.720032 -18.0600147
v -204.525009 307.785004 -20.0550156
v -199.785004 339.720032 -18.0600147
v -127.485008 278.115021 -20.3550148
v -107.925003 324.735016 -18.3900146
v -107.925003 324.735016 -18.3900146
v -195.690018 365.865021 -13.0500164
v -199.785004 339.720032 -18.0600147
v -195.690018 365.865021 -13.0500164
v -107.925003 324.735016 -18.3900146
v -89.1900101 368.865021 -13.0500164
v -51.510006 295.650024 48.0899925
v -153.555008 244.425034 98.9850006
v -153.555008 296.925049 98.984993
v -153.555008 244.425034 98.9850006
v -51.510006 295.650024 48.0899925
v -62.5050049 157.63501 53.579998
v -153.555008 296.925049 98.984993
v -59.8650017 295.650024 31.3199902
v -51.510006 295.650024 48.0899925
v -59.8650017 295.650024 31.3199902
v -153.555008 296.925049 98.984993
v -161.925003 296.925049 82.1999893
v -67.9500046 -407.685028 -21.5999832
v -67.9500046 -391.935059 -26.2499866
v -67.9500046 -391.935059 -21.5999851
v -67.9500046 -391.935059 -26.2499866
v -67.9500046 -407.685028 -21.5999832
v -67.9500046 -407.685028 -26.2499828
v 67.9500046 -391.935059 -26.2499866
v 67.9500046 -407.685028 -21.5999832
v 67.9500046 -391.935059 -21.5999851
v 67.9500046 -407.685028 -21.5999832
v 67.9500046 -391.935059 -26.2499866
v 67.9500046 -407.685028 -26.2499828
v -104.190002 432.345032 12.4799824
v -80.6100082 414.825043 15.299983
v -103.935013 427.065033 9.3299818
v -80.6100082 414.825043 15.299983
v -104.190002 432.345032 12.4799824
v -73.8600082 419.175049 20.2799835
v -57.2250061 411.360016 24.5999851
v -80.6100082 414.825043 15.299983
v -73.8600082 419.175049 20.2799835
v -80.6100082 414.825043 15.299983
v -57.2250061 411.360016 24.5999851
v -54.090004 399.27002 21.9599838
v -34.8900032 398.040039 30.4949837
v -54.090004 399.27002 21.9599838
v -57.2250061 411.360016 24.5999851
v -54.090004 399.27002 21.9599838
v -34.8900032 398.040039 30.4949837
v -40.7850037 388.440033 25.3199844
v -102.435013 446.475067 11.9099817
v -73.8600082 419.175049 20.2799835
v -104.190002 432.345032 12.4799824
v -73.8600082 419.175049 20.2799835
v -102.435013 446.475067 11.9099817
v -59.6100006 435.13501 23.0549812
v -73.8600082 419.175049 20.2799835
v -59.6100006 435.13501 23.0549812
v -57.2250061 411.360016 24.5999851
v -26.2050018 424.90506 32.0699844
v -57.2250061 411.360016 24.5999851
v -59.6100006 435.13501 23.0549812
v -57.2250061 411.360016 24.5999851
v -26.2050018 424.90506 32.0699844
v -34.8900032 398.040039 30.4949837
v -100.99501 455.340027 10.2299814
v -59.6100006 435.13501 23.0549812
v -102.435013 446.475067 11.9099817
v -59.6100006 435.13501 23.0549812
v -100.99501 455.340027 10.2299814
v -54.7800064 451.560059 22.6049824
v -54.7800064 451.560059 22.6049824
v -26.2050018 424.90506 32.0699844
v -59.6100006 435.13501 23.0549812
v -26.2050018 424.90506 32.0699844
v -54.7800064 451.560059 22.6049824
v -16.8300018 448.470062 32.7599831
v -101.745018 432.615021 3.47998142
v -103.935013 427.065033 9.3299818
v -103.020012 427.15506 5.93998194
v -103.935013 427.065033 9.3299818
v -101.745018 432.615021 3.47998142
v -104.190002 432.345032 12.4799824
v -101.745018 432.615021 3.47998142
v -102.435013 446.475067 11.9099817
v -104.190002 432.345032 12.4799824
v -102.435013 446.475067 11.9099817
v -101.745018 432.615021 3.47998142
v -100.710007 446.640045 5.51998091
v -100.710007 446.640045 5.51998091
v -100.99501 455.340027 10.2299814
v -102.435013 446.475067 11.9099817
v -100.99501 455.340027 10.2299814
v -100.710007 446.640045 5.51998091
v -100.425011 455.400024 8.14498043
v 80.6100082 414.825043 15.299983
v 104.190002 432.345032 12.4799824
v 103.935013 427.065033 9.3299818
v 104.190002 432.345032 12.4799824
v 80.6100082 414.825043 15.299983
v 73.8600082 419.175049 20.2799835
v 73.8600082 419.175049 20.2799835
v 102.435013 446.475067 11.9099817
v 104.190002 432.345032 12.4799824
v 102.435013 446.475067 11.9099817
v 73.8600082 419.175049 20.2799835
v 59.6100006 435.13501 23.0549812
v 59.6100006 435.13501 23.0549812
v 100.99501 455.340027 10.2299814
v 102.435013 446.475067 11.9099817
v 100.99501 455.340027 10.2299814
v 59.6100006 435.13501 23.0549812
v 54.7800064 451.560059 22.6049824
v 26.2050018 424.90506 32.0699844
v 54.7800064 451.560059 22.6049824
v 59.6100006 435.13501 23.0549812
v 54.7800064 451.560059 22.6049824
v 26.2050018 424.90506 32.0699844
v 16.8300018 448.470062 32.7599831
v 80.6100082 414.825043 15.299983
v 57.2250061 411.360016 24.5999851
v 73.8600082 419.175049 20.2799835
v 59.6100006 435.13501 23.0549812
v 73.8600082 419.175049 20.2799835
v 57.2250061 411.360016 24.5999851
v 57.2250061 411.360016 24.5999851
v 26.2050018 424.90506 32.0699844
v 59.6100006 435.13501 23.0549812
v 26.2050018 424.90506 32.0699844
v 57.2250061 411.360016 24.5999851
v 34.8900032 398.040039 30.4949837
v 54.090004 399.27002 21.9599838
v 34.8900032 398.040039 30.4949837
v 57.2250061 411.360016 24.5999851
v 34.8900032 398.040039 30.4949837
v 54.090004 399.27002 21.9599838
v 40.7850037 388.440033 25.3199844
v 57.2250061 411.360016 24.5999851
v 80.6100082 414.825043 15.299983
v 54.090004 399.27002 21.9599838
v 104.190002 432.345032 12.4799824
v 103.020012 427.15506 5.93998194
v 103.935013 427.065033 9.3299818
v 103.020012 427.15506 5.93998194
v 104.190002 432.345032 12.4799824
v 101.745018 432.615021 3.47998142
v 102.435013 446.475067 11.9099817
v 101.745018 432.615021 3.47998142
v 104.190002 432.345032 12.4799824
v 101.745018 432.615021 3.47998142
v 102.435013 446.475067 11.9099817
v 100.710007 446.640045 5.51998091
v 100.99501 455.340027 10.2299814
v 100.710007 446.640045 5.51998091
v 102.435013 446.475067 11.9099817
v 100.710007 446.640045 5.51998091
v 100.99501 455.340027 10.2299814
v 100.425011 455.400024 8.14498043
v -2.71500039 409.950043 -80.1150284
v -4.99500084 421.605011 -69.210022
v -2.71500039 392.970032 -70.8600235
v -4.99500084 421.605011 -69.210022
v -2.71500039 409.950043 -80.1150284
v -4.99500084 435.27002 -83.6250229
v -4.99500084 435.27002 -83.6250229
v -0.915000081 461.38504 -63.5700226
v -4.99500084 421.605011 -69.210022
v -0.915000081 461.38504 -63.5700226
v -4.99500084 435.27002 -83.6250229
v -0.915000081 462.795013 -80.6550293
v -4.99500084 435.27002 -83.6250229
v -0.915000081 464.865051 -105.675026
v -0.915000081 462.795013 -80.6550293
v -0.915000081 464.865051 -105.675026
v -4.99500084 435.27002 -83.6250229
v -4.99500084 447.150024 -106.500023
v -2.71500039 426.060028 -94.0950317
v -4.99500084 447.150024 -106.500023
v -4.99500084 435.27002 -83.6250229
v -4.99500084 447.150024 -106.500023
v -2.71500039 426.060028 -94.0950317
v -2.71500039 435.61499 -106.965027
v -4.99500084 435.27002 -83.6250229
v -2.71500039 409.950043 -80.1150284
v -2.71500039 426.060028 -94.0950317
v -39.5550041 108.510002 -75.2250137
v -39.7799988 76.3650055 -113.145012
v -39.5550041 108.510002 -113.145012
v -39.7799988 76.3650055 -113.145012
v -39.5550041 108.510002 -75.2250137
v -39.7799988 76.3650055 -75.2250137
v -39.7799988 76.3650055 -75.2250137
v -34.2000046 44.204998 -113.145012
v -39.7799988 76.3650055 -113.145012
v -34.2000046 44.204998 -113.145012
v -39.7799988 76.3650055 -75.2250137
v -34.2000046 44.204998 -75.2250061
v -34.2000046 44.204998 -75.2250061
v -20.1750011 13.6949968 -113.145012
v -34.2000046 44.204998 -113.145012
v -20.1750011 13.6949968 -113.145012
v -34.2000046 44.204998 -75.2250061
v -20.1750011 13.6949978 -75.2250061
v 0 -4.14000368 -76.4250107
v -20.1750011 13.6949968 -113.145012
v -20.1750011 13.6949978 -75.2250061
v -20.1750011 13.6949968 -113.145012
v 0 -4.14000368 -76.4250107
v 0 -4.14000511 -113.145004
v -97.695015 437.880035 -32.9100227
v -99.0750046 427.365051 5.30998135
v -99.0750046 427.365051 -32.9100227
v -99.0750046 427.365051 5.30998135
v -97.695015 437.880035 -32.9100227
v -97.695015 437.880035 5.30998135
v -97.695015 437.880035 -32.9100227
v -95.7300034 449.715027 0.74998039
v -97.695015 437.880035 5.30998135
v -95.7300034 449.715027 0.74998039
v -97.695015 437.880035 -32.9100227
v -95.7300034 449.715027 -28.3500214
v -94.6949997 451.500031 -27.9750214
v -95.7300034 449.715027 0.74998039
v -95.7300034 449.715027 -28.3500214
v -95.7300034 449.715027 0.74998039
v -94.6949997 451.500031 -27.9750214
v -94.6949997 451.500031 0.374980271
v -93.1950073 451.39502 -28.4100227
v -94.6949997 451.500031 0.374980271
v -94.6949997 451.500031 -27.9750214
v -94.6949997 451.500031 0.374980271
v -93.1950073 451.39502 -28.4100227
v -93.1950073 451.39502 0.809980333
v -147.000015 276.615021 -27.8700142
v -123.750008 329.490021 0.0149855986
v -147.000015 276.615021 5.36998796
v -123.750008 329.490021 0.0149855986
v -147.000015 276.615021 -27.8700142
v -123.750008 329.490021 -25.0050182
v -123.750008 329.490021 -25.0050182
v -100.500008 382.365021 -3.25501704
v -123.750008 329.490021 0.0149855986
v -100.500008 382.365021 -3.25501704
v -123.750008 329.490021 -25.0050182
v -100.500008 382.365021 -21.9600182
v 123.750008 329.490021 0.0149855986
v 147.000015 276.615021 -27.8700142
v 147.000015 276.615021 5.36998796
v 147.000015 276.615021 -27.8700142
v 123.750008 329.490021 0.0149855986
v 123.750008 329.490021 -25.0050182
v 100.500008 382.365021 -3.25501704
v 123.750008 329.490021 -25.0050182
v 123.750008 329.490021 0.0149855986
v 123.750008 329.490021 -25.0050182
v 100.500008 382.365021 -3.25501704
v 100.500008 382.365021 -21.9600182
v 0 66.0149994 -152.730026
v 15.8550005 81.8850021 -169.035004
v 0 66.0149994 -169.035004
v 15.8550005 81.8850021 -169.035004
v 0 66.0149994 -152.730026
v 15.8550005 81.8850021 -152.730026
v 23.3400002 104.445 -152.730026
v 15.8550005 81.8850021 -169.035004
v 15.8550005 81.8850021 -152.730026
v 15.8550005 81.8850021 -169.035004
v 23.3400002 104.445 -152.730026
v 23.3400002 104.445 -169.035004
v 23.3400002 104.445 -152.730026
v 23.3400002 135.285004 -169.035004
v 23.3400002 104.445 -169.035004
v 23.3400002 135.285004 -169.035004
v 23.3400002 104.445 -152.730026
v 23.3400002 135.285004 -152.730026
v 15.8550005 157.845001 -152.730026
v 23.3400002 135.285004 -169.035004
v 23.3400002 135.285004 -152.730026
v 23.3400002 135.285004 -169.035004
v 15.8550005 157.845001 -152.730026
v 15.8550005 157.845001 -169.035019
v 15.8550005 157.845001 -152.730026
v 0 173.715012 -169.035019
v 15.8550005 157.845001 -169.035019
v 0 173.715012 -169.035019
v 15.8550005 157.845001 -152.730026
v 0 173.715012 -152.730026
v 27.7950001 220.665024 -94.3950195
v -30.4950027 146.220001 -94.3950119
v 30.4950027 146.220001 -94.3950119
v -30.4950027 146.220001 -94.3950119
v 27.7950001 220.665024 -94.3950195
v -27.7950001 220.665024 -94.3950195
v 21.5700016 260.38504 -94.3950195
v -27.7950001 220.665024 -94.3950195
v 27.7950001 220.665024 -94.3950195
v -27.7950001 220.665024 -94.3950195
v 21.5700016 260.38504 -94.3950195
v -21.5700016 260.38504 -94.3950195
v 10.2600012 287.370026 -94.3950195
v -21.5700016 260.38504 -94.3950195
v 21.5700016 260.38504 -94.3950195
v -21.5700016 260.38504 -94.3950195
v 10.2600012 287.370026 -94.3950195
v -10.2600012 287.370026 -94.3950195
v 0 294.27002 -94.3950195
v -10.2600012 287.370026 -94.3950195
v 10.2600012 287.370026 -94.3950195
v 17.3400021 -430.935028 73.5000229
v 0 -436.335022 50.010025
v 0 -436.335022 73.5000229
v 0 -436.335022 50.010025
v 17.3400021 -430.935028 73.5000229
v 17.3400021 -430.935028 36.2400246
v 30.9000034 -415.035034 73.5000229
v 17.3400021 -430.935028 36.2400246
v 17.3400021 -430.935028 73.5000229
v 17.3400021 -430.935028 36.2400246
v 30.9000034 -415.035034 73.5000229
v 30.9000034 -415.035034 26.1600208
v 30.9000034 -415.035034 73.5000229
v 36 -387.735016 37.2300224
v 30.9000034 -415.035034 26.1600208
v 36 -387.735016 37.2300224
v 30.9000034 -415.035034 73.5000229
v 36 -387.735016 73.5000229
v 36 -367.080017 47.8350182
v 36 -387.735016 37.2300224
v 36 -387.735016 73.5000229
v 36 -328.619995 56.7600174
v 36 -367.080017 47.8350182
v 36 -387.735016 73.5000229
v 36 -214.63501 73.5000153
v 36 -328.619995 56.7600174
v 36 -387.735016 73.5000229
v 36 -328.619995 56.7600174
v 36 -214.63501 73.5000153
v 36 -214.63501 62.9100151
v 3.75000048 140.565002 -170.925018
v 5.44500017 139.860001 -169.035019
v 3.75000048 140.565002 -169.035019
v 5.44500017 139.860001 -169.035019
v 3.75000048 140.565002 -170.925018
v 5.44500017 139.860001 -170.925018
v 5.44500017 139.860001 -170.925018
v 6.15000057 138.165009 -169.035019
v 5.44500017 139.860001 -169.035019
v 6.15000057 138.165009 -169.035019
v 5.44500017 139.860001 -170.925018
v 6.15000057 138.165009 -170.925018
v 6.15000057 138.165009 -170.925018
v 5.44500017 136.470001 -169.035019
v 6.15000057 138.165009 -169.035019
v 5.44500017 136.470001 -169.035019
v 6.15000057 138.165009 -170.925018
v 5.44500017 136.470001 -170.925018
v 5.44500017 136.470001 -170.925018
v 3.75000048 135.764999 -169.035004
v 5.44500017 136.470001 -169.035019
v 3.75000048 135.764999 -169.035004
v 5.44500017 136.470001 -170.925018
v 3.75000048 135.764999 -170.925018
v 3.75000048 135.764999 -170.925018
v -3.75000048 135.764999 -169.035004
v 3.75000048 135.764999 -169.035004
v -3.75000048 135.764999 -169.035004
v 3.75000048 135.764999 -170.925018
v -3.75000048 135.764999 -170.925018
v -5.44500017 136.470001 -170.925018
v -3.75000048 135.764999 -169.035004
v -3.75000048 135.764999 -170.925018
v -3.75000048 135.764999 -169.035004
v -5.44500017 136.470001 -170.925018
v -5.44500017 136.470001 -169.035019
v -6.15000057 138.165009 -170.925018
v -5.44500017 136.470001 -169.035019
v -5.44500017 136.470001 -170.925018
v -5.44500017 136.470001 -169.035019
v -6.15000057 138.165009 -170.925018
v -6.15000057 138.165009 -169.035019
v -5.44500017 139.860001 -170.925018
v -6.15000057 138.165009 -169.035019
v -6.15000057 138.165009 -170.925018
v -6.15000057 138.165009 -169.035019
v -5.44500017 139.860001 -170.925018
v -5.44500017 139.860001 -169.035019
v -3.75000048 140.565002 -170.925018
v -5.44500017 139.860001 -169.035019
v -5.44500017 139.860001 -170.925018
v -5.44500017 139.860001 -169.035019
v -3.75000048 140.565002 -170.925018
v -3.75000048 140.565002 -169.035019
v -3.75000048 140.565002 -170.925018
v 3.75000048 140.565002 -169.035019
v -3.75000048 140.565002 -169.035019
v 3.75000048 140.565002 -169.035019
v -3.75000048 140.565002 -170.925018
v 3.75000048 140.565002 -170.925018
v -13.710001 128.310013 -172.350021
v -7.29000044 128.310013 -169.035004
v -13.710001 128.310013 -169.035004
v -7.29000044 128.310013 -169.035004
v -13.710001 128.310013 -172.350021
v -7.29000044 128.310013 -172.350021
v -13.710001 124.095009 -174.75
v -7.29000044 128.310013 -172.350021
v -13.710001 128.310013 -172.350021
v -7.29000044 128.310013 -172.350021
v -13.710001 124.095009 -174.75
v -7.29000044 124.095009 -174.75
v -13.710001 121.139999 -174.75
v -7.29000044 124.095009 -174.75
v -13.710001 124.095009 -174.75
v -7.29000044 124.095009 -174.75
v -13.710001 121.139999 -174.75
v -7.29000044 121.139999 -174.75
v -13.710001 121.139999 -174.75
v -8.37000084 119.084999 -174.75
v -7.29000044 121.139999 -174.75
v -8.37000084 119.084999 -174.75
v -13.710001 121.139999 -174.75
v -12.630002 119.084999 -174.75
v -12.630002 119.084999 -174.75
v -10.500001 118.125008 -174.75
v -8.37000084 119.084999 -174.75
v 92.4450073 449.460052 1.91998053
v 93.1950073 451.39502 -28.4100227
v 93.1950073 451.39502 0.809980333
v 93.1950073 451.39502 -28.4100227
v 92.4450073 449.460052 1.91998053
v 92.4450073 449.460052 -29.5200214
v 92.4450073 449.460052 1.91998053
v 92.355011 437.460022 -34.4250183
v 92.4450073 449.460052 -29.5200214
v 92.355011 437.460022 -34.4250183
v 92.4450073 449.460052 1.91998053
v 92.355011 437.460022 6.82498121
v 92.355011 437.460022 6.82498121
v 92.6400146 426.855011 -34.4250183
v 92.355011 437.460022 -34.4250183
v 92.6400146 426.855011 -34.4250183
v 92.355011 437.460022 6.82498121
v 92.6400146 426.855011 6.82498217
v 92.6400146 426.855011 -34.4250183
v 99.0750046 427.365051 5.30998135
v 99.0750046 427.365051 -32.9100227
v 99.0750046 427.365051 5.30998135
v 92.6400146 426.855011 -34.4250183
v 92.6400146 426.855011 6.82498217
v 59.0699997 452.745056 -40.3500214
v 102.720009 454.725067 -35.6550217
v 102.390015 454.665039 -33.5250206
v 102.720009 454.725067 -35.6550217
v 59.0699997 452.745056 -40.3500214
v 59.4000015 452.805023 -42.4650269
v 29.6100044 451.440033 -44.9850235
v 59.4000015 452.805023 -42.4650269
v 59.0699997 452.745056 -40.3500214
v 59.4000015 452.805023 -42.4650269
v 29.6100044 451.440033 -44.9850235
v 29.9400024 451.485046 -47.1000252
v 78 54.4949989 -141.345016
v 26.2350006 57.8549957 -143.775024
v 20.7300014 47.5199966 -141.345016
v 26.2350006 57.8549957 -143.775024
v 78 54.4949989 -141.345016
v 78 61.364994 -143.775024
v 78 61.364994 -143.775024
v 36.3750038 86.8050003 -143.775024
v 26.2350006 57.8549957 -143.775024
v 36.3750038 86.8050003 -143.775024
v 78 61.364994 -143.775024
v 78 80.8649979 -143.775024
v 78 80.8649979 -143.775024
v 38.4150009 94.9199982 -141.690018
v 36.3750038 86.8050003 -143.775024
v 38.4150009 94.9199982 -141.690018
v 78 80.8649979 -143.775024
v 78 87.4499969 -141.690018
v 78 87.4499969 -137.01001
v 38.4150009 94.9199982 -141.690018
v 78 87.4499969 -141.690018
v 38.4150009 94.9199982 -141.690018
v 78 87.4499969 -137.01001
v 38.4150009 94.9199982 -137.01001
v 12.000001 129.180008 72.6150055
v -12.000001 83.7600021 127.500008
v -12.000001 129.180008 72.6150055
v -12.000001 83.7600021 127.500008
v 12.000001 129.180008 72.6150055
v 12.000001 83.7600021 127.500008
v 12.000001 83.7600021 127.500008
v -12.000001 14.8650093 192.000015
v -12.000001 83.7600021 127.500008
v -12.000001 14.8650093 192.000015
v 12.000001 83.7600021 127.500008
v 12.000001 14.8650093 192.000015
v 2.71500039 409.950043 -80.1150284
v -2.71500039 392.970032 -70.8600235
v 2.71500039 392.970032 -70.8600235
v -2.71500039 392.970032 -70.8600235
v 2.71500039 409.950043 -80.1150284
v -2.71500039 409.950043 -80.1150284
v 2.71500039 426.060028 -94.0950317
v -2.71500039 409.950043 -80.1150284
v 2.71500039 409.950043 -80.1150284
v -2.71500039 409.950043 -80.1150284
v 2.71500039 426.060028 -94.0950317
v -2.71500039 426.060028 -94.0950317
v 2.71500039 435.61499 -106.965027
v -2.71500039 426.060028 -94.0950317
v 2.71500039 426.060028 -94.0950317
v -2.71500039 426.060028 -94.0950317
v 2.71500039 435.61499 -106.965027
v -2.71500039 435.61499 -106.965027
v -37.5000038 137.865005 64.3499985
v 37.5000038 137.865021 91.5
v 37.5000038 137.865005 64.3499985
v 37.5000038 137.865021 91.5
v -37.5000038 137.865005 64.3499985
v -37.5000038 137.865021 91.5
v 59.8650017 295.650024 31.3199902
v 161.925003 244.425034 82.1999893
v 161.925003 296.925049 82.1999893
v 161.925003 244.425034 82.1999893
v 59.8650017 295.650024 31.3199902
v 70.8750076 157.63501 36.7949944
v 127.485008 278.115021 -20.3550148
v 136.740005 255.840012 -9.42001152
v 136.740005 255.840012 -16.7700119
v 136.740005 255.840012 -9.42001152
v 127.485008 278.115021 -20.3550148
v 127.485008 278.115021 -5.77501249
v -127.485008 278.115021 -5.77501249
v -136.740005 255.840012 -16.7700119
v -136.740005 255.840012 -9.42001152
v -136.740005 255.840012 -16.7700119
v -127.485008 278.115021 -5.77501249
v -127.485008 278.115021 -20.3550148
v -107.925003 324.735016 -7.71001482
v -195.690018 365.865021 -13.0500164
v -89.1900101 368.865021 -13.0500164
v -195.690018 365.865021 -13.0500164
v -107.925003 324.735016 -7.71001482
v -199.785004 339.720032 -8.04001522
v -127.485008 278.115021 -5.77501249
v -199.785004 339.720032 -8.04001522
v -107.925003 324.735016 -7.71001482
v -199.785004 339.720032 -8.04001522
v -127.485008 278.115021 -5.77501249
v -204.525009 307.800018 -6.09001398
v -127.485008 278.115021 -5.77501249
v -206.490005 293.340027 -9.42001343
v -204.525009 307.800018 -6.09001398
v -206.490005 293.340027 -9.42001343
v -127.485008 278.115021 -5.77501249
v -136.740005 255.840012 -9.42001152
v -70.8750076 157.63501 36.7949944
v -161.925003 296.925049 82.1999893
v -161.925003 244.425034 82.1999893
v -161.925003 296.925049 82.1999893
v -70.8750076 157.63501 36.7949944
v -59.8650017 295.650024 31.3199902
v -126.87001 176.475006 -54.3450165
v -123.270012 130.050003 -14.9250069
v -123.12001 130.695007 -51.9450111
v -123.270012 130.050003 -14.9250069
v -126.87001 176.475006 -54.3450165
v -127.020012 175.800034 9.07499218
v -130.62001 222.195023 -51.945015
v -127.020012 175.800034 9.07499218
v -126.87001 176.475006 -54.3450165
v -127.020012 175.800034 9.07499218
v -130.62001 222.195023 -51.945015
v -130.77002 221.550034 13.5749912
v -96.015007 265.590027 -61.8900185
v -130.77002 221.550034 13.5749912
v -130.62001 222.195023 -51.945015
v -130.77002 221.550034 13.5749912
v -96.015007 265.590027 -61.8900185
v -94.7850037 264.540039 26.8049908
v -96.015007 265.590027 -61.8900185
v -62.1150055 332.865021 -62.1900177
v -94.7850037 264.540039 26.8049908
v -42.375 -427.860046 -21.5999813
v -67.9500046 -407.685028 -26.2499828
v -67.9500046 -407.685028 -21.5999832
v -67.9500046 -407.685028 -26.2499828
v -42.375 -427.860046 -21.5999813
v -42.375 -427.860046 -26.2499828
v 127.020012 175.800034 9.07499218
v 123.12001 130.695007 -51.9450111
v 123.270012 130.050003 -14.9250069
v 123.12001 130.695007 -51.9450111
v 127.020012 175.800034 9.07499218
v 126.87001 176.475006 -54.3450165
v 127.020012 175.800034 9.07499218
v 130.62001 222.195023 -51.945015
v 126.87001 176.475006 -54.3450165
v 130.62001 222.195023 -51.945015
v 127.020012 175.800034 9.07499218
v 130.77002 221.550034 13.5749912
v 130.77002 221.550034 13.5749912
v 96.015007 265.590027 -61.8900185
v 130.62001 222.195023 -51.945015
v 96.015007 265.590027 -61.8900185
v 130.77002 221.550034 13.5749912
v 94.7850037 264.540039 26.8049908
v 62.1150055 332.865021 -62.1900177
v 96.015007 265.590027 -61.8900185
v 94.7850037 264.540039 26.8049908
v 67.9500046 -407.685028 -26.2499828
v 42.375 -427.860046 -21.5999813
v 67.9500046 -407.685028 -21.5999832
v 42.375 -427.860046 -21.5999813
v 67.9500046 -407.685028 -26.2499828
v 42.375 -427.860046 -26.2499828
v -53.9850044 293.580017 -66.6000214
v -90.7050095 217.245026 -61.0800133
v -64.5 189.615005 -68.2500153
v -90.7050095 217.245026 -61.0800133
v -53.9850044 293.580017 -66.6000214
v -77.5950089 303.975006 -59.1450195
v -119.055008 247.155014 -47.3550148
v -90.7050095 217.245026 -61.0800133
v -77.5950089 303.975006 -59.1450195
v -105.600006 317.835022 -43.1850166
v -119.055008 247.155014 -47.3550148
v -77.5950089 303.975006 -59.1450195
v -147.000015 276.615021 -27.8700142
v -119.055008 247.155014 -47.3550148
v -105.600006 317.835022 -43.1850166
v -123.750008 329.490021 -25.0050182
v -147.000015 276.615021 -27.8700142
v -105.600006 317.835022 -43.1850166
v -100.500008 382.365021 -21.9600182
v -123.750008 329.490021 -25.0050182
v -105.600006 317.835022 -43.1850166
v -71.0700073 382.365021 -37.9350204
v -100.500008 382.365021 -21.9600182
v -105.600006 317.835022 -43.1850166
v -52.2000008 382.365021 -44.6700211
v -77.5950089 303.975006 -59.1450195
v -53.9850044 293.580017 -66.6000214
v -77.5950089 303.975006 -59.1450195
v -52.2000008 382.365021 -44.6700211
v -71.0700073 382.365021 -37.9350204
v -71.0700073 382.365021 -37.9350204
v -105.600006 317.835022 -43.1850166
v -77.5950089 303.975006 -59.1450195
v -26.2350006 57.8549957 -143.775024
v -78 54.4949989 -141.345016
v -20.7300014 47.5199966 -141.345016
v -78 54.4949989 -141.345016
v -26.2350006 57.8549957 -143.775024
v -78 61.364994 -143.775024
v -36.3750038 86.8050003 -143.775024
v -78 61.364994 -143.775024
v -26.2350006 57.8549957 -143.775024
v -78 61.364994 -143.775024
v -36.3750038 86.8050003 -143.775024
v -78 80.8649979 -143.775024
v -38.4150009 94.9199982 -141.690018
v -78 80.8649979 -143.775024
v -36.3750038 86.8050003 -143.775024
v -78 80.8649979 -143.775024
v -38.4150009 94.9199982 -141.690018
v -78 87.4499969 -141.690018
v -38.4150009 94.9199982 -141.690018
v -78 87.4499969 -137.01001
v -78 87.4499969 -141.690018
v -78 87.4499969 -137.01001
v -38.4150009 94.9199982 -141.690018
v -38.4150009 94.9199982 -137.01001
v -36 -214.63501 62.9100151
v 0 -157.26001 76.5150146
v 0 -214.63501 73.5000153
v 0 -157.26001 76.5150146
v -36 -214.63501 62.9100151
v -54.5699997 -157.38002 58.6200104
v -54.5699997 -157.38002 58.6200104
v 0 112.365013 78.0299988
v 0 -157.26001 76.5150146
v 0 112.365013 78.0299988
v -54.5699997 -157.38002 58.6200104
v -65.6250076 112.275009 56.4449997
v -48.3900032 322.065033 57.4049873
v 0 112.365013 78.0299988
v -65.6250076 112.275009 56.4449997
v 0 112.365013 78.0299988
v -48.3900032 322.065033 57.4049873
v 0 322.695007 76.7249908
v 0 322.695007 76.7249908
v -48.3900032 322.065033 57.4049873
v -38.9700012 359.625031 57.2099838
v 0 378.360016 71.6399918
v 0 322.695007 76.7249908
v -38.9700012 359.625031 57.2099838
v -36 -214.63501 62.9100151
v -36 -328.619995 56.7600174
v -54.5699997 -157.38002 58.6200104
v -54.5699997 -157.38002 58.6200104
v -36 -328.619995 56.7600174
v -61.5600052 -285.839996 28.3200169
v -54.5699997 -157.38002 58.6200104
v -61.5600052 -285.839996 28.3200169
v -76.5000076 -156.915009 29.0700092
v -76.5000076 -156.915009 29.0700092
v -65.6250076 112.275009 56.4449997
v -54.5699997 -157.38002 58.6200104
v -65.6250076 112.275009 56.4449997
v -76.5000076 -156.915009 29.0700092
v -83.9700089 111.930008 29.2949963
v -65.8350067 321.51004 29.0399876
v -65.6250076 112.275009 56.4449997
v -83.9700089 111.930008 29.2949963
v -65.6250076 112.275009 56.4449997
v -65.8350067 321.51004 29.0399876
v -48.3900032 322.065033 57.4049873
v -48.3900032 322.065033 57.4049873
v -65.8350067 321.51004 29.0399876
v -38.9700012 359.625031 57.2099838
v -38.9700012 359.625031 57.2099838
v -65.8350067 321.51004 29.0399876
v -52.4400024 381.720062 26.9999847
v -38.9700012 359.625031 57.2099838
v -52.4400024 381.720062 26.9999847
v -28.2150021 397.140045 54.644989
v -28.2150021 397.140045 54.644989
v 0 378.360016 71.6399918
v -38.9700012 359.625031 57.2099838
v 0 435.465027 57.1349831
v 0 378.360016 71.6399918
v -28.2150021 397.140045 54.644989
v -36 -328.619995 56.7600174
v -36 -367.080017 47.8350182
v -61.5600052 -285.839996 28.3200169
v -61.5600052 -285.839996 28.3200169
v -36 -367.080017 47.8350182
v -36 -387.735016 37.2300224
v -61.5600052 -285.839996 28.3200169
v -36 -387.735016 37.2300224
v -55.2000046 -297.88504 -3.65998745
v -69.6450043 -157.590027 -3.62999344
v -61.5600052 -285.839996 28.3200169
v -55.2000046 -297.88504 -3.65998745
v -61.5600052 -285.839996 28.3200169
v -69.6450043 -157.590027 -3.62999344
v -76.5000076 -156.915009 29.0700092
v -76.4100037 112.32 -3.84000492
v -76.5000076 -156.915009 29.0700092
v -69.6450043 -157.590027 -3.62999344
v -76.5000076 -156.915009 29.0700092
v -76.4100037 112.32 -3.84000492
v -83.9700089 111.930008 29.2949963
v -76.4100037 112.32 -3.84000492
v -65.8350067 321.51004 29.0399876
v -83.9700089 111.930008 29.2949963
v -65.8350067 321.51004 29.0399876
v -76.4100037 112.32 -3.84000492
v -61.8300056 322.769989 -3.6750145
v -65.8350067 321.51004 29.0399876
v -61.8300056 322.769989 -3.6750145
v -52.4400024 381.720062 26.9999847
v -52.4400024 381.720062 26.9999847
v -61.8300056 322.769989 -3.6750145
v -47.3250008 404.89505 -3.42001796
v -52.4400024 381.720062 26.9999847
v -47.3250008 404.89505 -3.42001796
v -33.5100021 439.875031 22.7999821
v -28.2150021 397.140045 54.644989
v -52.4400024 381.720062 26.9999847
v -33.5100021 439.875031 22.7999821
v 0 435.465027 57.1349831
v -28.2150021 397.140045 54.644989
v -33.5100021 439.875031 22.7999821
v 0 468.555023 33.6899796
v 0 435.465027 57.1349831
v -33.5100021 439.875031 22.7999821
v -36 -387.735016 37.2300224
v -32.3400002 -428.14505 -3.47998166
v -55.2000046 -297.88504 -3.65998745
v -32.3400002 -428.14505 -3.47998166
v -67.0650024 -297.51004 -23.5049896
v -55.2000046 -297.88504 -3.65998745
v -67.0650024 -297.51004 -23.5049896
v -69.6450043 -157.590027 -3.62999344
v -55.2000046 -297.88504 -3.65998745
v -69.6450043 -157.590027 -3.62999344
v -67.0650024 -297.51004 -23.5049896
v -81.4049988 -157.305008 -24.1649952
v -81.4049988 -157.305008 -24.1649952
v -76.4100037 112.32 -3.84000492
v -69.6450043 -157.590027 -3.62999344
v -76.4100037 112.32 -3.84000492
v -81.4049988 -157.305008 -24.1649952
v -88.0350037 112.140007 -25.1550064
v -69.7200089 322.350006 -22.6350155
v -76.4100037 112.32 -3.84000492
v -88.0350037 112.140007 -25.1550064
v -76.4100037 112.32 -3.84000492
v -69.7200089 322.350006 -22.6350155
v -61.8300056 322.769989 -3.6750145
v -61.8300056 322.769989 -3.6750145
v -69.7200089 322.350006 -22.6350155
v -47.3250008 404.89505 -3.42001796
v -30.9000034 -415.035034 26.1600208
v -32.3400002 -428.14505 -3.47998166
v -36 -387.735016 37.2300224
v -30.9000034 -415.035034 26.1600208
v -19.7100029 -436.53006 29.0700226
v -32.3400002 -428.14505 -3.47998166
v -19.7100029 -436.53006 29.0700226
v -19.4099998 -471.840027 -3.89997983
v -32.3400002 -428.14505 -3.47998166
v -19.4099998 -471.840027 -3.89997983
v -43.2900047 -436.77005 -24.1199818
v -32.3400002 -428.14505 -3.47998166
v -67.0650024 -297.51004 -23.5049896
v -32.3400002 -428.14505 -3.47998166
v -43.2900047 -436.77005 -24.1199818
v -43.2900047 -436.77005 -24.1199818
v -67.9500046 -297.570038 -40.0799904
v -67.0650024 -297.51004 -23.5049896
v -67.9500046 -297.570038 -40.0799904
v -81.4049988 -157.305008 -24.1649952
v -67.0650024 -297.51004 -23.5049896
v -81.4049988 -157.305008 -24.1649952
v -67.9500046 -297.570038 -40.0799904
v -81.090004 -157.395004 -39.6749954
v -87.1200027 112.215004 -39.1650085
v -81.4049988 -157.305008 -24.1649952
v -81.090004 -157.395004 -39.6749954
v -81.4049988 -157.305008 -24.1649952
v -87.1200027 112.215004 -39.1650085
v -88.0350037 112.140007 -25.1550064
v -17.3400021 -430.935028 36.2400246
v -19.7100029 -436.53006 29.0700226
v -30.9000034 -415.035034 26.1600208
v 0 -436.335022 50.010025
v -19.7100029 -436.53006 29.0700226
v -17.3400021 -430.935028 36.2400246
v -19.7100029 -436.53006 29.0700226
v 0 -436.335022 50.010025
v 0 -467.070038 28.1250229
v 0 -467.070038 28.1250229
v -19.4099998 -471.840027 -3.89997983
v -19.7100029 -436.53006 29.0700226
v -19.4099998 -471.840027 -3.89997983
v 0 -467.070038 28.1250229
v 0 -503.745026 -5.53497839
v 0 -505.215027 -22.6049805
v -19.4099998 -471.840027 -3.89997983
v 0 -503.745026 -5.53497839
v -19.4099998 -471.840027 -3.89997983
v 0 -505.215027 -22.6049805
v -27.4800014 -474.015045 -22.7999802
v -43.2900047 -436.77005 -24.1199818
v -19.4099998 -471.840027 -3.89997983
v -27.4800014 -474.015045 -22.7999802
v -27.4800014 -474.015045 -22.7999802
v -44.8950043 -439.755035 -40.6949806
v -43.2900047 -436.77005 -24.1199818
v -67.9500046 -297.570038 -40.0799904
v -43.2900047 -436.77005 -24.1199818
v -44.8950043 -439.755035 -40.6949806
v -44.8950043 -439.755035 -40.6949806
v -54.6450043 -299.805023 -61.9049911
v -67.9500046 -297.570038 -40.0799904
v -66.0450058 -157.230026 -61.7550011
v -67.9500046 -297.570038 -40.0799904
v -54.6450043 -299.805023 -61.9049911
v -67.9500046 -297.570038 -40.0799904
v -66.0450058 -157.230026 -61.7550011
v -81.090004 -157.395004 -39.6749954
v -66.0450058 -157.230026 -61.7550011
v -87.1200027 112.215004 -39.1650085
v -81.090004 -157.395004 -39.6749954
v -87.1200027 112.215004 -39.1650085
v -66.0450058 -157.230026 -61.7550011
v -71.6550064 113.490005 -61.5000114
v -71.6550064 113.490005 -61.5000114
v -70.2300034 322.335022 -36.8850174
v -87.1200027 112.215004 -39.1650085
v -70.2300034 322.335022 -36.8850174
v -88.0350037 112.140007 -25.1550064
v -87.1200027 112.215004 -39.1650085
v 0 -505.215027 -22.6049805
v -29.9700012 -475.590027 -40.7399826
v -27.4800014 -474.015045 -22.7999802
v -44.8950043 -439.755035 -40.6949806
v -27.4800014 -474.015045 -22.7999802
v -29.9700012 -475.590027 -40.7399826
v -29.9700012 -475.590027 -40.7399826
v -37.3800049 -444.705048 -59.9249878
v -44.8950043 -439.755035 -40.6949806
v -54.6450043 -299.805023 -61.9049911
v -44.8950043 -439.755035 -40.6949806
v -37.3800049 -444.705048 -59.9249878
v -37.3800049 -444.705048 -59.9249878
v -34.0800018 -302.730011 -77.2199936
v -54.6450043 -299.805023 -61.9049911
v -42.765007 -157.62001 -76.9500046
v -54.6450043 -299.805023 -61.9049911
v -34.0800018 -302.730011 -77.2199936
v -54.6450043 -299.805023 -61.9049911
v -42.765007 -157.62001 -76.9500046
v -66.0450058 -157.230026 -61.7550011
v -51.6000061 112.32 -75.0750122
v -66.0450058 -157.230026 -61.7550011
v -42.765007 -157.62001 -76.9500046
v -66.0450058 -157.230026 -61.7550011
v -51.6000061 112.32 -75.0750122
v -71.6550064 113.490005 -61.5000114
v -51.6000061 112.32 -75.0750122
v -56.3550034 322.845001 -58.6650162
v -71.6550064 113.490005 -61.5000114
v -70.2300034 322.335022 -36.8850174
v -71.6550064 113.490005 -61.5000114
v -56.3550034 322.845001 -58.6650162
v -29.9700012 -475.590027 -40.7399826
v 0 -505.215027 -22.6049805
v 0 -506.250031 -40.7249794
v 0 -506.250031 -40.7249794
v -25.3050022 -477.765076 -61.8299828
v -29.9700012 -475.590027 -40.7399826
v -37.3800049 -444.705048 -59.9249878
v -29.9700012 -475.590027 -40.7399826
v -25.3050022 -477.765076 -61.8299828
v -25.3050022 -477.765076 -61.8299828
v -23.9100037 -447.480042 -74.2799911
v -37.3800049 -444.705048 -59.9249878
v -34.0800018 -302.730011 -77.2199936
v -37.3800049 -444.705048 -59.9249878
v -23.9100037 -447.480042 -74.2799911
v 0 -444.210052 -77.9999847
v -34.0800018 -302.730011 -77.2199936
v -23.9100037 -447.480042 -74.2799911
v -34.0800018 -302.730011 -77.2199936
v 0 -444.210052 -77.9999847
v 0 -301.005035 -77.9999924
v 0 -157.63501 -78
v -34.0800018 -302.730011 -77.2199936
v 0 -301.005035 -77.9999924
v -34.0800018 -302.730011 -77.2199936
v 0 -157.63501 -78
v -42.765007 -157.62001 -76.9500046
v 0 112.350006 -77.1600113
v -42.765007 -157.62001 -76.9500046
v 0 -157.63501 -78
v -42.765007 -157.62001 -76.9500046
v 0 112.350006 -77.1600113
v -51.6000061 112.32 -75.0750122
v -25.3050022 -477.765076 -61.8299828
v 0 -506.250031 -40.7249794
v 0 -507.180054 -63.8999825
v 0 -507.180054 -63.8999825
v 0 -504.810028 -70.6049881
v -25.3050022 -477.765076 -61.8299828
v 0 -504.810028 -70.6049881
v -18.2850018 -478.440033 -72.9449768
v -25.3050022 -477.765076 -61.8299828
v -23.9100037 -447.480042 -74.2799911
v -25.3050022 -477.765076 -61.8299828
v -18.2850018 -478.440033 -72.9449768
v 0 -481.02005 -77.234993
v -23.9100037 -447.480042 -74.2799911
v -18.2850018 -478.440033 -72.9449768
v -23.9100037 -447.480042 -74.2799911
v 0 -481.02005 -77.234993
v 0 -444.210052 -77.9999847
v -18.2850018 -478.440033 -72.9449768
v 0 -504.810028 -70.6049881
v 0 -496.575012 -75.0749893
v -18.2850018 -478.440033 -72.9449768
v 0 -496.575012 -75.0749893
v 0 -481.02005 -77.234993
v -88.0350037 112.140007 -25.1550064
v -70.2300034 322.335022 -36.8850174
v -69.7200089 322.350006 -22.6350155
v -69.7200089 322.350006 -22.6350155
v -70.2300034 322.335022 -36.8850174
v -52.2750053 404.610046 -37.9050179
v -47.3250008 404.89505 -3.42001796
v -69.7200089 322.350006 -22.6350155
v -52.2750053 404.610046 -37.9050179
v -38.340004 452.160004 -37.6800194
v -47.3250008 404.89505 -3.42001796
v -52.2750053 404.610046 -37.9050179
v -47.3250008 404.89505 -3.42001796
v -38.340004 452.160004 -37.6800194
v -36.3300018 449.834991 -4.84501982
v -47.3250008 404.89505 -3.42001796
v -36.3300018 449.834991 -4.84501982
v -33.5100021 439.875031 22.7999821
v -36.3300018 449.834991 -4.84501982
v -18.0750008 490.590027 -3.82502174
v -33.5100021 439.875031 22.7999821
v -33.5100021 439.875031 22.7999821
v -18.0750008 490.590027 -3.82502174
v 0 468.555023 33.6899796
v -56.3550034 322.845001 -58.6650162
v -52.2750053 404.610046 -37.9050179
v -70.2300034 322.335022 -36.8850174
v -52.2750053 404.610046 -37.9050179
v -56.3550034 322.845001 -58.6650162
v -41.4750023 406.470032 -58.8600197
v -38.340004 452.160004 -37.6800194
v -52.2750053 404.610046 -37.9050179
v -41.4750023 406.470032 -58.8600197
v -31.710001 449.834991 -56.7000237
v -38.340004 452.160004 -37.6800194
v -41.4750023 406.470032 -58.8600197
v -38.340004 452.160004 -37.6800194
v -31.710001 449.834991 -56.7000237
v -19.5149994 485.280029 -53.085022
v -38.340004 452.160004 -37.6800194
v -19.5149994 485.280029 -53.085022
v -19.3800011 491.070007 -37.4100227
v -19.3800011 491.070007 -37.4100227
v -36.3300018 449.834991 -4.84501982
v -38.340004 452.160004 -37.6800194
v -36.3300018 449.834991 -4.84501982
v -19.3800011 491.070007 -37.4100227
v -18.0750008 490.590027 -3.82502174
v -19.3800011 491.070007 -37.4100227
v 0 507.180054 -21.1350231
v -18.0750008 490.590027 -3.82502174
v -18.0750008 490.590027 -3.82502174
v 0 507.180054 -21.1350231
v 0 506.535034 -4.0950222
v 0 506.535034 -4.0950222
v 0 468.555023 33.6899796
v -18.0750008 490.590027 -3.82502174
v -39.2550011 323.190002 -72.6900253
v -41.4750023 406.470032 -58.8600197
v -56.3550034 322.845001 -58.6650162
v -41.4750023 406.470032 -58.8600197
v -39.2550011 323.190002 -72.6900253
v -29.8950043 405.090027 -71.8650208
v -31.710001 449.834991 -56.7000237
v -41.4750023 406.470032 -58.8600197
v -29.8950043 405.090027 -71.8650208
v -14.4300013 470.775024 -63.9750214
v -31.710001 449.834991 -56.7000237
v -29.8950043 405.090027 -71.8650208
v -19.5149994 485.280029 -53.085022
v -31.710001 449.834991 -56.7000237
v -14.4300013 470.775024 -63.9750214
v 0 491.175018 -60.4800262
v -19.5149994 485.280029 -53.085022
v -14.4300013 470.775024 -63.9750214
v -19.5149994 485.280029 -53.085022
v 0 491.175018 -60.4800262
v 0 502.650055 -51.8400307
v 0 502.650055 -51.8400307
v -19.3800011 491.070007 -37.4100227
v -19.5149994 485.280029 -53.085022
v -19.3800011 491.070007 -37.4100227
v 0 502.650055 -51.8400307
v 0 507.180054 -37.4850235
v 0 507.180054 -21.1350231
v -19.3800011 491.070007 -37.4100227
v 0 507.180054 -37.4850235
v -56.3550034 322.845001 -58.6650162
v -51.6000061 112.32 -75.0750122
v -39.2550011 323.190002 -72.6900253
v 0 112.350006 -77.1600113
v -39.2550011 323.190002 -72.6900253
v -51.6000061 112.32 -75.0750122
v -39.2550011 323.190002 -72.6900253
v 0 112.350006 -77.1600113
v 0 323.235046 -73.9350204
v 0 323.235046 -73.9350204
v -29.8950043 405.090027 -71.8650208
v -39.2550011 323.190002 -72.6900253
v -29.8950043 405.090027 -71.8650208
v 0 323.235046 -73.9350204
v 0 418.710022 -71.385025
v -29.8950043 405.090027 -71.8650208
v 0 418.710022 -71.385025
v -14.4300013 470.775024 -63.9750214
v -14.4300013 470.775024 -63.9750214
v 0 418.710022 -71.385025
v 0 491.175018 -60.4800262
v 90.7050095 217.245026 -61.0800133
v 53.9850044 293.580017 -66.6000214
v 64.5 189.615005 -68.2500153
v 53.9850044 293.580017 -66.6000214
v 90.7050095 217.245026 -61.0800133
v 77.5950089 303.975006 -59.1450195
v 77.5950089 303.975006 -59.1450195
v 52.2000008 382.365021 -44.6700211
v 53.9850044 293.580017 -66.6000214
v 52.2000008 382.365021 -44.6700211
v 77.5950089 303.975006 -59.1450195
v 71.0700073 382.365021 -37.9350204
v 105.600006 317.835022 -43.1850166
v 71.0700073 382.365021 -37.9350204
v 77.5950089 303.975006 -59.1450195
v 100.500008 382.365021 -21.9600182
v 71.0700073 382.365021 -37.9350204
v 105.600006 317.835022 -43.1850166
v 123.750008 329.490021 -25.0050182
v 100.500008 382.365021 -21.9600182
v 105.600006 317.835022 -43.1850166
v 147.000015 276.615021 -27.8700142
v 123.750008 329.490021 -25.0050182
v 105.600006 317.835022 -43.1850166
v 90.7050095 217.245026 -61.0800133
v 119.055008 247.155014 -47.3550148
v 77.5950089 303.975006 -59.1450195
v 119.055008 247.155014 -47.3550148
v 105.600006 317.835022 -43.1850166
v 77.5950089 303.975006 -59.1450195
v 119.055008 247.155014 -47.3550148
v 147.000015 276.615021 -27.8700142
v 105.600006 317.835022 -43.1850166
v -12.000001 14.8650093 192.000015
v -12.000001 -39.1349945 192.000015
v -12.000001 83.7600021 127.500008
v -12.000001 83.7600021 127.500008
v -12.000001 -39.1349945 192.000015
v -12.000001 -39.1349983 72.6150055
v -12.000001 83.7600021 127.500008
v -12.000001 -39.1349983 72.6150055
v -12.000001 129.180008 72.6150055
v -70.5 -353.369995 17.4600163
v -70.5 -357.105042 13.5000162
v -70.5 -353.369995 9.54001713
v -70.5 -340.63501 7.48501539
v -70.5 -353.369995 17.4600163
v -70.5 -353.369995 9.54001713
v -70.5 -353.369995 17.4600163
v -70.5 -340.63501 7.48501539
v -70.5 -340.63501 19.5150146
v -70.5 -327.915039 9.54001522
v -70.5 -340.63501 19.5150146
v -70.5 -340.63501 7.48501539
v -70.5 -340.63501 19.5150146
v -70.5 -327.915039 9.54001522
v -70.5 -327.915039 17.4600163
v -70.5 -324.165009 13.5000162
v -70.5 -327.915039 17.4600163
v -70.5 -327.915039 9.54001522
v -71.4900055 316.26004 -56.3550148
v -64.0950089 361.26004 -50.0850182
v -59.2500076 360.450043 -47.3700218
v -74.5950012 317.910034 -65.3400269
v -64.0950089 361.26004 -50.0850182
v -71.4900055 316.26004 -56.3550148
v -64.0950089 361.26004 -50.0850182
v -74.5950012 317.910034 -65.3400269
v -67.9500046 363.285034 -60.5250168
v -70.2600021 318.675018 -77.010025
v -67.9500046 363.285034 -60.5250168
v -74.5950012 317.910034 -65.3400269
v -67.9500046 363.285034 -60.5250168
v -70.2600021 318.675018 -77.010025
v -63.7500114 363.990021 -71.9400253
v -70.2600021 318.675018 -77.010025
v -50.6400032 362.955017 -78.4800186
v -63.7500114 363.990021 -71.9400253
v -50.6400032 362.955017 -78.4800186
v -70.2600021 318.675018 -77.010025
v -55.9050064 317.535034 -84.8250198
v -55.9050064 317.535034 -84.8250198
v -30.5400028 360.480011 -78.4800186
v -50.6400032 362.955017 -78.4800186
v -30.5400028 360.480011 -78.4800186
v -55.9050064 317.535034 -84.8250198
v -36.1050034 315.105011 -84.8250198
v -25.2450008 313.440033 -80.1900177
v -30.5400028 360.480011 -78.4800186
v -36.1050034 315.105011 -84.8250198
v -30.5400028 360.480011 -78.4800186
v -25.2450008 313.440033 -80.1900177
v -17.5500011 358.320007 -71.9400253
v -17.5500011 358.320007 -71.9400253
v -25.2450008 313.440033 -80.1900177
v -20.0700016 311.925018 -73.1400223
v -71.4900055 316.26004 -56.3550148
v -69.9150085 316.140015 -56.9850197
v -70.3950043 317.595032 -68.4000168
v -70.3950043 317.595032 -68.4000168
v -74.5950012 317.910034 -65.3400269
v -71.4900055 316.26004 -56.3550148
v -70.3950043 317.595032 -68.4000168
v -70.2600021 318.675018 -77.010025
v -74.5950012 317.910034 -65.3400269
v -55.9350052 317.265015 -82.2750244
v -70.2600021 318.675018 -77.010025
v -70.3950043 317.595032 -68.4000168
v -70.2600021 318.675018 -77.010025
v -55.9350052 317.265015 -82.2750244
v -55.9050064 317.535034 -84.8250198
v -39.090004 314.115021 -72.6150208
v -55.9050064 317.535034 -84.8250198
v -55.9350052 317.265015 -82.2750244
v -55.9050064 317.535034 -84.8250198
v -39.090004 314.115021 -72.6150208
v -36.1050034 315.105011 -84.8250198
v -24.4650021 312.480011 -73.1400223
v -36.1050034 315.105011 -84.8250198
v -39.090004 314.115021 -72.6150208
v -36.1050034 315.105011 -84.8250198
v -24.4650021 312.480011 -73.1400223
v -25.2450008 313.440033 -80.1900177
v -25.2450008 313.440033 -80.1900177
v -24.4650021 312.480011 -73.1400223
v -20.0700016 311.925018 -73.1400223
v -17.5500011 358.320007 -71.9400253
v -30.6600037 359.490021 -69.3750229
v -30.5400028 360.480011 -78.4800186
v -30.6600037 359.490021 -69.3750229
v -50.6400032 362.955017 -78.4800186
v -30.5400028 360.480011 -78.4800186
v -50.6400032 362.955017 -78.4800186
v -30.6600037 359.490021 -69.3750229
v -51.1050034 359.085022 -42.7950172
v -51.1050034 359.085022 -42.7950172
v -59.2500076 360.450043 -47.3700218
v -50.6400032 362.955017 -78.4800186
v -59.2500076 360.450043 -47.3700218
v -63.7500114 363.990021 -71.9400253
v -50.6400032 362.955017 -78.4800186
v -64.0950089 361.26004 -50.0850182
v -63.7500114 363.990021 -71.9400253
v -59.2500076 360.450043 -47.3700218
v -67.9500046 363.285034 -60.5250168
v -63.7500114 363.990021 -71.9400253
v -64.0950089 361.26004 -50.0850182
v -11.2350006 120.629997 -224.250031
v -10.500001 120.315002 -224.250031
v -9.76500034 120.629997 -224.250031
v -9.76500034 120.629997 -224.250031
v -11.5500011 121.364998 -224.250031
v -11.2350006 120.629997 -224.250031
v -11.5500011 121.364998 -224.250031
v -9.76500034 120.629997 -224.250031
v -9.45000172 121.364998 -224.250031
v -9.76500034 122.100006 -224.250031
v -11.5500011 121.364998 -224.250031
v -9.45000172 121.364998 -224.250031
v -11.5500011 121.364998 -224.250031
v -9.76500034 122.100006 -224.250031
v -11.2350006 122.100006 -224.250031
v -11.2350006 122.100006 -224.250031
v -9.76500034 122.100006 -224.250031
v -10.500001 122.415001 -224.250031
v 3.01500034 137.429993 -204.300018
v 3.75000048 137.115005 -204.300018
v 4.48500013 137.429993 -204.300018
v 4.48500013 137.429993 -204.300018
v 2.70000005 138.165009 -204.300018
v 3.01500034 137.429993 -204.300018
v 2.70000005 138.165009 -204.300018
v 4.48500013 137.429993 -204.300018
v 4.80000019 138.165009 -204.300018
v 4.48500013 138.900009 -204.300018
v 2.70000005 138.165009 -204.300018
v 4.80000019 138.165009 -204.300018
v 2.70000005 138.165009 -204.300018
v 4.48500013 138.900009 -204.300018
v 3.01500034 138.900009 -204.300018
v 3.01500034 138.900009 -204.300018
v 4.48500013 138.900009 -204.300018
v 3.75000048 139.214996 -204.300018
v -4.48500013 138.900009 -211.500015
v -3.01500034 138.900009 -211.500015
v -3.75000048 139.214996 -211.500015
v -4.80000019 138.165009 -211.500015
v -3.01500034 138.900009 -211.500015
v -4.48500013 138.900009 -211.500015
v -3.01500034 138.900009 -211.500015
v -4.80000019 138.165009 -211.500015
v -2.70000005 138.165009 -211.500015
v -4.80000019 138.165009 -211.500015
v -3.01500034 137.429993 -211.500015
v -2.70000005 138.165009 -211.500015
v -3.01500034 137.429993 -211.500015
v -4.80000019 138.165009 -211.500015
v -4.48500013 137.429993 -211.500015
v -4.48500013 137.429993 -211.500015
v -3.75000048 137.115005 -211.500015
v -3.01500034 137.429993 -211.500015
v 0 197.639999 -152.730026
v -19.8000011 182.550003 -152.730026
v 19.8000011 182.550003 -152.730026
v -36.3900032 154.184998 -152.730026
v 19.8000011 182.550003 -152.730026
v -19.8000011 182.550003 -152.730026
v 19.8000011 182.550003 -152.730026
v -36.3900032 154.184998 -152.730026
v 36.3900032 154.184998 -152.730026
v -42.5550003 113.865005 -152.730026
v 36.3900032 154.184998 -152.730026
v -36.3900032 154.184998 -152.730026
v 36.3900032 154.184998 -152.730026
v -42.5550003 113.865005 -152.730026
v 42.5550003 113.865005 -152.730026
v -42.5550003 113.865005 -152.730026
v 36.3900032 73.5449982 -152.730026
v 42.5550003 113.865005 -152.730026
v 36.3900032 73.5449982 -152.730026
v -42.5550003 113.865005 -152.730026
v -36.3900032 73.5449982 -152.730026
v -36.3900032 73.5449982 -152.730026
v 19.8000011 45.1799965 -152.730026
v 36.3900032 73.5449982 -152.730026
v 19.8000011 45.1799965 -152.730026
v -36.3900032 73.5449982 -152.730026
v -19.8000011 45.1799965 -152.730026
v -19.8000011 45.1799965 -152.730026
v 0 30.0899944 -152.730026
v 19.8000011 45.1799965 -152.730026
v 0 173.715012 -169.035019
v -15.8550005 157.845001 -169.035019
v 15.8550005 157.845001 -169.035019
v -23.3400002 135.285004 -169.035004
v 15.8550005 157.845001 -169.035019
v -15.8550005 157.845001 -169.035019
v 15.8550005 157.845001 -169.035019
v -23.3400002 135.285004 -169.035004
v 23.3400002 135.285004 -169.035004
v -23.3400002 135.285004 -169.035004
v 23.3400002 104.445 -169.035004
v 23.3400002 135.285004 -169.035004
v 23.3400002 104.445 -169.035004
v -23.3400002 135.285004 -169.035004
v -23.3400002 104.445 -169.035004
v -23.3400002 104.445 -169.035004
v 15.8550005 81.8850021 -169.035004
v 23.3400002 104.445 -169.035004
v 15.8550005 81.8850021 -169.035004
v -23.3400002 104.445 -169.035004
v -15.8550005 81.8850021 -169.035004
v -15.8550005 81.8850021 -169.035004
v 0 66.0149994 -169.035004
v 15.8550005 81.8850021 -169.035004
v -5.44500017 139.860001 -170.925018
v -6.15000057 138.165009 -170.925018
v -5.44500017 136.470001 -170.925018
v -5.44500017 136.470001 -170.925018
v -3.75000048 140.565002 -170.925018
v -5.44500017 139.860001 -170.925018
v -3.75000048 140.565002 -170.925018
v -5.44500017 136.470001 -170.925018
v -3.75000048 135.764999 -170.925018
v -3.75000048 135.764999 -170.925018
v 3.75000048 140.565002 -170.925018
v -3.75000048 140.565002 -170.925018
v 3.75000048 140.565002 -170.925018
v -3.75000048 135.764999 -170.925018
v 3.75000048 135.764999 -170.925018
v 5.44500017 136.470001 -170.925018
v 3.75000048 140.565002 -170.925018
v 3.75000048 135.764999 -170.925018
v 3.75000048 140.565002 -170.925018
v 5.44500017 136.470001 -170.925018
v 5.44500017 139.860001 -170.925018
v 5.44500017 136.470001 -170.925018
v 6.15000057 138.165009 -170.925018
v 5.44500017 139.860001 -170.925018
v -36 -387.735016 73.5000229
v -36 -214.63501 73.5000153
v 0 -214.63501 73.5000153
v -36 -387.735016 73.5000229
v 0 -214.63501 73.5000153
v 36 -387.735016 73.5000229
v 30.9000034 -415.035034 73.5000229
v -36 -387.735016 73.5000229
v 36 -387.735016 73.5000229
v -36 -387.735016 73.5000229
v 30.9000034 -415.035034 73.5000229
v -30.9000034 -415.035034 73.5000229
v 17.3400021 -430.935028 73.5000229
v -30.9000034 -415.035034 73.5000229
v 30.9000034 -415.035034 73.5000229
v -30.9000034 -415.035034 73.5000229
v 17.3400021 -430.935028 73.5000229
v -17.3400021 -430.935028 73.5000229
v -17.3400021 -430.935028 73.5000229
v 17.3400021 -430.935028 73.5000229
v 0 -436.335022 73.5000229
v 0 -214.63501 73.5000153
v 36 -214.63501 73.5000153
v 36 -387.735016 73.5000229
v 9.73500061 196.650009 -101.070015
v 9.73500061 188.565002 -99.765007
v 9.73500061 188.565002 -94.3950119
v 9.73500061 196.650009 -101.070015
v 9.73500061 188.565002 -94.3950119
v 9.73500061 201.570007 -94.3950119
v 9.73500061 196.650009 -101.070015
v 9.73500061 201.570007 -94.3950119
v 9.73500061 203.790009 -100.260017
v 9.73500061 201.570007 -94.3950119
v 9.73500061 210.525009 -98.2950211
v 9.73500061 203.790009 -100.260017
v 9.73500061 216.915009 -94.3950195
v 9.73500061 210.525009 -98.2950211
v 9.73500061 201.570007 -94.3950119
v -10.0650015 188.565002 -94.3950119
v -10.0650015 188.565002 -99.765007
v -10.0650015 196.650009 -101.070015
v -10.0650015 188.565002 -94.3950119
v -10.0650015 196.650009 -101.070015
v -10.0650015 201.570007 -94.3950119
v -10.0650015 201.570007 -94.3950119
v -10.0650015 196.650009 -101.070015
v -10.0650015 203.790009 -100.260017
v -10.0650015 203.790009 -100.260017
v -10.0650015 210.525009 -98.2950211
v -10.0650015 201.570007 -94.3950119
v -10.0650015 210.525009 -98.2950211
v -10.0650015 216.915009 -94.3950195
v -10.0650015 201.570007 -94.3950119
v 64.0950089 361.26004 -50.0850182
v 71.4900055 316.26004 -56.3550148
v 59.2500076 360.450043 -47.3700218
v 64.0950089 361.26004 -50.0850182
v 74.5950012 317.910034 -65.3400269
v 71.4900055 316.26004 -56.3550148
v 74.5950012 317.910034 -65.3400269
v 64.0950089 361.26004 -50.0850182
v 67.9500046 363.285034 -60.5250168
v 67.9500046 363.285034 -60.5250168
v 70.2600021 318.675018 -77.010025
v 74.5950012 317.910034 -65.3400269
v 70.2600021 318.675018 -77.010025
v 67.9500046 363.285034 -60.5250168
v 63.7500114 363.990021 -71.9400253
v 50.6400032 362.955017 -78.4800186
v 70.2600021 318.675018 -77.010025
v 63.7500114 363.990021 -71.9400253
v 70.2600021 318.675018 -77.010025
v 50.6400032 362.955017 -78.4800186
v 55.9050064 317.535034 -84.8250198
v 30.5400028 360.480011 -78.4800186
v 55.9050064 317.535034 -84.8250198
v 50.6400032 362.955017 -78.4800186
v 55.9050064 317.535034 -84.8250198
v 30.5400028 360.480011 -78.4800186
v 36.1050034 315.105011 -84.8250198
v 30.5400028 360.480011 -78.4800186
v 25.2450008 313.440033 -80.1900177
v 36.1050034 315.105011 -84.8250198
v 25.2450008 313.440033 -80.1900177
v 30.5400028 360.480011 -78.4800186
v 17.5500011 358.320007 -71.9400253
v 25.2450008 313.440033 -80.1900177
v 17.5500011 358.320007 -71.9400253
v 20.0700016 311.925018 -73.1400223
v 69.9150085 316.140015 -56.9850197
v 71.4900055 316.26004 -56.3550148
v 70.3950043 317.595032 -68.4000168
v 74.5950012 317.910034 -65.3400269
v 70.3950043 317.595032 -68.4000168
v 71.4900055 316.26004 -56.3550148
v 70.2600021 318.675018 -77.010025
v 70.3950043 317.595032 -68.4000168
v 74.5950012 317.910034 -65.3400269
v 70.2600021 318.675018 -77.010025
v 55.9350052 317.265015 -82.2750244
v 70.3950043 317.595032 -68.4000168
v 55.9350052 317.265015 -82.2750244
v 70.2600021 318.675018 -77.010025
v 55.9050064 317.535034 -84.8250198
v 55.9050064 317.535034 -84.8250198
v 39.090004 314.115021 -72.6150208
v 55.9350052 317.265015 -82.2750244
v 39.090004 314.115021 -72.6150208
v 55.9050064 317.535034 -84.8250198
v 36.1050034 315.105011 -84.8250198
v 36.1050034 315.105011 -84.8250198
v 24.4650021 312.480011 -73.1400223
v 39.090004 314.115021 -72.6150208
v 24.4650021 312.480011 -73.1400223
v 36.1050034 315.105011 -84.8250198
v 25.2450008 313.440033 -80.1900177
v 24.4650021 312.480011 -73.1400223
v 25.2450008 313.440033 -80.1900177
v 20.0700016 311.925018 -73.1400223
v 30.6600037 359.490021 -69.3750229
v 17.5500011 358.320007 -71.9400253
v 30.5400028 360.480011 -78.4800186
v 50.6400032 362.955017 -78.4800186
v 30.6600037 359.490021 -69.3750229
v 30.5400028 360.480011 -78.4800186
v 30.6600037 359.490021 -69.3750229
v 50.6400032 362.955017 -78.4800186
v 51.1050034 359.085022 -42.7950172
v 59.2500076 360.450043 -47.3700218
v 51.1050034 359.085022 -42.7950172
v 50.6400032 362.955017 -78.4800186
v 63.7500114 363.990021 -71.9400253
v 59.2500076 360.450043 -47.3700218
v 50.6400032 362.955017 -78.4800186
v 63.7500114 363.990021 -71.9400253
v 64.0950089 361.26004 -50.0850182
v 59.2500076 360.450043 -47.3700218
v 63.7500114 363.990021 -71.9400253
v 67.9500046 363.285034 -60.5250168
v 64.0950089 361.26004 -50.0850182
v 70.5 -357.105042 13.5000162
v 70.5 -353.369995 17.4600163
v 70.5 -353.369995 9.54001713
v 70.5 -340.63501 19.5150146
v 70.5 -353.369995 9.54001713
v 70.5 -353.369995 17.4600163
v 70.5 -353.369995 9.54001713
v 70.5 -340.63501 19.5150146
v 70.5 -340.63501 7.48501539
v 70.5 -340.63501 19.5150146
v 70.5 -327.915039 9.54001522
v 70.5 -340.63501 7.48501539
v 70.5 -327.915039 9.54001522
v 70.5 -340.63501 19.5150146
v 70.5 -327.915039 17.4600163
v 70.5 -327.915039 17.4600163
v 70.5 -324.165009 13.5000162
v 70.5 -327.915039 9.54001522
v 12.000001 -39.1349945 192.000015
v 12.000001 14.8650093 192.000015
v 12.000001 83.7600021 127.500008
v 12.000001 -39.1349945 192.000015
v 12.000001 83.7600021 127.500008
v 12.000001 -39.1349983 72.6150055
v 12.000001 -39.1349983 72.6150055
v 12.000001 83.7600021 127.500008
v 12.000001 129.180008 72.6150055
v -100.590012 113.730011 4.60499525
v -73.590004 156.840027 40.9049988
v -72.765007 101.925011 15.4049978
v -73.590004 156.840027 40.9049988
v -100.590012 113.730011 4.60499525
v -103.230011 166.605026 29.699995
v -103.230011 166.605026 29.699995
v -73.5600052 215.280029 38.0399933
v -73.590004 156.840027 40.9049988
v -73.5600052 215.280029 38.0399933
v -67.6200104 155.040009 41.7749939
v -73.590004 156.840027 40.9049988
v -73.590004 156.840027 40.9049988
v -67.6200104 155.040009 41.7749939
v -72.765007 101.925011 15.4049978
v -123.270012 130.050003 -14.9250069
v -103.230011 166.605026 29.699995
v -100.590012 113.730011 4.60499525
v -103.230011 166.605026 29.699995
v -123.270012 130.050003 -14.9250069
v -127.020012 175.800034 9.07499218
v -127.020012 175.800034 9.07499218
v -105.180008 218.74501 27.0299931
v -103.230011 166.605026 29.699995
v -73.5600052 215.280029 38.0399933
v -103.230011 166.605026 29.699995
v -105.180008 218.74501 27.0299931
v -105.180008 218.74501 27.0299931
v -94.7850037 264.540039 26.8049908
v -73.5600052 215.280029 38.0399933
v -94.7850037 264.540039 26.8049908
v -105.180008 218.74501 27.0299931
v -130.77002 221.550034 13.5749912
v -105.180008 218.74501 27.0299931
v -127.020012 175.800034 9.07499218
v -130.77002 221.550034 13.5749912
v 73.590004 156.840027 40.9049988
v 100.590012 113.730011 4.60499525
v 72.765007 101.925011 15.4049978
v 100.590012 113.730011 4.60499525
v 73.590004 156.840027 40.9049988
v 103.230011 166.605026 29.699995
v 103.230011 166.605026 29.699995
v 123.270012 130.050003 -14.9250069
v 100.590012 113.730011 4.60499525
v 123.270012 130.050003 -14.9250069
v 103.230011 166.605026 29.699995
v 127.020012 175.800034 9.07499218
v 105.180008 218.74501 27.0299931
v 127.020012 175.800034 9.07499218
v 103.230011 166.605026 29.699995
v 127.020012 175.800034 9.07499218
v 105.180008 218.74501 27.0299931
v 130.77002 221.550034 13.5749912
v 105.180008 218.74501 27.0299931
v 94.7850037 264.540039 26.8049908
v 130.77002 221.550034 13.5749912
v 67.6200104 155.040009 41.7749939
v 73.590004 156.840027 40.9049988
v 72.765007 101.925011 15.4049978
v 67.6200104 155.040009 41.7749939
v 73.5600052 215.280029 38.0399933
v 73.590004 156.840027 40.9049988
v 73.5600052 215.280029 38.0399933
v 103.230011 166.605026 29.699995
v 73.590004 156.840027 40.9049988
v 103.230011 166.605026 29.699995
v 73.5600052 215.280029 38.0399933
v 105.180008 218.74501 27.0299931
v 94.7850037 264.540039 26.8049908
v 105.180008 218.74501 27.0299931
v 73.5600052 215.280029 38.0399933
v -40.2150002 382.965057 -64.3500214
v -38.2650032 376.950043 -66.0600204
v -39.75 382.815002 -63.5700226
v -38.2650032 376.950043 -66.0600204
v -40.2150002 382.965057 -64.3500214
v -39.1049995 377.220032 -67.4400253
v -39.1049995 377.220032 -67.4400253
v -37.5600052 360.075012 -68.820015
v -38.2650032 376.950043 -66.0600204
v -37.5600052 360.075012 -68.820015
v -39.1049995 377.220032 -67.4400253
v -39.345005 360.675018 -71.8200226
v -39.1049995 377.220032 -67.4400253
v -50.0400047 362.250031 -74.385025
v -39.345005 360.675018 -71.8200226
v -50.0400047 362.250031 -74.385025
v -39.1049995 377.220032 -67.4400253
v -47.7600021 378.465027 -69.495018
v -47.7600021 378.465027 -69.495018
v -59.5200043 362.610016 -68.7450256
v -50.0400047 362.250031 -74.385025
v -39.75 382.815002 -63.5700226
v -41.8950043 386.685028 -61.0500221
v -40.2150002 382.965057 -64.3500214
v -41.8950043 386.685028 -61.0500221
v -46.7250061 383.820007 -65.9250259
v -40.2150002 382.965057 -64.3500214
v -47.7600021 378.465027 -69.495018
v -40.2150002 382.965057 -64.3500214
v -46.7250061 383.820007 -65.9250259
v -40.2150002 382.965057 -64.3500214
v -47.7600021 378.465027 -69.495018
v -39.1049995 377.220032 -67.4400253
v -46.7250061 383.820007 -65.9250259
v -41.8950043 386.685028 -61.0500221
v -45.8250008 387.165039 -62.055027
v -45.8250008 387.165039 -62.055027
v -52.4700012 384.000031 -62.505024
v -46.7250061 383.820007 -65.9250259
v -55.3950043 378.750031 -64.9350204
v -46.7250061 383.820007 -65.9250259
v -52.4700012 384.000031 -62.505024
v -46.7250061 383.820007 -65.9250259
v -55.3950043 378.750031 -64.9350204
v -47.7600021 378.465027 -69.495018
v -59.5200043 362.610016 -68.7450256
v -47.7600021 378.465027 -69.495018
v -55.3950043 378.750031 -64.9350204
v -57.7350082 377.925018 -56.4000168
v -59.5200043 362.610016 -68.7450256
v -55.3950043 378.750031 -64.9350204
v -59.5200043 362.610016 -68.7450256
v -57.7350082 377.925018 -56.4000168
v -62.4150009 361.575043 -58.1550179
v -53.4000092 376.455017 -48.6750183
v -62.4150009 361.575043 -58.1550179
v -57.7350082 377.925018 -56.4000168
v -62.4150009 361.575043 -58.1550179
v -53.4000092 376.455017 -48.6750183
v -57.0300026 359.715027 -48.6150169
v -41.8950043 386.685028 -61.0500221
v -44.970005 388.26001 -56.6100235
v -45.8250008 387.165039 -62.055027
v -45.8250008 387.165039 -62.055027
v -44.970005 388.26001 -56.6100235
v -49.3500023 387.255035 -59.9850235
v -52.4700012 384.000031 -62.505024
v -45.8250008 387.165039 -62.055027
v -49.3500023 387.255035 -59.9850235
v -49.3500023 387.255035 -59.9850235
v -54.2250023 383.415009 -56.0700226
v -52.4700012 384.000031 -62.505024
v -57.7350082 377.925018 -56.4000168
v -52.4700012 384.000031 -62.505024
v -54.2250023 383.415009 -56.0700226
v -52.4700012 384.000031 -62.505024
v -57.7350082 377.925018 -56.4000168
v -55.3950043 378.750031 -64.9350204
v -49.3500023 387.255035 -59.9850235
v -44.970005 388.26001 -56.6100235
v -50.4000053 386.925018 -56.0550194
v -54.2250023 383.415009 -56.0700226
v -49.3500023 387.255035 -59.9850235
v -50.4000053 386.925018 -56.0550194
v -50.4000053 386.925018 -56.0550194
v -50.9550056 382.380035 -50.2650185
v -54.2250023 383.415009 -56.0700226
v -53.4000092 376.455017 -48.6750183
v -54.2250023 383.415009 -56.0700226
v -50.9550056 382.380035 -50.2650185
v -54.2250023 383.415009 -56.0700226
v -53.4000092 376.455017 -48.6750183
v -57.7350082 377.925018 -56.4000168
v -44.970005 388.26001 -56.6100235
v -48.3600044 386.339996 -52.5600243
v -50.4000053 386.925018 -56.0550194
v -50.9550056 382.380035 -50.2650185
v -50.4000053 386.925018 -56.0550194
v -48.3600044 386.339996 -52.5600243
v -48.3600044 386.339996 -52.5600243
v -49.9800072 382.245026 -49.9950218
v -50.9550056 382.380035 -50.2650185
v -51.8850021 376.230011 -48.2700195
v -50.9550056 382.380035 -50.2650185
v -49.9800072 382.245026 -49.9950218
v -50.9550056 382.380035 -50.2650185
v -51.8850021 376.230011 -48.2700195
v -53.4000092 376.455017 -48.6750183
v -55.095005 359.429993 -48.0900192
v -53.4000092 376.455017 -48.6750183
v -51.8850021 376.230011 -48.2700195
v -53.4000092 376.455017 -48.6750183
v -55.095005 359.429993 -48.0900192
v -57.0300026 359.715027 -48.6150169
v -44.970005 388.26001 -56.6100235
v -48.0600052 386.310028 -52.4850235
v -48.3600044 386.339996 -52.5600243
v -49.9800072 382.245026 -49.9950218
v -48.3600044 386.339996 -52.5600243
v -48.0600052 386.310028 -52.4850235
v -71.5800018 303.64505 -75.5250168
v -58.845005 318.480011 -82.2900238
v -69.7800064 318.795013 -73.7100143
v -58.845005 318.480011 -82.2900238
v -71.5800018 303.64505 -75.5250168
v -60.7050056 303.330048 -84.030014
v -60.7050056 303.330048 -84.030014
v -45.1500015 316.575012 -80.6850128
v -58.845005 318.480011 -82.2900238
v -45.1500015 316.575012 -80.6850128
v -60.7050056 303.330048 -84.030014
v -47.1000061 301.440002 -82.4550247
v -47.1000061 301.440002 -82.4550247
v -36.7500038 314.190002 -69.870018
v -45.1500015 316.575012 -80.6850128
v -36.7500038 314.190002 -69.870018
v -47.1000061 301.440002 -82.4550247
v -38.7600021 299.070038 -71.7000198
v -38.7600021 299.070038 -71.7000198
v -38.5500031 312.735016 -56.1600189
v -36.7500038 314.190002 -69.870018
v -71.5800018 317.340027 -60.0000191
v -71.5800018 303.64505 -75.5250168
v -69.7800064 318.795013 -73.7100143
v -71.5800018 303.64505 -75.5250168
v -71.5800018 317.340027 -60.0000191
v -73.3650055 302.190002 -61.8900185
v -72.6300049 279.915009 -65.6100235
v -71.5800018 303.64505 -75.5250168
v -73.3650055 302.190002 -61.8900185
v -71.5800018 303.64505 -75.5250168
v -72.6300049 279.915009 -65.6100235
v -71.2050095 281.070007 -76.4700241
v -62.5350037 280.815033 -83.2500229
v -71.5800018 303.64505 -75.5250168
v -71.2050095 281.070007 -76.4700241
v -71.5800018 303.64505 -75.5250168
v -62.5350037 280.815033 -83.2500229
v -60.7050056 303.330048 -84.030014
v -51.6900024 279.300018 -81.9900131
v -60.7050056 303.330048 -84.030014
v -62.5350037 280.815033 -83.2500229
v -60.7050056 303.330048 -84.030014
v -51.6900024 279.300018 -81.9900131
v -47.1000061 301.440002 -82.4550247
v -63.1800041 314.955017 -49.1850166
v -73.3650055 302.190002 -61.8900185
v -71.5800018 317.340027 -60.0000191
v -73.3650055 302.190002 -61.8900185
v -63.1800041 314.955017 -49.1850166
v -65.0250015 299.835022 -51.1350212
v -65.9700012 278.025024 -57.030014
v -73.3650055 302.190002 -61.8900185
v -65.0250015 299.835022 -51.1350212
v -73.3650055 302.190002 -61.8900185
v -65.9700012 278.025024 -57.030014
v -72.6300049 279.915009 -65.6100235
v -45.045002 277.424988 -73.4100189
v -47.1000061 301.440002 -82.4550247
v -51.6900024 279.300018 -81.9900131
v -47.1000061 301.440002 -82.4550247
v -45.045002 277.424988 -73.4100189
v -38.7600021 299.070038 -71.7000198
v -46.4700012 276.27002 -62.5650215
v -38.7600021 299.070038 -71.7000198
v -45.045002 277.424988 -73.4100189
v -38.7600021 299.070038 -71.7000198
v -46.4700012 276.27002 -62.5650215
v -40.545002 297.615021 -58.0650177
v -38.5500031 312.735016 -56.1600189
v -38.7600021 299.070038 -71.7000198
v -40.545002 297.615021 -58.0650177
v 38.2650032 376.950043 -66.0600204
v 40.2150002 382.965057 -64.3500214
v 39.75 382.815002 -63.5700226
v 40.2150002 382.965057 -64.3500214
v 38.2650032 376.950043 -66.0600204
v 39.1049995 377.220032 -67.4400253
v 39.1049995 377.220032 -67.4400253
v 46.7250061 383.820007 -65.9250259
v 40.2150002 382.965057 -64.3500214
v 46.7250061 383.820007 -65.9250259
v 41.8950043 386.685028 -61.0500221
v 40.2150002 382.965057 -64.3500214
v 41.8950043 386.685028 -61.0500221
v 39.75 382.815002 -63.5700226
v 40.2150002 382.965057 -64.3500214
v 37.5600052 360.075012 -68.820015
v 39.1049995 377.220032 -67.4400253
v 38.2650032 376.950043 -66.0600204
v 39.1049995 377.220032 -67.4400253
v 37.5600052 360.075012 -68.820015
v 39.345005 360.675018 -71.8200226
v 50.0400047 362.250031 -74.385025
v 39.1049995 377.220032 -67.4400253
v 39.345005 360.675018 -71.8200226
v 39.1049995 377.220032 -67.4400253
v 50.0400047 362.250031 -74.385025
v 47.7600021 378.465027 -69.495018
v 46.7250061 383.820007 -65.9250259
v 39.1049995 377.220032 -67.4400253
v 47.7600021 378.465027 -69.495018
v 47.7600021 378.465027 -69.495018
v 52.4700012 384.000031 -62.505024
v 46.7250061 383.820007 -65.9250259
v 49.3500023 387.255035 -59.9850235
v 46.7250061 383.820007 -65.9250259
v 52.4700012 384.000031 -62.505024
v 46.7250061 383.820007 -65.9250259
v 49.3500023 387.255035 -59.9850235
v 45.8250008 387.165039 -62.055027
v 41.8950043 386.685028 -61.0500221
v 46.7250061 383.820007 -65.9250259
v 45.8250008 387.165039 -62.055027
v 44.970005 388.26001 -56.6100235
v 41.8950043 386.685028 -61.0500221
v 45.8250008 387.165039 -62.055027
v 59.5200043 362.610016 -68.7450256
v 47.7600021 378.465027 -69.495018
v 50.0400047 362.250031 -74.385025
v 47.7600021 378.465027 -69.495018
v 59.5200043 362.610016 -68.7450256
v 55.3950043 378.750031 -64.9350204
v 52.4700012 384.000031 -62.505024
v 47.7600021 378.465027 -69.495018
v 55.3950043 378.750031 -64.9350204
v 55.3950043 378.750031 -64.9350204
v 54.2250023 383.415009 -56.0700226
v 52.4700012 384.000031 -62.505024
v 50.4000053 386.925018 -56.0550194
v 52.4700012 384.000031 -62.505024
v 54.2250023 383.415009 -56.0700226
v 52.4700012 384.000031 -62.505024
v 50.4000053 386.925018 -56.0550194
v 49.3500023 387.255035 -59.9850235
v 44.970005 388.26001 -56.6100235
v 49.3500023 387.255035 -59.9850235
v 50.4000053 386.925018 -56.0550194
v 44.970005 388.26001 -56.6100235
v 45.8250008 387.165039 -62.055027
v 49.3500023 387.255035 -59.9850235
v 59.5200043 362.610016 -68.7450256
v 57.7350082 377.925018 -56.4000168
v 55.3950043 378.750031 -64.9350204
v 54.2250023 383.415009 -56.0700226
v 55.3950043 378.750031 -64.9350204
v 57.7350082 377.925018 -56.4000168
v 57.7350082 377.925018 -56.4000168
v 50.9550056 382.380035 -50.2650185
v 54.2250023 383.415009 -56.0700226
v 48.3600044 386.339996 -52.5600243
v 54.2250023 383.415009 -56.0700226
v 50.9550056 382.380035 -50.2650185
v 54.2250023 383.415009 -56.0700226
v 48.3600044 386.339996 -52.5600243
v 50.4000053 386.925018 -56.0550194
v 48.3600044 386.339996 -52.5600243
v 44.970005 388.26001 -56.6100235
v 50.4000053 386.925018 -56.0550194
v 48.0600052 386.310028 -52.4850235
v 44.970005 388.26001 -56.6100235
v 48.3600044 386.339996 -52.5600243
v 48.3600044 386.339996 -52.5600243
v 49.9800072 382.245026 -49.9950218
v 48.0600052 386.310028 -52.4850235
v 49.9800072 382.245026 -49.9950218
v 48.3600044 386.339996 -52.5600243
v 50.9550056 382.380035 -50.2650185
v 50.9550056 382.380035 -50.2650185
v 51.8850021 376.230011 -48.2700195
v 49.9800072 382.245026 -49.9950218
v 57.7350082 377.925018 -56.4000168
v 59.5200043 362.610016 -68.7450256
v 62.4150009 361.575043 -58.1550179
v 62.4150009 361.575043 -58.1550179
v 53.4000092 376.455017 -48.6750183
v 57.7350082 377.925018 -56.4000168
v 50.9550056 382.380035 -50.2650185
v 57.7350082 377.925018 -56.4000168
v 53.4000092 376.455017 -48.6750183
v 51.8850021 376.230011 -48.2700195
v 50.9550056 382.380035 -50.2650185
v 53.4000092 376.455017 -48.6750183
v 53.4000092 376.455017 -48.6750183
v 55.095005 359.429993 -48.0900192
v 51.8850021 376.230011 -48.2700195
v 55.095005 359.429993 -48.0900192
v 53.4000092 376.455017 -48.6750183
v 57.0300026 359.715027 -48.6150169
v 53.4000092 376.455017 -48.6750183
v 62.4150009 361.575043 -58.1550179
v 57.0300026 359.715027 -48.6150169
v 58.845005 318.480011 -82.2900238
v 71.5800018 303.64505 -75.5250168
v 69.7800064 318.795013 -73.7100143
v 71.5800018 303.64505 -75.5250168
v 58.845005 318.480011 -82.2900238
v 60.7050056 303.330048 -84.030014
v 62.5350037 280.815033 -83.2500229
v 71.5800018 303.64505 -75.5250168
v 60.7050056 303.330048 -84.030014
v 71.5800018 303.64505 -75.5250168
v 62.5350037 280.815033 -83.2500229
v 71.2050095 281.070007 -76.4700241
v 72.6300049 279.915009 -65.6100235
v 71.5800018 303.64505 -75.5250168
v 71.2050095 281.070007 -76.4700241
v 71.5800018 303.64505 -75.5250168
v 72.6300049 279.915009 -65.6100235
v 73.3650055 302.190002 -61.8900185
v 71.5800018 317.340027 -60.0000191
v 71.5800018 303.64505 -75.5250168
v 73.3650055 302.190002 -61.8900185
v 71.5800018 303.64505 -75.5250168
v 71.5800018 317.340027 -60.0000191
v 69.7800064 318.795013 -73.7100143
v 45.1500015 316.575012 -80.6850128
v 60.7050056 303.330048 -84.030014
v 58.845005 318.480011 -82.2900238
v 60.7050056 303.330048 -84.030014
v 45.1500015 316.575012 -80.6850128
v 47.1000061 301.440002 -82.4550247
v 51.6900024 279.300018 -81.9900131
v 60.7050056 303.330048 -84.030014
v 47.1000061 301.440002 -82.4550247
v 60.7050056 303.330048 -84.030014
v 51.6900024 279.300018 -81.9900131
v 62.5350037 280.815033 -83.2500229
v 36.7500038 314.190002 -69.870018
v 47.1000061 301.440002 -82.4550247
v 45.1500015 316.575012 -80.6850128
v 47.1000061 301.440002 -82.4550247
v 36.7500038 314.190002 -69.870018
v 38.7600021 299.070038 -71.7000198
v 45.045002 277.424988 -73.4100189
v 47.1000061 301.440002 -82.4550247
v 38.7600021 299.070038 -71.7000198
v 47.1000061 301.440002 -82.4550247
v 45.045002 277.424988 -73.4100189
v 51.6900024 279.300018 -81.9900131
v 38.5500031 312.735016 -56.1600189
v 38.7600021 299.070038 -71.7000198
v 36.7500038 314.190002 -69.870018
v 38.7600021 299.070038 -71.7000198
v 38.5500031 312.735016 -56.1600189
v 40.545002 297.615021 -58.0650177
v 46.4700012 276.27002 -62.5650215
v 38.7600021 299.070038 -71.7000198
v 40.545002 297.615021 -58.0650177
v 38.7600021 299.070038 -71.7000198
v 46.4700012 276.27002 -62.5650215
v 45.045002 277.424988 -73.4100189
v 73.3650055 302.190002 -61.8900185
v 63.1800041 314.955017 -49.1850166
v 71.5800018 317.340027 -60.0000191
v 63.1800041 314.955017 -49.1850166
v 73.3650055 302.190002 -61.8900185
v 65.0250015 299.835022 -51.1350212
v 73.3650055 302.190002 -61.8900185
v 65.9700012 278.025024 -57.030014
v 65.0250015 299.835022 -51.1350212
v 65.9700012 278.025024 -57.030014
v 73.3650055 302.190002 -61.8900185
v 72.6300049 279.915009 -65.6100235
v -10.0350008 -151.950012 -77.1750031
v -20.8500023 -156.435013 -80.8499908
v -20.8500023 -156.435013 -77.1750031
v -20.8500023 -156.435013 -80.8499908
v -10.0350008 -151.950012 -77.1750031
v -10.0350008 -151.950012 -80.8499908
v -11.6550007 -150.330017 -85.6499939
v -20.8500023 -156.435013 -80.8499908
v -10.0350008 -151.950012 -80.8499908
v -20.8500023 -156.435013 -80.8499908
v -11.6550007 -150.330017 -85.6499939
v -20.8500023 -154.140015 -85.6499939
v -30.045002 -150.330017 -85.6499939
v -20.8500023 -156.435013 -80.8499908
v -20.8500023 -154.140015 -85.6499939
v -20.8500023 -156.435013 -80.8499908
v -30.045002 -150.330017 -85.6499939
v -31.6650028 -151.950012 -80.8499908
v -31.6650028 -151.950012 -80.8499908
v -20.8500023 -156.435013 -77.1750031
v -20.8500023 -156.435013 -80.8499908
v -20.8500023 -156.435013 -77.1750031
v -31.6650028 -151.950012 -80.8499908
v -31.6650028 -151.950012 -77.1750031
v -5.55000067 -141.135025 -77.1750031
v -10.0350008 -151.950012 -80.8499908
v -10.0350008 -151.950012 -77.1750031
v -10.0350008 -151.950012 -80.8499908
v -5.55000067 -141.135025 -77.1750031
v -5.55000067 -141.135025 -80.8499908
v -5.55000067 -141.135025 -80.8499908
v -11.6550007 -150.330017 -85.6499939
v -10.0350008 -151.950012 -80.8499908
v -11.6550007 -150.330017 -85.6499939
v -5.55000067 -141.135025 -80.8499908
v -7.84500027 -141.135025 -85.6499939
v -7.84500027 -141.135025 -85.6499939
v -13.4250011 -141.135025 -90.3000031
v -11.6550007 -150.330017 -85.6499939
v -13.4250011 -141.135025 -90.3000031
v -20.8500023 -148.560028 -90.3000031
v -11.6550007 -150.330017 -85.6499939
v -20.8500023 -148.560028 -90.3000031
v -20.8500023 -154.140015 -85.6499939
v -11.6550007 -150.330017 -85.6499939
v -20.8500023 -154.140015 -85.6499939
v -20.8500023 -148.560028 -90.3000031
v -30.045002 -150.330017 -85.6499939
v -10.0350008 -130.320007 -77.1750031
v -5.55000067 -141.135025 -80.8499908
v -5.55000067 -141.135025 -77.1750031
v -5.55000067 -141.135025 -80.8499908
v -10.0350008 -130.320007 -77.1750031
v -10.0350008 -130.320007 -80.8499985
v -11.6550007 -131.940018 -85.6499939
v -5.55000067 -141.135025 -80.8499908
v -10.0350008 -130.320007 -80.8499985
v -5.55000067 -141.135025 -80.8499908
v -11.6550007 -131.940018 -85.6499939
v -7.84500027 -141.135025 -85.6499939
v -13.4250011 -141.135025 -90.3000031
v -7.84500027 -141.135025 -85.6499939
v -11.6550007 -131.940018 -85.6499939
v -20.8500023 -133.710007 -90.3000031
v -13.4250011 -141.135025 -90.3000031
v -11.6550007 -131.940018 -85.6499939
v -20.8500023 -141.135025 -92.0999985
v -13.4250011 -141.135025 -90.3000031
v -20.8500023 -133.710007 -90.3000031
v -20.8500023 -141.135025 -92.0999985
v -20.8500023 -148.560028 -90.3000031
v -13.4250011 -141.135025 -90.3000031
v -20.8500023 -141.135025 -92.0999985
v -28.2750034 -141.135025 -90.3000031
v -20.8500023 -148.560028 -90.3000031
v -30.045002 -150.330017 -85.6499939
v -20.8500023 -148.560028 -90.3000031
v -28.2750034 -141.135025 -90.3000031
v -20.8500023 -125.835022 -77.1750031
v -10.0350008 -130.320007 -80.8499985
v -10.0350008 -130.320007 -77.1750031
v -10.0350008 -130.320007 -80.8499985
v -20.8500023 -125.835022 -77.1750031
v -20.8500023 -125.835022 -80.8499985
v -20.8500023 -125.835022 -80.8499985
v -11.6550007 -131.940018 -85.6499939
v -10.0350008 -130.320007 -80.8499985
v -11.6550007 -131.940018 -85.6499939
v -20.8500023 -125.835022 -80.8499985
v -20.8500023 -128.13002 -85.6499939
v -20.8500023 -128.13002 -85.6499939
v -20.8500023 -133.710007 -90.3000031
v -11.6550007 -131.940018 -85.6499939
v -20.8500023 -133.710007 -90.3000031
v -20.8500023 -128.13002 -85.6499939
v -30.045002 -131.940018 -85.6499939
v -28.2750034 -141.135025 -90.3000031
v -20.8500023 -133.710007 -90.3000031
v -30.045002 -131.940018 -85.6499939
v -20.8500023 -141.135025 -92.0999985
v -20.8500023 -133.710007 -90.3000031
v -28.2750034 -141.135025 -90.3000031
v -31.6650028 -130.320007 -77.1750031
v -20.8500023 -125.835022 -80.8499985
v -20.8500023 -125.835022 -77.1750031
v -20.8500023 -125.835022 -80.8499985
v -31.6650028 -130.320007 -77.1750031
v -31.6650028 -130.320007 -80.8499985
v -30.045002 -131.940018 -85.6499939
v -20.8500023 -125.835022 -80.8499985
v -31.6650028 -130.320007 -80.8499985
v -20.8500023 -125.835022 -80.8499985
v -30.045002 -131.940018 -85.6499939
v -20.8500023 -128.13002 -85.6499939
v -36.1500015 -141.135025 -77.1750031
v -31.6650028 -130.320007 -80.8499985
v -31.6650028 -130.320007 -77.1750031
v -31.6650028 -130.320007 -80.8499985
v -36.1500015 -141.135025 -77.1750031
v -36.1500015 -141.135025 -80.8499908
v -36.1500015 -141.135025 -80.8499908
v -30.045002 -131.940018 -85.6499939
v -31.6650028 -130.320007 -80.8499985
v -30.045002 -131.940018 -85.6499939
v -36.1500015 -141.135025 -80.8499908
v -33.8550034 -141.135025 -85.6499939
v -33.8550034 -141.135025 -85.6499939
v -28.2750034 -141.135025 -90.3000031
v -30.045002 -131.940018 -85.6499939
v -30.045002 -150.330017 -85.6499939
v -28.2750034 -141.135025 -90.3000031
v -33.8550034 -141.135025 -85.6499939
v -36.1500015 -141.135025 -80.8499908
v -30.045002 -150.330017 -85.6499939
v -33.8550034 -141.135025 -85.6499939
v -30.045002 -150.330017 -85.6499939
v -36.1500015 -141.135025 -80.8499908
v -31.6650028 -151.950012 -80.8499908
v -36.1500015 -141.135025 -80.8499908
v -31.6650028 -151.950012 -77.1750031
v -31.6650028 -151.950012 -80.8499908
v -31.6650028 -151.950012 -77.1750031
v -36.1500015 -141.135025 -80.8499908
v -36.1500015 -141.135025 -77.1750031
v 21.7800007 -121.035011 -89.0250015
v 22.4850025 -126.13501 -86.25
v 24.6000023 -121.035011 -86.25
v 21.7800007 -121.035011 -89.0250015
v 17.4000015 -125.415016 -89.0250015
v 22.4850025 -126.13501 -86.25
v 17.4000015 -125.415016 -89.0250015
v 17.4000015 -128.235016 -86.25
v 22.4850025 -126.13501 -86.25
v 17.4000015 -125.415016 -89.0250015
v 12.3149996 -126.13501 -86.25
v 17.4000015 -128.235016 -86.25
v 17.4000015 -125.415016 -89.0250015
v 13.0200005 -121.035011 -89.0250015
v 12.3149996 -126.13501 -86.25
v 13.0200005 -121.035011 -89.0250015
v 10.2000017 -121.035011 -86.25
v 12.3149996 -126.13501 -86.25
v 13.0200005 -121.035011 -89.0250015
v 12.3149996 -115.950012 -86.25
v 10.2000017 -121.035011 -86.25
v 21.7800007 -121.035011 -89.0250015
v 24.6000023 -121.035011 -86.25
v 22.4850025 -115.950012 -86.25
v 17.4000015 -116.655014 -89.0250015
v 21.7800007 -121.035011 -89.0250015
v 22.4850025 -115.950012 -86.25
v 17.4000015 -125.415016 -89.0250015
v 21.7800007 -121.035011 -89.0250015
v 17.4000015 -116.655014 -89.0250015
v 17.4000015 -125.415016 -89.0250015
v 17.4000015 -116.655014 -89.0250015
v 13.0200005 -121.035011 -89.0250015
v 13.0200005 -121.035011 -89.0250015
v 17.4000015 -116.655014 -89.0250015
v 12.3149996 -115.950012 -86.25
v 17.4000015 -116.655014 -89.0250015
v 17.4000015 -113.835007 -86.25
v 12.3149996 -115.950012 -86.25
v 17.4000015 -116.655014 -89.0250015
v 22.4850025 -115.950012 -86.25
v 17.4000015 -113.835007 -86.25

# 931 UV coordinates
vt 0.777700007 0.738799989 0
vt 0.750400007 0.722600013 0
vt 0.777800024 0.722600013 0
vt 0.0182000007 0.518000007 0
vt 0.0129000004 0.629299998 0
vt 0.00949999969 0.517500013 0
vt 0.0215000007 0.629900008 0
vt 0.0148999998 0.703200012 0
vt 0.0233999994 0.703900009 0
vt 0.0141000003 0.791500002 0
vt 0.0226000007 0.792400002 0
vt 0.0133999996 0.879900001 0
vt 0.0218000002 0.8807 0
vt 0.888000011 0.64289999 0
vt 0.902800024 0.629599988 0
vt 0.903599977 0.636400014 0
vt 0.887199998 0.636000007 0
vt 0.234799996 0.612300009 0
vt 0.261000007 0.570300013 0
vt 0.261999995 0.573000014 0
vt 0.233899996 0.609600008 0
vt 0.216399997 0.638999999 0
vt 0.215399995 0.636299998 0
vt 0.257099986 0.710700005 0
vt 0.263900012 0.692099988 0
vt 0.259600013 0.712799996 0
vt 0.261400014 0.689999998 0
vt 0.268999994 0.654300004 0
vt 0.271400005 0.656399995 0
vt 0.277399987 0.614100009 0
vt 0.279900014 0.6162 0
vt 0.837800026 0.524800003 0
vt 0.8653 0.548799992 0
vt 0.837700009 0.550599992 0
vt 0.860499978 0.50940001 0
vt 0.874199986 0.4921 0
vt 0.886799991 0.547800004 0
vt 0.837599993 0.507800013 0
vt 0.857200027 0.487500012 0
vt 0.869400024 0.464100003 0
vt 0.978100002 0.938900001 0
vt 0.957899988 0.930600002 0
vt 0.978999972 0.930600002 0
vt 0.957899988 0.938900001 0
vt 0.976199985 0.958599999 0
vt 0.957899988 0.958599999 0
vt 0.974600017 0.9783 0
vt 0.957899988 0.9783 0
vt 0.973699987 0.9866 0
vt 0.957899988 0.9866 0
vt 0.0263 0.389599979 0
vt 0.0164999999 0.384599984 0
vt 0.0263 0.381099999 0
vt 0.0164999999 0.389900029 0
vt 0.0149999997 0.388800025 0
vt 0.0149999997 0.386399984 0
vt 0.0160000008 0.457899988 0
vt 0.0260000005 0.454699993 0
vt 0.0255999994 0.463199973 0
vt 0.0162000004 0.452600002 0
vt 0.0146000003 0.455799997 0
vt 0.0147000002 0.453400016 0
vt 0.0256999992 0.378899992 0
vt 0.0337999985 0.315999985 0
vt 0.0337999985 0.378899992 0
vt 0.0256999992 0.315999985 0
vt 0.0164999999 0.371399999 0
vt 0.0164999999 0.323499978 0
vt 0.0148999998 0.325200021 0
vt 0.0148999998 0.369700015 0
vt 0.290899992 0.61469999 0
vt 0.281599998 0.657999992 0
vt 0.286300004 0.615399987 0
vt 0.286500007 0.665600002 0
vt 0.283199996 0.687400013 0
vt 0.274100006 0.693599999 0
vt 0.276600003 0.717599988 0
vt 0.268099993 0.712500006 0
vt 0.301699996 0.612100005 0
vt 0.300500005 0.676800013 0
vt 0.297899991 0.718899995 0
vt 0.308699995 0.610500008 0
vt 0.313499987 0.676800013 0
vt 0.316900015 0.721799999 0
vt 0.276600003 0.602299988 0
vt 0.282999992 0.601799995 0
vt 0.280999988 0.605399996 0
vt 0.281899989 0.592700005 0
vt 0.273699999 0.578200012 0
vt 0.270000011 0.585099995 0
vt 0.26789999 0.570600003 0
vt 0.2667 0.572899997 0
vt 0.235799998 0.6162 0
vt 0.231600001 0.668000013 0
vt 0.217299998 0.64289999 0
vt 0.244800001 0.634900004 0
vt 0.253100008 0.667100012 0
vt 0.246900007 0.69749999 0
vt 0.257200003 0.684500009 0
vt 0.254599988 0.70629999 0
vt 0.262899995 0.576999992 0
vt 0.267100006 0.588 0
vt 0.258599997 0.647100002 0
vt 0.264800012 0.648900002 0
vt 0.273699999 0.605199993 0
vt 0.27669999 0.612399995 0
vt 0.892499983 0.933700003 0
vt 0.914200008 0.803399995 0
vt 0.896099985 0.9375 0
vt 0.909099996 0.798099995 0
vt 0.950100005 0.661000013 0
vt 0.944999993 0.655699998 0
vt 0.680899978 0.848900005 0
vt 0.649900019 0.929300003 0
vt 0.649900019 0.878600001 0
vt 0.680899978 0.959100001 0
vt 0.712400019 0.98 0
vt 0.712400019 0.827900007 0
vt 0.741400003 0.979499999 0
vt 0.741400003 0.991 0
vt 0.741400003 0.817000002 0
vt 0.246199995 0.462599993 0
vt 0.260600001 0.520000011 0
vt 0.255400002 0.521299988 0
vt 0.252299994 0.458000004 0
vt 0.275400013 0.516600013 0
vt 0.273400009 0.437699974 0
vt 0.280999988 0.515399992 0
vt 0.280999988 0.42750001 0
vt 0.284000009 0.515399992 0
vt 0.284000009 0.42750001 0
vt 0.305799991 0.546000004 0
vt 0.300700009 0.53580001 0
vt 0.305700004 0.538899988 0
vt 0.300700009 0.549199998 0
vt 0.28580001 0.53580001 0
vt 0.28580001 0.549199998 0
vt 0.280499995 0.54550001 0
vt 0.280499995 0.539400011 0
vt 0.33829999 0.913199998 0
vt 0.350699991 0.9474 0
vt 0.33829999 0.9474 0
vt 0.350699991 0.913199998 0
vt 0.350699991 0.876900002 0
vt 0.338200003 0.876900002 0
vt 0.338200003 0.829799995 0
vt 0.350600004 0.829799995 0
vt 0.350600004 0.793599993 0
vt 0.338200003 0.793599993 0
vt 0.338099986 0.759299994 0
vt 0.350600004 0.759299994 0
vt 0.978399992 0.607600003 0
vt 0.943400025 0.608799994 0
vt 0.978399992 0.608799994 0
vt 0.943400025 0.607600003 0
vt 0.978399992 0.606400013 0
vt 0.943400025 0.606400013 0
vt 0.978399992 0.605199993 0
vt 0.943400025 0.605199993 0
vt 0.978399992 0.604000002 0
vt 0.943400025 0.604000002 0
vt 0.978399992 0.602899998 0
vt 0.943400025 0.602899998 0
vt 0.978399992 0.601700008 0
vt 0.943400025 0.601700008 0
vt 0.978399992 0.600499988 0
vt 0.943400025 0.600499988 0
vt 0.978399992 0.599299997 0
vt 0.943400025 0.599299997 0
vt 0.930899978 0.615200013 0
vt 0.975300014 0.616400003 0
vt 0.975300014 0.615200013 0
vt 0.930899978 0.616400003 0
vt 0.975300014 0.617599994 0
vt 0.930899978 0.617599994 0
vt 0.975300014 0.618800014 0
vt 0.930899978 0.618800014 0
vt 0.975300014 0.620000005 0
vt 0.930899978 0.620000005 0
vt 0.975300014 0.621199995 0
vt 0.930899978 0.621199995 0
vt 0.975300014 0.622399986 0
vt 0.930899978 0.622399986 0
vt 0.975300014 0.623600006 0
vt 0.930899978 0.623600006 0
vt 0.975300014 0.624799997 0
vt 0.930899978 0.624799997 0
vt 0.95480001 0.583499998 0
vt 0.983900011 0.584699988 0
vt 0.983900011 0.583499998 0
vt 0.95480001 0.584699988 0
vt 0.983900011 0.585799992 0
vt 0.95480001 0.585799992 0
vt 0.983900011 0.587000012 0
vt 0.954699993 0.587000012 0
vt 0.983900011 0.588200003 0
vt 0.954699993 0.588200003 0
vt 0.983900011 0.589399993 0
vt 0.954699993 0.589399993 0
vt 0.983900011 0.590600014 0
vt 0.954699993 0.590600014 0
vt 0.983900011 0.591800004 0
vt 0.954699993 0.591800004 0
vt 0.983900011 0.592900008 0
vt 0.954699993 0.592900008 0
vt 0.937900007 0.796399996 0
vt 0.933600008 0.782299995 0
vt 0.933600008 0.796399996 0
vt 0.937900007 0.782299995 0
vt 0.942200005 0.796399996 0
vt 0.942200005 0.782299995 0
vt 0.946399987 0.796399996 0
vt 0.946399987 0.782299995 0
vt 0.950699985 0.796399996 0
vt 0.950699985 0.782299995 0
vt 0.954999983 0.796399996 0
vt 0.954999983 0.782299995 0
vt 0.959200025 0.796399996 0
vt 0.959200025 0.782299995 0
vt 0.963500023 0.796399996 0
vt 0.963500023 0.782299995 0
vt 0.967800021 0.796399996 0
vt 0.967800021 0.782299995 0
vt 0.479099989 0.503300011 0
vt 0.539600015 0.454200029 0
vt 0.479299992 0.454200029 0
vt 0.539799988 0.503300011 0
vt 0.53549999 0.552399993 0
vt 0.483399987 0.552399993 0
vt 0.524800003 0.599099994 0
vt 0.494100004 0.599099994 0
vt 0.50940001 0.626300007 0
vt 0.463200003 0.720200002 0
vt 0.404000014 0.758200005 0
vt 0.463200003 0.758200005 0
vt 0.404000014 0.720200002 0
vt 0.463200003 0.670100003 0
vt 0.404000014 0.670100003 0
vt 0.463200003 0.607800007 0
vt 0.404000014 0.607800007 0
vt 0.404000014 0.545599997 0
vt 0.4639 0.545599997 0
vt 0.463200003 0.495400012 0
vt 0.404000014 0.495400012 0
vt 0.463200003 0.457400024 0
vt 0.404000014 0.457400024 0
vt 0.265300006 0.873099998 0
vt 0.249400005 0.9868 0
vt 0.265300006 0.9868 0
vt 0.249400005 0.873099998 0
vt 0.265300006 0.811700001 0
vt 0.249400005 0.811700001 0
vt 0.265300006 0.767100006 0
vt 0.249400005 0.767100006 0
vt 0.265300006 0.748199999 0
vt 0.249400005 0.748199999 0
vt 0.0161000006 0.443700016 0
vt 0.0149999997 0.399699986 0
vt 0.0149999997 0.444299996 0
vt 0.0161000006 0.400399983 0
vt 0.0176999997 0.399800003 0
vt 0.0176999997 0.444199979 0
vt 0.0267999992 0.451200008 0
vt 0.0267999992 0.39289999 0
vt 0.0348999985 0.39289999 0
vt 0.0348999985 0.451200008 0
vt 0.202000007 0.587700009 0
vt 0.192499995 0.603199989 0
vt 0.197600007 0.631099999 0
vt 0.192699999 0.563800007 0
vt 0.183799997 0.575700015 0
vt 0.176899999 0.540600002 0
vt 0.175099999 0.558299989 0
vt 0.210700005 0.528200001 0
vt 0.198100001 0.522100002 0
vt 0.1796 0.513200015 0
vt 0.828999996 0.550000012 0
vt 0.827799976 0.523400009 0
vt 0.827600002 0.549299985 0
vt 0.835200012 0.5273 0
vt 0.834999979 0.51030001 0
vt 0.832000017 0.5088 0
vt 0.850700021 0.471099973 0
vt 0.867200017 0.461099982 0
vt 0.865800023 0.45569998 0
vt 0.852100015 0.476499975 0
vt 0.83099997 0.491100013 0
vt 0.832400024 0.496500015 0
vt 0.180099994 0.509600013 0
vt 0.198899999 0.515899986 0
vt 0.180399999 0.506900012 0
vt 0.198599994 0.518599987 0
vt 0.211500004 0.521899998 0
vt 0.211199999 0.524699986 0
vt 0.666199982 0.779599994 0
vt 0.642199993 0.756400004 0
vt 0.642199993 0.779599994 0
vt 0.666199982 0.756400004 0
vt 0.674399972 0.68689999 0
vt 0.63380003 0.68689999 0
vt 0.679899991 0.618000001 0
vt 0.628199995 0.618000001 0
vt 0.682399988 0.480300009 0
vt 0.62529999 0.480300009 0
vt 0.853299975 0.359300017 0
vt 0.867500007 0.154999971 0
vt 0.853200018 0.154999971 0
vt 0.867600024 0.359300017 0
vt 0.853299975 0.439499974 0
vt 0.867600024 0.439499974 0
vt 0.897300005 0.040700018 0
vt 0.907999992 0.023400009 0
vt 0.90259999 0.020600021 0
vt 0.907500029 0.04610002 0
vt 0.899800003 0.092800021 0
vt 0.892499983 0.08890003 0
vt 0.890999973 0.129800022 0
vt 0.916899979 0.01910001 0
vt 0.977500021 0.025200009 0
vt 0.977299988 0.013999999 0
vt 0.917100012 0.030300021 0
vt 0.898599982 0.142400026 0
vt 0.972599983 0.148899972 0
vt 0.969399989 0.222299993 0
vt 0.905300021 0.103500009 0
vt 0.976100028 0.072000027 0
vt 0.913600028 0.056999981 0
vt 0.917400002 0.03549999 0
vt 0.977900028 0.035000026 0
vt 0.953100026 0.226599991 0
vt 0.87559998 0.439499974 0
vt 0.87559998 0.359300017 0
vt 0.962499976 0.4375 0
vt 0.0305000003 0.793699995 0
vt 0.0465000011 0.874699995 0
vt 0.0299999993 0.883100003 0
vt 0.0498999991 0.788100004 0
vt 0.0706999972 0.858400002 0
vt 0.0746000037 0.778099999 0
vt 0.0917000026 0.836799994 0
vt 0.0948000029 0.766599998 0
vt 0.0794999972 0.699499995 0
vt 0.0995000005 0.6972 0
vt 0.0313000008 0.703999996 0
vt 0.0540000014 0.702100009 0
vt 0.0736000016 0.627999991 0
vt 0.0320999995 0.630100012 0
vt 0.0331999995 0.519300014 0
vt 0.0516000018 0.521200001 0
vt 0.125200003 0.859300002 0
vt 0.0834999979 0.892099999 0
vt 0.0970999971 0.853499994 0
vt 0.137999997 0.904600002 0
vt 0.144099995 0.952199999 0
vt 0.0716999993 0.9375 0
vt 0.0754999965 0.971799999 0
vt 0.0670000017 0.970100001 0
vt 0.887199998 0.608799994 0
vt 0.902800024 0.625999987 0
vt 0.887199998 0.632499993 0
vt 0.907000005 0.578700006 0
vt 0.863099992 0.62560001 0
vt 0.878799975 0.608799994 0
vt 0.878799975 0.632400006 0
vt 0.858900011 0.578200012 0
vt 0.921899974 0.986 0
vt 0.937699974 0.977700001 0
vt 0.937699974 0.9861 0
vt 0.921500027 0.977700001 0
vt 0.937699974 0.958099999 0
vt 0.919099987 0.958099999 0
vt 0.937699974 0.9384 0
vt 0.916599989 0.9384 0
vt 0.916599989 0.930100001 0
vt 0.937699974 0.930100001 0
vt 0.802100003 0.340799987 0
vt 0.784099996 0.368600011 0
vt 0.784200013 0.340799987 0
vt 0.8125 0.368600011 0
vt 0.783999979 0.400600016 0
vt 0.819999993 0.400600016 0
vt 0.811399996 0.443099976 0
vt 0.783800006 0.443099976 0
vt 0.803200006 0.474699974 0
vt 0.79610002 0.533600003 0
vt 0.782599986 0.708200008 0
vt 0.790700018 0.708200008 0
vt 0.0399000011 0.390500009 0
vt 0.0399000011 0.453499973 0
vt 0.196799994 0.435400009 0
vt 0.215599999 0.4199 0
vt 0.212400004 0.435400009 0
vt 0.193599999 0.4199 0
vt 0.196799994 0.404399991 0
vt 0.212400004 0.404399991 0
vt 0.204600006 0.398000002 0
vt 0.76880002 0.9483 0
vt 0.806400001 0.977800001 0
vt 0.762399971 0.981699999 0
vt 0.805199981 0.9483 0
vt 0.810500026 0.977 0
vt 0.778500021 0.903899997 0
vt 0.792800009 0.903700001 0
vt 0.758400023 0.741899997 0
vt 0.756799996 0.801400006 0
vt 0.744599998 0.731400013 0
vt 0.769500017 0.804299995 0
vt 0.774399996 0.869299993 0
vt 0.782500029 0.861900002 0
vt 0.781499982 0.806199998 0
vt 0.79369998 0.852200001 0
vt 0.792599976 0.807999998 0
vt 0.790499985 0.763600007 0
vt 0.774100006 0.752900004 0
vt 0.58160001 0.645599991 0
vt 0.553600013 0.604499996 0
vt 0.553600013 0.645599991 0
vt 0.582499981 0.604499996 0
vt 0.582499981 0.553200006 0
vt 0.553600013 0.553200006 0
vt 0.582499981 0.503300011 0
vt 0.553600013 0.503300011 0
vt 0.582499981 0.454200029 0
vt 0.553600013 0.454200029 0
vt 0.282000005 0.417500019 0
vt 0.238999993 0.34799999 0
vt 0.237000003 0.406000018 0
vt 0.284299999 0.330500007 0
vt 0.152099997 0.32160002 0
vt 0.187700003 0.270600021 0
vt 0.123099998 0.302200019 0
vt 0.107600003 0.283999979 0
vt 0.490999997 0.432600021 0
vt 0.49000001 0.327000022 0
vt 0.28580001 0.274299979 0
vt 0.285299987 0.22329998 0
vt 0.178000003 0.221400023 0
vt 0.0772999972 0.220300019 0
vt 0.0860999972 0.266200006 0
vt 0.650300026 0.328000009 0
vt 0.648199975 0.277700007 0
vt 0.489499986 0.277100027 0
vt 0.490099996 0.225499988 0
vt 0.2861 0.18720001 0
vt 0.179800004 0.18629998 0
vt 0.655300021 0.406499982 0
vt 0.6796 0.3301 0
vt 0.693799973 0.27609998 0
vt 0.649500012 0.227699995 0
vt 0.700999975 0.384899974 0
vt 0.709399998 0.327700019 0
vt 0.739899993 0.272199988 0
vt 0.711799979 0.230300009 0
vt 0.648699999 0.196500003 0
vt 0.489899993 0.188600004 0
vt 0.745599985 0.345099986 0
vt 0.771000028 0.302299976 0
vt 0.780099988 0.230099976 0
vt 0.746500015 0.228999972 0
vt 0.747699976 0.179499984 0
vt 0.711199999 0.176800013 0
vt 0.648800015 0.174799979 0
vt 0.490099996 0.167299986 0
vt 0.798300028 0.233399987 0
vt 0.799499989 0.204299986 0
vt 0.780300021 0.178799987 0
vt 0.776000023 0.154900014 0
vt 0.747900009 0.149399996 0
vt 0.7148 0.141300023 0
vt 0.650900006 0.135599971 0
vt 0.491600007 0.126100004 0
vt 0.799000025 0.176100016 0
vt 0.79549998 0.150600016 0
vt 0.787500024 0.129700005 0
vt 0.767199993 0.1329 0
vt 0.716199994 0.114799976 0
vt 0.653100014 0.102100015 0
vt 0.491299987 0.08920002 0
vt 0.28580001 0.122600019 0
vt 0.733200014 0.077400029 0
vt 0.657100022 0.042699993 0
vt 0.492799997 0.010299981 0
vt 0.28490001 0.080200016 0
vt 0.177300006 0.122099996 0
vt 0.180000007 0.160899997 0
vt 0.2861 0.163500011 0
vt 0.283800006 0.014999986 0
vt 0.173500001 0.083400011 0
vt 0.0670000017 0.127300024 0
vt 0.0716999993 0.157999992 0
vt 0.0732999966 0.183399975 0
vt 0.172199994 0.031499982 0
vt 0.061999999 0.061100006 0
vt 0.0627999976 0.098200023 0
vt 0.0410999991 0.12349999 0
vt 0.0434999987 0.155799985 0
vt 0.0434000008 0.183200002 0
vt 0.0419000015 0.214399993 0
vt 0.0666999966 0.270399988 0
vt 0.0320000015 0.079400003 0
vt 0.0388000011 0.104600012 0
vt 0.0144999996 0.104499996 0
vt 0.0125000002 0.115400016 0
vt 0.0114000002 0.153400004 0
vt 0.0119000003 0.183099985 0
vt 0.0203000009 0.094299972 0
vt 0.0131000001 0.210399985 0
vt 0.0383000001 0.271499991 0
vt 0.0593999997 0.31190002 0
vt 0.069600001 0.283500016 0
vt 0.975099981 0.520200014 0
vt 0.959999979 0.507699996 0
vt 0.959999979 0.520200014 0
vt 0.975099981 0.507699996 0
vt 0.975099981 0.496699989 0
vt 0.959999979 0.496699989 0
vt 0.959999979 0.486100018 0
vt 0.975099981 0.486100018 0
vt 0.975099981 0.474600017 0
vt 0.959999979 0.474600017 0
vt 0.81279999 0.634299994 0
vt 0.809599996 0.629200011 0
vt 0.809599996 0.634299994 0
vt 0.81279999 0.625499994 0
vt 0.814999998 0.634299994 0
vt 0.814999998 0.625499994 0
vt 0.816799998 0.625499994 0
vt 0.816799998 0.634299994 0
vt 0.818599999 0.625499994 0
vt 0.818599999 0.634299994 0
vt 0.8204 0.625499994 0
vt 0.8204 0.634299994 0
vt 0.822099984 0.625499994 0
vt 0.822099984 0.634299994 0
vt 0.824400008 0.634299994 0
vt 0.824400008 0.625499994 0
vt 0.827600002 0.629200011 0
vt 0.827600002 0.634299994 0
vt 0.5898 0.9485 0
vt 0.57190001 0.766200006 0
vt 0.571500003 0.948399998 0
vt 0.590200007 0.766299993 0
vt 0.519500017 0.746899992 0
vt 0.560699999 0.710399985 0
vt 0.519500017 0.710299999 0
vt 0.560699999 0.747000009 0
vt 0.862500012 0.555200011 0
vt 0.88410002 0.557200015 0
vt 0.88410002 0.55430001 0
vt 0.862600029 0.558099985 0
vt 0.834900022 0.556400001 0
vt 0.834900022 0.559199989 0
vt 0.166600004 0.537099987 0
vt 0.171000004 0.509799987 0
vt 0.169699997 0.509799987 0
vt 0.174099997 0.537099987 0
vt 0.172399998 0.554800004 0
vt 0.168300003 0.554800004 0
vt 0.703199983 0.689700007 0
vt 0.68779999 0.759200007 0
vt 0.699400008 0.760600001 0
vt 0.686999977 0.68779999 0
vt 0.706399977 0.620299995 0
vt 0.687099993 0.618000001 0
vt 0.710300028 0.482800007 0
vt 0.689700007 0.480300009 0
vt 0.596599996 0.482800007 0
vt 0.620199978 0.618000001 0
vt 0.617299974 0.480300009 0
vt 0.600899994 0.620299995 0
vt 0.620400012 0.68779999 0
vt 0.604200006 0.689700007 0
vt 0.619799972 0.759200007 0
vt 0.608299971 0.760600001 0
vt 0.842100024 0.337499976 0
vt 0.827799976 0.163299978 0
vt 0.827799976 0.337499976 0
vt 0.842100024 0.163299978 0
vt 0.881500006 0.608799994 0
vt 0.885100007 0.632499993 0
vt 0.881500006 0.632400006 0
vt 0.885100007 0.608799994 0
vt 0.822799981 0.710399985 0
vt 0.801500022 0.798600003 0
vt 0.797399998 0.710399985 0
vt 0.820599973 0.798600003 0
vt 0.80400002 0.886799999 0
vt 0.818300009 0.886799999 0
vt 0.238000005 0.873600006 0
vt 0.193499997 0.9873 0
vt 0.239999995 0.9873 0
vt 0.195600003 0.873600006 0
vt 0.233199999 0.812999994 0
vt 0.200299993 0.812999994 0
vt 0.224600002 0.771799996 0
vt 0.208900005 0.771799996 0
vt 0.216800004 0.761299998 0
vt 0.832199991 0.664600015 0
vt 0.830900013 0.667499989 0
vt 0.832300007 0.667499989 0
vt 0.830799997 0.664600015 0
vt 0.82950002 0.667600006 0
vt 0.829400003 0.664700001 0
vt 0.828100026 0.667600006 0
vt 0.828000009 0.664700001 0
vt 0.826699972 0.667699993 0
vt 0.826600015 0.664799988 0
vt 0.820900023 0.667699993 0
vt 0.820900023 0.664799988 0
vt 0.819500029 0.664799988 0
vt 0.819500029 0.667699993 0
vt 0.818099976 0.664799988 0
vt 0.818099976 0.667699993 0
vt 0.816699982 0.664700001 0
vt 0.816699982 0.667600006 0
vt 0.815299988 0.664700001 0
vt 0.815299988 0.667600006 0
vt 0.809599996 0.667499989 0
vt 0.809599996 0.664600015 0
vt 0.828100026 0.610300004 0
vt 0.830600023 0.620099992 0
vt 0.830600023 0.610300004 0
vt 0.828100026 0.620099992 0
vt 0.824400008 0.610300004 0
vt 0.824400008 0.620099992 0
vt 0.822099984 0.610300004 0
vt 0.822099984 0.620099992 0
vt 0.820599973 0.618400007 0
vt 0.820599973 0.611900002 0
vt 0.819800019 0.615200013 0
vt 0.288700014 0.515399992 0
vt 0.296299994 0.43779999 0
vt 0.288700014 0.42750001 0
vt 0.294200003 0.5167 0
vt 0.317299992 0.458599985 0
vt 0.308999985 0.520399988 0
vt 0.323500007 0.46329999 0
vt 0.314300001 0.521699995 0
vt 0.317699999 0.523900002 0
vt 0.326900005 0.465399981 0
vt 0.42050001 0.924400002 0
vt 0.447699994 0.823400006 0
vt 0.407999992 0.897600003 0
vt 0.460200012 0.850199997 0
vt 0.500400007 0.725100011 0
vt 0.512899995 0.751900002 0
vt 0.188800007 0.606900007 0
vt 0.193399996 0.636400014 0
vt 0.196899995 0.631900012 0
vt 0.185399994 0.611400008 0
vt 0.180000007 0.579299986 0
vt 0.176499993 0.583900005 0
vt 0.173299998 0.558600008 0
vt 0.1699 0.563199997 0
vt 0.62529999 0.438799977 0
vt 0.682399988 0.438799977 0
vt 0.980599999 0.071799994 0
vt 0.987299979 0.033699989 0
vt 0.981700003 0.034699976 0
vt 0.991699994 0.069800019 0
vt 0.100599997 0.766800001 0
vt 0.127599999 0.842700005 0
vt 0.0996000022 0.836999997 0
vt 0.148699999 0.775999993 0
vt 0.105400003 0.697100013 0
vt 0.155100003 0.706999987 0
vt 0.101499997 0.611299992 0
vt 0.168799996 0.62349999 0
vt 0.105999999 0.496599972 0
vt 0.904699981 0.567400008 0
vt 0.887199998 0.602999985 0
vt 0.88499999 0.597499996 0
vt 0.907000005 0.572899997 0
vt 0.898699999 0.793400005 0
vt 0.896099985 0.663599998 0
vt 0.923600018 0.641499996 0
vt 0.878300011 0.792500004 0
vt 0.86500001 0.687099993 0
vt 0.851700008 0.793799996 0
vt 0.832499981 0.710000008 0
vt 0.830299973 0.798600003 0
vt 0.82889998 0.887199998 0
vt 0.852800012 0.905599996 0
vt 0.866900027 0.917800002 0
vt 0.519299984 0.766299993 0
vt 0.560500026 0.766399994 0
vt 0.466600001 0.864600003 0
vt 0.560400009 0.948600002 0
vt 0.431899995 0.948199999 0
vt 0.943199992 0.940200001 0
vt 0.94630003 0.934500001 0
vt 0.949299991 0.940200001 0
vt 0.950900018 0.959699999 0
vt 0.941699982 0.959699999 0
vt 0.949299991 0.9791 0
vt 0.943199992 0.9791 0
vt 0.94630003 0.9848 0
vt 0.116400003 0.323300004 0
vt 0.0812000036 0.3222 0
vt 0.0810000002 0.31370002 0
vt 0.116400003 0.338 0
vt 0.0811000019 0.33950001 0
vt 0.116400003 0.356999993 0
vt 0.0812000036 0.35799998 0
vt 0.0812999979 0.380400002 0
vt 0.116499998 0.381900012 0
vt 0.0810000002 0.411300004 0
vt 0.116300002 0.412299991 0
vt 0.115900002 0.430499971 0
vt 0.0806000009 0.433700025 0
vt 0.115699999 0.444000006 0
vt 0.142000005 0.359200001 0
vt 0.141499996 0.361599982 0
vt 0.132699996 0.360400021 0
vt 0.135100007 0.353999972 0
vt 0.126100004 0.360199988 0
vt 0.1219 0.382000029 0
vt 0.119900003 0.381900012 0
vt 0.129099995 0.408200026 0
vt 0.1197 0.412299991 0
vt 0.1285 0.430700004 0
vt 0.123099998 0.429199994 0
vt 0.128399998 0.437399983 0
vt 0.0722000003 0.431200027 0
vt 0.0703999996 0.41109997 0
vt 0.0773999989 0.411300004 0
vt 0.0776999965 0.380400002 0
vt 0.0502000004 0.379599988 0
vt 0.0538000017 0.367200017 0
vt 0.072800003 0.360300004 0
vt 0.0560000017 0.359799981 0
vt 0.0640999973 0.353799999 0
vt 0.930499971 0.619100004 0
vt 0.930499971 0.622099996 0
vt 0.929799974 0.619100004 0
vt 0.929400027 0.620000005 0
vt 0.929899991 0.622099996 0
vt 0.929400027 0.621199995 0
vt 0.954299986 0.587399989 0
vt 0.954299986 0.590200007 0
vt 0.953700006 0.587399989 0
vt 0.953199983 0.588200003 0
vt 0.953700006 0.590200007 0
vt 0.953199983 0.589399993 0
vt 0.942300022 0.606099993 0
vt 0.941900015 0.604000002 0
vt 0.941900015 0.605199993 0
vt 0.942900002 0.606099993 0
vt 0.942300022 0.603199989 0
vt 0.943000019 0.603199989 0
vt 0.365500003 0.471099973 0
vt 0.350400001 0.494099975 0
vt 0.380600005 0.494099975 0
vt 0.337700009 0.537400007 0
vt 0.393299997 0.537400007 0
vt 0.333000004 0.59889999 0
vt 0.398000002 0.59889999 0
vt 0.393299997 0.660400003 0
vt 0.337700009 0.660400003 0
vt 0.380600005 0.703700006 0
vt 0.350400001 0.703700006 0
vt 0.365500003 0.726799995 0
vt 0.376599997 0.935699999 0
vt 0.388700008 0.9115 0
vt 0.364499986 0.9115 0
vt 0.394300014 0.877099998 0
vt 0.358700007 0.877099998 0
vt 0.358700007 0.829999998 0
vt 0.394300014 0.829999998 0
vt 0.364399999 0.795599997 0
vt 0.388599992 0.795599997 0
vt 0.376399994 0.771300003 0
vt 0.819800019 0.654199988 0
vt 0.819299996 0.656800002 0
vt 0.819800019 0.659399986 0
vt 0.821099997 0.653100014 0
vt 0.821099997 0.660400003 0
vt 0.826799989 0.653100014 0
vt 0.826799989 0.660400003 0
vt 0.828100026 0.659399986 0
vt 0.828100026 0.654199988 0
vt 0.828700006 0.656800002 0
vt 0.72420001 0.443099976 0
vt 0.72299999 0.708200008 0
vt 0.750400007 0.708200008 0
vt 0.778999984 0.443099976 0
vt 0.775300026 0.401300013 0
vt 0.728299975 0.401300013 0
vt 0.765100002 0.376999974 0
vt 0.738699973 0.376999974 0
vt 0.751900017 0.368700027 0
vt 0.777800024 0.708200008 0
vt 0.977400005 0.507699996 0
vt 0.977400005 0.520099998 0
vt 0.981400013 0.521499991 0
vt 0.98299998 0.501899987 0
vt 0.978900015 0.497099996 0
vt 0.98119998 0.487399995 0
vt 0.984899998 0.478799999 0
vt 0.953199983 0.521499991 0
vt 0.957300007 0.520099998 0
vt 0.957199991 0.507600009 0
vt 0.951600015 0.501899987 0
vt 0.95569998 0.497099996 0
vt 0.953400016 0.487399995 0
vt 0.949699998 0.478799999 0
vt 0.1567 0.8662 0
vt 0.175799996 0.837899998 0
vt 0.166800007 0.880400002 0
vt 0.165099993 0.825299993 0
vt 0.180199996 0.794100001 0
vt 0.177900001 0.840499997 0
vt 0.145999998 0.850999996 0
vt 0.153899997 0.814500004 0
vt 0.167899996 0.786200002 0
vt 0.175099999 0.752900004 0
vt 0.157199994 0.779300004 0
vt 0.903800011 0.480799973 0
vt 0.899800003 0.489600003 0
vt 0.903299987 0.479799986 0
vt 0.900900006 0.490700006 0
vt 0.894800007 0.514400005 0
vt 0.897300005 0.516099989 0
vt 0.905700028 0.520099998 0
vt 0.907199979 0.494499981 0
vt 0.914499998 0.521100014 0
vt 0.907299995 0.473999977 0
vt 0.908399999 0.485099971 0
vt 0.90990001 0.477800012 0
vt 0.913299978 0.486100018 0
vt 0.913600028 0.495299995 0
vt 0.9199 0.492799997 0
vt 0.923200011 0.5176 0
vt 0.925899982 0.486999989 0
vt 0.931200027 0.511299998 0
vt 0.912800014 0.470200002 0
vt 0.913100004 0.478799999 0
vt 0.918099999 0.483799994 0
vt 0.916100025 0.476999998 0
vt 0.922299981 0.478200018 0
vt 0.918299973 0.4727 0
vt 0.922699988 0.476899981 0
vt 0.926900029 0.485599995 0
vt 0.932600021 0.509900004 0
vt 0.918299973 0.472299993 0
vt 0.171800002 0.399999976 0
vt 0.159700006 0.420400023 0
vt 0.160300002 0.398299992 0
vt 0.171399996 0.42049998 0
vt 0.160099998 0.442600012 0
vt 0.171800002 0.440900028 0
vt 0.161500007 0.46450001 0
vt 0.173099995 0.461300015 0
vt 0.163399994 0.485700011 0
vt 0.161599994 0.376399994 0
vt 0.173199996 0.379599988 0
vt 0.190099999 0.386399984 0
vt 0.188800007 0.403299987 0
vt 0.188500002 0.42049998 0
vt 0.188899994 0.437699974 0
vt 0.163499996 0.355199993 0
vt 0.175300002 0.359300017 0
vt 0.192100003 0.369899988 0
vt 0.190099999 0.454599977 0
vt 0.192000002 0.471199989 0
vt 0.1752 0.481700003 0
vt 0.899699986 0.489499986 0
vt 0.903800011 0.48089999 0
vt 0.903400004 0.479900002 0
vt 0.90079999 0.49059999 0
vt 0.907299995 0.474099994 0
vt 0.897300005 0.516200006 0
vt 0.907199979 0.494599998 0
vt 0.912999988 0.478799999 0
vt 0.90990001 0.477900028 0
vt 0.912800014 0.470300019 0
vt 0.917999983 0.483699977 0
vt 0.916000009 0.476999998 0
vt 0.918299973 0.472599983 0
vt 0.918299973 0.472100019 0
vt 0.926900029 0.485700011 0
vt 0.923200011 0.517699987 0
vt 0.925899982 0.487100005 0
vt 0.931200027 0.511400014 0
vt 0.188899994 0.403299987 0
vt 0.161599994 0.37650001 0
vt 0.171800002 0.440999985 0
vt 0.173099995 0.461399972 0
vt 0.190099999 0.454699993 0
vt 0.163399994 0.485800028 0
vt 0.960300028 0.883400001 0
vt 0.948400021 0.887500003 0
vt 0.948300004 0.893100001 0
vt 0.958299994 0.879199997 0
vt 0.95569998 0.873500004 0
vt 0.948499978 0.879699998 0
vt 0.941200018 0.873799995 0
vt 0.938499987 0.879199997 0
vt 0.936399996 0.883100003 0
vt 0.965399981 0.859500006 0
vt 0.962499976 0.859200001 0
vt 0.958500028 0.859200001 0
vt 0.953599989 0.859200001 0
vt 0.948400021 0.8697 0
vt 0.960399985 0.835500002 0
vt 0.958299994 0.839399993 0
vt 0.955600023 0.844799995 0
vt 0.948400021 0.849000007 0
vt 0.948400021 0.859300002 0
vt 0.943300009 0.859400004 0
vt 0.948499978 0.825399995 0
vt 0.948300004 0.831100002 0
vt 0.948400021 0.839100003 0
vt 0.941200018 0.844899997 0
vt 0.936500013 0.8354 0
vt 0.938399971 0.839599997 0
vt 0.931500018 0.859200001 0
vt 0.934300005 0.859500006 0
vt 0.938300014 0.859400004 0
vt 0.982800007 0.788599998 0
vt 0.984000027 0.797399998 0
vt 0.985899985 0.788599998 0
vt 0.979600012 0.7949 0
vt 0.979600012 0.800899997 0
vt 0.975199997 0.797399998 0
vt 0.976400018 0.788599998 0
vt 0.97329998 0.788599998 0
vt 0.975199997 0.779799998 0
vt 0.984000027 0.779799998 0
vt 0.979600012 0.782299995 0
vt 0.979600012 0.776199996 0

# 1146 vertex normals
vn 0 0.99999994 -4.37113883e-08
vn 0.9980762 -0.0619985238 2.71004175e-09
vn 0.998070061 -0.062098138 2.71439604e-09
vn 0.998453259 -0.0555973947 2.43023912e-09
vn 0.99879384 -0.0490997024 2.14621587e-09
vn 0.999092221 -0.0425996631 1.86209059e-09
vn 0.214197859 0.97679019 -4.26968576e-08
vn -0.998070061 -0.062098138 2.71439604e-09
vn -0.9980762 -0.0619985238 2.71004175e-09
vn -0.998453259 -0.0555973947 2.43023912e-09
vn -0.99879384 -0.0490997024 2.14621587e-09
vn -0.999092221 -0.0425996631 1.86209059e-09
vn -0.214197859 0.97679019 -4.26968576e-08
vn 0.0686997548 0.996496379 0.047699783
vn 0.0687000751 0.996501148 0.0476000048
vn 0.0687999278 0.996499002 0.0474999025
vn 0.0692974031 0.996562541 0.0453982539
vn 0.0695001632 0.996602237 0.044200059
vn 0.0703002289 0.996703386 0.040500097
vn -0.592803657 -0.784604847 -0.181601107
vn -0.533584058 -0.828975201 -0.167594969
vn -0.533914208 -0.828922033 -0.166804403
vn -0.457784474 -0.876370192 -0.14969489
vn -0.44438076 -0.883861661 -0.14599365
vn -0.431003362 -0.891107023 -0.142001063
vn -0.431682676 -0.891064286 -0.140194356
vn -0.0687000751 0.996501148 0.0476000048
vn -0.0690967888 0.99655354 0.0458978154
vn -0.0687999278 0.996499002 0.0474999025
vn -0.0685003549 0.99650532 0.0478002094
vn -0.0695001632 0.996602237 0.044200059
vn -0.0706979558 0.9966712 0.0405987836
vn 0.533584058 -0.828975201 -0.167594969
vn 0.592803657 -0.784604847 -0.181601107
vn 0.533914208 -0.828922033 -0.166804403
vn 0.457784474 -0.876370192 -0.14969489
vn 0.44438076 -0.883861661 -0.14599365
vn 0.431003362 -0.891107023 -0.142001063
vn 0.431682676 -0.891064286 -0.140194356
vn -0.998917401 0.0442007668 0.0145002492
vn -0.985938728 0.16150634 -0.042901691
vn -0.970776379 0.239594191 -0.0136996778
vn -0.996775925 -0.0712982789 0.0367991105
vn -0.999280572 -0.0145997163 0.0349993221
vn -0.993633807 0.112503834 -0.00590020651
vn -0.967921197 -0.227704972 0.106202349
vn -0.978943586 -0.166707426 0.11780525
vn -0.984346807 -0.122605816 0.126606032
vn 0 -0.564630151 -0.825343966
vn 0 -0.727503896 -0.686103582
vn 0 -0.365884423 -0.930660188
vn 0 -0.0536977425 -0.99855715
vn 0 0.0538027361 -0.998551607
vn 0 0.365417153 -0.93084389
vn 0 0.563575685 -0.826064408
vn 0 0.726094484 -0.687594831
vn -0.255110055 0.376414776 0.890635073
vn -0.256512374 0.38131839 0.888142824
vn -0.227094531 0.366991222 0.90207839
vn -0.286095381 0.369994044 0.883885622
vn -0.257896483 0.386294752 0.885587752
vn -0.226003677 0.417306811 0.880214393
vn -0.26389581 0.38199389 -0.885685921
vn -0.255110055 0.376414746 -0.890635073
vn -0.227094561 0.366991192 -0.90207845
vn -0.268700212 0.370300263 -0.889200747
vn -0.261501133 0.362601548 -0.894503891
vn -0.241294637 0.331492573 -0.912079751
vn 0.999881387 -0.015399714 6.73142875e-10
vn 0.99963814 -0.0269010272 1.17588117e-09
vn 0.999992013 -0.00399996853 1.74844167e-10
vn 0.98226583 0.187493473 -8.19559975e-09
vn 0.932409406 0.361403614 -1.57974558e-08
vn 0.0406018719 -0.285413146 0.957544148
vn -0.0372018926 -0.388619721 0.920646846
vn -0.0676017702 -0.48351267 0.872722983
vn 0.103602655 -0.1274032 0.986425281
vn 0.0681017861 -0.145403773 0.987025797
vn -0.0453998893 -0.272099257 0.961197555
vn 0.024501035 -0.169407099 0.985241592
vn -0.0512980931 -0.22819148 0.972263932
vn 0.191392705 0.110595815 0.975262702
vn 0.175692469 0.0873962939 0.980557978
vn 0.171899542 0.0424999259 0.984197319
vn 0.184298113 0.158598408 0.969990075
vn 0.159100488 0.10080035 0.98210305
vn 0.166994035 0.0840970427 0.982364833
vn -0.985220492 0.0729015172 0.155003205
vn -0.9852947 0.0718996227 0.154999167
vn -0.985202253 0.0723001733 0.155400336
vn -0.985283494 0.0726987869 0.154697403
vn -0.985177219 0.0734983087 0.15499641
vn -0.985191584 0.0732993782 0.15499866
vn -0.985228479 0.0730021223 0.154904485
vn -0.985251904 0.07310386 0.154708132
vn -0.132203445 0.156904042 -0.978725374
vn -0.125798807 0.112198882 -0.985690653
vn -0.148594186 0.12659502 -0.980761707
vn -0.125996083 0.146395385 -0.981169403
vn -0.235207438 -0.0986031592 -0.966930568
vn -0.26521191 -0.119605422 -0.956743002
vn -0.332407653 -0.223705187 -0.916221142
vn -0.334012896 -0.174706802 -0.926235855
vn -0.12259727 0.221695036 -0.967378497
vn -0.123503394 0.160204351 -0.979326963
vn -0.211898968 -0.0801996514 -0.973995328
vn -0.323679656 -0.340578616 -0.882744431
vn -0.25870201 -0.231901824 -0.937707186
vn -0.329911232 -0.423614413 -0.843628645
vn 0.998984873 -0.0130998036 -0.0430993475
vn 0.998692691 -0.0422996916 -0.0286997873
vn 0.996277213 -0.00599986641 -0.085998036
vn 0.997273207 -0.0737980157 3.22581384e-09
vn 0.994926631 -0.100602709 4.39748371e-09
vn -0.725608349 -0.688107908 3.00781515e-08
vn -0.725511014 -0.688210547 3.0082635e-08
vn -0.725705624 -0.688005269 3.0073668e-08
vn -0.0455987006 0.271092355 0.96147269
vn -0.0306988992 0.182293504 0.982764781
vn -0.0568999164 0.301399618 0.951798618
vn -0.0114996806 0.0806978047 0.996672273
vn -0.00760008488 -0.112601221 0.993611097
vn -0.0175993871 -0.194393173 0.98076582
vn -0.0697999224 -0.632999241 0.770999193
vn -0.110998631 -0.911388755 0.39629516
vn -0.120895751 -0.992665231 4.33907736e-08
vn -0.99999994 0 0
vn -0.851146221 0.52492857 -2.29453558e-08
vn -0.707406759 0.706806719 -3.0895503e-08
vn -0.987197995 0.15949966 -6.9719519e-09
vn -0.987197995 -0.15949966 6.9719519e-09
vn -0.851146221 -0.52492857 2.29453558e-08
vn -0.707406759 -0.706806719 3.0895503e-08
vn -0.607461274 0.794349253 -3.47221061e-08
vn -0.393919289 0.919145048 -4.01771061e-08
vn -0.794349253 0.607461274 -2.65529714e-08
vn -0.989951432 0.141407356 -6.18111162e-09
vn -0.989951432 -0.141407356 6.18111162e-09
vn -0.794349253 -0.607461274 2.65529714e-08
vn -0.607461274 -0.794349253 3.47221061e-08
vn -0.141407356 -0.989951432 4.32721556e-08
vn 0.141407356 -0.989951432 4.32721556e-08
vn 0.607461274 -0.794349253 3.47221061e-08
vn 0.794349253 -0.607461274 2.65529714e-08
vn 0.989951432 -0.141407356 6.18111162e-09
vn 0.989951432 0.141407356 -6.18111162e-09
vn 0.794349253 0.607461274 -2.65529714e-08
vn 0.607461274 0.794349253 -3.47221061e-08
vn 0.393919289 0.919145048 -4.01771061e-08
vn -0.79682076 -0.604215682 2.64111062e-08
vn -0.923705876 -0.383102417 1.6745938e-08
vn -0.603083432 -0.797678053 3.48676146e-08
vn -0.136393771 -0.990654647 4.33028973e-08
vn 0.136393771 -0.990654647 4.33028973e-08
vn 0.603083432 -0.797678053 3.48676146e-08
vn 0.79682076 -0.604215682 2.64111062e-08
vn 0.990625739 -0.136603564 5.97113115e-09
vn 0.990488112 0.137598351 -6.01461503e-09
vn 0.79682076 0.604215682 -2.64111062e-08
vn 0.604215682 0.79682076 -3.4830137e-08
vn 0.137304008 0.990528882 -4.32973941e-08
vn -0.137304008 0.990528882 -4.32973941e-08
vn -0.604215682 0.79682076 -3.4830137e-08
vn -0.79682076 0.604215682 -2.64111062e-08
vn -0.923328221 0.384011716 -1.6785684e-08
vn -0.998692691 -0.0422996916 -0.0286997873
vn -0.998984873 -0.0130998036 -0.0430993475
vn -0.996277213 -0.00599986641 -0.085998036
vn -0.997273207 -0.0737980157 3.22581384e-09
vn -0.994926631 -0.100602709 4.39748371e-09
vn 0.725608349 -0.688107908 3.00781515e-08
vn 0.725511014 -0.688210547 3.0082635e-08
vn 0.725705624 -0.688005269 3.0073668e-08
vn 0 -4.37113883e-08 -0.99999994
vn 0.703698575 -0.710498571 3.1056878e-08
vn 0.606205881 -0.795307755 3.47640032e-08
vn 0.790836096 -0.612028003 2.67525948e-08
vn 0.919460177 -0.393183023 1.71865739e-08
vn 0.961900413 -0.273400158 1.19506991e-08
vn 0.99999994 0 0
vn 0.942607462 0.333902627 -1.4595348e-08
vn 0.790836096 0.612028003 -2.67525948e-08
vn 0.703698575 0.710498571 -3.1056878e-08
vn 0.606205881 0.795307755 -3.47640032e-08
vn 0.997115314 0.0759011731 -3.31774563e-09
vn 0.999344528 0.0362016149 -1.58242264e-09
vn 0.993307352 0.115500867 -5.04870279e-09
vn 0.972330987 0.233607456 -1.02113047e-08
vn 0.950310469 0.311303437 -1.36075053e-08
vn 0.831865609 0.554977059 -2.42588172e-08
vn 0.705755532 0.708455443 -3.09675663e-08
vn 0.558087826 0.82978183 -3.62709152e-08
vn 0.468604296 0.883408129 -3.86149992e-08
vn -0.0697972775 0.997561157 -4.3604782e-08
vn 0.941077173 0.338191807 -1.47828318e-08
vn 0.989135623 0.14700532 -6.42580655e-09
vn 0.777177334 -0.62928164 2.7506772e-08
vn 0.400203764 -0.915608644 0.0387004055
vn 0.455197692 -0.889095604 0.0479997955
vn 0.400205344 -0.915612161 0.0386005528
vn 0.508603275 -0.859105527 0.0571004041
vn 0.626688898 -0.775386274 0.0776986629
vn 0.62675941 -0.775349736 0.0774950087
vn 0.68904382 -0.719245672 0.0889056772
vn 0.68898201 -0.719281137 0.0890977085
vn 0.332407653 -0.223705187 -0.916221142
vn 0.26521191 -0.119605422 -0.956743002
vn 0.334012896 -0.174706802 -0.926235855
vn 0.235207438 -0.0986031592 -0.966930568
vn 0.123804271 0.090903081 -0.988134146
vn 0.131200045 0.143600002 -0.980900407
vn 0.132496968 0.147296607 -0.980177641
vn 0.145298526 0.176098168 -0.973590136
vn 0.12259727 0.221695036 -0.967378497
vn 0.123503394 0.160204351 -0.979326963
vn 0.323679656 -0.340578616 -0.882744431
vn 0.211898968 -0.0801996514 -0.973995328
vn 0.25870201 -0.231901824 -0.937707186
vn 0.329911232 -0.423614413 -0.843628645
vn 0.110998631 -0.911388755 0.39629516
vn 0.120895751 -0.992665231 4.33907736e-08
vn 0.0697999224 -0.632999241 0.770999193
vn 0.0175993871 -0.194393173 0.98076582
vn 0.00760008488 -0.112601221 0.993611097
vn 0.0114996806 0.0806978047 0.996672273
vn 0.0306988992 0.182293504 0.982764781
vn 0.0455987006 0.271092355 0.96147269
vn 0.0568999164 0.301399618 0.951798618
vn 0.998446167 -0.0283013117 -0.0480022244
vn 0.988796413 -0.0931996629 -0.116599567
vn 0.988875747 -0.0711982474 -0.130596802
vn 0.999350011 0.0342982858 -0.0110994456
vn 0.982348979 -0.14869228 -0.113494106
vn 0.998492777 -0.0415997021 -0.035799738
vn 0.97259146 -0.186698362 -0.138598785
vn 0.991859853 0.11769525 0.048598025
vn 0.989314556 0.145302132 0.0120001696
vn 0.981297493 0.181999549 0.062699832
vn 0.999280572 -0.0145997163 0.0349993221
vn 0.985938728 0.16150634 -0.042901691
vn 0.993633807 0.112503834 -0.00590020651
vn 0.996775925 -0.0712982789 0.0367991105
vn 0.998917401 0.0442007668 0.0145002492
vn 0.970776379 0.239594191 -0.0136996778
vn 0.978943586 -0.166707426 0.11780525
vn 0.967921197 -0.227704972 0.106202349
vn 0.984346807 -0.122605816 0.126606032
vn 0 0.0128002744 0.999918103
vn 0 0.0281001888 0.99960506
vn 0 0.0433982126 0.999057889
vn 0 -0.761897326 0.647697806
vn 0 -0.695869267 0.718168378
vn 0 -0.821424544 0.570317149
vn 0 -0.872615039 0.488408536
vn 0 0.996591151 0.0824992284
vn 0 0.996599317 0.0823999047
vn 0 0.996607542 0.0823005885
vn 0 0.996615708 0.0822012573
vn 0 0.735703826 0.677303374
vn 0 0.0738975033 0.997265816
vn 0 0.0651982352 0.997872293
vn 0 0.0444006585 0.999013782
vn 0 0.0321994498 0.99948138
vn 0 -0.700021327 0.714121938
vn 0.746167362 -0.552075922 0.372083783
vn 0.580796003 -0.760794818 0.289598078
vn 0.860141575 -0.276013315 0.428920746
vn 0.894886672 1.95081036e-08 0.446293354
vn 0.990037262 0.140805304 -0.000100009922
vn 0.990886629 0.134698197 -0.00010000453
vn 0.990886629 0.134698197 -5.88784443e-09
vn 0.990037262 0.140805304 -0.000200013688
vn 0.988762558 0.14949435 -0.000100002755
vn 0.988565028 0.150794655 -6.59144428e-09
vn 0.987962365 0.154694125 -6.7618946e-09
vn 0.473497421 -0.880795181 3.8500783e-08
vn -0.990320027 0.138802812 -0.000100008088
vn -0.990886629 0.134698197 -0.00010000453
vn -0.990873277 0.134796366 -5.892137e-09
vn -0.989752531 0.142793149 -0.000100001438
vn -0.988762558 0.14949435 -0.000100002755
vn -0.988565028 0.150794655 -6.59144428e-09
vn -0.987962365 0.154694125 -6.7618946e-09
vn -0.473497421 -0.880795181 3.8500783e-08
vn -0.0114997122 0.152896211 0.988175333
vn -0.0086997347 0.115496539 0.993269742
vn 0.00339990994 0.121596828 0.992573738
vn -0.016000092 0.0944005847 0.995405674
vn 0.0341996588 -0.0619993433 0.997490048
vn 0.0340989828 -0.0779976323 0.996370196
vn 0.0784981847 -0.172495976 0.981877327
vn 0.0710978732 -0.132196024 0.988670468
vn -0.446293354 3.91167418e-08 0.894886672
vn -0.580796003 -0.760794818 0.289598078
vn -0.746167362 -0.552075922 0.372083783
vn -0.860141575 -0.276013315 0.428920746
vn -0.894886672 1.95081036e-08 0.446293354
vn -0.143306017 0.0294011924 -0.98924154
vn -0.239693195 0.0184994321 -0.970672429
vn -0.182007268 0.0386014991 -0.982539177
vn -0.245803878 0.0199002735 -0.969115257
vn -0.451900512 -0.0345000736 -0.891400933
vn -0.450720847 -0.00650034007 -0.892641306
vn -0.584988892 -0.0747986063 -0.807584763
vn -0.524314642 -0.0131004034 -0.8514238
vn -0.421923488 0.0805044249 -0.903050125
vn -0.463189155 0.083897993 -0.882279336
vn -0.14880763 0.063103199 -0.986850619
vn -0.255791456 0.0927968472 -0.962267816
vn -0.322602421 0.142101049 -0.935807109
vn -0.223501697 0.117400855 -0.967607319
vn -0.294094026 0.130097315 -0.946880817
vn -0.329203635 0.161701754 -0.930310428
vn -0.585601807 -0.810502529 -0.012500002
vn -0.491619885 -0.870735228 -0.011400423
vn -0.591873527 -0.805863917 -0.0163992308
vn -0.485803396 -0.874006152 -0.0104000354
vn -0.360590279 -0.932674825 -0.0095997015
vn -0.331810564 -0.94332999 -0.00550013361
vn -0.298801869 -0.954305947 -0.00419998402
vn -0.300102204 -0.953907073 4.16966017e-08
vn 0 4.37113883e-08 0.99999994
vn 0.239693195 0.0184994321 -0.970672429
vn 0.143306017 0.0294011924 -0.98924154
vn 0.182007268 0.0386014991 -0.982539177
vn 0.245803878 0.0199002735 -0.969115257
vn 0.14880763 0.063103199 -0.986850619
vn 0.255791456 0.0927968472 -0.962267816
vn 0.223501697 0.117400855 -0.967607319
vn 0.322602421 0.142101049 -0.935807109
vn 0.294094026 0.130097315 -0.946880817
vn 0.329203635 0.161701754 -0.930310428
vn 0.451900512 -0.0345000736 -0.891400933
vn 0.450720847 -0.00650034007 -0.892641306
vn 0.421923488 0.0805044249 -0.903050125
vn 0.463189155 0.083897993 -0.882279336
vn 0.524314642 -0.0131004034 -0.8514238
vn 0.584988892 -0.0747986063 -0.807584763
vn 0.491619885 -0.870735228 -0.011400423
vn 0.585601807 -0.810502529 -0.012500002
vn 0.591873527 -0.805863917 -0.0163992308
vn 0.485803396 -0.874006152 -0.0104000354
vn 0.360590279 -0.932674825 -0.0095997015
vn 0.331810564 -0.94332999 -0.00550013361
vn 0.298801869 -0.954305947 -0.00419998402
vn 0.300102204 -0.953907073 4.16966017e-08
vn 0.167706311 -0.118104495 -0.978736818
vn 0.102703713 -0.221508041 -0.969735086
vn 0.107697837 -0.1714966 -0.979280353
vn 0.192396358 -0.0982981846 -0.9763816
vn 0.0727028921 -0.330113143 -0.941137373
vn 0.208599463 -0.0739998519 -0.975197554
vn 0.136895597 -0.217693076 -0.966369152
vn 0.0161003731 -0.413809568 -0.9102211
vn 0.283185303 0.111594178 -0.952550709
vn 0.284093231 0.145596504 -0.947677493
vn 0.288583219 0.159090698 -0.944145024
vn 0.278201133 0.156400591 -0.947703958
vn 0.286404163 0.220403165 -0.932413578
vn 0.266112357 0.126205832 -0.955644429
vn -0.102703713 -0.221508041 -0.969735086
vn -0.167706311 -0.118104495 -0.978736818
vn -0.107697837 -0.1714966 -0.979280353
vn -0.192396358 -0.0982981846 -0.9763816
vn -0.283185303 0.111594178 -0.952550709
vn -0.284093231 0.145596504 -0.947677493
vn -0.278201133 0.156400591 -0.947703958
vn -0.266112357 0.126205832 -0.955644429
vn -0.0727028921 -0.330113143 -0.941137373
vn -0.208599463 -0.0739998519 -0.975197554
vn -0.288583219 0.159090698 -0.944145024
vn -0.286404163 0.220403165 -0.932413578
vn -0.136895597 -0.217693076 -0.966369152
vn -0.0161003731 -0.413809568 -0.9102211
vn 0.0014999822 0.722191393 0.691691637
vn 0.00210003369 0.560409069 0.828213274
vn 0 0.726094604 0.687594831
vn 0.0021000267 0.363704711 0.931511879
vn 0.000999958254 0.0554977246 0.998458266
vn 0 -0.0520024002 0.998646915
vn 0 -0.468209296 0.88361758
vn 0 -0.727503777 0.686103642
vn -0.297295511 -0.954785526 4.17349959e-08
vn -0.468209296 -0.88361758 3.86241545e-08
vn -0.628285885 -0.777982473 3.40066926e-08
vn -0.902438641 -0.430818379 1.88316687e-08
vn -0.992418706 -0.122902319 5.37223155e-09
vn -0.998936653 -0.0461016931 2.01516892e-09
vn -0.0789980069 -0.99687475 4.35747829e-08
vn -0.525000989 -0.851101577 3.7202831e-08
vn -0.941716969 -0.336406082 1.47047778e-08
vn 0.0474978425 0.998654723 0.0207990129
vn 0.0474977456 0.998652697 0.0208989643
vn 0.0473003536 0.998707473 0.0186000951
vn 0.0472016037 0.998733819 0.0174005441
vn 0.0469001345 0.998802841 0.013899995
vn -0.68904382 -0.719245672 0.0889056772
vn -0.626688898 -0.775386274 0.0776986629
vn -0.68898201 -0.719281137 0.0890977085
vn -0.62675941 -0.775349736 0.0774950087
vn -0.508603275 -0.859105527 0.0571004041
vn -0.455197692 -0.889095604 0.0479997955
vn -0.400203764 -0.915608644 0.0387004055
vn -0.400205344 -0.915612161 0.0386005528
vn -0.123095818 -0.984966457 -0.121195838
vn -0.123198763 -0.98499012 -0.120898739
vn -0.123104952 -0.984939516 -0.121404834
vn -0.122994132 -0.985053003 -0.120594203
vn -0.123300225 -0.985001802 -0.120700166
vn -0.123506352 -0.984950662 -0.120906174
vn -0.306905717 0.0650012344 0.949517608
vn -0.253407061 0.128203601 0.958826721
vn -0.23380138 0.0305002257 0.971805871
vn -0.348683506 0.208490178 0.913756847
vn -0.27398774 0.296586752 0.914859056
vn -0.370214343 0.321512491 0.871533692
vn -0.473201901 0.2683011 0.839103401
vn -0.486192793 0.315295368 0.814987957
vn -0.572390437 0.313494802 0.75768739
vn -0.508517385 0.245108441 0.825428307
vn -0.425314665 0.136904761 0.894630969
vn -0.606205881 -0.795307755 3.47640032e-08
vn -0.703698575 -0.710498571 3.1056878e-08
vn -0.790836096 -0.612028003 2.67525948e-08
vn -0.919460177 -0.393183023 1.71865739e-08
vn -0.961900413 -0.273400158 1.19506991e-08
vn -0.942607462 0.333902627 -1.4595348e-08
vn -0.790836096 0.612028003 -2.67525948e-08
vn -0.703698575 0.710498571 -3.1056878e-08
vn -0.606205881 0.795307755 -3.47640032e-08
vn -0.999344528 0.0362016149 -1.58242264e-09
vn -0.997115314 0.0759011731 -3.31774563e-09
vn -0.993307352 0.115500867 -5.04870279e-09
vn -0.972330987 0.233607456 -1.02113047e-08
vn -0.950310469 0.311303437 -1.36075053e-08
vn -0.831865609 0.554977059 -2.42588172e-08
vn -0.705755532 0.708455443 -3.09675663e-08
vn -0.558087826 0.82978183 -3.62709152e-08
vn 0.253407061 0.128203601 0.958826721
vn 0.306905717 0.0650012344 0.949517608
vn 0.23380138 0.0305002257 0.971805871
vn 0.348683506 0.208490178 0.913756847
vn 0.425314665 0.136904761 0.894630969
vn 0.473201901 0.2683011 0.839103401
vn 0.508517385 0.245108441 0.825428307
vn 0.572390437 0.313494802 0.75768739
vn 0.486192793 0.315295368 0.814987957
vn 0.370214343 0.321512491 0.871533692
vn 0.27398774 0.296586752 0.914859056
vn 0.662319183 -0.749221742 3.27495187e-08
vn 0.802775264 -0.596281648 2.60642992e-08
vn 0.941184044 -0.337894291 1.47698298e-08
vn 0.96691376 -0.255103648 1.11509335e-08
vn 0.993708074 -0.112000912 4.89571583e-09
vn 0.998620808 -0.0525010936 2.29489561e-09
vn 0.999975443 0.00699982839 -3.05972248e-10
vn 0.30169335 -0.0284993276 0.952978969
vn 0.320904136 -0.0435005128 0.946112156
vn 0.281906545 -0.0503011309 0.958122373
vn 0.555586457 -0.0460988432 0.830179811
vn 0.693289578 -0.0940985456 0.714489281
vn 0.956251204 -0.148907945 0.251813501
vn 0.869755447 -0.161591724 0.466276199
vn 0.967151642 -0.217789114 0.131093457
vn 0.327004611 0.0042001009 0.945013404
vn 0.68911761 0.0183004998 0.724418402
vn 0.977306426 -0.0567003563 0.204101324
vn 0.982972622 -0.0770978481 0.166795373
vn 0.971271634 -0.159295335 0.176794827
vn 0.910623312 -0.241106138 0.335608572
vn 0.888552666 -0.340481877 0.307483643
vn 0.579195023 0.0854992867 0.810692966
vn 0.957306087 0.140200913 0.252801597
vn 0.98250401 0.0288001262 0.18400076
vn 0.989576459 0.0256993901 0.141696632
vn 0.976217687 -0.0546009801 0.20980382
vn 0.922855198 -0.126493841 0.363782346
vn 0.374385625 0.0624976456 0.925164521
vn 0.633108616 0.181802526 0.752410293
vn 0.928959608 0.255688906 0.267688364
vn 0.984891713 0.13979882 0.10219913
vn 0.395819992 0.164108351 0.903545737
vn 0.622904003 0.286101848 0.728104651
vn 0.8100788 0.39068976 0.437188566
vn 0.962155044 0.235389039 0.137293577
vn 0.959341228 0.139991432 0.245084986
vn 0.98309046 0.0399996229 0.178698272
vn 0.548115492 0.374210626 0.748021126
vn 0.585625708 0.523422956 0.618927181
vn 0.751910448 0.600808382 0.27140376
vn 0.930186391 0.345294982 0.12459816
vn 0.93521899 0.3239066 -0.143002927
vn 0.954955041 0.228289276 -0.189591095
vn 0.951650798 0.121306464 -0.282215089
vn 0.947169542 0.0124995839 -0.320489645
vn 0.62110132 0.709701538 0.332500726
vn 0.652433097 0.757538378 0.0216010623
vn 0.773141086 0.63013345 -0.0720038489
vn 0.693802238 0.492001653 -0.525901794
vn 0.772613585 0.263504595 -0.577610195
vn 0.808065832 0.175392583 -0.562376261
vn 0.745416462 0.103502259 -0.658514559
vn 0.734483242 0.0337991975 -0.677784562
vn 0.635018587 0.763322294 -0.118703492
vn 0.58270973 0.695611477 -0.420207024
vn 0.292616665 0.394522429 -0.871049643
vn 0.360093683 0.26399532 -0.894784272
vn 0.384390742 0.124196976 -0.914777935
vn 0.374909729 0.0516012982 -0.925624073
vn 0.411976725 0.016299041 -0.911048532
vn 0.726088643 -0.0353994742 -0.686689198
vn 0.00330003141 0.101700924 -0.994809449
vn 0.0198006127 0.0186005328 -0.999630868
vn 0.0342988782 0.00939965062 -0.999367416
vn 0.309800059 -0.0139000425 -0.950700104
vn 0.75491482 -0.0825016499 -0.650612712
vn 0.971282065 -0.120097786 -0.205396205
vn 0.951115847 -0.0544009246 -0.304005086
vn 0.0240002684 0.00119996979 -0.999711215
vn 0.325708658 -0.0321008936 -0.94492507
vn 0.840463161 -0.208190873 -0.500278056
vn 0.956275582 -0.269293129 -0.114097089
vn 0.919984341 -0.247295782 0.304094851
vn 0.0229008645 -4.36999272e-08 -0.99973774
vn 0.10800042 -0.0171001107 -0.994003773
vn 0.508078039 -0.108395353 -0.8544631
vn 0.817122221 -0.488413304 -0.306208313
vn 0.842727184 -0.537717342 -0.025900811
vn 0.837704778 -0.483302712 0.254301488
vn 0.814977109 -0.430887908 0.38748911
vn 0.778317332 -0.417209268 0.469210505
vn 0.211810246 -0.0798038989 -0.974047065
vn 0.548920512 -0.29061088 -0.783729255
vn 0.681332767 -0.546526432 -0.486923397
vn 0.757804573 -0.645003796 -0.0985005572
vn 0.729427695 -0.684026003 -0.00660022115
vn 0.761570871 -0.629175961 0.155394092
vn 0.380297273 -0.279898047 -0.881493628
vn 0.812326968 -0.508816898 0.285009474
vn 0.699195325 -0.462596864 0.545096397
vn 0.640824497 -0.469317913 0.607523263
vn 0.711194098 -0.420596421 0.563295364
vn 0 -0.159304768 -0.987229407
vn 0 -0.023500599 -0.999723792
vn 0 0.19709675 -0.980384052
vn 0 0.4040218 -0.914749324
vn 0 0.520980716 -0.853568375
vn -0.970873296 -0.239593416 1.04729612e-08
vn -0.764007986 -0.645206749 2.82028836e-08
vn -0.597885966 -0.801581204 3.50382265e-08
vn -0.14859961 -0.988897443 4.32260805e-08
vn 0.14859961 -0.988897443 4.32260805e-08
vn 0.597885966 -0.801581204 3.50382265e-08
vn 0.764007986 -0.645206749 2.82028836e-08
vn 0.970873296 -0.239593416 1.04729612e-08
vn 0.123198763 -0.98499012 -0.120898739
vn 0.123095818 -0.984966457 -0.121195838
vn 0.123104952 -0.984939516 -0.121404834
vn 0.122994132 -0.985053003 -0.120594203
vn 0.123300225 -0.985001802 -0.120700166
vn 0.123506352 -0.984950662 -0.120906174
vn 0.268700242 0.370300353 0.889200628
vn 0.261501133 0.362601608 0.894503832
vn 0.241294637 0.331492692 0.912079751
vn 0.26389581 0.381993979 0.885685921
vn 0.255110055 0.376414776 0.890635073
vn 0.227094531 0.366991222 0.90207839
vn 0.256512374 0.381318301 -0.888142824
vn 0.257896483 0.386294693 -0.885587811
vn 0.226003677 0.417306781 -0.880214453
vn 0.286095381 0.369993955 -0.883885622
vn 0.255110055 0.376414746 -0.890635073
vn 0.227094561 0.366991192 -0.90207845
vn 0.985191584 0.0732993782 0.15499866
vn 0.985228479 0.0730021223 0.154904485
vn 0.985251904 0.07310386 0.154708132
vn 0.985177219 0.0734983087 0.15499641
vn 0.985214055 0.0732010528 0.154902205
vn 0.985281587 0.0722986534 0.154897094
vn 0.985323012 0.0715016797 0.155003607
vn 0.985289872 0.0710992813 0.155398384
vn -0.167093471 0.0895965397 0.981861591
vn -0.170791566 0.0570972227 0.9836514
vn -0.15809913 0.0719996542 0.984794736
vn -0.179894388 0.0898972377 0.979569495
vn -0.0681017861 -0.145403773 0.987025797
vn -0.024501035 -0.169407099 0.985241592
vn 0.0453998893 -0.272099257 0.961197555
vn 0.0512980931 -0.22819148 0.972263932
vn -0.184298113 0.158598408 0.969990075
vn -0.191392705 0.110595815 0.975262702
vn -0.103602655 -0.1274032 0.986425281
vn 0.0372018926 -0.388619721 0.920646846
vn -0.0406018719 -0.285413146 0.957544148
vn 0.0676017702 -0.48351267 0.872722983
vn 0 -0.99999994 4.37113883e-08
vn -0.00210003369 0.560409069 0.828213274
vn -0.0014999822 0.722191393 0.691691637
vn -0.0021000267 0.363704711 0.931511879
vn -0.000999958254 0.0554977246 0.998458266
vn 0 0.998551846 -0.0537974499
vn 0 0.998641789 -0.052102223
vn 0 0.998458743 -0.0554977506
vn 0 0.998362839 -0.057197921
vn 0 0.043398127 -0.999057889
vn 0 0.0465008058 -0.998918176
vn 0 0.0402994603 -0.999187589
vn 0.977914929 0.209003195 -9.13581921e-09
vn 0.972381771 0.233395651 -1.02020472e-08
vn 0.982871056 0.184294581 -8.05577116e-09
vn 0.992786229 0.119898334 -5.24092281e-09
vn 0.996794879 0.0799995884 -3.49689278e-09
vn 0.999199688 0.0399999842 -1.74845494e-09
vn -0.999199688 0.0399999842 -1.74845494e-09
vn -0.996794879 0.0799995884 -3.49689278e-09
vn -0.992786229 0.119898334 -5.24092281e-09
vn -0.982871056 0.184294581 -8.05577116e-09
vn -0.977914929 0.209003195 -9.13581921e-09
vn -0.972381771 0.233395651 -1.02020472e-08
vn -0.0100003751 0.999937475 -0.00500023179
vn 0.077397339 -0.170194224 -0.982366323
vn 0.0334005095 -0.0604009554 -0.997615159
vn 0.070001848 -0.130103484 -0.989026129
vn 0.0331985094 -0.0759966373 -0.996555209
vn -0.0162007306 0.0950042456 -0.995344937
vn -0.00870039966 0.115705259 -0.993245482
vn -0.0114997122 0.152896136 -0.988175333
vn 0.00339990994 0.121596731 -0.992573738
vn -0.0334005095 -0.0604009554 -0.997615159
vn -0.077397339 -0.170194224 -0.982366323
vn -0.070001848 -0.130103484 -0.989026129
vn -0.0331985094 -0.0759966373 -0.996555209
vn 0.0162007306 0.0950042456 -0.995344937
vn 0.00870039966 0.115705259 -0.993245482
vn 0.0114997122 0.152896136 -0.988175333
vn -0.00339990994 0.121596731 -0.992573738
vn 0.446293354 3.91167418e-08 0.894886672
vn 0.0100003751 0.999937475 -0.00500023179
vn -0.361792266 -0.271394134 0.891880929
vn -0.402591556 -0.377791971 0.833782554
vn -0.443700045 -0.474900037 0.76000005
vn -0.301110178 -0.120604031 0.945931911
vn -0.325002849 -0.144501224 0.934608221
vn -0.400918543 -0.270912468 0.875140429
vn -0.356284529 -0.16849266 0.919060111
vn -0.407692105 -0.226495564 0.884582877
vn -0.218796819 0.108798459 0.969685853
vn -0.23350063 0.0887002721 0.968302488
vn -0.244405016 0.056601204 0.968019843
vn -0.221803978 0.156702876 0.962417364
vn -0.244797468 0.0888991281 0.965489984
vn -0.252314419 0.0721041635 0.964955091
vn -0.960322082 0.108302467 -0.2570059
vn -0.960350692 0.108094431 -0.256986827
vn -0.960450232 0.108805694 -0.256313413
vn -0.960186779 0.108098485 -0.257596433
vn -0.960364997 0.108196035 -0.256890684
vn -0.96022588 0.10820289 -0.25740695
vn -0.960094333 0.108199358 -0.25789848
vn -0.959667325 0.108896293 -0.259191185
vn 0.402591556 -0.377791971 0.833782554
vn 0.361792266 -0.271394134 0.891880929
vn 0.443700045 -0.474900037 0.76000005
vn 0.301110178 -0.120604031 0.945931911
vn 0.218796819 0.108798459 0.969685853
vn 0.23350063 0.0887002721 0.968302488
vn 0.221803978 0.156702876 0.962417364
vn 0.244797468 0.0888991281 0.965489984
vn 0.244405016 0.056601204 0.968019843
vn 0.252314419 0.0721041635 0.964955091
vn 0.325002849 -0.144501224 0.934608221
vn 0.356284529 -0.16849266 0.919060111
vn 0.400918543 -0.270912468 0.875140429
vn 0.407692105 -0.226495564 0.884582877
vn 0.960314214 0.107901588 -0.257203817
vn 0.960422993 0.107402571 -0.257006198
vn 0.960651815 0.106594644 -0.256487161
vn 0.960262239 0.108395725 -0.2571899
vn 0.960364997 0.108196035 -0.256890684
vn 0.96022588 0.10820289 -0.25740695
vn 0.960094333 0.108199358 -0.25789848
vn 0.959667325 0.108896293 -0.259191185
vn -0.988796413 -0.0931996629 -0.116599567
vn -0.998446167 -0.0283013117 -0.0480022244
vn -0.988875747 -0.0711982474 -0.130596802
vn -0.999350011 0.0342982858 -0.0110994456
vn -0.991859853 0.11769525 0.048598025
vn -0.989314556 0.145302132 0.0120001696
vn -0.981297493 0.181999549 0.062699832
vn -0.998492777 -0.0415997021 -0.035799738
vn -0.982348979 -0.14869228 -0.113494106
vn -0.97259146 -0.186698362 -0.138598785
vn -0.999975443 0.00699982839 -3.05972248e-10
vn -0.998620808 -0.0525010936 2.29489561e-09
vn -0.993708074 -0.112000912 4.89571583e-09
vn -0.96691376 -0.255103648 1.11509335e-08
vn -0.941184044 -0.337894291 1.47698298e-08
vn -0.802775264 -0.596281648 2.60642992e-08
vn -0.662319183 -0.749221742 3.27495187e-08
vn -0.989135623 0.14700532 -6.42580655e-09
vn -0.941077173 0.338191807 -1.47828318e-08
vn -0.638619065 0.769523025 -3.36369226e-08
vn -0.27899763 0.960291803 -4.19756887e-08
vn 0.0697972775 0.997561157 -4.3604782e-08
vn -0.915416777 0.402507395 -1.75941555e-08
vn 0.915416777 0.402507395 -1.75941555e-08
vn 0.707406759 -0.706806719 3.0895503e-08
vn 0.851146221 -0.52492857 2.29453558e-08
vn 0.987197995 -0.15949966 6.9719519e-09
vn 0.987197995 0.15949966 -6.9719519e-09
vn 0.851146221 0.52492857 -2.29453558e-08
vn 0.707406759 0.706806719 -3.0895503e-08
vn 0.468209296 -0.88361758 3.86241545e-08
vn 0.297295511 -0.954785526 4.17349959e-08
vn 0.628285885 -0.777982473 3.40066926e-08
vn 0.902438641 -0.430818379 1.88316687e-08
vn 0.992418706 -0.122902319 5.37223155e-09
vn 0.998936653 -0.0461016931 2.01516892e-09
vn 0.384011716 0.923328221 -4.03599607e-08
vn 0.990528882 0.137304008 -6.00174843e-09
vn 0.990528882 -0.137304008 6.00174843e-09
vn 0.604215682 -0.79682076 3.4830137e-08
vn 0.260493428 -0.965475678 4.22022808e-08
vn 0.130296722 -0.991475046 4.33387548e-08
vn -0.195808426 -0.98064214 4.28652314e-08
vn -0.604215682 -0.79682076 3.4830137e-08
vn -0.990528882 -0.137304008 6.00174843e-09
vn -0.990528882 0.137304008 -6.00174843e-09
vn -0.195808426 0.98064214 -4.28652314e-08
vn 0 0.944368482 -0.328889132
vn 0 0.753103018 -0.657902598
vn 0 0.339887649 -0.940466046
vn 0 0.169990599 -0.985445678
vn -0.98226583 0.187493473 -8.19559975e-09
vn -0.932409406 0.361403614 -1.57974558e-08
vn -0.999992013 -0.00399996853 1.74844167e-10
vn -0.999881387 -0.015399714 6.73142875e-10
vn -0.99963814 -0.0269010272 1.17588117e-09
vn 0.0789980069 -0.99687475 4.35747829e-08
vn -0.0474977456 0.998652697 0.0208989643
vn -0.0474978425 0.998654723 0.0207990129
vn -0.0473003536 0.998707473 0.0186000951
vn -0.0472016037 0.998733819 0.0174005441
vn -0.0469001345 0.998802841 0.013899995
vn 0.0262000188 -0.288900197 -0.957000613
vn 0.0175993871 -0.194393247 -0.9807657
vn 0.029699875 -0.243699029 -0.969395995
vn 0.00760008488 -0.112601317 -0.993611097
vn 0.0114996806 0.0806977078 -0.996672273
vn 0.0306988992 0.18229343 -0.982764781
vn 0.144705951 0.785332263 -0.601924777
vn 0.149894908 0.7942729 -0.588780046
vn 0.185393259 0.982664347 -4.29536193e-08
vn 0 0.770380855 0.637584031
vn 0 0.74271208 0.669610798
vn 0 0.713725805 0.700425267
vn 0 0.683422029 0.730023503
vn 0 -0.540287554 -0.841480434
vn 0 -0.478613913 -0.878025413
vn 0 -0.599599898 -0.800299823
vn 0 -0.708305776 -0.705905735
vn 0 -0.757701576 -0.652601242
vn 0 -0.802906632 -0.596104801
vn 0.446213245 -3.91184827e-08 -0.894926608
vn 0.44617334 -3.91193531e-08 -0.894946575
vn 0.446213245 9.99638505e-05 -0.894926608
vn -0.923463941 -0.383685023 1.67714074e-08
vn 0.923463941 -0.383685023 1.67714074e-08
vn 0.0086997347 0.115496539 0.993269742
vn 0.0114997122 0.152896211 0.988175333
vn -0.00339990994 0.121596828 0.992573738
vn 0.016000092 0.0944005847 0.995405674
vn -0.0341996588 -0.0619993433 0.997490048
vn -0.0340989828 -0.0779976323 0.996370196
vn -0.0784981847 -0.172495976 0.981877327
vn -0.0710978732 -0.132196024 0.988670468
vn -0.446213245 -3.91184827e-08 -0.894926608
vn -0.446293354 -3.91167418e-08 -0.894886672
vn -0.44617334 9.99549011e-05 -0.894946575
vn -0.996689796 -0.0811991692 -0.00399995595
vn -0.996704757 -0.0810003877 -0.00430001738
vn -0.996625185 -0.0819020718 -0.00550013594
vn -0.99670887 -0.0810007229 -0.00320002483
vn -0.986477256 0.163896218 -0.000699991069
vn -0.90721637 0.420607597 0.00690010656
vn -0.81880939 0.573906541 0.0135001298
vn -0.836485267 0.547690392 0.0180996582
vn -0.892862618 0.449981123 0.0176992379
vn -0.619326472 -0.785133481 3.43192745e-08
vn 0.996715188 -0.0809012353 -0.00370005285
vn 0.99676168 -0.0802969187 -0.00429983111
vn 0.996868014 -0.0788974687 -0.00539982319
vn 0.996652126 -0.0816960707 -0.00319984253
vn 0.986477256 0.163896218 -0.000699991069
vn 0.90721637 0.420607597 0.00690010656
vn 0.81880939 0.573906541 0.0135001298
vn 0.836485267 0.547690392 0.0180996582
vn 0.892862618 0.449981123 0.0176992379
vn 0.619326472 -0.785133481 3.43192745e-08
vn -0.233207941 0.113903835 -0.965732872
vn -0.290299028 0.0592997633 -0.955096781
vn -0.225899383 0.0382998511 -0.973397374
vn -0.331204563 0.177502409 -0.926712692
vn -0.4239209 0.117505744 -0.898044169
vn -0.482805014 0.243102491 -0.841308713
vn -0.522381544 0.218392208 -0.824270844
vn -0.574695528 0.295397639 -0.763194025
vn -0.515097797 0.304298699 -0.801296651
vn -0.383704633 0.285203427 -0.87831068
vn -0.260006726 0.256106615 -0.931024075
vn -0.0175993871 -0.194393247 -0.9807657
vn -0.0262000188 -0.288900197 -0.957000613
vn -0.029699875 -0.243699029 -0.969395995
vn -0.00760008488 -0.112601317 -0.993611097
vn -0.0114996806 0.0806977078 -0.996672273
vn -0.0306988992 0.18229343 -0.982764781
vn -0.144705951 0.785332263 -0.601924777
vn -0.149894908 0.7942729 -0.588780046
vn -0.185393259 0.982664347 -4.29536193e-08
vn -0.320904136 -0.0435005128 0.946112156
vn -0.30169335 -0.0284993276 0.952978969
vn -0.281906545 -0.0503011309 0.958122373
vn -0.555586457 -0.0460988432 0.830179811
vn -0.327004611 0.0042001009 0.945013404
vn -0.68911761 0.0183004998 0.724418402
vn -0.579195023 0.0854992867 0.810692966
vn -0.374385625 0.0624976456 0.925164521
vn -0.633108616 0.181802526 0.752410293
vn -0.395819992 0.164108351 0.903545737
vn -0.693289578 -0.0940985456 0.714489281
vn -0.956251204 -0.148907945 0.251813501
vn -0.977306426 -0.0567003563 0.204101324
vn -0.98250401 0.0288001262 0.18400076
vn -0.957306087 0.140200913 0.252801597
vn -0.928959608 0.255688906 0.267688364
vn -0.622904003 0.286101848 0.728104651
vn -0.548115492 0.374210626 0.748021126
vn -0.869755447 -0.161591724 0.466276199
vn -0.967151642 -0.217789114 0.131093457
vn -0.971271634 -0.159295335 0.176794827
vn -0.982972622 -0.0770978481 0.166795373
vn -0.989576459 0.0256993901 0.141696632
vn -0.984891713 0.13979882 0.10219913
vn -0.962155044 0.235389039 0.137293577
vn -0.8100788 0.39068976 0.437188566
vn -0.585625708 0.523422956 0.618927181
vn -0.910623312 -0.241106138 0.335608572
vn -0.922855198 -0.126493841 0.363782346
vn -0.976217687 -0.0546009801 0.20980382
vn -0.98309046 0.0399996229 0.178698272
vn -0.959341228 0.139991432 0.245084986
vn -0.888552666 -0.340481877 0.307483643
vn -0.778317332 -0.417209268 0.469210505
vn -0.814977109 -0.430887908 0.38748911
vn -0.919984341 -0.247295782 0.304094851
vn -0.971282065 -0.120097786 -0.205396205
vn -0.951115847 -0.0544009246 -0.304005086
vn -0.947169542 0.0124995839 -0.320489645
vn -0.711194098 -0.420596421 0.563295364
vn -0.640824497 -0.469317913 0.607523263
vn -0.699195325 -0.462596864 0.545096397
vn -0.812326968 -0.508816898 0.285009474
vn -0.761570871 -0.629175961 0.155394092
vn -0.837704778 -0.483302712 0.254301488
vn -0.956275582 -0.269293129 -0.114097089
vn -0.75491482 -0.0825016499 -0.650612712
vn -0.726088643 -0.0353994742 -0.686689198
vn -0.734483242 0.0337991975 -0.677784562
vn -0.951650798 0.121306464 -0.282215089
vn -0.842727184 -0.537717342 -0.025900811
vn -0.840463161 -0.208190873 -0.500278056
vn -0.325708658 -0.0321008936 -0.94492507
vn -0.309800059 -0.0139000425 -0.950700104
vn -0.411976725 0.016299041 -0.911048532
vn -0.745416462 0.103502259 -0.658514559
vn -0.729427695 -0.684026003 -0.00660022115
vn -0.817122221 -0.488413304 -0.306208313
vn -0.508078039 -0.108395353 -0.8544631
vn -0.10800042 -0.0171001107 -0.994003773
vn -0.0229008645 -4.36999272e-08 -0.99973774
vn -0.0240002684 0.00119996979 -0.999711215
vn -0.0342988782 0.00939965062 -0.999367416
vn -0.757804573 -0.645003796 -0.0985005572
vn -0.681332767 -0.546526432 -0.486923397
vn -0.548920512 -0.29061088 -0.783729255
vn -0.211810246 -0.0798038989 -0.974047065
vn -0.380297273 -0.279898047 -0.881493628
vn -0.954955041 0.228289276 -0.189591095
vn -0.93521899 0.3239066 -0.143002927
vn -0.930186391 0.345294982 0.12459816
vn -0.751910448 0.600808382 0.27140376
vn -0.808065832 0.175392583 -0.562376261
vn -0.772613585 0.263504595 -0.577610195
vn -0.693802238 0.492001653 -0.525901794
vn -0.773141086 0.63013345 -0.0720038489
vn -0.652433097 0.757538378 0.0216010623
vn -0.62110132 0.709701538 0.332500726
vn -0.374909729 0.0516012982 -0.925624073
vn -0.384390742 0.124196976 -0.914777935
vn -0.360093683 0.26399532 -0.894784272
vn -0.292616665 0.394522429 -0.871049643
vn -0.58270973 0.695611477 -0.420207024
vn -0.635018587 0.763322294 -0.118703492
vn -0.0198006127 0.0186005328 -0.999630868
vn -0.00330003141 0.101700924 -0.994809449
vn 0.290299028 0.0592997633 -0.955096781
vn 0.233207941 0.113903835 -0.965732872
vn 0.225899383 0.0382998511 -0.973397374
vn 0.331204563 0.177502409 -0.926712692
vn 0.260006726 0.256106615 -0.931024075
vn 0.383704633 0.285203427 -0.87831068
vn 0.482805014 0.243102491 -0.841308713
vn 0.515097797 0.304298699 -0.801296651
vn 0.574695528 0.295397639 -0.763194025
vn 0.522381544 0.218392208 -0.824270844
vn 0.4239209 0.117505744 -0.898044169
vn -0.762054205 0.0350979231 0.646561205
vn -0.830268741 0.0575978607 0.554379225
vn -0.493512869 -0.0399010032 0.868822694
vn -0.982634008 0.131904572 0.130504519
vn -0.982128382 0.154904485 -0.106903099
vn -0.737294137 0.181998536 -0.65059495
vn -0.732260108 0.17869024 -0.657164216
vn -0.2988047 0.161702499 -0.940514803
vn -0.146196201 0.153495967 -0.977274597
vn 0.228889957 0.111395076 -0.967057586
vn 0.213399544 0.10959971 -0.970797837
vn 0.570324838 0.0459019616 -0.820135713
vn 0.648703218 0.0286001079 -0.760503829
vn 0.802922189 -0.0282008052 -0.595416427
vn -0.143291995 -0.982145369 -0.12189316
vn -0.123194069 -0.985052526 -0.120394163
vn -0.148493856 -0.981159389 -0.123594843
vn -0.163999632 -0.97859776 -0.124299683
vn -0.147791877 -0.981846213 -0.11889343
vn -0.134096399 -0.984573483 -0.112396933
vn -0.126902089 -0.986116171 -0.107101716
vn -0.119704761 -0.986939192 -0.107804239
vn -0.111295745 -0.987262189 -0.113695599
vn -0.112401679 -0.98671484 -0.11730171
vn -0.111505218 -0.98624599 -0.122005664
vn -0.124400027 -0.984900177 -0.120399989
vn 0.109500349 0.988003194 0.108900316
vn 0.117499404 0.987094998 0.108799405
vn 0.115502268 0.987319291 0.108902089
vn 0.120896757 0.98647356 0.110696979
vn 0.11320214 0.987618744 0.108602017
vn 0.111903466 0.986830533 0.116803579
vn 0.135501668 0.983212113 0.122201458
vn 0.135201916 0.982913911 0.124901719
vn 0.175101534 0.976608455 0.12480104
vn 0.830268741 0.0575978607 0.554379225
vn 0.762054205 0.0350979231 0.646561205
vn 0.493512869 -0.0399010032 0.868822694
vn 0.982634008 0.131904572 0.130504519
vn 0.982128382 0.154904485 -0.106903099
vn 0.737294137 0.181998536 -0.65059495
vn 0.732260108 0.17869024 -0.657164216
vn 0.2988047 0.161702499 -0.940514803
vn 0.146196201 0.153495967 -0.977274597
vn -0.228889957 0.111395076 -0.967057586
vn -0.213399544 0.10959971 -0.970797837
vn -0.570324838 0.0459019616 -0.820135713
vn -0.648703218 0.0286001079 -0.760503829
vn -0.802922189 -0.0282008052 -0.595416427
vn 0.123194069 -0.985052526 -0.120394163
vn 0.143291995 -0.982145369 -0.12189316
vn 0.148493856 -0.981159389 -0.123594843
vn 0.163999632 -0.97859776 -0.124299683
vn 0.147791877 -0.981846213 -0.11889343
vn 0.134096399 -0.984573483 -0.112396933
vn 0.126902089 -0.986116171 -0.107101716
vn 0.119704761 -0.986939192 -0.107804239
vn 0.111295745 -0.987262189 -0.113695599
vn 0.112401679 -0.98671484 -0.11730171
vn 0.111505218 -0.98624599 -0.122005664
vn 0.124400027 -0.984900177 -0.120399989
vn -0.117499404 0.987094998 0.108799405
vn -0.109500349 0.988003194 0.108900316
vn -0.115502268 0.987319291 0.108902089
vn -0.120896757 0.98647356 0.110696979
vn -0.11320214 0.987618744 0.108602017
vn -0.111903466 0.986830533 0.116803579
vn -0.135501668 0.983212113 0.122201458
vn -0.135201916 0.982913911 0.124901719
vn -0.175101534 0.976608455 0.12480104
vn -0.556996226 -0.371897429 0.742595077
vn -0.337402314 -0.227301538 0.913506269
vn -0.363213778 -0.396914959 0.842931867
vn -0.554704309 -0.175601333 0.813306332
vn -0.279900908 0.0523002148 0.958603203
vn -0.196608409 -0.186707929 0.962541103
vn -0.713179946 -0.350290149 0.60718298
vn -0.617592216 -0.167797849 0.768390357
vn -0.450418383 0.022400951 0.892536461
vn -0.387913465 0.0926032737 0.917032003
vn -0.466095567 -0.00869987905 0.884691596
vn 0.337402314 -0.227301538 0.913506269
vn 0.556996226 -0.371897429 0.742595077
vn 0.363213778 -0.396914959 0.842931867
vn 0.554704309 -0.175601333 0.813306332
vn 0.713179946 -0.350290149 0.60718298
vn 0.617592216 -0.167797849 0.768390357
vn 0.450418383 0.022400951 0.892536461
vn 0.466095567 -0.00869987905 0.884691596
vn 0.387913465 0.0926032737 0.917032003
vn 0.196608409 -0.186707929 0.962541103
vn 0.279900908 0.0523002148 0.958603203
vn 0.562387228 0.548587441 -0.618685901
vn 0.841213107 0.299004644 -0.450507075
vn 0.782086313 0.501591265 -0.369793504
vn 0.602108479 0.290704012 -0.743610442
vn 0.860987127 0.117398232 -0.494892627
vn 0.607320845 0.195106655 -0.770126402
vn 0.0145004196 0.286308289 -0.95802778
vn -0.103603713 0.438515604 -0.892731905
vn -0.758296907 0.326598614 -0.564197719
vn 0.372605294 0.7860111 -0.493307024
vn -0.0647960752 0.669859409 -0.739655197
vn -0.062001653 0.879623413 -0.471612662
vn -0.596993327 0.686992288 -0.414295375
vn -0.657676995 0.488682896 -0.573279977
vn -0.911420405 0.409809172 0.0370008126
vn -0.93011111 0.235302821 0.282003373
vn -0.59989959 0.263899863 0.755299449
vn -0.590299666 0.130899951 0.796499491
vn -0.0759020448 0.995026827 0.0645016953
vn -0.420000374 0.883600831 -0.207000226
vn -0.755233049 0.628627539 0.185608074
vn -0.490799546 0.839899361 0.231699765
vn -0.444003373 0.529403985 0.722905397
vn -0.235108346 0.772627473 0.589720905
vn -0.168602332 0.491306901 0.854511917
vn -0.220894769 0.241294339 0.944977522
vn -0.25159511 0.0581989065 0.966081142
vn -0.0831014141 0.765113056 0.638510764
vn -0.866828144 0.0832026899 -0.491615951
vn -0.386588901 0.152395576 -0.909573853
vn -0.860570431 0.160194471 -0.483483374
vn -0.13340582 0.0530022644 -0.989643157
vn 0.372914702 0.0598023161 -0.925936401
vn 0.596575201 -0.0618974566 -0.800166667
vn 0.913496435 -0.0726997405 -0.400298446
vn 0.970626116 -0.189605117 -0.148103967
vn 0.983017206 -0.144202515 0.113502003
vn -0.985517323 0.099101752 0.137602404
vn -0.921529949 -0.0175005533 0.387912601
vn -0.991712928 -0.0524006784 0.117301539
vn -0.868009865 0.00640005106 -0.496505618
vn -0.400089443 0.000799938804 -0.916475713
vn 0.349385589 -0.0918962583 -0.932461619
vn -0.78811264 0.0165002905 0.615309775
vn -0.794817924 -0.0543011986 0.604413569
vn -0.796991229 -0.125098616 0.590893507
vn 0.882790148 -0.223497525 -0.413195342
vn 0.953943133 -0.284612894 0.0948043019
vn 0.971063673 -0.21489194 0.104196109
vn -0.841213107 0.299004644 -0.450507075
vn -0.615727365 0.549924433 -0.564325094
vn -0.782086313 0.501591265 -0.369793504
vn -0.556396782 0.325998068 -0.764295638
vn 0.00119997701 0.676886976 -0.736085951
vn -0.372605294 0.7860111 -0.493307024
vn -0.860987127 0.117398232 -0.494892627
vn -0.607320845 0.195106655 -0.770126402
vn -0.0145004196 0.286308289 -0.95802778
vn 0.223694071 0.446488142 -0.866377056
vn 0.585564077 0.687257767 -0.429873645
vn 0.345208585 0.887822032 -0.30430761
vn -0.00720015494 0.899719298 -0.436409444
vn 0.0759020448 0.995026827 0.0645016953
vn 0.758296907 0.326598614 -0.564197719
vn 0.746802449 0.484001577 -0.456101477
vn 0.756280839 0.632283986 0.168095708
vn 0.505819201 0.855532408 0.110504158
vn 0.904559314 0.395625919 0.158910394
vn 0.470309466 0.493209958 0.731814742
vn 0.303496808 0.76099211 0.573394001
vn 0.0831014141 0.765113056 0.638510764
vn 0.168602332 0.491306901 0.854511917
vn 0.220894769 0.241294339 0.944977522
vn 0.93011111 0.235302821 0.282003373
vn 0.566184103 0.227793634 0.792177737
vn 0.25159511 0.0581989065 0.966081142
vn 0.590299666 0.130899951 0.796499491
vn 0.386588901 0.152395576 -0.909573853
vn 0.866828144 0.0832026899 -0.491615951
vn 0.860570431 0.160194471 -0.483483374
vn 0.13340582 0.0530022644 -0.989643157
vn 0.400089443 0.000799938804 -0.916475713
vn 0.868009865 0.00640005106 -0.496505618
vn 0.991712928 -0.0524006784 0.117301539
vn 0.921529949 -0.0175005533 0.387912601
vn 0.985517323 0.099101752 0.137602404
vn -0.372914702 0.0598023161 -0.925936401
vn -0.596575201 -0.0618974566 -0.800166667
vn -0.349385589 -0.0918962583 -0.932461619
vn -0.913496435 -0.0726997405 -0.400298446
vn -0.970626116 -0.189605117 -0.148103967
vn -0.882790148 -0.223497525 -0.413195342
vn -0.983017206 -0.144202515 0.113502003
vn -0.971063673 -0.21489194 0.104196109
vn -0.953943133 -0.284612894 0.0948043019
vn 0.78811264 0.0165002905 0.615309775
vn 0.794817924 -0.0543011986 0.604413569
vn 0.796991229 -0.125098616 0.590893507
vn 0.603880763 -0.797074616 3.48412428e-08
vn 0.0600980595 -0.965468764 -0.253491759
vn -0.136897936 -0.990585148 4.32998526e-08
vn 0.752762675 -0.633968592 -0.177291185
vn 0.559990942 -0.559990942 -0.610590041
vn 0 -0.787285507 -0.616588593
vn -0.559990942 -0.559990942 -0.610590041
vn -0.633968592 -0.752762675 -0.1772912
vn -0.797074616 -0.603880763 2.6396469e-08
vn 0.990585148 -0.136897936 5.98399907e-09
vn 0.965468764 0.0600980446 -0.253491819
vn 0.787285507 -2.69519465e-08 -0.616588593
vn 0.429809332 -3.94678672e-08 -0.90291959
vn 0 -0.429809451 -0.90291959
vn 0.797074616 0.603880763 -2.6396469e-08
vn 0.633968592 0.752762675 -0.177291259
vn 0.559990942 0.559990942 -0.61059016
vn 0 0.429809332 -0.90291965
vn -0.429809332 -3.94678672e-08 -0.90291959
vn 0.136897936 0.990585148 -4.32998526e-08
vn -0.0600980595 0.965468764 -0.253491879
vn 0 0.787285447 -0.616588652
vn -0.559990942 0.559990942 -0.61059016
vn -0.603880763 0.797074616 -3.48412428e-08
vn -0.752762675 0.633968532 -0.177291244
vn -0.990585148 0.136897936 -5.98399907e-09
vn -0.965468764 -0.0600980707 -0.253491819
vn -0.787285507 -2.69519465e-08 -0.616588593
vn 0.469394028 0.00029995761 -0.882988691
vn 0.46318841 -0.463688403 -0.755281031
vn 0.701383889 0.000399959623 -0.712783635
vn 0 -0.391697496 -0.920093954
vn 0 -0.701383948 -0.712783635
vn -0.46318841 -0.463688403 -0.755281031
vn -0.469394028 0.00029995761 -0.882988691
vn -0.701383889 0.000399959623 -0.712783635
vn -0.463904977 0.463904947 -0.754708111
vn 0.463904977 0.463904947 -0.754708111
vn 0 0.391902804 -0.920006633
vn 0 0.701383889 -0.712783754

# Mesh 'PipelineFBX' with 1507 faces
g PipelineFBX
usemtl DefaultMaterial
f  1/1/1 2/2/1 3/3/1
f  4/2/1 5/1/1 6/3/1
f  7/4/2 8/5/3 9/6/2
f  10/5/3 11/4/2 12/7/3
f  13/7/3 14/8/4 15/5/3
f  16/8/4 17/7/3 18/9/5
f  19/9/5 20/10/6 21/8/4
f  22/10/6 23/9/5 24/11/6
f  25/11/6 26/12/6 27/10/6
f  28/12/6 29/11/6 30/13/6
f  31/14/7 32/15/7 33/16/7
f  34/15/7 35/14/7 36/17/7
f  37/5/8 38/4/9 39/6/9
f  40/4/9 41/5/8 42/7/8
f  43/8/10 44/7/8 45/5/8
f  46/7/8 47/8/10 48/9/11
f  49/10/12 50/9/11 51/8/10
f  52/9/11 53/10/12 54/11/12
f  55/12/12 56/11/12 57/10/12
f  58/11/12 59/12/12 60/13/12
f  61/15/13 62/14/13 63/16/13
f  64/14/13 65/15/13 66/17/13
f  67/18/14 68/19/15 69/20/16
f  70/19/15 71/18/14 72/21/17
f  73/22/18 74/21/17 75/18/14
f  76/21/17 77/22/18 78/23/19
f  79/24/20 80/25/21 81/26/20
f  82/25/21 83/24/20 84/27/22
f  85/28/23 86/25/21 87/27/22
f  88/25/21 89/28/23 90/29/24
f  91/30/25 92/29/24 93/28/23
f  94/29/24 95/30/25 96/31/26
f  97/19/27 98/18/28 99/20/29
f  100/18/28 101/19/27 102/21/30
f  103/23/31 104/18/28 105/21/30
f  106/18/28 107/23/31 108/22/32
f  109/25/33 110/24/34 111/26/34
f  112/24/34 113/25/33 114/27/35
f  115/25/33 116/28/36 117/27/35
f  118/28/36 119/25/33 120/29/37
f  121/29/37 122/30/38 123/28/36
f  124/30/38 125/29/37 126/31/39
f  127/32/40 128/33/41 129/34/42
f  130/33/41 131/32/40 132/35/43
f  133/36/44 134/33/41 135/35/43
f  136/33/41 137/36/44 138/37/45
f  139/38/46 140/35/43 141/32/40
f  142/35/43 143/38/46 144/39/47
f  145/39/47 146/36/44 147/35/43
f  148/36/44 149/39/47 150/40/48
f  151/41/49 152/42/50 153/43/50
f  154/42/50 155/41/49 156/44/51
f  157/45/52 158/44/51 159/41/49
f  160/44/51 161/45/52 162/46/53
f  163/47/54 164/46/53 165/45/52
f  166/46/53 167/47/54 168/48/55
f  169/49/56 170/48/55 171/47/54
f  172/48/55 173/49/56 174/50/56
f  175/51/57 176/52/58 177/53/59
f  178/52/58 179/51/57 180/54/60
f  181/55/61 182/52/58 183/54/60
f  184/52/58 185/55/61 186/56/62
f  187/57/63 188/58/64 189/59/65
f  190/58/64 191/57/63 192/60/66
f  193/61/67 194/60/66 195/57/63
f  196/60/66 197/61/67 198/62/68
f  199/63/69 200/64/70 201/65/70
f  202/64/70 203/63/69 204/66/71
f  205/67/72 206/66/71 207/63/69
f  208/66/71 209/67/72 210/68/72
f  211/67/72 212/69/73 213/68/72
f  214/69/73 215/67/72 216/70/73
f  217/71/74 218/72/75 219/73/76
f  220/72/75 221/71/74 222/74/77
f  223/75/78 224/72/75 225/74/77
f  226/72/75 227/75/78 228/76/79
f  229/77/80 230/76/79 231/75/78
f  232/76/79 233/77/80 234/78/81
f  235/79/82 236/74/77 237/71/74
f  238/74/77 239/79/82 240/80/83
f  241/74/77 242/80/83 243/75/78
f  244/81/84 245/75/78 246/80/83
f  247/75/78 248/81/84 249/77/80
f  250/82/85 251/80/83 252/79/82
f  253/80/83 254/82/85 255/83/86
f  256/84/87 257/80/83 258/83/86
f  259/80/83 260/84/87 261/81/84
f  262/85/88 263/86/89 264/87/90
f  265/86/89 266/85/88 267/88/91
f  268/85/88 269/89/92 270/88/91
f  271/89/92 272/85/88 273/90/93
f  274/90/93 275/91/94 276/89/92
f  277/91/94 278/90/93 279/92/95
f  280/93/96 281/94/97 282/95/98
f  283/94/97 284/93/96 285/96/99
f  286/97/100 287/94/97 288/96/99
f  289/94/97 290/97/100 291/98/101
f  292/99/102 293/98/101 294/97/100
f  295/98/101 296/99/102 297/100/103
f  298/101/104 299/96/99 300/93/96
f  301/96/99 302/101/104 303/102/105
f  304/102/105 305/103/106 306/96/99
f  307/97/100 308/96/99 309/103/106
f  310/104/107 311/97/100 312/103/106
f  313/97/100 314/104/107 315/99/102
f  316/103/106 317/102/105 318/105/108
f  319/105/108 320/104/107 321/103/106
f  322/104/107 323/105/108 324/106/109
f  325/107/110 326/108/111 327/109/112
f  328/108/111 329/107/110 330/110/113
f  331/110/113 332/111/114 333/108/111
f  334/111/114 335/110/113 336/112/114
f  337/113/115 338/114/116 339/115/116
f  340/114/116 341/113/115 342/116/115
f  343/113/115 344/117/117 345/116/115
f  346/117/117 347/113/115 348/118/115
f  349/118/115 350/119/115 351/117/117
f  352/117/117 353/119/115 354/120/115
f  355/119/115 356/118/115 357/121/115
f  358/122/118 359/123/119 360/124/120
f  361/123/119 362/122/118 363/125/121
f  364/125/121 365/126/122 366/123/119
f  367/126/122 368/125/121 369/127/123
f  370/127/123 371/128/124 372/126/122
f  373/128/124 374/127/123 375/129/125
f  376/129/125 377/130/126 378/128/124
f  379/130/126 380/129/125 381/131/126
f  382/132/127 383/133/127 384/134/127
f  385/133/127 386/132/127 387/135/127
f  388/135/127 389/136/127 390/133/127
f  391/136/127 392/135/127 393/137/127
f  394/138/127 395/136/127 396/137/127
f  397/136/127 398/138/127 399/139/127
f  400/140/128 401/141/129 402/142/129
f  403/141/129 404/140/128 405/143/128
f  406/140/128 407/144/130 408/143/128
f  409/144/130 410/140/128 411/145/130
f  412/146/131 413/144/130 414/145/130
f  415/144/130 416/146/131 417/147/131
f  418/146/131 419/148/132 420/147/131
f  421/148/132 422/146/131 423/149/132
f  424/150/133 425/148/132 426/149/132
f  427/148/132 428/150/133 429/151/133
f  430/152/134 431/153/135 432/154/135
f  433/153/135 434/152/134 435/155/136
f  436/156/137 437/155/136 438/152/134
f  439/155/136 440/156/137 441/157/138
f  442/158/139 443/157/138 444/156/137
f  445/157/138 446/158/139 447/159/140
f  448/160/141 449/159/140 450/158/139
f  451/159/140 452/160/141 453/161/142
f  454/162/143 455/161/142 456/160/141
f  457/161/142 458/162/143 459/163/144
f  460/164/145 461/163/144 462/162/143
f  463/163/144 464/164/145 465/165/146
f  466/166/147 467/165/146 468/164/145
f  469/165/146 470/166/147 471/167/148
f  472/168/149 473/167/148 474/166/147
f  475/167/148 476/168/149 477/169/149
f  478/170/149 479/171/148 480/172/149
f  481/171/148 482/170/149 483/173/147
f  484/173/147 485/174/146 486/171/148
f  487/174/146 488/173/147 489/175/145
f  490/175/145 491/176/144 492/174/146
f  493/176/144 494/175/145 495/177/143
f  496/177/143 497/178/142 498/176/144
f  499/178/142 500/177/143 501/179/141
f  502/179/141 503/180/140 504/178/142
f  505/180/140 506/179/141 507/181/139
f  508/181/139 509/182/138 510/180/140
f  511/182/138 512/181/139 513/183/137
f  514/183/137 515/184/136 516/182/138
f  517/184/136 518/183/137 519/185/134
f  520/185/134 521/186/135 522/184/136
f  523/186/135 524/185/134 525/187/135
f  526/188/149 527/189/148 528/190/149
f  529/189/148 530/188/149 531/191/147
f  532/191/147 533/192/146 534/189/148
f  535/192/146 536/191/147 537/193/145
f  538/193/145 539/194/144 540/192/146
f  541/194/144 542/193/145 543/195/143
f  544/195/143 545/196/142 546/194/144
f  547/196/142 548/195/143 549/197/141
f  550/197/141 551/198/140 552/196/142
f  553/198/140 554/197/141 555/199/139
f  556/199/139 557/200/138 558/198/140
f  559/200/138 560/199/139 561/201/137
f  562/201/137 563/202/136 564/200/138
f  565/202/136 566/201/137 567/203/134
f  568/203/134 569/204/135 570/202/136
f  571/204/135 572/203/134 573/205/135
f  574/206/150 575/207/151 576/208/151
f  577/207/151 578/206/150 579/209/152
f  580/210/153 581/209/152 582/206/150
f  583/209/152 584/210/153 585/211/154
f  586/212/155 587/211/154 588/210/153
f  589/211/154 590/212/155 591/213/156
f  592/214/157 593/213/156 594/212/155
f  595/213/156 596/214/157 597/215/158
f  598/216/159 599/215/158 600/214/157
f  601/215/158 602/216/159 603/217/160
f  604/218/161 605/217/160 606/216/159
f  607/217/160 608/218/161 609/219/162
f  610/220/163 611/219/162 612/218/161
f  613/219/162 614/220/163 615/221/164
f  616/222/165 617/221/164 618/220/163
f  619/221/164 620/222/165 621/223/165
f  622/108/166 623/107/167 624/109/168
f  625/107/167 626/108/166 627/110/169
f  628/111/170 629/110/169 630/108/166
f  631/110/169 632/111/170 633/112/170
f  634/116/171 635/115/172 636/114/172
f  637/115/172 638/116/171 639/113/173
f  640/117/173 641/113/173 642/116/171
f  643/113/173 644/117/173 645/118/171
f  646/119/171 647/118/171 648/117/173
f  649/118/171 650/119/171 651/121/171
f  652/119/171 653/117/173 654/120/171
f  655/224/174 656/225/174 657/226/174
f  658/225/174 659/224/174 660/227/174
f  661/224/174 662/228/174 663/227/174
f  664/228/174 665/224/174 666/229/174
f  667/229/174 668/230/174 669/228/174
f  670/230/174 671/229/174 672/231/174
f  673/231/174 674/232/174 675/230/174
f  676/233/175 677/234/176 678/235/176
f  679/234/176 680/233/175 681/236/177
f  682/237/178 683/236/177 684/233/175
f  685/236/177 686/237/178 687/238/179
f  688/239/180 689/238/179 690/237/178
f  691/238/179 692/239/180 693/240/180
f  694/239/180 695/241/181 696/240/180
f  697/241/181 698/239/180 699/242/181
f  700/243/182 701/241/181 702/242/181
f  703/241/181 704/243/182 705/244/183
f  706/245/184 707/244/183 708/243/182
f  709/244/183 710/245/184 711/246/184
f  712/247/185 713/248/186 714/249/186
f  715/248/186 716/247/185 717/250/187
f  718/251/188 719/250/187 720/247/185
f  721/250/187 722/251/188 723/252/189
f  724/253/190 725/252/189 726/251/188
f  727/252/189 728/253/190 729/254/191
f  730/255/192 731/254/191 732/253/190
f  733/254/191 734/255/192 735/256/192
f  736/257/193 737/258/194 738/259/194
f  739/258/194 740/257/193 741/260/193
f  742/257/193 743/261/195 744/260/193
f  745/261/195 746/257/193 747/262/195
f  748/263/196 749/261/195 750/262/195
f  751/261/195 752/263/196 753/264/196
f  754/263/196 755/265/197 756/264/196
f  757/265/197 758/263/196 759/266/197
f  760/30/198 761/29/199 762/31/200
f  763/29/199 764/30/198 765/28/201
f  766/28/201 767/25/202 768/29/199
f  769/25/202 770/28/201 771/27/203
f  772/24/204 773/25/202 774/27/203
f  775/25/202 776/24/204 777/26/205
f  778/99/206 779/98/207 780/100/208
f  781/98/207 782/99/206 783/97/209
f  784/97/209 785/94/210 786/98/207
f  787/94/210 788/97/209 789/96/211
f  790/96/211 791/95/212 792/94/210
f  793/95/212 794/96/211 795/93/213
f  796/96/211 797/101/214 798/93/213
f  799/101/214 800/96/211 801/102/215
f  802/104/216 803/97/209 804/99/206
f  805/97/209 806/104/216 807/103/217
f  808/96/211 809/97/209 810/103/217
f  811/103/217 812/102/215 813/96/211
f  814/102/215 815/103/217 816/105/218
f  817/104/216 818/105/218 819/103/217
f  820/105/218 821/104/216 822/106/219
f  823/129/220 824/130/221 825/131/221
f  826/130/221 827/129/220 828/128/222
f  829/127/223 830/128/222 831/129/220
f  832/128/222 833/127/223 834/126/224
f  835/125/225 836/126/224 837/127/223
f  838/126/224 839/125/225 840/123/226
f  841/122/227 842/123/226 843/125/225
f  844/123/226 845/122/227 846/124/228
f  847/42/50 848/41/49 849/43/50
f  850/41/49 851/42/50 852/44/51
f  853/44/51 854/45/52 855/41/49
f  856/45/52 857/44/51 858/46/53
f  859/46/53 860/47/54 861/45/52
f  862/47/54 863/46/53 864/48/55
f  865/48/55 866/49/56 867/47/54
f  868/49/56 869/48/55 870/50/56
f  871/267/229 872/268/230 873/269/231
f  874/268/230 875/267/229 876/270/232
f  877/268/230 878/270/232 879/271/233
f  880/272/234 881/271/233 882/270/232
f  883/271/233 884/272/234 885/273/235
f  886/274/236 887/270/232 888/267/229
f  889/270/232 890/274/236 891/275/237
f  892/276/238 893/270/232 894/275/237
f  895/270/232 896/276/238 897/272/234
f  898/36/239 899/33/240 900/37/241
f  901/33/240 902/36/239 903/35/242
f  904/32/243 905/33/240 906/35/242
f  907/33/240 908/32/243 909/34/244
f  910/36/239 911/39/245 912/35/242
f  913/38/246 914/35/242 915/39/245
f  916/35/242 917/38/246 918/32/243
f  919/39/245 920/36/239 921/40/247
f  922/277/248 923/278/249 924/279/248
f  925/278/249 926/277/248 927/280/249
f  928/281/250 929/278/249 930/280/249
f  931/278/249 932/281/250 933/282/250
f  934/283/251 935/284/252 936/285/252
f  937/284/252 938/283/251 939/286/253
f  940/287/254 941/286/253 942/283/251
f  943/286/253 944/287/254 945/288/254
f  946/289/255 947/290/256 948/291/255
f  949/290/256 950/289/255 951/292/257
f  952/292/257 953/293/258 954/290/256
f  955/293/258 956/292/257 957/294/258
f  958/295/1 959/296/259 960/297/1
f  961/296/259 962/295/1 963/298/259
f  964/299/260 965/296/259 966/298/259
f  967/296/259 968/299/260 969/300/261
f  970/301/262 971/300/261 972/299/260
f  973/300/261 974/301/262 975/302/263
f  976/303/264 977/302/263 978/301/262
f  979/302/263 980/303/264 981/304/264
f  982/305/265 983/306/266 984/307/266
f  985/306/266 986/305/265 987/308/267
f  988/309/268 989/308/267 990/305/265
f  991/308/267 992/309/268 993/310/268
f  994/311/269 995/312/270 996/313/271
f  997/312/270 998/311/269 999/314/272
f  1000/311/269 1001/315/273 1002/314/272
f  1003/315/273 1004/311/269 1005/316/274
f  1006/316/274 1007/317/275 1008/315/273
f  1009/318/276 1010/319/276 1011/320/276
f  1012/319/276 1013/318/276 1014/321/276
f  1015/314/277 1016/313/278 1017/312/279
f  1018/313/278 1019/314/277 1020/311/280
f  1021/315/281 1022/311/280 1023/314/277
f  1024/311/280 1025/315/281 1026/316/282
f  1027/317/283 1028/316/282 1029/315/281
f  1030/319/284 1031/318/284 1032/320/284
f  1033/318/284 1034/319/284 1035/321/284
f  1036/322/285 1037/323/286 1038/324/287
f  1039/323/286 1040/322/285 1041/325/288
f  1042/325/288 1043/326/289 1044/323/286
f  1045/326/289 1046/325/288 1047/327/290
f  1048/328/291 1049/326/289 1050/327/290
f  1051/326/289 1052/328/291 1053/329/292
f  1054/330/293 1055/331/293 1056/332/293
f  1057/331/293 1058/330/293 1059/333/293
f  1060/306/294 1061/305/295 1062/307/294
f  1063/305/295 1064/306/294 1065/308/296
f  1066/308/296 1067/309/297 1068/305/295
f  1069/309/297 1070/308/296 1071/310/297
f  1072/334/298 1073/335/299 1074/336/300
f  1075/335/299 1076/334/298 1077/337/301
f  1078/337/301 1079/338/302 1080/335/299
f  1081/338/302 1082/337/301 1083/339/303
f  1084/339/303 1085/340/304 1086/338/302
f  1087/340/304 1088/339/303 1089/341/305
f  1090/342/306 1091/341/305 1092/339/303
f  1093/341/305 1094/342/306 1095/343/307
f  1096/344/308 1097/337/301 1098/334/298
f  1099/337/301 1100/344/308 1101/345/309
f  1102/345/309 1103/339/303 1104/337/301
f  1105/339/303 1106/345/309 1107/342/306
f  1108/346/310 1109/342/306 1110/345/309
f  1111/343/307 1112/342/306 1113/346/310
f  1114/345/309 1115/344/308 1116/347/311
f  1117/347/311 1118/346/310 1119/345/309
f  1120/348/312 1121/346/310 1122/347/311
f  1123/346/310 1124/348/312 1125/349/313
f  1126/350/314 1127/351/315 1128/352/316
f  1129/351/315 1130/350/314 1131/353/317
f  1132/354/318 1133/351/315 1134/353/317
f  1135/351/315 1136/354/318 1137/355/319
f  1138/355/319 1139/354/318 1140/356/320
f  1141/355/319 1142/356/320 1143/357/321
f  1144/358/174 1145/359/174 1146/360/174
f  1147/359/174 1148/358/174 1149/361/174
f  1150/362/322 1151/363/322 1152/364/322
f  1153/363/322 1154/362/322 1155/365/322
f  1156/335/323 1157/334/324 1158/336/325
f  1159/334/324 1160/335/323 1161/337/326
f  1162/337/326 1163/344/327 1164/334/324
f  1165/344/327 1166/337/326 1167/345/328
f  1168/344/327 1169/345/328 1170/347/329
f  1171/346/330 1172/347/329 1173/345/328
f  1174/346/330 1175/348/331 1176/347/329
f  1177/348/331 1178/346/330 1179/349/332
f  1180/338/333 1181/337/326 1182/335/323
f  1183/337/326 1184/338/333 1185/339/334
f  1186/339/334 1187/345/328 1188/337/326
f  1189/345/328 1190/339/334 1191/342/335
f  1192/342/335 1193/346/330 1194/345/328
f  1195/342/335 1196/343/336 1197/346/330
f  1198/342/335 1199/341/337 1200/343/336
f  1201/341/337 1202/342/335 1203/339/334
f  1204/339/334 1205/340/338 1206/341/337
f  1207/340/338 1208/339/334 1209/338/333
f  1210/351/339 1211/350/340 1212/352/341
f  1213/350/340 1214/351/339 1215/353/342
f  1216/351/339 1217/354/343 1218/353/342
f  1219/354/343 1220/351/339 1221/355/344
f  1222/354/343 1223/355/344 1224/356/345
f  1225/356/345 1226/355/344 1227/357/346
f  1228/359/174 1229/358/174 1230/360/174
f  1231/358/174 1232/359/174 1233/361/174
f  1234/363/322 1235/362/322 1236/364/322
f  1237/362/322 1238/363/322 1239/365/322
f  1240/98/347 1241/99/348 1242/100/349
f  1243/99/348 1244/98/347 1245/97/350
f  1246/97/350 1247/104/351 1248/99/348
f  1249/104/351 1250/97/350 1251/103/352
f  1252/105/353 1253/104/351 1254/103/352
f  1255/104/351 1256/105/353 1257/106/354
f  1258/94/355 1259/97/350 1260/98/347
f  1261/97/350 1262/94/355 1263/96/356
f  1264/97/350 1265/96/356 1266/103/352
f  1267/102/357 1268/103/352 1269/96/356
f  1270/103/352 1271/102/357 1272/105/353
f  1273/94/355 1274/93/358 1275/96/356
f  1276/101/359 1277/96/356 1278/93/358
f  1279/96/356 1280/101/359 1281/102/357
f  1282/93/358 1283/94/355 1284/95/360
f  1285/99/361 1286/98/362 1287/100/363
f  1288/98/362 1289/99/361 1290/97/364
f  1291/97/364 1292/94/365 1293/98/362
f  1294/94/365 1295/97/364 1296/96/366
f  1297/93/367 1298/94/365 1299/96/366
f  1300/94/365 1301/93/367 1302/95/368
f  1303/104/369 1304/97/364 1305/99/361
f  1306/97/364 1307/104/369 1308/103/370
f  1309/96/366 1310/97/364 1311/103/370
f  1312/103/370 1313/102/371 1314/96/366
f  1315/101/372 1316/96/366 1317/102/371
f  1318/96/366 1319/101/372 1320/93/367
f  1321/104/369 1322/105/373 1323/103/370
f  1324/102/371 1325/103/370 1326/105/373
f  1327/105/373 1328/104/369 1329/106/374
f  1330/366/375 1331/367/376 1332/368/377
f  1333/367/376 1334/366/375 1335/369/378
f  1336/369/378 1337/370/379 1338/367/376
f  1339/370/379 1340/369/378 1341/371/380
f  1342/371/380 1343/372/381 1344/370/379
f  1345/372/381 1346/371/380 1347/373/381
f  1348/374/382 1349/372/381 1350/373/381
f  1351/372/381 1352/374/382 1353/375/382
f  1354/376/383 1355/377/384 1356/378/383
f  1357/377/384 1358/376/383 1359/379/385
f  1360/379/385 1361/380/386 1362/377/384
f  1363/380/386 1364/379/385 1365/381/386
f  1366/382/387 1367/380/386 1368/381/386
f  1369/380/386 1370/382/387 1371/383/388
f  1372/382/387 1373/384/127 1374/383/388
f  1375/384/127 1376/385/127 1377/383/388
f  1378/385/127 1379/386/127 1380/383/388
f  1381/386/127 1382/385/127 1383/387/127
f  1384/388/389 1385/266/390 1386/265/391
f  1387/266/390 1388/388/389 1389/389/389
f  1390/20/392 1391/21/393 1392/19/392
f  1393/21/393 1394/20/392 1395/18/394
f  1396/18/394 1397/23/395 1398/21/393
f  1399/23/395 1400/18/394 1401/22/396
f  1402/24/397 1403/25/398 1404/26/399
f  1405/25/398 1406/24/397 1407/27/400
f  1408/28/401 1409/25/398 1410/27/400
f  1411/25/398 1412/28/401 1413/29/402
f  1414/30/403 1415/29/402 1416/28/401
f  1417/29/402 1418/30/403 1419/31/404
f  1420/390/405 1421/391/406 1422/392/407
f  1423/391/406 1424/390/405 1425/393/408
f  1426/394/409 1427/391/406 1428/393/408
f  1429/391/406 1430/394/409 1431/395/410
f  1432/396/410 1433/395/410 1434/394/409
f  1435/397/1 1436/398/1 1437/399/1
f  1438/398/1 1439/397/1 1440/400/1
f  1441/398/1 1442/400/1 1443/401/1
f  1444/402/1 1445/400/1 1446/397/1
f  1447/400/1 1448/402/1 1449/403/1
f  1450/404/411 1451/405/412 1452/406/413
f  1453/405/412 1454/404/411 1455/407/414
f  1456/407/414 1457/408/415 1458/405/412
f  1459/408/415 1460/407/414 1461/409/416
f  1462/410/417 1463/409/416 1464/407/414
f  1465/410/417 1466/411/418 1467/409/416
f  1468/412/419 1469/411/418 1470/410/417
f  1471/412/419 1472/410/417 1473/413/420
f  1474/404/411 1475/414/421 1476/407/414
f  1477/414/421 1478/410/417 1479/407/414
f  1480/410/417 1481/414/421 1482/413/420
f  1483/234/422 1484/233/423 1485/235/422
f  1486/233/423 1487/234/422 1488/236/424
f  1489/236/424 1490/237/425 1491/233/423
f  1492/237/425 1493/236/424 1494/238/426
f  1495/238/426 1496/239/127 1497/237/425
f  1498/239/127 1499/238/426 1500/240/127
f  1501/241/427 1502/239/127 1503/240/127
f  1504/239/127 1505/241/427 1506/242/427
f  1507/241/427 1508/243/428 1509/242/427
f  1510/243/428 1511/241/427 1512/244/429
f  1513/244/429 1514/245/430 1515/243/428
f  1516/245/430 1517/244/429 1518/246/430
f  1519/248/431 1520/247/432 1521/249/431
f  1522/247/432 1523/248/431 1524/250/433
f  1525/250/433 1526/251/434 1527/247/432
f  1528/251/434 1529/250/433 1530/252/435
f  1531/252/435 1532/253/436 1533/251/434
f  1534/253/436 1535/252/435 1536/254/437
f  1537/254/437 1538/255/438 1539/253/436
f  1540/255/438 1541/254/437 1542/256/438
f  1543/398/1 1544/397/1 1545/399/1
f  1546/397/1 1547/398/1 1548/400/1
f  1549/403/1 1550/397/1 1551/400/1
f  1552/397/1 1553/403/1 1554/402/1
f  1555/400/1 1556/398/1 1557/401/1
f  1558/405/439 1559/404/440 1560/406/441
f  1561/404/440 1562/405/439 1563/407/442
f  1564/414/443 1565/404/440 1566/407/442
f  1567/410/444 1568/414/443 1569/407/442
f  1570/414/443 1571/410/444 1572/413/445
f  1573/410/444 1574/412/446 1575/413/445
f  1576/411/447 1577/412/446 1578/410/444
f  1579/411/447 1580/410/444 1581/409/448
f  1582/408/449 1583/407/442 1584/405/439
f  1585/407/442 1586/408/449 1587/409/448
f  1588/409/448 1589/410/444 1590/407/442
f  1591/415/450 1592/416/451 1593/417/450
f  1594/416/451 1595/415/450 1596/418/451
f  1597/419/452 1598/416/451 1599/418/451
f  1600/416/451 1601/419/452 1602/420/453
f  1603/421/454 1604/420/453 1605/419/452
f  1606/420/453 1607/421/454 1608/422/455
f  1609/423/456 1610/422/455 1611/421/454
f  1612/422/455 1613/423/456 1614/424/456
f  1615/425/457 1616/426/458 1617/427/459
f  1618/426/458 1619/425/457 1620/428/460
f  1621/429/461 1622/426/458 1623/428/460
f  1624/429/461 1625/428/460 1626/430/462
f  1627/431/463 1628/429/461 1629/430/462
f  1630/431/463 1631/430/462 1632/432/464
f  1633/433/465 1634/428/460 1635/425/457
f  1636/428/460 1637/433/465 1638/434/466
f  1639/434/466 1640/435/467 1641/428/460
f  1642/430/462 1643/428/460 1644/435/467
f  1645/436/468 1646/430/462 1647/435/467
f  1648/430/462 1649/436/468 1650/437/469
f  1651/432/464 1652/430/462 1653/437/469
f  1654/438/470 1655/432/464 1656/437/469
f  1657/438/470 1658/439/471 1659/432/464
f  1660/433/465 1661/440/472 1662/434/466
f  1663/441/473 1664/434/466 1665/440/472
f  1666/434/466 1667/441/473 1668/442/474
f  1669/435/467 1670/434/466 1671/442/474
f  1672/443/475 1673/435/467 1674/442/474
f  1675/435/467 1676/443/475 1677/436/468
f  1678/443/475 1679/444/476 1680/436/468
f  1681/445/477 1682/436/468 1683/444/476
f  1684/436/468 1685/445/477 1686/437/469
f  1687/445/477 1688/438/470 1689/437/469
f  1690/440/472 1691/433/465 1692/446/478
f  1693/440/472 1694/446/478 1695/447/479
f  1696/441/473 1697/440/472 1698/447/479
f  1699/441/473 1700/447/479 1701/448/480
f  1702/449/481 1703/441/473 1704/448/480
f  1705/443/475 1706/441/473 1707/449/481
f  1708/441/473 1709/443/475 1710/442/474
f  1711/446/478 1712/450/482 1713/447/479
f  1714/450/482 1715/451/483 1716/447/479
f  1717/448/480 1718/447/479 1719/451/483
f  1720/448/480 1721/451/483 1722/452/484
f  1723/453/485 1724/448/480 1725/452/484
f  1726/449/481 1727/448/480 1728/453/485
f  1729/454/486 1730/449/481 1731/453/485
f  1732/454/486 1733/443/475 1734/449/481
f  1735/443/475 1736/454/486 1737/455/487
f  1738/444/476 1739/443/475 1740/455/487
f  1741/450/482 1742/456/488 1743/451/483
f  1744/451/483 1745/456/488 1746/452/484
f  1747/456/488 1748/457/489 1749/452/484
f  1750/458/490 1751/452/484 1752/457/489
f  1753/458/490 1754/459/491 1755/452/484
f  1756/459/491 1757/453/485 1758/452/484
f  1759/460/492 1760/453/485 1761/459/491
f  1762/453/485 1763/460/492 1764/461/493
f  1765/454/486 1766/453/485 1767/461/493
f  1768/462/494 1769/454/486 1770/461/493
f  1771/462/494 1772/455/487 1773/454/486
f  1774/455/487 1775/462/494 1776/463/495
f  1777/463/495 1778/444/476 1779/455/487
f  1780/457/489 1781/464/496 1782/458/490
f  1783/465/497 1784/458/490 1785/464/496
f  1786/465/497 1787/466/498 1788/458/490
f  1789/466/498 1790/459/491 1791/458/490
f  1792/459/491 1793/466/498 1794/460/492
f  1795/467/499 1796/460/492 1797/466/498
f  1798/468/500 1799/460/492 1800/467/499
f  1801/460/492 1802/468/500 1803/469/501
f  1804/461/493 1805/460/492 1806/469/501
f  1807/470/502 1808/461/493 1809/469/501
f  1810/461/493 1811/470/502 1812/462/494
f  1813/471/503 1814/462/494 1815/470/502
f  1816/462/494 1817/471/503 1818/463/495
f  1819/466/498 1820/465/497 1821/472/504
f  1822/473/505 1823/466/498 1824/472/504
f  1825/466/498 1826/473/505 1827/467/499
f  1828/474/506 1829/467/499 1830/473/505
f  1831/467/499 1832/474/506 1833/475/507
f  1834/468/500 1835/467/499 1836/475/507
f  1837/468/500 1838/475/507 1839/476/508
f  1840/469/501 1841/468/500 1842/476/508
f  1843/477/509 1844/469/501 1845/476/508
f  1846/469/501 1847/477/509 1848/470/502
f  1849/478/510 1850/470/502 1851/477/509
f  1852/470/502 1853/478/510 1854/471/503
f  1855/478/510 1856/479/511 1857/471/503
f  1858/479/511 1859/463/495 1860/471/503
f  1861/480/512 1862/475/507 1863/474/506
f  1864/480/512 1865/476/508 1866/475/507
f  1867/481/513 1868/476/508 1869/480/512
f  1870/476/508 1871/481/513 1872/477/509
f  1873/482/514 1874/477/509 1875/481/513
f  1876/477/509 1877/482/514 1878/478/510
f  1879/482/514 1880/483/515 1881/478/510
f  1882/479/511 1883/478/510 1884/483/515
f  1885/483/515 1886/484/516 1887/479/511
f  1888/485/517 1889/479/511 1890/484/516
f  1891/479/511 1892/485/517 1893/486/518
f  1894/463/495 1895/479/511 1896/486/518
f  1897/444/476 1898/463/495 1899/486/518
f  1900/485/517 1901/444/476 1902/486/518
f  1903/444/476 1904/485/517 1905/445/477
f  1906/483/515 1907/482/514 1908/487/519
f  1909/487/519 1910/488/520 1911/483/515
f  1912/484/516 1913/483/515 1914/488/520
f  1915/488/520 1916/489/521 1917/484/516
f  1918/490/522 1919/484/516 1920/489/521
f  1921/484/516 1922/490/522 1923/485/517
f  1924/491/523 1925/485/517 1926/490/522
f  1927/485/517 1928/491/523 1929/445/477
f  1930/438/470 1931/445/477 1932/491/523
f  1933/488/520 1934/487/519 1935/492/524
f  1936/493/525 1937/488/520 1938/492/524
f  1939/488/520 1940/493/525 1941/494/526
f  1942/489/521 1943/488/520 1944/494/526
f  1945/494/526 1946/495/527 1947/489/521
f  1948/496/528 1949/489/521 1950/495/527
f  1951/489/521 1952/496/528 1953/490/522
f  1954/497/529 1955/490/522 1956/496/528
f  1957/490/522 1958/497/529 1959/491/523
f  1960/498/530 1961/491/523 1962/497/529
f  1963/491/523 1964/498/530 1965/438/470
f  1966/498/530 1967/499/531 1968/438/470
f  1969/499/531 1970/439/471 1971/438/470
f  1972/500/532 1973/494/526 1974/493/525
f  1975/494/526 1976/500/532 1977/501/533
f  1978/495/527 1979/494/526 1980/501/533
f  1981/501/533 1982/502/534 1983/495/527
f  1984/502/534 1985/503/535 1986/495/527
f  1987/504/536 1988/495/527 1989/503/535
f  1990/495/527 1991/504/536 1992/496/528
f  1993/505/537 1994/496/528 1995/504/536
f  1996/496/528 1997/505/537 1998/497/529
f  1999/505/537 2000/498/530 2001/497/529
f  2002/506/538 2003/501/533 2004/500/532
f  2005/502/534 2006/501/533 2007/506/538
f  2008/498/530 2009/505/537 2010/507/539
f  2011/508/540 2012/498/530 2013/507/539
f  2014/498/530 2015/508/540 2016/499/531
f  2017/509/541 2018/499/531 2019/508/540
f  2020/499/531 2021/509/541 2022/510/542
f  2023/499/531 2024/510/542 2025/439/471
f  2026/511/543 2027/512/544 2028/513/543
f  2029/512/544 2030/511/543 2031/514/544
f  2032/515/545 2033/512/544 2034/514/544
f  2035/512/544 2036/515/545 2037/516/545
f  2038/515/545 2039/517/546 2040/516/545
f  2041/517/546 2042/515/545 2043/518/546
f  2044/519/547 2045/517/546 2046/518/546
f  2047/517/546 2048/519/547 2049/520/547
f  2050/521/127 2051/522/127 2052/523/127
f  2053/522/127 2054/521/127 2055/524/127
f  2056/525/548 2057/524/127 2058/521/127
f  2059/524/127 2060/525/548 2061/526/548
f  2062/525/548 2063/527/549 2064/526/548
f  2065/527/549 2066/525/548 2067/528/550
f  2068/528/550 2069/529/551 2070/527/549
f  2071/529/551 2072/528/550 2073/530/552
f  2074/530/552 2075/531/553 2076/529/551
f  2077/531/553 2078/530/552 2079/532/554
f  2080/532/554 2081/533/555 2082/531/553
f  2083/533/555 2084/532/554 2085/534/555
f  2086/535/180 2087/533/555 2088/534/555
f  2089/533/555 2090/535/180 2091/536/180
f  2092/535/180 2093/537/180 2094/536/180
f  2095/537/180 2096/535/180 2097/538/180
f  2098/391/556 2099/390/557 2100/392/558
f  2101/390/557 2102/391/556 2103/393/559
f  2104/391/556 2105/394/560 2106/393/559
f  2107/394/560 2108/391/556 2109/395/561
f  2110/395/561 2111/396/561 2112/394/560
f  2113/54/562 2114/56/563 2115/55/564
f  2116/56/563 2117/54/562 2118/52/565
f  2119/51/566 2120/52/565 2121/54/562
f  2122/52/565 2123/51/566 2124/53/567
f  2125/57/568 2126/62/569 2127/61/570
f  2128/62/569 2129/57/568 2130/60/571
f  2131/57/568 2132/58/572 2133/60/571
f  2134/58/572 2135/57/568 2136/59/573
f  2137/90/574 2138/91/575 2139/92/576
f  2140/91/575 2141/90/574 2142/89/577
f  2143/85/578 2144/89/577 2145/90/574
f  2146/89/577 2147/85/578 2148/88/579
f  2149/87/580 2150/88/579 2151/85/578
f  2152/88/579 2153/87/580 2154/86/581
f  2155/83/582 2156/81/583 2157/84/584
f  2158/81/583 2159/83/582 2160/80/585
f  2161/75/586 2162/81/583 2163/80/585
f  2164/81/583 2165/75/586 2166/77/587
f  2167/76/588 2168/77/587 2169/75/586
f  2170/77/587 2171/76/588 2172/78/589
f  2173/82/590 2174/80/585 2175/83/582
f  2176/80/585 2177/82/590 2178/79/591
f  2179/79/591 2180/74/592 2181/80/585
f  2182/80/585 2183/74/592 2184/75/586
f  2185/72/593 2186/75/586 2187/74/592
f  2188/75/586 2189/72/593 2190/76/588
f  2191/74/592 2192/79/591 2193/71/594
f  2194/71/594 2195/72/593 2196/74/592
f  2197/72/593 2198/71/594 2199/73/595
f  2200/133/180 2201/132/180 2202/134/180
f  2203/132/180 2204/133/180 2205/135/180
f  2206/136/180 2207/135/180 2208/133/180
f  2209/135/180 2210/136/180 2211/137/180
f  2212/139/180 2213/137/180 2214/136/180
f  2215/137/180 2216/139/180 2217/138/180
f  2218/539/596 2219/540/596 2220/541/596
f  2221/540/596 2222/539/596 2223/542/596
f  2224/367/597 2225/366/598 2226/368/377
f  2227/366/598 2228/367/597 2229/369/599
f  2230/370/600 2231/369/599 2232/367/597
f  2233/369/599 2234/370/600 2235/371/380
f  2236/372/381 2237/371/380 2238/370/600
f  2239/371/380 2240/372/381 2241/373/381
f  2242/372/381 2243/374/382 2244/373/381
f  2245/374/382 2246/372/381 2247/375/382
f  2248/543/322 2249/544/322 2250/545/322
f  2251/544/322 2252/543/322 2253/546/322
f  2254/547/601 2255/548/602 2256/549/602
f  2257/548/602 2258/547/601 2259/550/603
f  2260/551/604 2261/550/603 2262/547/601
f  2263/550/603 2264/551/604 2265/552/604
f  2266/553/605 2267/554/606 2268/555/606
f  2269/554/606 2270/553/605 2271/556/605
f  2272/553/605 2273/557/607 2274/556/605
f  2275/557/607 2276/553/605 2277/558/607
f  2278/559/608 2279/560/609 2280/561/609
f  2281/560/609 2282/559/608 2283/562/610
f  2284/563/611 2285/562/610 2286/559/608
f  2287/562/610 2288/563/611 2289/564/612
f  2290/565/613 2291/564/612 2292/563/611
f  2293/564/612 2294/565/613 2295/566/613
f  2296/567/614 2297/568/615 2298/569/614
f  2299/568/615 2300/567/614 2301/570/616
f  2302/570/616 2303/571/617 2304/568/615
f  2305/571/617 2306/570/616 2307/572/618
f  2308/572/618 2309/573/619 2310/571/617
f  2311/573/619 2312/572/618 2313/574/619
f  2314/575/620 2315/576/620 2316/577/620
f  2317/576/620 2318/575/620 2319/578/620
f  2320/328/621 2321/326/622 2322/329/623
f  2323/326/622 2324/328/621 2325/327/624
f  2326/325/625 2327/326/622 2328/327/624
f  2329/326/622 2330/325/625 2331/323/626
f  2332/322/627 2333/323/626 2334/325/625
f  2335/323/626 2336/322/627 2337/324/628
f  2338/326/629 2339/328/630 2340/329/631
f  2341/328/630 2342/326/629 2343/327/632
f  2344/326/629 2345/325/633 2346/327/632
f  2347/325/633 2348/326/629 2349/323/634
f  2350/323/634 2351/322/635 2352/325/633
f  2353/322/635 2354/323/634 2355/324/636
f  2356/333/637 2357/332/637 2358/331/637
f  2359/332/637 2360/333/637 2361/330/637
f  2362/576/638 2363/575/638 2364/577/638
f  2365/575/638 2366/576/638 2367/578/638
f  2368/579/127 2369/580/127 2370/581/127
f  2371/580/127 2372/579/127 2373/582/127
f  2374/580/180 2375/579/180 2376/581/180
f  2377/579/180 2378/580/180 2379/582/180
f  2380/71/639 2381/72/640 2382/73/641
f  2383/72/640 2384/71/639 2385/74/642
f  2386/75/643 2387/72/640 2388/74/642
f  2389/72/640 2390/75/643 2391/76/644
f  2392/77/645 2393/76/644 2394/75/643
f  2395/76/644 2396/77/645 2397/78/646
f  2398/79/647 2399/74/642 2400/71/639
f  2401/74/642 2402/79/647 2403/80/648
f  2404/74/642 2405/80/648 2406/75/643
f  2407/81/649 2408/75/643 2409/80/648
f  2410/75/643 2411/81/649 2412/77/645
f  2413/82/650 2414/80/648 2415/79/647
f  2416/80/648 2417/82/650 2418/83/651
f  2419/83/651 2420/81/649 2421/80/648
f  2422/81/649 2423/83/651 2424/84/652
f  2425/85/653 2426/86/654 2427/87/655
f  2428/86/654 2429/85/653 2430/88/656
f  2431/85/653 2432/89/657 2433/88/656
f  2434/89/657 2435/85/653 2436/90/658
f  2437/90/658 2438/91/659 2439/89/657
f  2440/91/659 2441/90/658 2442/92/660
f  2443/72/661 2444/71/662 2445/73/663
f  2446/71/662 2447/72/661 2448/74/664
f  2449/74/664 2450/79/665 2451/71/662
f  2452/79/665 2453/74/664 2454/80/666
f  2455/80/666 2456/82/667 2457/79/665
f  2458/82/667 2459/80/666 2460/83/668
f  2461/81/669 2462/83/668 2463/80/666
f  2464/83/668 2465/81/669 2466/84/670
f  2467/72/661 2468/75/671 2469/74/664
f  2470/80/666 2471/74/664 2472/75/671
f  2473/75/671 2474/81/669 2475/80/666
f  2476/81/669 2477/75/671 2478/77/672
f  2479/76/673 2480/77/672 2481/75/671
f  2482/77/672 2483/76/673 2484/78/674
f  2485/75/671 2486/72/661 2487/76/673
f  2488/88/675 2489/87/676 2490/86/677
f  2491/87/676 2492/88/675 2493/85/678
f  2494/89/679 2495/85/678 2496/88/675
f  2497/85/678 2498/89/679 2499/90/680
f  2500/91/681 2501/90/680 2502/89/679
f  2503/90/680 2504/91/681 2505/92/682
f  2506/268/683 2507/267/684 2508/269/685
f  2509/267/684 2510/268/683 2511/270/686
f  2512/270/686 2513/274/687 2514/267/684
f  2515/274/687 2516/270/686 2517/275/688
f  2518/270/686 2519/276/689 2520/275/688
f  2521/276/689 2522/270/686 2523/272/690
f  2524/271/691 2525/272/690 2526/270/686
f  2527/272/690 2528/271/691 2529/273/692
f  2530/270/686 2531/268/683 2532/271/691
f  2533/423/693 2534/422/694 2535/424/693
f  2536/422/694 2537/423/693 2538/421/695
f  2539/421/695 2540/420/696 2541/422/694
f  2542/420/696 2543/421/695 2544/419/697
f  2545/419/697 2546/416/698 2547/420/696
f  2548/416/698 2549/419/697 2550/418/698
f  2551/415/699 2552/416/698 2553/418/698
f  2554/416/698 2555/415/699 2556/417/699
f  2557/263/700 2558/265/391 2559/266/390
f  2560/265/391 2561/263/700 2562/264/700
f  2563/263/700 2564/261/701 2565/264/700
f  2566/261/701 2567/263/700 2568/262/701
f  2569/257/702 2570/261/701 2571/262/701
f  2572/261/701 2573/257/702 2574/260/703
f  2575/259/704 2576/260/703 2577/257/702
f  2578/260/703 2579/259/704 2580/258/704
f  2581/583/705 2582/584/705 2583/585/705
f  2584/584/705 2585/583/705 2586/586/705
f  2587/586/705 2588/587/705 2589/584/705
f  2590/587/705 2591/586/705 2592/588/705
f  2593/584/706 2594/583/706 2595/585/706
f  2596/583/706 2597/584/706 2598/586/706
f  2599/587/706 2600/586/706 2601/584/706
f  2602/586/706 2603/587/706 2604/588/706
f  2605/150/707 2606/148/708 2607/151/707
f  2608/148/708 2609/150/707 2610/149/708
f  2611/146/709 2612/148/708 2613/149/708
f  2614/148/708 2615/146/709 2616/147/709
f  2617/146/709 2618/144/710 2619/147/709
f  2620/144/710 2621/146/709 2622/145/710
f  2623/140/711 2624/144/710 2625/145/710
f  2626/144/710 2627/140/711 2628/143/711
f  2629/140/711 2630/141/712 2631/143/711
f  2632/141/712 2633/140/711 2634/142/712
f  2635/589/174 2636/590/174 2637/591/174
f  2638/590/174 2639/589/174 2640/592/174
f  2641/593/174 2642/592/174 2643/589/174
f  2644/592/174 2645/593/174 2646/594/174
f  2647/595/174 2648/594/174 2649/593/174
f  2650/594/174 2651/595/174 2652/596/174
f  2653/597/174 2654/596/174 2655/595/174
f  2656/377/713 2657/376/714 2658/378/714
f  2659/376/714 2660/377/713 2661/379/715
f  2662/380/716 2663/379/715 2664/377/713
f  2665/379/715 2666/380/716 2667/381/716
f  2668/380/716 2669/382/717 2670/381/716
f  2671/382/717 2672/380/716 2673/383/718
f  2674/384/180 2675/382/717 2676/383/718
f  2677/385/180 2678/384/180 2679/383/718
f  2680/386/180 2681/385/180 2682/383/718
f  2683/385/180 2684/386/180 2685/387/180
f  2686/598/719 2687/599/160 2688/600/719
f  2689/599/160 2690/598/719 2691/601/159
f  2692/601/159 2693/602/720 2694/599/160
f  2695/602/720 2696/601/159 2697/603/721
f  2698/603/721 2699/604/156 2700/602/720
f  2701/604/156 2702/603/721 2703/605/722
f  2704/605/722 2705/606/723 2706/604/156
f  2707/606/723 2708/605/722 2709/607/724
f  2710/607/724 2711/608/725 2712/606/723
f  2713/608/725 2714/607/724 2715/609/725
f  2716/610/726 2717/608/725 2718/609/725
f  2719/608/725 2720/610/726 2721/611/150
f  2722/612/727 2723/611/150 2724/610/726
f  2725/611/150 2726/612/727 2727/613/728
f  2728/614/164 2729/613/728 2730/612/727
f  2731/613/728 2732/614/164 2733/615/163
f  2734/616/729 2735/615/163 2736/614/164
f  2737/615/163 2738/616/729 2739/617/729
f  2740/616/729 2741/618/1 2742/617/729
f  2743/618/1 2744/616/729 2745/619/1
f  2746/620/730 2747/621/1 2748/622/1
f  2749/621/1 2750/620/730 2751/623/731
f  2752/624/732 2753/623/731 2754/620/730
f  2755/623/731 2756/624/732 2757/625/733
f  2758/626/174 2759/625/733 2760/624/732
f  2761/625/733 2762/626/174 2763/627/174
f  2764/626/174 2765/628/174 2766/627/174
f  2767/628/174 2768/626/174 2769/629/174
f  2770/629/174 2771/630/174 2772/628/174
f  2773/67/734 2774/69/735 2775/70/735
f  2776/69/735 2777/67/734 2778/68/734
f  2779/67/734 2780/66/736 2781/68/734
f  2782/66/736 2783/67/734 2784/63/737
f  2785/63/737 2786/64/738 2787/66/736
f  2788/64/738 2789/63/737 2790/65/738
f  2791/389/739 2792/265/197 2793/266/197
f  2794/265/197 2795/389/739 2796/388/739
f  2797/21/740 2798/20/741 2799/19/741
f  2800/20/741 2801/21/740 2802/18/742
f  2803/23/743 2804/18/742 2805/21/740
f  2806/18/742 2807/23/743 2808/22/744
f  2809/631/745 2810/632/746 2811/633/747
f  2812/632/746 2813/631/745 2814/634/748
f  2815/634/748 2816/635/749 2817/632/746
f  2818/635/749 2819/634/748 2820/636/750
f  2821/636/750 2822/637/751 2823/635/749
f  2824/637/751 2825/636/750 2826/638/752
f  2827/639/753 2828/637/751 2829/638/752
f  2830/637/751 2831/639/753 2832/640/753
f  2833/641/754 2834/642/755 2835/643/754
f  2836/642/755 2837/641/754 2838/644/756
f  2839/644/756 2840/645/757 2841/642/755
f  2842/645/757 2843/644/756 2844/646/757
f  2845/647/758 2846/648/759 2847/649/759
f  2848/648/759 2849/647/758 2850/650/760
f  2851/651/761 2852/650/760 2853/647/758
f  2854/650/760 2855/651/761 2856/652/762
f  2857/653/763 2858/652/762 2859/651/761
f  2860/652/762 2861/653/763 2862/654/763
f  2863/655/596 2864/303/264 2865/656/596
f  2866/303/264 2867/655/596 2868/304/264
f  2869/333/764 2870/332/764 2871/331/765
f  2872/332/764 2873/333/764 2874/330/766
f  2875/657/767 2876/658/767 2877/659/767
f  2878/658/767 2879/657/767 2880/660/767
f  2881/660/768 2882/659/768 2883/658/768
f  2884/659/768 2885/660/768 2886/657/768
f  2887/323/769 2888/322/770 2889/324/771
f  2890/322/770 2891/323/769 2892/325/772
f  2893/326/773 2894/325/772 2895/323/769
f  2896/325/772 2897/326/773 2898/327/774
f  2899/326/773 2900/328/775 2901/327/774
f  2902/328/775 2903/326/773 2904/329/776
f  2905/330/777 2906/331/777 2907/332/778
f  2908/331/777 2909/330/777 2910/333/779
f  2911/661/780 2912/662/781 2913/663/782
f  2914/662/781 2915/661/780 2916/664/783
f  2917/665/784 2918/664/783 2919/661/780
f  2920/664/783 2921/665/784 2922/666/785
f  2923/667/786 2924/666/785 2925/665/784
f  2926/666/785 2927/667/786 2928/668/787
f  2929/667/786 2930/669/788 2931/668/787
f  2932/670/789 2933/671/789 2934/672/789
f  2935/671/789 2936/670/789 2937/673/789
f  2938/664/790 2939/663/791 2940/662/792
f  2941/663/791 2942/664/790 2943/661/793
f  2944/664/790 2945/665/794 2946/661/793
f  2947/665/794 2948/664/790 2949/666/795
f  2950/666/795 2951/667/796 2952/665/794
f  2953/667/796 2954/666/795 2955/668/797
f  2956/669/798 2957/667/796 2958/668/797
f  2959/671/799 2960/670/799 2961/672/799
f  2962/670/799 2963/671/799 2964/673/799
f  2965/674/800 2966/675/801 2967/676/802
f  2968/675/801 2969/674/800 2970/677/803
f  2971/678/804 2972/675/801 2973/677/803
f  2974/679/805 2975/678/804 2976/677/803
f  2977/680/806 2978/678/804 2979/679/805
f  2980/681/807 2981/680/806 2982/679/805
f  2983/682/808 2984/681/807 2985/679/805
f  2986/683/809 2987/682/808 2988/679/805
f  2989/684/810 2990/677/803 2991/674/800
f  2992/677/803 2993/684/810 2994/683/809
f  2995/683/809 2996/679/805 2997/677/803
f  2998/632/811 2999/631/812 3000/633/813
f  3001/631/812 3002/632/811 3003/634/814
f  3004/635/815 3005/634/814 3006/632/811
f  3007/634/814 3008/635/815 3009/636/816
f  3010/637/817 3011/636/816 3012/635/815
f  3013/636/816 3014/637/817 3015/638/818
f  3016/637/817 3017/639/819 3018/638/818
f  3019/639/819 3020/637/817 3021/640/819
f  3022/426/820 3023/425/821 3024/427/822
f  3025/425/821 3026/426/820 3027/428/823
f  3028/428/823 3029/433/824 3030/425/821
f  3031/433/824 3032/428/823 3033/434/825
f  3034/440/826 3035/433/824 3036/434/825
f  3037/433/824 3038/440/826 3039/446/827
f  3040/446/827 3041/440/826 3042/447/828
f  3043/450/829 3044/446/827 3045/447/828
f  3046/426/820 3047/429/830 3048/428/823
f  3049/428/823 3050/429/830 3051/430/831
f  3052/428/823 3053/430/831 3054/435/832
f  3055/435/832 3056/434/825 3057/428/823
f  3058/434/825 3059/435/832 3060/442/833
f  3061/441/834 3062/434/825 3063/442/833
f  3064/434/825 3065/441/834 3066/440/826
f  3067/440/826 3068/441/834 3069/447/828
f  3070/447/828 3071/441/834 3072/448/835
f  3073/447/828 3074/448/835 3075/451/836
f  3076/451/836 3077/450/829 3078/447/828
f  3079/456/837 3080/450/829 3081/451/836
f  3082/429/830 3083/431/838 3084/430/831
f  3085/430/831 3086/431/838 3087/432/839
f  3088/430/831 3089/432/839 3090/437/840
f  3091/436/841 3092/430/831 3093/437/840
f  3094/430/831 3095/436/841 3096/435/832
f  3097/443/842 3098/435/832 3099/436/841
f  3100/435/832 3101/443/842 3102/442/833
f  3103/443/842 3104/441/834 3105/442/833
f  3106/441/834 3107/443/842 3108/449/843
f  3109/441/834 3110/449/843 3111/448/835
f  3112/448/835 3113/449/843 3114/453/844
f  3115/448/835 3116/453/844 3117/452/845
f  3118/451/836 3119/448/835 3120/452/845
f  3121/456/837 3122/451/836 3123/452/845
f  3124/457/846 3125/456/837 3126/452/845
f  3127/432/839 3128/438/847 3129/437/840
f  3130/438/847 3131/445/848 3132/437/840
f  3133/445/848 3134/436/841 3135/437/840
f  3136/436/841 3137/445/848 3138/444/849
f  3139/444/849 3140/443/842 3141/436/841
f  3142/443/842 3143/444/849 3144/455/850
f  3145/454/851 3146/443/842 3147/455/850
f  3148/443/842 3149/454/851 3150/449/843
f  3151/449/843 3152/454/851 3153/453/844
f  3154/439/852 3155/438/847 3156/432/839
f  3157/439/852 3158/499/853 3159/438/847
f  3160/499/853 3161/498/854 3162/438/847
f  3163/498/854 3164/491/855 3165/438/847
f  3166/445/848 3167/438/847 3168/491/855
f  3169/491/855 3170/485/856 3171/445/848
f  3172/485/856 3173/444/849 3174/445/848
f  3175/444/849 3176/485/856 3177/486/857
f  3178/463/858 3179/444/849 3180/486/857
f  3181/444/849 3182/463/858 3183/455/850
f  3184/510/859 3185/499/853 3186/439/852
f  3187/509/860 3188/499/853 3189/510/859
f  3190/499/853 3191/509/860 3192/508/861
f  3193/508/861 3194/498/854 3195/499/853
f  3196/498/854 3197/508/861 3198/507/862
f  3199/505/863 3200/498/854 3201/507/862
f  3202/498/854 3203/505/863 3204/497/864
f  3205/491/855 3206/498/854 3207/497/864
f  3208/497/864 3209/490/865 3210/491/855
f  3211/485/856 3212/491/855 3213/490/865
f  3214/490/865 3215/484/866 3216/485/856
f  3217/479/867 3218/485/856 3219/484/866
f  3220/485/856 3221/479/867 3222/486/857
f  3223/479/867 3224/463/858 3225/486/857
f  3226/463/858 3227/479/867 3228/471/868
f  3229/471/868 3230/462/869 3231/463/858
f  3232/462/869 3233/455/850 3234/463/858
f  3235/505/863 3236/496/870 3237/497/864
f  3238/490/865 3239/497/864 3240/496/870
f  3241/496/870 3242/489/871 3243/490/865
f  3244/484/866 3245/490/865 3246/489/871
f  3247/489/871 3248/488/872 3249/484/866
f  3250/483/873 3251/484/866 3252/488/872
f  3253/484/866 3254/483/873 3255/479/867
f  3256/478/874 3257/479/867 3258/483/873
f  3259/479/867 3260/478/874 3261/471/868
f  3262/478/874 3263/470/875 3264/471/868
f  3265/462/869 3266/471/868 3267/470/875
f  3268/496/870 3269/505/863 3270/504/876
f  3271/504/876 3272/495/877 3273/496/870
f  3274/489/871 3275/496/870 3276/495/877
f  3277/495/877 3278/494/878 3279/489/871
f  3280/488/872 3281/489/871 3282/494/878
f  3283/493/879 3284/488/872 3285/494/878
f  3286/488/872 3287/493/879 3288/492/880
f  3289/487/881 3290/488/872 3291/492/880
f  3292/488/872 3293/487/881 3294/483/873
f  3295/482/882 3296/483/873 3297/487/881
f  3298/483/873 3299/482/882 3300/478/874
f  3301/495/877 3302/504/876 3303/503/883
f  3304/503/883 3305/502/884 3306/495/877
f  3307/502/884 3308/501/885 3309/495/877
f  3310/494/878 3311/495/877 3312/501/885
f  3313/500/886 3314/494/878 3315/501/885
f  3316/494/878 3317/500/886 3318/493/879
f  3319/501/885 3320/502/884 3321/506/887
f  3322/501/885 3323/506/887 3324/500/886
f  3325/455/850 3326/462/869 3327/454/851
f  3328/454/851 3329/462/869 3330/461/888
f  3331/453/844 3332/454/851 3333/461/888
f  3334/460/889 3335/453/844 3336/461/888
f  3337/453/844 3338/460/889 3339/459/890
f  3340/453/844 3341/459/890 3342/452/845
f  3343/459/890 3344/458/891 3345/452/845
f  3346/452/845 3347/458/891 3348/457/846
f  3349/470/875 3350/461/888 3351/462/869
f  3352/461/888 3353/470/875 3354/469/892
f  3355/460/889 3356/461/888 3357/469/892
f  3358/468/893 3359/460/889 3360/469/892
f  3361/460/889 3362/468/893 3363/467/894
f  3364/460/889 3365/467/894 3366/466/895
f  3367/466/895 3368/459/890 3369/460/889
f  3370/459/890 3371/466/895 3372/458/891
f  3373/466/895 3374/465/896 3375/458/891
f  3376/458/891 3377/465/896 3378/464/897
f  3379/464/897 3380/457/846 3381/458/891
f  3382/477/898 3383/469/892 3384/470/875
f  3385/469/892 3386/477/898 3387/476/899
f  3388/468/893 3389/469/892 3390/476/899
f  3391/475/900 3392/468/893 3393/476/899
f  3394/467/894 3395/468/893 3396/475/900
f  3397/474/901 3398/467/894 3399/475/900
f  3400/467/894 3401/474/901 3402/473/902
f  3403/473/902 3404/466/895 3405/467/894
f  3406/466/895 3407/473/902 3408/472/903
f  3409/465/896 3410/466/895 3411/472/903
f  3412/470/875 3413/478/874 3414/477/898
f  3415/482/882 3416/477/898 3417/478/874
f  3418/477/898 3419/482/882 3420/481/904
f  3421/481/904 3422/476/899 3423/477/898
f  3424/476/899 3425/481/904 3426/480/905
f  3427/476/899 3428/480/905 3429/475/900
f  3430/475/900 3431/480/905 3432/474/901
f  3433/675/906 3434/674/907 3435/676/908
f  3436/674/907 3437/675/906 3438/677/909
f  3439/677/909 3440/684/910 3441/674/907
f  3442/684/910 3443/677/909 3444/683/911
f  3445/679/912 3446/683/911 3447/677/909
f  3448/682/913 3449/683/911 3450/679/912
f  3451/681/914 3452/682/913 3453/679/912
f  3454/680/915 3455/681/914 3456/679/912
f  3457/675/906 3458/678/916 3459/677/909
f  3460/678/916 3461/679/912 3462/677/909
f  3463/678/916 3464/680/915 3465/679/912
f  3466/685/127 3467/686/127 3468/687/127
f  3469/687/127 3470/686/127 3471/688/127
f  3472/687/127 3473/688/127 3474/689/127
f  3475/690/127 3476/691/127 3477/692/127
f  3478/693/127 3479/690/127 3480/692/127
f  3481/690/127 3482/693/127 3483/694/127
f  3484/695/127 3485/694/127 3486/693/127
f  3487/694/127 3488/695/127 3489/696/127
f  3490/697/127 3491/696/127 3492/695/127
f  3493/698/917 3494/699/918 3495/700/919
f  3496/701/920 3497/699/918 3498/698/917
f  3499/699/918 3500/701/920 3501/702/921
f  3502/703/922 3503/702/921 3504/701/920
f  3505/702/921 3506/703/922 3507/704/923
f  3508/703/922 3509/705/924 3510/704/923
f  3511/705/924 3512/703/922 3513/706/925
f  3514/706/925 3515/707/926 3516/705/924
f  3517/707/926 3518/706/925 3519/708/927
f  3520/709/928 3521/707/926 3522/708/927
f  3523/707/926 3524/709/928 3525/710/929
f  3526/710/929 3527/709/928 3528/711/930
f  3529/712/931 3530/713/932 3531/714/933
f  3532/714/933 3533/715/934 3534/712/931
f  3535/714/933 3536/716/935 3537/715/934
f  3538/717/936 3539/716/935 3540/714/933
f  3541/716/935 3542/717/936 3543/718/937
f  3544/719/938 3545/718/937 3546/717/936
f  3547/718/937 3548/719/938 3549/720/939
f  3550/721/940 3551/720/939 3552/719/938
f  3553/720/939 3554/721/940 3555/722/941
f  3556/722/941 3557/721/940 3558/723/942
f  3559/724/943 3560/725/944 3561/726/945
f  3562/725/944 3563/727/946 3564/726/945
f  3565/727/946 3566/725/944 3567/728/947
f  3568/728/947 3569/729/948 3570/727/946
f  3571/729/948 3572/730/949 3573/727/946
f  3574/731/950 3575/730/949 3576/729/948
f  3577/732/951 3578/730/949 3579/731/950
f  3580/181/174 3581/179/174 3582/733/174
f  3583/733/174 3584/734/174 3585/181/174
f  3586/734/174 3587/733/174 3588/735/174
f  3589/736/174 3590/734/174 3591/735/174
f  3592/734/174 3593/736/174 3594/737/174
f  3595/737/174 3596/736/174 3597/738/174
f  3598/199/174 3599/197/174 3600/739/174
f  3601/739/174 3602/740/174 3603/199/174
f  3604/740/174 3605/739/174 3606/741/174
f  3607/742/174 3608/740/174 3609/741/174
f  3610/740/174 3611/742/174 3612/743/174
f  3613/743/174 3614/742/174 3615/744/174
f  3616/745/174 3617/746/174 3618/747/174
f  3619/748/174 3620/746/174 3621/745/174
f  3622/746/174 3623/748/174 3624/749/174
f  3625/748/174 3626/750/174 3627/749/174
f  3628/750/174 3629/748/174 3630/159/174
f  3631/159/174 3632/161/174 3633/750/174
f  3634/751/174 3635/752/174 3636/753/174
f  3637/754/174 3638/753/174 3639/752/174
f  3640/753/174 3641/754/174 3642/755/174
f  3643/756/174 3644/755/174 3645/754/174
f  3646/755/174 3647/756/174 3648/757/174
f  3649/756/174 3650/758/174 3651/757/174
f  3652/758/174 3653/756/174 3654/759/174
f  3655/759/174 3656/760/174 3657/758/174
f  3658/760/174 3659/759/174 3660/761/174
f  3661/761/174 3662/762/174 3663/760/174
f  3664/763/174 3665/764/174 3666/765/174
f  3667/766/174 3668/765/174 3669/764/174
f  3670/765/174 3671/766/174 3672/767/174
f  3673/766/174 3674/768/174 3675/767/174
f  3676/768/174 3677/766/174 3678/769/174
f  3679/769/174 3680/770/174 3681/768/174
f  3682/770/174 3683/769/174 3684/771/174
f  3685/771/174 3686/772/174 3687/770/174
f  3688/773/174 3689/774/174 3690/775/174
f  3691/775/174 3692/776/174 3693/773/174
f  3694/776/174 3695/775/174 3696/777/174
f  3697/777/174 3698/778/174 3699/776/174
f  3700/778/174 3701/777/174 3702/779/174
f  3703/780/174 3704/778/174 3705/779/174
f  3706/778/174 3707/780/174 3708/781/174
f  3709/780/174 3710/782/174 3711/781/174
f  3712/783/322 3713/784/322 3714/785/322
f  3715/783/322 3716/785/322 3717/786/322
f  3718/787/322 3719/783/322 3720/786/322
f  3721/783/322 3722/787/322 3723/788/322
f  3724/789/322 3725/788/322 3726/787/322
f  3727/788/322 3728/789/322 3729/790/322
f  3730/790/322 3731/789/322 3732/791/322
f  3733/785/322 3734/792/322 3735/786/322
f  3736/793/180 3737/794/180 3738/795/180
f  3739/793/180 3740/795/180 3741/796/180
f  3742/793/180 3743/796/180 3744/797/180
f  3745/796/180 3746/798/180 3747/797/180
f  3748/799/180 3749/798/180 3750/796/180
f  3751/800/127 3752/801/127 3753/802/127
f  3754/800/127 3755/802/127 3756/803/127
f  3757/803/127 3758/802/127 3759/804/127
f  3760/804/127 3761/805/127 3762/803/127
f  3763/805/127 3764/806/127 3765/803/127
f  3766/699/952 3767/698/953 3768/700/954
f  3769/699/952 3770/701/955 3771/698/953
f  3772/701/955 3773/699/952 3774/702/956
f  3775/702/956 3776/703/957 3777/701/955
f  3778/703/957 3779/702/956 3780/704/958
f  3781/705/959 3782/703/957 3783/704/958
f  3784/703/957 3785/705/959 3786/706/960
f  3787/707/961 3788/706/960 3789/705/959
f  3790/706/960 3791/707/961 3792/708/962
f  3793/707/961 3794/709/963 3795/708/962
f  3796/709/963 3797/707/961 3798/710/964
f  3799/709/963 3800/710/964 3801/711/965
f  3802/713/966 3803/712/967 3804/714/968
f  3805/715/969 3806/714/968 3807/712/967
f  3808/716/970 3809/714/968 3810/715/969
f  3811/716/970 3812/717/971 3813/714/968
f  3814/717/971 3815/716/970 3816/718/972
f  3817/718/972 3818/719/973 3819/717/971
f  3820/719/973 3821/718/972 3822/720/974
f  3823/720/974 3824/721/975 3825/719/973
f  3826/721/975 3827/720/974 3828/722/976
f  3829/721/975 3830/722/976 3831/723/977
f  3832/725/978 3833/724/979 3834/726/980
f  3835/727/981 3836/725/978 3837/726/980
f  3838/725/978 3839/727/981 3840/728/982
f  3841/729/983 3842/728/982 3843/727/981
f  3844/730/984 3845/729/983 3846/727/981
f  3847/730/984 3848/731/985 3849/729/983
f  3850/730/984 3851/732/986 3852/731/985
f  3853/691/180 3854/690/180 3855/692/180
f  3856/694/180 3857/692/180 3858/690/180
f  3859/692/180 3860/694/180 3861/693/180
f  3862/694/180 3863/695/180 3864/693/180
f  3865/695/180 3866/694/180 3867/696/180
f  3868/696/180 3869/697/180 3870/695/180
f  3871/686/180 3872/685/180 3873/687/180
f  3874/686/180 3875/687/180 3876/688/180
f  3877/688/180 3878/687/180 3879/689/180
f  3880/807/987 3881/808/988 3882/809/989
f  3883/808/988 3884/807/987 3885/810/990
f  3886/810/990 3887/811/991 3888/808/988
f  3889/811/991 3890/812/992 3891/808/988
f  3892/808/988 3893/812/992 3894/809/989
f  3895/813/993 3896/810/990 3897/807/987
f  3898/810/990 3899/813/993 3900/814/994
f  3901/814/994 3902/815/995 3903/810/990
f  3904/811/991 3905/810/990 3906/815/995
f  3907/815/995 3908/816/996 3909/811/991
f  3910/816/996 3911/815/995 3912/817/997
f  3913/815/995 3914/814/994 3915/817/997
f  3916/808/998 3917/807/999 3918/809/1000
f  3919/807/999 3920/808/998 3921/810/1001
f  3922/810/1001 3923/813/1002 3924/807/999
f  3925/813/1002 3926/810/1001 3927/814/1003
f  3928/815/1004 3929/814/1003 3930/810/1001
f  3931/814/1003 3932/815/1004 3933/817/1005
f  3934/815/1004 3935/816/1006 3936/817/1005
f  3937/812/1007 3938/808/998 3939/809/1000
f  3940/812/1007 3941/811/1008 3942/808/998
f  3943/811/1008 3944/810/1001 3945/808/998
f  3946/810/1001 3947/811/1008 3948/815/1004
f  3949/816/1006 3950/815/1004 3951/811/1008
f  3952/818/1009 3953/819/1010 3954/820/1011
f  3955/819/1010 3956/818/1009 3957/821/1012
f  3958/821/1012 3959/822/1013 3960/819/1010
f  3961/822/1013 3962/821/1012 3963/823/1014
f  3964/821/1012 3965/824/1015 3966/823/1014
f  3967/824/1015 3968/821/1012 3969/825/1016
f  3970/825/1016 3971/826/1017 3972/824/1015
f  3973/820/1011 3974/827/1018 3975/818/1009
f  3976/827/1018 3977/828/1019 3978/818/1009
f  3979/825/1016 3980/818/1009 3981/828/1019
f  3982/818/1009 3983/825/1016 3984/821/1012
f  3985/828/1019 3986/827/1018 3987/829/1020
f  3988/829/1020 3989/830/1021 3990/828/1019
f  3991/831/1022 3992/828/1019 3993/830/1021
f  3994/828/1019 3995/831/1022 3996/825/1016
f  3997/826/1017 3998/825/1016 3999/831/1022
f  4000/832/1023 4001/826/1017 4002/831/1022
f  4003/826/1017 4004/832/1023 4005/833/1024
f  4006/834/1025 4007/833/1024 4008/832/1023
f  4009/833/1024 4010/834/1025 4011/835/1026
f  4012/827/1018 4013/836/1027 4014/829/1020
f  4015/829/1020 4016/836/1027 4017/837/1028
f  4018/830/1021 4019/829/1020 4020/837/1028
f  4021/837/1028 4022/838/1029 4023/830/1021
f  4024/832/1023 4025/830/1021 4026/838/1029
f  4027/830/1021 4028/832/1023 4029/831/1022
f  4030/837/1028 4031/836/1027 4032/839/1030
f  4033/838/1029 4034/837/1028 4035/839/1030
f  4036/839/1030 4037/840/1031 4038/838/1029
f  4039/834/1025 4040/838/1029 4041/840/1031
f  4042/838/1029 4043/834/1025 4044/832/1023
f  4045/836/1027 4046/841/1032 4047/839/1030
f  4048/840/1031 4049/839/1030 4050/841/1032
f  4051/841/1032 4052/842/1033 4053/840/1031
f  4054/843/1034 4055/840/1031 4056/842/1033
f  4057/840/1031 4058/843/1034 4059/834/1025
f  4060/844/1035 4061/834/1025 4062/843/1034
f  4063/834/1025 4064/844/1035 4065/835/1026
f  4066/836/1027 4067/845/1036 4068/841/1032
f  4069/842/1033 4070/841/1032 4071/845/1036
f  4072/846/1037 4073/847/1038 4074/848/1039
f  4075/847/1038 4076/846/1037 4077/849/1040
f  4078/849/1040 4079/850/1041 4080/847/1038
f  4081/850/1041 4082/849/1040 4083/851/1042
f  4084/851/1042 4085/852/1043 4086/850/1041
f  4087/852/1043 4088/851/1042 4089/853/1044
f  4090/853/1044 4091/854/1045 4092/852/1043
f  4093/855/1046 4094/846/1037 4095/848/1039
f  4096/846/1037 4097/855/1046 4098/856/1047
f  4099/857/1048 4100/846/1037 4101/856/1047
f  4102/846/1037 4103/857/1048 4104/858/1049
f  4105/859/1050 4106/846/1037 4107/858/1049
f  4108/846/1037 4109/859/1050 4110/849/1040
f  4111/860/1051 4112/849/1040 4113/859/1050
f  4114/849/1040 4115/860/1051 4116/851/1042
f  4117/861/1052 4118/856/1047 4119/855/1046
f  4120/856/1047 4121/861/1052 4122/862/1053
f  4123/863/1054 4124/856/1047 4125/862/1053
f  4126/856/1047 4127/863/1054 4128/857/1048
f  4129/864/1055 4130/851/1042 4131/860/1051
f  4132/851/1042 4133/864/1055 4134/853/1044
f  4135/865/1056 4136/853/1044 4137/864/1055
f  4138/853/1044 4139/865/1056 4140/866/1057
f  4141/854/1045 4142/853/1044 4143/866/1057
f  4144/867/1058 4145/868/1059 4146/869/1060
f  4147/868/1059 4148/867/1058 4149/870/1061
f  4150/870/1061 4151/828/1062 4152/868/1059
f  4153/828/1062 4154/871/1063 4155/868/1059
f  4156/871/1063 4157/869/1060 4158/868/1059
f  4159/822/1064 4160/870/1061 4161/867/1058
f  4162/870/1061 4163/822/1064 4164/872/1065
f  4165/824/1066 4166/870/1061 4167/872/1065
f  4168/870/1061 4169/824/1066 4170/873/1067
f  4171/828/1062 4172/870/1061 4173/873/1067
f  4174/873/1067 4175/830/1068 4176/828/1062
f  4177/874/1069 4178/828/1062 4179/830/1068
f  4180/828/1062 4181/874/1069 4182/875/1070
f  4183/871/1063 4184/828/1062 4185/875/1070
f  4186/876/1071 4187/871/1063 4188/875/1070
f  4189/826/1072 4190/873/1067 4191/824/1066
f  4192/873/1067 4193/826/1072 4194/831/1073
f  4195/830/1068 4196/873/1067 4197/831/1073
f  4198/831/1073 4199/877/1074 4200/830/1068
f  4201/878/1075 4202/830/1068 4203/877/1074
f  4204/830/1068 4205/878/1075 4206/874/1069
f  4207/876/1071 4208/874/1069 4209/878/1075
f  4210/876/1071 4211/875/1070 4212/874/1069
f  4213/826/1072 4214/832/1076 4215/831/1073
f  4216/877/1074 4217/831/1073 4218/832/1076
f  4219/832/1076 4220/840/1077 4221/877/1074
f  4222/879/1078 4223/877/1074 4224/840/1077
f  4225/877/1074 4226/879/1078 4227/878/1075
f  4228/879/1078 4229/876/1071 4230/878/1075
f  4231/880/1079 4232/876/1071 4233/879/1078
f  4234/879/1078 4235/842/1080 4236/880/1079
f  4237/842/1080 4238/879/1078 4239/840/1077
f  4240/840/1077 4241/881/1081 4242/842/1080
f  4243/832/1076 4244/826/1072 4245/882/1082
f  4246/882/1082 4247/883/1083 4248/832/1076
f  4249/840/1077 4250/832/1076 4251/883/1083
f  4252/881/1081 4253/840/1077 4254/883/1083
f  4255/883/1083 4256/844/1084 4257/881/1081
f  4258/844/1084 4259/883/1083 4260/884/1085
f  4261/883/1083 4262/882/1082 4263/884/1085
f  4264/847/1086 4265/846/1087 4266/848/1088
f  4267/846/1087 4268/847/1086 4269/849/1089
f  4270/859/1090 4271/846/1087 4272/849/1089
f  4273/846/1087 4274/859/1090 4275/885/1091
f  4276/857/1092 4277/846/1087 4278/885/1091
f  4279/846/1087 4280/857/1092 4281/856/1093
f  4282/886/1094 4283/846/1087 4284/856/1093
f  4285/846/1087 4286/886/1094 4287/848/1088
f  4288/850/1095 4289/849/1089 4290/847/1086
f  4291/849/1089 4292/850/1095 4293/887/1096
f  4294/860/1097 4295/849/1089 4296/887/1096
f  4297/849/1089 4298/860/1097 4299/859/1090
f  4300/852/1098 4301/887/1096 4302/850/1095
f  4303/887/1096 4304/852/1098 4305/888/1099
f  4306/889/1100 4307/887/1096 4308/888/1099
f  4309/887/1096 4310/889/1100 4311/860/1097
f  4312/890/1101 4313/888/1099 4314/852/1098
f  4315/888/1099 4316/890/1101 4317/866/1102
f  4318/865/1103 4319/888/1099 4320/866/1102
f  4321/888/1099 4322/865/1103 4323/889/1100
f  4324/856/1093 4325/861/1104 4326/886/1094
f  4327/861/1104 4328/856/1093 4329/862/1105
f  4330/856/1093 4331/863/1106 4332/862/1105
f  4333/863/1106 4334/856/1093 4335/857/1092
f  4336/891/1107 4337/892/1108 4338/893/1109
f  4339/892/1108 4340/891/1107 4341/894/1110
f  4342/895/1111 4343/892/1108 4344/894/1110
f  4345/892/1108 4346/895/1111 4347/896/1112
f  4348/897/1113 4349/892/1108 4350/896/1112
f  4351/892/1108 4352/897/1113 4353/898/1114
f  4354/898/1114 4355/893/1109 4356/892/1108
f  4357/893/1109 4358/898/1114 4359/899/1115
f  4360/900/1116 4361/894/1110 4362/891/1107
f  4363/894/1110 4364/900/1116 4365/901/1117
f  4366/901/1117 4367/895/1111 4368/894/1110
f  4369/895/1111 4370/901/1117 4371/902/1118
f  4372/902/1118 4373/903/1119 4374/895/1111
f  4375/903/1119 4376/904/1120 4377/895/1111
f  4378/904/1120 4379/896/1112 4380/895/1111
f  4381/896/1112 4382/904/1120 4383/897/1113
f  4384/905/1121 4385/901/1117 4386/900/1116
f  4387/901/1117 4388/905/1121 4389/906/1122
f  4390/907/1123 4391/901/1117 4392/906/1122
f  4393/901/1117 4394/907/1123 4395/902/1118
f  4396/903/1119 4397/902/1118 4398/907/1123
f  4399/908/1124 4400/903/1119 4401/907/1123
f  4402/909/174 4403/903/1119 4404/908/1124
f  4405/909/174 4406/904/1120 4407/903/1119
f  4408/909/174 4409/910/1125 4410/904/1120
f  4411/897/1113 4412/904/1120 4413/910/1125
f  4414/911/1126 4415/906/1122 4416/905/1121
f  4417/906/1122 4418/911/1126 4419/912/1127
f  4420/912/1127 4421/907/1123 4422/906/1122
f  4423/907/1123 4424/912/1127 4425/913/1128
f  4426/913/1128 4427/908/1124 4428/907/1123
f  4429/908/1124 4430/913/1128 4431/914/1129
f  4432/910/1125 4433/908/1124 4434/914/1129
f  4435/909/174 4436/908/1124 4437/910/1125
f  4438/915/1130 4439/912/1127 4440/911/1126
f  4441/912/1127 4442/915/1130 4443/916/1131
f  4444/914/1129 4445/912/1127 4446/916/1131
f  4447/912/1127 4448/914/1129 4449/913/1128
f  4450/917/1132 4451/916/1131 4452/915/1130
f  4453/916/1131 4454/917/1132 4455/918/1133
f  4456/918/1133 4457/914/1129 4458/916/1131
f  4459/914/1129 4460/918/1133 4461/919/1134
f  4462/919/1134 4463/910/1125 4464/914/1129
f  4465/897/1113 4466/910/1125 4467/919/1134
f  4468/918/1133 4469/897/1113 4470/919/1134
f  4471/897/1113 4472/918/1133 4473/898/1114
f  4474/918/1133 4475/899/1115 4476/898/1114
f  4477/899/1115 4478/918/1133 4479/917/1132
f  4480/920/1135 4481/921/1136 4482/922/1137
f  4483/920/1135 4484/923/1138 4485/921/1136
f  4486/923/1138 4487/924/1139 4488/921/1136
f  4489/923/1138 4490/925/1140 4491/924/1139
f  4492/923/1138 4493/926/1141 4494/925/1140
f  4495/926/1141 4496/927/1142 4497/925/1140
f  4498/926/1141 4499/928/1143 4500/927/1142
f  4501/920/1135 4502/922/1137 4503/929/1144
f  4504/930/1145 4505/920/1135 4506/929/1144
f  4507/923/1138 4508/920/1135 4509/930/1145
f  4510/923/1138 4511/930/1145 4512/926/1141
f  4513/926/1141 4514/930/1145 4515/928/1143
f  4516/930/1145 4517/931/1146 4518/928/1143
f  4519/930/1145 4520/929/1144 4521/931/1146

