# File produced by Open Asset Import Library (http://www.assimp.sf.net)
# (assimp v6.0.0)

mtllib Behemoth.mtl

# 10236 vertex positions
v 138.917603 19.5561447 -534.829224
v 16.105114 19.5561447 -603.66687
v 90.8785629 19.5561447 -488.630676
v 16.105114 19.5561447 -603.66687
v 138.917603 19.5561447 -534.829224
v 71.9436569 19.5561447 -643.423401
v 210.527679 -0.494641066 -603.678345
v 71.9436569 19.5561447 -643.423401
v 138.917603 19.5561447 -534.829224
v 71.9436569 19.5561447 -643.423401
v 210.527679 -0.494641066 -603.678345
v 151.847778 -0.586676478 -700.297302
v 184.771088 -4.32536888 -681.281799
v 151.847778 -0.586676478 -700.297302
v 210.527679 -0.494641066 -603.678345
v 71.9436569 -54.8146973 -643.423401
v 16.105114 -69.0216293 -603.666992
v 16.105114 -53.698822 -603.66687
v 16.105114 -69.0216293 -603.666992
v 71.9436569 -54.8146973 -643.423401
v 71.9436569 -70.0454788 -643.423401
v 71.9436569 -54.8146973 -643.423401
v 151.686737 -50.8114548 -700.193787
v 71.9436569 -70.0454788 -643.423401
v 151.686737 -50.8114548 -700.193787
v 71.9436569 -54.8146973 -643.423401
v 151.847687 -0.586676478 -700.297302
v 151.847687 -0.586676478 -700.297302
v 185.208252 -47.1073265 -681.557922
v 151.686737 -50.8114548 -700.193787
v 185.208252 -47.1073265 -681.557922
v 151.847687 -0.586676478 -700.297302
v 184.771088 -4.32536888 -681.281799
v 210.527679 -0.494641066 -603.678345
v 185.208252 -47.1073265 -681.557922
v 184.771088 -4.32536888 -681.281799
v 185.208252 -47.1073265 -681.557922
v 210.527679 -0.494641066 -603.678345
v 210.435654 -51.2946434 -603.62085
v 210.527679 -0.494641066 -603.678345
v 138.917603 -70.3561401 -534.829224
v 210.435654 -51.2946434 -603.62085
v 138.917603 -70.3561401 -534.829224
v 210.527679 -0.494641066 -603.678345
v 138.917603 19.5561447 -534.829224
v 138.917603 19.5561447 -534.829224
v 90.8784637 -69.0217285 -488.630768
v 138.917603 -70.3561401 -534.829224
v 90.8784637 -69.0217285 -488.630768
v 138.917603 19.5561447 -534.829224
v 90.8784637 19.5561447 -488.630768
v 16.105114 -69.0216293 -603.666992
v 138.917603 -70.3561401 -534.829224
v 90.8784637 -69.0217285 -488.630768
v 138.917603 -70.3561401 -534.829224
v 16.105114 -69.0216293 -603.666992
v 71.9436569 -70.0454788 -643.423401
v 71.9436569 -70.0454788 -643.423401
v 210.435654 -51.2946434 -603.62085
v 138.917603 -70.3561401 -534.829224
v 210.435654 -51.2946434 -603.62085
v 71.9436569 -70.0454788 -643.423401
v 151.686737 -50.8114548 -700.193787
v 185.208252 -47.1073265 -681.557922
v 210.435654 -51.2946434 -603.62085
v 151.686737 -50.8114548 -700.193787
v 168.562683 33.9839821 -72.8268814
v 105.931396 33.9839821 -198.917572
v 102.840805 33.9839821 -61.7504387
v 105.931396 33.9839821 -198.917572
v 168.562683 33.9839821 -72.8268814
v 174.463715 33.9839821 -200.276398
v 266.522156 13.9331961 -89.3239365
v 174.463715 33.9839821 -200.276398
v 168.562683 33.9839821 -72.8268814
v 174.463715 33.9839821 -200.276398
v 266.522156 13.9331961 -89.3239365
v 272.522736 13.8411608 -202.206879
v 288.996155 10.1024675 -167.94075
v 272.522736 13.8411608 -202.206879
v 266.522156 13.9331961 -89.3239365
v 174.463608 -40.3868637 -200.276489
v 105.931396 -54.5938988 -198.917694
v 105.931396 -39.2710838 -198.917694
v 105.931396 -54.5938988 -198.917694
v 174.463608 -40.3868637 -200.276489
v 174.463608 -55.6176414 -200.276489
v 174.463608 -40.3868637 -200.276489
v 272.331329 -36.3836174 -202.212204
v 174.463608 -55.6176414 -200.276489
v 272.331329 -36.3836174 -202.212204
v 174.463608 -40.3868637 -200.276489
v 272.522736 13.8411608 -202.206879
v 272.522736 13.8411608 -202.206879
v 289.512848 -32.6794891 -167.922394
v 272.331329 -36.3836174 -202.212204
v 289.512848 -32.6794891 -167.922394
v 272.522736 13.8411608 -202.206879
v 288.996155 10.1024675 -167.94075
v 266.522064 13.9331961 -89.3239365
v 289.512848 -32.6794891 -167.922394
v 288.996155 10.1024675 -167.94075
v 289.512848 -32.6794891 -167.922394
v 266.522064 13.9331961 -89.3239365
v 266.413605 -36.866806 -89.3282852
v 266.522064 13.9331961 -89.3239365
v 168.562683 -55.9283104 -72.8268814
v 266.413605 -36.866806 -89.3282852
v 168.562683 -55.9283104 -72.8268814
v 266.522064 13.9331961 -89.3239365
v 168.562683 33.9839821 -72.8268814
v 168.562683 33.9839821 -72.8268814
v 102.840805 -54.5938988 -61.7504387
v 168.562683 -55.9283104 -72.8268814
v 102.840805 -54.5938988 -61.7504387
v 168.562683 33.9839821 -72.8268814
v 102.840805 33.9839821 -61.7505379
v 105.931396 -54.5938988 -198.917694
v 168.562683 -55.9283104 -72.8268814
v 102.840805 -54.5938988 -61.7504387
v 168.562683 -55.9283104 -72.8268814
v 105.931396 -54.5938988 -198.917694
v 174.463608 -55.6176414 -200.276489
v 174.463608 -55.6176414 -200.276489
v 266.413605 -36.866806 -89.3282852
v 168.562683 -55.9283104 -72.8268814
v 266.413605 -36.866806 -89.3282852
v 174.463608 -55.6176414 -200.276489
v 272.331329 -36.3836174 -202.212204
v 289.512848 -32.6794891 -167.922394
v 266.413605 -36.866806 -89.3282852
v 272.331329 -36.3836174 -202.212204
v 155.689575 23.4528389 196.487335
v 141.327316 21.4386253 56.4473419
v 90.3460083 20.0246162 183.818039
v 141.327316 21.4386253 56.4473419
v 155.689575 23.4528389 196.487335
v 205.892044 24.9200726 79.2024078
v 254.095795 8.53835964 215.566818
v 205.892044 24.9200726 79.2024078
v 155.689575 23.4528389 196.487335
v 205.892044 24.9200726 79.2024078
v 254.095795 8.53835964 215.566818
v 299.288849 9.78518295 111.959114
v 302.869629 6.57115173 149.858459
v 299.288849 9.78518295 111.959114
v 254.095795 8.53835964 215.566818
v 209.656509 -49.3523178 79.8845749
v 145.810883 -67.0219345 57.259861
v 145.035187 -51.7194633 57.1192398
v 145.810883 -67.0219345 57.259861
v 209.656509 -49.3523178 79.8845749
v 210.42746 -64.5629501 80.0243149
v 209.656509 -49.3523178 79.8845749
v 301.653992 -40.3828125 112.34771
v 210.42746 -64.5629501 80.0243149
v 301.653992 -40.3828125 112.34771
v 209.656509 -49.3523178 79.8845749
v 299.288849 9.78518295 111.959114
v 299.288849 9.78518295 111.959114
v 305.511902 -36.1281509 150.449188
v 301.653992 -40.3828125 112.34771
v 305.511902 -36.1281509 150.449188
v 299.288849 9.78518295 111.959114
v 302.869629 6.57115173 149.858459
v 254.095795 8.53835964 215.566818
v 305.511902 -36.1281509 150.449188
v 302.869629 6.57115173 149.858459
v 305.511902 -36.1281509 150.449188
v 254.095795 8.53835964 215.566818
v 256.5672 -42.1997223 215.990845
v 254.095795 8.53835964 215.566818
v 160.240692 -66.3403625 197.312103
v 256.5672 -42.1997223 215.990845
v 160.240692 -66.3403625 197.312103
v 254.095795 8.53835964 215.566818
v 155.689575 23.4528389 196.487335
v 155.689575 23.4528389 196.487335
v 94.8295746 -68.4359436 184.630569
v 160.240692 -66.3403625 197.312103
v 94.8295746 -68.4359436 184.630569
v 155.689575 23.4528389 196.487335
v 90.3460083 20.0246162 183.817856
v 145.810883 -67.0219345 57.259861
v 160.240692 -66.3403625 197.312103
v 94.8295746 -68.4359436 184.630569
v 160.240692 -66.3403625 197.312103
v 145.810883 -67.0219345 57.259861
v 210.42746 -64.5629501 80.0243149
v 210.42746 -64.5629501 80.0243149
v 256.5672 -42.1997223 215.990845
v 160.240692 -66.3403625 197.312103
v 256.5672 -42.1997223 215.990845
v 210.42746 -64.5629501 80.0243149
v 301.653992 -40.3828125 112.34771
v 305.511902 -36.1281509 150.449188
v 256.5672 -42.1997223 215.990845
v 301.653992 -40.3828125 112.34771
v 306.716949 31.6276989 253.109467
v 292.354584 29.6133881 113.069473
v 241.373383 28.199379 240.44017
v 292.354584 29.6133881 113.069473
v 306.716949 31.6276989 253.109467
v 356.919403 33.0948334 135.824539
v 405.123138 16.7132187 272.188934
v 356.919403 33.0948334 135.824539
v 306.716949 31.6276989 253.109467
v 356.919403 33.0948334 135.824539
v 405.123138 16.7132187 272.188934
v 450.316223 17.9599419 168.581253
v 453.897095 14.7459116 206.480698
v 450.316223 17.9599419 168.581253
v 405.123138 16.7132187 272.188934
v 360.683868 -41.1775589 136.506699
v 296.838257 -58.8471756 113.881989
v 296.062561 -43.5446053 113.741463
v 296.838257 -58.8471756 113.881989
v 360.683868 -41.1775589 136.506699
v 361.454834 -56.3881912 136.646439
v 360.683868 -41.1775589 136.506699
v 452.681396 -32.2079544 168.969833
v 361.454834 -56.3881912 136.646439
v 452.681396 -32.2079544 168.969833
v 360.683868 -41.1775589 136.506699
v 450.316223 17.9599419 168.581253
v 450.316223 17.9599419 168.581253
v 456.539246 -27.953392 207.071503
v 452.681396 -32.2079544 168.969833
v 456.539246 -27.953392 207.071503
v 450.316223 17.9599419 168.581253
v 453.897003 14.7459116 206.480698
v 405.123047 16.7132187 272.188934
v 456.539246 -27.953392 207.071503
v 453.897003 14.7459116 206.480698
v 456.539246 -27.953392 207.071503
v 405.123047 16.7132187 272.188934
v 407.594604 -34.0249634 272.612885
v 405.123047 16.7132187 272.188934
v 311.268066 -58.1655006 253.934433
v 407.594604 -34.0249634 272.612885
v 311.268066 -58.1655006 253.934433
v 405.123047 16.7132187 272.188934
v 306.716949 31.6276989 253.109467
v 306.716949 31.6276989 253.109467
v 245.856949 -60.2611847 241.252792
v 311.268066 -58.1655006 253.934433
v 245.856949 -60.2611847 241.252792
v 306.716949 31.6276989 253.109467
v 241.373383 28.199379 240.440079
v 296.838257 -58.8471756 113.881989
v 311.268066 -58.1655006 253.934433
v 245.856949 -60.2611847 241.252792
v 311.268066 -58.1655006 253.934433
v 296.838257 -58.8471756 113.881989
v 361.454834 -56.3881912 136.646439
v 361.454834 -56.3881912 136.646439
v 407.594604 -34.0249634 272.612885
v 311.268066 -58.1655006 253.934433
v 407.594604 -34.0249634 272.612885
v 361.454834 -56.3881912 136.646439
v 452.681396 -32.2079544 168.969833
v 456.539246 -27.953392 207.071503
v 407.594604 -34.0249634 272.612885
v 452.681396 -32.2079544 168.969833
v 458.239532 39.829319 309.91745
v 443.877258 37.8150063 169.87735
v 392.895966 36.401001 297.247955
v 443.877258 37.8150063 169.87735
v 458.239532 39.829319 309.91745
v 508.442017 41.2964554 192.632416
v 556.645752 24.9148407 328.996918
v 508.442017 41.2964554 192.632416
v 458.239532 39.829319 309.91745
v 508.442017 41.2964554 192.632416
v 556.645752 24.9148407 328.996918
v 601.838806 26.161562 225.389023
v 605.419678 22.9475327 263.288452
v 601.838806 26.161562 225.389023
v 556.645752 24.9148407 328.996918
v 512.206482 -32.9759407 193.31459
v 448.36084 -50.6455536 170.68988
v 447.585144 -35.3429871 170.549347
v 448.36084 -50.6455536 170.68988
v 512.206482 -32.9759407 193.31459
v 512.977417 -48.1865692 193.45433
v 512.206482 -32.9759407 193.31459
v 604.203979 -24.0063343 225.77771
v 512.977417 -48.1865692 193.45433
v 604.203979 -24.0063343 225.77771
v 512.206482 -32.9759407 193.31459
v 601.838806 26.161562 225.389023
v 601.838806 26.161562 225.389023
v 608.061829 -19.75177 263.879303
v 604.203979 -24.0063343 225.77771
v 608.061829 -19.75177 263.879303
v 601.838806 26.161562 225.389023
v 605.419617 22.9475327 263.288452
v 556.645752 24.9148407 328.996918
v 608.061829 -19.75177 263.879303
v 605.419617 22.9475327 263.288452
v 608.061829 -19.75177 263.879303
v 556.645752 24.9148407 328.996918
v 559.117188 -25.8233452 329.420776
v 556.645752 24.9148407 328.996918
v 462.790771 -49.9638786 310.742218
v 559.117188 -25.8233452 329.420776
v 462.790771 -49.9638786 310.742218
v 556.645752 24.9148407 328.996918
v 458.239532 39.829319 309.91745
v 458.239532 39.829319 309.91745
v 397.379547 -52.0595627 298.060669
v 462.790771 -49.9638786 310.742218
v 397.379547 -52.0595627 298.060669
v 458.239532 39.829319 309.91745
v 392.896088 36.401001 297.247772
v 448.36084 -50.6455536 170.68988
v 462.790771 -49.9638786 310.742218
v 397.379547 -52.0595627 298.060669
v 462.790771 -49.9638786 310.742218
v 448.36084 -50.6455536 170.68988
v 512.977417 -48.1865692 193.45433
v 512.977417 -48.1865692 193.45433
v 559.117188 -25.8233452 329.420776
v 462.790771 -49.9638786 310.742218
v 559.117188 -25.8233452 329.420776
v 512.977417 -48.1865692 193.45433
v 604.203979 -24.0063343 225.77771
v 608.061829 -19.75177 263.879303
v 559.117188 -25.8233452 329.420776
v 604.203979 -24.0063343 225.77771
v -138.917694 19.5561447 -534.829285
v -90.8785629 19.5561447 -488.630768
v -16.1050148 19.5561447 -603.66687
v -16.1050148 19.5561447 -603.66687
v -71.9435577 19.5561447 -643.423401
v -138.917694 19.5561447 -534.829285
v -210.527679 -0.494641066 -603.678528
v -138.917694 19.5561447 -534.829285
v -71.9435577 19.5561447 -643.423401
v -71.9435577 19.5561447 -643.423401
v -151.847687 -0.586676478 -700.297363
v -210.527679 -0.494641066 -603.678528
v -184.770996 -4.32536888 -681.28186
v -210.527679 -0.494641066 -603.678528
v -151.847687 -0.586676478 -700.297363
v -71.9435577 -54.8146973 -643.423401
v -16.1050148 -53.698822 -603.666992
v -16.1050148 -69.0216293 -603.666992
v -16.1050148 -69.0216293 -603.666992
v -71.9435577 -70.0454788 -643.423401
v -71.9435577 -54.8146973 -643.423401
v -71.9435577 -54.8146973 -643.423401
v -71.9435577 -70.0454788 -643.423401
v -151.68663 -50.8114548 -700.193848
v -151.68663 -50.8114548 -700.193848
v -151.847687 -0.586676478 -700.297363
v -71.9435577 -54.8146973 -643.423401
v -151.847687 -0.586676478 -700.297363
v -151.68663 -50.8114548 -700.193848
v -185.20816 -47.1073265 -681.557983
v -185.20816 -47.1073265 -681.557983
v -184.770996 -4.32536888 -681.28186
v -151.847687 -0.586676478 -700.297363
v -210.527679 -0.494641066 -603.678528
v -184.770996 -4.32536888 -681.28186
v -185.20816 -47.1073265 -681.557983
v -185.20816 -47.1073265 -681.557983
v -210.435654 -51.2946434 -603.620972
v -210.527679 -0.494641066 -603.678528
v -210.527679 -0.494641066 -603.678528
v -210.435654 -51.2946434 -603.620972
v -138.917603 -70.3561401 -534.829285
v -138.917603 -70.3561401 -534.829285
v -138.917603 19.5561447 -534.829285
v -210.527679 -0.494641066 -603.678528
v -138.917603 19.5561447 -534.829285
v -138.917603 -70.3561401 -534.829285
v -90.8785629 -69.0217285 -488.630768
v -90.8785629 -69.0217285 -488.630768
v -90.8785629 19.5561447 -488.630768
v -138.917603 19.5561447 -534.829285
v -16.1050148 -69.0216293 -603.666992
v -90.8785629 -69.0217285 -488.630768
v -138.917603 -70.3561401 -534.829285
v -138.917603 -70.3561401 -534.829285
v -71.9435577 -70.0454788 -643.423401
v -16.1050148 -69.0216293 -603.666992
v -71.9435577 -70.0454788 -643.423401
v -138.917603 -70.3561401 -534.829285
v -210.435654 -51.2946434 -603.620972
v -210.435654 -51.2946434 -603.620972
v -151.68663 -50.8114548 -700.193848
v -71.9435577 -70.0454788 -643.423401
v -185.20816 -47.1073265 -681.557983
v -151.68663 -50.8114548 -700.193848
v -210.435654 -51.2946434 -603.620972
v -168.562988 33.9839821 -72.8269806
v -102.841194 33.9839821 -61.7505379
v -105.931694 33.9839821 -198.917694
v -105.931694 33.9839821 -198.917694
v -174.463913 33.9839821 -200.276581
v -168.562988 33.9839821 -72.8269806
v -266.522461 13.9331961 -89.3241348
v -168.562988 33.9839821 -72.8269806
v -174.463913 33.9839821 -200.276581
v -174.463913 33.9839821 -200.276581
v -272.52301 13.8411608 -202.207062
v -266.522461 13.9331961 -89.3241348
v -288.99646 10.1024675 -167.940948
v -266.522461 13.9331961 -89.3241348
v -272.52301 13.8411608 -202.207062
v -174.463913 -40.3868637 -200.276581
v -105.931694 -39.2710838 -198.917694
v -105.931694 -54.5938988 -198.917694
v -105.931694 -54.5938988 -198.917694
v -174.463913 -55.6176414 -200.276581
v -174.463913 -40.3868637 -200.276581
v -174.463913 -40.3868637 -200.276581
v -174.463913 -55.6176414 -200.276581
v -272.331635 -36.3836174 -202.212296
v -272.331635 -36.3836174 -202.212296
v -272.522919 13.8411608 -202.207062
v -174.463913 -40.3868637 -200.276581
v -272.522919 13.8411608 -202.207062
v -272.331635 -36.3836174 -202.212296
v -289.513153 -32.6794891 -167.922592
v -289.513153 -32.6794891 -167.922592
v -288.99646 10.1024675 -167.940948
v -272.522919 13.8411608 -202.207062
v -266.522461 13.9331961 -89.3241348
v -288.99646 10.1024675 -167.940948
v -289.513153 -32.6794891 -167.922592
v -289.513153 -32.6794891 -167.922592
v -266.41391 -36.866806 -89.328476
v -266.522461 13.9331961 -89.3241348
v -266.522461 13.9331961 -89.3241348
v -266.41391 -36.866806 -89.328476
v -168.562988 -55.9283104 -72.8269806
v -168.562988 -55.9283104 -72.8269806
v -168.562988 33.9839821 -72.8269806
v -266.522461 13.9331961 -89.3241348
v -168.562988 33.9839821 -72.8269806
v -168.562988 -55.9283104 -72.8269806
v -102.841194 -54.5938988 -61.7505379
v -102.841194 -54.5938988 -61.7505379
v -102.841103 33.9839821 -61.7506371
v -168.562988 33.9839821 -72.8269806
v -105.931694 -54.5938988 -198.917694
v -102.841194 -54.5938988 -61.7505379
v -168.562988 -55.9283104 -72.8269806
v -168.562988 -55.9283104 -72.8269806
v -174.463913 -55.6176414 -200.276581
v -105.931694 -54.5938988 -198.917694
v -174.463913 -55.6176414 -200.276581
v -168.562988 -55.9283104 -72.8269806
v -266.41391 -36.866806 -89.328476
v -266.41391 -36.866806 -89.328476
v -272.331635 -36.3836174 -202.212296
v -174.463913 -55.6176414 -200.276581
v -289.513153 -32.6794891 -167.922592
v -272.331635 -36.3836174 -202.212296
v -266.41391 -36.866806 -89.328476
v -155.69017 23.4528389 196.487244
v -90.3464966 20.0246162 183.817947
v -141.327698 21.4386253 56.4472427
v -141.327698 21.4386253 56.4472427
v -205.892426 24.9200726 79.2022095
v -155.69017 23.4528389 196.487244
v -254.096298 8.53835964 215.566635
v -155.69017 23.4528389 196.487244
v -205.892426 24.9200726 79.2022095
v -205.892426 24.9200726 79.2022095
v -299.289337 9.78518295 111.958931
v -254.096298 8.53835964 215.566635
v -302.870117 6.57115173 149.858261
v -254.096298 8.53835964 215.566635
v -299.289337 9.78518295 111.958931
v -209.656891 -49.3523178 79.8844757
v -145.03569 -51.7194633 57.1191444
v -145.811264 -67.0219345 57.2597618
v -145.811264 -67.0219345 57.2597618
v -210.427841 -64.5629501 80.0241089
v -209.656891 -49.3523178 79.8844757
v -209.656891 -49.3523178 79.8844757
v -210.427841 -64.5629501 80.0241089
v -301.65451 -40.3828125 112.347511
v -301.65451 -40.3828125 112.347511
v -299.289337 9.78518295 111.958931
v -209.656891 -49.3523178 79.8844757
v -299.289337 9.78518295 111.958931
v -301.65451 -40.3828125 112.347511
v -305.512299 -36.1281509 150.44899
v -305.512299 -36.1281509 150.44899
v -302.870117 6.57115173 149.858261
v -299.289337 9.78518295 111.958931
v -254.096298 8.53835964 215.566635
v -302.870117 6.57115173 149.858261
v -305.512299 -36.1281509 150.44899
v -305.512299 -36.1281509 150.44899
v -256.567688 -42.1997223 215.990662
v -254.096298 8.53835964 215.566635
v -254.096298 8.53835964 215.566635
v -256.567688 -42.1997223 215.990662
v -160.241287 -66.3403625 197.312012
v -160.241287 -66.3403625 197.312012
v -155.69017 23.4528389 196.487244
v -254.096298 8.53835964 215.566635
v -155.69017 23.4528389 196.487244
v -160.241287 -66.3403625 197.312012
v -94.8300705 -68.4359436 184.630569
v -94.8300705 -68.4359436 184.630569
v -90.3465958 20.0246162 183.817749
v -155.69017 23.4528389 196.487244
v -145.811264 -67.0219345 57.2597618
v -94.8300705 -68.4359436 184.630569
v -160.241287 -66.3403625 197.312012
v -160.241287 -66.3403625 197.312012
v -210.427841 -64.5629501 80.0241089
v -145.811264 -67.0219345 57.2597618
v -210.427841 -64.5629501 80.0241089
v -160.241287 -66.3403625 197.312012
v -256.567688 -42.1997223 215.990662
v -256.567688 -42.1997223 215.990662
v -301.65451 -40.3828125 112.347511
v -210.427841 -64.5629501 80.0241089
v -305.512299 -36.1281509 150.44899
v -301.65451 -40.3828125 112.347511
v -256.567688 -42.1997223 215.990662
v -306.71756 31.6276989 253.109268
v -241.373871 28.199379 240.439987
v -292.355072 29.6133881 113.069275
v -292.355072 29.6133881 113.069275
v -356.919891 33.0948334 135.824341
v -306.71756 31.6276989 253.109268
v -405.123657 16.7132187 272.188751
v -306.71756 31.6276989 253.109268
v -356.919891 33.0948334 135.824341
v -356.919891 33.0948334 135.824341
v -450.316681 17.9599419 168.580963
v -405.123657 16.7132187 272.188751
v -453.897491 14.7459116 206.480286
v -405.123657 16.7132187 272.188751
v -450.316681 17.9599419 168.580963
v -360.684265 -41.1775589 136.506516
v -296.063049 -43.5446053 113.741272
v -296.838654 -58.8471756 113.881798
v -296.838654 -58.8471756 113.881798
v -361.455231 -56.3881912 136.64624
v -360.684265 -41.1775589 136.506516
v -360.684265 -41.1775589 136.506516
v -361.455231 -56.3881912 136.64624
v -452.681763 -32.2079544 168.969543
v -452.681763 -32.2079544 168.969543
v -450.316681 17.9599419 168.580963
v -360.684265 -41.1775589 136.506516
v -450.316681 17.9599419 168.580963
v -452.681763 -32.2079544 168.969543
v -456.539764 -27.953392 207.071121
v -456.539764 -27.953392 207.071121
v -453.897491 14.7459116 206.480286
v -450.316681 17.9599419 168.580963
v -405.123657 16.7132187 272.188751
v -453.897491 14.7459116 206.480286
v -456.539764 -27.953392 207.071121
v -456.539764 -27.953392 207.071121
v -407.595062 -34.0249634 272.612793
v -405.123657 16.7132187 272.188751
v -405.123657 16.7132187 272.188751
v -407.595062 -34.0249634 272.612793
v -311.268646 -58.1655006 253.934235
v -311.268646 -58.1655006 253.934235
v -306.71756 31.6276989 253.109268
v -405.123657 16.7132187 272.188751
v -306.71756 31.6276989 253.109268
v -311.268646 -58.1655006 253.934235
v -245.857452 -60.2611847 241.252609
v -245.857452 -60.2611847 241.252609
v -241.373871 28.199379 240.439987
v -306.71756 31.6276989 253.109268
v -296.838654 -58.8471756 113.881798
v -245.857452 -60.2611847 241.252609
v -311.268646 -58.1655006 253.934235
v -311.268646 -58.1655006 253.934235
v -361.455231 -56.3881912 136.64624
v -296.838654 -58.8471756 113.881798
v -361.455231 -56.3881912 136.64624
v -311.268646 -58.1655006 253.934235
v -407.595062 -34.0249634 272.612793
v -407.595062 -34.0249634 272.612793
v -452.681763 -32.2079544 168.969543
v -361.455231 -56.3881912 136.64624
v -456.539764 -27.953392 207.071121
v -452.681763 -32.2079544 168.969543
v -407.595062 -34.0249634 272.612793
v -458.240143 39.829319 309.917053
v -392.896576 36.401001 297.247772
v -443.877777 37.8150063 169.87706
v -443.877777 37.8150063 169.87706
v -508.442474 41.2964554 192.632126
v -458.240143 39.829319 309.917053
v -556.646362 24.9148407 328.996521
v -458.240143 39.829319 309.917053
v -508.442474 41.2964554 192.632126
v -508.442474 41.2964554 192.632126
v -601.839417 26.161562 225.388641
v -556.646362 24.9148407 328.996521
v -605.420166 22.9475327 263.288086
v -556.646362 24.9148407 328.996521
v -601.839417 26.161562 225.388641
v -512.20697 -32.9759407 193.314301
v -447.585663 -35.3429871 170.549057
v -448.361359 -50.6455536 170.689575
v -448.361359 -50.6455536 170.689575
v -512.977783 -48.1865692 193.454025
v -512.20697 -32.9759407 193.314301
v -512.20697 -32.9759407 193.314301
v -512.977783 -48.1865692 193.454025
v -604.204468 -24.0063343 225.777313
v -604.204468 -24.0063343 225.777313
v -601.839417 26.161562 225.388641
v -512.20697 -32.9759407 193.314301
v -601.839417 26.161562 225.388641
v -604.204468 -24.0063343 225.777313
v -608.062439 -19.75177 263.878906
v -608.062439 -19.75177 263.878906
v -605.420166 22.9475327 263.288086
v -601.839417 26.161562 225.388641
v -556.646362 24.9148407 328.996521
v -605.420166 22.9475327 263.288086
v -608.062439 -19.75177 263.878906
v -608.062439 -19.75177 263.878906
v -559.117676 -25.8233452 329.420349
v -556.646362 24.9148407 328.996521
v -556.646362 24.9148407 328.996521
v -559.117676 -25.8233452 329.420349
v -462.79126 -49.9638786 310.741913
v -462.79126 -49.9638786 310.741913
v -458.240143 39.829319 309.917053
v -556.646362 24.9148407 328.996521
v -458.240143 39.829319 309.917053
v -462.79126 -49.9638786 310.741913
v -397.380157 -52.0595627 298.060486
v -397.380157 -52.0595627 298.060486
v -392.896576 36.401001 297.247559
v -458.240143 39.829319 309.917053
v -448.361359 -50.6455536 170.689575
v -397.380157 -52.0595627 298.060486
v -462.79126 -49.9638786 310.741913
v -462.79126 -49.9638786 310.741913
v -512.977783 -48.1865692 193.454025
v -448.361359 -50.6455536 170.689575
v -512.977783 -48.1865692 193.454025
v -462.79126 -49.9638786 310.741913
v -559.117676 -25.8233452 329.420349
v -559.117676 -25.8233452 329.420349
v -604.204468 -24.0063343 225.777313
v -512.977783 -48.1865692 193.454025
v -608.062439 -19.75177 263.878906
v -604.204468 -24.0063343 225.777313
v -559.117676 -25.8233452 329.420349
v 293.525848 -47.577179 662.651672
v 282.216675 -56.1377602 657.843079
v 294.211578 -50.6591797 662.651672
v 265.085419 -49.5720367 652.160339
v 282.216675 -56.1377602 657.843079
v 293.525848 -47.577179 662.651672
v 265.085419 -49.5720367 652.160339
v 266.786896 -57.2200661 652.160339
v 282.216675 -56.1377602 657.843079
v 281.891388 -56.1605682 639.057739
v 280.190002 -48.5125427 639.057739
v 297.300812 -55.0797424 644.740356
v 297.300812 -55.0797424 644.740356
v 280.190002 -48.5125427 639.057739
v 308.630341 -46.5176849 649.549011
v 308.630341 -46.5176849 649.549011
v 309.315948 -49.5997849 649.549011
v 297.300812 -55.0797424 644.740356
v 317.737701 -45.8789673 641.645996
v 306.408173 -54.4409332 636.837524
v 318.423309 -48.9609718 641.645996
v 289.297363 -47.8737297 631.154724
v 306.408173 -54.4409332 636.837524
v 317.737701 -45.8789673 641.645996
v 289.297363 -47.8737297 631.154724
v 290.99884 -55.5217514 631.154724
v 306.408173 -54.4409332 636.837524
v 306.103302 -54.4622612 618.040588
v 304.401825 -46.8143349 618.040588
v 321.512726 -53.3814354 623.734985
v 321.512726 -53.3814354 623.734985
v 304.401825 -46.8143349 618.040588
v 332.842163 -44.8194771 628.531921
v 332.842163 -44.8194771 628.531921
v 333.527802 -47.9014778 628.531921
v 321.512726 -53.3814354 623.734985
v 269.232635 -49.2811203 683.760803
v 257.903107 -57.8431778 678.952148
v 269.918274 -52.363121 683.760803
v 240.792313 -51.2759781 673.26947
v 257.903107 -57.8431778 678.952148
v 269.232635 -49.2811203 683.760803
v 240.792313 -51.2759781 673.26947
v 242.493698 -58.9240036 673.26947
v 257.903107 -57.8431778 678.952148
v 257.577911 -57.8659935 660.155273
v 255.876541 -50.217968 660.155273
v 272.987335 -56.7850685 665.84967
v 272.987335 -56.7850685 665.84967
v 255.876541 -50.217968 660.155273
v 284.316864 -48.2231064 670.646545
v 284.316864 -48.2231064 670.646545
v 285.002411 -51.3051071 670.646545
v 272.987335 -56.7850685 665.84967
v 269.918274 -52.363121 683.760803
v 284.316772 -48.2231064 670.646545
v 269.232635 -49.2811203 683.760803
v 284.316772 -48.2231064 670.646545
v 269.918274 -52.363121 683.760803
v 285.002319 -51.3051071 670.646545
v 269.918274 -52.363121 683.760803
v 272.987335 -56.7850685 665.84967
v 285.002319 -51.3051071 670.646545
v 272.987335 -56.7850685 665.84967
v 269.918274 -52.363121 683.760803
v 257.903107 -57.8431778 678.952148
v 257.903107 -57.8431778 678.952148
v 257.57782 -57.8659935 660.155273
v 272.987335 -56.7850685 665.84967
v 257.57782 -57.8659935 660.155273
v 257.903107 -57.8431778 678.952148
v 242.493698 -58.9240036 673.26947
v 318.423309 -48.9609718 641.645996
v 332.842163 -44.8194771 628.531921
v 317.737701 -45.8789673 641.645996
v 332.842163 -44.8194771 628.531921
v 318.423309 -48.9609718 641.645996
v 333.527802 -47.9014778 628.531921
v 318.423309 -48.9609718 641.645996
v 321.512726 -53.3814354 623.734985
v 333.527802 -47.9014778 628.531921
v 321.512726 -53.3814354 623.734985
v 318.423309 -48.9609718 641.645996
v 306.408173 -54.4409332 636.837524
v 306.408173 -54.4409332 636.837524
v 306.103302 -54.4622612 618.040588
v 321.512726 -53.3814354 623.734985
v 306.103302 -54.4622612 618.040588
v 306.408173 -54.4409332 636.837524
v 290.99884 -55.5217514 631.154724
v 294.211578 -50.6591797 662.651672
v 308.630341 -46.5176849 649.549011
v 293.525848 -47.577179 662.651672
v 308.630341 -46.5176849 649.549011
v 294.211578 -50.6591797 662.651672
v 309.315948 -49.5997849 649.549011
v 294.211578 -50.6591797 662.651672
v 297.300812 -55.0797424 644.740356
v 309.315948 -49.5997849 649.549011
v 297.300812 -55.0797424 644.740356
v 294.211578 -50.6591797 662.651672
v 282.216675 -56.1377602 657.843079
v 282.216675 -56.1377602 657.843079
v 281.891388 -56.1605682 639.057739
v 297.300812 -55.0797424 644.740356
v 281.891388 -56.1605682 639.057739
v 282.216675 -56.1377602 657.843079
v 266.786896 -57.2200661 652.160339
v 293.52594 -47.577179 482.067963
v 294.211578 -50.6591797 482.067963
v 282.216675 -56.1377602 486.876282
v 265.08551 -49.5720367 492.559082
v 293.52594 -47.577179 482.067963
v 282.216675 -56.1377602 486.876282
v 265.08551 -49.5720367 492.559082
v 282.216675 -56.1377602 486.876282
v 266.786896 -57.2200661 492.559082
v 281.891479 -56.1605682 505.661804
v 297.300903 -55.0797424 499.979004
v 280.190002 -48.5125427 505.661804
v 297.300903 -55.0797424 499.979004
v 308.630341 -46.5176849 495.170532
v 280.190002 -48.5125427 505.661804
v 308.630341 -46.5176849 495.170532
v 297.300903 -55.0797424 499.979004
v 309.31604 -49.5997849 495.170532
v 317.737701 -45.8788719 503.073517
v 318.423309 -48.9609718 503.073517
v 306.408264 -54.4409332 507.881989
v 289.297363 -47.8737297 513.564819
v 317.737701 -45.8788719 503.073517
v 306.408264 -54.4409332 507.881989
v 289.297363 -47.8737297 513.564819
v 306.408264 -54.4409332 507.881989
v 290.99884 -55.5217514 513.564819
v 306.103302 -54.4622612 526.678955
v 321.512726 -53.3814354 520.984619
v 304.401947 -46.8143349 526.678955
v 321.512726 -53.3814354 520.984619
v 332.842255 -44.8194771 516.187622
v 304.401947 -46.8143349 526.678955
v 332.842255 -44.8194771 516.187622
v 321.512726 -53.3814354 520.984619
v 333.527893 -47.9014778 516.187622
v 269.232758 -49.2811203 460.95874
v 269.918396 -52.363121 460.95874
v 257.903198 -57.8431778 465.767303
v 240.792313 -51.2759781 471.450012
v 269.232758 -49.2811203 460.95874
v 257.903198 -57.8431778 465.767303
v 240.792313 -51.2759781 471.450012
v 257.903198 -57.8431778 465.767303
v 242.49379 -58.9240036 471.450012
v 257.578033 -57.8659935 484.56427
v 272.987335 -56.7850685 478.869934
v 255.876541 -50.217968 484.56427
v 272.987335 -56.7850685 478.869934
v 284.316864 -48.2231064 474.072815
v 255.876541 -50.217968 484.56427
v 284.316864 -48.2231064 474.072815
v 272.987335 -56.7850685 478.869934
v 285.002502 -51.3051071 474.072815
v 269.918396 -52.363121 460.95874
v 269.232758 -49.2811203 460.95874
v 284.316772 -48.2231064 474.072815
v 284.316772 -48.2231064 474.072815
v 285.002411 -51.3051071 474.072815
v 269.918396 -52.363121 460.95874
v 269.918396 -52.363121 460.95874
v 285.002411 -51.3051071 474.072815
v 272.987335 -56.7850685 478.869934
v 272.987335 -56.7850685 478.869934
v 257.903198 -57.8431778 465.767303
v 269.918396 -52.363121 460.95874
v 257.903198 -57.8431778 465.767303
v 272.987335 -56.7850685 478.869934
v 257.577911 -57.8659935 484.56427
v 257.577911 -57.8659935 484.56427
v 242.49379 -58.9240036 471.450012
v 257.903198 -57.8431778 465.767303
v 318.423309 -48.9609718 503.073517
v 317.737701 -45.8788719 503.073517
v 332.842255 -44.8194771 516.187622
v 332.842255 -44.8194771 516.187622
v 333.527893 -47.9014778 516.187622
v 318.423309 -48.9609718 503.073517
v 318.423309 -48.9609718 503.073517
v 333.527893 -47.9014778 516.187622
v 321.512726 -53.3814354 520.984619
v 321.512726 -53.3814354 520.984619
v 306.408264 -54.4409332 507.881989
v 318.423309 -48.9609718 503.073517
v 306.408264 -54.4409332 507.881989
v 321.512726 -53.3814354 520.984619
v 306.103302 -54.4622612 526.678955
v 306.103302 -54.4622612 526.678955
v 290.99884 -55.5217514 513.564819
v 306.408264 -54.4409332 507.881989
v 294.211578 -50.6591797 482.067963
v 293.52594 -47.577179 482.067963
v 308.630341 -46.5176849 495.170532
v 308.630341 -46.5176849 495.170532
v 309.31604 -49.5997849 495.170532
v 294.211578 -50.6591797 482.067963
v 294.211578 -50.6591797 482.067963
v 309.31604 -49.5997849 495.170532
v 297.300903 -55.0797424 499.979004
v 297.300903 -55.0797424 499.979004
v 282.216675 -56.1377602 486.876282
v 294.211578 -50.6591797 482.067963
v 282.216675 -56.1377602 486.876282
v 297.300903 -55.0797424 499.979004
v 281.891479 -56.1605682 505.661804
v 281.891479 -56.1605682 505.661804
v 266.786896 -57.2200661 492.559082
v 282.216675 -56.1377602 486.876282
v 422.291992 -23.4279537 640.426514
v 375.467712 -2.18149638 647.363281
v 381.229706 -28.0819626 647.363281
v 375.467712 -2.18149638 647.363281
v 422.291992 -23.4279537 640.426514
v 416.918701 0.725914598 640.426514
v 475.838074 -7.78933716 631.028381
v 416.918701 0.725914598 640.426514
v 422.291992 -23.4279537 640.426514
v 416.918701 0.725914598 640.426514
v 475.838074 -7.78933716 631.028381
v 473.067627 4.66428041 631.028381
v 515.758545 7.65869045 572.359802
v 475.838074 -7.78933716 513.691345
v 473.067627 4.66428041 513.691345
v 475.838074 -7.78933716 513.691345
v 515.758545 7.65869045 572.359802
v 518.529114 -4.79492712 572.359802
v 473.067627 4.66428041 631.028381
v 518.529114 -4.79492712 572.359802
v 515.758545 7.65869045 572.359802
v 518.529114 -4.79492712 572.359802
v 473.067627 4.66428041 631.028381
v 475.838074 -7.78933716 631.028381
v 375.467804 -2.18149638 497.356293
v 422.291992 -23.4279537 504.292908
v 381.229706 -28.0819626 497.356293
v 422.291992 -23.4279537 504.292908
v 375.467804 -2.18149638 497.356293
v 416.918701 0.725914598 504.292908
v 416.918701 0.725914598 504.292908
v 475.838074 -7.78933716 513.691345
v 422.291992 -23.4279537 504.292908
v 475.838074 -7.78933716 513.691345
v 416.918701 0.725914598 504.292908
v 473.067627 4.66428041 513.691345
v 422.291992 -23.4279537 504.292908
v 401.673187 -26.4276981 572.359741
v 381.229706 -28.0819626 497.356293
v 401.673187 -26.4276981 572.359741
v 422.291992 -23.4279537 504.292908
v 460.868988 -20.3164253 572.359802
v 422.291992 -23.4279537 640.426514
v 401.673187 -26.4276981 572.359741
v 460.868988 -20.3164253 572.359802
v 401.673187 -26.4276981 572.359741
v 422.291992 -23.4279537 640.426514
v 381.229706 -28.0819626 647.363281
v 475.838074 -7.78933716 513.691345
v 460.868988 -20.3164253 572.359802
v 422.291992 -23.4279537 504.292908
v 460.868988 -20.3164253 572.359802
v 475.838074 -7.78933716 513.691345
v 518.529114 -4.79492712 572.359802
v 475.838074 -7.78933716 631.028381
v 460.868988 -20.3164253 572.359802
v 518.529114 -4.79492712 572.359802
v 460.868988 -20.3164253 572.359802
v 475.838074 -7.78933716 631.028381
v 422.291992 -23.4279537 640.426514
v 368.030701 54.5431366 606.870605
v 357.102295 43.3429604 672.44104
v 407.924927 46.9076538 619.524597
v 357.102295 43.3429604 672.44104
v 368.030701 54.5431366 606.870605
v 301.961212 49.9089775 673.591492
v 301.961212 49.9089775 673.591492
v 368.030701 54.5431366 606.870605
v 316.130646 50.9028015 598.783447
v 301.961212 49.9089775 673.591492
v 316.130646 50.9028015 598.783447
v 208.18335 43.3312073 680.953918
v 246.788162 46.0390434 711.047424
v 301.961212 49.9089775 673.591492
v 208.18335 43.3312073 680.953918
v 213.978424 17.2824154 680.953918
v 246.788345 46.0390434 711.047424
v 208.18335 43.3312073 680.953918
v 246.788345 46.0390434 711.047424
v 213.978424 17.2824154 680.953918
v 252.257935 19.9674416 711.277344
v 307.756287 23.8601837 673.591492
v 246.788162 46.0390434 711.047424
v 252.257935 19.9674416 711.277344
v 246.788162 46.0390434 711.047424
v 307.756287 23.8601837 673.591492
v 301.961212 49.9089775 673.591492
v 307.756287 23.8601837 673.591492
v 357.102295 43.3429604 672.44104
v 301.961212 49.9089775 673.591492
v 357.102295 43.3429604 672.44104
v 307.756287 23.8601837 673.591492
v 361.160248 25.1018734 672.44104
v 361.160248 25.1018734 672.44104
v 407.924927 46.9076538 619.524597
v 357.102295 43.3429604 672.44104
v 407.924927 46.9076538 619.524597
v 361.160248 25.1018734 672.44104
v 412.211456 27.6393661 619.524597
v 371.3573 39.5896492 606.870605
v 407.924927 46.9076538 619.524597
v 412.211456 27.6393661 619.524597
v 407.924927 46.9076538 619.524597
v 371.3573 39.5896492 606.870605
v 368.030701 54.5431366 606.870605
v 305.945221 -58.4845619 629.015137
v 225.600266 -43.0323868 684.232361
v 230.219513 -63.7960548 684.232361
v 225.600266 -43.0323868 684.232361
v 305.945221 -58.4845619 629.015137
v 301.325958 -37.7208977 629.015137
v 393.996155 -45.9323921 612.909912
v 301.325958 -37.7208977 629.015137
v 305.945221 -58.4845619 629.015137
v 301.325958 -37.7208977 629.015137
v 393.996155 -45.9323921 612.909912
v 389.646088 -26.3786163 612.909912
v 419.560883 -38.3427277 584.151001
v 389.646088 -26.3786163 612.909912
v 393.996155 -45.9323921 612.909912
v 389.646088 -26.3786163 612.909912
v 419.560883 -38.3427277 584.151001
v 416.226654 -23.3549767 584.151001
v 419.560883 -38.3427277 584.151001
v 416.226654 -23.3549767 560.568542
v 416.226654 -23.3549767 584.151001
v 416.226654 -23.3549767 560.568542
v 419.560883 -38.3427277 584.151001
v 419.560883 -38.3427277 560.568542
v 419.560883 -38.3427277 560.568542
v 389.64621 -26.3786163 531.809631
v 416.226654 -23.3549767 560.568542
v 389.64621 -26.3786163 531.809631
v 419.560883 -38.3427277 560.568542
v 393.996246 -45.9323921 531.809631
v 393.996246 -45.9323921 531.809631
v 301.32605 -37.7208977 515.704407
v 389.64621 -26.3786163 531.809631
v 301.32605 -37.7208977 515.704407
v 393.996246 -45.9323921 531.809631
v 305.945312 -58.4845619 515.704407
v 230.219604 -63.796154 460.487183
v 301.32605 -37.7208977 515.704407
v 305.945312 -58.4845619 515.704407
v 301.32605 -37.7208977 515.704407
v 230.219604 -63.796154 460.487183
v 225.600357 -43.0323868 460.487183
v 393.996155 -45.9323921 612.909912
v 419.56076 -38.3427277 560.568542
v 419.56076 -38.3427277 584.151001
v 419.56076 -38.3427277 560.568542
v 393.996155 -45.9323921 612.909912
v 393.996246 -45.9323921 531.809631
v 305.945129 -58.4845619 629.014954
v 393.996246 -45.9323921 531.809631
v 393.996155 -45.9323921 612.909912
v 393.996246 -45.9323921 531.809631
v 305.945129 -58.4845619 629.014954
v 305.945221 -58.4845619 515.704407
v 230.219421 -63.7960548 684.232361
v 305.945221 -58.4845619 515.704407
v 305.945129 -58.4845619 629.014954
v 305.945221 -58.4845619 515.704407
v 230.219421 -63.7960548 684.232361
v 230.219513 -63.796154 460.487183
v 230.219421 -63.7960548 684.232361
v 87.4081802 -73.8131027 460.487091
v 230.219513 -63.796154 460.487183
v 87.4081802 -73.8131027 460.487091
v 230.219421 -63.7960548 684.232361
v 87.4080811 -73.8131027 684.232239
v 208.5504 33.6072502 684.232361
v 279.65686 59.6824074 629.014954
v 203.931137 54.3709183 684.232361
v 279.65686 59.6824074 629.014954
v 208.5504 33.6072502 684.232361
v 284.276001 38.9187393 629.014954
v 284.276001 38.9187393 629.014954
v 370.501343 59.678257 612.909912
v 279.65686 59.6824074 629.014954
v 370.501343 59.678257 612.909912
v 284.276001 38.9187393 629.014954
v 374.851379 40.1245804 612.909912
v 374.851379 40.1245804 612.909912
v 398.605316 55.8530617 584.151001
v 370.501343 59.678257 612.909912
v 398.605316 55.8530617 584.151001
v 374.851379 40.1245804 612.909912
v 401.939667 40.8653069 584.151001
v 401.939667 40.8653069 560.568542
v 398.605316 55.8530617 584.151001
v 401.939667 40.8653069 584.151001
v 398.605316 55.8530617 584.151001
v 401.939667 40.8653069 560.568542
v 398.605316 55.8529625 560.568542
v 374.851379 40.1245804 531.809631
v 398.605316 55.8529625 560.568542
v 401.939667 40.8653069 560.568542
v 398.605316 55.8529625 560.568542
v 374.851379 40.1245804 531.809631
v 370.501434 59.678257 531.809631
v 284.276093 38.9187393 515.704407
v 370.501434 59.678257 531.809631
v 374.851379 40.1245804 531.809631
v 370.501434 59.678257 531.809631
v 284.276093 38.9187393 515.704407
v 279.656952 59.6824074 515.704407
v 284.276093 38.9187393 515.704407
v 203.931244 54.3709183 460.487183
v 279.656952 59.6824074 515.704407
v 203.931244 54.3709183 460.487183
v 284.276093 38.9187393 515.704407
v 208.550491 33.6072502 460.487183
v 398.605499 55.8530617 560.568542
v 370.501343 59.678257 612.909912
v 398.605499 55.8530617 584.151001
v 370.501343 59.678257 612.909912
v 398.605499 55.8530617 560.568542
v 370.501434 59.678257 531.809631
v 370.501434 59.678257 531.809631
v 279.656952 59.6825027 629.015137
v 370.501343 59.678257 612.909912
v 279.656952 59.6825027 629.015137
v 370.501434 59.678257 531.809631
v 279.656952 59.6825027 515.704407
v 203.931351 54.3709183 460.487183
v 279.656952 59.6825027 629.015137
v 279.656952 59.6825027 515.704407
v 279.656952 59.6825027 629.015137
v 203.931351 54.3709183 460.487183
v 203.931244 54.3709183 684.232361
v 61.1199188 44.3538666 460.487091
v 203.931244 54.3709183 684.232361
v 203.931351 54.3709183 460.487183
v 203.931244 54.3709183 684.232361
v 61.1199188 44.3538666 460.487091
v 61.1198196 44.3538666 684.232239
v 299.149994 43.9848366 514.841614
v 107.028801 53.7646866 471.127869
v 294.055939 66.8830948 514.841614
v 107.028801 53.7646866 471.127869
v 299.149994 43.9848366 514.841614
v 118.042343 4.25831747 471.127869
v 118.042343 4.25831747 471.127869
v -39.0876007 33.0820961 473.428558
v 107.028801 53.7646866 471.127869
v -39.0876007 33.0820961 473.428558
v 118.042343 4.25831747 471.127869
v -29.3108158 -10.8652163 473.428558
v 107.028709 53.7646866 673.59137
v 299.149902 43.9848366 629.877808
v 294.055847 66.8830948 629.877808
v 299.149902 43.9848366 629.877808
v 107.028709 53.7646866 673.59137
v 118.042244 4.25831747 673.59137
v -39.0876007 33.0820961 671.290833
v 118.042244 4.25831747 673.59137
v 107.028709 53.7646866 673.59137
v 118.042244 4.25831747 673.59137
v -39.0876007 33.0820961 671.290833
v -29.3109131 -10.8652163 671.290833
v 107.028801 53.7646866 471.127869
v 294.055847 66.8830948 629.877808
v 294.055939 66.8830948 514.841614
v 294.055847 66.8830948 629.877808
v 107.028801 53.7646866 471.127869
v 107.028709 53.7646866 673.59137
v -39.0876007 33.0820961 473.428558
v 107.028709 53.7646866 673.59137
v 107.028801 53.7646866 471.127869
v 107.028709 53.7646866 673.59137
v -39.0876007 33.0820961 473.428558
v -39.0876007 33.0820961 671.290833
v 294.055847 66.8830948 629.877808
v 299.149994 43.9848366 514.841614
v 294.055939 66.8830948 514.841614
v 299.149994 43.9848366 514.841614
v 294.055847 66.8830948 629.877808
v 299.149902 43.9848366 629.877808
v 373.852356 -31.9497242 672.44104
v 389.351746 -41.2963524 606.870605
v 424.675049 -28.3849297 619.524597
v 389.351746 -41.2963524 606.870605
v 373.852356 -31.9497242 672.44104
v 323.28244 -45.9305191 673.591492
v 389.351746 -41.2963524 606.870605
v 323.28244 -45.9305191 673.591492
v 337.451843 -44.9366913 598.783447
v 337.451843 -44.9366913 598.783447
v 323.28244 -45.9305191 673.591492
v 229.504456 -52.5082855 680.953918
v 323.28244 -45.9305191 673.591492
v 268.109375 -49.8004494 711.047424
v 229.504456 -52.5082855 680.953918
v 386.025116 -26.3427715 606.870605
v 424.675049 -28.3849297 619.524597
v 389.351746 -41.2963524 606.870605
v 424.675049 -28.3849297 619.524597
v 386.025116 -26.3427715 606.870605
v 420.388428 -9.11664295 619.524597
v 369.794281 -13.7087364 672.44104
v 424.675049 -28.3849297 619.524597
v 420.388428 -9.11664295 619.524597
v 424.675049 -28.3849297 619.524597
v 369.794281 -13.7087364 672.44104
v 373.852356 -31.9497242 672.44104
v 317.487457 -19.8817253 673.591492
v 373.852356 -31.9497242 672.44104
v 369.794281 -13.7087364 672.44104
v 373.852356 -31.9497242 672.44104
v 317.487457 -19.8817253 673.591492
v 323.28244 -45.9305191 673.591492
v 317.487457 -19.8817253 673.591492
v 268.109375 -49.8004494 711.047424
v 323.28244 -45.9305191 673.591492
v 268.109375 -49.8004494 711.047424
v 317.487457 -19.8817253 673.591492
v 261.989014 -23.7744694 711.277344
v 268.109375 -49.8004494 711.047424
v 223.709488 -26.4594936 680.953918
v 229.504456 -52.5082855 680.953918
v 223.709488 -26.4594936 680.953918
v 268.109375 -49.8004494 711.047424
v 261.989014 -23.7744694 711.277344
v 373.852448 -31.9497242 472.27832
v 424.675049 -28.3849297 525.194946
v 389.351746 -41.2963524 537.848938
v 389.351746 -41.2963524 537.848938
v 323.28244 -45.9305191 471.12796
v 373.852448 -31.9497242 472.27832
v 389.351746 -41.2963524 537.848938
v 337.451843 -44.9366913 545.935913
v 323.28244 -45.9305191 471.12796
v 337.451843 -44.9366913 545.935913
v 229.504547 -52.5082855 463.765625
v 323.28244 -45.9305191 471.12796
v 323.28244 -45.9305191 471.12796
v 229.504547 -52.5082855 463.765625
v 268.109467 -49.8004494 433.672089
v 386.025116 -26.3427715 537.848938
v 389.351746 -41.2963524 537.848938
v 424.675049 -28.3849297 525.194946
v 424.675049 -28.3849297 525.194946
v 420.388428 -9.11664295 525.194946
v 386.025116 -26.3427715 537.848938
v 369.794403 -13.7087364 472.27832
v 420.388428 -9.11664295 525.194946
v 424.675049 -28.3849297 525.194946
v 424.675049 -28.3849297 525.194946
v 373.852448 -31.9497242 472.27832
v 369.794403 -13.7087364 472.27832
v 317.487457 -19.8817253 471.12796
v 369.794403 -13.7087364 472.27832
v 373.852448 -31.9497242 472.27832
v 373.852448 -31.9497242 472.27832
v 323.28244 -45.9305191 471.12796
v 317.487457 -19.8817253 471.12796
v 317.487457 -19.8817253 471.12796
v 323.28244 -45.9305191 471.12796
v 268.109467 -49.8004494 433.672089
v 268.109467 -49.8004494 433.672089
v 261.989227 -23.7744694 433.442108
v 317.487457 -19.8817253 471.12796
v 268.109558 -49.8004494 433.672089
v 229.504547 -52.5082855 463.765625
v 223.709579 -26.4594936 463.765625
v 223.709579 -26.4594936 463.765625
v 261.989227 -23.7744694 433.442108
v 268.109558 -49.8004494 433.672089
v 371.966919 37.8703079 664.952393
v 248.980621 24.0269737 737.689697
v 382.415009 31.6473484 688.373657
v 248.980621 24.0269737 737.689697
v 371.966919 37.8703079 664.952393
v 220.94783 29.0165386 719.088379
v 141.949142 23.4754524 663.698425
v 220.94783 29.0165386 719.088379
v 371.966919 37.8703079 664.952393
v 371.966919 37.8703079 479.767151
v 141.949142 23.4754524 663.698425
v 371.966919 37.8703079 664.952393
v 141.949142 23.4754524 663.698425
v 371.966919 37.8703079 479.767151
v 141.949234 23.4754524 481.021088
v 371.966919 37.8703079 479.767151
v 220.947922 29.0165386 425.631195
v 141.949234 23.4754524 481.021088
v 371.966919 37.8703079 479.767151
v 248.980713 24.0269737 407.029816
v 220.947922 29.0165386 425.631195
v 471.862793 37.9213638 680.493835
v 371.966919 37.8703079 664.952393
v 382.415009 31.6473484 688.373657
v 371.966919 37.8703079 664.952393
v 471.862793 37.9213638 680.493835
v 489.651794 46.1248589 659.948303
v 371.966919 37.8703079 664.952393
v 489.651794 46.1248589 659.948303
v 571.984497 51.8997879 572.359802
v 571.984497 51.8997879 572.359802
v 371.966919 37.8703079 479.767151
v 371.966919 37.8703079 664.952393
v 371.966919 37.8703079 479.767151
v 571.984497 51.8997879 572.359802
v 489.651886 46.1248589 484.771454
v 471.862885 37.9213638 464.225922
v 371.966919 37.8703079 479.767151
v 489.651886 46.1248589 484.771454
v 371.966919 37.8703079 479.767151
v 471.862885 37.9213638 464.225922
v 382.4151 31.6473484 456.345917
v 248.980713 24.0269737 407.029816
v 371.966919 37.8703079 479.767151
v 382.4151 31.6473484 456.345917
v 382.415009 31.6473484 688.373657
v 475.133606 23.2188988 680.493835
v 471.862793 37.9213638 680.493835
v 475.133606 23.2188988 680.493835
v 382.415009 31.6473484 688.373657
v 386.988525 11.0890846 688.373657
v 248.980621 24.0269737 737.689697
v 386.988525 11.0890846 688.373657
v 382.415009 31.6473484 688.373657
v 386.988525 11.0890846 688.373657
v 248.980621 24.0269737 737.689697
v 256.197601 -8.41423035 737.689697
v 475.133698 23.2188988 464.225922
v 382.4151 31.6473484 456.345917
v 471.862885 37.9213638 464.225922
v 382.4151 31.6473484 456.345917
v 475.133698 23.2188988 464.225922
v 386.988617 11.0890846 456.345917
v 386.988617 11.0890846 456.345917
v 248.980713 24.0269737 407.029816
v 382.4151 31.6473484 456.345917
v 248.980713 24.0269737 407.029816
v 386.988617 11.0890846 456.345917
v 256.197693 -8.41423035 407.029816
v 471.862885 37.9213638 464.225922
v 499.344635 1.99772179 484.633301
v 475.133698 23.2188988 464.225922
v 499.344635 1.99772179 484.633301
v 471.862885 37.9213638 464.225922
v 489.651886 46.1248589 484.771454
v 489.651886 46.1248589 484.771454
v 581.44635 9.36786366 572.359802
v 499.344635 1.99772179 484.633301
v 581.44635 9.36786366 572.359802
v 489.651886 46.1248589 484.771454
v 571.984497 51.8997879 572.359802
v 489.651794 46.1248589 659.948303
v 581.44635 9.36786366 572.359802
v 571.984497 51.8997879 572.359802
v 581.44635 9.36786366 572.359802
v 489.651794 46.1248589 659.948303
v 499.344543 1.99772179 660.086609
v 471.862793 37.9213638 680.493835
v 499.344543 1.99772179 660.086609
v 489.651794 46.1248589 659.948303
v 499.344543 1.99772179 660.086609
v 471.862793 37.9213638 680.493835
v 475.133606 23.2188988 680.493835
v 248.980621 24.0269737 737.689697
v 228.87117 -4.55763006 719.410522
v 256.197601 -8.41423035 737.689697
v 228.87117 -4.55763006 719.410522
v 248.980621 24.0269737 737.689697
v 220.94783 29.0165386 719.088379
v 220.94783 29.0165386 719.088379
v 148.594849 -6.39735079 663.698425
v 228.87117 -4.55763006 719.410522
v 148.594849 -6.39735079 663.698425
v 220.94783 29.0165386 719.088379
v 141.949142 23.4754524 663.698425
v 475.133698 23.2188988 464.225922
v 391.686371 -11.8834324 479.468048
v 386.988617 11.0890846 456.345703
v 391.686371 -11.8834324 479.468048
v 475.133698 23.2188988 464.225922
v 499.344818 1.99772179 484.633301
v 391.015472 -11.930438 517.418396
v 391.686371 -11.8834324 479.468048
v 499.344818 1.99772179 484.633301
v 391.015472 -11.930438 517.418396
v 235.646835 -33.1576385 425.032928
v 391.686371 -11.8834324 479.468048
v 256.197693 -8.41423035 407.029816
v 391.686371 -11.8834324 479.468048
v 235.646835 -33.1576385 425.032928
v 391.686371 -11.8834324 479.468048
v 256.197693 -8.41423035 407.029816
v 386.988617 11.0890846 456.345703
v 391.015472 -11.930438 517.418396
v 499.344818 1.99772179 484.633301
v 581.44635 9.36786366 572.359802
v 390.059875 -11.997489 572.359741
v 391.015472 -11.930438 517.418396
v 581.44635 9.36786366 572.359802
v 391.015472 -11.930438 627.300903
v 390.059875 -11.997489 572.359741
v 581.44635 9.36786366 572.359802
v 581.44635 9.36786366 572.359802
v 499.344727 1.99772179 660.086609
v 391.015472 -11.930438 627.300903
v 391.686279 -11.8834324 665.251343
v 391.015472 -11.930438 627.300903
v 499.344727 1.99772179 660.086609
v 235.646744 -33.1576385 719.686584
v 391.015472 -11.930438 627.300903
v 391.686279 -11.8834324 665.251343
v 391.686279 -11.8834324 665.251343
v 256.197601 -8.41423035 737.689697
v 235.646744 -33.1576385 719.686584
v 256.197601 -8.41423035 737.689697
v 391.686279 -11.8834324 665.251343
v 386.988525 11.0890846 688.373657
v 391.686279 -11.8834324 665.251343
v 475.133606 23.2188988 680.493835
v 386.988525 11.0890846 688.373657
v 475.133606 23.2188988 680.493835
v 391.686279 -11.8834324 665.251343
v 499.344727 1.99772179 660.086609
v -293.526764 -47.5772781 662.651489
v -294.212372 -50.6592789 662.651489
v -282.21756 -56.1378555 657.842834
v -265.086426 -49.5721397 652.160278
v -293.526764 -47.5772781 662.651489
v -282.21756 -56.1378555 657.842834
v -265.086426 -49.5721397 652.160278
v -282.21756 -56.1378555 657.842834
v -266.787811 -57.2200661 652.160278
v -281.892273 -56.1606712 639.057556
v -297.301697 -55.0798454 644.740234
v -280.190887 -48.5126419 639.057556
v -297.301697 -55.0798454 644.740234
v -308.631226 -46.5177841 649.548828
v -280.190887 -48.5126419 639.057556
v -308.631226 -46.5177841 649.548828
v -297.301697 -55.0798454 644.740234
v -309.316864 -49.599884 649.548828
v -317.738586 -45.8790665 641.645813
v -318.424225 -48.961071 641.645813
v -306.409027 -54.4410248 636.837341
v -289.298248 -47.8738251 631.154541
v -317.738586 -45.8790665 641.645813
v -306.409027 -54.4410248 636.837341
v -289.298248 -47.8738251 631.154541
v -306.409027 -54.4410248 636.837341
v -290.999725 -55.5218506 631.154541
v -306.104218 -54.4623566 618.040405
v -321.513611 -53.3815384 623.734741
v -304.40274 -46.8144302 618.040405
v -321.513611 -53.3815384 623.734741
v -332.843079 -44.8195724 628.531738
v -304.40274 -46.8144302 618.040405
v -332.843079 -44.8195724 628.531738
v -321.513611 -53.3815384 623.734741
v -333.528687 -47.901577 628.531738
v -269.233643 -49.2812195 683.76062
v -269.919159 -52.3632202 683.76062
v -257.904022 -57.8431778 678.952087
v -240.793213 -51.2760773 673.269287
v -269.233643 -49.2812195 683.76062
v -257.904022 -57.8431778 678.952087
v -240.793213 -51.2760773 673.269287
v -257.904022 -57.8431778 678.952087
v -242.494598 -58.9240036 673.269287
v -257.578827 -57.8659935 660.15509
v -272.988251 -56.7851677 665.849426
v -255.877441 -50.2180672 660.15509
v -272.988251 -56.7851677 665.849426
v -284.31778 -48.2232056 670.646362
v -255.877441 -50.2180672 660.15509
v -284.31778 -48.2232056 670.646362
v -272.988251 -56.7851677 665.849426
v -285.003296 -51.3052101 670.646362
v -269.919159 -52.3632202 683.76062
v -269.233643 -49.2812195 683.76062
v -284.317688 -48.2232056 670.646362
v -284.317688 -48.2232056 670.646362
v -285.003296 -51.3052101 670.646362
v -269.919159 -52.3632202 683.76062
v -269.919159 -52.3632202 683.76062
v -285.003296 -51.3052101 670.646362
v -272.988251 -56.7851677 665.849426
v -272.988251 -56.7851677 665.849426
v -257.904022 -57.8431778 678.952087
v -269.919159 -52.3632202 683.76062
v -257.904022 -57.8431778 678.952087
v -272.988251 -56.7851677 665.849426
v -257.578735 -57.8659935 660.15509
v -257.578735 -57.8659935 660.15509
v -242.494598 -58.9240036 673.269287
v -257.904022 -57.8431778 678.952087
v -318.424225 -48.961071 641.645813
v -317.738586 -45.8790665 641.645813
v -332.843079 -44.8195724 628.531738
v -332.843079 -44.8195724 628.531738
v -333.528687 -47.901577 628.531738
v -318.424225 -48.961071 641.645813
v -318.424225 -48.961071 641.645813
v -333.528687 -47.901577 628.531738
v -321.513611 -53.3815384 623.734741
v -321.513611 -53.3815384 623.734741
v -306.409027 -54.4410248 636.837341
v -318.424225 -48.961071 641.645813
v -306.409027 -54.4410248 636.837341
v -321.513611 -53.3815384 623.734741
v -306.104218 -54.4623566 618.040405
v -306.104218 -54.4623566 618.040405
v -290.999725 -55.5218506 631.154541
v -306.409027 -54.4410248 636.837341
v -294.212372 -50.6592789 662.651489
v -293.526764 -47.5772781 662.651489
v -308.631226 -46.5177841 649.548828
v -308.631226 -46.5177841 649.548828
v -309.316864 -49.599884 649.548828
v -294.212372 -50.6592789 662.651489
v -294.212372 -50.6592789 662.651489
v -309.316864 -49.599884 649.548828
v -297.301697 -55.0798454 644.740234
v -297.301697 -55.0798454 644.740234
v -282.21756 -56.1378555 657.842834
v -294.212372 -50.6592789 662.651489
v -282.21756 -56.1378555 657.842834
v -297.301697 -55.0798454 644.740234
v -281.892273 -56.1606712 639.057556
v -281.892273 -56.1606712 639.057556
v -266.787811 -57.2200661 652.160278
v -282.21756 -56.1378555 657.842834
v -293.526764 -47.5772781 482.067749
v -282.21756 -56.1378555 486.876099
v -294.212372 -50.6592789 482.067749
v -265.086334 -49.5721397 492.55899
v -282.21756 -56.1378555 486.876099
v -293.526764 -47.5772781 482.067749
v -265.086334 -49.5721397 492.55899
v -266.787689 -57.2200661 492.55899
v -282.21756 -56.1378555 486.876099
v -281.892273 -56.1606712 505.661621
v -280.190796 -48.5126419 505.661621
v -297.301697 -55.0798454 499.978821
v -297.301697 -55.0798454 499.978821
v -280.190796 -48.5126419 505.661621
v -308.631134 -46.5177841 495.170349
v -308.631134 -46.5177841 495.170349
v -309.316864 -49.599884 495.170349
v -297.301697 -55.0798454 499.978821
v -317.738495 -45.8790665 503.073334
v -306.409027 -54.4410248 507.881805
v -318.424225 -48.961071 503.073334
v -289.298157 -47.8738251 513.564636
v -306.409027 -54.4410248 507.881805
v -317.738495 -45.8790665 503.073334
v -289.298157 -47.8738251 513.564636
v -290.999725 -55.5218506 513.564636
v -306.409027 -54.4410248 507.881805
v -306.104095 -54.4623566 526.678711
v -304.40274 -46.8144302 526.678711
v -321.513519 -53.3815384 520.984375
v -321.513519 -53.3815384 520.984375
v -304.40274 -46.8144302 526.678711
v -332.843079 -44.8195724 516.187378
v -332.843079 -44.8195724 516.187378
v -333.528687 -47.901577 516.187378
v -321.513519 -53.3815384 520.984375
v -269.233551 -49.2812195 460.958527
v -257.904022 -57.8431778 465.767212
v -269.919067 -52.3632202 460.958527
v -240.793213 -51.2760773 471.449829
v -257.904022 -57.8431778 465.767212
v -269.233551 -49.2812195 460.958527
v -240.793213 -51.2760773 471.449829
v -242.494598 -58.9240036 471.449829
v -257.904022 -57.8431778 465.767212
v -257.578827 -57.8660889 484.564026
v -255.87735 -50.2180672 484.564026
v -272.988251 -56.7851677 478.86969
v -272.988251 -56.7851677 478.86969
v -255.87735 -50.2180672 484.564026
v -284.317688 -48.2232056 474.072601
v -284.317688 -48.2232056 474.072601
v -285.003296 -51.3052101 474.072601
v -272.988251 -56.7851677 478.86969
v -269.919067 -52.3632202 460.958527
v -284.317596 -48.2232056 474.072601
v -269.233551 -49.2812195 460.958527
v -284.317596 -48.2232056 474.072601
v -269.919067 -52.3632202 460.958527
v -285.003204 -51.3052101 474.072601
v -269.919067 -52.3632202 460.958527
v -272.988251 -56.7851677 478.86969
v -285.003204 -51.3052101 474.072601
v -272.988251 -56.7851677 478.86969
v -269.919067 -52.3632202 460.958527
v -257.904022 -57.8431778 465.767212
v -257.904022 -57.8431778 465.767212
v -257.578735 -57.8660889 484.564026
v -272.988251 -56.7851677 478.86969
v -257.578735 -57.8660889 484.564026
v -257.904022 -57.8431778 465.767212
v -242.494598 -58.9240036 471.449829
v -318.424225 -48.961071 503.073334
v -332.843079 -44.8195724 516.187378
v -317.738495 -45.8790665 503.073334
v -332.843079 -44.8195724 516.187378
v -318.424225 -48.961071 503.073334
v -333.528687 -47.901577 516.187378
v -318.424225 -48.961071 503.073334
v -321.513519 -53.3815384 520.984375
v -333.528687 -47.901577 516.187378
v -321.513519 -53.3815384 520.984375
v -318.424225 -48.961071 503.073334
v -306.409027 -54.4410248 507.881805
v -306.409027 -54.4410248 507.881805
v -306.104095 -54.4623566 526.678711
v -321.513519 -53.3815384 520.984375
v -306.104095 -54.4623566 526.678711
v -306.409027 -54.4410248 507.881805
v -290.999725 -55.5218506 513.564636
v -294.212372 -50.6592789 482.067749
v -308.631134 -46.5177841 495.170349
v -293.526764 -47.5772781 482.067749
v -308.631134 -46.5177841 495.170349
v -294.212372 -50.6592789 482.067749
v -309.316864 -49.599884 495.170349
v -294.212372 -50.6592789 482.067749
v -297.301697 -55.0798454 499.978821
v -309.316864 -49.599884 495.170349
v -297.301697 -55.0798454 499.978821
v -294.212372 -50.6592789 482.067749
v -282.21756 -56.1378555 486.876099
v -282.21756 -56.1378555 486.876099
v -281.892273 -56.1606712 505.661621
v -297.301697 -55.0798454 499.978821
v -281.892273 -56.1606712 505.661621
v -282.21756 -56.1378555 486.876099
v -266.787689 -57.2200661 492.55899
v -422.292877 -23.4281521 640.426331
v -381.230591 -28.0820618 647.363037
v -375.468689 -2.18159509 647.363037
v -375.468689 -2.18159509 647.363037
v -416.919586 0.725815892 640.426453
v -422.292877 -23.4281521 640.426331
v -475.838867 -7.78953505 631.027954
v -422.292877 -23.4281521 640.426331
v -416.919586 0.725815892 640.426453
v -416.919586 0.725815892 640.426453
v -473.06842 4.66418123 631.027954
v -475.838867 -7.78953505 631.027954
v -515.759399 7.65859175 572.359436
v -473.06842 4.66418123 513.690979
v -475.838867 -7.78953505 513.690979
v -475.838867 -7.78953505 513.690979
v -518.529907 -4.79512501 572.359436
v -515.759399 7.65859175 572.359436
v -473.06842 4.66418123 631.027954
v -515.759399 7.65859175 572.359436
v -518.529907 -4.79512501 572.359436
v -518.529907 -4.79512501 572.359436
v -475.838867 -7.78953505 631.027954
v -473.06842 4.66418123 631.027954
v -375.468597 -2.18159509 497.356079
v -381.230469 -28.0820618 497.356079
v -422.292877 -23.4281521 504.292633
v -422.292877 -23.4281521 504.292633
v -416.919586 0.725815892 504.292725
v -375.468597 -2.18159509 497.356079
v -416.919586 0.725815892 504.292725
v -422.292877 -23.4281521 504.292633
v -475.838867 -7.78953505 513.690979
v -475.838867 -7.78953505 513.690979
v -473.06842 4.66418123 513.690979
v -416.919586 0.725815892 504.292725
v -422.292877 -23.4281521 504.292633
v -381.230469 -28.0820618 497.356079
v -401.674011 -26.4277935 572.359558
v -401.674011 -26.4277935 572.359558
v -460.869873 -20.3165245 572.359436
v -422.292877 -23.4281521 504.292633
v -422.292877 -23.4281521 640.426331
v -460.869873 -20.3165245 572.359436
v -401.674011 -26.4277935 572.359558
v -401.674011 -26.4277935 572.359558
v -381.230591 -28.0820618 647.363037
v -422.292877 -23.4281521 640.426331
v -475.838867 -7.78953505 513.690979
v -422.292877 -23.4281521 504.292633
v -460.869873 -20.3165245 572.359436
v -460.869873 -20.3165245 572.359436
v -518.529907 -4.79512501 572.359436
v -475.838867 -7.78953505 513.690979
v -475.838867 -7.78953505 631.027954
v -518.529907 -4.79512501 572.359436
v -460.869873 -20.3165245 572.359436
v -460.869873 -20.3165245 572.359436
v -422.292877 -23.4281521 640.426331
v -475.838867 -7.78953505 631.027954
v -368.031494 54.5430374 606.870422
v -407.925812 46.9075546 619.524414
v -357.10318 43.342762 672.440857
v -357.10318 43.342762 672.440857
v -301.962219 49.9088745 673.591309
v -368.031494 54.5430374 606.870422
v -301.962219 49.9088745 673.591309
v -316.131531 50.9027023 598.783264
v -368.031494 54.5430374 606.870422
v -301.962219 49.9088745 673.591309
v -208.184326 43.3311081 680.953735
v -316.131531 50.9027023 598.783264
v -246.789154 46.0389442 711.047241
v -208.184326 43.3311081 680.953735
v -301.962219 49.9088745 673.591309
v -213.979294 17.2823181 680.953735
v -208.184326 43.3311081 680.953735
v -246.789337 46.0389442 711.047241
v -246.789337 46.0389442 711.047241
v -252.258926 19.9673424 711.277222
v -213.979294 17.2823181 680.953735
v -307.757172 23.8600864 673.591309
v -252.258926 19.9673424 711.277222
v -246.789154 46.0389442 711.047241
v -246.789154 46.0389442 711.047241
v -301.962219 49.9088745 673.591309
v -307.757172 23.8600864 673.591309
v -307.757172 23.8600864 673.591309
v -301.962219 49.9088745 673.591309
v -357.10318 43.342762 672.440857
v -357.10318 43.342762 672.440857
v -361.161133 25.1017723 672.440857
v -307.757172 23.8600864 673.591309
v -361.161133 25.1017723 672.440857
v -357.10318 43.342762 672.440857
v -407.925812 46.9075546 619.524414
v -407.925812 46.9075546 619.524414
v -412.212372 27.6391659 619.524414
v -361.161133 25.1017723 672.440857
v -371.358093 39.5895538 606.870422
v -412.212372 27.6391659 619.524414
v -407.925812 46.9075546 619.524414
v -407.925812 46.9075546 619.524414
v -368.031494 54.5430374 606.870422
v -371.358093 39.5895538 606.870422
v -305.946106 -58.4846649 629.014954
v -230.220398 -63.796154 684.232178
v -225.601242 -43.032486 684.232178
v -225.601242 -43.032486 684.232178
v -301.326874 -37.7209969 629.014954
v -305.946106 -58.4846649 629.014954
v -393.99704 -45.9324913 612.909729
v -305.946106 -58.4846649 629.014954
v -301.326874 -37.7209969 629.014954
v -301.326874 -37.7209969 629.014954
v -389.647003 -26.3788147 612.909729
v -393.99704 -45.9324913 612.909729
v -419.561646 -38.3428268 584.150696
v -393.99704 -45.9324913 612.909729
v -389.647003 -26.3788147 612.909729
v -389.647003 -26.3788147 612.909729
v -416.227448 -23.3550758 584.150818
v -419.561646 -38.3428268 584.150696
v -419.561646 -38.3428268 584.150696
v -416.227448 -23.3550758 584.150818
v -416.227448 -23.3550758 560.568359
v -416.227448 -23.3550758 560.568359
v -419.561646 -38.3428268 560.568237
v -419.561646 -38.3428268 584.150696
v -419.561646 -38.3428268 560.568237
v -416.227448 -23.3550758 560.568359
v -389.647003 -26.3788147 531.809448
v -389.647003 -26.3788147 531.809448
v -393.99704 -45.9324913 531.809448
v -419.561646 -38.3428268 560.568237
v -393.99704 -45.9324913 531.809448
v -389.647003 -26.3788147 531.809448
v -301.326752 -37.7209969 515.704224
v -301.326752 -37.7209969 515.704224
v -305.946106 -58.4846649 515.704224
v -393.99704 -45.9324913 531.809448
v -230.220306 -63.796154 460.487
v -305.946106 -58.4846649 515.704224
v -301.326752 -37.7209969 515.704224
v -301.326752 -37.7209969 515.704224
v -225.601151 -43.032486 460.487
v -230.220306 -63.796154 460.487
v -393.99704 -45.9324913 612.909729
v -419.561554 -38.3428268 584.150696
v -419.561554 -38.3428268 560.568237
v -419.561554 -38.3428268 560.568237
v -393.99704 -45.9324913 531.809448
v -393.99704 -45.9324913 612.909729
v -305.945984 -58.4846649 629.014771
v -393.99704 -45.9324913 612.909729
v -393.99704 -45.9324913 531.809448
v -393.99704 -45.9324913 531.809448
v -305.945984 -58.4846649 515.704224
v -305.945984 -58.4846649 629.014771
v -230.220398 -63.796154 684.232178
v -305.945984 -58.4846649 629.014771
v -305.945984 -58.4846649 515.704224
v -305.945984 -58.4846649 515.704224
v -230.220306 -63.796154 460.487
v -230.220398 -63.796154 684.232178
v -230.220398 -63.796154 684.232178
v -230.220306 -63.796154 460.487
v -87.4089661 -73.8132019 460.487091
v -87.4089661 -73.8132019 460.487091
v -87.4089661 -73.8132019 684.232239
v -230.220398 -63.796154 684.232178
v -208.551376 33.607151 684.232178
v -203.932129 54.3708191 684.232178
v -279.657745 59.6823082 629.014771
v -279.657745 59.6823082 629.014771
v -284.277008 38.918644 629.014771
v -208.551376 33.607151 684.232178
v -284.277008 38.918644 629.014771
v -279.657745 59.6823082 629.014771
v -370.502228 59.6781578 612.909729
v -370.502228 59.6781578 612.909729
v -374.852295 40.124382 612.909729
v -284.277008 38.918644 629.014771
v -374.852295 40.124382 612.909729
v -370.502228 59.6781578 612.909729
v -398.606232 55.8528633 584.150818
v -398.606232 55.8528633 584.150818
v -401.94043 40.8651123 584.150818
v -374.852295 40.124382 612.909729
v -401.94043 40.8651123 560.568359
v -401.94043 40.8651123 584.150818
v -398.606232 55.8528633 584.150818
v -398.606232 55.8528633 584.150818
v -398.606232 55.8528633 560.568359
v -401.94043 40.8651123 560.568359
v -374.852203 40.124382 531.809448
v -401.94043 40.8651123 560.568359
v -398.606232 55.8528633 560.568359
v -398.606232 55.8528633 560.568359
v -370.502228 59.6781578 531.809448
v -374.852203 40.124382 531.809448
v -284.276886 38.918644 515.704224
v -374.852203 40.124382 531.809448
v -370.502228 59.6781578 531.809448
v -370.502228 59.6781578 531.809448
v -279.657745 59.6823082 515.704224
v -284.276886 38.918644 515.704224
v -284.276886 38.918644 515.704224
v -279.657745 59.6823082 515.704224
v -203.932037 54.3708191 460.487
v -203.932037 54.3708191 460.487
v -208.551285 33.607151 460.487
v -284.276886 38.918644 515.704224
v -398.606323 55.8528633 560.568359
v -398.606323 55.8528633 584.150818
v -370.502228 59.6781578 612.909729
v -370.502228 59.6781578 612.909729
v -370.502228 59.6781578 531.809448
v -398.606323 55.8528633 560.568359
v -370.502228 59.6781578 531.809448
v -370.502228 59.6781578 612.909729
v -279.657837 59.6824074 629.014954
v -279.657837 59.6824074 629.014954
v -279.657837 59.6824074 515.704224
v -370.502228 59.6781578 531.809448
v -203.932129 54.3708191 460.487
v -279.657837 59.6824074 515.704224
v -279.657837 59.6824074 629.014954
v -279.657837 59.6824074 629.014954
v -203.932129 54.3708191 684.232178
v -203.932129 54.3708191 460.487
v -61.1207085 44.3538666 460.487091
v -203.932129 54.3708191 460.487
v -203.932129 54.3708191 684.232178
v -203.932129 54.3708191 684.232178
v -61.1208076 44.3538666 684.232239
v -61.1207085 44.3538666 460.487091
v -299.150787 43.9847374 514.841553
v -294.056763 66.8829956 514.841553
v -107.029602 53.7646866 471.127869
v -107.029602 53.7646866 471.127869
v -118.043144 4.25821829 471.127869
v -299.150787 43.9847374 514.841553
v -118.043144 4.25821829 471.127869
v -107.029602 53.7646866 471.127869
v 39.0868149 33.0821915 473.428558
v 39.0868149 33.0821915 473.428558
v 29.3100243 -10.8652163 473.428558
v -118.043144 4.25821829 471.127869
v -107.029602 53.7646866 673.59137
v -294.056854 66.8829956 629.877747
v -299.150879 43.9847374 629.877747
v -299.150879 43.9847374 629.877747
v -118.043144 4.25821829 673.59137
v -107.029602 53.7646866 673.59137
v 39.0867119 33.0821915 671.290833
v -107.029602 53.7646866 673.59137
v -118.043144 4.25821829 673.59137
v -118.043144 4.25821829 673.59137
v 29.309927 -10.8652163 671.290833
v 39.0867119 33.0821915 671.290833
v -107.029602 53.7646866 471.127869
v -294.056763 66.8829956 514.841553
v -294.056854 66.8829956 629.877747
v -294.056854 66.8829956 629.877747
v -107.029602 53.7646866 673.59137
v -107.029602 53.7646866 471.127869
v 39.0868149 33.0821915 473.428558
v -107.029602 53.7646866 471.127869
v -107.029602 53.7646866 673.59137
v -107.029602 53.7646866 673.59137
v 39.0867119 33.0821915 671.290833
v 39.0868149 33.0821915 473.428558
v -294.056854 66.8829956 629.877747
v -294.056763 66.8829956 514.841553
v -299.150787 43.9847374 514.841553
v -299.150787 43.9847374 514.841553
v -299.150879 43.9847374 629.877747
v -294.056854 66.8829956 629.877747
v -373.85321 -31.9499207 672.440857
v -424.675873 -28.3851299 619.524292
v -389.3526 -41.2964554 606.870422
v -389.3526 -41.2964554 606.870422
v -323.283325 -45.9306145 673.591309
v -373.85321 -31.9499207 672.440857
v -389.3526 -41.2964554 606.870422
v -337.452637 -44.9367905 598.783264
v -323.283325 -45.9306145 673.591309
v -337.452637 -44.9367905 598.783264
v -229.505447 -52.5083847 680.953735
v -323.283325 -45.9306145 673.591309
v -323.283325 -45.9306145 673.591309
v -229.505447 -52.5083847 680.953735
v -268.11026 -49.8005447 711.047241
v -386.026001 -26.342968 606.870422
v -389.3526 -41.2964554 606.870422
v -424.675873 -28.3851299 619.524292
v -424.675873 -28.3851299 619.524292
v -420.389313 -9.11674118 619.524414
v -386.026001 -26.342968 606.870422
v -369.795197 -13.7088346 672.440857
v -420.389313 -9.11674118 619.524414
v -424.675873 -28.3851299 619.524292
v -424.675873 -28.3851299 619.524292
v -373.85321 -31.9499207 672.440857
v -369.795197 -13.7088346 672.440857
v -317.488342 -19.8818245 673.591309
v -369.795197 -13.7088346 672.440857
v -373.85321 -31.9499207 672.440857
v -373.85321 -31.9499207 672.440857
v -323.283325 -45.9306145 673.591309
v -317.488342 -19.8818245 673.591309
v -317.488342 -19.8818245 673.591309
v -323.283325 -45.9306145 673.591309
v -268.11026 -49.8005447 711.047241
v -268.11026 -49.8005447 711.047241
v -261.98999 -23.7745667 711.277222
v -317.488342 -19.8818245 673.591309
v -268.110352 -49.8005447 711.047241
v -229.505447 -52.5083847 680.953735
v -223.710358 -26.4594936 680.953735
v -223.710358 -26.4594936 680.953735
v -261.98999 -23.7745667 711.277222
v -268.110352 -49.8005447 711.047241
v -373.85321 -31.9499207 472.278107
v -389.3526 -41.2964554 537.848755
v -424.675873 -28.3851299 525.194641
v -389.3526 -41.2964554 537.848755
v -373.85321 -31.9499207 472.278107
v -323.283234 -45.9306145 471.127777
v -389.3526 -41.2964554 537.848755
v -323.283234 -45.9306145 471.127777
v -337.452637 -44.9367905 545.935669
v -337.452637 -44.9367905 545.935669
v -323.283234 -45.9306145 471.127777
v -229.505356 -52.5083847 463.765442
v -323.283234 -45.9306145 471.127777
v -268.110168 -49.8005447 433.671906
v -229.505356 -52.5083847 463.765442
v -386.026001 -26.342968 537.848755
v -424.675873 -28.3851299 525.194641
v -389.3526 -41.2964554 537.848755
v -424.675873 -28.3851299 525.194641
v -386.026001 -26.342968 537.848755
v -420.389313 -9.11674118 525.194702
v -369.795197 -13.7088346 472.278107
v -424.675873 -28.3851299 525.194641
v -420.389313 -9.11674118 525.194702
v -424.675873 -28.3851299 525.194641
v -369.795197 -13.7088346 472.278107
v -373.85321 -31.9499207 472.278107
v -317.488251 -19.8818245 471.127777
v -373.85321 -31.9499207 472.278107
v -369.795197 -13.7088346 472.278107
v -373.85321 -31.9499207 472.278107
v -317.488251 -19.8818245 471.127777
v -323.283234 -45.9306145 471.127777
v -317.488251 -19.8818245 471.127777
v -268.110168 -49.8005447 433.671906
v -323.283234 -45.9306145 471.127777
v -268.110168 -49.8005447 433.671906
v -317.488251 -19.8818245 471.127777
v -261.989899 -23.7745667 433.442017
v -268.11026 -49.8005447 433.671906
v -223.710358 -26.4594936 463.765442
v -229.505356 -52.5083847 463.765442
v -223.710358 -26.4594936 463.765442
v -268.11026 -49.8005447 433.671906
v -261.989899 -23.7745667 433.442017
v -371.967804 37.8701096 664.952209
v -382.415894 31.6471519 688.373474
v -248.981613 24.0268764 737.689514
v -248.981613 24.0268764 737.689514
v -220.948822 29.0164394 719.088196
v -371.967804 37.8701096 664.952209
v -141.950134 23.4753551 663.698364
v -371.967804 37.8701096 664.952209
v -220.948822 29.0164394 719.088196
v -371.967682 37.8701096 479.766937
v -371.967804 37.8701096 664.952209
v -141.950134 23.4753551 663.698364
v -141.950134 23.4753551 663.698364
v -141.950134 23.4753551 481.020996
v -371.967682 37.8701096 479.766937
v -371.967682 37.8701096 479.766937
v -141.950134 23.4753551 481.020996
v -220.94873 29.0164394 425.630951
v -371.967682 37.8701096 479.766937
v -220.94873 29.0164394 425.630951
v -248.9814 24.0268764 407.029633
v -471.863678 37.9211617 680.493408
v -382.415894 31.6471519 688.373474
v -371.967804 37.8701096 664.952209
v -371.967804 37.8701096 664.952209
v -489.652679 46.1246605 659.947876
v -471.863678 37.9211617 680.493408
v -371.967804 37.8701096 664.952209
v -571.985291 51.8995857 572.359436
v -489.652679 46.1246605 659.947876
v -571.985291 51.8995857 572.359436
v -371.967804 37.8701096 664.952209
v -371.967682 37.8701096 479.766937
v -371.967682 37.8701096 479.766937
v -489.652588 46.1246605 484.771027
v -571.985291 51.8995857 572.359436
v -471.863586 37.9211617 464.225494
v -489.652588 46.1246605 484.771027
v -371.967682 37.8701096 479.766937
v -371.967682 37.8701096 479.766937
v -382.415771 31.6471519 456.345703
v -471.863586 37.9211617 464.225494
v -248.9814 24.0268764 407.029633
v -382.415771 31.6471519 456.345703
v -371.967682 37.8701096 479.766937
v -382.415894 31.6471519 688.373474
v -471.863678 37.9211617 680.493408
v -475.134491 23.2187996 680.493408
v -475.134491 23.2187996 680.493408
v -386.989532 11.0889845 688.373474
v -382.415894 31.6471519 688.373474
v -248.981613 24.0268764 737.689514
v -382.415894 31.6471519 688.373474
v -386.989532 11.0889845 688.373474
v -386.989532 11.0889845 688.373474
v -256.198578 -8.41423035 737.689514
v -248.981613 24.0268764 737.689514
v -475.134491 23.2187996 464.225494
v -471.863586 37.9211617 464.225494
v -382.415771 31.6471519 456.345703
v -382.415771 31.6471519 456.345703
v -386.989441 11.0889845 456.345703
v -475.134491 23.2187996 464.225494
v -386.989441 11.0889845 456.345703
v -382.415771 31.6471519 456.345703
v -248.9814 24.0268764 407.029633
v -248.9814 24.0268764 407.029633
v -256.198486 -8.41423035 407.029633
v -386.989441 11.0889845 456.345703
v -471.863586 37.9211617 464.225494
v -475.134491 23.2187996 464.225494
v -499.345428 1.99752426 484.632874
v -499.345428 1.99752426 484.632874
v -489.652588 46.1246605 484.771027
v -471.863586 37.9211617 464.225494
v -489.652588 46.1246605 484.771027
v -499.345428 1.99752426 484.632874
v -581.447144 9.36776447 572.359436
v -581.447144 9.36776447 572.359436
v -571.985291 51.8995857 572.359436
v -489.652588 46.1246605 484.771027
v -489.652679 46.1246605 659.947876
v -571.985291 51.8995857 572.359436
v -581.447144 9.36776447 572.359436
v -581.447144 9.36776447 572.359436
v -499.34552 1.99752426 660.086182
v -489.652679 46.1246605 659.947876
v -471.863678 37.9211617 680.493408
v -489.652679 46.1246605 659.947876
v -499.34552 1.99752426 660.086182
v -499.34552 1.99752426 660.086182
v -475.134491 23.2187996 680.493408
v -471.863678 37.9211617 680.493408
v -248.981613 24.0268764 737.689514
v -256.198578 -8.41423035 737.689514
v -228.872162 -4.55763006 719.410278
v -228.872162 -4.55763006 719.410278
v -220.948822 29.0164394 719.088196
v -248.981613 24.0268764 737.689514
v -220.948822 29.0164394 719.088196
v -228.872162 -4.55763006 719.410278
v -148.59584 -6.39744949 663.698242
v -148.59584 -6.39744949 663.698242
v -141.950134 23.4753551 663.698364
v -220.948822 29.0164394 719.088196
v -475.134491 23.2187996 464.225494
v -386.989441 11.0889845 456.34552
v -391.687164 -11.8835316 479.467834
v -391.687164 -11.8835316 479.467834
v -499.34552 1.99762309 484.632874
v -475.134491 23.2187996 464.225494
v -391.016357 -11.9305363 517.418213
v -499.34552 1.99762309 484.632874
v -391.687164 -11.8835316 479.467834
v -391.016357 -11.9305363 517.418213
v -391.687164 -11.8835316 479.467834
v -235.647522 -33.1577377 425.032745
v -256.198486 -8.41423035 407.029633
v -235.647522 -33.1577377 425.032745
v -391.687164 -11.8835316 479.467834
v -391.687164 -11.8835316 479.467834
v -386.989441 11.0889845 456.34552
v -256.198486 -8.41423035 407.029633
v -391.016357 -11.9305363 517.418213
v -581.447144 9.36776447 572.359436
v -499.34552 1.99762309 484.632874
v -390.06076 -11.9975882 572.359558
v -581.447144 9.36776447 572.359436
v -391.016357 -11.9305363 517.418213
v -391.016357 -11.9305363 627.30072
v -581.447144 9.36776447 572.359436
v -390.06076 -11.9975882 572.359558
v -581.447144 9.36776447 572.359436
v -391.016357 -11.9305363 627.30072
v -499.345612 1.99762309 660.086182
v -391.687164 -11.8835316 665.25116
v -499.345612 1.99762309 660.086182
v -391.016357 -11.9305363 627.30072
v -235.647614 -33.1577377 719.686401
v -391.687164 -11.8835316 665.25116
v -391.016357 -11.9305363 627.30072
v -391.687164 -11.8835316 665.25116
v -235.647614 -33.1577377 719.686401
v -256.198578 -8.41423035 737.689514
v -256.198578 -8.41423035 737.689514
v -386.989532 11.0889845 688.373474
v -391.687164 -11.8835316 665.25116
v -391.687164 -11.8835316 665.25116
v -386.989532 11.0889845 688.373474
v -475.134491 23.2187996 680.493408
v -475.134491 23.2187996 680.493408
v -499.345612 1.99762309 660.086182
v -391.687164 -11.8835316 665.25116
v 101.760963 -67.3191757 -427.097931
v 101.760963 -72.4727631 -427.097931
v 121.317101 -72.4727631 -507.62326
v 121.317101 -46.0144539 -507.62326
v 101.760963 -67.3191757 -427.097931
v 121.317101 -72.4727631 -507.62326
v 121.317101 -46.0144539 -507.62326
v 101.760963 -46.0144539 -427.097931
v 101.760963 -67.3191757 -427.097931
v -121.317101 -72.4727631 -507.62326
v -101.760963 -72.4727631 -427.098022
v -101.760963 -67.3191757 -427.098022
v -121.317101 -72.4727631 -507.62326
v -101.760963 -67.3191757 -427.098022
v -121.317101 -46.0144539 -507.62326
v -101.760963 -67.3191757 -427.098022
v -101.760963 -46.0144539 -427.098022
v -121.317101 -46.0144539 -507.62326
v 80.5252762 -57.0118942 -544.998474
v 121.317101 -72.4727631 -507.623169
v 80.5252762 -94.3296967 -544.998535
v 80.5252762 -57.0118942 -544.998474
v 121.317101 -46.0144539 -507.623169
v 121.317101 -72.4727631 -507.623169
v 80.5252762 -57.0118942 -544.998474
v 80.5252762 -46.0144539 -544.998474
v 121.317101 -46.0144539 -507.623169
v -121.317101 -72.4727631 -507.62326
v -80.5252762 -57.0118942 -544.998535
v -80.5252762 -94.3295975 -544.998535
v -121.317101 -72.4727631 -507.62326
v -121.317101 -46.0144539 -507.62326
v -80.5252762 -57.0118942 -544.998535
v -121.317101 -46.0144539 -507.62326
v -80.5252762 -46.0144539 -544.998535
v -80.5252762 -57.0118942 -544.998535
v -58.6684341 -94.3296967 -435.714172
v -101.760963 -67.3191757 -427.098022
v -101.760963 -72.4727631 -427.098022
v -101.760963 -67.3191757 -427.098022
v -58.6684341 -94.3296967 -435.714172
v -58.6684341 -56.643856 -435.714172
v -58.6684341 -56.643856 -435.714172
v -101.760963 -46.0144539 -427.098022
v -101.760963 -67.3191757 -427.098022
v -101.760963 -46.0144539 -427.098022
v -58.6684341 -56.643856 -435.714172
v -58.6684341 -46.0144539 -435.714172
v 58.668335 -56.643856 -435.714172
v -58.6684341 -46.0144539 -435.714172
v -58.6684341 -56.643856 -435.714172
v -58.6684341 -46.0144539 -435.714172
v 58.668335 -56.643856 -435.714172
v 58.668335 -46.0144539 -435.714172
v 58.668335 -56.643856 -435.714172
v 101.760963 -46.0144539 -427.097931
v 58.668335 -46.0144539 -435.714172
v 101.760963 -46.0144539 -427.097931
v 58.668335 -56.643856 -435.714172
v 101.760963 -67.3191757 -427.097931
v -58.6684341 -94.3296967 -435.714172
v 58.668335 -56.643856 -435.714172
v -58.6684341 -56.643856 -435.714172
v 58.668335 -56.643856 -435.714172
v -58.6684341 -94.3296967 -435.714172
v 58.668335 -94.3296967 -435.714172
v 101.760963 -72.4727631 -427.097931
v 58.668335 -56.643856 -435.714172
v 58.668335 -94.3296967 -435.714172
v 58.668335 -56.643856 -435.714172
v 101.760963 -72.4727631 -427.097931
v 101.760963 -67.3191757 -427.097931
v 33.3604736 -72.4727631 -663.485779
v -33.3604736 -56.7013283 -663.485779
v 33.3604736 -56.7013283 -663.485779
v -33.3604736 -56.7013283 -663.485779
v 33.3604736 -72.4727631 -663.485779
v -33.3604736 -72.4727631 -663.485779
v -33.3604736 -72.4727631 -663.485779
v -80.5252762 -57.0118942 -544.998535
v -33.3604736 -56.7013283 -663.485779
v -80.5252762 -57.0118942 -544.998535
v -33.3604736 -72.4727631 -663.485779
v -80.5252762 -94.3295975 -544.998535
v 80.5252762 -57.0118942 -544.998474
v 33.3604736 -72.4727631 -663.485779
v 33.3604736 -56.7013283 -663.485779
v 33.3604736 -72.4727631 -663.485779
v 80.5252762 -57.0118942 -544.998474
v 80.5252762 -94.3295975 -544.998535
v -121.317101 -72.4727631 -507.62326
v -58.6684341 -94.3296967 -435.714172
v -101.760963 -72.4727631 -427.098022
v -58.6684341 -94.3296967 -435.714172
v -121.317101 -72.4727631 -507.62326
v -80.5252762 -94.3295975 -544.998535
v -80.5252762 -94.3295975 -544.998535
v 58.668335 -94.3296967 -435.714172
v -58.6684341 -94.3296967 -435.714172
v 58.668335 -94.3296967 -435.714172
v -80.5252762 -94.3295975 -544.998535
v 80.5252762 -94.3295975 -544.998535
v 121.317101 -72.4727631 -507.62326
v 58.668335 -94.3296967 -435.714172
v 80.5252762 -94.3295975 -544.998535
v 58.668335 -94.3296967 -435.714172
v 121.317101 -72.4727631 -507.62326
v 101.760963 -72.4727631 -427.097931
v -33.3604736 -72.4727631 -663.485779
v 80.5252762 -94.3295975 -544.998535
v -80.5252762 -94.3295975 -544.998535
v 80.5252762 -94.3295975 -544.998535
v -33.3604736 -72.4727631 -663.485779
v 33.3604736 -72.4727631 -663.485779
v 241.426407 62.1195641 -703.67926
v 197.03392 49.224041 -729.86145
v 236.065735 66.1228104 -628.744751
v 236.065735 66.1228104 -628.744751
v 197.03392 49.224041 -729.86145
v 146.38353 42.4713898 -647.9328
v 146.38353 42.4713898 -647.9328
v 198.092224 62.9592438 -540.534973
v 236.065735 66.1228104 -628.744751
v 198.092224 62.9592438 -540.534973
v 146.38353 42.4713898 -647.9328
v 115.473251 42.4483757 -540.16687
v 115.473251 42.4483757 -540.16687
v 118.061508 47.4178963 -479.358826
v 198.092224 62.9592438 -540.534973
v 197.03392 49.224041 -729.86145
v 173.819656 42.4828415 -743.550781
v 146.38353 42.4713898 -647.9328
v 118.061508 47.4178963 -479.358826
v 122.306396 14.9432163 -538.211304
v 124.906189 19.9127331 -477.40329
v 122.306396 14.9432163 -538.211304
v 118.061508 47.4178963 -479.358826
v 115.473251 42.4483757 -540.16687
v 242.898773 38.6176491 -626.789062
v 200.324005 20.6834812 -729.988098
v 248.259537 34.6144066 -701.723694
v 200.324005 20.6834812 -729.988098
v 242.898773 38.6176491 -626.789062
v 153.228119 14.95467 -645.977234
v 204.925385 35.4540787 -538.579346
v 153.228119 14.95467 -645.977234
v 242.898773 38.6176491 -626.789062
v 153.228119 14.95467 -645.977234
v 204.925385 35.4540787 -538.579346
v 122.306396 14.9432163 -538.211304
v 204.925385 35.4540787 -538.579346
v 124.906189 19.9127331 -477.40329
v 122.306396 14.9432163 -538.211304
v 197.03392 49.2239456 -729.86145
v 248.259537 34.6144066 -701.723694
v 200.324005 20.6834812 -729.988098
v 248.259537 34.6144066 -701.723694
v 197.03392 49.2239456 -729.86145
v 241.426407 62.1195641 -703.67926
v 236.065643 66.1228104 -628.744751
v 248.259537 34.6144066 -701.723694
v 241.426407 62.1195641 -703.67926
v 248.259537 34.6144066 -701.723694
v 236.065643 66.1228104 -628.744751
v 242.898773 38.6176491 -626.789062
v 198.092224 62.9592438 -540.534973
v 242.898773 38.6176491 -626.789062
v 236.065643 66.1228104 -628.744751
v 242.898773 38.6176491 -626.789062
v 198.092224 62.9592438 -540.534973
v 204.925385 35.4540787 -538.579346
v 118.061508 47.4178963 -479.358826
v 204.925385 35.4540787 -538.579346
v 198.092224 62.9592438 -540.534973
v 204.925385 35.4540787 -538.579346
v 118.061508 47.4178963 -479.358826
v 124.906189 19.9127331 -477.40329
v -241.426315 62.1195641 -703.679382
v -236.065643 66.1228104 -628.744812
v -197.033829 49.224041 -729.861694
v -236.065643 66.1228104 -628.744812
v -146.383438 42.4713898 -647.932861
v -197.033829 49.224041 -729.861694
v -146.383438 42.4713898 -647.932861
v -236.065643 66.1228104 -628.744812
v -198.092224 62.9592438 -540.535156
v -198.092224 62.9592438 -540.535156
v -115.473251 42.4483757 -540.166931
v -146.383438 42.4713898 -647.932861
v -115.473251 42.4483757 -540.166931
v -198.092224 62.9592438 -540.535156
v -118.0616 47.4178963 -479.358948
v -197.033829 49.224041 -729.861694
v -146.383438 42.4713898 -647.932861
v -173.819565 42.4828415 -743.550964
v -118.0616 47.4178963 -479.358948
v -124.906296 19.9127331 -477.40329
v -122.306396 14.9432163 -538.211426
v -122.306396 14.9432163 -538.211426
v -115.473251 42.4483757 -540.166931
v -118.0616 47.4178963 -479.358948
v -242.898773 38.6176491 -626.789307
v -248.259445 34.6144066 -701.723816
v -200.323898 20.6834812 -729.988159
v -200.323898 20.6834812 -729.988159
v -153.228119 14.95467 -645.977295
v -242.898773 38.6176491 -626.789307
v -204.925385 35.4540787 -538.57959
v -242.898773 38.6176491 -626.789307
v -153.228119 14.95467 -645.977295
v -153.228119 14.95467 -645.977295
v -122.306396 14.9432163 -538.211426
v -204.925385 35.4540787 -538.57959
v -204.925385 35.4540787 -538.57959
v -122.306396 14.9432163 -538.211426
v -124.906296 19.9127331 -477.40329
v -197.033829 49.2239456 -729.861694
v -200.323898 20.6834812 -729.988159
v -248.259445 34.6144066 -701.723816
v -248.259445 34.6144066 -701.723816
v -241.426315 62.1195641 -703.679382
v -197.033829 49.2239456 -729.861694
v -236.065643 66.1228104 -628.744812
v -241.426315 62.1195641 -703.679382
v -248.259445 34.6144066 -701.723816
v -248.259445 34.6144066 -701.723816
v -242.898773 38.6176491 -626.789307
v -236.065643 66.1228104 -628.744812
v -198.092224 62.9592438 -540.535156
v -236.065643 66.1228104 -628.744812
v -242.898773 38.6176491 -626.789307
v -242.898773 38.6176491 -626.789307
v -204.925385 35.4540787 -538.57959
v -198.092224 62.9592438 -540.535156
v -118.0616 47.4178963 -479.358948
v -198.092224 62.9592438 -540.535156
v -204.925385 35.4540787 -538.57959
v -204.925385 35.4540787 -538.57959
v -124.906296 19.9127331 -477.40329
v -118.0616 47.4178963 -479.358948
v 23.0071774 -67.8713837 -366.002289
v 42.563324 -56.9084091 -435.714172
v 23.0071774 -56.9084091 -366.002289
v 42.563324 -56.9084091 -435.714172
v 23.0071774 -67.8713837 -366.002289
v 42.563324 -88.5778809 -435.714172
v -42.5634232 -88.5778809 -435.714172
v 23.0071774 -67.8713837 -366.002289
v -23.0072765 -67.8713837 -366.002289
v 23.0071774 -67.8713837 -366.002289
v -42.5634232 -88.5778809 -435.714172
v 42.563324 -88.5778809 -435.714172
v 23.0071774 -67.8713837 -366.002289
v -23.0072765 -56.9084091 -366.002289
v -23.0072765 -67.8713837 -366.002289
v -23.0072765 -56.9084091 -366.002289
v 23.0071774 -67.8713837 -366.002289
v 23.0071774 -56.9084091 -366.002289
v -42.5634232 -56.9084091 -435.714172
v -23.0072765 -67.8713837 -366.002289
v -23.0072765 -56.9084091 -366.002289
v -23.0072765 -67.8713837 -366.002289
v -42.5634232 -56.9084091 -435.714172
v -42.5634232 -88.5778809 -435.714172
v -25.7450352 -73.0939026 -651.395447
v 18.0376606 -77.5803299 -651.395447
v -18.0376606 -77.5803299 -651.395447
v 18.0376606 -77.5803299 -651.395447
v -25.7450352 -73.0939026 -651.395447
v 25.7451324 -73.0939026 -651.395447
v 24.9398232 -81.0084534 -632.840088
v -31.8419857 -88.5663223 -614.273254
v -24.9398232 -81.0084534 -632.840088
v -31.8419857 -88.5663223 -614.273254
v 24.9398232 -81.0084534 -632.840088
v 31.8419857 -88.5663223 -614.273254
v 31.8419857 -88.5663223 -614.273254
v -39.5494576 -79.938591 -614.273254
v -31.8419857 -88.5663223 -614.273254
v -39.5494576 -79.938591 -614.273254
v 31.8419857 -88.5663223 -614.273254
v 39.5494576 -79.938591 -614.273254
v 38.7441483 -91.41922 -595.717957
v -46.451622 -83.3667145 -595.717957
v -38.7441483 -91.41922 -595.717957
v -46.451622 -83.3667145 -595.717957
v 38.7441483 -91.41922 -595.717957
v 46.451622 -83.3667145 -595.717834
v 46.0489197 -83.3667145 -595.717834
v 45.6463127 -95.4110107 -577.162537
v 38.7441483 -87.8531494 -595.717957
v 45.6463127 -95.4110107 -577.162537
v 46.0489197 -83.3667145 -595.717834
v 53.3537865 -86.7832794 -577.162537
v 18.0376606 -77.5803299 -651.395447
v -24.9398232 -85.1497574 -632.840088
v -18.0376606 -77.5803299 -651.395447
v -24.9398232 -85.1497574 -632.840088
v 18.0376606 -77.5803299 -651.395447
v 24.9398232 -85.1497574 -632.840088
v 24.9398232 -85.1497574 -632.840088
v -32.6471977 -76.5220261 -632.840088
v -24.9398232 -85.1497574 -632.840088
v -32.6471977 -76.5220261 -632.840088
v 24.9398232 -85.1497574 -632.840088
v 32.6472969 -76.5220261 -632.840088
v -24.9398232 -81.0084534 -632.840088
v 32.302166 -76.5220261 -632.840088
v 24.9398232 -81.0084534 -632.840088
v 32.302166 -76.5220261 -632.840088
v -24.9398232 -81.0084534 -632.840088
v -32.302166 -76.5220261 -632.840088
v -38.7441483 -91.41922 -595.717957
v -39.2043266 -79.938591 -614.273254
v -31.8419857 -84.4250259 -614.273254
v -39.2043266 -79.938591 -614.273254
v -38.7441483 -91.41922 -595.717957
v -46.451622 -83.3667145 -595.717957
v 38.7441483 -87.8531494 -595.717957
v -45.6463127 -95.4110107 -577.162659
v -38.7441483 -87.8531494 -595.717957
v -45.6463127 -95.4110107 -577.162659
v 38.7441483 -87.8531494 -595.717957
v 45.6463127 -95.4110107 -577.162537
v -24.9398232 -85.1497574 -632.840088
v -25.7450352 -73.0939026 -651.395447
v -18.0376606 -77.5803299 -651.395447
v -25.7450352 -73.0939026 -651.395447
v -24.9398232 -85.1497574 -632.840088
v -32.6471977 -76.5220261 -632.840088
v -31.8419857 -88.5663223 -614.273254
v -32.302166 -76.5220261 -632.840088
v -24.9398232 -81.0084534 -632.840088
v -32.302166 -76.5220261 -632.840088
v -31.8419857 -88.5663223 -614.273254
v -39.5494576 -79.938591 -614.273254
v 39.2043266 -79.938591 -614.273254
v 38.7441483 -91.41922 -595.717957
v 31.8419857 -84.4250259 -614.273254
v 38.7441483 -91.41922 -595.717957
v 39.2043266 -79.938591 -614.273254
v 46.451622 -83.3667145 -595.717834
v 53.3537865 -86.7832794 -577.162537
v -45.6463127 -95.4110107 -577.162659
v 45.6463127 -95.4110107 -577.162537
v -45.6463127 -95.4110107 -577.162659
v 53.3537865 -86.7832794 -577.162537
v -53.3537865 -86.7832794 -577.162659
v -46.0489197 -83.3667145 -595.717957
v 38.7441483 -87.8531494 -595.717957
v -38.7441483 -87.8531494 -595.717957
v 38.7441483 -87.8531494 -595.717957
v -46.0489197 -83.3667145 -595.717957
v 46.0489197 -83.3667145 -595.717834
v 25.7451324 -73.0939026 -651.395447
v 24.9398232 -85.1497574 -632.840088
v 18.0376606 -77.5803299 -651.395447
v 24.9398232 -85.1497574 -632.840088
v 25.7451324 -73.0939026 -651.395447
v 32.6472969 -76.5220261 -632.840088
v 32.302166 -76.5220261 -632.840088
v 31.8419857 -88.5663223 -614.273254
v 24.9398232 -81.0084534 -632.840088
v 31.8419857 -88.5663223 -614.273254
v 32.302166 -76.5220261 -632.840088
v 39.5494576 -79.938591 -614.273254
v 38.7441483 -91.41922 -595.717957
v -31.8419857 -84.4250259 -614.273254
v 31.8419857 -84.4250259 -614.273254
v -31.8419857 -84.4250259 -614.273254
v 38.7441483 -91.41922 -595.717957
v -38.7441483 -91.41922 -595.717957
v -39.2043266 -79.938591 -614.273254
v 31.8419857 -84.4250259 -614.273254
v -31.8419857 -84.4250259 -614.273254
v 31.8419857 -84.4250259 -614.273254
v -39.2043266 -79.938591 -614.273254
v 39.2043266 -79.938591 -614.273254
v -45.6463127 -95.4110107 -577.162659
v -46.0489197 -83.3667145 -595.717957
v -38.7441483 -87.8531494 -595.717957
v -46.0489197 -83.3667145 -595.717957
v -45.6463127 -95.4110107 -577.162659
v -53.3537865 -86.7832794 -577.162659
v 165.467941 -54.0670586 -448
v 122.870064 31.7384968 -470.167419
v 165.467941 14.95467 -447.999908
v 122.870064 31.7384968 -470.167419
v 165.467941 -54.0670586 -448
v 122.870064 -67.6297455 -470.167511
v 122.870064 -67.6297455 -470.167511
v 83.0330353 -55.1598358 -487.768036
v 122.870064 31.7384968 -470.167419
v 83.0330353 -55.1598358 -487.768036
v 83.0330353 32.2101288 -487.768036
v 122.870064 31.7384968 -470.167419
v 83.0330353 -68.216423 -487.768036
v 83.0330353 -55.1598358 -487.768036
v 122.870064 -67.6297455 -470.167511
v 57.1268425 -55.1598358 -399.466248
v 83.0330353 -68.216423 -487.768036
v 57.1268425 -68.216423 -399.466248
v 83.0330353 -68.216423 -487.768036
v 57.1268425 -55.1598358 -399.466248
v 83.0330353 -55.1598358 -487.768036
v 57.1268425 32.2101288 -399.466248
v 122.870064 31.7384968 -470.167511
v 83.0330353 32.2101288 -487.768036
v 122.870064 31.7384968 -470.167511
v 57.1268425 32.2101288 -399.466248
v 97.7691727 32.0260582 -387.536987
v 97.7691727 32.0260582 -387.536987
v 165.467941 14.95467 -448
v 122.870064 31.7384968 -470.167511
v 165.467941 14.95467 -448
v 97.7691727 32.0260582 -387.536987
v 143.772064 14.95467 -374.043213
v 122.870064 -67.6297455 -470.167511
v 57.1268425 -68.216423 -399.466248
v 83.0330353 -68.216423 -487.768036
v 57.1268425 -68.216423 -399.466248
v 122.870064 -67.6297455 -470.167511
v 97.7691727 -67.8713837 -387.536987
v 165.467941 -54.0669594 -448
v 97.7691727 -67.8713837 -387.536987
v 122.870064 -67.6297455 -470.167511
v 97.7691727 -67.8713837 -387.536987
v 165.467941 -54.0669594 -448
v 143.772064 -54.0670586 -374.043213
v 165.467941 -54.0669594 -448
v 143.772064 14.95467 -374.043213
v 143.772064 -54.0670586 -374.043213
v 143.772064 14.95467 -374.043213
v 165.467941 -54.0669594 -448
v 165.467941 14.95467 -448
v 143.772064 14.95467 -374.043213
v 97.7691727 -67.8713837 -387.536987
v 143.772064 -54.0670586 -374.043213
v 97.7691727 -67.8713837 -387.536987
v 143.772064 14.95467 -374.043213
v 97.7691727 32.0260582 -387.536987
v 57.1268425 -55.1598358 -399.466248
v 97.7691727 -67.8713837 -387.536987
v 97.7691727 32.0260582 -387.536987
v 57.1268425 -68.216423 -399.466248
v 97.7691727 -67.8713837 -387.536987
v 57.1268425 -55.1598358 -399.466248
v 57.1268425 32.2101288 -399.466248
v 57.1268425 -55.1598358 -399.466248
v 97.7691727 32.0260582 -387.536987
v -165.468048 -54.0670586 -448.000092
v -165.468048 14.95467 -448.000092
v -122.870155 31.7384968 -470.167511
v -122.870155 31.7384968 -470.167511
v -122.870155 -67.6297455 -470.167511
v -165.468048 -54.0670586 -448.000092
v -122.870155 -67.6297455 -470.167511
v -122.870155 31.7384968 -470.167511
v -83.0331421 -55.1598358 -487.768036
v -83.0331421 -55.1598358 -487.768036
v -122.870155 31.7384968 -470.167511
v -83.0331421 32.2101288 -487.768036
v -83.0331421 -68.216423 -487.768036
v -122.870155 -67.6297455 -470.167511
v -83.0331421 -55.1598358 -487.768036
v -57.1270447 -55.1598358 -399.466339
v -57.1270447 -68.216423 -399.466339
v -83.0331421 -68.216423 -487.768127
v -83.0331421 -68.216423 -487.768127
v -83.0331421 -55.1598358 -487.768127
v -57.1270447 -55.1598358 -399.466339
v -57.1270447 32.2101288 -399.466339
v -83.0331421 32.2101288 -487.768036
v -122.870155 31.7384968 -470.167511
v -122.870155 31.7384968 -470.167511
v -97.7692795 32.0260582 -387.537079
v -57.1270447 32.2101288 -399.466339
v -97.7692795 32.0260582 -387.537079
v -122.870155 31.7384968 -470.167511
v -165.468048 14.95467 -448.000092
v -165.468048 14.95467 -448.000092
v -143.772263 14.95467 -374.043335
v -97.7692795 32.0260582 -387.537079
v -122.870155 -67.6297455 -470.167511
v -83.0331421 -68.216423 -487.768127
v -57.1270447 -68.216423 -399.466339
v -57.1270447 -68.216423 -399.466339
v -97.7692795 -67.8713837 -387.537079
v -122.870155 -67.6297455 -470.167511
v -165.468048 -54.0669594 -448.000092
v -122.870155 -67.6297455 -470.167511
v -97.7692795 -67.8713837 -387.537079
v -97.7692795 -67.8713837 -387.537079
v -143.772263 -54.0670586 -374.043335
v -165.468048 -54.0669594 -448.000092
v -165.468048 -54.0669594 -448.000092
v -143.772263 -54.0670586 -374.043335
v -143.772263 14.95467 -374.043335
v -143.772263 14.95467 -374.043335
v -165.468048 14.95467 -448.000092
v -165.468048 -54.0669594 -448.000092
v -143.772263 14.95467 -374.043335
v -143.772263 -54.0670586 -374.043335
v -97.7692795 -67.8713837 -387.537079
v -97.7692795 -67.8713837 -387.537079
v -97.7692795 32.0260582 -387.537079
v -143.772263 14.95467 -374.043335
v -57.1270447 -55.1598358 -399.466339
v -97.7692795 32.0260582 -387.537079
v -97.7692795 -67.8713837 -387.537079
v -57.1270447 -68.216423 -399.466339
v -57.1270447 -55.1598358 -399.466339
v -97.7692795 -67.8713837 -387.537079
v -57.1270447 32.2101288 -399.466339
v -97.7692795 32.0260582 -387.537079
v -57.1270447 -55.1598358 -399.466339
v 99.5061951 -69.309288 -559.274536
v 89.6131744 -77.7644043 -552.843933
v 99.5061951 -73.1630325 -559.274536
v 99.5061951 -69.309288 -559.274536
v 79.7200623 -69.309288 -546.424866
v 89.6131744 -77.7644043 -552.843933
v 79.7200623 -69.309288 -546.424866
v 79.7200623 -77.7644043 -546.424866
v 89.6131744 -77.7644043 -552.843933
v 111.032837 -69.309288 -536.658386
v 101.151283 -77.7644043 -530.239258
v 111.032837 -73.1630325 -536.658386
v 111.032837 -69.309288 -536.658386
v 91.2581635 -69.309288 -523.808777
v 101.151283 -77.7644043 -530.239258
v 91.2581635 -69.309288 -523.808777
v 91.2581635 -77.7644043 -523.808777
v 101.151283 -77.7644043 -530.239258
v 88.002655 -69.309288 -581.821594
v 78.1095428 -77.7644043 -575.391052
v 88.002655 -73.1630325 -581.821594
v 88.002655 -69.309288 -581.821594
v 68.216423 -69.309288 -568.971985
v 78.1095428 -77.7644043 -575.391052
v 68.216423 -69.309288 -568.971985
v 68.216423 -77.7644043 -568.971985
v 78.1095428 -77.7644043 -575.391052
v 76.4990158 -69.309288 -604.368713
v 66.605896 -77.7644043 -597.938049
v 76.4990158 -73.1629257 -604.368713
v 76.4990158 -69.309288 -604.368713
v 56.71278 -69.309288 -591.519104
v 66.605896 -77.7644043 -597.938049
v 56.71278 -69.309288 -591.519104
v 56.71278 -77.7644043 -591.519104
v 66.605896 -77.7644043 -597.938049
v 92.6270447 -77.7644043 -543.353455
v 102.520164 -69.309288 -549.7724
v 102.520164 -73.1630325 -549.7724
v 102.520164 -69.309288 -549.7724
v 92.6270447 -77.7644043 -543.353455
v 82.734024 -69.309288 -536.934387
v 82.734024 -77.7644043 -536.934387
v 82.734024 -69.309288 -536.934387
v 92.6270447 -77.7644043 -543.353455
v 69.5853958 -77.7644043 -588.516663
v 79.4785156 -69.309288 -594.935669
v 79.4785156 -73.1630325 -594.935669
v 79.4785156 -69.309288 -594.935669
v 69.5853958 -77.7644043 -588.516663
v 59.7037392 -69.309288 -582.097595
v 59.7037392 -77.7644043 -582.097595
v 59.7037392 -69.309288 -582.097595
v 69.5853958 -77.7644043 -588.516663
v 58.0817604 -77.7644043 -611.063782
v 67.9748764 -69.309288 -617.482788
v 67.9748764 -73.1629257 -617.482788
v 67.9748764 -69.309288 -617.482788
v 58.0817604 -77.7644043 -611.063782
v 48.2000961 -69.309288 -604.644714
v 48.2000961 -77.7644043 -604.644714
v 48.2000961 -69.309288 -604.644714
v 58.0817604 -77.7644043 -611.063782
v 81.0889359 -77.7644043 -565.969543
v 90.9820557 -69.309288 -572.38855
v 90.9820557 -73.1630325 -572.38855
v 90.9820557 -69.309288 -572.38855
v 81.0889359 -77.7644043 -565.969543
v 71.2073746 -69.309288 -559.550476
v 71.2073746 -77.7644043 -559.550476
v 71.2073746 -69.309288 -559.550476
v 81.0889359 -77.7644043 -565.969543
v 99.5061951 -73.1630325 -559.274536
v 90.9820557 -69.309288 -572.38855
v 99.5061951 -69.309288 -559.274536
v 90.9820557 -69.309288 -572.38855
v 99.5061951 -73.1630325 -559.274536
v 90.9820557 -73.1630325 -572.38855
v 99.5061951 -73.1630325 -559.274536
v 81.0889359 -77.7644043 -565.969543
v 90.9820557 -73.1630325 -572.38855
v 81.0889359 -77.7644043 -565.969543
v 99.5061951 -73.1630325 -559.274536
v 89.6131744 -77.7644043 -552.843933
v 89.6131744 -77.7644043 -552.843933
v 71.2073746 -77.7644043 -559.550476
v 81.0889359 -77.7644043 -565.969543
v 71.2073746 -77.7644043 -559.550476
v 89.6131744 -77.7644043 -552.843933
v 79.7200623 -77.7644043 -546.424866
v 82.7339249 -77.7644043 -536.934448
v 101.151283 -77.7644043 -530.239258
v 91.2581635 -77.7644043 -523.808777
v 101.151283 -77.7644043 -530.239258
v 82.7339249 -77.7644043 -536.934448
v 92.6270447 -77.7644043 -543.353455
v 92.6270447 -77.7644043 -543.353455
v 111.032837 -73.1630325 -536.658386
v 101.151283 -77.7644043 -530.239258
v 111.032837 -73.1630325 -536.658386
v 92.6270447 -77.7644043 -543.353455
v 102.520164 -73.1630325 -549.7724
v 102.520164 -69.309288 -549.7724
v 111.032837 -73.1630325 -536.658386
v 102.520164 -73.1630325 -549.7724
v 111.032837 -73.1630325 -536.658386
v 102.520164 -69.309288 -549.7724
v 111.032837 -69.309288 -536.658386
v 59.7037392 -77.7644043 -582.097595
v 78.1095428 -77.7644043 -575.391052
v 68.216423 -77.7644043 -568.971985
v 78.1095428 -77.7644043 -575.391052
v 59.7037392 -77.7644043 -582.097595
v 69.5853958 -77.7644043 -588.516663
v 69.5853958 -77.7644043 -588.516663
v 88.002655 -73.1630325 -581.821594
v 78.1095428 -77.7644043 -575.391052
v 88.002655 -73.1630325 -581.821594
v 69.5853958 -77.7644043 -588.516663
v 79.4785156 -73.1630325 -594.935669
v 79.4785156 -69.309288 -594.935669
v 88.002655 -73.1630325 -581.821594
v 79.4785156 -73.1630325 -594.935669
v 88.002655 -73.1630325 -581.821594
v 79.4785156 -69.309288 -594.935669
v 88.002655 -69.309288 -581.821594
v 48.2000961 -77.7644043 -604.644714
v 66.605896 -77.7644043 -597.938049
v 56.71278 -77.7644043 -591.519104
v 66.605896 -77.7644043 -597.938049
v 48.2000961 -77.7644043 -604.644714
v 58.0817604 -77.7644043 -611.063782
v 58.0817604 -77.7644043 -611.063782
v 76.4990158 -73.1629257 -604.368713
v 66.605896 -77.7644043 -597.938049
v 76.4990158 -73.1629257 -604.368713
v 58.0817604 -77.7644043 -611.063782
v 67.9748764 -73.1629257 -617.482788
v 67.9748764 -69.309288 -617.482788
v 76.4990158 -73.1629257 -604.368713
v 67.9748764 -73.1629257 -617.482788
v 76.4990158 -73.1629257 -604.368713
v 67.9748764 -69.309288 -617.482788
v 76.4990158 -69.309288 -604.368713
v -99.5062866 -69.309288 -559.274536
v -99.5062866 -73.1630325 -559.274536
v -89.6131744 -77.7644043 -552.843933
v -99.5062866 -69.309288 -559.274536
v -89.6131744 -77.7644043 -552.843933
v -79.7200623 -69.309288 -546.424988
v -79.7200623 -69.309288 -546.424988
v -89.6131744 -77.7644043 -552.843933
v -79.7200623 -77.7644043 -546.424988
v -111.032837 -69.309288 -536.658508
v -111.032837 -73.1630325 -536.658508
v -101.151283 -77.7644043 -530.23938
v -111.032837 -69.309288 -536.658508
v -101.151283 -77.7644043 -530.23938
v -91.2581635 -69.309288 -523.808838
v -91.2581635 -69.309288 -523.808838
v -101.151283 -77.7644043 -530.23938
v -91.2581635 -77.7644043 -523.808838
v -88.002655 -69.309288 -581.821594
v -88.002655 -73.1630325 -581.821594
v -78.1095428 -77.7644043 -575.391052
v -88.002655 -69.309288 -581.821594
v -78.1095428 -77.7644043 -575.391052
v -68.216423 -69.309288 -568.972107
v -68.216423 -69.309288 -568.972107
v -78.1095428 -77.7644043 -575.391052
v -68.216423 -77.7644043 -568.972107
v -76.4990158 -69.309288 -604.368713
v -76.4990158 -73.1629257 -604.368713
v -66.605896 -77.7644043 -597.938171
v -76.4990158 -69.309288 -604.368713
v -66.605896 -77.7644043 -597.938171
v -56.71278 -69.309288 -591.519104
v -56.71278 -69.309288 -591.519104
v -66.605896 -77.7644043 -597.938171
v -56.71278 -77.7644043 -591.519104
v -92.6271362 -77.7644043 -543.353516
v -102.520256 -73.1630325 -549.772522
v -102.520256 -69.309288 -549.772522
v -102.520256 -69.309288 -549.772522
v -82.734024 -69.309288 -536.934448
v -92.6271362 -77.7644043 -543.353516
v -82.734024 -77.7644043 -536.934448
v -92.6271362 -77.7644043 -543.353516
v -82.734024 -69.309288 -536.934448
v -69.5853958 -77.7644043 -588.516663
v -79.4784164 -73.1630325 -594.935791
v -79.4784164 -69.309288 -594.935791
v -79.4784164 -69.309288 -594.935791
v -59.7037392 -69.309288 -582.097717
v -69.5853958 -77.7644043 -588.516663
v -59.7037392 -77.7644043 -582.097717
v -69.5853958 -77.7644043 -588.516663
v -59.7037392 -69.309288 -582.097717
v -58.0817604 -77.7644043 -611.063782
v -67.9748764 -73.1629257 -617.482849
v -67.9748764 -69.309288 -617.482788
v -67.9748764 -69.309288 -617.482788
v -48.2000961 -69.309288 -604.644836
v -58.0817604 -77.7644043 -611.063782
v -48.2000961 -77.7644043 -604.644836
v -58.0817604 -77.7644043 -611.063782
v -48.2000961 -69.309288 -604.644836
v -81.0889359 -77.7644043 -565.969543
v -90.9820557 -73.1630325 -572.388611
v -90.9820557 -69.309288 -572.388611
v -90.9820557 -69.309288 -572.388611
v -71.2073746 -69.309288 -559.550598
v -81.0889359 -77.7644043 -565.969543
v -71.2073746 -77.7644043 -559.550598
v -81.0889359 -77.7644043 -565.969543
v -71.2073746 -69.309288 -559.550598
v -99.5062866 -73.1630325 -559.274536
v -99.5062866 -69.309288 -559.274536
v -90.9820557 -69.309288 -572.388611
v -90.9820557 -69.309288 -572.388611
v -90.9820557 -73.1630325 -572.388611
v -99.5062866 -73.1630325 -559.274536
v -99.5062866 -73.1630325 -559.274536
v -90.9820557 -73.1630325 -572.388611
v -81.0889359 -77.7644043 -565.969543
v -81.0889359 -77.7644043 -565.969543
v -89.6131744 -77.7644043 -552.843933
v -99.5062866 -73.1630325 -559.274536
v -89.6131744 -77.7644043 -552.843933
v -81.0889359 -77.7644043 -565.969543
v -71.2073746 -77.7644043 -559.550598
v -71.2073746 -77.7644043 -559.550598
v -79.7200623 -77.7644043 -546.424988
v -89.6131744 -77.7644043 -552.843933
v -82.734024 -77.7644043 -536.934448
v -91.2581635 -77.7644043 -523.808838
v -101.151283 -77.7644043 -530.23938
v -101.151283 -77.7644043 -530.23938
v -92.6271362 -77.7644043 -543.353516
v -82.734024 -77.7644043 -536.934448
v -92.6271362 -77.7644043 -543.353516
v -101.151283 -77.7644043 -530.23938
v -111.032837 -73.1630325 -536.658508
v -111.032837 -73.1630325 -536.658508
v -102.520256 -73.1630325 -549.772522
v -92.6271362 -77.7644043 -543.353516
v -102.520256 -69.309288 -549.772522
v -102.520256 -73.1630325 -549.772522
v -111.032837 -73.1630325 -536.658508
v -111.032837 -73.1630325 -536.658508
v -111.032837 -69.309288 -536.658508
v -102.520256 -69.309288 -549.772522
v -59.7037392 -77.7644043 -582.097717
v -68.216423 -77.7644043 -568.972107
v -78.1095428 -77.7644043 -575.391052
v -78.1095428 -77.7644043 -575.391052
v -69.5853958 -77.7644043 -588.516663
v -59.7037392 -77.7644043 -582.097717
v -69.5853958 -77.7644043 -588.516663
v -78.1095428 -77.7644043 -575.391052
v -88.002655 -73.1630325 -581.821594
v -88.002655 -73.1630325 -581.821594
v -79.4784164 -73.1630325 -594.935791
v -69.5853958 -77.7644043 -588.516663
v -79.4784164 -69.309288 -594.935791
v -79.4784164 -73.1630325 -594.935791
v -88.002655 -73.1630325 -581.821594
v -88.002655 -73.1630325 -581.821594
v -88.002655 -69.309288 -581.821594
v -79.4784164 -69.309288 -594.935791
v -48.2000961 -77.7644043 -604.644836
v -56.71278 -77.7644043 -591.519104
v -66.605896 -77.7644043 -597.938171
v -66.605896 -77.7644043 -597.938171
v -58.0817604 -77.7644043 -611.063782
v -48.2000961 -77.7644043 -604.644836
v -58.0817604 -77.7644043 -611.063782
v -66.605896 -77.7644043 -597.938171
v -76.4990158 -73.1629257 -604.368713
v -76.4990158 -73.1629257 -604.368713
v -67.9748764 -73.1629257 -617.482849
v -58.0817604 -77.7644043 -611.063782
v -67.9748764 -69.309288 -617.482788
v -67.9748764 -73.1629257 -617.482849
v -76.4990158 -73.1629257 -604.368713
v -76.4990158 -73.1629257 -604.368713
v -76.4990158 -69.309288 -604.368713
v -67.9748764 -69.309288 -617.482788
v 230.773987 67.8253708 -723.856567
v 216.728119 65.9847565 -696.616028
v 282.011169 78.6501999 -707.843567
v 186.876251 62.0850029 -638.718384
v 282.011169 78.6501999 -707.843567
v 216.728119 65.9847565 -696.616028
v 281.0448 84.7931671 -531.366638
v 282.011169 78.6501999 -707.843567
v 186.876251 62.0850029 -638.718384
v 226.218552 74.3248291 -517.343811
v 281.0448 84.7931671 -531.366638
v 186.876251 62.0850029 -638.718384
v 186.151428 66.6634674 -507.082489
v 226.218552 74.3248291 -517.343811
v 186.876251 62.0850029 -638.718384
v 234.708298 48.1656342 -723.154846
v 285.945374 58.9905624 -707.141846
v 220.880875 46.3595886 -696.339905
v 220.880875 46.3595886 -696.339905
v 285.945374 58.9905624 -707.141846
v 284.979004 65.1334305 -530.664917
v 190.810471 42.4253693 -638.016602
v 220.880875 46.3595886 -696.339905
v 284.979004 65.1334305 -530.664917
v 284.979004 65.1334305 -530.664917
v 230.164307 54.6651955 -516.641968
v 190.810471 42.4253693 -638.016602
v 230.164307 54.6651955 -516.641968
v 190.097198 47.0037346 -506.380798
v 190.810471 42.4253693 -638.016602
v 272.394165 87.8531494 -639.155518
v 293.146667 88.244194 -605.668457
v 293.641296 87.1514282 -639.00592
v 293.146667 88.244194 -605.668457
v 272.394165 87.8531494 -639.155518
v 270.703033 88.7043762 -605.933105
v 293.146576 88.244194 -605.668457
v 277.904327 52.7441025 -604.644592
v 298.415283 61.9009361 -604.72522
v 277.904327 52.7441025 -604.644592
v 293.146576 88.244194 -605.668457
v 270.703033 88.7043762 -605.933105
v 270.703033 88.7043762 -605.933105
v 215.405167 40.1015739 -608.153198
v 277.904327 52.7441025 -604.644592
v 230.773987 67.8253708 -723.856567
v 220.880875 46.3595886 -696.339905
v 216.728119 65.9847565 -696.616028
v 220.880875 46.3595886 -696.339905
v 230.773987 67.8253708 -723.856567
v 234.708298 48.1656342 -723.154846
v 230.773987 67.8253708 -723.856567
v 285.945374 58.9905624 -707.141846
v 234.708298 48.1656342 -723.154846
v 285.945374 58.9905624 -707.141846
v 230.773987 67.8253708 -723.856567
v 282.011169 78.6501999 -707.843567
v 282.011169 78.6501999 -707.843567
v 284.979004 65.1334305 -530.664917
v 285.945374 58.9905624 -707.141846
v 284.979004 65.1334305 -530.664917
v 282.011169 78.6501999 -707.843567
v 281.0448 84.7931671 -531.366638
v 281.0448 84.7931671 -531.366638
v 230.164307 54.6651955 -516.641968
v 284.979004 65.1334305 -530.664917
v 230.164307 54.6651955 -516.641968
v 281.0448 84.7931671 -531.366638
v 226.218552 74.3248291 -517.343811
v 298.921478 60.8080635 -638.062622
v 293.146576 88.244194 -605.668457
v 298.415283 61.9009361 -604.72522
v 293.146576 88.244194 -605.668457
v 298.921478 60.8080635 -638.062622
v 293.641296 87.1514282 -639.00592
v 279.595337 51.8927727 -637.855591
v 293.641296 87.1514282 -639.00592
v 298.921478 60.8080635 -638.062622
v 293.641296 87.1514282 -639.00592
v 279.595337 51.8927727 -637.855591
v 272.394073 87.8531494 -639.155457
v 218.292618 39.4918861 -641.249146
v 272.394073 87.8531494 -639.155457
v 279.595337 51.8927727 -637.855591
v 218.292618 39.4918861 -641.249146
v 277.904327 52.7441025 -604.644592
v 215.405167 40.1015739 -608.153198
v 277.904327 52.7441025 -604.644592
v 218.292618 39.4918861 -641.249146
v 279.595337 51.8927727 -637.855591
v 279.595337 51.8927727 -637.855591
v 298.415283 61.9009361 -604.72522
v 277.904327 52.7441025 -604.644592
v 298.415283 61.9009361 -604.72522
v 279.595337 51.8927727 -637.855591
v 298.921478 60.8080635 -638.062622
v -230.773987 67.8253708 -723.85675
v -282.011047 78.6501999 -707.84375
v -216.728027 65.9847565 -696.61615
v -186.87616 62.0850029 -638.718445
v -216.728027 65.9847565 -696.61615
v -282.011047 78.6501999 -707.84375
v -281.0448 84.7931671 -531.366821
v -186.87616 62.0850029 -638.718445
v -282.011047 78.6501999 -707.84375
v -226.218552 74.3248291 -517.343872
v -186.87616 62.0850029 -638.718445
v -281.0448 84.7931671 -531.366821
v -186.15152 66.6634674 -507.082642
v -186.87616 62.0850029 -638.718445
v -226.218552 74.3248291 -517.343872
v -234.708206 48.1656342 -723.155029
v -220.880875 46.3595886 -696.340149
v -285.945282 58.9905624 -707.14209
v -220.880875 46.3595886 -696.340149
v -284.979004 65.1334305 -530.6651
v -285.945282 58.9905624 -707.14209
v -190.810379 42.4253693 -638.016724
v -284.979004 65.1334305 -530.6651
v -220.880875 46.3595886 -696.340149
v -284.979004 65.1334305 -530.6651
v -190.810379 42.4253693 -638.016724
v -230.164307 54.6651955 -516.642151
v -230.164307 54.6651955 -516.642151
v -190.810379 42.4253693 -638.016724
v -190.097198 47.0037346 -506.38089
v -272.394073 87.8531494 -639.15564
v -293.641205 87.1514282 -639.006104
v -293.146667 88.244194 -605.66864
v -293.146667 88.244194 -605.66864
v -270.703033 88.7043762 -605.933228
v -272.394073 87.8531494 -639.15564
v -293.146576 88.244194 -605.66864
v -298.415283 61.9009361 -604.725403
v -277.904327 52.7441025 -604.644836
v -277.904327 52.7441025 -604.644836
v -270.703033 88.7043762 -605.933228
v -293.146576 88.244194 -605.66864
v -270.703033 88.7043762 -605.933228
v -277.904327 52.7441025 -604.644836
v -215.405167 40.1015739 -608.153381
v -230.773987 67.8253708 -723.85675
v -216.728027 65.9847565 -696.61615
v -220.880875 46.3595886 -696.340149
v -220.880875 46.3595886 -696.340149
v -234.708206 48.1656342 -723.155029
v -230.773987 67.8253708 -723.85675
v -230.773987 67.8253708 -723.85675
v -234.708206 48.1656342 -723.155029
v -285.945282 58.9905624 -707.14209
v -285.945282 58.9905624 -707.14209
v -282.011047 78.6501999 -707.84375
v -230.773987 67.8253708 -723.85675
v -282.011047 78.6501999 -707.84375
v -285.945282 58.9905624 -707.14209
v -284.979004 65.1334305 -530.6651
v -284.979004 65.1334305 -530.6651
v -281.0448 84.7931671 -531.366821
v -282.011047 78.6501999 -707.84375
v -281.0448 84.7931671 -531.366821
v -284.979004 65.1334305 -530.6651
v -230.164307 54.6651955 -516.642151
v -230.164307 54.6651955 -516.642151
v -226.218552 74.3248291 -517.343872
v -281.0448 84.7931671 -531.366821
v -298.921387 60.8080635 -638.062866
v -298.415283 61.9009361 -604.725403
v -293.146576 88.244194 -605.66864
v -293.146576 88.244194 -605.66864
v -293.641205 87.1514282 -639.006104
v -298.921387 60.8080635 -638.062866
v -279.595337 51.8927727 -637.855774
v -298.921387 60.8080635 -638.062866
v -293.641205 87.1514282 -639.006104
v -293.641205 87.1514282 -639.006104
v -272.394073 87.8531494 -639.15564
v -279.595337 51.8927727 -637.855774
v -218.292526 39.4918861 -641.249329
v -279.595337 51.8927727 -637.855774
v -272.394073 87.8531494 -639.15564
v -218.292526 39.4918861 -641.249329
v -215.405167 40.1015739 -608.153381
v -277.904327 52.7441025 -604.644836
v -277.904327 52.7441025 -604.644836
v -279.595337 51.8927727 -637.855774
v -218.292526 39.4918861 -641.249329
v -279.595337 51.8927727 -637.855774
v -277.904327 52.7441025 -604.644836
v -298.415283 61.9009361 -604.725403
v -298.415283 61.9009361 -604.725403
v -298.921387 60.8080635 -638.062866
v -279.595337 51.8927727 -637.855774
v -77.7414932 -57.2995567 -436.07077
v -156.449158 -40.1821556 -493.232239
v -98.0682907 -57.2994614 -511.638062
v -77.7414932 -57.2995567 -436.07077
v -104.073311 -40.1821556 -331.031372
v -156.449158 -40.1821556 -493.232239
v -77.7414932 -57.2995567 -436.07077
v -55.2864304 -57.2995567 -352.554535
v -104.073311 -40.1821556 -331.031372
v -55.2864304 -57.2995567 -352.554535
v -80.5253677 -45.1747818 -313.77594
v -104.073311 -40.1821556 -331.031372
v -80.5253677 -45.1747818 -313.77594
v -55.2864304 -57.2995567 -352.554535
v -47.1648979 -57.2995567 -322.97879
v -55.2864304 -57.2995567 -352.554535
v 47.1646996 -57.2995567 -322.97879
v -47.1648979 -57.2995567 -322.97879
v 47.1646996 -57.2995567 -322.97879
v -55.2864304 -57.2995567 -352.554535
v 55.2863312 -57.2995567 -352.554535
v 55.2863312 -57.2995567 -352.554535
v 80.525177 -45.1747818 -313.775848
v 47.1646996 -57.2995567 -322.97879
v 80.525177 -45.1747818 -313.775848
v 55.2863312 -57.2995567 -352.554535
v 104.073105 -40.1821556 -331.031281
v 77.741394 -57.2995567 -436.07077
v -55.2864304 -57.2995567 -352.554535
v -77.7414932 -57.2995567 -436.07077
v -55.2864304 -57.2995567 -352.554535
v 77.741394 -57.2995567 -436.07077
v 55.2863312 -57.2995567 -352.554535
v 104.073105 -40.1821556 -331.031281
v 55.2863312 -57.2995567 -352.554535
v 77.741394 -57.2995567 -436.07077
v 104.073105 -40.1821556 -331.031281
v 77.741394 -57.2995567 -436.07077
v 156.449158 -40.1821556 -493.232147
v 156.449158 -40.1821556 -493.232147
v 77.741394 -57.2995567 -436.07077
v 98.0682907 -57.2994614 -511.63797
v -98.2293549 35.442627 -511.638062
v -156.449158 -40.1821556 -493.232239
v -156.449158 13.7238445 -493.232239
v -156.449158 -40.1821556 -493.232239
v -98.2293549 35.442627 -511.638062
v -98.0682907 -57.2994614 -511.638062
v 156.449158 -40.1821556 -493.232147
v 98.2293549 35.442627 -511.63797
v 156.449158 13.7238445 -493.232147
v 98.2293549 35.442627 -511.63797
v 156.449158 -40.1821556 -493.232147
v 98.0682907 -57.2995567 -511.63797
v -156.449158 -40.1821556 -493.232239
v -104.073311 13.7237453 -331.031281
v -156.449158 13.7238445 -493.232239
v -104.073311 13.7237453 -331.031281
v -156.449158 -40.1821556 -493.232239
v -104.073311 -40.1821556 -331.031372
v -80.5253677 -45.1747818 -313.77594
v -104.073311 13.7237453 -331.031281
v -104.073311 -40.1821556 -331.031372
v -104.073311 13.7237453 -331.031281
v -80.5253677 -45.1747818 -313.77594
v -80.5253677 18.7163715 -313.77594
v -80.5253677 -45.1747818 -313.77594
v -47.1648979 35.442627 -322.97879
v -80.5253677 18.7163715 -313.77594
v -47.1648979 35.442627 -322.97879
v -80.5253677 -45.1747818 -313.77594
v -47.1648979 -57.2995567 -322.97879
v 47.1646996 -57.2995567 -322.97879
v -47.1648979 35.442627 -322.97879
v -47.1648979 -57.2995567 -322.97879
v -47.1648979 35.442627 -322.97879
v 47.1646996 -57.2995567 -322.97879
v 47.1646996 35.442627 -322.978668
v 80.525177 -45.1747818 -313.775848
v 47.1646996 35.442627 -322.978668
v 47.1646996 -57.2995567 -322.97879
v 47.1646996 35.442627 -322.978668
v 80.525177 -45.1747818 -313.775848
v 80.525177 18.7163715 -313.775848
v 80.525177 -45.1747818 -313.775848
v 104.073105 13.7237453 -331.031281
v 80.525177 18.7163715 -313.775848
v 104.073105 13.7237453 -331.031281
v 80.525177 -45.1747818 -313.775848
v 104.073105 -40.1821556 -331.031281
v 104.073105 -40.1821556 -331.031281
v 156.449158 13.7238445 -493.232147
v 104.073105 13.7237453 -331.031281
v 156.449158 13.7238445 -493.232147
v 104.073105 -40.1821556 -331.031281
v 156.449158 -40.1821556 -493.232147
v -47.1648979 35.442627 -322.97879
v -104.073311 13.7237453 -331.031281
v -80.5253677 18.7163715 -313.77594
v -104.073311 13.7237453 -331.031281
v -47.1648979 35.442627 -322.97879
v -70.4251709 35.442627 -408.496643
v -104.073311 13.7237453 -331.031281
v -70.4251709 35.442627 -408.496643
v -156.449158 13.7238445 -493.232239
v -70.4251709 35.442627 -408.496643
v -98.2293549 35.442627 -511.638062
v -156.449158 13.7238445 -493.232239
v -47.1648979 35.442627 -322.97879
v 70.4250717 35.442627 -408.496552
v -70.4251709 35.442627 -408.496643
v 70.4250717 35.442627 -408.496552
v -47.1648979 35.442627 -322.97879
v 47.1646996 35.442627 -322.978668
v 47.1646996 35.442627 -322.978668
v 104.073105 13.7237453 -331.031281
v 70.4250717 35.442627 -408.496552
v 70.4250717 35.442627 -408.496552
v 104.073105 13.7237453 -331.031281
v 156.449158 13.7238445 -493.232147
v 98.2293549 35.442627 -511.63797
v 70.4250717 35.442627 -408.496552
v 156.449158 13.7238445 -493.232147
v 104.073105 13.7237453 -331.031281
v 47.1646996 35.442627 -322.978668
v 80.525177 18.7163715 -313.775848
v 226.805222 74.6353989 -503.113739
v 200.093811 14.7361355 -496.315155
v 231.970352 48.8097839 -502.181915
v 200.093811 14.7361355 -496.315155
v 226.805222 74.6353989 -503.113739
v 187.347794 78.3626404 -498.604401
v 106.696022 27.1600285 -487.733459
v 200.093811 14.7361355 -496.315155
v 187.347794 78.3626404 -498.604401
v 112.620361 -2.43874121 -486.67511
v 200.093811 14.7361355 -496.315155
v 106.696022 27.1600285 -487.733459
v 99.8743362 61.1876602 -488.95282
v 106.696022 27.1600285 -487.733459
v 187.347794 78.3626404 -498.604401
v 104.832397 38.8707466 -552.038635
v 99.8743362 61.1876602 -488.95282
v 100.794693 59.0825958 -552.763367
v 99.8743362 61.1876602 -488.95282
v 104.832397 38.8707466 -552.038635
v 106.696022 27.1600285 -487.733459
v 187.347885 78.3626404 -498.604279
v 100.794693 59.0825958 -552.763367
v 99.8743362 61.1877594 -488.95282
v 100.794693 59.0825958 -552.763367
v 187.347885 78.3626404 -498.604279
v 187.646896 76.4990158 -552.314758
v 187.646896 76.4990158 -552.314758
v 104.832397 38.8707466 -552.038635
v 100.794693 59.0825958 -552.763367
v 226.805222 74.6353989 -503.113739
v 187.646896 76.4990158 -552.314758
v 187.347885 78.3626404 -498.604279
v 187.646896 76.4990158 -552.314758
v 226.805222 74.6353989 -503.113739
v 227.06987 72.9559479 -551.394409
v 231.970352 48.8097839 -502.181915
v 227.06987 72.9559479 -551.394409
v 226.805222 74.6353989 -503.113739
v 227.06987 72.9559479 -551.394409
v 231.970352 48.8097839 -502.181915
v 232.234924 47.1303329 -550.474182
v 200.093811 14.7361355 -496.315155
v 232.234924 47.1303329 -550.474182
v 231.970352 48.8097839 -502.181915
v 232.234924 47.1303329 -550.474182
v 200.093811 14.7361355 -496.315155
v 200.38147 12.861062 -550.036987
v 200.093811 14.7361355 -496.315155
v 113.52916 -4.54390335 -550.474182
v 200.38147 12.861062 -550.036987
v 113.52916 -4.54390335 -550.474182
v 200.093811 14.7361355 -496.315155
v 112.620361 -2.43874121 -486.67511
v 109.790459 14.1264505 -551.152832
v 200.38147 12.861062 -550.036987
v 113.52916 -4.54390335 -550.474182
v 200.38147 12.861062 -550.036987
v 109.790459 14.1264505 -551.152832
v 196.056091 34.4993629 -550.807739
v 196.056091 34.4993629 -550.807739
v 232.234924 47.1303329 -550.474182
v 200.38147 12.861062 -550.036987
v 232.234924 47.1303329 -550.474182
v 196.056091 34.4993629 -550.807739
v 227.06987 72.9559479 -551.394409
v 227.06987 72.9559479 -551.394409
v 196.056091 34.4993629 -550.807739
v 187.646896 76.4990158 -552.314758
v -226.805222 74.6353989 -503.113831
v -231.970352 48.8097839 -502.182098
v -200.093903 14.7361355 -496.315247
v -200.093903 14.7361355 -496.315247
v -187.347885 78.3626404 -498.604492
v -226.805222 74.6353989 -503.113831
v -106.696022 27.1600285 -487.733551
v -187.347885 78.3626404 -498.604492
v -200.093903 14.7361355 -496.315247
v -112.620453 -2.43874121 -486.675262
v -106.696022 27.1600285 -487.733551
v -200.093903 14.7361355 -496.315247
v -99.8744354 61.1876602 -488.952911
v -187.347885 78.3626404 -498.604492
v -106.696022 27.1600285 -487.733551
v -104.832397 38.8707466 -552.038757
v -100.794693 59.0825958 -552.763489
v -99.8744354 61.1876602 -488.952911
v -99.8744354 61.1876602 -488.952911
v -106.696022 27.1600285 -487.733551
v -104.832397 38.8707466 -552.038757
v -187.347885 78.3626404 -498.604492
v -99.8744354 61.1877594 -488.952911
v -100.794693 59.0825958 -552.763489
v -100.794693 59.0825958 -552.763489
v -187.647003 76.4990158 -552.31488
v -187.347885 78.3626404 -498.604492
v -187.647003 76.4990158 -552.31488
v -100.794693 59.0825958 -552.763489
v -104.832397 38.8707466 -552.038757
v -226.805313 74.6353989 -503.113831
v -187.347885 78.3626404 -498.604492
v -187.647003 76.4990158 -552.31488
v -187.647003 76.4990158 -552.31488
v -227.06987 72.9559479 -551.394531
v -226.805313 74.6353989 -503.113831
v -231.970352 48.8097839 -502.182098
v -226.805222 74.6353989 -503.113831
v -227.06987 72.9559479 -551.394531
v -227.06987 72.9559479 -551.394531
v -232.234924 47.1303329 -550.474243
v -231.970352 48.8097839 -502.182098
v -200.093903 14.7361355 -496.315247
v -231.970352 48.8097839 -502.182098
v -232.234924 47.1303329 -550.474243
v -232.234924 47.1303329 -550.474243
v -200.38147 12.861062 -550.03717
v -200.093903 14.7361355 -496.315247
v -200.093903 14.7361355 -496.315247
v -200.38147 12.861062 -550.03717
v -113.52916 -4.54390335 -550.474243
v -113.52916 -4.54390335 -550.474243
v -112.620453 -2.43874121 -486.675262
v -200.093903 14.7361355 -496.315247
v -109.790459 14.1264505 -551.153015
v -113.52916 -4.54390335 -550.474243
v -200.38147 12.861062 -550.03717
v -200.38147 12.861062 -550.03717
v -196.056091 34.4993629 -550.807861
v -109.790459 14.1264505 -551.153015
v -196.056091 34.4993629 -550.807861
v -200.38147 12.861062 -550.03717
v -232.234924 47.1303329 -550.474243
v -232.234924 47.1303329 -550.474243
v -227.06987 72.9559479 -551.394531
v -196.056091 34.4993629 -550.807861
v -227.06987 72.9559479 -551.394531
v -187.646896 76.4990158 -552.31488
v -196.056091 34.4993629 -550.807861
v 90.291893 -45.6693192 -704.220032
v 85.4834366 -53.3767929 -696.857727
v 90.291893 -48.775322 -704.220032
v 79.8006363 -45.6693192 -688.126465
v 85.4834366 -53.3767929 -696.857727
v 90.291893 -45.6693192 -704.220032
v 79.8006363 -45.6693192 -688.126465
v 79.8006363 -53.3767929 -688.126465
v 85.4834366 -53.3767929 -696.857727
v 66.6980362 -53.3767929 -696.673645
v 66.6980362 -45.6693192 -696.673645
v 72.3807297 -53.3767929 -705.393372
v 72.3807297 -53.3767929 -705.393372
v 66.6980362 -45.6693192 -696.673645
v 77.1892853 -45.6693192 -712.767212
v 77.1892853 -45.6693192 -712.767212
v 77.1892853 -48.775322 -712.767212
v 72.3807297 -53.3767929 -705.393372
v 69.2862854 -45.6693192 -717.920837
v 64.477829 -53.3767929 -710.546936
v 69.2862854 -48.775322 -717.920837
v 58.7950363 -45.6693192 -701.827332
v 64.477829 -53.3767929 -710.546936
v 69.2862854 -45.6693192 -717.920837
v 58.7950363 -45.6693192 -701.827332
v 58.7950363 -53.3767929 -701.827332
v 64.477829 -53.3767929 -710.546936
v 45.6808739 -53.3767929 -710.374451
v 45.6808739 -45.6693192 -710.374451
v 51.3752213 -53.3766975 -719.094177
v 51.3752213 -53.3766975 -719.094177
v 45.6808739 -45.6693192 -710.374451
v 56.172226 -45.6693192 -726.468018
v 56.172226 -45.6693192 -726.468018
v 56.172226 -48.775322 -726.468018
v 51.3752213 -53.3766975 -719.094177
v 111.400986 -45.6693192 -690.473206
v 106.592537 -53.3767929 -683.099365
v 111.400986 -48.775322 -690.473206
v 100.909729 -45.6693192 -674.379639
v 106.592537 -53.3767929 -683.099365
v 111.400986 -45.6693192 -690.473206
v 100.909729 -45.6693192 -674.379639
v 100.909729 -53.3767929 -674.379639
v 106.592537 -53.3767929 -683.099365
v 87.795578 -53.3767929 -682.915283
v 87.795578 -45.6693192 -682.915283
v 93.4899216 -53.3767929 -691.635071
v 93.4899216 -53.3767929 -691.635071
v 87.795578 -45.6693192 -682.915283
v 98.2869263 -45.6693192 -699.00885
v 98.2869263 -45.6693192 -699.00885
v 98.2869263 -48.775322 -699.00885
v 93.4899216 -53.3767929 -691.635071
v 111.400986 -48.775322 -690.473206
v 98.2869263 -45.6693192 -699.00885
v 111.400986 -45.6693192 -690.473206
v 98.2869263 -45.6693192 -699.00885
v 111.400986 -48.775322 -690.473206
v 98.2869263 -48.775322 -699.00885
v 111.400986 -48.775322 -690.473206
v 93.4899216 -53.3767929 -691.635071
v 98.2869263 -48.775322 -699.00885
v 93.4899216 -53.3767929 -691.635071
v 111.400986 -48.775322 -690.473206
v 106.592537 -53.3767929 -683.099365
v 106.592537 -53.3767929 -683.099365
v 87.795578 -53.3767929 -682.915283
v 93.4899216 -53.3767929 -691.635071
v 87.795578 -53.3767929 -682.915283
v 106.592537 -53.3767929 -683.099365
v 100.909729 -53.3767929 -674.379639
v 69.2862854 -48.775322 -717.920837
v 56.172226 -45.6693192 -726.468018
v 69.2862854 -45.6693192 -717.920837
v 56.172226 -45.6693192 -726.468018
v 69.2862854 -48.775322 -717.920837
v 56.172226 -48.775322 -726.468018
v 69.2862854 -48.775322 -717.920837
v 51.3752213 -53.3766975 -719.094177
v 56.172226 -48.775322 -726.468018
v 51.3752213 -53.3766975 -719.094177
v 69.2862854 -48.775322 -717.920837
v 64.477829 -53.3767929 -710.546936
v 64.477829 -53.3767929 -710.546936
v 45.6808739 -53.3767929 -710.374451
v 51.3752213 -53.3766975 -719.094177
v 45.6808739 -53.3767929 -710.374451
v 64.477829 -53.3767929 -710.546936
v 58.7950363 -53.3767929 -701.827332
v 90.291893 -48.775322 -704.220032
v 77.1892853 -45.6693192 -712.767212
v 90.291893 -45.6693192 -704.220032
v 77.1892853 -45.6693192 -712.767212
v 90.291893 -48.775322 -704.220032
v 77.1892853 -48.775322 -712.767212
v 90.291893 -48.775322 -704.220032
v 72.3807297 -53.3767929 -705.393372
v 77.1892853 -48.775322 -712.767212
v 72.3807297 -53.3767929 -705.393372
v 90.291893 -48.775322 -704.220032
v 85.4834366 -53.3767929 -696.857727
v 85.4834366 -53.3767929 -696.857727
v 66.6980362 -53.3767929 -696.673645
v 72.3807297 -53.3767929 -705.393372
v 66.6980362 -53.3767929 -696.673645
v 85.4834366 -53.3767929 -696.857727
v 79.8006363 -53.3767929 -688.126465
v -90.2917862 -45.6693192 -704.220032
v -90.2917862 -48.775322 -704.220032
v -85.4833298 -53.3767929 -696.857788
v -79.8005447 -45.6693192 -688.126465
v -90.2917862 -45.6693192 -704.220032
v -85.4833298 -53.3767929 -696.857788
v -79.8005447 -45.6693192 -688.126465
v -85.4833298 -53.3767929 -696.857788
v -79.8005447 -53.3767929 -688.126465
v -66.6979294 -53.3767929 -696.673706
v -72.3807297 -53.3767929 -705.393372
v -66.6979294 -45.6693192 -696.673706
v -72.3807297 -53.3767929 -705.393372
v -77.1891861 -45.6693192 -712.767273
v -66.6979294 -45.6693192 -696.673706
v -77.1891861 -45.6693192 -712.767273
v -72.3807297 -53.3767929 -705.393372
v -77.1891861 -48.775322 -712.767273
v -69.2861862 -45.6693192 -717.920837
v -69.2861862 -48.775322 -717.920837
v -64.4777298 -53.3767929 -710.547119
v -58.7949371 -45.6693192 -701.827332
v -69.2861862 -45.6693192 -717.920837
v -64.4777298 -53.3767929 -710.547119
v -58.7949371 -45.6693192 -701.827332
v -64.4777298 -53.3767929 -710.547119
v -58.7949371 -53.3767929 -701.827332
v -45.6807785 -53.3767929 -710.374451
v -51.3751221 -53.3766975 -719.094177
v -45.6807785 -45.6693192 -710.374451
v -51.3751221 -53.3766975 -719.094177
v -56.172123 -45.6693192 -726.468018
v -45.6807785 -45.6693192 -710.374451
v -56.172123 -45.6693192 -726.468018
v -51.3751221 -53.3766975 -719.094177
v -56.172123 -48.775322 -726.468018
v -111.400986 -45.6693192 -690.473267
v -111.400986 -48.775322 -690.473267
v -106.59243 -53.3767929 -683.099365
v -100.909637 -45.6693192 -674.379761
v -111.400986 -45.6693192 -690.473267
v -106.59243 -53.3767929 -683.099365
v -100.909637 -45.6693192 -674.379761
v -106.59243 -53.3767929 -683.099365
v -100.909637 -53.3767929 -674.379761
v -87.795578 -53.3767929 -682.915283
v -93.4898224 -53.3767929 -691.635071
v -87.795578 -45.6693192 -682.915283
v -93.4898224 -53.3767929 -691.635071
v -98.2868271 -45.6693192 -699.00885
v -87.795578 -45.6693192 -682.915283
v -98.2868271 -45.6693192 -699.00885
v -93.4898224 -53.3767929 -691.635071
v -98.2868271 -48.775322 -699.00885
v -111.400986 -48.775322 -690.473267
v -111.400986 -45.6693192 -690.473267
v -98.2868271 -45.6693192 -699.00885
v -98.2868271 -45.6693192 -699.00885
v -98.2868271 -48.775322 -699.00885
v -111.400986 -48.775322 -690.473267
v -111.400986 -48.775322 -690.473267
v -98.2868271 -48.775322 -699.00885
v -93.4898224 -53.3767929 -691.635071
v -93.4898224 -53.3767929 -691.635071
v -106.59243 -53.3767929 -683.099365
v -111.400986 -48.775322 -690.473267
v -106.59243 -53.3767929 -683.099365
v -93.4898224 -53.3767929 -691.635071
v -87.795578 -53.3767929 -682.915283
v -87.795578 -53.3767929 -682.915283
v -100.909637 -53.3767929 -674.379761
v -106.59243 -53.3767929 -683.099365
v -69.2861862 -48.775322 -717.920837
v -69.2861862 -45.6693192 -717.920837
v -56.172123 -45.6693192 -726.468018
v -56.172123 -45.6693192 -726.468018
v -56.172123 -48.775322 -726.468018
v -69.2861862 -48.775322 -717.920837
v -69.2861862 -48.775322 -717.920837
v -56.172123 -48.775322 -726.468018
v -51.3751221 -53.3766975 -719.094177
v -51.3751221 -53.3766975 -719.094177
v -64.4777298 -53.3767929 -710.547119
v -69.2861862 -48.775322 -717.920837
v -64.4777298 -53.3767929 -710.547119
v -51.3751221 -53.3766975 -719.094177
v -45.6807785 -53.3767929 -710.374451
v -45.6807785 -53.3767929 -710.374451
v -58.7949371 -53.3767929 -701.827332
v -64.4777298 -53.3767929 -710.547119
v -90.2917862 -48.775322 -704.220032
v -90.2917862 -45.6693192 -704.220032
v -77.1891861 -45.6693192 -712.767273
v -77.1891861 -45.6693192 -712.767273
v -77.1891861 -48.775322 -712.767273
v -90.2917862 -48.775322 -704.220032
v -90.2917862 -48.775322 -704.220032
v -77.1891861 -48.775322 -712.767273
v -72.3807297 -53.3767929 -705.393372
v -72.3807297 -53.3767929 -705.393372
v -85.4833298 -53.3767929 -696.857788
v -90.2917862 -48.775322 -704.220032
v -85.4833298 -53.3767929 -696.857788
v -72.3807297 -53.3767929 -705.393372
v -66.6979294 -53.3767929 -696.673706
v -66.6979294 -53.3767929 -696.673706
v -79.8005447 -53.3767929 -688.126465
v -85.4833298 -53.3767929 -696.857788
v 68.0669098 -30.6686325 -778.958923
v 75.0036392 -6.32694197 -755.503113
v 75.0036392 -32.4286613 -755.503113
v 75.0036392 -6.32694197 -755.503113
v 68.0669098 -30.6686325 -778.958923
v 68.0669098 -6.32694197 -778.958923
v 58.6685371 -18.8774338 -810.731934
v 68.0669098 -6.32694197 -778.958923
v 68.0669098 -30.6686325 -778.958923
v 68.0669098 -6.32694197 -778.958923
v 58.6685371 -18.8774338 -810.731934
v 58.6685371 -6.32694197 -810.731934
v 9.87504609e-05 -6.32694197 -834.889526
v -58.668335 -18.8774338 -810.732056
v -58.668335 -6.32694197 -810.732056
v -58.668335 -18.8774338 -810.732056
v 9.87504609e-05 -6.32694197 -834.889526
v 9.87504609e-05 -18.8774338 -834.889526
v 58.6685371 -6.32694197 -810.731934
v 9.87504609e-05 -18.8774338 -834.889526
v 9.87504609e-05 -6.32694197 -834.889526
v 9.87504609e-05 -18.8774338 -834.889526
v 58.6685371 -6.32694197 -810.731934
v 58.6685371 -18.8774338 -810.731934
v -75.00354 -6.32694197 -755.503235
v -68.0668106 -30.6686325 -778.958984
v -75.00354 -32.4286613 -755.503235
v -68.0668106 -30.6686325 -778.958984
v -75.00354 -6.32694197 -755.503235
v -68.0668106 -6.32694197 -778.958984
v -68.0668106 -6.32694197 -778.958984
v -58.668335 -18.8774338 -810.732056
v -68.0668106 -30.6686325 -778.958984
v -58.668335 -18.8774338 -810.732056
v -68.0668106 -6.32694197 -778.958984
v -58.668335 -6.32694197 -810.732056
v -68.0668106 -30.6686325 -778.958984
v 9.87504609e-05 -32.2101288 -767.098816
v -75.00354 -32.4286613 -755.503235
v 9.87504609e-05 -32.2101288 -767.098816
v -68.0668106 -30.6686325 -778.958984
v 9.87504609e-05 -30.2659283 -800.838867
v 68.0669098 -30.6686325 -778.958923
v 9.87504609e-05 -32.2101288 -767.098816
v 9.87504609e-05 -30.2659283 -800.838867
v 9.87504609e-05 -32.2101288 -767.098816
v 68.0669098 -30.6686325 -778.958923
v 75.0036392 -32.4286613 -755.503113
v -58.668335 -18.8774338 -810.732056
v 9.87504609e-05 -30.2659283 -800.838867
v -68.0668106 -30.6686325 -778.958984
v 9.87504609e-05 -30.2659283 -800.838867
v -58.668335 -18.8774338 -810.732056
v 9.87504609e-05 -18.8774338 -834.889526
v 58.6685371 -18.8774338 -810.731934
v 9.87504609e-05 -30.2659283 -800.838867
v 9.87504609e-05 -18.8774338 -834.889526
v 9.87504609e-05 -30.2659283 -800.838867
v 58.6685371 -18.8774338 -810.731934
v 68.0669098 -30.6686325 -778.958923
v 34.5109177 50.4778748 -758.390503
v 100.081512 40.1245804 -750.913086
v 47.1648979 40.1246796 -779.67218
v 100.081512 40.1245804 -750.913086
v 34.5109177 50.4778748 -758.390503
v 101.231857 50.4778748 -721.003784
v 101.231857 50.4778748 -721.003784
v 34.5109177 50.4778748 -758.390503
v 26.4238453 50.4778748 -729.02179
v 101.231857 50.4778748 -721.003784
v 26.4238453 50.4778748 -729.02179
v 108.594101 50.4778748 -667.937622
v 138.687607 50.4778748 -689.782959
v 101.231857 50.4778748 -721.003784
v 108.594101 50.4778748 -667.937622
v 108.594101 24.2266483 -667.937622
v 138.687607 50.4778748 -689.782959
v 108.594101 50.4778748 -667.937622
v 138.687607 50.4778748 -689.782959
v 108.594101 24.2266483 -667.937622
v 138.917694 24.2266483 -689.598816
v 101.231857 24.2266483 -721.003784
v 138.687607 50.4778748 -689.782959
v 138.917694 24.2266483 -689.598816
v 138.687607 50.4778748 -689.782959
v 101.231857 24.2266483 -721.003784
v 101.231857 50.4778748 -721.003784
v 101.231857 24.2266483 -721.003784
v 100.081512 40.1245804 -750.913086
v 101.231857 50.4778748 -721.003784
v 100.081512 40.1245804 -750.913086
v 101.231857 24.2266483 -721.003784
v 100.081512 21.741888 -750.913086
v 100.081512 21.741888 -750.913086
v 47.1648979 40.1246796 -779.67218
v 100.081512 40.1245804 -750.913086
v 47.1648979 40.1246796 -779.67218
v 100.081512 21.741888 -750.913086
v 47.1648979 20.7064896 -779.67218
v 34.5109177 35.4081612 -758.390625
v 47.1648979 40.1246796 -779.67218
v 47.1648979 20.7064896 -779.67218
v 47.1648979 40.1246796 -779.67218
v 34.5109177 35.4081612 -758.390625
v 34.5109177 50.4778748 -758.390503
v 56.6553116 -57.3570328 -709.787781
v 111.872711 -36.4319077 -666.936768
v 111.872711 -57.3570328 -666.936768
v 111.872711 -36.4319077 -666.936768
v 56.6553116 -57.3570328 -709.787781
v 56.6553116 -36.4319077 -709.787781
v 40.5502968 -51.0299911 -760.403625
v 56.6553116 -36.4319077 -709.787781
v 56.6553116 -57.3570328 -709.787781
v 56.6553116 -36.4319077 -709.787781
v 40.5502968 -51.0299911 -760.403625
v 40.5502968 -31.324337 -760.403625
v 11.7912989 -45.2781715 -775.58844
v 40.5502968 -31.324337 -760.403625
v 40.5502968 -51.0299911 -760.403625
v 40.5502968 -31.324337 -760.403625
v 11.7912989 -45.2781715 -775.58844
v 11.7912989 -30.1739922 -775.58844
v 11.7912989 -45.2781715 -775.58844
v -11.7911005 -30.1739922 -775.58844
v 11.7912989 -30.1739922 -775.58844
v -11.7911005 -30.1739922 -775.58844
v 11.7912989 -45.2781715 -775.58844
v -11.7911005 -45.2781715 -775.58844
v -11.7911005 -45.2781715 -775.58844
v -40.5501976 -31.324337 -760.403687
v -11.7911005 -30.1739922 -775.58844
v -40.5501976 -31.324337 -760.403687
v -11.7911005 -45.2781715 -775.58844
v -40.5501976 -51.0299911 -760.403687
v -40.5501976 -51.0299911 -760.403687
v -56.6553116 -36.4319077 -709.787781
v -40.5501976 -31.324337 -760.403687
v -56.6553116 -36.4319077 -709.787781
v -40.5501976 -51.0299911 -760.403687
v -56.6553116 -57.3570328 -709.787781
v -111.87262 -57.3570328 -666.93689
v -56.6553116 -36.4319077 -709.787781
v -56.6553116 -57.3570328 -709.787781
v -56.6553116 -36.4319077 -709.787781
v -111.87262 -57.3570328 -666.93689
v -111.87262 -36.4319077 -666.936768
v 40.5502968 -51.0299911 -760.403625
v -11.7911005 -45.2781715 -775.58844
v 11.7912989 -45.2781715 -775.588379
v -11.7911005 -45.2781715 -775.58844
v 40.5502968 -51.0299911 -760.403625
v -40.5501976 -51.0299911 -760.403687
v 56.6553116 -57.3570328 -709.787781
v -40.5501976 -51.0299911 -760.403687
v 40.5502968 -51.0299911 -760.403625
v -40.5501976 -51.0299911 -760.403687
v 56.6553116 -57.3570328 -709.787781
v -56.6552124 -57.3570328 -709.787781
v 111.87262 -57.3570328 -666.936768
v -56.6552124 -57.3570328 -709.787781
v 56.6553116 -57.3570328 -709.787781
v -56.6552124 -57.3570328 -709.787781
v 111.87262 -57.3570328 -666.936768
v -111.87262 -57.3570328 -666.936768
v 111.87262 -57.3570328 -666.936768
v -111.87262 -57.3570328 -586.123962
v -111.87262 -57.3570328 -666.936768
v -111.87262 -57.3570328 -586.123962
v 111.87262 -57.3570328 -666.936768
v 111.87262 -57.3570328 -586.12384
v 111.87262 40.8032951 -666.936768
v 56.6553116 61.7284203 -709.787781
v 111.87262 61.7284203 -666.936707
v 56.6553116 61.7284203 -709.787781
v 111.87262 40.8032951 -666.936768
v 56.6553116 40.8032951 -709.787781
v 56.6553116 40.8032951 -709.787781
v 40.5502968 55.4014778 -760.403625
v 56.6553116 61.7284203 -709.787781
v 40.5502968 55.4014778 -760.403625
v 56.6553116 40.8032951 -709.787781
v 40.5502968 35.6957245 -760.403625
v 40.5502968 35.6957245 -760.403625
v 11.7912989 49.6496582 -775.588379
v 40.5502968 55.4014778 -760.403625
v 11.7912989 49.6496582 -775.588379
v 40.5502968 35.6957245 -760.403625
v 11.7912989 34.5453796 -775.588379
v -11.7911005 34.5453796 -775.588379
v 11.7912989 49.6496582 -775.588379
v 11.7912989 34.5453796 -775.588379
v 11.7912989 49.6496582 -775.588379
v -11.7911005 34.5453796 -775.588379
v -11.7911005 49.6496582 -775.588379
v -40.5501976 35.6957245 -760.403625
v -11.7911005 49.6496582 -775.588379
v -11.7911005 34.5453796 -775.588379
v -11.7911005 49.6496582 -775.588379
v -40.5501976 35.6957245 -760.403625
v -40.5501976 55.4014778 -760.403625
v -56.6552124 40.8032951 -709.787781
v -40.5501976 55.4014778 -760.403625
v -40.5501976 35.6957245 -760.403625
v -40.5501976 55.4014778 -760.403625
v -56.6552124 40.8032951 -709.787781
v -56.6552124 61.7284203 -709.787781
v -56.6552124 40.8032951 -709.787781
v -111.87262 61.7284203 -666.936768
v -56.6552124 61.7284203 -709.787781
v -111.87262 61.7284203 -666.936768
v -56.6552124 40.8032951 -709.787781
v -111.87262 40.8032951 -666.936768
v -11.7911005 49.6496582 -775.58844
v 40.5502968 55.4014778 -760.403625
v 11.7912989 49.6496582 -775.58844
v 40.5502968 55.4014778 -760.403625
v -11.7911005 49.6496582 -775.58844
v -40.5501976 55.4014778 -760.403625
v -40.5501976 55.4014778 -760.403625
v 56.6553116 61.7284203 -709.787781
v 40.5502968 55.4014778 -760.403625
v 56.6553116 61.7284203 -709.787781
v -40.5501976 55.4014778 -760.403625
v -56.6553116 61.7284203 -709.787781
v -111.87262 61.7284203 -666.936768
v 56.6553116 61.7284203 -709.787781
v -56.6553116 61.7284203 -709.787781
v 56.6553116 61.7284203 -709.787781
v -111.87262 61.7284203 -666.936768
v 111.872711 61.7284203 -666.936768
v -111.87262 61.7284203 -586.123962
v 111.872711 61.7284203 -666.936768
v -111.87262 61.7284203 -666.936768
v 111.872711 61.7284203 -666.936768
v -111.87262 61.7284203 -586.123962
v 111.87262 61.7284203 -586.12384
v -57.5179977 44.7950859 -718.703064
v -101.231766 67.8712845 -612.869812
v -57.5179977 67.8713837 -718.703064
v -101.231766 67.8712845 -612.869812
v -57.5179977 44.7950859 -718.703064
v -101.231766 17.9801884 -612.869812
v -101.231766 17.9801884 -612.869812
v -98.931076 57.5180893 -528.893433
v -101.231766 67.8712845 -612.869812
v -98.931076 57.5180893 -528.893433
v -101.231766 17.9801884 -612.869812
v -98.931076 13.229105 -528.893433
v -96.6303864 26.8839226 -444.917023
v -98.931076 57.5180893 -528.893433
v -98.931076 13.229105 -528.893433
v -98.931076 57.5180893 -528.893433
v -96.6303864 26.8839226 -444.917023
v -96.6303864 47.1647987 -444.917023
v -50.6159286 25.3078651 -364.391754
v -96.6303864 47.1647987 -444.917023
v -96.6303864 26.8839226 -444.917023
v 101.231857 67.8712845 -612.86969
v 57.5180893 44.7950859 -718.703064
v 57.5180893 67.8713837 -718.703064
v 57.5180893 44.7950859 -718.703064
v 101.231857 67.8712845 -612.86969
v 101.231857 17.9801884 -612.86969
v 98.931076 57.5180893 -528.893433
v 101.231857 17.9801884 -612.86969
v 101.231857 67.8712845 -612.86969
v 101.231857 17.9801884 -612.86969
v 98.931076 57.5180893 -528.893433
v 98.931076 13.229105 -528.893433
v 98.931076 57.5180893 -528.893433
v 96.6302872 26.8839226 -444.917023
v 98.931076 13.229105 -528.893433
v 96.6302872 26.8839226 -444.917023
v 98.931076 57.5180893 -528.893433
v 96.6302872 47.1647987 -444.917023
v 96.6302872 26.8839226 -444.917023
v 96.6302872 47.1647987 -444.917023
v 50.6158295 25.3078651 -364.391754
v -101.231766 67.8712845 -612.869812
v 57.5180893 67.8713837 -718.703064
v -57.5179977 67.8713837 -718.703064
v 57.5180893 67.8713837 -718.703064
v -101.231766 67.8712845 -612.869812
v 101.231857 67.8712845 -612.86969
v -98.931076 57.5180893 -528.893433
v 101.231857 67.8712845 -612.86969
v -101.231766 67.8712845 -612.869812
v 101.231857 67.8712845 -612.86969
v -98.931076 57.5180893 -528.893433
v 98.931076 57.5180893 -528.893433
v -98.931076 57.5180893 -528.893433
v 96.6302872 47.1647987 -444.917023
v 98.931076 57.5180893 -528.893433
v 96.6302872 47.1647987 -444.917023
v -98.931076 57.5180893 -528.893433
v -96.6303864 47.1647987 -444.917023
v -96.6303864 47.1647987 -444.917023
v 50.6158295 25.3078651 -364.391754
v 96.6302872 47.1647987 -444.917023
v 50.6158295 25.3078651 -364.391754
v -96.6303864 47.1647987 -444.917023
v -50.6159286 25.3078651 -364.391754
v 57.5180893 67.8713837 -718.703064
v -57.5179977 44.7950859 -718.703064
v -57.5179977 67.8713837 -718.703064
v -57.5179977 44.7950859 -718.703064
v 57.5180893 67.8713837 -718.703064
v 57.5180893 44.7950859 -718.703064
v 100.081512 -35.7531929 -750.913208
v 34.5109177 -46.1064911 -758.390625
v 47.1648979 -35.7531929 -779.67218
v 34.5109177 -46.1064911 -758.390625
v 100.081512 -35.7531929 -750.913208
v 101.231857 -46.1064911 -721.003784
v 34.5109177 -46.1064911 -758.390625
v 101.231857 -46.1064911 -721.003784
v 26.4238453 -46.1064911 -729.02179
v 26.4238453 -46.1064911 -729.02179
v 101.231857 -46.1064911 -721.003784
v 108.594101 -46.1064911 -667.937622
v 101.231857 -46.1064911 -721.003784
v 138.687607 -46.1064911 -689.782959
v 108.594101 -46.1064911 -667.937622
v 34.5109177 -31.0366783 -758.390625
v 47.1648979 -35.7531929 -779.67218
v 34.5109177 -46.1064911 -758.390625
v 47.1648979 -35.7531929 -779.67218
v 34.5109177 -31.0366783 -758.390625
v 47.1648979 -16.335104 -779.67218
v 100.081512 -17.3704033 -750.913086
v 47.1648979 -35.7531929 -779.67218
v 47.1648979 -16.335104 -779.67218
v 47.1648979 -35.7531929 -779.67218
v 100.081512 -17.3704033 -750.913086
v 100.081512 -35.7531929 -750.913208
v 101.231857 -19.8552608 -721.003784
v 100.081512 -35.7531929 -750.913208
v 100.081512 -17.3704033 -750.913086
v 100.081512 -35.7531929 -750.913208
v 101.231857 -19.8552608 -721.003784
v 101.231857 -46.1064911 -721.003784
v 101.231857 -19.8552608 -721.003784
v 138.687607 -46.1064911 -689.782959
v 101.231857 -46.1064911 -721.003784
v 138.687607 -46.1064911 -689.782959
v 101.231857 -19.8552608 -721.003784
v 138.917694 -19.8552608 -689.598816
v 138.687607 -46.1064911 -689.782959
v 108.594101 -19.8552608 -667.937622
v 108.594101 -46.1064911 -667.937622
v 108.594101 -19.8552608 -667.937622
v 138.687607 -46.1064911 -689.782959
v 138.917694 -19.8552608 -689.598816
v -100.081421 -35.7531929 -750.913208
v -47.1647987 -35.7531929 -779.67218
v -34.5108147 -46.1064911 -758.390625
v -34.5108147 -46.1064911 -758.390625
v -101.231766 -46.1064911 -721.003784
v -100.081421 -35.7531929 -750.913208
v -34.5108147 -46.1064911 -758.390625
v -26.4237442 -46.1064911 -729.02179
v -101.231766 -46.1064911 -721.003784
v -26.4237442 -46.1064911 -729.02179
v -108.594101 -46.1064911 -667.937622
v -101.231766 -46.1064911 -721.003784
v -101.231766 -46.1064911 -721.003784
v -108.594101 -46.1064911 -667.937622
v -138.687515 -46.1064911 -689.78302
v -34.5108147 -31.0366783 -758.390625
v -34.5108147 -46.1064911 -758.390625
v -47.1647987 -35.7531929 -779.67218
v -47.1647987 -35.7531929 -779.67218
v -47.1647987 -16.335104 -779.67218
v -34.5108147 -31.0366783 -758.390625
v -100.081421 -17.3704033 -750.913208
v -47.1647987 -16.335104 -779.67218
v -47.1647987 -35.7531929 -779.67218
v -47.1647987 -35.7531929 -779.67218
v -100.081421 -35.7531929 -750.913208
v -100.081421 -17.3704033 -750.913208
v -101.231766 -19.8552608 -721.003784
v -100.081421 -17.3704033 -750.913208
v -100.081421 -35.7531929 -750.913208
v -100.081421 -35.7531929 -750.913208
v -101.231766 -46.1064911 -721.003784
v -101.231766 -19.8552608 -721.003784
v -101.231766 -19.8552608 -721.003784
v -101.231766 -46.1064911 -721.003784
v -138.687515 -46.1064911 -689.78302
v -138.687515 -46.1064911 -689.78302
v -138.917603 -19.8552608 -689.598938
v -101.231766 -19.8552608 -721.003784
v -138.687515 -46.1064911 -689.78302
v -108.594101 -46.1064911 -667.937744
v -108.594101 -19.8552608 -667.937744
v -108.594101 -19.8552608 -667.937744
v -138.917603 -19.8552608 -689.598938
v -138.687515 -46.1064911 -689.78302
v 92.5926743 33.6595879 -758.516968
v 165.329987 28.4829903 -688.276001
v 116.014008 26.7574234 -763.567078
v 165.329987 28.4829903 -688.276001
v 92.5926743 33.6595879 -758.516968
v 146.728561 35.3851509 -673.275208
v 91.3387451 35.3851509 -628.572266
v 146.728561 35.3851509 -673.275208
v 92.5926743 33.6595879 -758.516968
v -92.5925751 33.6595879 -758.51709
v 91.3387451 35.3851509 -628.572266
v 92.5926743 33.6595879 -758.516968
v 91.3387451 35.3851509 -628.572266
v -92.5925751 33.6595879 -758.51709
v -91.3386383 35.3851509 -628.572266
v -92.5925751 33.6595879 -758.51709
v -146.728561 35.3851509 -673.275269
v -91.3386383 35.3851509 -628.572266
v -92.5925751 33.6595879 -758.51709
v -165.329895 28.4829903 -688.276001
v -146.728561 35.3851509 -673.275269
v 108.134026 26.7574234 -814.182983
v 92.5926743 33.6595879 -758.516968
v 116.014008 26.7574234 -763.567078
v 92.5926743 33.6595879 -758.516968
v 108.134026 26.7574234 -814.182983
v 87.5885925 33.6595879 -825.11145
v 92.5926743 33.6595879 -758.516968
v 87.5885925 33.6595879 -825.11145
v 9.87504609e-05 33.6595879 -871.701172
v 9.87504609e-05 33.6595879 -871.701172
v -92.5925751 33.6595879 -758.51709
v 92.5926743 33.6595879 -758.516968
v -92.5925751 33.6595879 -758.51709
v 9.87504609e-05 33.6595879 -871.701172
v -87.5883942 33.6595879 -825.111572
v -108.133919 26.7574234 -814.183105
v -92.5925751 33.6595879 -758.51709
v -87.5883942 33.6595879 -825.111572
v -92.5925751 33.6595879 -758.51709
v -108.133919 26.7574234 -814.183105
v -116.013916 26.7574234 -763.567139
v -165.329895 28.4829903 -688.276001
v -92.5925751 33.6595879 -758.51709
v -116.013916 26.7574234 -763.567139
v 116.014008 26.7574234 -763.567078
v 108.134026 11.9408064 -814.182983
v 108.134026 26.7574234 -814.182983
v 108.134026 11.9408064 -814.182983
v 116.014008 26.7574234 -763.567078
v 116.014008 6.03938055 -763.567078
v 165.329987 28.4829903 -688.276001
v 116.014008 6.03938055 -763.567078
v 116.014008 26.7574234 -763.567078
v 116.014008 6.03938055 -763.567078
v 165.329987 28.4829903 -688.276001
v 165.329987 -4.21032429 -688.276001
v -108.133919 11.9408064 -814.183105
v -116.013916 26.7574234 -763.567139
v -108.133919 26.7574234 -814.183105
v -116.013916 26.7574234 -763.567139
v -108.133919 11.9408064 -814.183105
v -116.013916 6.03938055 -763.567139
v -116.013916 6.03938055 -763.567139
v -165.329895 28.4829903 -688.276001
v -116.013916 26.7574234 -763.567139
v -165.329895 28.4829903 -688.276001
v -116.013916 6.03938055 -763.567139
v -165.329895 -4.21032429 -688.276062
v -108.133919 26.7574234 -814.183105
v -87.7264481 -10.8018188 -825.042542
v -108.133919 11.9408064 -814.183105
v -87.7264481 -10.8018188 -825.042542
v -108.133919 26.7574234 -814.183105
v -87.5883942 33.6595879 -825.111572
v -87.5883942 33.6595879 -825.111572
v 9.87504609e-05 -9.2028513 -871.701172
v -87.7264481 -10.8018188 -825.042542
v 9.87504609e-05 -9.2028513 -871.701172
v -87.5883942 33.6595879 -825.111572
v 9.87504609e-05 33.6595879 -871.701172
v 87.5885925 33.6595879 -825.11145
v 9.87504609e-05 -9.2028513 -871.701172
v 9.87504609e-05 33.6595879 -871.701172
v 9.87504609e-05 -9.2028513 -871.701172
v 87.5885925 33.6595879 -825.11145
v 87.7266464 -10.8018188 -825.042419
v 108.134026 26.7574234 -814.182983
v 87.7266464 -10.8018188 -825.042419
v 87.5885925 33.6595879 -825.11145
v 87.7266464 -10.8018188 -825.042419
v 108.134026 26.7574234 -814.182983
v 108.134026 11.9408064 -814.182983
v 165.329987 28.4829903 -688.276001
v 147.05069 1.51848578 -673.528259
v 165.329987 -4.21032429 -688.276001
v 147.05069 1.51848578 -673.528259
v 165.329987 28.4829903 -688.276001
v 146.728561 35.3851509 -673.275208
v 146.728561 35.3851509 -673.275208
v 91.3387451 5.28018713 -628.572266
v 147.05069 1.51848578 -673.528259
v 91.3387451 5.28018713 -628.572266
v 146.728561 35.3851509 -673.275208
v 91.3387451 35.3851509 -628.572266
v -108.133919 11.9408064 -814.183105
v -92.8915939 -17.0828419 -763.337097
v -116.013916 6.03938055 -763.567139
v -92.8915939 -17.0828419 -763.337097
v -108.133919 11.9408064 -814.183105
v -87.7264481 -10.8018188 -825.042542
v -54.9412003 -17.0828419 -762.95752
v -92.8915939 -17.0828419 -763.337097
v -87.7264481 -10.8018188 -825.042542
v -54.9412003 -17.0828419 -762.95752
v -147.326797 -27.3325462 -673.758423
v -92.8915939 -17.0828419 -763.337097
v -165.329895 -4.21032429 -688.276062
v -92.8915939 -17.0828419 -763.337097
v -147.326797 -27.3325462 -673.758423
v -92.8915939 -17.0828419 -763.337097
v -165.329895 -4.21032429 -688.276062
v -116.013916 6.03938055 -763.567139
v -54.9412003 -17.0828419 -762.95752
v -87.7264481 -10.8018188 -825.042542
v 9.87504609e-05 -9.2028513 -871.701172
v 9.87504609e-05 -17.0828419 -762.41687
v -54.9412003 -17.0828419 -762.95752
v 9.87504609e-05 -9.2028513 -871.701172
v 54.9412994 -17.0828419 -762.95752
v 9.87504609e-05 -17.0828419 -762.41687
v 9.87504609e-05 -9.2028513 -871.701172
v 9.87504609e-05 -9.2028513 -871.701172
v 87.7266464 -10.8018188 -825.042542
v 54.9412994 -17.0828419 -762.95752
v 92.8917923 -17.0828419 -763.337097
v 54.9412994 -17.0828419 -762.95752
v 87.7266464 -10.8018188 -825.042542
v 147.326797 -27.3325462 -673.758362
v 54.9412994 -17.0828419 -762.95752
v 92.8917923 -17.0828419 -763.337097
v 92.8917923 -17.0828419 -763.337097
v 165.329987 -4.21032429 -688.276001
v 147.326797 -27.3325462 -673.758362
v 165.329987 -4.21032429 -688.276001
v 92.8917923 -17.0828419 -763.337097
v 116.014008 6.03938055 -763.567078
v 92.8917923 -17.0828419 -763.337097
v 108.134026 11.9408064 -814.182983
v 116.014008 6.03938055 -763.567078
v 108.134026 11.9408064 -814.182983
v 92.8917923 -17.0828419 -763.337097
v 87.7266464 -10.8018188 -825.042542
v 68.7571793 13.9539337 -900
v 71.782692 15.2078657 -900
v 74.8081131 13.9539337 -900
v 74.8081131 13.9539337 -900
v 67.5033417 10.9285164 -900
v 68.7571793 13.9539337 -900
v 67.5033417 10.9285164 -900
v 74.8081131 13.9539337 -900
v 76.0619507 10.9285164 -900
v 74.8081131 7.9029994 -900
v 67.5033417 10.9285164 -900
v 76.0619507 10.9285164 -900
v 67.5033417 10.9285164 -900
v 74.8081131 7.9029994 -900
v 68.7571793 7.9029994 -900
v 74.8081131 7.9029994 -900
v 71.782692 6.6491642 -900
v 68.7571793 7.9029994 -900
v 71.782692 15.2078657 -900
v 68.7571793 13.9539337 -789.565308
v 71.7825928 15.2077675 -789.565308
v 68.7571793 13.9539337 -789.565308
v 71.782692 15.2078657 -900
v 68.7571793 13.9539337 -900
v 68.7571793 13.9539337 -900
v 67.5032501 10.9285164 -789.565308
v 68.7571793 13.9539337 -789.565308
v 67.5032501 10.9285164 -789.565308
v 68.7571793 13.9539337 -900
v 67.5033417 10.9285164 -900
v 67.5033417 10.9285164 -900
v 68.7571793 7.9029994 -789.565308
v 67.5032501 10.9285164 -789.565308
v 68.7571793 7.9029994 -789.565308
v 67.5033417 10.9285164 -900
v 68.7571793 7.9029994 -900
v 68.7571793 7.9029994 -900
v 71.7825928 6.6491642 -789.565308
v 68.7571793 7.9029994 -789.565308
v 71.7825928 6.6491642 -789.565308
v 68.7571793 7.9029994 -900
v 71.782692 6.6491642 -900
v 71.782692 6.6491642 -900
v 74.8081131 7.9029994 -789.565308
v 71.7825928 6.6491642 -789.565308
v 74.8081131 7.9029994 -789.565308
v 71.782692 6.6491642 -900
v 74.8081131 7.9029994 -900
v 74.8081131 7.9029994 -900
v 76.0619507 10.9285164 -789.565308
v 74.8081131 7.9029994 -789.565308
v 76.0619507 10.9285164 -789.565308
v 74.8081131 7.9029994 -900
v 76.0620499 10.9285164 -900
v 76.0620499 10.9285164 -900
v 74.8081131 13.9539337 -789.565308
v 76.0619507 10.9285164 -789.565308
v 74.8081131 13.9539337 -789.565308
v 76.0620499 10.9285164 -900
v 74.8081131 13.9539337 -900
v 74.8081131 13.9539337 -900
v 71.7825928 15.2077675 -789.565308
v 74.8081131 13.9539337 -789.565308
v 71.7825928 15.2077675 -789.565308
v 74.8081131 13.9539337 -900
v 71.782692 15.2078657 -900
v -68.7569809 13.9539337 -900
v -74.8079147 13.9539337 -900
v -71.782402 15.2078657 -900
v -74.8079147 13.9539337 -900
v -68.7569809 13.9539337 -900
v -67.5031509 10.9285164 -900
v -67.5031509 10.9285164 -900
v -76.0617447 10.9285164 -900
v -74.8079147 13.9539337 -900
v -74.8079147 7.9029994 -900
v -76.0617447 10.9285164 -900
v -67.5031509 10.9285164 -900
v -67.5031509 10.9285164 -900
v -68.7569809 7.9029994 -900
v -74.8079147 7.9029994 -900
v -74.8079147 7.9029994 -900
v -68.7569809 7.9029994 -900
v -71.782402 6.6491642 -900
v -71.7825012 15.2078657 -900
v -71.7825012 15.2077675 -789.56543
v -68.7570801 13.9539337 -789.56543
v -68.7570801 13.9539337 -789.56543
v -68.7569809 13.9539337 -900
v -71.7825012 15.2078657 -900
v -68.7569809 13.9539337 -900
v -68.7570801 13.9539337 -789.56543
v -67.5031509 10.9285164 -789.56543
v -67.5031509 10.9285164 -789.56543
v -67.5031509 10.9285164 -900
v -68.7569809 13.9539337 -900
v -67.5031509 10.9285164 -900
v -67.5031509 10.9285164 -789.56543
v -68.7570801 7.9029994 -789.56543
v -68.7570801 7.9029994 -789.56543
v -68.7569809 7.9029994 -900
v -67.5031509 10.9285164 -900
v -68.7569809 7.9029994 -900
v -68.7570801 7.9029994 -789.56543
v -71.7825012 6.6491642 -789.56543
v -71.7825012 6.6491642 -789.56543
v -71.7825012 6.6491642 -900
v -68.7569809 7.9029994 -900
v -71.7825012 6.6491642 -900
v -71.7825012 6.6491642 -789.56543
v -74.8079147 7.9029994 -789.56543
v -74.8079147 7.9029994 -789.56543
v -74.8079147 7.9029994 -900
v -71.7825012 6.6491642 -900
v -74.8079147 7.9029994 -900
v -74.8079147 7.9029994 -789.56543
v -76.0618515 10.9285164 -789.56543
v -76.0618515 10.9285164 -789.56543
v -76.0618515 10.9285164 -900
v -74.8079147 7.9029994 -900
v -76.0618515 10.9285164 -900
v -76.0618515 10.9285164 -789.56543
v -74.8079147 13.9539337 -789.56543
v -74.8079147 13.9539337 -789.56543
v -74.8079147 13.9539337 -900
v -76.0618515 10.9285164 -900
v -74.8079147 13.9539337 -900
v -74.8079147 13.9539337 -789.56543
v -71.7825012 15.2077675 -789.56543
v -71.7825012 15.2077675 -789.56543
v -71.7825012 15.2078657 -900
v -74.8079147 13.9539337 -900
v 204.833328 7.35078621 -750.568054
v 143.151031 43.1040802 -796.375427
v 200.093903 50.7769928 -752.00592
v 143.151031 43.1040802 -796.375427
v 204.833328 7.35078621 -750.568054
v 147.890564 -0.322025239 -794.937439
v 98.8966064 39.6759605 -753.915588
v 163.592865 49.7301369 -662.968018
v 195.273895 51.7778282 -705.450867
v 163.592865 49.7301369 -662.968018
v 98.8966064 39.6759605 -753.915588
v 72.3348083 38.3991165 -705.094238
v 98.8966064 39.6759605 -753.915588
v 73.024971 32.0950851 -704.887146
v 72.3348083 38.3991165 -705.094238
v 98.8966064 39.6759605 -753.915588
v 147.890564 -0.322025239 -794.937439
v 103.636131 -3.75014734 -752.4776
v 147.890564 -0.322025239 -794.937439
v 98.8966064 39.6759605 -753.915588
v 143.151031 43.1040802 -796.375427
v 168.332413 6.30403137 -661.53009
v 150.099213 42.0456734 -669.306519
v 151.445084 4.21032429 -669.329529
v 150.099213 42.0456734 -669.306519
v 168.332413 6.30403137 -661.53009
v 163.592865 49.7301369 -662.968018
v 72.3348083 38.3991165 -705.094238
v 150.099213 42.0456734 -669.306519
v 163.592865 49.7301369 -662.968018
v 150.099213 42.0456734 -669.306519
v 72.3348083 38.3991165 -705.094238
v 73.024971 32.0950851 -704.887146
v 143.151031 43.1040802 -796.375427
v 195.273895 51.7778282 -705.450867
v 200.093903 50.7769928 -752.00592
v 195.273895 51.7778282 -705.450867
v 143.151031 43.1040802 -796.375427
v 98.8966064 39.6759605 -753.915588
v 200.001877 8.36317635 -704.012817
v 147.890564 -0.322025239 -794.937439
v 204.833328 7.35078621 -750.568054
v 147.890564 -0.322025239 -794.937439
v 200.001877 8.36317635 -704.012817
v 103.636131 -3.75014734 -752.4776
v 200.001877 8.36317635 -704.012817
v 168.332413 6.30403137 -661.53009
v 103.636131 -3.75014734 -752.4776
v 168.332413 6.30403137 -661.53009
v 151.445084 4.21032429 -669.329529
v 103.636131 -3.75014734 -752.4776
v 200.001877 8.36317635 -704.012817
v 163.592865 49.7301369 -662.968018
v 168.332413 6.30403137 -661.53009
v 163.592865 49.7301369 -662.968018
v 200.001877 8.36317635 -704.012817
v 195.273895 51.7778282 -705.450867
v 200.001877 8.36317635 -704.012817
v 200.093903 50.7769928 -752.00592
v 195.273895 51.7778282 -705.450867
v 200.093903 50.7769928 -752.00592
v 200.001877 8.36317635 -704.012817
v 204.833328 7.35078621 -750.568054
v -204.833237 7.35078621 -750.568176
v -200.093811 50.7769928 -752.006042
v -143.15094 43.1040802 -796.375488
v -143.15094 43.1040802 -796.375488
v -147.890366 -0.322025239 -794.937561
v -204.833237 7.35078621 -750.568176
v -98.8965149 39.6759605 -753.915588
v -195.273804 51.7778282 -705.450928
v -163.592865 49.7301369 -662.96814
v -163.592865 49.7301369 -662.96814
v -72.3347092 38.3991165 -705.094238
v -98.8965149 39.6759605 -753.915588
v -98.8965149 39.6759605 -753.915588
v -72.3347092 38.3991165 -705.094238
v -73.0248795 32.0950851 -704.887146
v -98.8965149 39.6759605 -753.915588
v -103.63604 -3.75014734 -752.477661
v -147.890366 -0.322025239 -794.937561
v -147.890366 -0.322025239 -794.937561
v -143.15094 43.1040802 -796.375488
v -98.8965149 39.6759605 -753.915588
v -168.332413 6.30403137 -661.53009
v -151.445084 4.21032429 -669.32959
v -150.099121 42.0456734 -669.306641
v -150.099121 42.0456734 -669.306641
v -163.592865 49.7301369 -662.96814
v -168.332413 6.30403137 -661.53009
v -72.3347092 38.3991165 -705.094238
v -163.592865 49.7301369 -662.96814
v -150.099121 42.0456734 -669.306641
v -150.099121 42.0456734 -669.306641
v -73.0248795 32.0950851 -704.887146
v -72.3347092 38.3991165 -705.094238
v -143.15094 43.1040802 -796.375488
v -200.093811 50.7769928 -752.006042
v -195.273804 51.7778282 -705.450928
v -195.273804 51.7778282 -705.450928
v -98.8965149 39.6759605 -753.91571
v -143.15094 43.1040802 -796.375488
v -200.00177 8.36317635 -704.012939
v -204.833237 7.35078621 -750.568176
v -147.890366 -0.322025239 -794.937561
v -147.890366 -0.322025239 -794.937561
v -103.63604 -3.75014734 -752.477661
v -200.00177 8.36317635 -704.012939
v -200.00177 8.36317635 -704.012939
v -103.63604 -3.75014734 -752.477661
v -168.332413 6.30403137 -661.53009
v -168.332413 6.30403137 -661.53009
v -103.63604 -3.75014734 -752.477661
v -151.445084 4.21032429 -669.32959
v -200.00177 8.36317635 -704.012939
v -168.332413 6.30403137 -661.53009
v -163.592865 49.7301369 -662.96814
v -163.592865 49.7301369 -662.96814
v -195.273804 51.7778282 -705.450928
v -200.00177 8.36317635 -704.012939
v -200.00177 8.36317635 -704.012939
v -195.273804 51.7778282 -705.450928
v -200.093811 50.7769928 -752.006042
v -200.093811 50.7769928 -752.006042
v -204.833237 7.35078621 -750.568176
v -200.00177 8.36317635 -704.012939
v 203.671341 -17.5775814 -322.978668
v 176.074249 -27.4591465 -456.397644
v 237.342468 -17.5775814 -428.880951
v 176.074249 -27.4591465 -456.397644
v 203.671341 -17.5775814 -322.978668
v 115.760818 -27.4591465 -333.677124
v 107.501129 -27.4591465 -349.172424
v 176.074249 -27.4591465 -456.397644
v 115.760818 -27.4591465 -333.677124
v 176.074249 -27.4591465 -456.397644
v 107.501129 -27.4591465 -349.172424
v 145.543655 -27.4591465 -470.109924
v 150.329102 -20.4534912 -282.025879
v 115.760818 -27.4591465 -333.677124
v 203.671341 -17.5775814 -322.978668
v 115.760818 -27.4591465 -333.677124
v 150.329102 -20.4534912 -282.025879
v 90.5103226 -27.4591465 -282.324982
v 69.2861862 -27.4591465 -318.802917
v 115.760818 -27.4591465 -333.677124
v 90.5103226 -27.4591465 -282.324982
v 115.760818 -27.4591465 -333.677124
v 69.2861862 -27.4591465 -318.802917
v 107.501129 -27.4591465 -349.172424
v 90.5103226 -27.4591465 -282.324982
v 69.2861862 11.3540316 -318.802917
v 69.2861862 -27.4591465 -318.802917
v 69.2861862 11.3540316 -318.802917
v 90.5103226 -27.4591465 -282.324982
v 90.5103226 11.3540316 -282.324982
v 150.329102 -20.4534912 -282.025879
v 90.5103226 11.3540316 -282.324982
v 90.5103226 -27.4591465 -282.324982
v 90.5103226 11.3540316 -282.324982
v 150.329102 -20.4534912 -282.025879
v 150.329102 4.92350054 -282.025879
v 150.329102 -20.4534912 -282.025879
v 203.671341 1.47246802 -322.978668
v 150.329102 4.92350054 -282.025879
v 203.671341 1.47246802 -322.978668
v 150.329102 -20.4534912 -282.025879
v 203.671341 -17.5775814 -322.978668
v 203.671341 -17.5775814 -322.978668
v 237.342468 1.47246802 -428.880951
v 203.671341 1.47246802 -322.978668
v 237.342468 1.47246802 -428.880951
v 203.671341 -17.5775814 -322.978668
v 237.342468 -17.5775814 -428.880951
v 237.342468 -17.5775814 -428.880951
v 176.074249 11.3540316 -456.397644
v 237.342468 1.47246802 -428.880951
v 176.074249 11.3540316 -456.397644
v 237.342468 -17.5775814 -428.880951
v 176.074249 -27.4591465 -456.397644
v 176.074249 -27.4591465 -456.397644
v 145.543655 11.3540316 -470.109924
v 176.074249 11.3540316 -456.397644
v 145.543655 11.3540316 -470.109924
v 176.074249 -27.4591465 -456.397644
v 145.543655 -27.4591465 -470.109924
v 98.8044815 11.3540316 -352.554535
v 176.074249 11.3540316 -456.397644
v 145.543655 11.3540316 -470.109924
v 176.074249 11.3540316 -456.397644
v 98.8044815 11.3540316 -352.554535
v 112.758301 11.3540316 -327.580139
v 203.671341 1.47246802 -322.978668
v 176.074249 11.3540316 -456.397644
v 112.758301 11.3540316 -327.580139
v 176.074249 11.3540316 -456.397644
v 203.671341 1.47246802 -322.978668
v 237.34259 1.47246802 -428.880951
v 69.2861862 11.3540316 -318.802917
v 112.758301 11.3540316 -327.580139
v 98.8044815 11.3540316 -352.554535
v 112.758301 11.3540316 -327.580139
v 69.2861862 11.3540316 -318.802917
v 90.5103226 11.3540316 -282.32489
v 150.329102 4.92350054 -282.025757
v 112.758301 11.3540316 -327.580139
v 90.5103226 11.3540316 -282.32489
v 112.758301 11.3540316 -327.580139
v 150.329102 4.92350054 -282.025757
v 203.671341 1.47246802 -322.978668
v -203.671524 -17.5775814 -322.97879
v -237.34259 -17.5775814 -428.881134
v -176.074341 -27.4591465 -456.397736
v -176.074341 -27.4591465 -456.397736
v -115.76091 -27.4591465 -333.677216
v -203.671524 -17.5775814 -322.97879
v -107.501328 -27.4591465 -349.172546
v -115.76091 -27.4591465 -333.677216
v -176.074341 -27.4591465 -456.397736
v -176.074341 -27.4591465 -456.397736
v -145.543747 -27.4591465 -470.110016
v -107.501328 -27.4591465 -349.172546
v -150.3293 -20.4534912 -282.02597
v -203.671524 -17.5775814 -322.97879
v -115.76091 -27.4591465 -333.677216
v -115.76091 -27.4591465 -333.677216
v -90.5105286 -27.4591465 -282.324982
v -150.3293 -20.4534912 -282.02597
v -69.2863846 -27.4591465 -318.802917
v -90.5105286 -27.4591465 -282.324982
v -115.76091 -27.4591465 -333.677216
v -115.76091 -27.4591465 -333.677216
v -107.501328 -27.4591465 -349.172546
v -69.2863846 -27.4591465 -318.802917
v -90.5105286 -27.4591465 -282.324982
v -69.2863846 -27.4591465 -318.802917
v -69.2863846 11.3540316 -318.802917
v -69.2863846 11.3540316 -318.802917
v -90.5105286 11.3540316 -282.324982
v -90.5105286 -27.4591465 -282.324982
v -150.3293 -20.4534912 -282.02597
v -90.5105286 -27.4591465 -282.324982
v -90.5105286 11.3540316 -282.324982
v -90.5105286 11.3540316 -282.324982
v -150.3293 4.92350054 -282.02597
v -150.3293 -20.4534912 -282.02597
v -150.3293 -20.4534912 -282.02597
v -150.3293 4.92350054 -282.02597
v -203.671524 1.47246802 -322.97879
v -203.671524 1.47246802 -322.97879
v -203.671524 -17.5775814 -322.97879
v -150.3293 -20.4534912 -282.02597
v -203.671524 -17.5775814 -322.97879
v -203.671524 1.47246802 -322.97879
v -237.34259 1.47246802 -428.881134
v -237.34259 1.47246802 -428.881134
v -237.34259 -17.5775814 -428.881134
v -203.671524 -17.5775814 -322.97879
v -237.34259 -17.5775814 -428.881134
v -237.34259 1.47246802 -428.881134
v -176.074341 11.3540316 -456.397736
v -176.074341 11.3540316 -456.397736
v -176.074341 -27.4591465 -456.397736
v -237.34259 -17.5775814 -428.881134
v -176.074341 -27.4591465 -456.397736
v -176.074341 11.3540316 -456.397736
v -145.543747 11.3540316 -470.110016
v -145.543747 11.3540316 -470.110016
v -145.543747 -27.4591465 -470.110016
v -176.074341 -27.4591465 -456.397736
v -98.8045731 11.3540316 -352.554535
v -145.543747 11.3540316 -470.110016
v -176.074341 11.3540316 -456.397644
v -176.074341 11.3540316 -456.397644
v -112.758507 11.3540316 -327.580261
v -98.8045731 11.3540316 -352.554535
v -203.671524 1.47246802 -322.97879
v -112.758507 11.3540316 -327.580261
v -176.074341 11.3540316 -456.397644
v -176.074341 11.3540316 -456.397644
v -237.342682 1.47246802 -428.881134
v -203.671524 1.47246802 -322.97879
v -69.2863846 11.3540316 -318.802917
v -98.8045731 11.3540316 -352.554535
v -112.758507 11.3540316 -327.580261
v -112.758507 11.3540316 -327.580261
v -90.5105286 11.3540316 -282.324982
v -69.2863846 11.3540316 -318.802917
v -150.3293 4.92350054 -282.025879
v -90.5105286 11.3540316 -282.324982
v -112.758507 11.3540316 -327.580261
v -112.758507 11.3540316 -327.580261
v -203.671524 1.47246802 -322.97879
v -150.3293 4.92350054 -282.025879
v 151.951172 -33.8436584 -547.563782
v 145.474625 -3.71568346 -494.969177
v 145.474625 -33.8436584 -494.969177
v 145.474625 -3.71568346 -494.969177
v 151.951172 -33.8436584 -547.563782
v 151.951172 -3.71568346 -547.563782
v 145.474625 -33.8436584 -494.969177
v 98.7239914 -47.8780708 -509.92395
v 151.951172 -33.8436584 -547.563782
v 145.474731 -3.71568346 -494.969177
v 151.951279 -3.71568346 -547.563782
v 98.7239914 3.01396275 -509.92395
v -151.951279 -33.8436584 -547.563904
v -145.474731 -33.8436584 -494.969269
v -145.474731 -3.71568346 -494.969269
v -145.474731 -3.71568346 -494.969269
v -151.951279 -3.71568346 -547.563904
v -151.951279 -33.8436584 -547.563904
v -145.474731 -33.8436584 -494.969269
v -151.951279 -33.8436584 -547.563904
v -98.7239914 -47.8780708 -509.924072
v -145.474731 -3.71568346 -494.969269
v -98.7239914 3.01396275 -509.924072
v -151.951279 -3.71568346 -547.563904
v 151.548569 12.0673056 -570.743591
v 153.906937 51.7662735 -697.547852
v 151.548569 53.8368721 -570.743591
v 153.906937 51.7662735 -697.547852
v 151.548569 12.0673056 -570.743591
v 153.906937 -8.0525074 -697.547852
v 103.808647 56.4712372 -661.253967
v 151.548569 53.8368721 -570.743591
v 153.906937 51.7662735 -697.547852
v 151.548569 53.8368721 -570.743591
v 103.808647 56.4712372 -661.253967
v 113.310623 55.2173042 -525.384827
v 113.310623 55.2173042 -525.384827
v 103.808647 56.4712372 -661.253967
v 97.0444489 51.1910515 -506.081787
v 151.548569 53.8368721 -570.743591
v 113.310623 18.6358891 -525.384827
v 151.548569 12.0673056 -570.743591
v 113.310623 18.6358891 -525.384827
v 151.548569 53.8368721 -570.743591
v 113.310623 55.2173042 -525.384827
v 97.0444489 51.1910515 -506.081787
v 113.310623 18.6358891 -525.384827
v 113.310623 55.2173042 -525.384827
v 113.310623 18.6358891 -525.384827
v 97.0444489 51.1910515 -506.081787
v 96.9754181 18.9004421 -506.001221
v 153.906937 51.7662735 -697.547852
v 153.906937 -8.0525074 -697.547852
v 103.808647 56.4712372 -661.253967
v -151.548569 12.0673056 -570.743591
v -151.548569 53.8368721 -570.743591
v -153.90683 51.7662735 -697.547974
v -153.90683 51.7662735 -697.547974
v -153.90683 -8.0525074 -697.547974
v -151.548569 12.0673056 -570.743591
v -103.808556 56.4712372 -661.253967
v -153.90683 51.7662735 -697.547974
v -151.548569 53.8368721 -570.743591
v -151.548569 53.8368721 -570.743591
v -113.310623 55.2173042 -525.384949
v -103.808556 56.4712372 -661.253967
v -113.310623 55.2173042 -525.384949
v -97.044548 51.1910515 -506.081787
v -103.808556 56.4712372 -661.253967
v -151.548569 53.8368721 -570.743591
v -151.548569 12.0673056 -570.743591
v -113.310623 18.6358891 -525.384949
v -113.310623 18.6358891 -525.384949
v -113.310623 55.2173042 -525.384949
v -151.548569 53.8368721 -570.743591
v -97.044548 51.1910515 -506.081787
v -113.310623 55.2173042 -525.384949
v -113.310623 18.6358891 -525.384949
v -113.310623 18.6358891 -525.384949
v -96.9755173 18.9004421 -506.001312
v -97.044548 51.1910515 -506.081787
v -153.90683 51.7662735 -697.547974
v -103.808556 56.4712372 -661.253967
v -153.90683 -8.0525074 -697.547974
v 104.073105 13.7237453 -221.27034
v 47.1646996 35.442627 -213.217834
v 80.525177 18.7163715 -204.014893
v 98.2292557 35.442627 -401.877045
v 70.4250717 35.442627 -298.735626
v 156.449066 13.7238445 -383.471222
v 70.4250717 35.442627 -298.735626
v 104.073105 13.7237453 -221.27034
v 156.449066 13.7238445 -383.471222
v 47.1646996 35.442627 -213.217834
v 104.073105 13.7237453 -221.27034
v 70.4250717 35.442627 -298.735626
v 70.4250717 35.442627 -298.735626
v -47.1648979 35.442627 -213.217834
v 47.1646996 35.442627 -213.217834
v -47.1648979 35.442627 -213.217834
v 70.4250717 35.442627 -298.735626
v -70.4251709 35.442627 -298.735718
v -70.4251709 35.442627 -298.735718
v -98.2294464 35.442627 -401.877136
v -156.449265 13.7238445 -383.471313
v -104.073311 13.7237453 -221.27034
v -70.4251709 35.442627 -298.735718
v -156.449265 13.7238445 -383.471313
v -104.073311 13.7237453 -221.27034
v -47.1648979 35.442627 -213.217834
v -70.4251709 35.442627 -298.735718
v -47.1648979 35.442627 -213.217834
v -104.073311 13.7237453 -221.27034
v -80.5254669 18.7163715 -204.014984
v 156.449066 13.7238445 -383.471222
v 104.073105 -40.1821556 -221.27034
v 156.449066 -40.1821556 -383.471222
v 104.073105 -40.1821556 -221.27034
v 156.449066 13.7238445 -383.471222
v 104.073105 13.7237453 -221.27034
v 104.073105 13.7237453 -221.27034
v 80.525177 -45.1746788 -204.014893
v 104.073105 -40.1821556 -221.27034
v 80.525177 -45.1746788 -204.014893
v 104.073105 13.7237453 -221.27034
v 80.525177 18.7163715 -204.014893
v 47.1646996 35.442627 -213.217834
v 80.525177 -45.1746788 -204.014893
v 80.525177 18.7163715 -204.014893
v 80.525177 -45.1746788 -204.014893
v 47.1646996 35.442627 -213.217834
v 47.1646996 -57.2995567 -213.217834
v -47.1648979 35.442627 -213.217834
v 47.1646996 -57.2995567 -213.217834
v 47.1646996 35.442627 -213.217834
v 47.1646996 -57.2995567 -213.217834
v -47.1648979 35.442627 -213.217834
v -47.1648979 -57.2995567 -213.217834
v -47.1648979 35.442627 -213.217834
v -80.5254669 -45.1746788 -204.014984
v -47.1648979 -57.2995567 -213.217834
v -80.5254669 -45.1746788 -204.014984
v -47.1648979 35.442627 -213.217834
v -80.5254669 18.7163715 -204.014984
v -104.073311 13.7237453 -221.27034
v -80.5254669 -45.1746788 -204.014984
v -80.5254669 18.7163715 -204.014984
v -80.5254669 -45.1746788 -204.014984
v -104.073311 13.7237453 -221.27034
v -104.073311 -40.1821556 -221.270462
v -104.073311 13.7237453 -221.27034
v -156.449265 -40.1821556 -383.471313
v -104.073311 -40.1821556 -221.270462
v -156.449265 -40.1821556 -383.471313
v -104.073311 13.7237453 -221.27034
v -156.449265 13.7238445 -383.471313
v 98.2292557 35.442627 -401.877045
v 156.449066 -40.1821556 -383.471222
v 98.0682907 -57.2995567 -401.877045
v 156.449066 -40.1821556 -383.471222
v 98.2292557 35.442627 -401.877045
v 156.449066 13.7238445 -383.471222
v -156.449265 -40.1821556 -383.471313
v -98.2294464 35.442627 -401.877136
v -98.0683899 -57.2994614 -401.877136
v -98.2294464 35.442627 -401.877136
v -156.449265 -40.1821556 -383.471313
v -156.449265 13.7238445 -383.471313
v 156.449066 -40.1821556 -383.471222
v 77.7412949 -57.2995567 -326.309845
v 98.0682907 -57.2994614 -401.877045
v 104.073105 -40.1821556 -221.27034
v 77.7412949 -57.2995567 -326.309845
v 156.449066 -40.1821556 -383.471222
v 104.073105 -40.1821556 -221.27034
v 55.2862358 -57.2995567 -242.793594
v 77.7412949 -57.2995567 -326.309845
v -55.2864304 -57.2995567 -242.793594
v 77.7412949 -57.2995567 -326.309845
v 55.2862358 -57.2995567 -242.793594
v 77.7412949 -57.2995567 -326.309845
v -55.2864304 -57.2995567 -242.793594
v -77.7414932 -57.2995567 -326.309937
v 80.525177 -45.1746788 -204.014893
v 55.2862358 -57.2995567 -242.793594
v 104.073105 -40.1821556 -221.27034
v 55.2862358 -57.2995567 -242.793594
v 80.525177 -45.1746788 -204.014893
v 47.1646996 -57.2995567 -213.217834
v 47.1646996 -57.2995567 -213.217834
v -55.2864304 -57.2995567 -242.793594
v 55.2862358 -57.2995567 -242.793594
v -55.2864304 -57.2995567 -242.793594
v 47.1646996 -57.2995567 -213.217834
v -47.1648979 -57.2995567 -213.217834
v -80.5254669 -45.1746788 -204.014984
v -55.2864304 -57.2995567 -242.793594
v -47.1648979 -57.2995567 -213.217834
v -55.2864304 -57.2995567 -242.793594
v -80.5254669 -45.1746788 -204.014984
v -104.073311 -40.1821556 -221.270462
v -77.7414932 -57.2995567 -326.309937
v -55.2864304 -57.2995567 -242.793594
v -104.073311 -40.1821556 -221.270462
v -77.7414932 -57.2995567 -326.309937
v -104.073311 -40.1821556 -221.270462
v -156.449265 -40.1821556 -383.471313
v -77.7414932 -57.2995567 -326.309937
v -156.449265 -40.1821556 -383.471313
v -98.0683899 -57.2994614 -401.877136
v -77.7414932 -57.2995567 -214.734253
v -156.449265 -40.1821556 -271.895752
v -98.0683899 -57.2994614 -290.301575
v -77.7414932 -57.2995567 -214.734253
v -104.073311 -40.1821556 -109.694778
v -156.449265 -40.1821556 -271.895752
v -77.7414932 -57.2995567 -214.734253
v -55.2865295 -57.2995567 -131.218033
v -104.073311 -40.1821556 -109.694778
v -55.2865295 -57.2995567 -131.218033
v -80.5254669 -45.1747818 -92.4393158
v -104.073311 -40.1821556 -109.694778
v -80.5254669 -45.1747818 -92.4393158
v -55.2865295 -57.2995567 -131.218033
v -47.1649971 -57.2995567 -101.642265
v -55.2865295 -57.2995567 -131.218033
v 47.1646996 -57.2995567 -101.642265
v -47.1649971 -57.2995567 -101.642265
v 47.1646996 -57.2995567 -101.642265
v -55.2865295 -57.2995567 -131.218033
v 55.2862358 -57.2995567 -131.218033
v 55.2862358 -57.2995567 -131.218033
v 80.525177 -45.1747818 -92.4393158
v 47.1646996 -57.2995567 -101.642265
v 80.525177 -45.1747818 -92.4393158
v 55.2862358 -57.2995567 -131.218033
v 104.073013 -40.1821556 -109.694672
v 77.7412949 -57.2995567 -214.734253
v -55.2865295 -57.2995567 -131.218033
v -77.7414932 -57.2995567 -214.734253
v -55.2865295 -57.2995567 -131.218033
v 77.7412949 -57.2995567 -214.734253
v 55.2862358 -57.2995567 -131.218033
v 104.073013 -40.1821556 -109.694672
v 55.2862358 -57.2995567 -131.218033
v 77.7412949 -57.2995567 -214.734253
v 104.073013 -40.1821556 -109.694672
v 77.7412949 -57.2995567 -214.734253
v 156.449066 -40.1821556 -271.89566
v 156.449066 -40.1821556 -271.89566
v 77.7412949 -57.2995567 -214.734253
v 98.0681915 -57.2994614 -290.301453
v -98.2294464 35.442627 -290.301575
v -156.449265 -40.1821556 -271.895752
v -156.449265 13.7238445 -271.895752
v -156.449265 -40.1821556 -271.895752
v -98.2294464 35.442627 -290.301575
v -98.0683899 -57.2994614 -290.301575
v 156.449066 -40.1821556 -271.89566
v 98.2292557 35.442627 -290.301453
v 156.449066 13.7238445 -271.89566
v 98.2292557 35.442627 -290.301453
v 156.449066 -40.1821556 -271.89566
v 98.0681915 -57.2995567 -290.301453
v -156.449265 -40.1821556 -271.895752
v -104.073311 13.7237453 -109.694778
v -156.449265 13.7238445 -271.895752
v -104.073311 13.7237453 -109.694778
v -156.449265 -40.1821556 -271.895752
v -104.073311 -40.1821556 -109.694778
v -80.5254669 -45.1747818 -92.4393158
v -104.073311 13.7237453 -109.694778
v -104.073311 -40.1821556 -109.694778
v -104.073311 13.7237453 -109.694778
v -80.5254669 -45.1747818 -92.4393158
v -80.5254669 18.7163715 -92.4393158
v -80.5254669 -45.1747818 -92.4393158
v -47.1649971 35.442627 -101.642265
v -80.5254669 18.7163715 -92.4393158
v -47.1649971 35.442627 -101.642265
v -80.5254669 -45.1747818 -92.4393158
v -47.1649971 -57.2995567 -101.642265
v 47.1646996 -57.2995567 -101.642265
v -47.1649971 35.442627 -101.642265
v -47.1649971 -57.2995567 -101.642265
v -47.1649971 35.442627 -101.642265
v 47.1646996 -57.2995567 -101.642265
v 47.1646996 35.442627 -101.642265
v 80.525177 -45.1747818 -92.4393158
v 47.1646996 35.442627 -101.642265
v 47.1646996 -57.2995567 -101.642265
v 47.1646996 35.442627 -101.642265
v 80.525177 -45.1747818 -92.4393158
v 80.525177 18.7163715 -92.4393158
v 80.525177 -45.1747818 -92.4393158
v 104.073013 13.7237453 -109.694672
v 80.525177 18.7163715 -92.4393158
v 104.073013 13.7237453 -109.694672
v 80.525177 -45.1747818 -92.4393158
v 104.073013 -40.1821556 -109.694672
v 104.073013 -40.1821556 -109.694672
v 156.449066 13.7238445 -271.89566
v 104.073013 13.7237453 -109.694672
v 156.449066 13.7238445 -271.89566
v 104.073013 -40.1821556 -109.694672
v 156.449066 -40.1821556 -271.89566
v -47.1649971 35.442627 -101.642265
v -104.073311 13.7237453 -109.694778
v -80.5254669 18.7163715 -92.4393158
v -104.073311 13.7237453 -109.694778
v -47.1649971 35.442627 -101.642265
v -70.4252701 35.442627 -187.160065
v -104.073311 13.7237453 -109.694778
v -70.4252701 35.442627 -187.160065
v -156.449265 13.7238445 -271.895752
v -70.4252701 35.442627 -187.160065
v -98.2294464 35.442627 -290.301575
v -156.449265 13.7238445 -271.895752
v -47.1649971 35.442627 -101.642265
v 70.4249725 35.442627 -187.160065
v -70.4252701 35.442627 -187.160065
v 70.4249725 35.442627 -187.160065
v -47.1649971 35.442627 -101.642265
v 47.1646996 35.442627 -101.642265
v 47.1646996 35.442627 -101.642265
v 104.073013 13.7237453 -109.694672
v 70.4249725 35.442627 -187.160065
v 70.4249725 35.442627 -187.160065
v 104.073013 13.7237453 -109.694672
v 156.449066 13.7238445 -271.89566
v 98.2292557 35.442627 -290.301453
v 70.4249725 35.442627 -187.160065
v 156.449066 13.7238445 -271.89566
v 104.073013 13.7237453 -109.694672
v 47.1646996 35.442627 -101.642265
v 80.525177 18.7163715 -92.4393158
v 104.073013 13.7237453 0.0661628023
v 47.1646004 35.442627 8.11866951
v 80.5250702 18.7163715 17.3215218
v 98.2292557 35.442627 -180.540527
v 70.4249725 35.442627 -77.3991241
v 156.448959 13.7238445 -162.13472
v 70.4249725 35.442627 -77.3991241
v 104.073013 13.7237453 0.0661628023
v 156.448959 13.7238445 -162.13472
v 47.1646004 35.442627 8.11866951
v 104.073013 13.7237453 0.0661628023
v 70.4249725 35.442627 -77.3991241
v 70.4249725 35.442627 -77.3991241
v -47.1649971 35.442627 8.11866951
v 47.1646004 35.442627 8.11866951
v -47.1649971 35.442627 8.11866951
v 70.4249725 35.442627 -77.3991241
v -70.4252701 35.442627 -77.3992233
v -70.4252701 35.442627 -77.3992233
v -98.2294464 35.442627 -180.540619
v -156.449265 13.7238445 -162.134811
v -104.073402 13.7237453 0.0660640523
v -70.4252701 35.442627 -77.3992233
v -156.449265 13.7238445 -162.134811
v -104.073402 13.7237453 0.0660640523
v -47.1649971 35.442627 8.11866951
v -70.4252701 35.442627 -77.3992233
v -47.1649971 35.442627 8.11866951
v -104.073402 13.7237453 0.0660640523
v -80.5254669 18.7163715 17.3215218
v 156.448959 13.7238445 -162.13472
v 104.073013 -40.1821556 0.0661628023
v 156.448959 -40.1821556 -162.13472
v 104.073013 -40.1821556 0.0661628023
v 156.448959 13.7238445 -162.13472
v 104.073013 13.7237453 0.0661628023
v 104.073013 13.7237453 0.0661628023
v 80.5250702 -45.1747818 17.3215218
v 104.073013 -40.1821556 0.0661628023
v 80.5250702 -45.1747818 17.3215218
v 104.073013 13.7237453 0.0661628023
v 80.5250702 18.7163715 17.3215218
v 47.1646004 35.442627 8.11866951
v 80.5250702 -45.1747818 17.3215218
v 80.5250702 18.7163715 17.3215218
v 80.5250702 -45.1747818 17.3215218
v 47.1646004 35.442627 8.11866951
v 47.1646004 -57.2995567 8.11866951
v -47.1649971 35.442627 8.11866951
v 47.1646004 -57.2995567 8.11866951
v 47.1646004 35.442627 8.11866951
v 47.1646004 -57.2995567 8.11866951
v -47.1649971 35.442627 8.11866951
v -47.1649971 -57.2995567 8.11857128
v -47.1649971 35.442627 8.11866951
v -80.5254669 -45.1747818 17.3214226
v -47.1649971 -57.2995567 8.11857128
v -80.5254669 -45.1747818 17.3214226
v -47.1649971 35.442627 8.11866951
v -80.5254669 18.7163715 17.3215218
v -104.073402 13.7237453 0.0660640523
v -80.5254669 -45.1747818 17.3214226
v -80.5254669 18.7163715 17.3215218
v -80.5254669 -45.1747818 17.3214226
v -104.073402 13.7237453 0.0660640523
v -104.073402 -40.1821556 0.0660640523
v -104.073402 13.7237453 0.0660640523
v -156.449265 -40.1821556 -162.134811
v -104.073402 -40.1821556 0.0660640523
v -156.449265 -40.1821556 -162.134811
v -104.073402 13.7237453 0.0660640523
v -156.449265 13.7238445 -162.134811
v 98.2292557 35.442627 -180.540527
v 156.449066 -40.1821556 -162.13472
v 98.0681915 -57.2995567 -180.540619
v 156.449066 -40.1821556 -162.13472
v 98.2292557 35.442627 -180.540527
v 156.449066 13.7238445 -162.13472
v -156.449265 -40.1821556 -162.134811
v -98.2294464 35.442627 -180.540619
v -98.0683899 -57.2994614 -180.540619
v -98.2294464 35.442627 -180.540619
v -156.449265 -40.1821556 -162.134811
v -156.449265 13.7238445 -162.134811
v 156.448959 -40.1821556 -162.13472
v 77.7412949 -57.2995567 -104.97332
v 98.0681915 -57.2994614 -180.540619
v 104.073013 -40.1821556 0.0661628023
v 77.7412949 -57.2995567 -104.97332
v 156.448959 -40.1821556 -162.13472
v 104.073013 -40.1821556 0.0661628023
v 55.2861366 -57.2995567 -21.4571915
v 77.7412949 -57.2995567 -104.97332
v -55.2865295 -57.2995567 -21.4571915
v 77.7412949 -57.2995567 -104.97332
v 55.2861366 -57.2995567 -21.4571915
v 77.7412949 -57.2995567 -104.97332
v -55.2865295 -57.2995567 -21.4571915
v -77.7416 -57.2995567 -104.973419
v 80.5250702 -45.1747818 17.3215218
v 55.2861366 -57.2995567 -21.4571915
v 104.073013 -40.1821556 0.0661628023
v 55.2861366 -57.2995567 -21.4571915
v 80.5250702 -45.1747818 17.3215218
v 47.1646004 -57.2995567 8.11866951
v 47.1646004 -57.2995567 8.11866951
v -55.2865295 -57.2995567 -21.4571915
v 55.2861366 -57.2995567 -21.4571915
v -55.2865295 -57.2995567 -21.4571915
v 47.1646004 -57.2995567 8.11866951
v -47.1649971 -57.2995567 8.11857128
v -80.5254669 -45.1747818 17.3214226
v -55.2865295 -57.2995567 -21.4571915
v -47.1649971 -57.2995567 8.11857128
v -55.2865295 -57.2995567 -21.4571915
v -80.5254669 -45.1747818 17.3214226
v -104.073402 -40.1821556 0.0660640523
v -77.7416 -57.2995567 -104.973419
v -55.2865295 -57.2995567 -21.4571915
v -104.073402 -40.1821556 0.0660640523
v -77.7416 -57.2995567 -104.973419
v -104.073402 -40.1821556 0.0660640523
v -156.449265 -40.1821556 -162.134811
v -77.7416 -57.2995567 -104.973419
v -156.449265 -40.1821556 -162.134811
v -98.0683899 -57.2994614 -180.540619
v 314.228485 -13.8465919 -186.180664
v 314.228485 -19.0002785 -186.180664
v 333.78476 -19.0002785 -266.706024
v 333.78476 7.45812845 -266.705933
v 314.228485 -13.8465919 -186.180664
v 333.78476 -19.0002785 -266.706024
v 333.78476 7.45812845 -266.705933
v 314.228485 7.45802975 -186.180664
v 314.228485 -13.8465919 -186.180664
v 91.150528 -19.0002785 -266.706024
v 110.706673 -19.0002785 -186.180756
v 110.706673 -13.8465919 -186.180756
v 91.150528 -19.0002785 -266.706024
v 110.706673 -13.8465919 -186.180756
v 91.150528 7.45812845 -266.706024
v 110.706673 -13.8465919 -186.180756
v 110.706673 7.45802975 -186.180756
v 91.150528 7.45812845 -266.706024
v 292.99292 3.58800988e-14 -304.081207
v 333.78476 -19.0002785 -266.706024
v 292.99292 -40.8571129 -304.081207
v 292.99292 3.58800988e-14 -304.081207
v 333.78476 7.45802975 -266.705933
v 333.78476 -19.0002785 -266.706024
v 292.99292 3.58800988e-14 -304.081207
v 292.99292 7.45812845 -304.081207
v 333.78476 7.45802975 -266.705933
v 91.150528 -19.0002785 -266.706024
v 131.942368 1.61577464e-14 -304.081299
v 131.942368 -40.8571129 -304.081299
v 91.150528 -19.0002785 -266.706024
v 91.150528 7.45812845 -266.706024
v 131.942368 1.61577464e-14 -304.081299
v 91.150528 7.45812845 -266.706024
v 131.942368 7.45812845 -304.081299
v 131.942368 1.61577464e-14 -304.081299
v 153.799194 -40.8571129 -194.796936
v 110.706673 -13.8465919 -186.180756
v 110.706673 -19.0002785 -186.180756
v 110.706673 -13.8465919 -186.180756
v 153.799194 -40.8571129 -194.796936
v 153.799194 1.88343468e-14 -194.796936
v 153.799194 1.88343468e-14 -194.796936
v 110.706673 7.45802975 -186.180756
v 110.706673 -13.8465919 -186.180756
v 110.706673 7.45802975 -186.180756
v 153.799194 1.88343468e-14 -194.796936
v 153.799194 7.45802975 -194.796936
v 271.135956 3.32034815e-14 -194.796936
v 153.799194 7.45802975 -194.796936
v 153.799194 1.88343468e-14 -194.796936
v 153.799194 7.45802975 -194.796936
v 271.135956 3.32034815e-14 -194.796936
v 271.135956 7.45802975 -194.796936
v 271.135956 3.32034815e-14 -194.796936
v 314.228485 7.45802975 -186.180664
v 271.135956 7.45802975 -194.796936
v 314.228485 7.45802975 -186.180664
v 271.135956 3.32034815e-14 -194.796936
v 314.228485 -13.8465919 -186.180664
v 153.799194 -40.8571129 -194.796936
v 271.135956 3.32034815e-14 -194.796936
v 153.799194 1.88343468e-14 -194.796936
v 271.135956 3.32034815e-14 -194.796936
v 153.799194 -40.8571129 -194.796936
v 271.135956 -40.8571129 -194.796936
v 314.228485 -19.0002785 -186.180664
v 271.135956 3.32034815e-14 -194.796936
v 271.135956 -40.8571129 -194.796936
v 271.135956 3.32034815e-14 -194.796936
v 314.228485 -19.0002785 -186.180664
v 314.228485 -13.8465919 -186.180664
v 245.82811 -19.0001812 -422.568481
v 179.107162 2.1933576e-14 -422.568481
v 245.82811 3.01042658e-14 -422.568481
v 179.107162 2.1933576e-14 -422.568481
v 245.82811 -19.0001812 -422.568481
v 179.107162 -19.0001812 -422.568481
v 179.107162 -19.0001812 -422.568481
v 131.942368 1.61577464e-14 -304.081299
v 179.107162 2.1933576e-14 -422.568481
v 131.942368 1.61577464e-14 -304.081299
v 179.107162 -19.0001812 -422.568481
v 131.942368 -40.8571129 -304.081299
v 292.99292 3.58800988e-14 -304.081207
v 245.82811 -19.0001812 -422.568481
v 245.82811 3.01042658e-14 -422.568481
v 245.82811 -19.0001812 -422.568481
v 292.99292 3.58800988e-14 -304.081207
v 292.99292 -40.8571129 -304.081207
v 91.150528 -19.0002785 -266.706024
v 153.799194 -40.8571129 -194.796936
v 110.706673 -19.0002785 -186.180756
v 153.799194 -40.8571129 -194.796936
v 91.150528 -19.0002785 -266.706024
v 131.942368 -40.8571129 -304.081299
v 131.942368 -40.8571129 -304.081299
v 271.135956 -40.8571129 -194.796936
v 153.799194 -40.8571129 -194.796936
v 271.135956 -40.8571129 -194.796936
v 131.942368 -40.8571129 -304.081299
v 292.99292 -40.8571129 -304.081207
v 333.78476 -19.0002785 -266.706024
v 271.135956 -40.8571129 -194.796936
v 292.99292 -40.8571129 -304.081207
v 271.135956 -40.8571129 -194.796936
v 333.78476 -19.0002785 -266.706024
v 314.228485 -19.0002785 -186.180664
v 179.107162 -19.0001812 -422.568481
v 292.99292 -40.8571129 -304.081207
v 131.942368 -40.8571129 -304.081299
v 292.99292 -40.8571129 -304.081207
v 179.107162 -19.0001812 -422.568481
v 245.82811 -19.0001812 -422.568481
v -314.22879 -13.8465919 -186.180862
v -333.784943 -19.0002785 -266.706207
v -314.22879 -19.0002785 -186.180862
v -333.784943 7.45812845 -266.706207
v -333.784943 -19.0002785 -266.706207
v -314.22879 -13.8465919 -186.180862
v -333.784943 7.45812845 -266.706207
v -314.22879 -13.8465919 -186.180862
v -314.22879 7.45802975 -186.180862
v -91.1507187 -19.0002785 -266.706116
v -110.706863 -13.8465919 -186.180862
v -110.706863 -19.0002785 -186.180862
v -91.1507187 -19.0002785 -266.706116
v -91.1507187 7.45812845 -266.706116
v -110.706863 -13.8465919 -186.180862
v -110.706863 -13.8465919 -186.180862
v -91.1507187 7.45812845 -266.706116
v -110.706863 7.45802975 -186.180862
v -292.993103 -3.58801225e-14 -304.081421
v -292.993103 -40.8571129 -304.081421
v -333.784943 -19.0002785 -266.706207
v -292.993103 -3.58801225e-14 -304.081421
v -333.784943 -19.0002785 -266.706207
v -333.784943 7.45802975 -266.706207
v -292.993103 -3.58801225e-14 -304.081421
v -333.784943 7.45802975 -266.706207
v -292.993103 7.45812845 -304.081421
v -91.1507187 -19.0002785 -266.706116
v -131.942551 -40.8571129 -304.081421
v -131.942551 -1.61577684e-14 -304.081421
v -91.1507187 -19.0002785 -266.706116
v -131.942551 -1.61577684e-14 -304.081421
v -91.1507187 7.45812845 -266.706116
v -91.1507187 7.45812845 -266.706116
v -131.942551 -1.61577684e-14 -304.081421
v -131.942551 7.45812845 -304.081421
v -153.799393 -40.8571129 -194.797028
v -110.706863 -19.0002785 -186.180862
v -110.706863 -13.8465919 -186.180862
v -110.706863 -13.8465919 -186.180862
v -153.799393 -1.88343705e-14 -194.797028
v -153.799393 -40.8571129 -194.797028
v -153.799393 -1.88343705e-14 -194.797028
v -110.706863 -13.8465919 -186.180862
v -110.706863 7.45802975 -186.180862
v -110.706863 7.45802975 -186.180862
v -153.799393 7.45802975 -194.797028
v -153.799393 -1.88343705e-14 -194.797028
v -271.136261 -3.32035187e-14 -194.797134
v -153.799393 -1.88343705e-14 -194.797028
v -153.799393 7.45802975 -194.797028
v -153.799393 7.45802975 -194.797028
v -271.136261 7.45802975 -194.797134
v -271.136261 -3.32035187e-14 -194.797134
v -271.136261 -3.32035187e-14 -194.797134
v -271.136261 7.45802975 -194.797134
v -314.22879 7.45802975 -186.180862
v -314.22879 7.45802975 -186.180862
v -314.22879 -13.8465919 -186.180862
v -271.136261 -3.32035187e-14 -194.797134
v -153.799393 -40.8571129 -194.797028
v -153.799393 -1.88343705e-14 -194.797028
v -271.136261 -3.32035187e-14 -194.797134
v -271.136261 -3.32035187e-14 -194.797134
v -271.136261 -40.8571129 -194.797134
v -153.799393 -40.8571129 -194.797028
v -314.22879 -19.0002785 -186.180862
v -271.136261 -40.8571129 -194.797134
v -271.136261 -3.32035187e-14 -194.797134
v -271.136261 -3.32035187e-14 -194.797134
v -314.22879 -13.8465919 -186.180862
v -314.22879 -19.0002785 -186.180862
v -245.828201 -19.0001812 -422.568634
v -245.828201 -3.0104276e-14 -422.568634
v -179.107254 -2.19335878e-14 -422.568634
v -179.107254 -2.19335878e-14 -422.568634
v -179.107254 -19.0001812 -422.568634
v -245.828201 -19.0001812 -422.568634
v -179.107254 -19.0001812 -422.568634
v -179.107254 -2.19335878e-14 -422.568634
v -131.942551 -1.61577684e-14 -304.081421
v -131.942551 -1.61577684e-14 -304.081421
v -131.942551 -40.8571129 -304.081421
v -179.107254 -19.0001812 -422.568634
v -292.993103 -3.58801225e-14 -304.081421
v -245.828201 -3.0104276e-14 -422.568634
v -245.828201 -19.0001812 -422.568634
v -245.828201 -19.0001812 -422.568634
v -292.993103 -40.8571129 -304.081421
v -292.993103 -3.58801225e-14 -304.081421
v -91.1507187 -19.0002785 -266.706116
v -110.706863 -19.0002785 -186.180862
v -153.799393 -40.8571129 -194.797028
v -153.799393 -40.8571129 -194.797028
v -131.942551 -40.8571129 -304.081421
v -91.1507187 -19.0002785 -266.706116
v -131.942551 -40.8571129 -304.081421
v -153.799393 -40.8571129 -194.797028
v -271.136261 -40.8571129 -194.797134
v -271.136261 -40.8571129 -194.797134
v -292.993103 -40.8571129 -304.081421
v -131.942551 -40.8571129 -304.081421
v -333.784943 -19.0002785 -266.706207
v -292.993103 -40.8571129 -304.081421
v -271.136261 -40.8571129 -194.797134
v -271.136261 -40.8571129 -194.797134
v -314.22879 -19.0002785 -186.180862
v -333.784943 -19.0002785 -266.706207
v -179.107254 -19.0001812 -422.568634
v -131.942551 -40.8571129 -304.081421
v -292.993103 -40.8571129 -304.081421
v -292.993103 -40.8571129 -304.081421
v -245.828201 -19.0001812 -422.568634
v -179.107254 -19.0001812 -422.568634
v 314.228485 13.8465919 -186.180664
v 333.78476 19.0002785 -266.705933
v 314.228485 19.0001812 -186.180664
v 333.78476 -7.45802975 -266.705933
v 333.78476 19.0002785 -266.705933
v 314.228485 13.8465919 -186.180664
v 333.78476 -7.45802975 -266.705933
v 314.228485 13.8465919 -186.180664
v 314.228485 -7.45812845 -186.180664
v 91.150528 19.0002785 -266.706024
v 110.706673 13.8465919 -186.180756
v 110.706673 19.0001812 -186.180756
v 91.150528 19.0002785 -266.706024
v 91.150528 -7.45802975 -266.706024
v 110.706673 13.8465919 -186.180756
v 110.706673 13.8465919 -186.180756
v 91.150528 -7.45802975 -266.706024
v 110.706673 -7.45812845 -186.180756
v 292.99292 3.58800988e-14 -304.081207
v 292.99292 40.8571129 -304.081207
v 333.78476 19.0002785 -266.705933
v 292.99292 3.58800988e-14 -304.081207
v 333.78476 19.0002785 -266.705933
v 333.78476 -7.45802975 -266.705933
v 292.99292 3.58800988e-14 -304.081207
v 333.78476 -7.45802975 -266.705933
v 292.99292 -7.45802975 -304.081207
v 91.150528 19.0002785 -266.706024
v 131.942368 40.8571129 -304.081299
v 131.942368 1.61577464e-14 -304.081299
v 91.150528 19.0002785 -266.706024
v 131.942368 1.61577464e-14 -304.081299
v 91.150528 -7.45802975 -266.706024
v 91.150528 -7.45802975 -266.706024
v 131.942368 1.61577464e-14 -304.081299
v 131.942368 -7.45802975 -304.081299
v 153.799194 40.8571129 -194.796936
v 110.706673 19.0001812 -186.180756
v 110.706673 13.8465919 -186.180756
v 110.706673 13.8465919 -186.180756
v 153.799194 1.88343468e-14 -194.796936
v 153.799194 40.8571129 -194.796936
v 153.799194 1.88343468e-14 -194.796936
v 110.706673 13.8465919 -186.180756
v 110.706673 -7.45812845 -186.180756
v 110.706673 -7.45812845 -186.180756
v 153.799194 -7.45812845 -194.796936
v 153.799194 1.88343468e-14 -194.796936
v 271.135956 3.32034815e-14 -194.796936
v 153.799194 1.88343468e-14 -194.796936
v 153.799194 -7.45812845 -194.796936
v 153.799194 -7.45812845 -194.796936
v 271.135956 -7.45812845 -194.796936
v 271.135956 3.32034815e-14 -194.796936
v 271.135956 3.32034815e-14 -194.796936
v 271.135956 -7.45812845 -194.796936
v 314.228485 -7.45812845 -186.180664
v 314.228485 -7.45812845 -186.180664
v 314.228485 13.8465919 -186.180664
v 271.135956 3.32034815e-14 -194.796936
v 153.799194 40.8571129 -194.796936
v 153.799194 1.88343468e-14 -194.796936
v 271.135956 3.32034815e-14 -194.796936
v 271.135956 3.32034815e-14 -194.796936
v 271.135956 40.8571129 -194.796936
v 153.799194 40.8571129 -194.796936
v 314.228485 19.0001812 -186.180664
v 271.135956 40.8571129 -194.796936
v 271.135956 3.32034815e-14 -194.796936
v 271.135956 3.32034815e-14 -194.796936
v 314.228485 13.8465919 -186.180664
v 314.228485 19.0001812 -186.180664
v 245.82811 19.0002785 -422.568481
v 245.82811 3.01042658e-14 -422.568481
v 179.107162 2.1933576e-14 -422.568481
v 179.107162 2.1933576e-14 -422.568481
v 179.107162 19.0002785 -422.568481
v 245.82811 19.0002785 -422.568481
v 179.107162 19.0002785 -422.568481
v 179.107162 2.1933576e-14 -422.568481
v 131.942368 1.61577464e-14 -304.081299
v 131.942368 1.61577464e-14 -304.081299
v 131.942368 40.8571129 -304.081299
v 179.107162 19.0002785 -422.568481
v 292.99292 3.58800988e-14 -304.081207
v 245.82811 3.01042658e-14 -422.568481
v 245.82811 19.0002785 -422.568481
v 245.82811 19.0002785 -422.568481
v 292.99292 40.8571129 -304.081207
v 292.99292 3.58800988e-14 -304.081207
v 91.150528 19.0002785 -266.706024
v 110.706673 19.0001812 -186.180756
v 153.799194 40.8571129 -194.796936
v 153.799194 40.8571129 -194.796936
v 131.942368 40.8571129 -304.081299
v 91.150528 19.0002785 -266.706024
v 131.942368 40.8571129 -304.081299
v 153.799194 40.8571129 -194.796936
v 271.135956 40.8571129 -194.796936
v 271.135956 40.8571129 -194.796936
v 292.99292 40.8571129 -304.081207
v 131.942368 40.8571129 -304.081299
v 333.78476 19.0002785 -266.705933
v 292.99292 40.8571129 -304.081207
v 271.135956 40.8571129 -194.796936
v 271.135956 40.8571129 -194.796936
v 314.228485 19.0001812 -186.180664
v 333.78476 19.0002785 -266.705933
v 179.107162 19.0002785 -422.568481
v 131.942368 40.8571129 -304.081299
v 292.99292 40.8571129 -304.081207
v 292.99292 40.8571129 -304.081207
v 245.82811 19.0002785 -422.568481
v 179.107162 19.0002785 -422.568481
v -314.22879 13.8465919 -186.180862
v -314.22879 19.0001812 -186.180862
v -333.784943 19.0002785 -266.706116
v -333.784943 -7.45802975 -266.706207
v -314.22879 13.8465919 -186.180862
v -333.784943 19.0002785 -266.706116
v -333.784943 -7.45802975 -266.706207
v -314.22879 -7.45812845 -186.180862
v -314.22879 13.8465919 -186.180862
v -91.1507187 19.0002785 -266.706116
v -110.706863 19.0001812 -186.180862
v -110.706863 13.8465919 -186.180862
v -91.1507187 19.0002785 -266.706116
v -110.706863 13.8465919 -186.180862
v -91.1507187 -7.45802975 -266.706116
v -110.706863 13.8465919 -186.180862
v -110.706863 -7.45812845 -186.180862
v -91.1507187 -7.45802975 -266.706116
v -292.993103 -3.58801225e-14 -304.081421
v -333.784943 19.0002785 -266.706116
v -292.993103 40.8571129 -304.081421
v -292.993103 -3.58801225e-14 -304.081421
v -333.784943 -7.45802975 -266.706207
v -333.784943 19.0002785 -266.706116
v -292.993103 -3.58801225e-14 -304.081421
v -292.993103 -7.45802975 -304.081421
v -333.784943 -7.45802975 -266.706207
v -91.1507187 19.0002785 -266.706116
v -131.942551 -1.61577684e-14 -304.081421
v -131.942551 40.8571129 -304.081421
v -91.1507187 19.0002785 -266.706116
v -91.1507187 -7.45802975 -266.706116
v -131.942551 -1.61577684e-14 -304.081421
v -91.1507187 -7.45802975 -266.706116
v -131.942551 -7.45802975 -304.081421
v -131.942551 -1.61577684e-14 -304.081421
v -153.799393 40.8571129 -194.797028
v -110.706863 13.8465919 -186.180862
v -110.706863 19.0001812 -186.180862
v -110.706863 13.8465919 -186.180862
v -153.799393 40.8571129 -194.797028
v -153.799393 -1.88343705e-14 -194.797028
v -153.799393 -1.88343705e-14 -194.797028
v -110.706863 -7.45812845 -186.180862
v -110.706863 13.8465919 -186.180862
v -110.706863 -7.45812845 -186.180862
v -153.799393 -1.88343705e-14 -194.797028
v -153.799393 -7.45812845 -194.797028
v -271.136261 -3.32035187e-14 -194.797134
v -153.799393 -7.45812845 -194.797028
v -153.799393 -1.88343705e-14 -194.797028
v -153.799393 -7.45812845 -194.797028
v -271.136261 -3.32035187e-14 -194.797134
v -271.136261 -7.45812845 -194.797134
v -271.136261 -3.32035187e-14 -194.797134
v -314.22879 -7.45812845 -186.180862
v -271.136261 -7.45812845 -194.797134
v -314.22879 -7.45812845 -186.180862
v -271.136261 -3.32035187e-14 -194.797134
v -314.22879 13.8465919 -186.180862
v -153.799393 40.8571129 -194.797028
v -271.136261 -3.32035187e-14 -194.797134
v -153.799393 -1.88343705e-14 -194.797028
v -271.136261 -3.32035187e-14 -194.797134
v -153.799393 40.8571129 -194.797028
v -271.136261 40.8571129 -194.797028
v -314.22879 19.0001812 -186.180862
v -271.136261 -3.32035187e-14 -194.797134
v -271.136261 40.8571129 -194.797028
v -271.136261 -3.32035187e-14 -194.797134
v -314.22879 19.0001812 -186.180862
v -314.22879 13.8465919 -186.180862
v -245.828201 19.0002785 -422.568634
v -179.107254 -2.19335878e-14 -422.568634
v -245.828201 -3.0104276e-14 -422.568634
v -179.107254 -2.19335878e-14 -422.568634
v -245.828201 19.0002785 -422.568634
v -179.107254 19.0002785 -422.568634
v -179.107254 19.0002785 -422.568634
v -131.942551 -1.61577684e-14 -304.081421
v -179.107254 -2.19335878e-14 -422.568634
v -131.942551 -1.61577684e-14 -304.081421
v -179.107254 19.0002785 -422.568634
v -131.942551 40.8571129 -304.081421
v -292.993103 -3.58801225e-14 -304.081421
v -245.828201 19.0002785 -422.568634
v -245.828201 -3.0104276e-14 -422.568634
v -245.828201 19.0002785 -422.568634
v -292.993103 -3.58801225e-14 -304.081421
v -292.993103 40.8571129 -304.081421
v -91.1507187 19.0002785 -266.706116
v -153.799393 40.8571129 -194.797028
v -110.706863 19.0001812 -186.180862
v -153.799393 40.8571129 -194.797028
v -91.1507187 19.0002785 -266.706116
v -131.942551 40.8571129 -304.081421
v -131.942551 40.8571129 -304.081421
v -271.136261 40.8571129 -194.797028
v -153.799393 40.8571129 -194.797028
v -271.136261 40.8571129 -194.797028
v -131.942551 40.8571129 -304.081421
v -292.993103 40.8571129 -304.081421
v -333.784943 19.0002785 -266.706116
v -271.136261 40.8571129 -194.797028
v -292.993103 40.8571129 -304.081421
v -271.136261 40.8571129 -194.797028
v -333.784943 19.0002785 -266.706116
v -314.22879 19.0001812 -186.180862
v -179.107254 19.0002785 -422.568634
v -292.993103 40.8571129 -304.081421
v -131.942551 40.8571129 -304.081421
v -292.993103 40.8571129 -304.081421
v -179.107254 19.0002785 -422.568634
v -245.828201 19.0002785 -422.568634
v 186.72261 -22.2372208 -410.47821
v 230.50528 -26.72365 -410.47821
v 194.429977 -26.72365 -410.47821
v 230.50528 -26.72365 -410.47821
v 186.72261 -22.2372208 -410.47821
v 238.212769 -22.2372208 -410.47821
v 237.407455 -30.1517715 -391.922882
v 180.625656 -37.7096405 -373.356018
v 187.527802 -30.1517715 -391.922882
v 180.625656 -37.7096405 -373.356018
v 237.407455 -30.1517715 -391.922882
v 244.309616 -37.7096405 -373.356018
v 244.309616 -37.7096405 -373.356018
v 172.918274 -29.0819111 -373.356018
v 180.625656 -37.7096405 -373.356018
v 172.918274 -29.0819111 -373.356018
v 244.309616 -37.7096405 -373.356018
v 252.01709 -29.0819111 -373.356018
v 251.211792 -40.5625381 -354.80072
v 166.016006 -32.5100327 -354.80072
v 173.72348 -40.5625381 -354.80072
v 166.016006 -32.5100327 -354.80072
v 251.211792 -40.5625381 -354.80072
v 258.91925 -32.5100327 -354.80072
v 258.516541 -32.5100327 -354.80072
v 258.113953 -44.5543289 -336.245392
v 251.211792 -36.9963646 -354.80072
v 258.113953 -44.5543289 -336.245392
v 258.516541 -32.5100327 -354.80072
v 265.821411 -35.9266014 -336.245392
v 230.50528 -26.72365 -410.47821
v 187.527802 -34.2930717 -391.922882
v 194.429977 -26.72365 -410.47821
v 187.527802 -34.2930717 -391.922882
v 230.50528 -26.72365 -410.47821
v 237.407455 -34.2930717 -391.922882
v 237.407455 -34.2930717 -391.922882
v 179.820435 -25.6653423 -391.922882
v 187.527802 -34.2930717 -391.922882
v 179.820435 -25.6653423 -391.922882
v 237.407455 -34.2930717 -391.922882
v 245.114944 -25.6653423 -391.922882
v 187.527802 -30.1517715 -391.922882
v 244.769791 -25.6653423 -391.922882
v 237.407455 -30.1517715 -391.922882
v 244.769791 -25.6653423 -391.922882
v 187.527802 -30.1517715 -391.922882
v 180.165573 -25.6653423 -391.922882
v 173.72348 -40.5625381 -354.80072
v 173.263306 -29.0819111 -373.356018
v 180.625656 -33.5683441 -373.356018
v 173.263306 -29.0819111 -373.356018
v 173.72348 -40.5625381 -354.80072
v 166.016006 -32.5100327 -354.80072
v 251.211792 -36.9963646 -354.80072
v 166.82132 -44.5543289 -336.245392
v 173.72348 -36.9963646 -354.80072
v 166.82132 -44.5543289 -336.245392
v 251.211792 -36.9963646 -354.80072
v 258.113953 -44.5543289 -336.245392
v 187.527802 -34.2930717 -391.922882
v 186.72261 -22.2372208 -410.47821
v 194.429977 -26.72365 -410.47821
v 186.72261 -22.2372208 -410.47821
v 187.527802 -34.2930717 -391.922882
v 179.820435 -25.6653423 -391.922882
v 180.625656 -37.7096405 -373.356018
v 180.165573 -25.6653423 -391.922882
v 187.527802 -30.1517715 -391.922882
v 180.165573 -25.6653423 -391.922882
v 180.625656 -37.7096405 -373.356018
v 172.918274 -29.0819111 -373.356018
v 251.671951 -29.0819111 -373.356018
v 251.211792 -40.5625381 -354.80072
v 244.309616 -33.5683441 -373.356018
v 251.211792 -40.5625381 -354.80072
v 251.671951 -29.0819111 -373.356018
v 258.91925 -32.5100327 -354.80072
v 265.821411 -35.9266014 -336.245392
v 166.82132 -44.5543289 -336.245392
v 258.113953 -44.5543289 -336.245392
v 166.82132 -44.5543289 -336.245392
v 265.821411 -35.9266014 -336.245392
v 159.113846 -35.9266014 -336.245392
v 166.418716 -32.5100327 -354.80072
v 251.211792 -36.9963646 -354.80072
v 173.72348 -36.9963646 -354.80072
v 251.211792 -36.9963646 -354.80072
v 166.418716 -32.5100327 -354.80072
v 258.516541 -32.5100327 -354.80072
v 238.212769 -22.2372208 -410.47821
v 237.407455 -34.2930717 -391.922882
v 230.50528 -26.72365 -410.47821
v 237.407455 -34.2930717 -391.922882
v 238.212769 -22.2372208 -410.47821
v 245.114944 -25.6653423 -391.922882
v 244.769791 -25.6653423 -391.922882
v 244.309616 -37.7096405 -373.356018
v 237.407455 -30.1517715 -391.922882
v 244.309616 -37.7096405 -373.356018
v 244.769791 -25.6653423 -391.922882
v 252.01709 -29.0819111 -373.356018
v 251.211792 -40.5625381 -354.80072
v 180.625656 -33.5683441 -373.356018
v 244.309616 -33.5683441 -373.356018
v 180.625656 -33.5683441 -373.356018
v 251.211792 -40.5625381 -354.80072
v 173.72348 -40.5625381 -354.80072
v 173.263306 -29.0819111 -373.356018
v 244.309616 -33.5683441 -373.356018
v 180.625656 -33.5683441 -373.356018
v 244.309616 -33.5683441 -373.356018
v 173.263306 -29.0819111 -373.356018
v 251.671951 -29.0819111 -373.356018
v 166.82132 -44.5543289 -336.245392
v 166.418716 -32.5100327 -354.80072
v 173.72348 -36.9963646 -354.80072
v 166.418716 -32.5100327 -354.80072
v 166.82132 -44.5543289 -336.245392
v 159.113846 -35.9266014 -336.245392
v -186.722702 -22.2372208 -410.478302
v -194.430176 -26.72365 -410.478302
v -230.505386 -26.72365 -410.478302
v -230.505386 -26.72365 -410.478302
v -238.212875 -22.2372208 -410.478302
v -186.722702 -22.2372208 -410.478302
v -237.407669 -30.1517715 -391.923004
v -187.527908 -30.1517715 -391.923004
v -180.625748 -37.7096405 -373.35611
v -180.625748 -37.7096405 -373.35611
v -244.309814 -37.7096405 -373.356232
v -237.407669 -30.1517715 -391.923004
v -244.309814 -37.7096405 -373.356232
v -180.625748 -37.7096405 -373.35611
v -172.918365 -29.0819111 -373.35611
v -172.918365 -29.0819111 -373.35611
v -252.017197 -29.0819111 -373.356232
v -244.309814 -37.7096405 -373.356232
v -251.211975 -40.5625381 -354.800934
v -173.723587 -40.5625381 -354.800812
v -166.016205 -32.5100327 -354.800812
v -166.016205 -32.5100327 -354.800812
v -258.919373 -32.5100327 -354.800934
v -251.211975 -40.5625381 -354.800934
v -258.516754 -32.5100327 -354.800934
v -251.211975 -36.9963646 -354.800934
v -258.114136 -44.5543289 -336.245514
v -258.114136 -44.5543289 -336.245514
v -265.821503 -35.9266014 -336.245514
v -258.516754 -32.5100327 -354.800934
v -230.505386 -26.72365 -410.478302
v -194.430176 -26.72365 -410.478302
v -187.527908 -34.2930717 -391.923004
v -187.527908 -34.2930717 -391.923004
v -237.407669 -34.2930717 -391.923004
v -230.505386 -26.72365 -410.478302
v -237.407669 -34.2930717 -391.923004
v -187.527908 -34.2930717 -391.923004
v -179.820526 -25.6653423 -391.923004
v -179.820526 -25.6653423 -391.923004
v -245.115036 -25.6653423 -391.923004
v -237.407669 -34.2930717 -391.923004
v -187.527908 -30.1517715 -391.923004
v -237.407669 -30.1517715 -391.923004
v -244.769897 -25.6653423 -391.923004
v -244.769897 -25.6653423 -391.923004
v -180.165665 -25.6653423 -391.923004
v -187.527908 -30.1517715 -391.923004
v -173.723587 -40.5625381 -354.800812
v -180.625748 -33.5683441 -373.35611
v -173.263504 -29.0819111 -373.35611
v -173.263504 -29.0819111 -373.35611
v -166.016205 -32.5100327 -354.800812
v -173.723587 -40.5625381 -354.800812
v -251.211975 -36.9963646 -354.800934
v -173.723587 -36.9963646 -354.800812
v -166.821411 -44.5543289 -336.245514
v -166.821411 -44.5543289 -336.245514
v -258.114136 -44.5543289 -336.245514
v -251.211975 -36.9963646 -354.800934
v -187.527908 -34.2930717 -391.923004
v -194.430176 -26.72365 -410.478302
v -186.722702 -22.2372208 -410.478302
v -186.722702 -22.2372208 -410.478302
v -179.820526 -25.6653423 -391.923004
v -187.527908 -34.2930717 -391.923004
v -180.625748 -37.7096405 -373.35611
v -187.527908 -30.1517715 -391.923004
v -180.165665 -25.6653423 -391.923004
v -180.165665 -25.6653423 -391.923004
v -172.918365 -29.0819111 -373.35611
v -180.625748 -37.7096405 -373.35611
v -251.672165 -29.0819111 -373.356232
v -244.309814 -33.5683441 -373.356232
v -251.211975 -40.5625381 -354.800934
v -251.211975 -40.5625381 -354.800934
v -258.919373 -32.5100327 -354.800934
v -251.672165 -29.0819111 -373.356232
v -265.821503 -35.9266014 -336.245514
v -258.114136 -44.5543289 -336.245514
v -166.821411 -44.5543289 -336.245514
v -166.821411 -44.5543289 -336.245514
v -159.114044 -35.9266014 -336.245514
v -265.821503 -35.9266014 -336.245514
v -166.418808 -32.5100327 -354.800812
v -173.723587 -36.9963646 -354.800812
v -251.211975 -36.9963646 -354.800934
v -251.211975 -36.9963646 -354.800934
v -258.516754 -32.5100327 -354.800934
v -166.418808 -32.5100327 -354.800812
v -238.212875 -22.2372208 -410.478302
v -230.505386 -26.72365 -410.478302
v -237.407669 -34.2930717 -391.923004
v -237.407669 -34.2930717 -391.923004
v -245.115036 -25.6653423 -391.923004
v -238.212875 -22.2372208 -410.478302
v -244.769897 -25.6653423 -391.923004
v -237.407669 -30.1517715 -391.923004
v -244.309814 -37.7096405 -373.356232
v -244.309814 -37.7096405 -373.356232
v -252.017197 -29.0819111 -373.356232
v -244.769897 -25.6653423 -391.923004
v -251.211975 -40.5625381 -354.800934
v -244.309814 -33.5683441 -373.356232
v -180.625748 -33.5683441 -373.35611
v -180.625748 -33.5683441 -373.35611
v -173.723587 -40.5625381 -354.800812
v -251.211975 -40.5625381 -354.800934
v -173.263504 -29.0819111 -373.35611
v -180.625748 -33.5683441 -373.35611
v -244.309814 -33.5683441 -373.356232
v -244.309814 -33.5683441 -373.356232
v -251.672165 -29.0819111 -373.356232
v -173.263504 -29.0819111 -373.35611
v -166.821411 -44.5543289 -336.245514
v -173.723587 -36.9963646 -354.800812
v -166.418808 -32.5100327 -354.800812
v -166.418808 -32.5100327 -354.800812
v -159.114044 -35.9266014 -336.245514
v -166.821411 -44.5543289 -336.245514
v 104.073013 13.7237453 107.933266
v 47.1646004 35.442627 115.985764
v 80.5250702 18.7163715 125.188721
v 98.2291565 35.442627 -72.6734238
v 70.4248734 35.442627 30.4679737
v 156.448959 13.7238445 -54.2676239
v 70.4248734 35.442627 30.4679737
v 104.073013 13.7237453 107.933266
v 156.448959 13.7238445 -54.2676239
v 47.1646004 35.442627 115.985764
v 104.073013 13.7237453 107.933266
v 70.4248734 35.442627 30.4679737
v 70.4248734 35.442627 30.4679737
v -47.1649971 35.442627 115.985764
v 47.1646004 35.442627 115.985764
v -47.1649971 35.442627 115.985764
v 70.4248734 35.442627 30.4679737
v -70.4253693 35.442627 30.4678726
v -70.4253693 35.442627 30.4678726
v -98.2295456 35.442627 -72.6735229
v -156.449371 13.7238445 -54.2677193
v -104.073402 13.7237453 107.933159
v -70.4253693 35.442627 30.4678726
v -156.449371 13.7238445 -54.2677193
v -104.073402 13.7237453 107.933159
v -47.1649971 35.442627 115.985764
v -70.4253693 35.442627 30.4678726
v -47.1649971 35.442627 115.985764
v -104.073402 13.7237453 107.933159
v -80.5255661 18.7163715 125.188622
v 156.448959 13.7238445 -54.2676239
v 104.073013 -40.1821556 107.933266
v 156.448959 -40.1821556 -54.2676239
v 104.073013 -40.1821556 107.933266
v 156.448959 13.7238445 -54.2676239
v 104.073013 13.7237453 107.933266
v 104.073013 13.7237453 107.933266
v 80.5250702 -45.1746788 125.188622
v 104.073013 -40.1821556 107.933266
v 80.5250702 -45.1746788 125.188622
v 104.073013 13.7237453 107.933266
v 80.5250702 18.7163715 125.188721
v 47.1646004 35.442627 115.985764
v 80.5250702 -45.1746788 125.188622
v 80.5250702 18.7163715 125.188721
v 80.5250702 -45.1746788 125.188622
v 47.1646004 35.442627 115.985764
v 47.1646004 -57.2995567 115.985764
v -47.1649971 35.442627 115.985764
v 47.1646004 -57.2995567 115.985764
v 47.1646004 35.442627 115.985764
v 47.1646004 -57.2995567 115.985764
v -47.1649971 35.442627 115.985764
v -47.1649971 -57.2995567 115.985672
v -47.1649971 35.442627 115.985764
v -80.5255661 -45.1746788 125.188622
v -47.1649971 -57.2995567 115.985672
v -80.5255661 -45.1746788 125.188622
v -47.1649971 35.442627 115.985764
v -80.5255661 18.7163715 125.188622
v -104.073402 13.7237453 107.933159
v -80.5255661 -45.1746788 125.188622
v -80.5255661 18.7163715 125.188622
v -80.5255661 -45.1746788 125.188622
v -104.073402 13.7237453 107.933159
v -104.073402 -40.1821556 107.933159
v -104.073402 13.7237453 107.933159
v -156.449371 -40.1821556 -54.2677193
v -104.073402 -40.1821556 107.933159
v -156.449371 -40.1821556 -54.2677193
v -104.073402 13.7237453 107.933159
v -156.449371 13.7238445 -54.2677193
v 98.2291565 35.442627 -72.6734238
v 156.448959 -40.1821556 -54.2676239
v 98.0681915 -57.2995567 -72.6734238
v 156.448959 -40.1821556 -54.2676239
v 98.2291565 35.442627 -72.6734238
v 156.448959 13.7238445 -54.2676239
v -156.449371 -40.1821556 -54.2677193
v -98.2295456 35.442627 -72.6735229
v -98.0684891 -57.2994614 -72.6735229
v -98.2295456 35.442627 -72.6735229
v -156.449371 -40.1821556 -54.2677193
v -156.449371 13.7238445 -54.2677193
v 156.448959 -40.1821556 -54.2676239
v 77.7412033 -57.2995567 2.89378333
v 98.0680923 -57.2994614 -72.6734238
v 104.073013 -40.1821556 107.933266
v 77.7412033 -57.2995567 2.89378333
v 156.448959 -40.1821556 -54.2676239
v 104.073013 -40.1821556 107.933266
v 55.2861366 -57.2995567 86.4099121
v 77.7412033 -57.2995567 2.89378333
v -55.2866287 -57.2995567 86.4099121
v 77.7412033 -57.2995567 2.89378333
v 55.2861366 -57.2995567 86.4099121
v 77.7412033 -57.2995567 2.89378333
v -55.2866287 -57.2995567 86.4099121
v -77.7416 -57.2995567 2.89368463
v 80.5250702 -45.1746788 125.188622
v 55.2861366 -57.2995567 86.4099121
v 104.073013 -40.1821556 107.933266
v 55.2861366 -57.2995567 86.4099121
v 80.5250702 -45.1746788 125.188622
v 47.1646004 -57.2995567 115.985764
v 47.1646004 -57.2995567 115.985764
v -55.2866287 -57.2995567 86.4099121
v 55.2861366 -57.2995567 86.4099121
v -55.2866287 -57.2995567 86.4099121
v 47.1646004 -57.2995567 115.985764
v -47.1649971 -57.2995567 115.985672
v -80.5255661 -45.1746788 125.188622
v -55.2866287 -57.2995567 86.4099121
v -47.1649971 -57.2995567 115.985672
v -55.2866287 -57.2995567 86.4099121
v -80.5255661 -45.1746788 125.188622
v -104.073402 -40.1821556 107.933159
v -77.7416 -57.2995567 2.89368463
v -55.2866287 -57.2995567 86.4099121
v -104.073402 -40.1821556 107.933159
v -77.7416 -57.2995567 2.89368463
v -104.073402 -40.1821556 107.933159
v -156.449371 -40.1821556 -54.2677193
v -77.7416 -57.2995567 2.89368463
v -156.449371 -40.1821556 -54.2677193
v -98.0684891 -57.2994614 -72.6735229
v -77.7416916 -57.2995567 114.469254
v -156.449371 -40.1821556 57.3077545
v -98.0684891 -57.2994614 38.9020538
v -77.7416916 -57.2995567 114.469254
v -104.073402 -40.1821556 219.508728
v -156.449371 -40.1821556 57.3077545
v -77.7416916 -57.2995567 114.469254
v -55.2866287 -57.2995567 197.985474
v -104.073402 -40.1821556 219.508728
v -55.2866287 -57.2995567 197.985474
v -80.5255661 -45.1747818 236.764191
v -104.073402 -40.1821556 219.508728
v -80.5255661 -45.1747818 236.764191
v -55.2866287 -57.2995567 197.985474
v -47.1650925 -57.2995567 227.561356
v -55.2866287 -57.2995567 197.985474
v 47.1645012 -57.2995567 227.561356
v -47.1650925 -57.2995567 227.561356
v 47.1645012 -57.2995567 227.561356
v -55.2866287 -57.2995567 197.985474
v 55.2861366 -57.2995567 197.985474
v 55.2861366 -57.2995567 197.985474
v 80.5250702 -45.1747818 236.764191
v 47.1645012 -57.2995567 227.561356
v 80.5250702 -45.1747818 236.764191
v 55.2861366 -57.2995567 197.985474
v 104.072906 -40.1821556 219.508728
v 77.7412033 -57.2995567 114.469254
v -55.2866287 -57.2995567 197.985474
v -77.7416916 -57.2995567 114.469254
v -55.2866287 -57.2995567 197.985474
v 77.7412033 -57.2995567 114.469254
v 55.2861366 -57.2995567 197.985474
v 104.072906 -40.1821556 219.508728
v 55.2861366 -57.2995567 197.985474
v 77.7412033 -57.2995567 114.469254
v 104.072906 -40.1821556 219.508728
v 77.7412033 -57.2995567 114.469254
v 156.448959 -40.1821556 57.3078537
v 156.448959 -40.1821556 57.3078537
v 77.7412033 -57.2995567 114.469254
v 98.0680923 -57.2994614 38.9020538
v -98.2295456 35.442627 38.9020538
v -156.449371 -40.1821556 57.3077545
v -156.449371 13.7238445 57.3077545
v -156.449371 -40.1821556 57.3077545
v -98.2295456 35.442627 38.9020538
v -98.0684891 -57.2994614 38.9020538
v 156.448959 -40.1821556 57.3078537
v 98.2291565 35.442627 38.9021492
v 156.448959 13.7238445 57.3078537
v 98.2291565 35.442627 38.9021492
v 156.448959 -40.1821556 57.3078537
v 98.0680923 -57.2995567 38.9020538
v -156.449371 -40.1821556 57.3077545
v -104.073402 13.7237453 219.508728
v -156.449371 13.7238445 57.3077545
v -104.073402 13.7237453 219.508728
v -156.449371 -40.1821556 57.3077545
v -104.073402 -40.1821556 219.508728
v -80.5255661 -45.1747818 236.764191
v -104.073402 13.7237453 219.508728
v -104.073402 -40.1821556 219.508728
v -104.073402 13.7237453 219.508728
v -80.5255661 -45.1747818 236.764191
v -80.5255661 18.7163715 236.764191
v -80.5255661 -45.1747818 236.764191
v -47.1650925 35.442627 227.561356
v -80.5255661 18.7163715 236.764191
v -47.1650925 35.442627 227.561356
v -80.5255661 -45.1747818 236.764191
v -47.1650925 -57.2995567 227.561356
v 47.1645012 -57.2995567 227.561356
v -47.1650925 35.442627 227.561356
v -47.1650925 -57.2995567 227.561356
v -47.1650925 35.442627 227.561356
v 47.1645012 -57.2995567 227.561356
v 47.1645012 35.442627 227.561356
v 80.5250702 -45.1747818 236.764191
v 47.1645012 35.442627 227.561356
v 47.1645012 -57.2995567 227.561356
v 47.1645012 35.442627 227.561356
v 80.5250702 -45.1747818 236.764191
v 80.5250702 18.7163715 236.764191
v 80.5250702 -45.1747818 236.764191
v 104.072906 13.7237453 219.508728
v 80.5250702 18.7163715 236.764191
v 104.072906 13.7237453 219.508728
v 80.5250702 -45.1747818 236.764191
v 104.072906 -40.1821556 219.508728
v 104.072906 -40.1821556 219.508728
v 156.448959 13.7238445 57.3078537
v 104.072906 13.7237453 219.508728
v 156.448959 13.7238445 57.3078537
v 104.072906 -40.1821556 219.508728
v 156.448959 -40.1821556 57.3078537
v -47.1650925 35.442627 227.561356
v -104.073402 13.7237453 219.508728
v -80.5255661 18.7163715 236.764191
v -104.073402 13.7237453 219.508728
v -47.1650925 35.442627 227.561356
v -70.4253693 35.442627 142.043457
v -104.073402 13.7237453 219.508728
v -70.4253693 35.442627 142.043457
v -156.449371 13.7238445 57.3077545
v -70.4253693 35.442627 142.043457
v -98.2295456 35.442627 38.9020538
v -156.449371 13.7238445 57.3077545
v -47.1650925 35.442627 227.561356
v 70.4248734 35.442627 142.043457
v -70.4253693 35.442627 142.043457
v 70.4248734 35.442627 142.043457
v -47.1650925 35.442627 227.561356
v 47.1645012 35.442627 227.561356
v 47.1645012 35.442627 227.561356
v 104.072906 13.7237453 219.508728
v 70.4248734 35.442627 142.043457
v 70.4248734 35.442627 142.043457
v 104.072906 13.7237453 219.508728
v 156.448959 13.7238445 57.3078537
v 98.2291565 35.442627 38.9021492
v 70.4248734 35.442627 142.043457
v 156.448959 13.7238445 57.3078537
v 104.072906 13.7237453 219.508728
v 47.1645012 35.442627 227.561356
v 80.5250702 18.7163715 236.764191
v 104.072906 13.7237453 329.269775
v 47.1645012 35.442627 337.322174
v 80.524971 18.7163715 346.525146
v 98.2291565 35.442627 148.662979
v 70.4248734 35.442627 251.804382
v 156.448868 13.7238445 167.068787
v 70.4248734 35.442627 251.804382
v 104.072906 13.7237453 329.269775
v 156.448868 13.7238445 167.068787
v 47.1645012 35.442627 337.322174
v 104.072906 13.7237453 329.269775
v 70.4248734 35.442627 251.804382
v 70.4248734 35.442627 251.804382
v -47.1650925 35.442627 337.322174
v 47.1645012 35.442627 337.322174
v -47.1650925 35.442627 337.322174
v 70.4248734 35.442627 251.804382
v -70.4253693 35.442627 251.804382
v -70.4253693 35.442627 251.804382
v -98.2295456 35.442627 148.662888
v -156.449371 13.7238445 167.068695
v -104.073509 13.7237453 329.269775
v -70.4253693 35.442627 251.804382
v -156.449371 13.7238445 167.068695
v -104.073509 13.7237453 329.269775
v -47.1650925 35.442627 337.322174
v -70.4253693 35.442627 251.804382
v -47.1650925 35.442627 337.322174
v -104.073509 13.7237453 329.269775
v -80.5255661 18.7163715 346.525146
v 156.448868 13.7238445 167.068787
v 104.072906 -40.1821556 329.269775
v 156.448868 -40.1821556 167.068787
v 104.072906 -40.1821556 329.269775
v 156.448868 13.7238445 167.068787
v 104.072906 13.7237453 329.269775
v 104.072906 13.7237453 329.269775
v 80.524971 -45.1747818 346.525146
v 104.072906 -40.1821556 329.269775
v 80.524971 -45.1747818 346.525146
v 104.072906 13.7237453 329.269775
v 80.524971 18.7163715 346.525146
v 47.1645012 35.442627 337.322174
v 80.524971 -45.1747818 346.525146
v 80.524971 18.7163715 346.525146
v 80.524971 -45.1747818 346.525146
v 47.1645012 35.442627 337.322174
v 47.1645012 -57.2995567 337.322174
v -47.1650925 35.442627 337.322174
v 47.1645012 -57.2995567 337.322174
v 47.1645012 35.442627 337.322174
v 47.1645012 -57.2995567 337.322174
v -47.1650925 35.442627 337.322174
v -47.1650925 -57.2995567 337.322174
v -47.1650925 35.442627 337.322174
v -80.5255661 -45.1747818 346.525146
v -47.1650925 -57.2995567 337.322174
v -80.5255661 -45.1747818 346.525146
v -47.1650925 35.442627 337.322174
v -80.5255661 18.7163715 346.525146
v -104.073509 13.7237453 329.269775
v -80.5255661 -45.1747818 346.525146
v -80.5255661 18.7163715 346.525146
v -80.5255661 -45.1747818 346.525146
v -104.073509 13.7237453 329.269775
v -104.073509 -40.1821556 329.269775
v -104.073509 13.7237453 329.269775
v -156.449371 -40.1821556 167.068695
v -104.073509 -40.1821556 329.269775
v -156.449371 -40.1821556 167.068695
v -104.073509 13.7237453 329.269775
v -156.449371 13.7238445 167.068695
v 98.2291565 35.442627 148.662979
v 156.448868 -40.1821556 167.068787
v 98.0680923 -57.2995567 148.662979
v 156.448868 -40.1821556 167.068787
v 98.2291565 35.442627 148.662979
v 156.448868 13.7238445 167.068787
v -156.449371 -40.1821556 167.068695
v -98.2295456 35.442627 148.662888
v -98.0685806 -57.2994614 148.662888
v -98.2295456 35.442627 148.662888
v -156.449371 -40.1821556 167.068695
v -156.449371 13.7238445 167.068695
v 156.448868 -40.1821556 167.068787
v 77.7412033 -57.2995567 224.230194
v 98.0680923 -57.2994614 148.662979
v 104.072906 -40.1821556 329.269775
v 77.7412033 -57.2995567 224.230194
v 156.448868 -40.1821556 167.068787
v 104.072906 -40.1821556 329.269775
v 55.2860374 -57.2995567 307.746429
v 77.7412033 -57.2995567 224.230194
v -55.2866287 -57.2995567 307.746429
v 77.7412033 -57.2995567 224.230194
v 55.2860374 -57.2995567 307.746429
v 77.7412033 -57.2995567 224.230194
v -55.2866287 -57.2995567 307.746429
v -77.7416916 -57.2995567 224.230194
v 80.524971 -45.1747818 346.525146
v 55.2860374 -57.2995567 307.746429
v 104.072906 -40.1821556 329.269775
v 55.2860374 -57.2995567 307.746429
v 80.524971 -45.1747818 346.525146
v 47.1645012 -57.2995567 337.322174
v 47.1645012 -57.2995567 337.322174
v -55.2866287 -57.2995567 307.746429
v 55.2860374 -57.2995567 307.746429
v -55.2866287 -57.2995567 307.746429
v 47.1645012 -57.2995567 337.322174
v -47.1650925 -57.2995567 337.322174
v -80.5255661 -45.1747818 346.525146
v -55.2866287 -57.2995567 307.746429
v -47.1650925 -57.2995567 337.322174
v -55.2866287 -57.2995567 307.746429
v -80.5255661 -45.1747818 346.525146
v -104.073509 -40.1821556 329.269775
v -77.7416916 -57.2995567 224.230194
v -55.2866287 -57.2995567 307.746429
v -104.073509 -40.1821556 329.269775
v -77.7416916 -57.2995567 224.230194
v -104.073509 -40.1821556 329.269775
v -156.449371 -40.1821556 167.068695
v -77.7416916 -57.2995567 224.230194
v -156.449371 -40.1821556 167.068695
v -98.0685806 -57.2994614 148.662888
v 104.072906 13.7237453 441.851135
v 47.1645012 35.442627 449.903625
v 80.524971 18.7163715 459.106476
v 98.2290573 35.442627 261.244324
v 70.4247818 35.442627 364.385834
v 156.448868 13.7238445 279.650238
v 70.4247818 35.442627 364.385834
v 104.072906 13.7237453 441.851135
v 156.448868 13.7238445 279.650238
v 47.1645012 35.442627 449.903625
v 104.072906 13.7237453 441.851135
v 70.4247818 35.442627 364.385834
v 70.4247818 35.442627 364.385834
v -47.1651955 35.442627 449.903625
v 47.1645012 35.442627 449.903625
v -47.1651955 35.442627 449.903625
v 70.4247818 35.442627 364.385834
v -70.4254684 35.442627 364.385834
v -70.4254684 35.442627 364.385834
v -98.2296448 35.442627 261.244324
v -156.449463 13.7238445 279.650055
v -104.073509 13.7237453 441.851135
v -70.4254684 35.442627 364.385834
v -156.449463 13.7238445 279.650055
v -104.073509 13.7237453 441.851135
v -47.1651955 35.442627 449.903625
v -70.4254684 35.442627 364.385834
v -47.1651955 35.442627 449.903625
v -104.073509 13.7237453 441.851135
v -80.5256653 18.7163715 459.106476
v 156.448868 13.7238445 279.650238
v 104.072906 -40.1821556 441.851135
v 156.448868 -40.1821556 279.650146
v 104.072906 -40.1821556 441.851135
v 156.448868 13.7238445 279.650238
v 104.072906 13.7237453 441.851135
v 104.072906 13.7237453 441.851135
v 80.524971 -45.1747818 459.106476
v 104.072906 -40.1821556 441.851135
v 80.524971 -45.1747818 459.106476
v 104.072906 13.7237453 441.851135
v 80.524971 18.7163715 459.106476
v 47.1645012 35.442627 449.903625
v 80.524971 -45.1747818 459.106476
v 80.524971 18.7163715 459.106476
v 80.524971 -45.1747818 459.106476
v 47.1645012 35.442627 449.903625
v 47.1645012 -57.2995567 449.903625
v -47.1651955 35.442627 449.903625
v 47.1645012 -57.2995567 449.903625
v 47.1645012 35.442627 449.903625
v 47.1645012 -57.2995567 449.903625
v -47.1651955 35.442627 449.903625
v -47.1651955 -57.2995567 449.903625
v -47.1651955 35.442627 449.903625
v -80.5256653 -45.1747818 459.106476
v -47.1651955 -57.2995567 449.903625
v -80.5256653 -45.1747818 459.106476
v -47.1651955 35.442627 449.903625
v -80.5256653 18.7163715 459.106476
v -104.073509 13.7237453 441.851135
v -80.5256653 -45.1747818 459.106476
v -80.5256653 18.7163715 459.106476
v -80.5256653 -45.1747818 459.106476
v -104.073509 13.7237453 441.851135
v -104.073509 -40.1821556 441.851135
v -104.073509 13.7237453 441.851135
v -156.449463 -40.1821556 279.650055
v -104.073509 -40.1821556 441.851135
v -156.449463 -40.1821556 279.650055
v -104.073509 13.7237453 441.851135
v -156.449463 13.7238445 279.650055
v 98.2290573 35.442627 261.244324
v 156.448868 -40.1821556 279.650146
v 98.0679932 -57.2994614 261.244324
v 156.448868 -40.1821556 279.650146
v 98.2290573 35.442627 261.244324
v 156.448868 13.7238445 279.650238
v -156.449463 -40.1821556 279.650055
v -98.2296448 35.442627 261.244324
v -98.0685806 -57.2994614 261.244324
v -98.2296448 35.442627 261.244324
v -156.449463 -40.1821556 279.650055
v -156.449463 13.7238445 279.650055
v 156.448868 -40.1821556 279.650146
v 77.7411041 -57.2995567 336.811646
v 98.0679932 -57.2994614 261.244324
v 104.072906 -40.1821556 441.851135
v 77.7411041 -57.2995567 336.811646
v 156.448868 -40.1821556 279.650146
v 104.072906 -40.1821556 441.851135
v 55.2860374 -57.2995567 420.327759
v 77.7411041 -57.2995567 336.811646
v -55.2867241 -57.2995567 420.327759
v 77.7411041 -57.2995567 336.811646
v 55.2860374 -57.2995567 420.327759
v 77.7411041 -57.2995567 336.811646
v -55.2867241 -57.2995567 420.327759
v -77.7416916 -57.2995567 336.811646
v 80.524971 -45.1747818 459.106476
v 55.2860374 -57.2995567 420.327759
v 104.072906 -40.1821556 441.851135
v 55.2860374 -57.2995567 420.327759
v 80.524971 -45.1747818 459.106476
v 47.1645012 -57.2995567 449.903625
v 47.1645012 -57.2995567 449.903625
v -55.2867241 -57.2995567 420.327759
v 55.2860374 -57.2995567 420.327759
v -55.2867241 -57.2995567 420.327759
v 47.1645012 -57.2995567 449.903625
v -47.1651955 -57.2995567 449.903625
v -80.5256653 -45.1747818 459.106476
v -55.2867241 -57.2995567 420.327759
v -47.1651955 -57.2995567 449.903625
v -55.2867241 -57.2995567 420.327759
v -80.5256653 -45.1747818 459.106476
v -104.073509 -40.1821556 441.851135
v -77.7416916 -57.2995567 336.811646
v -55.2867241 -57.2995567 420.327759
v -104.073509 -40.1821556 441.851135
v -77.7416916 -57.2995567 336.811646
v -104.073509 -40.1821556 441.851135
v -156.449463 -40.1821556 279.650055
v -77.7416916 -57.2995567 336.811646
v -156.449463 -40.1821556 279.650055
v -98.0685806 -57.2994614 261.244324
v -77.7417908 -57.2995567 448.387115
v -156.449463 -40.1821556 391.225616
v -98.0685806 -57.2995567 372.819824
v -77.7417908 -57.2995567 448.387115
v -104.073601 -40.1821556 553.426514
v -156.449463 -40.1821556 391.225616
v -77.7417908 -57.2995567 448.387115
v -55.2867241 -57.2995567 531.903381
v -104.073601 -40.1821556 553.426514
v -55.2867241 -57.2995567 531.903381
v -80.5256653 -45.1747818 570.681946
v -104.073601 -40.1821556 553.426514
v -80.5256653 -45.1747818 570.681946
v -55.2867241 -57.2995567 531.903381
v -47.1651955 -57.2995567 561.479126
v -55.2867241 -57.2995567 531.903381
v 47.164402 -57.2995567 561.479126
v -47.1651955 -57.2995567 561.479126
v 47.164402 -57.2995567 561.479126
v -55.2867241 -57.2995567 531.903381
v 55.2860374 -57.2995567 531.903381
v 55.2860374 -57.2995567 531.903381
v 80.5248718 -45.1747818 570.681946
v 47.164402 -57.2995567 561.479126
v 80.5248718 -45.1747818 570.681946
v 55.2860374 -57.2995567 531.903381
v 104.072815 -40.1821556 553.426514
v 77.7411041 -57.2995567 448.387115
v -55.2867241 -57.2995567 531.903381
v -77.7417908 -57.2995567 448.387115
v -55.2867241 -57.2995567 531.903381
v 77.7411041 -57.2995567 448.387115
v 55.2860374 -57.2995567 531.903381
v 104.072815 -40.1821556 553.426514
v 55.2860374 -57.2995567 531.903381
v 77.7411041 -57.2995567 448.387115
v 104.072815 -40.1821556 553.426514
v 77.7411041 -57.2995567 448.387115
v 156.448868 -40.1821556 391.225708
v 156.448868 -40.1821556 391.225708
v 77.7411041 -57.2995567 448.387115
v 98.0679932 -57.2995567 372.819824
v -98.2296448 35.442627 372.819824
v -156.449463 -40.1821556 391.225616
v -156.449463 13.7238445 391.225616
v -156.449463 -40.1821556 391.225616
v -98.2296448 35.442627 372.819824
v -98.0685806 -57.2995567 372.819824
v 156.448868 -40.1821556 391.225708
v 98.2290573 35.442627 372.819824
v 156.448868 13.7238445 391.2258
v 98.2290573 35.442627 372.819824
v 156.448868 -40.1821556 391.225708
v 98.0679932 -57.2995567 372.819824
v -156.449463 -40.1821556 391.225616
v -104.073601 13.7237453 553.426514
v -156.449463 13.7238445 391.225616
v -104.073601 13.7237453 553.426514
v -156.449463 -40.1821556 391.225616
v -104.073601 -40.1821556 553.426514
v -80.5256653 -45.1747818 570.681946
v -104.073601 13.7237453 553.426514
v -104.073601 -40.1821556 553.426514
v -104.073601 13.7237453 553.426514
v -80.5256653 -45.1747818 570.681946
v -80.5256653 18.7163715 570.681946
v -80.5256653 -45.1747818 570.681946
v -47.1651955 35.442627 561.479126
v -80.5256653 18.7163715 570.681946
v -47.1651955 35.442627 561.479126
v -80.5256653 -45.1747818 570.681946
v -47.1651955 -57.2995567 561.479126
v 47.164402 -57.2995567 561.479126
v -47.1651955 35.442627 561.479126
v -47.1651955 -57.2995567 561.479126
v -47.1651955 35.442627 561.479126
v 47.164402 -57.2995567 561.479126
v 47.164402 35.442627 561.479126
v 80.5248718 -45.1747818 570.681946
v 47.164402 35.442627 561.479126
v 47.164402 -57.2995567 561.479126
v 47.164402 35.442627 561.479126
v 80.5248718 -45.1747818 570.681946
v 80.5248718 18.7163715 570.681946
v 80.5248718 -45.1747818 570.681946
v 104.072815 13.7237453 553.426514
v 80.5248718 18.7163715 570.681946
v 104.072815 13.7237453 553.426514
v 80.5248718 -45.1747818 570.681946
v 104.072815 -40.1821556 553.426514
v 104.072815 -40.1821556 553.426514
v 156.448868 13.7238445 391.2258
v 104.072815 13.7237453 553.426514
v 156.448868 13.7238445 391.2258
v 104.072815 -40.1821556 553.426514
v 156.448868 -40.1821556 391.225708
v -47.1651955 35.442627 561.479126
v -104.073601 13.7237453 553.426514
v -80.5256653 18.7163715 570.681946
v -104.073601 13.7237453 553.426514
v -47.1651955 35.442627 561.479126
v -70.4254684 35.442627 475.961212
v -104.073601 13.7237453 553.426514
v -70.4254684 35.442627 475.961212
v -156.449463 13.7238445 391.225616
v -70.4254684 35.442627 475.961212
v -98.2296448 35.442627 372.819824
v -156.449463 13.7238445 391.225616
v -47.1651955 35.442627 561.479126
v 70.4247818 35.442627 475.961212
v -70.4254684 35.442627 475.961212
v 70.4247818 35.442627 475.961212
v -47.1651955 35.442627 561.479126
v 47.164402 35.442627 561.479126
v 47.164402 35.442627 561.479126
v 104.072815 13.7237453 553.426514
v 70.4247818 35.442627 475.961212
v 70.4247818 35.442627 475.961212
v 104.072815 13.7237453 553.426514
v 156.448868 13.7238445 391.2258
v 98.2290573 35.442627 372.819824
v 70.4247818 35.442627 475.961212
v 156.448868 13.7238445 391.2258
v 104.072815 13.7237453 553.426514
v 47.164402 35.442627 561.479126
v 80.5248718 18.7163715 570.681946
v 104.072815 13.7237453 663.187561
v 47.164402 35.442627 671.240051
v 80.5248718 18.7163715 680.442932
v 98.2289581 35.442627 482.58075
v 70.4247818 35.442627 585.722229
v 156.448761 13.7238445 500.986725
v 70.4247818 35.442627 585.722229
v 104.072815 13.7237453 663.187561
v 156.448761 13.7238445 500.986725
v 47.164402 35.442627 671.240051
v 104.072815 13.7237453 663.187561
v 70.4247818 35.442627 585.722229
v 70.4247818 35.442627 585.722229
v -47.1651955 35.442627 671.240051
v 47.164402 35.442627 671.240051
v -47.1651955 35.442627 671.240051
v 70.4247818 35.442627 585.722229
v -70.4254684 35.442627 585.722229
v -70.4254684 35.442627 585.722229
v -98.2296448 35.442627 482.58075
v -156.449463 13.7238445 500.986542
v -104.073601 13.7237453 663.187561
v -70.4254684 35.442627 585.722229
v -156.449463 13.7238445 500.986542
v -104.073601 13.7237453 663.187561
v -47.1651955 35.442627 671.240051
v -70.4254684 35.442627 585.722229
v -47.1651955 35.442627 671.240051
v -104.073601 13.7237453 663.187561
v -80.5256653 18.7163715 680.442932
v 156.448761 13.7238445 500.986725
v 104.072815 -40.1821556 663.187561
v 156.448761 -40.1821556 500.986633
v 104.072815 -40.1821556 663.187561
v 156.448761 13.7238445 500.986725
v 104.072815 13.7237453 663.187561
v 104.072815 13.7237453 663.187561
v 80.5248718 -45.1746788 680.442932
v 104.072815 -40.1821556 663.187561
v 80.5248718 -45.1746788 680.442932
v 104.072815 13.7237453 663.187561
v 80.5248718 18.7163715 680.442932
v 47.164402 35.442627 671.240051
v 80.5248718 -45.1746788 680.442932
v 80.5248718 18.7163715 680.442932
v 80.5248718 -45.1746788 680.442932
v 47.164402 35.442627 671.240051
v 47.164402 -57.2995567 671.240051
v -47.1651955 35.442627 671.240051
v 47.164402 -57.2995567 671.240051
v 47.164402 35.442627 671.240051
v 47.164402 -57.2995567 671.240051
v -47.1651955 35.442627 671.240051
v -47.1651955 -57.2995567 671.240051
v -47.1651955 35.442627 671.240051
v -80.5256653 -45.1746788 680.442932
v -47.1651955 -57.2995567 671.240051
v -80.5256653 -45.1746788 680.442932
v -47.1651955 35.442627 671.240051
v -80.5256653 18.7163715 680.442932
v -104.073601 13.7237453 663.187561
v -80.5256653 -45.1746788 680.442932
v -80.5256653 18.7163715 680.442932
v -80.5256653 -45.1746788 680.442932
v -104.073601 13.7237453 663.187561
v -104.073601 -40.1821556 663.187561
v -104.073601 13.7237453 663.187561
v -156.449463 -40.1821556 500.986542
v -104.073601 -40.1821556 663.187561
v -156.449463 -40.1821556 500.986542
v -104.073601 13.7237453 663.187561
v -156.449463 13.7238445 500.986542
v 98.2290573 35.442627 482.58075
v 156.448761 -40.1821556 500.986633
v 98.0679932 -57.2995567 482.58075
v 156.448761 -40.1821556 500.986633
v 98.2290573 35.442627 482.58075
v 156.448761 13.7238445 500.986725
v -156.449463 -40.1821556 500.986542
v -98.2296448 35.442627 482.58075
v -98.0686874 -57.2994614 482.58075
v -98.2296448 35.442627 482.58075
v -156.449463 -40.1821556 500.986542
v -156.449463 13.7238445 500.986542
v 156.448761 -40.1821556 500.986633
v 77.7410049 -57.2995567 558.14801
v 98.0679932 -57.2994614 482.58075
v 104.072815 -40.1821556 663.187561
v 77.7410049 -57.2995567 558.14801
v 156.448761 -40.1821556 500.986633
v 104.072815 -40.1821556 663.187561
v 55.2859344 -57.2995567 641.664307
v 77.7410049 -57.2995567 558.14801
v -55.2867241 -57.2995567 641.664307
v 77.7410049 -57.2995567 558.14801
v 55.2859344 -57.2995567 641.664307
v 77.7410049 -57.2995567 558.14801
v -55.2867241 -57.2995567 641.664307
v -77.7417908 -57.2995567 558.14801
v 80.5248718 -45.1746788 680.442932
v 55.2859344 -57.2995567 641.664307
v 104.072815 -40.1821556 663.187561
v 55.2859344 -57.2995567 641.664307
v 80.5248718 -45.1746788 680.442932
v 47.164402 -57.2995567 671.240051
v 47.164402 -57.2995567 671.240051
v -55.2867241 -57.2995567 641.664307
v 55.2859344 -57.2995567 641.664307
v -55.2867241 -57.2995567 641.664307
v 47.164402 -57.2995567 671.240051
v -47.1651955 -57.2995567 671.240051
v -80.5256653 -45.1746788 680.442932
v -55.2867241 -57.2995567 641.664307
v -47.1651955 -57.2995567 671.240051
v -55.2867241 -57.2995567 641.664307
v -80.5256653 -45.1746788 680.442932
v -104.073601 -40.1821556 663.187561
v -77.7417908 -57.2995567 558.14801
v -55.2867241 -57.2995567 641.664307
v -104.073601 -40.1821556 663.187561
v -77.7417908 -57.2995567 558.14801
v -104.073601 -40.1821556 663.187561
v -156.449463 -40.1821556 500.986542
v -77.7417908 -57.2995567 558.14801
v -156.449463 -40.1821556 500.986542
v -98.0686874 -57.2994614 482.58075
v 8.02426434 -62.6254654 650.082397
v 8.02426434 -67.7790527 650.082397
v 88.5495377 -67.7790527 664.048218
v 88.5495377 -41.3207474 664.048218
v 8.02426434 -62.6254654 650.082397
v 88.5495377 -67.7790527 664.048218
v 88.5495377 -41.3207474 664.048218
v 8.02426434 -41.3207474 650.082397
v 8.02426434 -62.6254654 650.082397
v 88.5495377 -67.7790527 490.772461
v 8.02426434 -67.7790527 504.738373
v 8.02426434 -62.6254654 504.738373
v 88.5495377 -67.7790527 490.772461
v 8.02426434 -62.6254654 504.738373
v 88.5495377 -41.3207474 490.772461
v 8.02426434 -62.6254654 504.738373
v 8.02426434 -41.3207474 504.738373
v 88.5495377 -41.3207474 490.772461
v 125.924805 -52.3181915 634.917053
v 88.5495377 -67.7790527 664.048218
v 125.924805 -89.6358871 634.917053
v 125.924805 -52.3181915 634.917053
v 88.5495377 -41.3207474 664.048218
v 88.5495377 -67.7790527 664.048218
v 125.924805 -52.3181915 634.917053
v 125.924805 -41.3207474 634.917053
v 88.5495377 -41.3207474 664.048218
v 88.5495377 -67.7790527 490.772461
v 125.924805 -52.3181915 519.903687
v 125.924805 -89.6358871 519.903687
v 88.5495377 -67.7790527 490.772461
v 88.5495377 -41.3207474 490.772461
v 125.924805 -52.3181915 519.903687
v 88.5495377 -41.3207474 490.772461
v 125.924805 -41.3207474 519.903687
v 125.924805 -52.3181915 519.903687
v 16.64044 -89.6358871 535.512634
v 8.02426434 -62.6254654 504.738373
v 8.02426434 -67.7790527 504.738373
v 8.02426434 -62.6254654 504.738373
v 16.64044 -89.6358871 535.512634
v 16.64044 -51.9500465 535.512634
v 16.64044 -51.9500465 535.512634
v 8.02426434 -41.3207474 504.738373
v 8.02426434 -62.6254654 504.738373
v 8.02426434 -41.3207474 504.738373
v 16.64044 -51.9500465 535.512634
v 16.64044 -41.3207474 535.512634
v 16.64044 -51.9500465 619.308044
v 16.64044 -41.3207474 535.512634
v 16.64044 -51.9500465 535.512634
v 16.64044 -41.3207474 535.512634
v 16.64044 -51.9500465 619.308044
v 16.64044 -41.3207474 619.308044
v 16.64044 -51.9500465 619.308044
v 8.02426434 -41.3207474 650.082397
v 16.64044 -41.3207474 619.308044
v 8.02426434 -41.3207474 650.082397
v 16.64044 -51.9500465 619.308044
v 8.02426434 -62.6254654 650.082397
v 16.64044 -89.6358871 535.512634
v 16.64044 -51.9500465 619.308044
v 16.64044 -51.9500465 535.512634
v 16.64044 -51.9500465 619.308044
v 16.64044 -89.6358871 535.512634
v 16.64044 -89.6358871 619.308044
v 8.02426434 -67.7790527 650.082397
v 16.64044 -51.9500465 619.308044
v 16.64044 -89.6358871 619.308044
v 16.64044 -51.9500465 619.308044
v 8.02426434 -67.7790527 650.082397
v 8.02426434 -62.6254654 650.082397
v 244.412033 -67.7790527 601.23468
v 244.412033 -52.0075188 553.586243
v 244.412033 -52.0075188 601.23468
v 244.412033 -52.0075188 553.586243
v 244.412033 -67.7790527 601.23468
v 244.412033 -67.7790527 553.586426
v 244.412033 -67.7790527 553.586426
v 125.924805 -52.3181915 519.903687
v 244.412033 -52.0075188 553.586243
v 125.924805 -52.3181915 519.903687
v 244.412033 -67.7790527 553.586426
v 125.924805 -89.6358871 519.903687
v 125.924805 -52.3181915 634.917053
v 244.412033 -67.7790527 601.23468
v 244.412033 -52.0075188 601.23468
v 244.412033 -67.7790527 601.23468
v 125.924805 -52.3181915 634.917053
v 125.924805 -89.6358871 634.917053
v 88.5495377 -67.7790527 490.772461
v 16.64044 -89.6358871 535.512634
v 8.02426434 -67.7790527 504.738373
v 16.64044 -89.6358871 535.512634
v 88.5495377 -67.7790527 490.772461
v 125.924805 -89.6358871 519.903687
v 125.924805 -89.6358871 519.903687
v 16.64044 -89.6358871 619.308044
v 16.64044 -89.6358871 535.512634
v 16.64044 -89.6358871 619.308044
v 125.924805 -89.6358871 519.903687
v 125.924805 -89.6358871 634.917053
v 88.5495377 -67.7790527 664.048218
v 16.64044 -89.6358871 619.308044
v 125.924805 -89.6358871 634.917053
v 16.64044 -89.6358871 619.308044
v 88.5495377 -67.7790527 664.048218
v 8.02426434 -67.7790527 650.082397
v 244.412033 -67.7790527 553.586426
v 125.924805 -89.6358871 634.917053
v 125.924805 -89.6358871 519.903687
v 125.924805 -89.6358871 634.917053
v 244.412033 -67.7790527 553.586426
v 244.412033 -67.7790527 601.23468
v -8.02505493 -62.6254654 650.082397
v -88.5503235 -67.7790527 664.048218
v -8.02505493 -67.7790527 650.082397
v -88.5503235 -41.3207474 664.048218
v -88.5503235 -67.7790527 664.048218
v -8.02505493 -62.6254654 650.082397
v -88.5503235 -41.3207474 664.048218
v -8.02505493 -62.6254654 650.082397
v -8.02505493 -41.3207474 650.082397
v -88.5503235 -67.7790527 490.772461
v -8.02495575 -62.6254654 504.738373
v -8.02495575 -67.7790527 504.738373
v -88.5503235 -67.7790527 490.772461
v -88.5503235 -41.3207474 490.772461
v -8.02495575 -62.6254654 504.738373
v -8.02495575 -62.6254654 504.738373
v -88.5503235 -41.3207474 490.772461
v -8.02495575 -41.3207474 504.738373
v -125.925598 -52.3181915 634.916992
v -125.925598 -89.6358871 634.916992
v -88.5503235 -67.7790527 664.048218
v -125.925598 -52.3181915 634.916992
v -88.5503235 -67.7790527 664.048218
v -88.5503235 -41.3207474 664.048218
v -125.925598 -52.3181915 634.916992
v -88.5503235 -41.3207474 664.048218
v -125.925598 -41.3207474 634.916992
v -88.5503235 -67.7790527 490.772461
v -125.925598 -89.6358871 519.903564
v -125.925598 -52.3181915 519.903564
v -88.5503235 -67.7790527 490.772461
v -125.925598 -52.3181915 519.903564
v -88.5503235 -41.3207474 490.772461
v -88.5503235 -41.3207474 490.772461
v -125.925598 -52.3181915 519.903564
v -125.925499 -41.3207474 519.903564
v -16.6412296 -89.6358871 535.512634
v -8.02495575 -67.7790527 504.738373
v -8.02495575 -62.6254654 504.738373
v -8.02495575 -62.6254654 504.738373
v -16.6412296 -51.9500465 535.512634
v -16.6412296 -89.6358871 535.512634
v -16.6412296 -51.9500465 535.512634
v -8.02495575 -62.6254654 504.738373
v -8.02495575 -41.3207474 504.738373
v -8.02495575 -41.3207474 504.738373
v -16.6412296 -41.3207474 535.512634
v -16.6412296 -51.9500465 535.512634
v -16.6412296 -51.9500465 619.308044
v -16.6412296 -51.9500465 535.512634
v -16.6412296 -41.3207474 535.512634
v -16.6412296 -41.3207474 535.512634
v -16.6412296 -41.3207474 619.308044
v -16.6412296 -51.9500465 619.308044
v -16.6412296 -51.9500465 619.308044
v -16.6412296 -41.3207474 619.308044
v -8.02505493 -41.3207474 650.082397
v -8.02505493 -41.3207474 650.082397
v -8.02505493 -62.6254654 650.082397
v -16.6412296 -51.9500465 619.308044
v -16.6412296 -89.6358871 535.512634
v -16.6412296 -51.9500465 535.512634
v -16.6412296 -51.9500465 619.308044
v -16.6412296 -51.9500465 619.308044
v -16.6412296 -89.6358871 619.308044
v -16.6412296 -89.6358871 535.512634
v -8.02505493 -67.7790527 650.082397
v -16.6412296 -89.6358871 619.308044
v -16.6412296 -51.9500465 619.308044
v -16.6412296 -51.9500465 619.308044
v -8.02505493 -62.6254654 650.082397
v -8.02505493 -67.7790527 650.082397
v -244.412811 -67.7790527 601.234436
v -244.412811 -52.0075188 601.234436
v -244.412811 -52.0075188 553.58606
v -244.412811 -52.0075188 553.58606
v -244.412811 -67.7790527 553.586182
v -244.412811 -67.7790527 601.234436
v -244.412811 -67.7790527 553.586182
v -244.412811 -52.0075188 553.58606
v -125.925598 -52.3181915 519.903564
v -125.925598 -52.3181915 519.903564
v -125.925598 -89.6358871 519.903564
v -244.412811 -67.7790527 553.586182
v -125.925598 -52.3181915 634.916992
v -244.412811 -52.0075188 601.234436
v -244.412811 -67.7790527 601.234436
v -244.412811 -67.7790527 601.234436
v -125.925598 -89.6358871 634.916992
v -125.925598 -52.3181915 634.916992
v -88.5503235 -67.7790527 490.772461
v -8.02495575 -67.7790527 504.738373
v -16.6412296 -89.6358871 535.512634
v -16.6412296 -89.6358871 535.512634
v -125.925598 -89.6358871 519.903564
v -88.5503235 -67.7790527 490.772461
v -125.925598 -89.6358871 519.903564
v -16.6412296 -89.6358871 535.512634
v -16.6412296 -89.6358871 619.308044
v -16.6412296 -89.6358871 619.308044
v -125.925598 -89.6358871 634.916992
v -125.925598 -89.6358871 519.903564
v -88.5503235 -67.7790527 664.048218
v -125.925598 -89.6358871 634.916992
v -16.6412296 -89.6358871 619.308044
v -16.6412296 -89.6358871 619.308044
v -8.02505493 -67.7790527 650.082397
v -88.5503235 -67.7790527 664.048218
v -244.412811 -67.7790527 553.586182
v -125.925598 -89.6358871 519.903564
v -125.925598 -89.6358871 634.916992
v -125.925598 -89.6358871 634.916992
v -244.412811 -67.7790527 601.234436
v -244.412811 -67.7790527 553.586182
v 718.213074 -45.6693192 131.780609
v 713.404541 -53.3767929 139.14296
v 718.213074 -48.775322 131.780609
v 707.721802 -45.6693192 147.874161
v 713.404541 -53.3767929 139.14296
v 718.213074 -45.6693192 131.780609
v 707.721802 -45.6693192 147.874161
v 707.721802 -53.3767929 147.874161
v 713.404541 -53.3767929 139.14296
v 694.619263 -53.3767929 139.327026
v 694.619263 -45.6693192 139.327026
v 700.30188 -53.3767929 130.607269
v 700.30188 -53.3767929 130.607269
v 694.619263 -45.6693192 139.327026
v 705.110474 -45.6693192 123.233467
v 705.110474 -45.6693192 123.233467
v 705.110474 -48.775322 123.233467
v 700.30188 -53.3767929 130.607269
v 697.207458 -45.6693192 118.079872
v 692.398987 -53.3767929 125.453667
v 697.207458 -48.775322 118.079872
v 686.716125 -45.6693192 134.17334
v 692.398987 -53.3767929 125.453667
v 697.207458 -45.6693192 118.079872
v 686.716125 -45.6693192 134.17334
v 686.716125 -53.3767929 134.17334
v 692.398987 -53.3767929 125.453667
v 673.602051 -53.3767929 125.626083
v 673.602051 -45.6693192 125.62619
v 679.296387 -53.3767929 116.906418
v 679.296387 -53.3767929 116.906418
v 673.602051 -45.6693192 125.62619
v 684.093323 -45.6693192 109.532631
v 684.093323 -45.6693192 109.532631
v 684.093323 -48.775322 109.532631
v 679.296387 -53.3767929 116.906418
v 739.322266 -45.6693192 145.527466
v 734.513611 -53.3767929 152.901169
v 739.322266 -48.775322 145.527466
v 728.830872 -45.6693192 161.620926
v 734.513611 -53.3767929 152.901169
v 739.322266 -45.6693192 145.527466
v 728.830872 -45.6693192 161.620926
v 728.830872 -53.3767929 161.620926
v 734.513611 -53.3767929 152.901169
v 715.716614 -53.3767929 153.085327
v 715.716614 -45.6693192 153.085327
v 721.411011 -53.3767929 144.36557
v 721.411011 -53.3767929 144.36557
v 715.716614 -45.6693192 153.085327
v 726.208008 -45.6693192 136.991669
v 726.208008 -45.6693192 136.991669
v 726.208008 -48.775322 136.991669
v 721.411011 -53.3767929 144.36557
v 739.322266 -48.775322 145.527466
v 726.208008 -45.6693192 136.991669
v 739.322266 -45.6693192 145.527466
v 726.208008 -45.6693192 136.991669
v 739.322266 -48.775322 145.527466
v 726.208008 -48.775322 136.991669
v 739.322266 -48.775322 145.527466
v 721.411011 -53.3767929 144.36557
v 726.208008 -48.775322 136.991669
v 721.411011 -53.3767929 144.36557
v 739.322266 -48.775322 145.527466
v 734.513611 -53.3767929 152.901169
v 734.513611 -53.3767929 152.901169
v 715.716614 -53.3767929 153.085327
v 721.411011 -53.3767929 144.36557
v 715.716614 -53.3767929 153.085327
v 734.513611 -53.3767929 152.901169
v 728.830872 -53.3767929 161.620926
v 697.207458 -48.775322 118.079872
v 684.093323 -45.6693192 109.532631
v 697.207458 -45.6693192 118.079872
v 684.093323 -45.6693192 109.532631
v 697.207458 -48.775322 118.079872
v 684.093323 -48.775322 109.532631
v 697.207458 -48.775322 118.079872
v 679.296387 -53.3767929 116.906418
v 684.093323 -48.775322 109.532631
v 679.296387 -53.3767929 116.906418
v 697.207458 -48.775322 118.079872
v 692.398987 -53.3767929 125.453667
v 692.398987 -53.3767929 125.453667
v 673.602051 -53.3767929 125.626083
v 679.296387 -53.3767929 116.906418
v 673.602051 -53.3767929 125.626083
v 692.398987 -53.3767929 125.453667
v 686.716125 -53.3767929 134.17334
v 718.213074 -48.775322 131.780609
v 705.110474 -45.6693192 123.233467
v 718.213074 -45.6693192 131.780609
v 705.110474 -45.6693192 123.233467
v 718.213074 -48.775322 131.780609
v 705.110474 -48.775322 123.233467
v 718.213074 -48.775322 131.780609
v 700.30188 -53.3767929 130.607269
v 705.110474 -48.775322 123.233467
v 700.30188 -53.3767929 130.607269
v 718.213074 -48.775322 131.780609
v 713.404541 -53.3767929 139.14296
v 713.404541 -53.3767929 139.14296
v 694.619263 -53.3767929 139.327026
v 700.30188 -53.3767929 130.607269
v 694.619263 -53.3767929 139.327026
v 713.404541 -53.3767929 139.14296
v 707.721802 -53.3767929 147.874161
v 537.629272 -45.6693192 131.780609
v 537.629272 -48.775322 131.780609
v 542.437805 -53.3767929 139.142853
v 548.120544 -45.6693192 147.874069
v 537.629272 -45.6693192 131.780609
v 542.437805 -53.3767929 139.142853
v 548.120544 -45.6693192 147.874069
v 542.437805 -53.3767929 139.142853
v 548.120544 -53.3767929 147.874069
v 561.223145 -53.3767929 139.327026
v 555.540466 -53.3767929 130.607162
v 561.223145 -45.6693192 139.327026
v 555.540466 -53.3767929 130.607162
v 550.731873 -45.6693192 123.23336
v 561.223145 -45.6693192 139.327026
v 550.731873 -45.6693192 123.23336
v 555.540466 -53.3767929 130.607162
v 550.731873 -48.775322 123.23336
v 558.634888 -45.6693192 118.079773
v 558.634888 -48.775322 118.079773
v 563.443359 -53.3767929 125.45356
v 569.126221 -45.6693192 134.17334
v 558.634888 -45.6693192 118.079773
v 563.443359 -53.3767929 125.45356
v 569.126221 -45.6693192 134.17334
v 563.443359 -53.3767929 125.45356
v 569.126221 -53.3767929 134.17334
v 582.240295 -53.3767929 125.626083
v 576.545959 -53.3767929 116.906326
v 582.240295 -45.6693192 125.626083
v 576.545959 -53.3767929 116.906326
v 571.749023 -45.6693192 109.532631
v 582.240295 -45.6693192 125.626083
v 571.749023 -45.6693192 109.532631
v 576.545959 -53.3767929 116.906326
v 571.749023 -48.775322 109.532631
v 516.520081 -45.6693192 145.527359
v 516.520081 -48.775322 145.527359
v 521.328674 -53.3767929 152.901062
v 527.011475 -45.6693192 161.620834
v 516.520081 -45.6693192 145.527359
v 521.328674 -53.3767929 152.901062
v 527.011475 -45.6693192 161.620834
v 521.328674 -53.3767929 152.901062
v 527.011475 -53.3767929 161.620834
v 540.125732 -53.3767929 153.085236
v 534.431396 -53.3767929 144.36557
v 540.125732 -45.6693192 153.085236
v 534.431396 -53.3767929 144.36557
v 529.634277 -45.6693192 136.991669
v 540.125732 -45.6693192 153.085236
v 529.634277 -45.6693192 136.991669
v 534.431396 -53.3767929 144.36557
v 529.634277 -48.775322 136.991562
v 516.520081 -48.775322 145.527359
v 516.520081 -45.6693192 145.527359
v 529.634277 -45.6693192 136.991669
v 529.634277 -45.6693192 136.991669
v 529.634277 -48.775322 136.991562
v 516.520081 -48.775322 145.527359
v 516.520081 -48.775322 145.527359
v 529.634277 -48.775322 136.991562
v 534.431396 -53.3767929 144.36557
v 534.431396 -53.3767929 144.36557
v 521.328674 -53.3767929 152.901062
v 516.520081 -48.775322 145.527359
v 521.328674 -53.3767929 152.901062
v 534.431396 -53.3767929 144.36557
v 540.125732 -53.3767929 153.085236
v 540.125732 -53.3767929 153.085236
v 527.011475 -53.3767929 161.620834
v 521.328674 -53.3767929 152.901062
v 558.634888 -48.775322 118.079773
v 558.634888 -45.6693192 118.079773
v 571.749023 -45.6693192 109.532631
v 571.749023 -45.6693192 109.532631
v 571.749023 -48.775322 109.532631
v 558.634888 -48.775322 118.079773
v 558.634888 -48.775322 118.079773
v 571.749023 -48.775322 109.532631
v 576.545959 -53.3767929 116.906326
v 576.545959 -53.3767929 116.906326
v 563.443359 -53.3767929 125.45356
v 558.634888 -48.775322 118.079773
v 563.443359 -53.3767929 125.45356
v 576.545959 -53.3767929 116.906326
v 582.240295 -53.3767929 125.626083
v 582.240295 -53.3767929 125.626083
v 569.126221 -53.3767929 134.17334
v 563.443359 -53.3767929 125.45356
v 537.629272 -48.775322 131.780609
v 537.629272 -45.6693192 131.780609
v 550.731873 -45.6693192 123.23336
v 550.731873 -45.6693192 123.23336
v 550.731873 -48.775322 123.23336
v 537.629272 -48.775322 131.780609
v 537.629272 -48.775322 131.780609
v 550.731873 -48.775322 123.23336
v 555.540466 -53.3767929 130.607162
v 555.540466 -53.3767929 130.607162
v 542.437805 -53.3767929 139.142853
v 537.629272 -48.775322 131.780609
v 542.437805 -53.3767929 139.142853
v 555.540466 -53.3767929 130.607162
v 561.223145 -53.3767929 139.327026
v 561.223145 -53.3767929 139.327026
v 548.120544 -53.3767929 147.874069
v 542.437805 -53.3767929 139.142853
v 695.988098 -30.6686325 57.0416183
v 702.924744 -6.32694197 80.4975204
v 702.924744 -32.4286613 80.4975204
v 702.924744 -6.32694197 80.4975204
v 695.988098 -30.6686325 57.0416183
v 695.988098 -6.32694197 57.0416183
v 686.589722 -18.8774338 25.2686615
v 695.988098 -6.32694197 57.0416183
v 695.988098 -30.6686325 57.0416183
v 695.988098 -6.32694197 57.0416183
v 686.589722 -18.8774338 25.2686615
v 686.589722 -6.32694197 25.2686615
v 627.921143 -6.32694197 1.11094272
v 569.252747 -18.8774338 25.2686615
v 569.252747 -6.32694197 25.2686615
v 569.252747 -18.8774338 25.2686615
v 627.921143 -6.32694197 1.11094272
v 627.921143 -18.8774338 1.11094272
v 686.589722 -6.32694197 25.2686615
v 627.921143 -18.8774338 1.11094272
v 627.921143 -6.32694197 1.11094272
v 627.921143 -18.8774338 1.11094272
v 686.589722 -6.32694197 25.2686615
v 686.589722 -18.8774338 25.2686615
v 552.917664 -6.32694197 80.4974213
v 559.854248 -30.6686325 57.0415268
v 552.917664 -32.4286613 80.4974213
v 559.854248 -30.6686325 57.0415268
v 552.917664 -6.32694197 80.4974213
v 559.854248 -6.32694197 57.0415268
v 559.854248 -6.32694197 57.0415268
v 569.252747 -18.8774338 25.2685642
v 559.854248 -30.6686325 57.0415268
v 569.252747 -18.8774338 25.2685642
v 559.854248 -6.32694197 57.0415268
v 569.252747 -6.32694197 25.2685642
v 559.85437 -30.6686325 57.0416183
v 627.921143 -32.2101288 68.9018478
v 552.917664 -32.4286613 80.4974213
v 627.921143 -32.2101288 68.9018478
v 559.85437 -30.6686325 57.0416183
v 627.921143 -30.2659283 35.1616783
v 695.988098 -30.6686325 57.0416183
v 627.921143 -32.2101288 68.9018478
v 627.921143 -30.2659283 35.1616783
v 627.921143 -32.2101288 68.9018478
v 695.988098 -30.6686325 57.0416183
v 702.924744 -32.4286613 80.4975204
v 569.252747 -18.8774338 25.2686615
v 627.921143 -30.2659283 35.1616783
v 559.85437 -30.6686325 57.0416183
v 627.921143 -30.2659283 35.1616783
v 569.252747 -18.8774338 25.2686615
v 627.921143 -18.8774338 1.11094272
v 686.589722 -18.8774338 25.2686615
v 627.921143 -30.2659283 35.1616783
v 627.921143 -18.8774338 1.11094272
v 627.921143 -30.2659283 35.1616783
v 686.589722 -18.8774338 25.2686615
v 695.988098 -30.6686325 57.0416183
v 662.432007 50.4778748 77.6101532
v 728.002625 40.1246796 85.0874405
v 675.086121 40.1246796 56.3284454
v 728.002625 40.1246796 85.0874405
v 662.432007 50.4778748 77.6101532
v 729.152954 50.4778748 114.996887
v 729.152954 50.4778748 114.996887
v 662.432007 50.4778748 77.6101532
v 654.34491 50.4778748 106.978737
v 729.152954 50.4778748 114.996887
v 654.34491 50.4778748 106.978737
v 736.515259 50.4778748 168.063004
v 766.608826 50.4778748 146.217621
v 729.152954 50.4778748 114.996887
v 736.515259 50.4778748 168.063004
v 736.515259 24.2266483 168.063004
v 766.608826 50.4778748 146.217621
v 736.515259 50.4778748 168.063004
v 766.608826 50.4778748 146.217621
v 736.515259 24.2266483 168.063004
v 766.838806 24.2266483 146.401703
v 729.152954 24.2266483 114.996887
v 766.608826 50.4778748 146.217621
v 766.838806 24.2266483 146.401794
v 766.608826 50.4778748 146.217621
v 729.152954 24.2266483 114.996887
v 729.152954 50.4778748 114.996887
v 729.152954 24.2266483 114.996887
v 728.002625 40.1246796 85.0874405
v 729.152954 50.4778748 114.996887
v 728.002625 40.1246796 85.0874405
v 729.152954 24.2266483 114.996887
v 728.002625 21.741888 85.0874405
v 728.002625 21.741888 85.0874405
v 675.086121 40.1246796 56.3284454
v 728.002625 40.1246796 85.0874405
v 675.086121 40.1246796 56.3284454
v 728.002625 21.741888 85.0874405
v 675.086121 20.7064896 56.3284454
v 662.432007 35.4081612 77.6101532
v 675.086121 40.1246796 56.3284454
v 675.086121 20.7064896 56.3284454
v 675.086121 40.1246796 56.3284454
v 662.432007 35.4081612 77.6101532
v 662.432007 50.4778748 77.6101532
v 684.576477 -57.3570328 126.212852
v 739.793823 -36.4319077 169.063751
v 739.793823 -57.3570328 169.063751
v 739.793823 -36.4319077 169.063751
v 684.576477 -57.3570328 126.212852
v 684.576477 -36.4319077 126.212852
v 668.471375 -51.0299911 75.5968323
v 684.576477 -36.4319077 126.212852
v 684.576477 -57.3570328 126.212852
v 684.576477 -36.4319077 126.212852
v 668.471375 -51.0299911 75.5968323
v 668.471375 -31.324337 75.5969315
v 639.712341 -45.2781715 60.4121704
v 668.471375 -31.324337 75.5969315
v 668.471375 -51.0299911 75.5968323
v 668.471375 -31.324337 75.5969315
v 639.712341 -45.2781715 60.4121704
v 639.712341 -30.1739922 60.4121704
v 639.712341 -45.2781715 60.4121704
v 616.130066 -30.1739922 60.4121704
v 639.712341 -30.1739922 60.4121704
v 616.130066 -30.1739922 60.4121704
v 639.712341 -45.2781715 60.4121704
v 616.130066 -45.2781715 60.4121704
v 616.130066 -45.2781715 60.4121704
v 587.370972 -31.324337 75.5968323
v 616.130066 -30.1739922 60.4121704
v 587.370972 -31.324337 75.5968323
v 616.130066 -45.2781715 60.4121704
v 587.370972 -51.0299911 75.5968323
v 587.370972 -51.0299911 75.5968323
v 571.265869 -36.4319077 126.212761
v 587.370972 -31.324337 75.5968323
v 571.265869 -36.4319077 126.212761
v 587.370972 -51.0299911 75.5968323
v 571.265869 -57.3570328 126.212761
v 516.048523 -57.3570328 169.063644
v 571.265869 -36.4319077 126.212761
v 571.265869 -57.3570328 126.212761
v 571.265869 -36.4319077 126.212761
v 516.048523 -57.3570328 169.063644
v 516.048523 -36.4319077 169.063644
v 668.471375 -51.0299911 75.5969315
v 616.130066 -45.2781715 60.4121704
v 639.712341 -45.2781715 60.4121704
v 616.130066 -45.2781715 60.4121704
v 668.471375 -51.0299911 75.5969315
v 587.370972 -51.0299911 75.5969315
v 684.576355 -57.3570328 126.212852
v 587.370972 -51.0299911 75.5969315
v 668.471375 -51.0299911 75.5969315
v 587.370972 -51.0299911 75.5969315
v 684.576355 -57.3570328 126.212852
v 571.265869 -57.3570328 126.212852
v 739.793823 -57.3570328 169.063751
v 571.265869 -57.3570328 126.212852
v 684.576355 -57.3570328 126.212852
v 571.265869 -57.3570328 126.212852
v 739.793823 -57.3570328 169.063751
v 516.048523 -57.3570328 169.063644
v 739.793823 -57.3570328 169.063751
v 516.048462 -57.3570328 249.876678
v 516.048523 -57.3570328 169.063644
v 516.048462 -57.3570328 249.876678
v 739.793823 -57.3570328 169.063751
v 739.793823 -57.3570328 249.876678
v 739.793823 40.8032951 169.063751
v 684.576355 61.7284203 126.212852
v 739.793823 61.7284203 169.063751
v 684.576355 61.7284203 126.212852
v 739.793823 40.8032951 169.063751
v 684.576355 40.8032951 126.212852
v 684.576355 40.8032951 126.212852
v 668.471375 55.4014778 75.5969315
v 684.576355 61.7284203 126.212852
v 668.471375 55.4014778 75.5969315
v 684.576355 40.8032951 126.212852
v 668.471375 35.6957245 75.5969315
v 668.471375 35.6957245 75.5969315
v 639.712341 49.6496582 60.4121704
v 668.471375 55.4014778 75.5969315
v 639.712341 49.6496582 60.4121704
v 668.471375 35.6957245 75.5969315
v 639.712341 34.5453796 60.4121704
v 616.130066 34.5453796 60.4121704
v 639.712341 49.6496582 60.4121704
v 639.712341 34.5453796 60.4121704
v 639.712341 49.6496582 60.4121704
v 616.130066 34.5453796 60.4121704
v 616.130066 49.6496582 60.4121704
v 587.370972 35.6957245 75.5969315
v 616.130066 49.6496582 60.4121704
v 616.130066 34.5453796 60.4121704
v 616.130066 49.6496582 60.4121704
v 587.370972 35.6957245 75.5969315
v 587.370972 55.4014778 75.5969315
v 571.265869 40.8032951 126.212852
v 587.370972 55.4014778 75.5969315
v 587.370972 35.6957245 75.5969315
v 587.370972 55.4014778 75.5969315
v 571.265869 40.8032951 126.212852
v 571.265869 61.7284203 126.212852
v 571.265869 40.8032951 126.212852
v 516.048523 61.7284203 169.063751
v 571.265869 61.7284203 126.212852
v 516.048523 61.7284203 169.063751
v 571.265869 40.8032951 126.212852
v 516.048523 40.8032951 169.063751
v 616.130066 49.6496582 60.4121704
v 668.471375 55.4014778 75.5969315
v 639.712341 49.6496582 60.4121704
v 668.471375 55.4014778 75.5969315
v 616.130066 49.6496582 60.4121704
v 587.370972 55.4014778 75.5968323
v 587.370972 55.4014778 75.5968323
v 684.576477 61.7284203 126.212852
v 668.471375 55.4014778 75.5969315
v 684.576477 61.7284203 126.212852
v 587.370972 55.4014778 75.5968323
v 571.265869 61.7284203 126.212761
v 516.048523 61.7284203 169.063751
v 684.576477 61.7284203 126.212852
v 571.265869 61.7284203 126.212761
v 684.576477 61.7284203 126.212852
v 516.048523 61.7284203 169.063751
v 739.793823 61.7284203 169.063751
v 516.048462 61.7284203 249.876678
v 739.793823 61.7284203 169.063751
v 516.048523 61.7284203 169.063751
v 739.793823 61.7284203 169.063751
v 516.048462 61.7284203 249.876678
v 739.793823 61.7284203 249.87677
v 570.403076 44.7950859 117.297577
v 526.689331 67.8712845 223.130798
v 570.403076 67.8713837 117.297577
v 526.689331 67.8712845 223.130798
v 570.403076 44.7950859 117.297577
v 526.689331 17.9801884 223.130798
v 729.152954 67.8712845 223.130905
v 685.43927 44.7950859 117.297577
v 685.43927 67.8713837 117.297577
v 685.43927 44.7950859 117.297577
v 729.152954 67.8712845 223.130905
v 729.152954 17.9801884 223.130905
v 526.689331 67.8712845 223.130798
v 685.43927 67.8713837 117.297577
v 570.403076 67.8713837 117.297577
v 685.43927 67.8713837 117.297577
v 526.689331 67.8712845 223.130798
v 729.152954 67.8712845 223.130905
v 685.43927 67.8713837 117.297577
v 570.403076 44.7950859 117.297577
v 570.403076 67.8713837 117.297577
v 570.403076 44.7950859 117.297577
v 685.43927 67.8713837 117.297577
v 685.43927 44.7950859 117.297577
v 728.002625 -35.7531929 85.0874405
v 662.432007 -46.1064911 77.610054
v 675.086121 -35.7531929 56.3284454
v 662.432007 -46.1064911 77.610054
v 728.002625 -35.7531929 85.0874405
v 729.152954 -46.1064911 114.996887
v 662.432007 -46.1064911 77.610054
v 729.152954 -46.1064911 114.996887
v 654.34491 -46.1064911 106.978737
v 654.34491 -46.1064911 106.978737
v 729.152954 -46.1064911 114.996887
v 736.515259 -46.1064911 168.063004
v 729.152954 -46.1064911 114.996887
v 766.608826 -46.1064911 146.217621
v 736.515259 -46.1064911 168.063004
v 662.432007 -31.0366783 77.610054
v 675.086121 -35.7531929 56.3284454
v 662.432007 -46.1064911 77.610054
v 675.086121 -35.7531929 56.3284454
v 662.432007 -31.0366783 77.610054
v 675.086121 -16.335104 56.3284454
v 728.002625 -17.3704033 85.0874405
v 675.086121 -35.7531929 56.3284454
v 675.086121 -16.335104 56.3284454
v 675.086121 -35.7531929 56.3284454
v 728.002625 -17.3704033 85.0874405
v 728.002625 -35.7531929 85.0874405
v 729.152954 -19.8552608 114.996887
v 728.002625 -35.7531929 85.0874405
v 728.002625 -17.3704033 85.0874405
v 728.002625 -35.7531929 85.0874405
v 729.152954 -19.8552608 114.996887
v 729.152954 -46.1064911 114.996887
v 729.152954 -19.8552608 114.996887
v 766.608826 -46.1064911 146.217621
v 729.152954 -46.1064911 114.996887
v 766.608826 -46.1064911 146.217621
v 729.152954 -19.8552608 114.996887
v 766.838806 -19.8552608 146.401794
v 766.608826 -46.1064911 146.217621
v 736.515259 -19.8552608 168.063004
v 736.515259 -46.1064911 168.063004
v 736.515259 -19.8552608 168.063004
v 766.608826 -46.1064911 146.217621
v 766.838806 -19.8552608 146.401703
v 527.839783 -35.7531929 85.0873413
v 580.756409 -35.7531929 56.3284454
v 593.410339 -46.1064911 77.610054
v 593.410339 -46.1064911 77.610054
v 526.689392 -46.1064911 114.99678
v 527.839783 -35.7531929 85.0873413
v 593.410339 -46.1064911 77.610054
v 601.497314 -46.1064911 106.978737
v 526.689392 -46.1064911 114.99678
v 601.497314 -46.1064911 106.978737
v 519.327087 -46.1064911 168.062912
v 526.689392 -46.1064911 114.99678
v 526.689392 -46.1064911 114.99678
v 519.327087 -46.1064911 168.062912
v 489.233551 -46.1064911 146.217529
v 593.410339 -31.0366783 77.610054
v 593.410339 -46.1064911 77.610054
v 580.756409 -35.7531929 56.3284454
v 580.756409 -35.7531929 56.3284454
v 580.756409 -16.335104 56.3284454
v 593.410339 -31.0366783 77.610054
v 527.839783 -17.3704033 85.0873413
v 580.756409 -16.335104 56.3284454
v 580.756409 -35.7531929 56.3284454
v 580.756409 -35.7531929 56.3284454
v 527.839783 -35.7531929 85.0873413
v 527.839783 -17.3704033 85.0873413
v 526.689392 -19.8552608 114.99678
v 527.839783 -17.3704033 85.0873413
v 527.839783 -35.7531929 85.0873413
v 527.839783 -35.7531929 85.0873413
v 526.689392 -46.1064911 114.99678
v 526.689392 -19.8552608 114.99678
v 526.689392 -19.8552608 114.99678
v 526.689392 -46.1064911 114.99678
v 489.233551 -46.1064911 146.217529
v 489.233551 -46.1064911 146.217529
v 489.003479 -19.8552608 146.401703
v 526.689392 -19.8552608 114.99678
v 489.233551 -46.1064911 146.217529
v 519.327087 -46.1064911 168.062912
v 519.327087 -19.8552608 168.062912
v 519.327087 -19.8552608 168.062912
v 489.003479 -19.8552608 146.401596
v 489.233551 -46.1064911 146.217529
v 720.513855 33.6595879 77.4835587
v 793.251038 28.4829903 147.724655
v 743.934998 26.7574234 72.4334641
v 793.251038 28.4829903 147.724655
v 720.513855 33.6595879 77.4835587
v 774.64978 35.3851509 162.725342
v 719.259888 35.3851509 207.428406
v 774.64978 35.3851509 162.725342
v 720.513855 33.6595879 77.4835587
v 535.328491 33.6595879 77.4834595
v 719.259888 35.3851509 207.428406
v 720.513855 33.6595879 77.4835587
v 719.259888 35.3851509 207.428406
v 535.328491 33.6595879 77.4834595
v 536.582458 35.3851509 207.428284
v 535.328491 33.6595879 77.4834595
v 481.192627 35.3851509 162.72525
v 536.582458 35.3851509 207.428284
v 535.328491 33.6595879 77.4834595
v 462.591187 28.4829903 147.724457
v 481.192627 35.3851509 162.72525
v 736.055237 26.7574234 21.8175316
v 720.513855 33.6595879 77.4835587
v 743.934998 26.7574234 72.4334641
v 720.513855 33.6595879 77.4835587
v 736.055237 26.7574234 21.8175316
v 715.509705 33.6595879 10.8891144
v 720.513855 33.6595879 77.4835587
v 715.509705 33.6595879 10.8891144
v 627.921143 33.6595879 -35.7005615
v 627.921143 33.6595879 -35.7005615
v 535.328491 33.6595879 77.4834595
v 720.513855 33.6595879 77.4835587
v 535.328491 33.6595879 77.4834595
v 627.921143 33.6595879 -35.7005615
v 540.332825 33.6595879 10.8891144
v 519.787292 26.7574234 21.8175316
v 535.328491 33.6595879 77.4834595
v 540.332825 33.6595879 10.8891144
v 535.328491 33.6595879 77.4834595
v 519.787292 26.7574234 21.8175316
v 511.907257 26.7574234 72.4334641
v 462.591187 28.4829903 147.724457
v 535.328491 33.6595879 77.4834595
v 511.907257 26.7574234 72.4334641
v 743.934998 26.7574234 72.4334641
v 736.055237 11.9408064 21.8175316
v 736.055237 26.7574234 21.8175316
v 736.055237 11.9408064 21.8175316
v 743.934998 26.7574234 72.4334641
v 743.934998 6.03938055 72.4334641
v 793.251038 28.4829903 147.724655
v 743.934998 6.03938055 72.4334641
v 743.934998 26.7574234 72.4334641
v 743.934998 6.03938055 72.4334641
v 793.251038 28.4829903 147.724655
v 793.251038 -4.21032429 147.724564
v 519.787292 11.9408064 21.8175316
v 511.907257 26.7574234 72.4334641
v 519.787292 26.7574234 21.8175316
v 511.907257 26.7574234 72.4334641
v 519.787292 11.9408064 21.8175316
v 511.907257 6.03938055 72.4334641
v 511.907257 6.03938055 72.4334641
v 462.591187 28.4829903 147.724457
v 511.907257 26.7574234 72.4334641
v 462.591187 28.4829903 147.724457
v 511.907257 6.03938055 72.4334641
v 462.591187 -4.21032429 147.724457
v 519.787292 26.7574234 21.8175316
v 540.194641 -10.8018188 10.9581413
v 519.787292 11.9408064 21.8175316
v 540.194641 -10.8018188 10.9581413
v 519.787292 26.7574234 21.8175316
v 540.332825 33.6595879 10.8891144
v 540.332825 33.6595879 10.8891144
v 627.921143 -9.2028513 -35.7005615
v 540.194641 -10.8018188 10.9581413
v 627.921143 -9.2028513 -35.7005615
v 540.332825 33.6595879 10.8891144
v 627.921143 33.6595879 -35.7005615
v 715.509705 33.6595879 10.8891144
v 627.921143 -9.2028513 -35.7005615
v 627.921143 33.6595879 -35.7005615
v 627.921143 -9.2028513 -35.7005615
v 715.509705 33.6595879 10.8891144
v 715.647827 -10.8018188 10.9581413
v 736.055237 26.7574234 21.8175316
v 715.647827 -10.8018188 10.9581413
v 715.509705 33.6595879 10.8891144
v 715.647827 -10.8018188 10.9581413
v 736.055237 26.7574234 21.8175316
v 736.055237 11.9408064 21.8175316
v 793.251038 28.4829903 147.724655
v 774.971863 1.51848578 162.472244
v 793.251038 -4.21032429 147.724564
v 774.971863 1.51848578 162.472244
v 793.251038 28.4829903 147.724655
v 774.64978 35.3851509 162.725342
v 774.64978 35.3851509 162.725342
v 719.259888 5.28018713 207.428284
v 774.971863 1.51848578 162.472244
v 719.259888 5.28018713 207.428284
v 774.64978 35.3851509 162.725342
v 719.259888 35.3851509 207.428406
v 519.787292 11.9408064 21.8175316
v 535.02948 -17.0828419 72.6635513
v 511.907166 6.03938055 72.4334641
v 535.02948 -17.0828419 72.6635513
v 519.787292 11.9408064 21.8175316
v 540.194641 -10.8018188 10.9581413
v 572.979858 -17.0828419 73.0431442
v 535.02948 -17.0828419 72.6635513
v 540.194641 -10.8018188 10.9581413
v 572.979858 -17.0828419 73.0431442
v 480.594391 -27.3325462 162.242065
v 535.02948 -17.0828419 72.6635513
v 462.591187 -4.21032429 147.724457
v 535.02948 -17.0828419 72.6635513
v 480.594391 -27.3325462 162.242065
v 535.02948 -17.0828419 72.6635513
v 462.591187 -4.21032429 147.724457
v 511.907166 6.03938055 72.4334641
v 572.979858 -17.0828419 73.0431442
v 540.194641 -10.8018188 10.9581413
v 627.921143 -9.2028513 -35.7005615
v 627.921143 -17.0828419 73.5838089
v 572.979858 -17.0828419 73.0431442
v 627.921143 -9.2028513 -35.7005615
v 682.862366 -17.0828419 73.0431442
v 627.921143 -17.0828419 73.5838089
v 627.921143 -9.2028513 -35.7005615
v 627.921143 -9.2028513 -35.7005615
v 715.647827 -10.8018188 10.9581413
v 682.862366 -17.0828419 73.0431442
v 720.812866 -17.0828419 72.6635513
v 682.862366 -17.0828419 73.0431442
v 715.647827 -10.8018188 10.9581413
v 775.247986 -27.3325462 162.242157
v 682.862366 -17.0828419 73.0431442
v 720.812866 -17.0828419 72.6635513
v 720.812866 -17.0828419 72.6635513
v 793.251038 -4.21032429 147.724564
v 775.247986 -27.3325462 162.242157
v 793.251038 -4.21032429 147.724564
v 720.812866 -17.0828419 72.6635513
v 743.935059 6.03938055 72.4334641
v 720.812866 -17.0828419 72.6635513
v 736.055237 11.9408064 21.8175316
v 743.935059 6.03938055 72.4334641
v 736.055237 11.9408064 21.8175316
v 720.812866 -17.0828419 72.6635513
v 715.647827 -10.8018188 10.9581413
v -718.213562 -45.6693192 131.780121
v -718.213562 -48.775322 131.780121
v -713.404968 -53.3767929 139.142456
v -707.722351 -45.6693192 147.873672
v -718.213562 -45.6693192 131.780121
v -713.404968 -53.3767929 139.142456
v -707.722351 -45.6693192 147.873672
v -713.404968 -53.3767929 139.142456
v -707.722351 -53.3767929 147.873672
v -694.61969 -53.3767929 139.326523
v -700.302429 -53.3767929 130.606766
v -694.61969 -45.6693192 139.326523
v -700.302429 -53.3767929 130.606766
v -705.11084 -45.6693192 123.232971
v -694.61969 -45.6693192 139.326523
v -705.11084 -45.6693192 123.232971
v -700.302429 -53.3767929 130.606766
v -705.11084 -48.775322 123.232971
v -697.207825 -45.6693192 118.079376
v -697.207825 -48.775322 118.079376
v -692.399536 -53.3767929 125.453178
v -686.716614 -45.6693192 134.172836
v -697.207825 -45.6693192 118.079376
v -692.399536 -53.3767929 125.453178
v -686.716614 -45.6693192 134.172836
v -692.399536 -53.3767929 125.453178
v -686.716614 -53.3767929 134.172836
v -673.602539 -53.3767929 125.625694
v -679.296814 -53.3767929 116.905922
v -673.602539 -45.6693192 125.625694
v -679.296814 -53.3767929 116.905922
v -684.09375 -45.6693192 109.532135
v -673.602539 -45.6693192 125.625694
v -684.09375 -45.6693192 109.532135
v -679.296814 -53.3767929 116.905922
v -684.09375 -48.775322 109.532135
v -739.322632 -45.6693192 145.526962
v -739.322632 -48.775322 145.526962
v -734.514099 -53.3767929 152.900757
v -728.831421 -45.6693192 161.620422
v -739.322632 -45.6693192 145.526962
v -734.514099 -53.3767929 152.900757
v -728.831421 -45.6693192 161.620422
v -734.514099 -53.3767929 152.900757
v -728.831421 -53.3767929 161.620422
v -715.717163 -53.3767929 153.084839
v -721.411499 -53.3767929 144.365067
v -715.717163 -45.6693192 153.084839
v -721.411499 -53.3767929 144.365067
v -726.208496 -45.6693192 136.991272
v -715.717163 -45.6693192 153.084839
v -726.208496 -45.6693192 136.991272
v -721.411499 -53.3767929 144.365067
v -726.208496 -48.775322 136.991272
v -739.322632 -48.775322 145.526962
v -739.322632 -45.6693192 145.526962
v -726.208496 -45.6693192 136.991272
v -726.208496 -45.6693192 136.991272
v -726.208496 -48.775322 136.991272
v -739.322632 -48.775322 145.526962
v -739.322632 -48.775322 145.526962
v -726.208496 -48.775322 136.991272
v -721.411499 -53.3767929 144.365067
v -721.411499 -53.3767929 144.365067
v -734.514099 -53.3767929 152.900757
v -739.322632 -48.775322 145.526962
v -734.514099 -53.3767929 152.900757
v -721.411499 -53.3767929 144.365067
v -715.717163 -53.3767929 153.084839
v -715.717163 -53.3767929 153.084839
v -728.831421 -53.3767929 161.620422
v -734.514099 -53.3767929 152.900757
v -697.207825 -48.775322 118.079376
v -697.207825 -45.6693192 118.079376
v -684.09375 -45.6693192 109.532135
v -684.09375 -45.6693192 109.532135
v -684.09375 -48.775322 109.532135
v -697.207825 -48.775322 118.079376
v -697.207825 -48.775322 118.079376
v -684.09375 -48.775322 109.532135
v -679.296814 -53.3767929 116.905922
v -679.296814 -53.3767929 116.905922
v -692.399536 -53.3767929 125.453178
v -697.207825 -48.775322 118.079376
v -692.399536 -53.3767929 125.453178
v -679.296814 -53.3767929 116.905922
v -673.602539 -53.3767929 125.625694
v -673.602539 -53.3767929 125.625694
v -686.716614 -53.3767929 134.172836
v -692.399536 -53.3767929 125.453178
v -718.213562 -48.775322 131.780121
v -718.213562 -45.6693192 131.780121
v -705.11084 -45.6693192 123.232971
v -705.11084 -45.6693192 123.232971
v -705.11084 -48.775322 123.232971
v -718.213562 -48.775322 131.780121
v -718.213562 -48.775322 131.780121
v -705.11084 -48.775322 123.232971
v -700.302429 -53.3767929 130.606766
v -700.302429 -53.3767929 130.606766
v -713.404968 -53.3767929 139.142456
v -718.213562 -48.775322 131.780121
v -713.404968 -53.3767929 139.142456
v -700.302429 -53.3767929 130.606766
v -694.61969 -53.3767929 139.326523
v -694.61969 -53.3767929 139.326523
v -707.722351 -53.3767929 147.873672
v -713.404968 -53.3767929 139.142456
v -537.629761 -45.6693192 131.780212
v -542.438354 -53.3767929 139.142456
v -537.629761 -48.775322 131.780212
v -548.121033 -45.6693192 147.873672
v -542.438354 -53.3767929 139.142456
v -537.629761 -45.6693192 131.780212
v -548.121033 -45.6693192 147.873672
v -548.121033 -53.3767929 147.873672
v -542.438354 -53.3767929 139.142456
v -561.223633 -53.3767929 139.326614
v -561.223633 -45.6693192 139.326614
v -555.540833 -53.3767929 130.606857
v -555.540833 -53.3767929 130.606857
v -561.223633 -45.6693192 139.326614
v -550.732422 -45.6693192 123.232971
v -550.732422 -45.6693192 123.232971
v -550.732422 -48.775322 123.232971
v -555.540833 -53.3767929 130.606857
v -558.635376 -45.6693192 118.079376
v -563.443848 -53.3767929 125.453178
v -558.635376 -48.775322 118.079376
v -569.126648 -45.6693192 134.172928
v -563.443848 -53.3767929 125.453178
v -558.635376 -45.6693192 118.079376
v -569.126648 -45.6693192 134.172928
v -569.126648 -53.3767929 134.172928
v -563.443848 -53.3767929 125.453178
v -582.240723 -53.3767929 125.625694
v -582.240723 -45.6693192 125.625694
v -576.546448 -53.3767929 116.906029
v -576.546448 -53.3767929 116.906029
v -582.240723 -45.6693192 125.625694
v -571.749573 -45.6693192 109.532227
v -571.749573 -45.6693192 109.532227
v -571.749573 -48.775322 109.532227
v -576.546448 -53.3767929 116.906029
v -516.52063 -45.6693192 145.527069
v -521.329102 -53.3767929 152.900757
v -516.52063 -48.775322 145.527069
v -527.011902 -45.6693192 161.620529
v -521.329102 -53.3767929 152.900757
v -516.52063 -45.6693192 145.527069
v -527.011902 -45.6693192 161.620529
v -527.011902 -53.3767929 161.620529
v -521.329102 -53.3767929 152.900757
v -540.126099 -53.3767929 153.08493
v -540.126099 -45.6693192 153.08493
v -534.431763 -53.3767929 144.365158
v -534.431763 -53.3767929 144.365158
v -540.126099 -45.6693192 153.08493
v -529.634766 -45.6693192 136.991272
v -529.634766 -45.6693192 136.991272
v -529.634766 -48.775322 136.991272
v -534.431763 -53.3767929 144.365158
v -516.52063 -48.775322 145.527069
v -529.634766 -45.6693192 136.991272
v -516.52063 -45.6693192 145.527069
v -529.634766 -45.6693192 136.991272
v -516.52063 -48.775322 145.527069
v -529.634766 -48.775322 136.991272
v -516.52063 -48.775322 145.527069
v -534.431763 -53.3767929 144.365158
v -529.634766 -48.775322 136.991272
v -534.431763 -53.3767929 144.365158
v -516.52063 -48.775322 145.527069
v -521.329102 -53.3767929 152.900757
v -521.329102 -53.3767929 152.900757
v -540.126099 -53.3767929 153.08493
v -534.431763 -53.3767929 144.365158
v -540.126099 -53.3767929 153.08493
v -521.329102 -53.3767929 152.900757
v -527.011902 -53.3767929 161.620529
v -558.635376 -48.775322 118.079376
v -571.749573 -45.6693192 109.532227
v -558.635376 -45.6693192 118.079376
v -571.749573 -45.6693192 109.532227
v -558.635376 -48.775322 118.079376
v -571.749573 -48.775322 109.532227
v -558.635376 -48.775322 118.079376
v -576.546448 -53.3767929 116.906029
v -571.749573 -48.775322 109.532227
v -576.546448 -53.3767929 116.906029
v -558.635376 -48.775322 118.079376
v -563.443848 -53.3767929 125.453178
v -563.443848 -53.3767929 125.453178
v -582.240723 -53.3767929 125.625694
v -576.546448 -53.3767929 116.906029
v -582.240723 -53.3767929 125.625694
v -563.443848 -53.3767929 125.453178
v -569.126648 -53.3767929 134.172928
v -537.629761 -48.775322 131.780212
v -550.732422 -45.6693192 123.232971
v -537.629761 -45.6693192 131.780212
v -550.732422 -45.6693192 123.232971
v -537.629761 -48.775322 131.780212
v -550.732422 -48.775322 123.232971
v -537.629761 -48.775322 131.780212
v -555.540833 -53.3767929 130.606857
v -550.732422 -48.775322 123.232971
v -555.540833 -53.3767929 130.606857
v -537.629761 -48.775322 131.780212
v -542.438354 -53.3767929 139.142456
v -542.438354 -53.3767929 139.142456
v -561.223633 -53.3767929 139.326614
v -555.540833 -53.3767929 130.606857
v -561.223633 -53.3767929 139.326614
v -542.438354 -53.3767929 139.142456
v -548.121033 -53.3767929 147.873672
v -695.988525 -30.6686325 57.0412254
v -702.92511 -32.4286613 80.4970245
v -702.92511 -6.32694197 80.4970245
v -702.92511 -6.32694197 80.4970245
v -695.988525 -6.32694197 57.0412254
v -695.988525 -30.6686325 57.0412254
v -686.590088 -18.8774338 25.2681694
v -695.988525 -30.6686325 57.0412254
v -695.988525 -6.32694197 57.0412254
v -695.988525 -6.32694197 57.0412254
v -686.590088 -6.32694197 25.2681694
v -686.590088 -18.8774338 25.2681694
v -627.92157 -6.32694197 1.11064637
v -569.253174 -6.32694197 25.2682667
v -569.253174 -18.8774338 25.2682667
v -569.253174 -18.8774338 25.2682667
v -627.92157 -18.8774338 1.11064637
v -627.92157 -6.32694197 1.11064637
v -686.590088 -6.32694197 25.2681694
v -627.92157 -6.32694197 1.11064637
v -627.92157 -18.8774338 1.11064637
v -627.92157 -18.8774338 1.11064637
v -686.590088 -18.8774338 25.2681694
v -686.590088 -6.32694197 25.2681694
v -552.918152 -6.32694197 80.4970245
v -552.918152 -32.4286613 80.4970245
v -559.854614 -30.6686325 57.0412254
v -559.854614 -30.6686325 57.0412254
v -559.854614 -6.32694197 57.0412254
v -552.918152 -6.32694197 80.4970245
v -559.854614 -6.32694197 57.0412254
v -559.854614 -30.6686325 57.0412254
v -569.253174 -18.8774338 25.2681694
v -569.253174 -18.8774338 25.2681694
v -569.253174 -6.32694197 25.2681694
v -559.854614 -6.32694197 57.0412254
v -559.854736 -30.6686325 57.0412254
v -552.918152 -32.4286613 80.4970245
v -627.921692 -32.2101288 68.9014511
v -627.921692 -32.2101288 68.9014511
v -627.92157 -30.2659283 35.1612854
v -559.854736 -30.6686325 57.0412254
v -695.988525 -30.6686325 57.0412254
v -627.92157 -30.2659283 35.1612854
v -627.921692 -32.2101288 68.9014511
v -627.921692 -32.2101288 68.9014511
v -702.92511 -32.4286613 80.4970245
v -695.988525 -30.6686325 57.0412254
v -569.253174 -18.8774338 25.2682667
v -559.854736 -30.6686325 57.0412254
v -627.92157 -30.2659283 35.1612854
v -627.92157 -30.2659283 35.1612854
v -627.92157 -18.8774338 1.11064637
v -569.253174 -18.8774338 25.2682667
v -686.590088 -18.8774338 25.2681694
v -627.92157 -18.8774338 1.11064637
v -627.92157 -30.2659283 35.1612854
v -627.92157 -30.2659283 35.1612854
v -695.988525 -30.6686325 57.0412254
v -686.590088 -18.8774338 25.2681694
v -662.432495 50.4778748 77.6096649
v -675.086487 40.1246796 56.3279495
v -728.003113 40.1246796 85.0869446
v -728.003113 40.1246796 85.0869446
v -729.153442 50.4778748 114.996391
v -662.432495 50.4778748 77.6096649
v -729.153442 50.4778748 114.996391
v -654.345459 50.4778748 106.978348
v -662.432495 50.4778748 77.6096649
v -729.153442 50.4778748 114.996391
v -736.515747 50.4778748 168.062515
v -654.345459 50.4778748 106.978348
v -766.609192 50.4778748 146.217133
v -736.515747 50.4778748 168.062515
v -729.153442 50.4778748 114.996391
v -736.515747 24.2266483 168.062515
v -736.515747 50.4778748 168.062515
v -766.609192 50.4778748 146.217133
v -766.609192 50.4778748 146.217133
v -766.839294 24.2266483 146.401215
v -736.515747 24.2266483 168.062515
v -729.153442 24.2266483 114.996391
v -766.839294 24.2266483 146.401306
v -766.609192 50.4778748 146.217133
v -766.609192 50.4778748 146.217133
v -729.153442 50.4778748 114.996391
v -729.153442 24.2266483 114.996391
v -729.153442 24.2266483 114.996391
v -729.153442 50.4778748 114.996391
v -728.003113 40.1246796 85.0869446
v -728.003113 40.1246796 85.0869446
v -728.003113 21.741888 85.0869446
v -729.153442 24.2266483 114.996391
v -728.003113 21.741888 85.0869446
v -728.003113 40.1246796 85.0869446
v -675.086487 40.1246796 56.3279495
v -675.086487 40.1246796 56.3279495
v -675.086487 20.7064896 56.3279495
v -728.003113 21.741888 85.0869446
v -662.432495 35.4081612 77.6096649
v -675.086487 20.7064896 56.3279495
v -675.086487 40.1246796 56.3279495
v -675.086487 40.1246796 56.3279495
v -662.432495 50.4778748 77.6096649
v -662.432495 35.4081612 77.6096649
v -684.576965 -57.3570328 126.212372
v -739.79425 -57.3570328 169.063354
v -739.79425 -36.4319077 169.063354
v -739.79425 -36.4319077 169.063354
v -684.576965 -36.4319077 126.212372
v -684.576965 -57.3570328 126.212372
v -668.471863 -51.0299911 75.5964355
v -684.576965 -57.3570328 126.212372
v -684.576965 -36.4319077 126.212372
v -684.576965 -36.4319077 126.212372
v -668.471863 -31.324337 75.5964355
v -668.471863 -51.0299911 75.5964355
v -639.712769 -45.2781715 60.4117775
v -668.471863 -51.0299911 75.5964355
v -668.471863 -31.324337 75.5964355
v -668.471863 -31.324337 75.5964355
v -639.712769 -30.1739922 60.4117775
v -639.712769 -45.2781715 60.4117775
v -639.712769 -45.2781715 60.4117775
v -639.712769 -30.1739922 60.4117775
v -616.130371 -30.1739922 60.4117775
v -616.130371 -30.1739922 60.4117775
v -616.130371 -45.2781715 60.4117775
v -639.712769 -45.2781715 60.4117775
v -616.130371 -45.2781715 60.4117775
v -616.130371 -30.1739922 60.4117775
v -587.37146 -31.324337 75.5965347
v -587.37146 -31.324337 75.5965347
v -587.37146 -51.0299911 75.5965347
v -616.130371 -45.2781715 60.4117775
v -587.37146 -51.0299911 75.5965347
v -587.37146 -31.324337 75.5965347
v -571.266235 -36.4319077 126.212372
v -571.266235 -36.4319077 126.212372
v -571.266235 -57.3570328 126.212372
v -587.37146 -51.0299911 75.5965347
v -516.049072 -57.3570328 169.063354
v -571.266235 -57.3570328 126.212372
v -571.266235 -36.4319077 126.212372
v -571.266235 -36.4319077 126.212372
v -516.049072 -36.4319077 169.063354
v -516.049072 -57.3570328 169.063354
v -668.471863 -51.0299911 75.5965347
v -639.712769 -45.2781715 60.4117775
v -616.130371 -45.2781715 60.4117775
v -616.130371 -45.2781715 60.4117775
v -587.37146 -51.0299911 75.5965347
v -668.471863 -51.0299911 75.5965347
v -684.576904 -57.3570328 126.212372
v -668.471863 -51.0299911 75.5965347
v -587.37146 -51.0299911 75.5965347
v -587.37146 -51.0299911 75.5965347
v -571.266357 -57.3570328 126.212463
v -684.576904 -57.3570328 126.212372
v -739.79425 -57.3570328 169.063354
v -684.576904 -57.3570328 126.212372
v -571.266357 -57.3570328 126.212463
v -571.266357 -57.3570328 126.212463
v -516.049072 -57.3570328 169.063354
v -739.79425 -57.3570328 169.063354
v -739.79425 -57.3570328 169.063354
v -516.049072 -57.3570328 169.063354
v -516.049072 -57.3570328 249.876373
v -516.049072 -57.3570328 249.876373
v -739.79425 -57.3570328 249.876282
v -739.79425 -57.3570328 169.063354
v -739.79425 40.8032951 169.063354
v -739.79425 61.7284203 169.063354
v -684.576904 61.7284203 126.212372
v -684.576904 61.7284203 126.212372
v -684.576904 40.8032951 126.212372
v -739.79425 40.8032951 169.063354
v -684.576904 40.8032951 126.212372
v -684.576904 61.7284203 126.212372
v -668.471863 55.4014778 75.5965347
v -668.471863 55.4014778 75.5965347
v -668.471863 35.6957245 75.5965347
v -684.576904 40.8032951 126.212372
v -668.471863 35.6957245 75.5965347
v -668.471863 55.4014778 75.5965347
v -639.712769 49.6496582 60.4117775
v -639.712769 49.6496582 60.4117775
v -639.712769 34.5453796 60.4117775
v -668.471863 35.6957245 75.5965347
v -616.130371 34.5453796 60.4117775
v -639.712769 34.5453796 60.4117775
v -639.712769 49.6496582 60.4117775
v -639.712769 49.6496582 60.4117775
v -616.130371 49.6496582 60.4117775
v -616.130371 34.5453796 60.4117775
v -587.37146 35.6957245 75.5965347
v -616.130371 34.5453796 60.4117775
v -616.130371 49.6496582 60.4117775
v -616.130371 49.6496582 60.4117775
v -587.37146 55.4014778 75.5965347
v -587.37146 35.6957245 75.5965347
v -571.266357 40.8032951 126.212463
v -587.37146 35.6957245 75.5965347
v -587.37146 55.4014778 75.5965347
v -587.37146 55.4014778 75.5965347
v -571.266357 61.7284203 126.212463
v -571.266357 40.8032951 126.212463
v -571.266357 40.8032951 126.212463
v -571.266357 61.7284203 126.212463
v -516.049072 61.7284203 169.063446
v -516.049072 61.7284203 169.063446
v -516.049072 40.8032951 169.063446
v -571.266357 40.8032951 126.212463
v -616.130371 49.6496582 60.4117775
v -639.712769 49.6496582 60.4117775
v -668.471863 55.4014778 75.5965347
v -668.471863 55.4014778 75.5965347
v -587.37146 55.4014778 75.5965347
v -616.130371 49.6496582 60.4117775
v -587.37146 55.4014778 75.5965347
v -668.471863 55.4014778 75.5965347
v -684.576965 61.7284203 126.212372
v -684.576965 61.7284203 126.212372
v -571.266235 61.7284203 126.212372
v -587.37146 55.4014778 75.5965347
v -516.049072 61.7284203 169.063446
v -571.266235 61.7284203 126.212372
v -684.576965 61.7284203 126.212372
v -684.576965 61.7284203 126.212372
v -739.79425 61.7284203 169.063354
v -516.049072 61.7284203 169.063446
v -516.049072 61.7284203 249.876373
v -516.049072 61.7284203 169.063446
v -739.79425 61.7284203 169.063354
v -739.79425 61.7284203 169.063354
v -739.79425 61.7284203 249.876373
v -516.049072 61.7284203 249.876373
v -570.403625 44.7950859 117.297173
v -570.403625 67.8713837 117.297173
v -526.68988 67.8712845 223.130402
v -526.68988 67.8712845 223.130402
v -526.68988 17.9801884 223.130402
v -570.403625 44.7950859 117.297173
v -729.153564 67.8712845 223.130402
v -685.439758 67.8713837 117.297081
v -685.439758 44.7950859 117.297081
v -685.439758 44.7950859 117.297081
v -729.153564 17.9801884 223.130402
v -729.153564 67.8712845 223.130402
v -526.68988 67.8712845 223.130402
v -570.403625 67.8713837 117.297173
v -685.439758 67.8713837 117.297081
v -685.439758 67.8713837 117.297081
v -729.153564 67.8712845 223.130402
v -526.68988 67.8712845 223.130402
v -685.439758 67.8713837 117.297081
v -570.403625 67.8713837 117.297173
v -570.403625 44.7950859 117.297173
v -570.403625 44.7950859 117.297173
v -685.439758 44.7950859 117.297081
v -685.439758 67.8713837 117.297081
v -728.003113 -35.7531929 85.0869446
v -675.086487 -35.7531929 56.3279495
v -662.432495 -46.1064911 77.6096649
v -662.432495 -46.1064911 77.6096649
v -729.153442 -46.1064911 114.996391
v -728.003113 -35.7531929 85.0869446
v -662.432495 -46.1064911 77.6096649
v -654.345459 -46.1064911 106.978348
v -729.153442 -46.1064911 114.996391
v -654.345459 -46.1064911 106.978348
v -736.515747 -46.1064911 168.062515
v -729.153442 -46.1064911 114.996391
v -729.153442 -46.1064911 114.996391
v -736.515747 -46.1064911 168.062515
v -766.609192 -46.1064911 146.217133
v -662.432495 -31.0366783 77.6096649
v -662.432495 -46.1064911 77.6096649
v -675.086487 -35.7531929 56.3279495
v -675.086487 -35.7531929 56.3279495
v -675.086487 -16.335104 56.3279495
v -662.432495 -31.0366783 77.6096649
v -728.003113 -17.3704033 85.0869446
v -675.086487 -16.335104 56.3279495
v -675.086487 -35.7531929 56.3279495
v -675.086487 -35.7531929 56.3279495
v -728.003113 -35.7531929 85.0869446
v -728.003113 -17.3704033 85.0869446
v -729.153442 -19.8552608 114.996391
v -728.003113 -17.3704033 85.0869446
v -728.003113 -35.7531929 85.0869446
v -728.003113 -35.7531929 85.0869446
v -729.153442 -46.1064911 114.996391
v -729.153442 -19.8552608 114.996391
v -729.153442 -19.8552608 114.996391
v -729.153442 -46.1064911 114.996391
v -766.609192 -46.1064911 146.217133
v -766.609192 -46.1064911 146.217133
v -766.839294 -19.8552608 146.401306
v -729.153442 -19.8552608 114.996391
v -766.609192 -46.1064911 146.217133
v -736.515747 -46.1064911 168.062515
v -736.515747 -19.8552608 168.062515
v -736.515747 -19.8552608 168.062515
v -766.839294 -19.8552608 146.401215
v -766.609192 -46.1064911 146.217133
v -527.840149 -35.7531929 85.0870514
v -593.410767 -46.1064911 77.6096649
v -580.756775 -35.7531929 56.3280487
v -593.410767 -46.1064911 77.6096649
v -527.840149 -35.7531929 85.0870514
v -526.689819 -46.1064911 114.996391
v -593.410767 -46.1064911 77.6096649
v -526.689819 -46.1064911 114.996391
v -601.497803 -46.1064911 106.978348
v -601.497803 -46.1064911 106.978348
v -526.689819 -46.1064911 114.996391
v -519.327576 -46.1064911 168.062515
v -526.689819 -46.1064911 114.996391
v -489.23407 -46.1064911 146.217239
v -519.327576 -46.1064911 168.062515
v -593.410767 -31.0366783 77.6096649
v -580.756775 -35.7531929 56.3280487
v -593.410767 -46.1064911 77.6096649
v -580.756775 -35.7531929 56.3280487
v -593.410767 -31.0366783 77.6096649
v -580.756775 -16.335104 56.3280487
v -527.840149 -17.3704033 85.0870514
v -580.756775 -35.7531929 56.3280487
v -580.756775 -16.335104 56.3280487
v -580.756775 -35.7531929 56.3280487
v -527.840149 -17.3704033 85.0870514
v -527.840149 -35.7531929 85.0870514
v -526.689819 -19.8552608 114.996391
v -527.840149 -35.7531929 85.0870514
v -527.840149 -17.3704033 85.0870514
v -527.840149 -35.7531929 85.0870514
v -526.689819 -19.8552608 114.996391
v -526.689819 -46.1064911 114.996391
v -526.689819 -19.8552608 114.996391
v -489.23407 -46.1064911 146.217239
v -526.689819 -46.1064911 114.996391
v -489.23407 -46.1064911 146.217239
v -526.689819 -19.8552608 114.996391
v -489.003998 -19.8552608 146.401413
v -489.23407 -46.1064911 146.217239
v -519.327576 -19.8552608 168.062515
v -519.327576 -46.1064911 168.062515
v -519.327576 -19.8552608 168.062515
v -489.23407 -46.1064911 146.217239
v -489.003998 -19.8552608 146.401306
v -720.514221 33.6595879 77.4830627
v -743.935486 26.7574234 72.4329681
v -793.251587 28.4829903 147.724167
v -793.251587 28.4829903 147.724167
v -774.650208 35.3851509 162.724854
v -720.514221 33.6595879 77.4830627
v -719.260437 35.3851509 207.427917
v -720.514221 33.6595879 77.4830627
v -774.650208 35.3851509 162.724854
v -535.329041 33.6595879 77.4831696
v -720.514221 33.6595879 77.4830627
v -719.260437 35.3851509 207.427917
v -719.260437 35.3851509 207.427917
v -536.582886 35.3851509 207.427917
v -535.329041 33.6595879 77.4831696
v -535.329041 33.6595879 77.4831696
v -536.582886 35.3851509 207.427917
v -481.192993 35.3851509 162.72496
v -535.329041 33.6595879 77.4831696
v -481.192993 35.3851509 162.72496
v -462.591705 28.4829903 147.724167
v -736.055603 26.7574234 21.8171368
v -743.935486 26.7574234 72.4329681
v -720.514221 33.6595879 77.4830627
v -720.514221 33.6595879 77.4830627
v -715.510071 33.6595879 10.8886204
v -736.055603 26.7574234 21.8171368
v -720.514221 33.6595879 77.4830627
v -627.92157 33.6595879 -35.7008591
v -715.510071 33.6595879 10.8886204
v -627.92157 33.6595879 -35.7008591
v -720.514221 33.6595879 77.4830627
v -535.329041 33.6595879 77.4831696
v -535.329041 33.6595879 77.4831696
v -540.333191 33.6595879 10.8887196
v -627.92157 33.6595879 -35.7008591
v -519.787659 26.7574234 21.8171368
v -540.333191 33.6595879 10.8887196
v -535.329041 33.6595879 77.4831696
v -535.329041 33.6595879 77.4831696
v -511.907776 26.7574234 72.4330673
v -519.787659 26.7574234 21.8171368
v -462.591705 28.4829903 147.724167
v -511.907776 26.7574234 72.4330673
v -535.329041 33.6595879 77.4831696
v -743.935486 26.7574234 72.4329681
v -736.055603 26.7574234 21.8171368
v -736.055603 11.9408064 21.8171368
v -736.055603 11.9408064 21.8171368
v -743.935486 6.03938055 72.4329681
v -743.935486 26.7574234 72.4329681
v -793.251587 28.4829903 147.724167
v -743.935486 26.7574234 72.4329681
v -743.935486 6.03938055 72.4329681
v -743.935486 6.03938055 72.4329681
v -793.251587 -4.21032429 147.724075
v -793.251587 28.4829903 147.724167
v -519.787659 11.9408064 21.8171368
v -519.787659 26.7574234 21.8171368
v -511.907776 26.7574234 72.4330673
v -511.907776 26.7574234 72.4330673
v -511.907776 6.03938055 72.4330673
v -519.787659 11.9408064 21.8171368
v -511.907776 6.03938055 72.4330673
v -511.907776 26.7574234 72.4330673
v -462.591705 28.4829903 147.724167
v -462.591705 28.4829903 147.724167
v -462.591705 -4.21032429 147.724167
v -511.907776 6.03938055 72.4330673
v -519.787659 26.7574234 21.8171368
v -519.787659 11.9408064 21.8171368
v -540.195007 -10.8018188 10.9577456
v -540.195007 -10.8018188 10.9577456
v -540.333191 33.6595879 10.8887196
v -519.787659 26.7574234 21.8171368
v -540.333191 33.6595879 10.8887196
v -540.195007 -10.8018188 10.9577456
v -627.92157 -9.2028513 -35.7008591
v -627.92157 -9.2028513 -35.7008591
v -627.92157 33.6595879 -35.7008591
v -540.333191 33.6595879 10.8887196
v -715.510071 33.6595879 10.8886204
v -627.92157 33.6595879 -35.7008591
v -627.92157 -9.2028513 -35.7008591
v -627.92157 -9.2028513 -35.7008591
v -715.648193 -10.8018188 10.9576473
v -715.510071 33.6595879 10.8886204
v -736.055603 26.7574234 21.8171368
v -715.510071 33.6595879 10.8886204
v -715.648193 -10.8018188 10.9576473
v -715.648193 -10.8018188 10.9576473
v -736.055603 11.9408064 21.8171368
v -736.055603 26.7574234 21.8171368
v -793.251587 28.4829903 147.724167
v -793.251587 -4.21032429 147.724075
v -774.972351 1.51848578 162.471863
v -774.972351 1.51848578 162.471863
v -774.650208 35.3851509 162.724854
v -793.251587 28.4829903 147.724167
v -774.650208 35.3851509 162.724854
v -774.972351 1.51848578 162.471863
v -719.260437 5.28018713 207.427917
v -719.260437 5.28018713 207.427917
v -719.260437 35.3851509 207.427917
v -774.650208 35.3851509 162.724854
v -519.787659 11.9408064 21.8171368
v -511.907623 6.03938055 72.4330673
v -535.030029 -17.0828419 72.6631546
v -535.030029 -17.0828419 72.6631546
v -540.195007 -10.8018188 10.9577456
v -519.787659 11.9408064 21.8171368
v -572.980408 -17.0828419 73.0427475
v -540.195007 -10.8018188 10.9577456
v -535.030029 -17.0828419 72.6631546
v -572.980408 -17.0828419 73.0427475
v -535.030029 -17.0828419 72.6631546
v -480.59491 -27.3325462 162.24176
v -462.591705 -4.21032429 147.724167
v -480.59491 -27.3325462 162.24176
v -535.030029 -17.0828419 72.6631546
v -535.030029 -17.0828419 72.6631546
v -511.907623 6.03938055 72.4330673
v -462.591705 -4.21032429 147.724167
v -572.980408 -17.0828419 73.0427475
v -627.92157 -9.2028513 -35.7009544
v -540.195007 -10.8018188 10.9577456
v -627.921692 -17.0828419 73.5834122
v -627.92157 -9.2028513 -35.7009544
v -572.980408 -17.0828419 73.0427475
v -682.862854 -17.0828419 73.0426559
v -627.92157 -9.2028513 -35.7009544
v -627.921692 -17.0828419 73.5834122
v -627.92157 -9.2028513 -35.7009544
v -682.862854 -17.0828419 73.0426559
v -715.648193 -10.8018188 10.9576473
v -720.813354 -17.0828419 72.6631546
v -715.648193 -10.8018188 10.9576473
v -682.862854 -17.0828419 73.0426559
v -775.248474 -27.3325462 162.241669
v -720.813354 -17.0828419 72.6631546
v -682.862854 -17.0828419 73.0426559
v -720.813354 -17.0828419 72.6631546
v -775.248474 -27.3325462 162.241669
v -793.251587 -4.21032429 147.724075
v -793.251587 -4.21032429 147.724075
v -743.935608 6.03938055 72.4329681
v -720.813354 -17.0828419 72.6631546
v -720.813354 -17.0828419 72.6631546
v -743.935608 6.03938055 72.4329681
v -736.055603 11.9408064 21.8171368
v -736.055603 11.9408064 21.8171368
v -715.648193 -10.8018188 10.9576473
v -720.813354 -17.0828419 72.6631546
v 718.212952 -45.6693192 342.835114
v 718.212952 -48.775322 342.835114
v 713.404541 -53.3767929 335.472778
v 707.721802 -45.6693192 326.741547
v 718.212952 -45.6693192 342.835114
v 713.404541 -53.3767929 335.472778
v 707.721802 -45.6693192 326.741547
v 713.404541 -53.3767929 335.472778
v 707.721802 -53.3767929 326.741547
v 694.61908 -53.3767929 335.288818
v 700.301819 -53.3767929 344.008575
v 694.61908 -45.6693192 335.288818
v 700.301819 -53.3767929 344.008575
v 705.110352 -45.6693192 351.382263
v 694.61908 -45.6693192 335.288818
v 705.110352 -45.6693192 351.382263
v 700.301819 -53.3767929 344.008575
v 705.110352 -48.775322 351.382263
v 697.207397 -45.6693192 356.53598
v 697.207397 -48.775322 356.53598
v 692.398926 -53.3767929 349.162048
v 686.716125 -45.6693192 340.442383
v 697.207397 -45.6693192 356.53598
v 692.398926 -53.3767929 349.162048
v 686.716125 -45.6693192 340.442383
v 692.398926 -53.3767929 349.162048
v 686.716125 -53.3767929 340.442383
v 673.602051 -53.3767929 348.989563
v 679.296326 -53.3767929 357.70932
v 673.602051 -45.6693192 348.989563
v 679.296326 -53.3767929 357.70932
v 684.093201 -45.6693192 365.083099
v 673.602051 -45.6693192 348.989563
v 684.093201 -45.6693192 365.083099
v 679.296326 -53.3767929 357.70932
v 684.093201 -48.775322 365.083099
v 739.322144 -45.6693192 329.088379
v 739.322144 -48.775322 329.088379
v 734.513489 -53.3767929 321.714569
v 728.830811 -45.6693192 312.994812
v 739.322144 -45.6693192 329.088379
v 734.513489 -53.3767929 321.714569
v 728.830811 -45.6693192 312.994812
v 734.513489 -53.3767929 321.714569
v 728.830811 -53.3767929 312.994812
v 715.716614 -53.3767929 321.530518
v 721.411011 -53.3767929 330.250183
v 715.716614 -45.6693192 321.530518
v 721.411011 -53.3767929 330.250183
v 726.208008 -45.6693192 337.624054
v 715.716614 -45.6693192 321.530518
v 726.208008 -45.6693192 337.624054
v 721.411011 -53.3767929 330.250183
v 726.208008 -48.775322 337.624054
v 739.322144 -48.775322 329.088379
v 739.322144 -45.6693192 329.088379
v 726.208008 -45.6693192 337.624054
v 726.208008 -45.6693192 337.624054
v 726.208008 -48.775322 337.624054
v 739.322144 -48.775322 329.088379
v 739.322144 -48.775322 329.088379
v 726.208008 -48.775322 337.624054
v 721.411011 -53.3767929 330.250183
v 721.411011 -53.3767929 330.250183
v 734.513489 -53.3767929 321.714569
v 739.322144 -48.775322 329.088379
v 734.513489 -53.3767929 321.714569
v 721.411011 -53.3767929 330.250183
v 715.716614 -53.3767929 321.530518
v 715.716614 -53.3767929 321.530518
v 728.830811 -53.3767929 312.994812
v 734.513489 -53.3767929 321.714569
v 697.207397 -48.775322 356.53598
v 697.207397 -45.6693192 356.53598
v 684.093201 -45.6693192 365.083099
v 684.093201 -45.6693192 365.083099
v 684.093201 -48.775322 365.083099
v 697.207397 -48.775322 356.53598
v 697.207397 -48.775322 356.53598
v 684.093201 -48.775322 365.083099
v 679.296326 -53.3767929 357.70932
v 679.296326 -53.3767929 357.70932
v 692.398926 -53.3767929 349.162048
v 697.207397 -48.775322 356.53598
v 692.398926 -53.3767929 349.162048
v 679.296326 -53.3767929 357.70932
v 673.602051 -53.3767929 348.989563
v 673.602051 -53.3767929 348.989563
v 686.716125 -53.3767929 340.442383
v 692.398926 -53.3767929 349.162048
v 718.212952 -48.775322 342.835114
v 718.212952 -45.6693192 342.835114
v 705.110352 -45.6693192 351.382263
v 705.110352 -45.6693192 351.382263
v 705.110352 -48.775322 351.382263
v 718.212952 -48.775322 342.835114
v 718.212952 -48.775322 342.835114
v 705.110352 -48.775322 351.382263
v 700.301819 -53.3767929 344.008575
v 700.301819 -53.3767929 344.008575
v 713.404541 -53.3767929 335.472778
v 718.212952 -48.775322 342.835114
v 713.404541 -53.3767929 335.472778
v 700.301819 -53.3767929 344.008575
v 694.61908 -53.3767929 335.288818
v 694.61908 -53.3767929 335.288818
v 707.721802 -53.3767929 326.741547
v 713.404541 -53.3767929 335.472778
v 537.629272 -45.6693192 342.835114
v 542.437744 -53.3767929 335.472778
v 537.629272 -48.775322 342.835114
v 548.120422 -45.6693192 326.741547
v 542.437744 -53.3767929 335.472778
v 537.629272 -45.6693192 342.835114
v 548.120422 -45.6693192 326.741547
v 548.120422 -53.3767929 326.741547
v 542.437744 -53.3767929 335.472778
v 561.223145 -53.3767929 335.288818
v 561.223145 -45.6693192 335.288818
v 555.540344 -53.3767929 344.008575
v 555.540344 -53.3767929 344.008575
v 561.223145 -45.6693192 335.288818
v 550.731873 -45.6693192 351.382263
v 550.731873 -45.6693192 351.382263
v 550.731873 -48.775322 351.382263
v 555.540344 -53.3767929 344.008575
v 558.634766 -45.6693192 356.53598
v 563.443359 -53.3767929 349.162048
v 558.634766 -48.775322 356.53598
v 569.12616 -45.6693192 340.442383
v 563.443359 -53.3767929 349.162048
v 558.634766 -45.6693192 356.53598
v 569.12616 -45.6693192 340.442383
v 569.12616 -53.3767929 340.442383
v 563.443359 -53.3767929 349.162048
v 582.240234 -53.3767929 348.989563
v 582.240234 -45.6693192 348.989563
v 576.545837 -53.3767929 357.70932
v 576.545837 -53.3767929 357.70932
v 582.240234 -45.6693192 348.989563
v 571.748962 -45.6693192 365.083099
v 571.748962 -45.6693192 365.083099
v 571.748962 -48.775322 365.083099
v 576.545837 -53.3767929 357.70932
v 516.520081 -45.6693192 329.088379
v 521.328674 -53.3767929 321.714569
v 516.520081 -48.775322 329.088379
v 527.011475 -45.6693192 312.994812
v 521.328674 -53.3767929 321.714569
v 516.520081 -45.6693192 329.088379
v 527.011475 -45.6693192 312.994812
v 527.011475 -53.3767929 312.994812
v 521.328674 -53.3767929 321.714569
v 540.12561 -53.3767929 321.530518
v 540.12561 -45.6693192 321.530518
v 534.431274 -53.3767929 330.250183
v 534.431274 -53.3767929 330.250183
v 540.12561 -45.6693192 321.530518
v 529.634277 -45.6693192 337.624054
v 529.634277 -45.6693192 337.624054
v 529.634277 -48.775322 337.624054
v 534.431274 -53.3767929 330.250183
v 516.520081 -48.775322 329.088379
v 529.634277 -45.6693192 337.624054
v 516.520081 -45.6693192 329.088379
v 529.634277 -45.6693192 337.624054
v 516.520081 -48.775322 329.088379
v 529.634277 -48.775322 337.624054
v 516.520081 -48.775322 329.088379
v 534.431274 -53.3767929 330.250183
v 529.634277 -48.775322 337.624054
v 534.431274 -53.3767929 330.250183
v 516.520081 -48.775322 329.088379
v 521.328674 -53.3767929 321.714569
v 521.328674 -53.3767929 321.714569
v 540.12561 -53.3767929 321.530518
v 534.431274 -53.3767929 330.250183
v 540.12561 -53.3767929 321.530518
v 521.328674 -53.3767929 321.714569
v 527.011475 -53.3767929 312.994812
v 558.634766 -48.775322 356.53598
v 571.748962 -45.6693192 365.083099
v 558.634766 -45.6693192 356.53598
v 571.748962 -45.6693192 365.083099
v 558.634766 -48.775322 356.53598
v 571.748962 -48.775322 365.083099
v 558.634766 -48.775322 356.53598
v 576.545837 -53.3767929 357.70932
v 571.748962 -48.775322 365.083099
v 576.545837 -53.3767929 357.70932
v 558.634766 -48.775322 356.53598
v 563.443359 -53.3767929 349.162048
v 563.443359 -53.3767929 349.162048
v 582.240234 -53.3767929 348.989563
v 576.545837 -53.3767929 357.70932
v 582.240234 -53.3767929 348.989563
v 563.443359 -53.3767929 349.162048
v 569.12616 -53.3767929 340.442383
v 537.629272 -48.775322 342.835114
v 550.731873 -45.6693192 351.382263
v 537.629272 -45.6693192 342.835114
v 550.731873 -45.6693192 351.382263
v 537.629272 -48.775322 342.835114
v 550.731873 -48.775322 351.382263
v 537.629272 -48.775322 342.835114
v 555.540344 -53.3767929 344.008575
v 550.731873 -48.775322 351.382263
v 555.540344 -53.3767929 344.008575
v 537.629272 -48.775322 342.835114
v 542.437744 -53.3767929 335.472778
v 542.437744 -53.3767929 335.472778
v 561.223145 -53.3767929 335.288818
v 555.540344 -53.3767929 344.008575
v 561.223145 -53.3767929 335.288818
v 542.437744 -53.3767929 335.472778
v 548.120422 -53.3767929 326.741547
v 695.987915 -30.6686325 417.574127
v 702.924622 -32.4286613 394.118317
v 702.924622 -6.32704067 394.118317
v 702.924622 -6.32704067 394.118317
v 695.987915 -6.32704067 417.574127
v 695.987915 -30.6686325 417.574127
v 686.5896 -18.8774338 449.347198
v 695.987915 -30.6686325 417.574127
v 695.987915 -6.32704067 417.574127
v 695.987915 -6.32704067 417.574127
v 686.5896 -6.32704067 449.347198
v 686.5896 -18.8774338 449.347198
v 627.921082 -6.32704067 473.504578
v 569.252563 -6.32704067 449.347198
v 569.252563 -18.8774338 449.347198
v 569.252563 -18.8774338 449.347198
v 627.921082 -18.8774338 473.504578
v 627.921082 -6.32704067 473.504578
v 686.5896 -6.32704067 449.347198
v 627.921082 -6.32704067 473.504578
v 627.921082 -18.8774338 473.504578
v 627.921082 -18.8774338 473.504578
v 686.5896 -18.8774338 449.347198
v 686.5896 -6.32704067 449.347198
v 552.917542 -6.32704067 394.118317
v 552.917542 -32.4287605 394.118317
v 559.854187 -30.6686325 417.574127
v 559.854187 -30.6686325 417.574127
v 559.854187 -6.32704067 417.574127
v 552.917542 -6.32704067 394.118317
v 559.854187 -6.32704067 417.574127
v 559.854187 -30.6686325 417.574127
v 569.252563 -18.8774338 449.34729
v 569.252563 -18.8774338 449.34729
v 569.252563 -6.32704067 449.34729
v 559.854187 -6.32704067 417.574127
v 559.854248 -30.6686325 417.574127
v 552.917542 -32.4286613 394.118317
v 627.921082 -32.2101288 405.713898
v 627.921082 -32.2101288 405.713898
v 627.921082 -30.2660275 439.453979
v 559.854248 -30.6686325 417.574127
v 695.987915 -30.6686325 417.574127
v 627.921082 -30.2660275 439.453979
v 627.921082 -32.2101288 405.713898
v 627.921082 -32.2101288 405.713898
v 702.924622 -32.4286613 394.118317
v 695.987915 -30.6686325 417.574127
v 569.252563 -18.8774338 449.347198
v 559.854248 -30.6686325 417.574127
v 627.921082 -30.2660275 439.453979
v 627.921082 -30.2660275 439.453979
v 627.921082 -18.8774338 473.504578
v 569.252563 -18.8774338 449.347198
v 686.5896 -18.8774338 449.347198
v 627.921082 -18.8774338 473.504578
v 627.921082 -30.2660275 439.453979
v 627.921082 -30.2660275 439.453979
v 695.987915 -30.6686325 417.574127
v 686.5896 -18.8774338 449.347198
v 662.431885 50.4777794 397.005646
v 675.085876 40.1245804 418.287323
v 728.002502 40.1245804 389.528381
v 728.002502 40.1245804 389.528381
v 729.152832 50.4778748 359.619049
v 662.431885 50.4777794 397.005646
v 729.152832 50.4778748 359.619049
v 654.344849 50.4778748 367.636902
v 662.431885 50.4777794 397.005646
v 729.152832 50.4778748 359.619049
v 736.515137 50.4778748 306.552917
v 654.344849 50.4778748 367.636902
v 766.608704 50.4778748 328.398193
v 736.515137 50.4778748 306.552917
v 729.152832 50.4778748 359.619049
v 736.515137 24.2266483 306.552917
v 736.515137 50.4778748 306.552917
v 766.608704 50.4778748 328.398193
v 766.608704 50.4778748 328.398193
v 766.838684 24.2266483 328.214233
v 736.515137 24.2266483 306.552917
v 729.152832 24.2265491 359.619049
v 766.838684 24.2265491 328.214142
v 766.608704 50.4778748 328.398193
v 766.608704 50.4778748 328.398193
v 729.152832 50.4778748 359.619049
v 729.152832 24.2265491 359.619049
v 729.152832 24.2265491 359.619049
v 729.152832 50.4778748 359.619049
v 728.002502 40.1245804 389.528381
v 728.002502 40.1245804 389.528381
v 728.002502 21.7417889 389.528381
v 729.152832 24.2265491 359.619049
v 728.002502 21.7417889 389.528381
v 728.002502 40.1245804 389.528381
v 675.085876 40.1245804 418.287323
v 675.085876 40.1245804 418.287323
v 675.085876 20.7064896 418.287323
v 728.002502 21.7417889 389.528381
v 662.431885 35.408062 397.005646
v 675.085876 20.7064896 418.287323
v 675.085876 40.1245804 418.287323
v 675.085876 40.1245804 418.287323
v 662.431885 50.4777794 397.005646
v 662.431885 35.408062 397.005646
v 684.576477 -57.3570328 348.402985
v 739.793823 -57.3570328 305.55188
v 739.793823 -36.4319077 305.55188
v 739.793823 -36.4319077 305.55188
v 684.576477 -36.4320068 348.402985
v 684.576477 -57.3570328 348.402985
v 668.471313 -51.0300903 399.01889
v 684.576477 -57.3570328 348.402985
v 684.576477 -36.4320068 348.402985
v 684.576477 -36.4320068 348.402985
v 668.471313 -31.324337 399.01889
v 668.471313 -51.0300903 399.01889
v 639.71228 -45.2782707 414.203552
v 668.471313 -51.0300903 399.01889
v 668.471313 -31.324337 399.01889
v 668.471313 -31.324337 399.01889
v 639.71228 -30.1739922 414.203552
v 639.71228 -45.2782707 414.203552
v 639.71228 -45.2782707 414.203552
v 639.71228 -30.1739922 414.203552
v 616.129883 -30.1739922 414.203552
v 616.129883 -30.1739922 414.203552
v 616.129883 -45.2782707 414.203552
v 639.71228 -45.2782707 414.203552
v 616.129883 -45.2782707 414.203552
v 616.129883 -30.1739922 414.203552
v 587.37085 -31.324337 399.01889
v 587.37085 -31.324337 399.01889
v 587.37085 -51.0300903 399.01889
v 616.129883 -45.2782707 414.203552
v 587.37085 -51.0300903 399.01889
v 587.37085 -31.324337 399.01889
v 571.265808 -36.4320068 348.402985
v 571.265808 -36.4320068 348.402985
v 571.265808 -57.3570328 348.402985
v 587.37085 -51.0300903 399.01889
v 516.048462 -57.3570328 305.55188
v 571.265808 -57.3570328 348.402985
v 571.265808 -36.4320068 348.402985
v 571.265808 -36.4320068 348.402985
v 516.048462 -36.4319077 305.55188
v 516.048462 -57.3570328 305.55188
v 668.471313 -51.0300903 399.01889
v 639.71228 -45.2782707 414.203552
v 616.129883 -45.2782707 414.203552
v 616.129883 -45.2782707 414.203552
v 587.37085 -51.0300903 399.01889
v 668.471313 -51.0300903 399.01889
v 684.576355 -57.3570328 348.402985
v 668.471313 -51.0300903 399.01889
v 587.37085 -51.0300903 399.01889
v 587.37085 -51.0300903 399.01889
v 571.265869 -57.3570328 348.402985
v 684.576355 -57.3570328 348.402985
v 739.793823 -57.3570328 305.55188
v 684.576355 -57.3570328 348.402985
v 571.265869 -57.3570328 348.402985
v 571.265869 -57.3570328 348.402985
v 516.048462 -57.3570328 305.55188
v 739.793823 -57.3570328 305.55188
v 739.793823 -57.3570328 305.55188
v 516.048462 -57.3570328 305.55188
v 516.048462 -57.3570328 224.739044
v 516.048462 -57.3570328 224.739044
v 739.793823 -57.3570328 224.739044
v 739.793823 -57.3570328 305.55188
v 739.793823 40.8032951 305.551971
v 739.793823 61.7284203 305.551971
v 684.576355 61.7284203 348.402985
v 684.576355 61.7284203 348.402985
v 684.576355 40.8032951 348.402985
v 739.793823 40.8032951 305.551971
v 684.576355 40.8032951 348.402985
v 684.576355 61.7284203 348.402985
v 668.471313 55.4013786 399.01889
v 668.471313 55.4013786 399.01889
v 668.471313 35.6957245 399.01889
v 684.576355 40.8032951 348.402985
v 668.471313 35.6957245 399.01889
v 668.471313 55.4013786 399.01889
v 639.71228 49.6495552 414.203552
v 639.71228 49.6495552 414.203552
v 639.71228 34.5452805 414.203552
v 668.471313 35.6957245 399.01889
v 616.129883 34.5452805 414.203552
v 639.71228 34.5452805 414.203552
v 639.71228 49.6495552 414.203552
v 639.71228 49.6495552 414.203552
v 616.129883 49.6495552 414.203552
v 616.129883 34.5452805 414.203552
v 587.37085 35.6957245 399.01889
v 616.129883 34.5452805 414.203552
v 616.129883 49.6495552 414.203552
v 616.129883 49.6495552 414.203552
v 587.37085 55.4013786 399.01889
v 587.37085 35.6957245 399.01889
v 571.265869 40.8032951 348.402985
v 587.37085 35.6957245 399.01889
v 587.37085 55.4013786 399.01889
v 587.37085 55.4013786 399.01889
v 571.265869 61.7284203 348.402985
v 571.265869 40.8032951 348.402985
v 571.265869 40.8032951 348.402985
v 571.265869 61.7284203 348.402985
v 516.048462 61.7284203 305.55188
v 516.048462 61.7284203 305.55188
v 516.048462 40.8032951 305.55188
v 571.265869 40.8032951 348.402985
v 616.129883 49.6495552 414.203552
v 639.71228 49.6495552 414.203552
v 668.471313 55.4013786 399.01889
v 668.471313 55.4013786 399.01889
v 587.37085 55.4013786 399.01889
v 616.129883 49.6495552 414.203552
v 587.37085 55.4013786 399.01889
v 668.471313 55.4013786 399.01889
v 684.576477 61.7284203 348.402985
v 684.576477 61.7284203 348.402985
v 571.265808 61.7284203 348.402985
v 587.37085 55.4013786 399.01889
v 516.048462 61.7284203 305.55188
v 571.265808 61.7284203 348.402985
v 684.576477 61.7284203 348.402985
v 684.576477 61.7284203 348.402985
v 739.793823 61.7284203 305.551971
v 516.048462 61.7284203 305.55188
v 516.048462 61.7284203 224.739044
v 516.048462 61.7284203 305.55188
v 739.793823 61.7284203 305.551971
v 739.793823 61.7284203 305.551971
v 739.793823 61.7284203 224.739166
v 516.048462 61.7284203 224.739044
v 570.403015 44.7950859 357.318176
v 570.403015 67.8712845 357.318176
v 526.689331 67.8712845 251.484924
v 526.689331 67.8712845 251.484924
v 526.689331 17.9801884 251.484924
v 570.403015 44.7950859 357.318176
v 729.152954 67.8712845 251.485031
v 685.439148 67.8712845 357.318176
v 685.439148 44.7950859 357.318176
v 685.439148 44.7950859 357.318176
v 729.152954 17.9801884 251.485031
v 729.152954 67.8712845 251.485031
v 526.689331 67.8712845 251.484924
v 570.403015 67.8712845 357.318176
v 685.439148 67.8712845 357.318176
v 685.439148 67.8712845 357.318176
v 729.152954 67.8712845 251.485031
v 526.689331 67.8712845 251.484924
v 685.439148 67.8712845 357.318268
v 570.403015 67.8712845 357.318268
v 570.403015 44.7950859 357.318268
v 570.403015 44.7950859 357.318268
v 685.439148 44.7950859 357.318268
v 685.439148 67.8712845 357.318268
v 728.002502 -35.7532959 389.52829
v 675.085876 -35.7532959 418.287323
v 662.431885 -46.1064911 397.005646
v 662.431885 -46.1064911 397.005646
v 729.152832 -46.1064911 359.618958
v 728.002502 -35.7532959 389.52829
v 662.431885 -46.1064911 397.005646
v 654.344849 -46.1064911 367.636902
v 729.152832 -46.1064911 359.618958
v 654.344849 -46.1064911 367.636902
v 736.515137 -46.1064911 306.552826
v 729.152832 -46.1064911 359.618958
v 729.152832 -46.1064911 359.618958
v 736.515137 -46.1064911 306.552826
v 766.608704 -46.1064911 328.398193
v 662.431885 -31.0367737 397.005646
v 662.431885 -46.1064911 397.005646
v 675.085876 -35.7532959 418.287323
v 675.085876 -35.7532959 418.287323
v 675.085876 -16.3352013 418.287323
v 662.431885 -31.0367737 397.005646
v 728.002502 -17.3705025 389.52829
v 675.085876 -16.3352013 418.287323
v 675.085876 -35.7532959 418.287323
v 675.085876 -35.7532959 418.287323
v 728.002502 -35.7532959 389.52829
v 728.002502 -17.3705025 389.52829
v 729.152832 -19.8552608 359.618958
v 728.002502 -17.3705025 389.52829
v 728.002502 -35.7532959 389.52829
v 728.002502 -35.7532959 389.52829
v 729.152832 -46.1064911 359.618958
v 729.152832 -19.8552608 359.618958
v 729.152832 -19.8552608 359.618958
v 729.152832 -46.1064911 359.618958
v 766.608704 -46.1064911 328.398193
v 766.608704 -46.1064911 328.398193
v 766.838684 -19.8552608 328.214142
v 729.152832 -19.8552608 359.618958
v 766.608704 -46.1064911 328.398193
v 736.515137 -46.1064911 306.552826
v 736.515137 -19.8552608 306.552917
v 736.515137 -19.8552608 306.552917
v 766.838684 -19.8552608 328.214233
v 766.608704 -46.1064911 328.398193
v 527.839661 -35.7532959 389.52829
v 593.410278 -46.1064911 397.005646
v 580.756287 -35.7532959 418.287323
v 593.410278 -46.1064911 397.005646
v 527.839661 -35.7532959 389.52829
v 526.689331 -46.1064911 359.618958
v 593.410278 -46.1064911 397.005646
v 526.689331 -46.1064911 359.618958
v 601.497314 -46.1064911 367.636902
v 601.497314 -46.1064911 367.636902
v 526.689331 -46.1064911 359.618958
v 519.327087 -46.1064911 306.552826
v 526.689331 -46.1064911 359.618958
v 489.233551 -46.1064911 328.398102
v 519.327087 -46.1064911 306.552826
v 593.410278 -31.0367737 397.005646
v 580.756287 -35.7532959 418.287323
v 593.410278 -46.1064911 397.005646
v 580.756287 -35.7532959 418.287323
v 593.410278 -31.0367737 397.005646
v 580.756287 -16.3352013 418.287323
v 527.839661 -17.3705025 389.52829
v 580.756287 -35.7532959 418.287323
v 580.756287 -16.3352013 418.287323
v 580.756287 -35.7532959 418.287323
v 527.839661 -17.3705025 389.52829
v 527.839661 -35.7532959 389.52829
v 526.689331 -19.8552608 359.618958
v 527.839661 -35.7532959 389.52829
v 527.839661 -17.3705025 389.52829
v 527.839661 -35.7532959 389.52829
v 526.689331 -19.8552608 359.618958
v 526.689331 -46.1064911 359.618958
v 526.689331 -19.8552608 359.618958
v 489.233551 -46.1064911 328.398102
v 526.689331 -46.1064911 359.618958
v 489.233551 -46.1064911 328.398102
v 526.689331 -19.8552608 359.618958
v 489.003479 -19.8552608 328.21405
v 489.233551 -46.1064911 328.398102
v 519.327087 -19.8552608 306.552826
v 519.327087 -46.1064911 306.552826
v 519.327087 -19.8552608 306.552826
v 489.233551 -46.1064911 328.398102
v 489.003479 -19.8552608 328.214142
v 720.513733 33.6595879 397.132263
v 743.934998 26.7574234 402.182251
v 793.251038 28.4828892 326.891357
v 793.251038 28.4828892 326.891357
v 774.64978 35.3851509 311.890472
v 720.513733 33.6595879 397.132263
v 719.259827 35.3851509 267.187531
v 720.513733 33.6595879 397.132263
v 774.64978 35.3851509 311.890472
v 535.328369 33.6595879 397.132263
v 720.513733 33.6595879 397.132263
v 719.259827 35.3851509 267.187531
v 719.259827 35.3851509 267.187531
v 536.582458 35.3851509 267.187439
v 535.328369 33.6595879 397.132263
v 535.328369 33.6595879 397.132263
v 536.582458 35.3851509 267.187439
v 481.192535 35.3851509 311.890472
v 535.328369 33.6595879 397.132263
v 481.192535 35.3851509 311.890472
v 462.591187 28.4828892 326.891266
v 736.055115 26.7573242 452.798218
v 743.934998 26.7574234 402.182251
v 720.513733 33.6595879 397.132263
v 720.513733 33.6595879 397.132263
v 715.509583 33.6594887 463.726685
v 736.055115 26.7573242 452.798218
v 720.513733 33.6595879 397.132263
v 627.921082 33.6594887 510.316315
v 715.509583 33.6594887 463.726685
v 627.921082 33.6594887 510.316315
v 720.513733 33.6595879 397.132263
v 535.328369 33.6595879 397.132263
v 535.328369 33.6595879 397.132263
v 540.332581 33.6594887 463.726593
v 627.921082 33.6594887 510.316315
v 519.787048 26.7573242 452.798126
v 540.332581 33.6594887 463.726593
v 535.328369 33.6595879 397.132263
v 535.328369 33.6595879 397.132263
v 511.907166 26.7574234 402.182159
v 519.787048 26.7573242 452.798126
v 462.591187 28.4828892 326.891266
v 511.907166 26.7574234 402.182159
v 535.328369 33.6595879 397.132263
v 743.934998 26.7574234 402.182251
v 736.055115 26.7573242 452.798218
v 736.055115 11.9407072 452.798218
v 736.055115 11.9407072 452.798218
v 743.934998 6.03938055 402.182251
v 743.934998 26.7574234 402.182251
v 793.251038 28.4828892 326.891357
v 743.934998 26.7574234 402.182251
v 743.934998 6.03938055 402.182251
v 743.934998 6.03938055 402.182251
v 793.251038 -4.21032429 326.891357
v 793.251038 28.4828892 326.891357
v 519.787048 11.9407072 452.798126
v 519.787048 26.7573242 452.798126
v 511.907166 26.7574234 402.182159
v 511.907166 26.7574234 402.182159
v 511.907166 6.03938055 402.182159
v 519.787048 11.9407072 452.798126
v 511.907166 6.03938055 402.182159
v 511.907166 26.7574234 402.182159
v 462.591187 28.4828892 326.891266
v 462.591187 28.4828892 326.891266
v 462.591187 -4.21032429 326.891266
v 511.907166 6.03938055 402.182159
v 519.787048 26.7573242 452.798126
v 519.787048 11.9407072 452.798126
v 540.194397 -10.8019171 463.657562
v 540.194397 -10.8019171 463.657562
v 540.332581 33.6594887 463.726593
v 519.787048 26.7573242 452.798126
v 540.332581 33.6594887 463.726593
v 540.194397 -10.8019171 463.657562
v 627.921082 -9.20295048 510.316315
v 627.921082 -9.20295048 510.316315
v 627.921082 33.6594887 510.316315
v 540.332581 33.6594887 463.726593
v 715.509583 33.6594887 463.726685
v 627.921082 33.6594887 510.316315
v 627.921082 -9.20295048 510.316315
v 627.921082 -9.20295048 510.316315
v 715.647766 -10.8019171 463.657562
v 715.509583 33.6594887 463.726685
v 736.055115 26.7573242 452.798218
v 715.509583 33.6594887 463.726685
v 715.647766 -10.8019171 463.657562
v 715.647766 -10.8019171 463.657562
v 736.055115 11.9407072 452.798218
v 736.055115 26.7573242 452.798218
v 793.251038 28.4828892 326.891357
v 793.251038 -4.21032429 326.891357
v 774.971741 1.51848578 312.143585
v 774.971741 1.51848578 312.143585
v 774.64978 35.3851509 311.890472
v 793.251038 28.4828892 326.891357
v 774.64978 35.3851509 311.890472
v 774.971741 1.51848578 312.143585
v 719.259827 5.28018713 267.187439
v 719.259827 5.28018713 267.187439
v 719.259827 35.3851509 267.187531
v 774.64978 35.3851509 311.890472
v 519.787048 11.9407072 452.798126
v 511.907166 6.03938055 402.182251
v 535.029419 -17.0829391 401.952301
v 535.029419 -17.0829391 401.952301
v 540.194397 -10.8019171 463.657562
v 519.787048 11.9407072 452.798126
v 572.979797 -17.0829391 401.572571
v 540.194397 -10.8019171 463.657562
v 535.029419 -17.0829391 401.952301
v 572.979797 -17.0829391 401.572571
v 535.029419 -17.0829391 401.952301
v 480.594299 -27.3326435 312.373688
v 462.591187 -4.21032429 326.891266
v 480.594299 -27.3326435 312.373688
v 535.029419 -17.0829391 401.952301
v 535.029419 -17.0829391 401.952301
v 511.907166 6.03938055 402.182251
v 462.591187 -4.21032429 326.891266
v 572.979797 -17.0829391 401.572571
v 627.921082 -9.20295048 510.316406
v 540.194397 -10.8019171 463.657562
v 627.921082 -17.0829391 401.031891
v 627.921082 -9.20295048 510.316406
v 572.979797 -17.0829391 401.572571
v 682.862366 -17.0829391 401.572571
v 627.921082 -9.20295048 510.316406
v 627.921082 -17.0829391 401.031891
v 627.921082 -9.20295048 510.316406
v 682.862366 -17.0829391 401.572571
v 715.647766 -10.8019171 463.657562
v 720.812744 -17.0829391 401.952301
v 715.647766 -10.8019171 463.657562
v 682.862366 -17.0829391 401.572571
v 775.247986 -27.3326435 312.373779
v 720.812744 -17.0829391 401.952301
v 682.862366 -17.0829391 401.572571
v 720.812744 -17.0829391 401.952301
v 775.247986 -27.3326435 312.373779
v 793.251038 -4.21032429 326.891357
v 793.251038 -4.21032429 326.891357
v 743.934998 6.03938055 402.182343
v 720.812744 -17.0829391 401.952301
v 720.812744 -17.0829391 401.952301
v 743.934998 6.03938055 402.182343
v 736.055115 11.9407072 452.798218
v 736.055115 11.9407072 452.798218
v 715.647766 -10.8019171 463.657562
v 720.812744 -17.0829391 401.952301
v -718.213562 -45.6693192 342.834625
v -713.404968 -53.3767929 335.47229
v -718.213562 -48.775322 342.834625
v -707.722351 -45.6693192 326.741058
v -713.404968 -53.3767929 335.47229
v -718.213562 -45.6693192 342.834625
v -707.722351 -45.6693192 326.741058
v -707.722351 -53.3767929 326.741058
v -713.404968 -53.3767929 335.47229
v -694.61969 -53.3767929 335.288422
v -694.61969 -45.6693192 335.288422
v -700.302429 -53.3767929 344.008179
v -700.302429 -53.3767929 344.008179
v -694.61969 -45.6693192 335.288422
v -705.110962 -45.6693192 351.381775
v -705.110962 -45.6693192 351.381775
v -705.110962 -48.775322 351.381775
v -700.302429 -53.3767929 344.008179
v -697.207947 -45.6693192 356.535583
v -692.399536 -53.3767929 349.161774
v -697.207947 -48.775322 356.535583
v -686.716736 -45.6693192 340.442017
v -692.399536 -53.3767929 349.161774
v -697.207947 -45.6693192 356.535583
v -686.716736 -45.6693192 340.442017
v -686.716736 -53.3767929 340.442017
v -692.399536 -53.3767929 349.161774
v -673.602539 -53.3767929 348.989136
v -673.602539 -45.6693192 348.989136
v -679.296875 -53.3767929 357.708893
v -679.296875 -53.3767929 357.708893
v -673.602539 -45.6693192 348.989136
v -684.093933 -45.6693192 365.082703
v -684.093933 -45.6693192 365.082703
v -684.093933 -48.775322 365.082703
v -679.296875 -53.3767929 357.708893
v -739.322754 -45.6693192 329.087891
v -734.514099 -53.3767929 321.714081
v -739.322754 -48.775322 329.087891
v -728.831421 -45.6693192 312.994415
v -734.514099 -53.3767929 321.714081
v -739.322754 -45.6693192 329.087891
v -728.831421 -45.6693192 312.994415
v -728.831421 -53.3767929 312.994415
v -734.514099 -53.3767929 321.714081
v -715.717224 -53.3767929 321.529999
v -715.717224 -45.6693192 321.529999
v -721.411499 -53.3767929 330.249664
v -721.411499 -53.3767929 330.249664
v -715.717224 -45.6693192 321.529999
v -726.208618 -45.6693192 337.623566
v -726.208618 -45.6693192 337.623566
v -726.208618 -48.775322 337.623566
v -721.411499 -53.3767929 330.249664
v -739.322754 -48.775322 329.087891
v -726.208618 -45.6693192 337.623566
v -739.322754 -45.6693192 329.087891
v -726.208618 -45.6693192 337.623566
v -739.322754 -48.775322 329.087891
v -726.208618 -48.775322 337.623566
v -739.322754 -48.775322 329.087891
v -721.411499 -53.3767929 330.249664
v -726.208618 -48.775322 337.623566
v -721.411499 -53.3767929 330.249664
v -739.322754 -48.775322 329.087891
v -734.514099 -53.3767929 321.714081
v -734.514099 -53.3767929 321.714081
v -715.717224 -53.3767929 321.529999
v -721.411499 -53.3767929 330.249664
v -715.717224 -53.3767929 321.529999
v -734.514099 -53.3767929 321.714081
v -728.831421 -53.3767929 312.994415
v -697.207947 -48.775322 356.535583
v -684.093933 -45.6693192 365.082703
v -697.207947 -45.6693192 356.535583
v -684.093933 -45.6693192 365.082703
v -697.207947 -48.775322 356.535583
v -684.093933 -48.775322 365.082703
v -697.207947 -48.775322 356.535583
v -679.296875 -53.3767929 357.708893
v -684.093933 -48.775322 365.082703
v -679.296875 -53.3767929 357.708893
v -697.207947 -48.775322 356.535583
v -692.399536 -53.3767929 349.161774
v -692.399536 -53.3767929 349.161774
v -673.602539 -53.3767929 348.989136
v -679.296875 -53.3767929 357.708893
v -673.602539 -53.3767929 348.989136
v -692.399536 -53.3767929 349.161774
v -686.716736 -53.3767929 340.442017
v -718.213562 -48.775322 342.834625
v -705.110962 -45.6693192 351.381775
v -718.213562 -45.6693192 342.834625
v -705.110962 -45.6693192 351.381775
v -718.213562 -48.775322 342.834625
v -705.110962 -48.775322 351.381775
v -718.213562 -48.775322 342.834625
v -700.302429 -53.3767929 344.008179
v -705.110962 -48.775322 351.381775
v -700.302429 -53.3767929 344.008179
v -718.213562 -48.775322 342.834625
v -713.404968 -53.3767929 335.47229
v -713.404968 -53.3767929 335.47229
v -694.61969 -53.3767929 335.288422
v -700.302429 -53.3767929 344.008179
v -694.61969 -53.3767929 335.288422
v -713.404968 -53.3767929 335.47229
v -707.722351 -53.3767929 326.741058
v -537.629761 -45.6693192 342.834747
v -537.629761 -48.775322 342.834747
v -542.438354 -53.3767929 335.472382
v -548.121033 -45.6693192 326.74118
v -537.629761 -45.6693192 342.834747
v -542.438354 -53.3767929 335.472382
v -548.121033 -45.6693192 326.74118
v -542.438354 -53.3767929 335.472382
v -548.121033 -53.3767929 326.74118
v -561.223633 -53.3767929 335.288422
v -555.540894 -53.3767929 344.008301
v -561.223633 -45.6693192 335.288422
v -555.540894 -53.3767929 344.008301
v -550.732483 -45.6693192 351.381866
v -561.223633 -45.6693192 335.288422
v -550.732483 -45.6693192 351.381866
v -555.540894 -53.3767929 344.008301
v -550.732483 -48.775322 351.381866
v -558.635498 -45.6693192 356.535583
v -558.635498 -48.775322 356.535583
v -563.443848 -53.3767929 349.161774
v -569.126709 -45.6693192 340.442017
v -558.635498 -45.6693192 356.535583
v -563.443848 -53.3767929 349.161774
v -569.126709 -45.6693192 340.442017
v -563.443848 -53.3767929 349.161774
v -569.126709 -53.3767929 340.442017
v -582.240784 -53.3767929 348.989136
v -576.54657 -53.3767929 357.708893
v -582.240784 -45.6693192 348.989136
v -576.54657 -53.3767929 357.708893
v -571.749634 -45.6693192 365.082703
v -582.240784 -45.6693192 348.989136
v -571.749634 -45.6693192 365.082703
v -576.54657 -53.3767929 357.708893
v -571.749634 -48.775322 365.082703
v -516.520691 -45.6693192 329.087982
v -516.520691 -48.775322 329.087982
v -521.329285 -53.3767929 321.714172
v -527.011902 -45.6693192 312.994415
v -516.520691 -45.6693192 329.087982
v -521.329285 -53.3767929 321.714172
v -527.011902 -45.6693192 312.994415
v -521.329285 -53.3767929 321.714172
v -527.011902 -53.3767929 312.994415
v -540.12616 -53.3767929 321.53009
v -534.431824 -53.3767929 330.249756
v -540.12616 -45.6693192 321.53009
v -534.431824 -53.3767929 330.249756
v -529.634888 -45.6693192 337.623657
v -540.12616 -45.6693192 321.53009
v -529.634888 -45.6693192 337.623657
v -534.431824 -53.3767929 330.249756
v -529.634888 -48.775322 337.623657
v -516.520691 -48.775322 329.087982
v -516.520691 -45.6693192 329.087982
v -529.634888 -45.6693192 337.623657
v -529.634888 -45.6693192 337.623657
v -529.634888 -48.775322 337.623657
v -516.520691 -48.775322 329.087982
v -516.520691 -48.775322 329.087982
v -529.634888 -48.775322 337.623657
v -534.431824 -53.3767929 330.249756
v -534.431824 -53.3767929 330.249756
v -521.329285 -53.3767929 321.714172
v -516.520691 -48.775322 329.087982
v -521.329285 -53.3767929 321.714172
v -534.431824 -53.3767929 330.249756
v -540.12616 -53.3767929 321.53009
v -540.12616 -53.3767929 321.53009
v -527.011902 -53.3767929 312.994415
v -521.329285 -53.3767929 321.714172
v -558.635498 -48.775322 356.535583
v -558.635498 -45.6693192 356.535583
v -571.749634 -45.6693192 365.082703
v -571.749634 -45.6693192 365.082703
v -571.749634 -48.775322 365.082703
v -558.635498 -48.775322 356.535583
v -558.635498 -48.775322 356.535583
v -571.749634 -48.775322 365.082703
v -576.54657 -53.3767929 357.708893
v -576.54657 -53.3767929 357.708893
v -563.443848 -53.3767929 349.161774
v -558.635498 -48.775322 356.535583
v -563.443848 -53.3767929 349.161774
v -576.54657 -53.3767929 357.708893
v -582.240784 -53.3767929 348.989136
v -582.240784 -53.3767929 348.989136
v -569.126709 -53.3767929 340.442017
v -563.443848 -53.3767929 349.161774
v -537.629761 -48.775322 342.834747
v -537.629761 -45.6693192 342.834747
v -550.732483 -45.6693192 351.381866
v -550.732483 -45.6693192 351.381866
v -550.732483 -48.775322 351.381866
v -537.629761 -48.775322 342.834747
v -537.629761 -48.775322 342.834747
v -550.732483 -48.775322 351.381866
v -555.540894 -53.3767929 344.008301
v -555.540894 -53.3767929 344.008301
v -542.438354 -53.3767929 335.472382
v -537.629761 -48.775322 342.834747
v -542.438354 -53.3767929 335.472382
v -555.540894 -53.3767929 344.008301
v -561.223633 -53.3767929 335.288422
v -561.223633 -53.3767929 335.288422
v -548.121033 -53.3767929 326.74118
v -542.438354 -53.3767929 335.472382
v -695.988586 -30.6686325 417.57373
v -702.925232 -6.32704067 394.11792
v -702.925232 -32.4286613 394.11792
v -702.925232 -6.32704067 394.11792
v -695.988586 -30.6686325 417.57373
v -695.988586 -6.32704067 417.57373
v -686.59021 -18.8774338 449.346771
v -695.988586 -6.32704067 417.57373
v -695.988586 -30.6686325 417.57373
v -695.988586 -6.32704067 417.57373
v -686.59021 -18.8774338 449.346771
v -686.59021 -6.32704067 449.346771
v -627.921814 -6.32704067 473.504303
v -569.253235 -18.8774338 449.346771
v -569.253235 -6.32704067 449.346771
v -569.253235 -18.8774338 449.346771
v -627.921814 -6.32704067 473.504303
v -627.921814 -18.8774338 473.504303
v -686.59021 -6.32704067 449.346771
v -627.921814 -18.8774338 473.504303
v -627.921814 -6.32704067 473.504303
v -627.921814 -18.8774338 473.504303
v -686.59021 -6.32704067 449.346771
v -686.59021 -18.8774338 449.346771
v -552.918213 -6.32704067 394.11792
v -559.854736 -30.6686325 417.57373
v -552.918213 -32.4287605 394.11792
v -559.854736 -30.6686325 417.57373
v -552.918213 -6.32704067 394.11792
v -559.854736 -6.32704067 417.57373
v -559.854736 -6.32704067 417.57373
v -569.253235 -18.8774338 449.346863
v -559.854736 -30.6686325 417.57373
v -569.253235 -18.8774338 449.346863
v -559.854736 -6.32704067 417.57373
v -569.253235 -6.32704067 449.346863
v -559.854858 -30.6686325 417.57373
v -627.921814 -32.2101288 405.71347
v -552.918213 -32.4286613 394.11792
v -627.921814 -32.2101288 405.71347
v -559.854858 -30.6686325 417.57373
v -627.921814 -30.2660275 439.453552
v -695.988586 -30.6686325 417.57373
v -627.921814 -32.2101288 405.71347
v -627.921814 -30.2660275 439.453552
v -627.921814 -32.2101288 405.71347
v -695.988586 -30.6686325 417.57373
v -702.925232 -32.4286613 394.11792
v -569.253235 -18.8774338 449.346771
v -627.921814 -30.2660275 439.453552
v -559.854858 -30.6686325 417.57373
v -627.921814 -30.2660275 439.453552
v -569.253235 -18.8774338 449.346771
v -627.921814 -18.8774338 473.504303
v -686.59021 -18.8774338 449.346771
v -627.921814 -30.2660275 439.453552
v -627.921814 -18.8774338 473.504303
v -627.921814 -30.2660275 439.453552
v -686.59021 -18.8774338 449.346771
v -695.988586 -30.6686325 417.57373
v -662.432617 50.4777794 397.00528
v -728.003174 40.1245804 389.527893
v -675.086548 40.1245804 418.286896
v -728.003174 40.1245804 389.527893
v -662.432617 50.4777794 397.00528
v -729.153564 50.4778748 359.618561
v -729.153564 50.4778748 359.618561
v -662.432617 50.4777794 397.00528
v -654.34552 50.4778748 367.636597
v -729.153564 50.4778748 359.618561
v -654.34552 50.4778748 367.636597
v -736.515747 50.4778748 306.552429
v -766.609253 50.4778748 328.397705
v -729.153564 50.4778748 359.618561
v -736.515747 50.4778748 306.552429
v -736.515747 24.2266483 306.552307
v -766.609253 50.4778748 328.397705
v -736.515747 50.4778748 306.552429
v -766.609253 50.4778748 328.397705
v -736.515747 24.2266483 306.552307
v -766.839294 24.2266483 328.213654
v -729.153564 24.2265491 359.618561
v -766.609253 50.4778748 328.397705
v -766.839294 24.2265491 328.213562
v -766.609253 50.4778748 328.397705
v -729.153564 24.2265491 359.618561
v -729.153564 50.4778748 359.618561
v -729.153564 24.2265491 359.618561
v -728.003174 40.1245804 389.527893
v -729.153564 50.4778748 359.618561
v -728.003174 40.1245804 389.527893
v -729.153564 24.2265491 359.618561
v -728.003174 21.7417889 389.527893
v -728.003174 21.7417889 389.527893
v -675.086548 40.1245804 418.286896
v -728.003174 40.1245804 389.527893
v -675.086548 40.1245804 418.286896
v -728.003174 21.7417889 389.527893
v -675.086548 20.7064896 418.286896
v -662.432617 35.408062 397.00528
v -675.086548 40.1245804 418.286896
v -675.086548 20.7064896 418.286896
v -675.086548 40.1245804 418.286896
v -662.432617 35.408062 397.00528
v -662.432617 50.4777794 397.00528
v -684.577087 -57.3570328 348.402588
v -739.79425 -36.4319077 305.551483
v -739.79425 -57.3570328 305.551483
v -739.79425 -36.4319077 305.551483
v -684.577087 -57.3570328 348.402588
v -684.577087 -36.4320068 348.402588
v -668.471985 -51.0300903 399.018524
v -684.577087 -36.4320068 348.402588
v -684.577087 -57.3570328 348.402588
v -684.577087 -36.4320068 348.402588
v -668.471985 -51.0300903 399.018524
v -668.471985 -31.324337 399.018524
v -639.712952 -45.2782707 414.203186
v -668.471985 -31.324337 399.018524
v -668.471985 -51.0300903 399.018524
v -668.471985 -31.324337 399.018524
v -639.712952 -45.2782707 414.203186
v -639.712952 -30.1739922 414.203186
v -639.712952 -45.2782707 414.203186
v -616.130554 -30.1739922 414.203186
v -639.712952 -30.1739922 414.203186
v -616.130554 -30.1739922 414.203186
v -639.712952 -45.2782707 414.203186
v -616.130554 -45.2782707 414.203186
v -616.130554 -45.2782707 414.203186
v -587.371582 -31.324337 399.018524
v -616.130554 -30.1739922 414.203186
v -587.371582 -31.324337 399.018524
v -616.130554 -45.2782707 414.203186
v -587.371582 -51.0300903 399.018524
v -587.371582 -51.0300903 399.018524
v -571.266357 -36.4320068 348.402588
v -587.371582 -31.324337 399.018524
v -571.266357 -36.4320068 348.402588
v -587.371582 -51.0300903 399.018524
v -571.266357 -57.3570328 348.402588
v -516.049072 -57.3570328 305.551575
v -571.266357 -36.4320068 348.402588
v -571.266357 -57.3570328 348.402588
v -571.266357 -36.4320068 348.402588
v -516.049072 -57.3570328 305.551575
v -516.049072 -36.4319077 305.551575
v -668.471985 -51.0300903 399.018524
v -616.130554 -45.2782707 414.203186
v -639.712952 -45.2782707 414.203186
v -616.130554 -45.2782707 414.203186
v -668.471985 -51.0300903 399.018524
v -587.371582 -51.0300903 399.018524
v -684.576965 -57.3570328 348.402588
v -587.371582 -51.0300903 399.018524
v -668.471985 -51.0300903 399.018524
v -587.371582 -51.0300903 399.018524
v -684.576965 -57.3570328 348.402588
v -571.266357 -57.3570328 348.402588
v -739.79425 -57.3570328 305.551483
v -571.266357 -57.3570328 348.402588
v -684.576965 -57.3570328 348.402588
v -571.266357 -57.3570328 348.402588
v -739.79425 -57.3570328 305.551483
v -516.049072 -57.3570328 305.551575
v -739.79425 -57.3570328 305.551483
v -516.049072 -57.3570328 224.738663
v -516.049072 -57.3570328 305.551575
v -516.049072 -57.3570328 224.738663
v -739.79425 -57.3570328 305.551483
v -739.79425 -57.3570328 224.738571
v -739.79425 40.8032951 305.551575
v -684.576965 61.7284203 348.402588
v -739.79425 61.7284203 305.551575
v -684.576965 61.7284203 348.402588
v -739.79425 40.8032951 305.551575
v -684.576965 40.8032951 348.402588
v -684.576965 40.8032951 348.402588
v -668.471985 55.4013786 399.018524
v -684.576965 61.7284203 348.402588
v -668.471985 55.4013786 399.018524
v -684.576965 40.8032951 348.402588
v -668.471985 35.6957245 399.018524
v -668.471985 35.6957245 399.018524
v -639.712952 49.6495552 414.203186
v -668.471985 55.4013786 399.018524
v -639.712952 49.6495552 414.203186
v -668.471985 35.6957245 399.018524
v -639.712952 34.5452805 414.203186
v -616.130554 34.5452805 414.203186
v -639.712952 49.6495552 414.203186
v -639.712952 34.5452805 414.203186
v -639.712952 49.6495552 414.203186
v -616.130554 34.5452805 414.203186
v -616.130554 49.6495552 414.203186
v -587.371582 35.6957245 399.018524
v -616.130554 49.6495552 414.203186
v -616.130554 34.5452805 414.203186
v -616.130554 49.6495552 414.203186
v -587.371582 35.6957245 399.018524
v -587.371582 55.4013786 399.018524
v -571.266357 40.8032951 348.402588
v -587.371582 55.4013786 399.018524
v -587.371582 35.6957245 399.018524
v -587.371582 55.4013786 399.018524
v -571.266357 40.8032951 348.402588
v -571.266357 61.7284203 348.402588
v -571.266357 40.8032951 348.402588
v -516.049072 61.7284203 305.551575
v -571.266357 61.7284203 348.402588
v -516.049072 61.7284203 305.551575
v -571.266357 40.8032951 348.402588
v -516.049072 40.8032951 305.551575
v -616.130554 49.6495552 414.203186
v -668.471985 55.4013786 399.018524
v -639.712952 49.6495552 414.203186
v -668.471985 55.4013786 399.018524
v -616.130554 49.6495552 414.203186
v -587.371582 55.4013786 399.018524
v -587.371582 55.4013786 399.018524
v -684.577087 61.7284203 348.402588
v -668.471985 55.4013786 399.018524
v -684.577087 61.7284203 348.402588
v -587.371582 55.4013786 399.018524
v -571.266357 61.7284203 348.402588
v -516.049072 61.7284203 305.551575
v -684.577087 61.7284203 348.402588
v -571.266357 61.7284203 348.402588
v -684.577087 61.7284203 348.402588
v -516.049072 61.7284203 305.551575
v -739.79425 61.7284203 305.551575
v -516.049072 61.7284203 224.738663
v -739.79425 61.7284203 305.551575
v -516.049072 61.7284203 305.551575
v -739.79425 61.7284203 305.551575
v -516.049072 61.7284203 224.738663
v -739.79425 61.7284203 224.738663
v -570.403687 44.7950859 357.317871
v -526.68988 67.8712845 251.484634
v -570.403687 67.8712845 357.317871
v -526.68988 67.8712845 251.484634
v -570.403687 44.7950859 357.317871
v -526.68988 17.9801884 251.484634
v -729.153564 67.8712845 251.484634
v -685.43988 44.7950859 357.317871
v -685.43988 67.8712845 357.317871
v -685.43988 44.7950859 357.317871
v -729.153564 67.8712845 251.484634
v -729.153564 17.9801884 251.484634
v -526.68988 67.8712845 251.484634
v -685.43988 67.8712845 357.317871
v -570.403687 67.8712845 357.317871
v -685.43988 67.8712845 357.317871
v -526.68988 67.8712845 251.484634
v -729.153564 67.8712845 251.484634
v -685.43988 67.8712845 357.317871
v -570.403687 44.7950859 357.317871
v -570.403687 67.8712845 357.317871
v -570.403687 44.7950859 357.317871
v -685.43988 67.8712845 357.317871
v -685.43988 44.7950859 357.317871
v -728.003174 -35.7532959 389.527802
v -662.432617 -46.1064911 397.00528
v -675.086548 -35.7532959 418.286896
v -662.432617 -46.1064911 397.00528
v -728.003174 -35.7532959 389.527802
v -729.153564 -46.1064911 359.618469
v -662.432617 -46.1064911 397.00528
v -729.153564 -46.1064911 359.618469
v -654.34552 -46.1064911 367.636597
v -654.34552 -46.1064911 367.636597
v -729.153564 -46.1064911 359.618469
v -736.515747 -46.1064911 306.552307
v -729.153564 -46.1064911 359.618469
v -766.609253 -46.1064911 328.397705
v -736.515747 -46.1064911 306.552307
v -662.432617 -31.0367737 397.00528
v -675.086548 -35.7532959 418.286896
v -662.432617 -46.1064911 397.00528
v -675.086548 -35.7532959 418.286896
v -662.432617 -31.0367737 397.00528
v -675.086548 -16.3352013 418.286896
v -728.003174 -17.3705025 389.527802
v -675.086548 -35.7532959 418.286896
v -675.086548 -16.3352013 418.286896
v -675.086548 -35.7532959 418.286896
v -728.003174 -17.3705025 389.527802
v -728.003174 -35.7532959 389.527802
v -729.153564 -19.8552608 359.618469
v -728.003174 -35.7532959 389.527802
v -728.003174 -17.3705025 389.527802
v -728.003174 -35.7532959 389.527802
v -729.153564 -19.8552608 359.618469
v -729.153564 -46.1064911 359.618469
v -729.153564 -19.8552608 359.618469
v -766.609253 -46.1064911 328.397705
v -729.153564 -46.1064911 359.618469
v -766.609253 -46.1064911 328.397705
v -729.153564 -19.8552608 359.618469
v -766.839294 -19.8552608 328.213562
v -766.609253 -46.1064911 328.397705
v -736.515747 -19.8552608 306.552307
v -736.515747 -46.1064911 306.552307
v -736.515747 -19.8552608 306.552307
v -766.609253 -46.1064911 328.397705
v -766.839294 -19.8552608 328.213654
v -527.840271 -35.7532959 389.527893
v -580.756836 -35.7532959 418.286896
v -593.410828 -46.1064911 397.00528
v -593.410828 -46.1064911 397.00528
v -526.68988 -46.1064911 359.618561
v -527.840271 -35.7532959 389.527893
v -593.410828 -46.1064911 397.00528
v -601.497925 -46.1064911 367.636597
v -526.68988 -46.1064911 359.618561
v -601.497925 -46.1064911 367.636597
v -519.327576 -46.1064911 306.552429
v -526.68988 -46.1064911 359.618561
v -526.68988 -46.1064911 359.618561
v -519.327576 -46.1064911 306.552429
v -489.234161 -46.1064911 328.397705
v -593.410828 -31.0367737 397.00528
v -593.410828 -46.1064911 397.00528
v -580.756836 -35.7532959 418.286896
v -580.756836 -35.7532959 418.286896
v -580.756836 -16.3352013 418.286896
v -593.410828 -31.0367737 397.00528
v -527.840271 -17.3705025 389.527893
v -580.756836 -16.3352013 418.286896
v -580.756836 -35.7532959 418.286896
v -580.756836 -35.7532959 418.286896
v -527.840271 -35.7532959 389.527893
v -527.840271 -17.3705025 389.527893
v -526.68988 -19.8552608 359.618561
v -527.840271 -17.3705025 389.527893
v -527.840271 -35.7532959 389.527893
v -527.840271 -35.7532959 389.527893
v -526.68988 -46.1064911 359.618561
v -526.68988 -19.8552608 359.618561
v -526.68988 -19.8552608 359.618561
v -526.68988 -46.1064911 359.618561
v -489.234161 -46.1064911 328.397705
v -489.234161 -46.1064911 328.397705
v -489.004089 -19.8552608 328.213654
v -526.68988 -19.8552608 359.618561
v -489.234161 -46.1064911 328.397705
v -519.327576 -46.1064911 306.552429
v -519.327576 -19.8552608 306.552429
v -519.327576 -19.8552608 306.552429
v -489.004089 -19.8552608 328.213745
v -489.234161 -46.1064911 328.397705
v -720.514343 33.6595879 397.131897
v -793.251587 28.4828892 326.890778
v -743.935608 26.7574234 402.181793
v -793.251587 28.4828892 326.890778
v -720.514343 33.6595879 397.131897
v -774.650208 35.3851509 311.889984
v -719.260437 35.3851509 267.187042
v -774.650208 35.3851509 311.889984
v -720.514343 33.6595879 397.131897
v -535.329102 33.6595879 397.131897
v -719.260437 35.3851509 267.187042
v -720.514343 33.6595879 397.131897
v -719.260437 35.3851509 267.187042
v -535.329102 33.6595879 397.131897
v -536.582886 35.3851509 267.187042
v -535.329102 33.6595879 397.131897
v -481.193115 35.3851509 311.890076
v -536.582886 35.3851509 267.187042
v -535.329102 33.6595879 397.131897
v -462.591797 28.4828892 326.890869
v -481.193115 35.3851509 311.890076
v -736.055664 26.7573242 452.797607
v -720.514343 33.6595879 397.131897
v -743.935608 26.7574234 402.181793
v -720.514343 33.6595879 397.131897
v -736.055664 26.7573242 452.797607
v -715.510132 33.6594887 463.726227
v -720.514343 33.6595879 397.131897
v -715.510132 33.6594887 463.726227
v -627.921814 33.6594887 510.315887
v -627.921814 33.6594887 510.315887
v -535.329102 33.6595879 397.131897
v -720.514343 33.6595879 397.131897
v -535.329102 33.6595879 397.131897
v -627.921814 33.6594887 510.315887
v -540.333252 33.6594887 463.726227
v -519.78772 26.7573242 452.797699
v -535.329102 33.6595879 397.131897
v -540.333252 33.6594887 463.726227
v -535.329102 33.6595879 397.131897
v -519.78772 26.7573242 452.797699
v -511.907867 26.7574234 402.181885
v -462.591797 28.4828892 326.890869
v -535.329102 33.6595879 397.131897
v -511.907867 26.7574234 402.181885
v -743.935608 26.7574234 402.181793
v -736.055664 11.9407072 452.797607
v -736.055664 26.7573242 452.797607
v -736.055664 11.9407072 452.797607
v -743.935608 26.7574234 402.181793
v -743.935608 6.03938055 402.181793
v -793.251587 28.4828892 326.890778
v -743.935608 6.03938055 402.181793
v -743.935608 26.7574234 402.181793
v -743.935608 6.03938055 402.181793
v -793.251587 28.4828892 326.890778
v -793.251587 -4.21032429 326.890778
v -519.78772 11.9407072 452.797699
v -511.907867 26.7574234 402.181885
v -519.78772 26.7573242 452.797699
v -511.907867 26.7574234 402.181885
v -519.78772 11.9407072 452.797699
v -511.907867 6.03938055 402.181885
v -511.907867 6.03938055 402.181885
v -462.591797 28.4828892 326.890869
v -511.907867 26.7574234 402.181885
v -462.591797 28.4828892 326.890869
v -511.907867 6.03938055 402.181885
v -462.591797 -4.21032429 326.890869
v -519.78772 26.7573242 452.797699
v -540.195129 -10.8019171 463.657196
v -519.78772 11.9407072 452.797699
v -540.195129 -10.8019171 463.657196
v -519.78772 26.7573242 452.797699
v -540.333252 33.6594887 463.726227
v -540.333252 33.6594887 463.726227
v -627.921814 -9.20295048 510.315887
v -540.195129 -10.8019171 463.657196
v -627.921814 -9.20295048 510.315887
v -540.333252 33.6594887 463.726227
v -627.921814 33.6594887 510.315887
v -715.510132 33.6594887 463.726227
v -627.921814 -9.20295048 510.315887
v -627.921814 33.6594887 510.315887
v -627.921814 -9.20295048 510.315887
v -715.510132 33.6594887 463.726227
v -715.648315 -10.8019171 463.657196
v -736.055664 26.7573242 452.797607
v -715.648315 -10.8019171 463.657196
v -715.510132 33.6594887 463.726227
v -715.648315 -10.8019171 463.657196
v -736.055664 26.7573242 452.797607
v -736.055664 11.9407072 452.797607
v -793.251587 28.4828892 326.890778
v -774.972351 1.51848578 312.143005
v -793.251587 -4.21032429 326.890778
v -774.972351 1.51848578 312.143005
v -793.251587 28.4828892 326.890778
v -774.650208 35.3851509 311.889984
v -774.650208 35.3851509 311.889984
v -719.260437 5.28018713 267.187042
v -774.972351 1.51848578 312.143005
v -719.260437 5.28018713 267.187042
v -774.650208 35.3851509 311.889984
v -719.260437 35.3851509 267.187042
v -519.78772 11.9407072 452.797699
v -535.03009 -17.0829391 401.951904
v -511.907776 6.03938055 402.181976
v -535.03009 -17.0829391 401.951904
v -519.78772 11.9407072 452.797699
v -540.195129 -10.8019171 463.657196
v -572.980469 -17.0829391 401.572205
v -535.03009 -17.0829391 401.951904
v -540.195129 -10.8019171 463.657196
v -572.980469 -17.0829391 401.572205
v -480.59491 -27.3326435 312.373291
v -535.03009 -17.0829391 401.951904
v -462.591797 -4.21032429 326.890869
v -535.03009 -17.0829391 401.951904
v -480.59491 -27.3326435 312.373291
v -535.03009 -17.0829391 401.951904
v -462.591797 -4.21032429 326.890869
v -511.907776 6.03938055 402.181976
v -572.980469 -17.0829391 401.572205
v -540.195129 -10.8019171 463.657196
v -627.921814 -9.20295048 510.31601
v -627.921814 -17.0829391 401.031525
v -572.980469 -17.0829391 401.572205
v -627.921814 -9.20295048 510.31601
v -682.862976 -17.0829391 401.572205
v -627.921814 -17.0829391 401.031525
v -627.921814 -9.20295048 510.31601
v -627.921814 -9.20295048 510.31601
v -715.648315 -10.8019171 463.657196
v -682.862976 -17.0829391 401.572205
v -720.813477 -17.0829391 401.951782
v -682.862976 -17.0829391 401.572205
v -715.648315 -10.8019171 463.657196
v -775.248596 -27.3326435 312.373169
v -682.862976 -17.0829391 401.572205
v -720.813477 -17.0829391 401.951782
v -720.813477 -17.0829391 401.951782
v -793.251587 -4.21032429 326.890778
v -775.248596 -27.3326435 312.373169
v -793.251587 -4.21032429 326.890778
v -720.813477 -17.0829391 401.951782
v -743.935669 6.03938055 402.181885
v -720.813477 -17.0829391 401.951782
v -736.055664 11.9407072 452.797607
v -743.935669 6.03938055 402.181885
v -736.055664 11.9407072 452.797607
v -720.813477 -17.0829391 401.951782
v -715.648315 -10.8019171 463.657196
v 69.515976 8.51297081e-15 672.393311
v 58.3459206 19.3605213 695.342957
v 69.5158768 8.5129581e-15 695.342957
v 58.3459206 19.3605213 695.342957
v 69.515976 8.51297081e-15 672.393311
v 58.3459206 19.3605213 672.393311
v 58.3459206 19.3605213 672.393311
v 35.9828911 19.3605213 695.342957
v 58.3459206 19.3605213 695.342957
v 35.9828911 19.3605213 695.342957
v 58.3459206 19.3605213 672.393311
v 35.9828911 19.3605213 672.393311
v 35.9828911 19.3605213 672.393311
v 24.8013763 3.03719227e-15 695.342957
v 35.9828911 19.3605213 695.342957
v 24.8013763 3.03719227e-15 695.342957
v 35.9828911 19.3605213 672.393311
v 24.8013763 3.03719227e-15 672.393311
v 24.8013763 3.03719227e-15 672.39325
v 35.9828911 -19.3606186 695.342957
v 24.8013763 3.03719227e-15 695.342957
v 35.9828911 -19.3606186 695.342957
v 24.8013763 3.03719227e-15 672.39325
v 35.9828911 -19.3606186 672.39325
v 35.9828911 -19.3606186 672.39325
v 58.3459206 -19.3606186 695.342957
v 35.9828911 -19.3606186 695.342957
v 58.3459206 -19.3606186 695.342957
v 35.9828911 -19.3606186 672.39325
v 58.3459206 -19.3606186 672.39325
v 58.3459206 -19.3606186 672.39325
v 69.5158768 8.5129581e-15 695.342957
v 58.3459206 -19.3606186 695.342957
v 69.5158768 8.5129581e-15 695.342957
v 58.3459206 -19.3606186 672.39325
v 69.5158768 8.5129581e-15 672.39325
v 24.8013763 3.03719227e-15 695.342957
v 58.3459206 19.3605213 695.342957
v 35.9828911 19.3605213 695.342957
v 58.3459206 19.3605213 695.342957
v 24.8013763 3.03719227e-15 695.342957
v 69.5158768 8.5129581e-15 695.342957
v 24.8013763 3.03719227e-15 695.342957
v 58.3459206 -19.3606186 695.342957
v 69.5158768 8.5129581e-15 695.342957
v 58.3459206 -19.3606186 695.342957
v 24.8013763 3.03719227e-15 695.342957
v 35.9828911 -19.3606186 695.342957
v -69.5167694 -8.51306737e-15 672.393311
v -69.5167694 -8.51306737e-15 695.342957
v -58.3467064 19.3605213 695.342957
v -58.3467064 19.3605213 695.342957
v -58.3467064 19.3605213 672.393311
v -69.5167694 -8.51306737e-15 672.393311
v -58.3467064 19.3605213 672.393311
v -58.3467064 19.3605213 695.342957
v -35.9836769 19.3605213 695.342957
v -35.9836769 19.3605213 695.342957
v -35.9836769 19.3605213 672.393311
v -58.3467064 19.3605213 672.393311
v -35.9836769 19.3605213 672.393311
v -35.9836769 19.3605213 695.342957
v -24.8021641 -3.03728884e-15 695.342957
v -24.8021641 -3.03728884e-15 695.342957
v -24.8021641 -3.03728884e-15 672.393311
v -35.9836769 19.3605213 672.393311
v -24.8021641 -3.03728884e-15 672.39325
v -24.8021641 -3.03728884e-15 695.342957
v -35.9836769 -19.3606186 695.342957
v -35.9836769 -19.3606186 695.342957
v -35.9836769 -19.3606186 672.39325
v -24.8021641 -3.03728884e-15 672.39325
v -35.9836769 -19.3606186 672.39325
v -35.9836769 -19.3606186 695.342957
v -58.3467064 -19.3606186 695.342957
v -58.3467064 -19.3606186 695.342957
v -58.3467064 -19.3606186 672.39325
v -35.9836769 -19.3606186 672.39325
v -58.3467064 -19.3606186 672.39325
v -58.3467064 -19.3606186 695.342957
v -69.5167694 -8.51306737e-15 695.342957
v -69.5167694 -8.51306737e-15 695.342957
v -69.5167694 -8.51306737e-15 672.39325
v -58.3467064 -19.3606186 672.39325
v -24.8021641 -3.03728884e-15 695.342957
v -35.9836769 19.3605213 695.342957
v -58.3467064 19.3605213 695.342957
v -58.3467064 19.3605213 695.342957
v -69.5167694 -8.51306737e-15 695.342957
v -24.8021641 -3.03728884e-15 695.342957
v -24.8021641 -3.03728884e-15 695.342957
v -69.5167694 -8.51306737e-15 695.342957
v -58.3467064 -19.3606186 695.342957
v -58.3467064 -19.3606186 695.342957
v -35.9836769 -19.3606186 695.342957
v -24.8021641 -3.03728884e-15 695.342957
v 11.181119 -9.97369766 667.424316
v 22.3510799 -29.3342171 690.028992
v 22.3510799 -29.3342171 667.424316
v 22.3510799 -29.3342171 690.028992
v 11.181119 -9.97369766 667.424316
v 11.181119 -9.97369766 690.028992
v -11.1819096 -9.97369766 667.424316
v 11.181119 -9.97369766 690.028992
v 11.181119 -9.97369766 667.424316
v 11.181119 -9.97369766 690.028992
v -11.1819096 -9.97369766 667.424316
v -11.1819096 -9.97369766 690.028992
v -22.3519688 -29.3342171 667.424316
v -11.1819096 -9.97369766 690.028992
v -11.1819096 -9.97369766 667.424316
v -11.1819096 -9.97369766 690.028992
v -22.3519688 -29.3342171 667.424316
v -22.3519688 -29.3342171 690.028992
v -22.3519688 -29.3342171 690.028992
v 11.181119 -9.97369766 690.028992
v -11.1819096 -9.97369766 690.028992
v 11.181119 -9.97369766 690.028992
v -22.3519688 -29.3342171 690.028992
v 22.3510799 -29.3342171 690.028992
v -22.3519688 -29.3342171 690.028992
v 11.181119 -48.6948395 690.028992
v 22.3510799 -29.3342171 690.028992
v 11.181119 -48.6948395 690.028992
v -22.3519688 -29.3342171 690.028992
v -11.1819096 -48.6948395 690.028992
v -11.1819096 -48.6948395 667.424316
v -22.3519688 -29.3342171 690.028992
v -22.3519688 -29.3342171 667.424316
v -22.3519688 -29.3342171 690.028992
v -11.1819096 -48.6948395 667.424316
v -11.1819096 -48.6948395 690.028992
v 11.181119 -48.6948395 667.424316
v -11.1819096 -48.6948395 690.028992
v -11.1819096 -48.6948395 667.424316
v -11.1819096 -48.6948395 690.028992
v 11.181119 -48.6948395 667.424316
v 11.181119 -48.6948395 690.028992
v 22.3510799 -29.3342171 667.424316
v 11.181119 -48.6948395 690.028992
v 11.181119 -48.6948395 667.424316
v 11.181119 -48.6948395 690.028992
v 22.3510799 -29.3342171 667.424316
v 22.3510799 -29.3342171 690.028992
v 599.975708 -55.6842995 144.980988
v 643.758362 -60.1106834 145.712326
v 607.683105 -60.1106834 145.712326
v 643.758362 -60.1106834 145.712326
v 599.975708 -55.6842995 144.980988
v 651.465759 -55.6842995 144.980988
v 650.660522 -60.4685593 164.578308
v 593.878723 -64.8991013 184.128632
v 600.780884 -60.4685593 164.578308
v 593.878723 -64.8991013 184.128632
v 650.660522 -60.4685593 164.578308
v 657.562744 -64.8991013 184.128632
v 657.562744 -64.8991013 184.128632
v 586.171265 -56.3867111 182.722519
v 593.878723 -64.8991013 184.128632
v 586.171265 -56.3867111 182.722519
v 657.562744 -64.8991013 184.128632
v 665.270081 -56.3867111 182.722519
v 664.464844 -64.6894531 202.900787
v 579.269104 -56.7445831 201.588287
v 586.976562 -64.6894531 202.900787
v 579.269104 -56.7445831 201.588287
v 664.464844 -64.6894531 202.900787
v 672.172363 -56.7445831 201.588287
v 671.769653 -56.7445831 201.588287
v 671.367065 -65.6033859 221.858704
v 664.464844 -61.1709671 202.319534
v 671.367065 -65.6033859 221.858704
v 671.769653 -56.7445831 201.588287
v 679.074402 -57.0910988 220.452393
v 643.758362 -60.1106834 145.712326
v 600.780884 -64.5544586 165.253265
v 607.683105 -60.1106834 145.712326
v 600.780884 -64.5544586 165.253265
v 643.758362 -60.1106834 145.712326
v 650.660522 -64.5544586 165.253265
v 650.660522 -64.5544586 165.253265
v 593.073425 -56.0421677 163.847061
v 600.780884 -64.5544586 165.253265
v 593.073425 -56.0421677 163.847061
v 650.660522 -64.5544586 165.253265
v 658.36792 -56.0421677 163.847061
v 600.780884 -60.4685593 164.578308
v 658.022888 -56.0421677 163.847061
v 650.660522 -60.4685593 164.578308
v 658.022888 -56.0421677 163.847061
v 600.780884 -60.4685593 164.578308
v 593.418579 -56.0421677 163.847061
v 586.976562 -64.6894531 202.900787
v 586.516418 -56.3867111 182.722519
v 593.878723 -60.8132019 183.453674
v 586.516418 -56.3867111 182.722519
v 586.976562 -64.6894531 202.900787
v 579.269104 -56.7445831 201.588287
v 664.464844 -61.1709671 202.319534
v 580.074341 -65.6033859 221.858704
v 586.976562 -61.1709671 202.319534
v 580.074341 -65.6033859 221.858704
v 664.464844 -61.1709671 202.319534
v 671.367065 -65.6033859 221.858704
v 600.780884 -64.5544586 165.253265
v 599.975708 -55.6842995 144.980988
v 607.683105 -60.1106834 145.712326
v 599.975708 -55.6842995 144.980988
v 600.780884 -64.5544586 165.253265
v 593.073425 -56.0421677 163.847061
v 593.878723 -64.8991013 184.128632
v 593.418579 -56.0421677 163.847061
v 600.780884 -60.4685593 164.578308
v 593.418579 -56.0421677 163.847061
v 593.878723 -64.8991013 184.128632
v 586.171265 -56.3867111 182.722519
v 664.925049 -56.3867111 182.722519
v 664.464844 -64.6894531 202.900787
v 657.562744 -60.8132019 183.453674
v 664.464844 -64.6894531 202.900787
v 664.925049 -56.3867111 182.722519
v 672.172363 -56.7445831 201.588287
v 679.074402 -57.0910988 220.452393
v 580.074341 -65.6033859 221.858704
v 671.367065 -65.6033859 221.858704
v 580.074341 -65.6033859 221.858704
v 679.074402 -57.0910988 220.452393
v 572.366821 -57.0910988 220.452393
v 579.671692 -56.7445831 201.588287
v 664.464844 -61.1709671 202.319534
v 586.976562 -61.1709671 202.319534
v 664.464844 -61.1709671 202.319534
v 579.671692 -56.7445831 201.588287
v 671.769653 -56.7445831 201.588287
v 651.465759 -55.6842995 144.980988
v 650.660522 -64.5544586 165.253265
v 643.758362 -60.1106834 145.712326
v 650.660522 -64.5544586 165.253265
v 651.465759 -55.6842995 144.980988
v 658.36792 -56.0421677 163.847061
v 658.022888 -56.0421677 163.847061
v 657.562744 -64.8991013 184.128632
v 650.660522 -60.4685593 164.578308
v 657.562744 -64.8991013 184.128632
v 658.022888 -56.0421677 163.847061
v 665.270081 -56.3867111 182.722519
v 664.464844 -64.6894531 202.900787
v 593.878723 -60.8132019 183.453674
v 657.562744 -60.8132019 183.453674
v 593.878723 -60.8132019 183.453674
v 664.464844 -64.6894531 202.900787
v 586.976562 -64.6894531 202.900787
v 586.516418 -56.3867111 182.722519
v 657.562744 -60.8132019 183.453674
v 593.878723 -60.8132019 183.453674
v 657.562744 -60.8132019 183.453674
v 586.516418 -56.3867111 182.722519
v 664.925049 -56.3867111 182.722519
v 580.074341 -65.6033859 221.858704
v 579.671692 -56.7445831 201.588287
v 586.976562 -61.1709671 202.319534
v 579.671692 -56.7445831 201.588287
v 580.074341 -65.6033859 221.858704
v 572.366821 -57.0910988 220.452393
v -599.976074 -55.6842995 144.980682
v -607.683472 -60.1106834 145.711929
v -643.75885 -60.1106834 145.711838
v -643.75885 -60.1106834 145.711838
v -651.466248 -55.6842995 144.980576
v -599.976074 -55.6842995 144.980682
v -650.661072 -60.4685593 164.577911
v -600.781433 -60.4685593 164.577911
v -593.87915 -64.8991013 184.128326
v -593.87915 -64.8991013 184.128326
v -657.563171 -64.8991013 184.12822
v -650.661072 -60.4685593 164.577911
v -657.563171 -64.8991013 184.12822
v -593.87915 -64.8991013 184.128326
v -586.171753 -56.3867111 182.722122
v -586.171753 -56.3867111 182.722122
v -665.270569 -56.3867111 182.722015
v -657.563171 -64.8991013 184.12822
v -664.465393 -64.6894531 202.900391
v -586.977051 -64.6894531 202.900391
v -579.269592 -56.7445831 201.587906
v -579.269592 -56.7445831 201.587906
v -672.172729 -56.7445831 201.587906
v -664.465393 -64.6894531 202.900391
v -671.770142 -56.7445831 201.587906
v -664.465393 -61.1709671 202.319138
v -671.367493 -65.6033859 221.858307
v -671.367493 -65.6033859 221.858307
v -679.075012 -57.0910988 220.452087
v -671.770142 -56.7445831 201.587906
v -643.75885 -60.1106834 145.711838
v -607.683472 -60.1106834 145.711929
v -600.781433 -64.5544586 165.252869
v -600.781433 -64.5544586 165.252869
v -650.661072 -64.5544586 165.252869
v -643.75885 -60.1106834 145.711838
v -650.661072 -64.5544586 165.252869
v -600.781433 -64.5544586 165.252869
v -593.073914 -56.0421677 163.846664
v -593.073914 -56.0421677 163.846664
v -658.368408 -56.0421677 163.846573
v -650.661072 -64.5544586 165.252869
v -600.781433 -60.4685593 164.577911
v -650.661072 -60.4685593 164.577911
v -658.023254 -56.0421677 163.846573
v -658.023254 -56.0421677 163.846573
v -593.419006 -56.0421677 163.846664
v -600.781433 -60.4685593 164.577911
v -586.977051 -64.6894531 202.900391
v -593.87915 -60.8132019 183.453369
v -586.516907 -56.3867111 182.722122
v -586.516907 -56.3867111 182.722122
v -579.269592 -56.7445831 201.587906
v -586.977051 -64.6894531 202.900391
v -664.465393 -61.1709671 202.319138
v -586.977051 -61.1709671 202.319138
v -580.07489 -65.6033859 221.858307
v -580.07489 -65.6033859 221.858307
v -671.367493 -65.6033859 221.858307
v -664.465393 -61.1709671 202.319138
v -600.781433 -64.5544586 165.252869
v -607.683472 -60.1106834 145.711929
v -599.976074 -55.6842995 144.980682
v -599.976074 -55.6842995 144.980682
v -593.073914 -56.0421677 163.846664
v -600.781433 -64.5544586 165.252869
v -593.87915 -64.8991013 184.128326
v -600.781433 -60.4685593 164.577911
v -593.419006 -56.0421677 163.846664
v -593.419006 -56.0421677 163.846664
v -586.171753 -56.3867111 182.722122
v -593.87915 -64.8991013 184.128326
v -664.925537 -56.3867111 182.722015
v -657.563171 -60.8132019 183.453262
v -664.465393 -64.6894531 202.900391
v -664.465393 -64.6894531 202.900391
v -672.172729 -56.7445831 201.587906
v -664.925537 -56.3867111 182.722015
v -679.075012 -57.0910988 220.452087
v -671.367493 -65.6033859 221.858307
v -580.07489 -65.6033859 221.858307
v -580.07489 -65.6033859 221.858307
v -572.367432 -57.0910988 220.452087
v -679.075012 -57.0910988 220.452087
v -579.67218 -56.7445831 201.587906
v -586.977051 -61.1709671 202.319138
v -664.465393 -61.1709671 202.319138
v -664.465393 -61.1709671 202.319138
v -671.770142 -56.7445831 201.587906
v -579.67218 -56.7445831 201.587906
v -651.466248 -55.6842995 144.980576
v -643.75885 -60.1106834 145.711838
v -650.661072 -64.5544586 165.252869
v -650.661072 -64.5544586 165.252869
v -658.368408 -56.0421677 163.846573
v -651.466248 -55.6842995 144.980576
v -658.023254 -56.0421677 163.846573
v -650.661072 -60.4685593 164.577911
v -657.563171 -64.8991013 184.12822
v -657.563171 -64.8991013 184.12822
v -665.270569 -56.3867111 182.722015
v -658.023254 -56.0421677 163.846573
v -664.465393 -64.6894531 202.900391
v -657.563171 -60.8132019 183.453262
v -593.87915 -60.8132019 183.453369
v -593.87915 -60.8132019 183.453369
v -586.977051 -64.6894531 202.900391
v -664.465393 -64.6894531 202.900391
v -586.516907 -56.3867111 182.722122
v -593.87915 -60.8132019 183.453369
v -657.563171 -60.8132019 183.453262
v -657.563171 -60.8132019 183.453262
v -664.925537 -56.3867111 182.722015
v -586.516907 -56.3867111 182.722122
v -580.07489 -65.6033859 221.858307
v -586.977051 -61.1709671 202.319138
v -579.67218 -56.7445831 201.587906
v -579.67218 -56.7445831 201.587906
v -572.367432 -57.0910988 220.452087
v -580.07489 -65.6033859 221.858307
v 651.465759 -55.6842995 333.213379
v 607.683105 -60.1106834 332.482025
v 643.758362 -60.1106834 332.482025
v 607.683105 -60.1106834 332.482025
v 651.465759 -55.6842995 333.213379
v 599.975586 -55.6842995 333.213379
v 600.780823 -60.4685593 313.61615
v 657.562744 -64.8991013 294.065704
v 650.660522 -60.4685593 313.61615
v 657.562744 -64.8991013 294.065704
v 600.780823 -60.4685593 313.61615
v 593.878723 -64.8991013 294.065704
v 593.878723 -64.8991013 294.065704
v 665.270203 -56.3867111 295.471924
v 657.562744 -64.8991013 294.065704
v 665.270203 -56.3867111 295.471924
v 593.878723 -64.8991013 294.065704
v 586.171265 -56.3867111 295.471924
v 586.97644 -64.6894531 275.293488
v 672.172363 -56.7445831 276.606049
v 664.464844 -64.6894531 275.293488
v 672.172363 -56.7445831 276.606049
v 586.97644 -64.6894531 275.293488
v 579.269104 -56.7445831 276.606049
v 579.671814 -56.7445831 276.606049
v 580.074402 -65.6033859 256.335663
v 586.97644 -61.1709671 275.874817
v 580.074402 -65.6033859 256.335663
v 579.671814 -56.7445831 276.606049
v 572.366943 -57.0910988 257.741943
v 607.683105 -60.1106834 332.482025
v 650.660522 -64.5544586 312.941101
v 643.758362 -60.1106834 332.482025
v 650.660522 -64.5544586 312.941101
v 607.683105 -60.1106834 332.482025
v 600.780823 -64.5544586 312.941101
v 600.780823 -64.5544586 312.941101
v 658.36792 -56.0421677 314.347382
v 650.660522 -64.5544586 312.941101
v 658.36792 -56.0421677 314.347382
v 600.780823 -64.5544586 312.941101
v 593.073425 -56.0421677 314.347382
v 650.660522 -60.4685593 313.61615
v 593.418579 -56.0421677 314.347382
v 600.780823 -60.4685593 313.61615
v 593.418579 -56.0421677 314.347382
v 650.660522 -60.4685593 313.61615
v 658.022888 -56.0421677 314.347382
v 664.464844 -64.6894531 275.293488
v 664.925049 -56.3867111 295.471924
v 657.562744 -60.8132019 294.740692
v 664.925049 -56.3867111 295.471924
v 664.464844 -64.6894531 275.293488
v 672.172363 -56.7445831 276.606049
v 586.97644 -61.1709671 275.874817
v 671.367065 -65.6033859 256.335663
v 664.464844 -61.1709671 275.874817
v 671.367065 -65.6033859 256.335663
v 586.97644 -61.1709671 275.874817
v 580.074402 -65.6033859 256.335663
v 650.660522 -64.5544586 312.941101
v 651.465759 -55.6842995 333.213379
v 643.758362 -60.1106834 332.482025
v 651.465759 -55.6842995 333.213379
v 650.660522 -64.5544586 312.941101
v 658.36792 -56.0421677 314.347382
v 657.562744 -64.8991013 294.065704
v 658.022888 -56.0421677 314.347382
v 650.660522 -60.4685593 313.61615
v 658.022888 -56.0421677 314.347382
v 657.562744 -64.8991013 294.065704
v 665.270203 -56.3867111 295.471924
v 586.516418 -56.3867111 295.471924
v 586.97644 -64.6894531 275.293488
v 593.878723 -60.8132019 294.740692
v 586.97644 -64.6894531 275.293488
v 586.516418 -56.3867111 295.471924
v 579.269104 -56.7445831 276.606049
v 572.366943 -57.0910988 257.741943
v 671.367065 -65.6033859 256.335663
v 580.074402 -65.6033859 256.335663
v 671.367065 -65.6033859 256.335663
v 572.366943 -57.0910988 257.741943
v 679.074402 -57.0910988 257.741943
v 671.769714 -56.7445831 276.606049
v 586.97644 -61.1709671 275.874817
v 664.464844 -61.1709671 275.874817
v 586.97644 -61.1709671 275.874817
v 671.769714 -56.7445831 276.606049
v 579.671814 -56.7445831 276.606049
v 599.975586 -55.6842995 333.213379
v 600.780823 -64.5544586 312.941101
v 607.683105 -60.1106834 332.482025
v 600.780823 -64.5544586 312.941101
v 599.975586 -55.6842995 333.213379
v 593.073425 -56.0421677 314.347382
v 593.418579 -56.0421677 314.347382
v 593.878723 -64.8991013 294.065704
v 600.780823 -60.4685593 313.61615
v 593.878723 -64.8991013 294.065704
v 593.418579 -56.0421677 314.347382
v 586.171265 -56.3867111 295.471924
v 586.97644 -64.6894531 275.293488
v 657.562744 -60.8132019 294.740692
v 593.878723 -60.8132019 294.740692
v 657.562744 -60.8132019 294.740692
v 586.97644 -64.6894531 275.293488
v 664.464844 -64.6894531 275.293488
v 664.925049 -56.3867111 295.471924
v 593.878723 -60.8132019 294.740692
v 657.562744 -60.8132019 294.740692
v 593.878723 -60.8132019 294.740692
v 664.925049 -56.3867111 295.471924
v 586.516418 -56.3867111 295.471924
v 671.367065 -65.6033859 256.335663
v 671.769714 -56.7445831 276.606049
v 664.464844 -61.1709671 275.874817
v 671.769714 -56.7445831 276.606049
v 671.367065 -65.6033859 256.335663
v 679.074402 -57.0910988 257.741943
v -651.46637 -55.6842995 333.212982
v -643.75885 -60.1106834 332.48175
v -607.683533 -60.1106834 332.48175
v -607.683533 -60.1106834 332.48175
v -599.976135 -55.6842995 333.212982
v -651.46637 -55.6842995 333.212982
v -600.781433 -60.4685593 313.615753
v -650.661133 -60.4685593 313.615753
v -657.563293 -64.8991013 294.065338
v -657.563293 -64.8991013 294.065338
v -593.879211 -64.8991013 294.065338
v -600.781433 -60.4685593 313.615753
v -593.879211 -64.8991013 294.065338
v -657.563293 -64.8991013 294.065338
v -665.270691 -56.3867111 295.471558
v -665.270691 -56.3867111 295.471558
v -586.171875 -56.3867111 295.471558
v -593.879211 -64.8991013 294.065338
v -586.977051 -64.6894531 275.29306
v -664.465454 -64.6894531 275.29306
v -672.172791 -56.7445831 276.605682
v -672.172791 -56.7445831 276.605682
v -579.269714 -56.7445831 276.605682
v -586.977051 -64.6894531 275.29306
v -579.672302 -56.7445831 276.605682
v -586.977051 -61.1709671 275.87442
v -580.07489 -65.6033859 256.335266
v -580.07489 -65.6033859 256.335266
v -572.367554 -57.0910988 257.741547
v -579.672302 -56.7445831 276.605682
v -607.683533 -60.1106834 332.48175
v -643.75885 -60.1106834 332.48175
v -650.661133 -64.5544586 312.940674
v -650.661133 -64.5544586 312.940674
v -600.781433 -64.5544586 312.940674
v -607.683533 -60.1106834 332.48175
v -600.781433 -64.5544586 312.940674
v -650.661133 -64.5544586 312.940674
v -658.36853 -56.0421677 314.346985
v -658.36853 -56.0421677 314.346985
v -593.074036 -56.0421677 314.346985
v -600.781433 -64.5544586 312.940674
v -650.661133 -60.4685593 313.615753
v -600.781433 -60.4685593 313.615753
v -593.419189 -56.0421677 314.346985
v -593.419189 -56.0421677 314.346985
v -658.023376 -56.0421677 314.346985
v -650.661133 -60.4685593 313.615753
v -664.465454 -64.6894531 275.29306
v -657.563293 -60.8132019 294.740295
v -664.925537 -56.3867111 295.471558
v -664.925537 -56.3867111 295.471558
v -672.172791 -56.7445831 276.605682
v -664.465454 -64.6894531 275.29306
v -586.977051 -61.1709671 275.87442
v -664.465454 -61.1709671 275.87442
v -671.367615 -65.6033859 256.335266
v -671.367615 -65.6033859 256.335266
v -580.07489 -65.6033859 256.335266
v -586.977051 -61.1709671 275.87442
v -650.661133 -64.5544586 312.940674
v -643.75885 -60.1106834 332.48175
v -651.46637 -55.6842995 333.212982
v -651.46637 -55.6842995 333.212982
v -658.36853 -56.0421677 314.346985
v -650.661133 -64.5544586 312.940674
v -657.563293 -64.8991013 294.065338
v -650.661133 -60.4685593 313.615753
v -658.023376 -56.0421677 314.346985
v -658.023376 -56.0421677 314.346985
v -665.270691 -56.3867111 295.471558
v -657.563293 -64.8991013 294.065338
v -586.516907 -56.3867111 295.471558
v -593.879211 -60.8132019 294.740295
v -586.977051 -64.6894531 275.29306
v -586.977051 -64.6894531 275.29306
v -579.269714 -56.7445831 276.605682
v -586.516907 -56.3867111 295.471558
v -572.367554 -57.0910988 257.741547
v -580.07489 -65.6033859 256.335266
v -671.367615 -65.6033859 256.335266
v -671.367615 -65.6033859 256.335266
v -679.075012 -57.0910988 257.741547
v -572.367554 -57.0910988 257.741547
v -671.770203 -56.7445831 276.605682
v -664.465454 -61.1709671 275.87442
v -586.977051 -61.1709671 275.87442
v -586.977051 -61.1709671 275.87442
v -579.672302 -56.7445831 276.605682
v -671.770203 -56.7445831 276.605682
v -599.976135 -55.6842995 333.212982
v -607.683533 -60.1106834 332.48175
v -600.781433 -64.5544586 312.940674
v -600.781433 -64.5544586 312.940674
v -593.074036 -56.0421677 314.346985
v -599.976135 -55.6842995 333.212982
v -593.419189 -56.0421677 314.346985
v -600.781433 -60.4685593 313.615753
v -593.879211 -64.8991013 294.065338
v -593.879211 -64.8991013 294.065338
v -586.171875 -56.3867111 295.471558
v -593.419189 -56.0421677 314.346985
v -586.977051 -64.6894531 275.29306
v -593.879211 -60.8132019 294.740295
v -657.563293 -60.8132019 294.740295
v -657.563293 -60.8132019 294.740295
v -664.465454 -64.6894531 275.29306
v -586.977051 -64.6894531 275.29306
v -664.925537 -56.3867111 295.471558
v -657.563293 -60.8132019 294.740295
v -593.879211 -60.8132019 294.740295
v -593.879211 -60.8132019 294.740295
v -586.516907 -56.3867111 295.471558
v -664.925537 -56.3867111 295.471558
v -671.367615 -65.6033859 256.335266
v -664.465454 -61.1709671 275.87442
v -671.770203 -56.7445831 276.605682
v -671.770203 -56.7445831 276.605682
v -679.075012 -57.0910988 257.741547
v -671.367615 -65.6033859 256.335266

# 738 UV coordinates
vt 0.160999998 0.553900003 0
vt 0.125300005 0.596199989 0
vt 0.175300002 0.575800002 0
vt 0.114100002 0.571699977 0
vt 0.139500007 0.520300031 0
vt 0.0978000015 0.53579998 0
vt 0.107500002 0.524399996 0
vt 0.0754000023 0.652199984 0
vt 0.0203000009 0.65079999 0
vt 0.0225000009 0.662699997 0
vt 0.0732000023 0.640399992 0
vt 0.151700005 0.641499996 0
vt 0.158899993 0.680400014 0
vt 0.181899995 0.638999999 0
vt 0.187700003 0.672100008 0
vt 0.251599997 0.664000034 0
vt 0.2447 0.624599993 0
vt 0.268900007 0.658900023 0
vt 0.336299986 0.591199994 0
vt 0.262100011 0.619500041 0
vt 0.3486 0.660899997 0
vt 0.388099998 0.583199978 0
vt 0.400200009 0.651800036 0
vt 0.204899997 0.43870002 0
vt 0.300599992 0.494400024 0
vt 0.312700003 0.443400025 0
vt 0.200299993 0.492399991 0
vt 0.282400012 0.571799994 0
vt 0.193499997 0.570500016 0
vt 0.219500005 0.586099982 0
vt 0.229300007 0.898000002 0
vt 0.236100003 0.891900003 0
vt 0.229300007 0.895600021 0
vt 0.244299993 0.898000002 0
vt 0.244299993 0.891900003 0
vt 0.244299993 0.874899983 0
vt 0.244200006 0.868799984 0
vt 0.236100003 0.874899983 0
vt 0.229200006 0.868799984 0
vt 0.229200006 0.871299982 0
vt 0.228400007 0.889899969 0
vt 0.225899994 0.877600014 0
vt 0.225899994 0.889899969 0
vt 0.228300005 0.877600014 0
vt 0.236100003 0.877600014 0
vt 0.236100003 0.889899969 0
vt 0.244299993 0.877600014 0
vt 0.244299993 0.889899969 0
vt 0.687099993 0.246800005 0
vt 0.712499976 0.254599988 0
vt 0.694000006 0.264699996 0
vt 0.703199983 0.237100005 0
vt 0.680100024 0.220099986 0
vt 0.688499987 0.2148 0
vt 0.628400028 0.189999998 0
vt 0.581900001 0.215300024 0
vt 0.578999996 0.205799997 0
vt 0.628600001 0.199899971 0
vt 0.678300023 0.205500007 0
vt 0.675199986 0.215300024 0
vt 0.543600023 0.254599988 0
vt 0.569000006 0.246800005 0
vt 0.562099993 0.264699996 0
vt 0.552900016 0.237100005 0
vt 0.575999975 0.220200002 0
vt 0.567600012 0.214900017 0
vt 0.574899971 0.246800005 0
vt 0.628600001 0.258700013 0
vt 0.568000019 0.264699996 0
vt 0.628600001 0.232200027 0
vt 0.682200015 0.246800005 0
vt 0.689100027 0.264699996 0
vt 0.581900001 0.220200002 0
vt 0.628600001 0.20480001 0
vt 0.675199986 0.220099986 0
vt 0.416900009 0.440699995 0
vt 0.372700006 0.469099998 0
vt 0.398900002 0.4296 0
vt 0.384200007 0.49119997 0
vt 0.433299989 0.458100021 0
vt 0.398600012 0.530799985 0
vt 0.369700015 0.52670002 0
vt 0.395700008 0.567399979 0
vt 0.369700015 0.542899966 0
vt 0.398600012 0.546999991 0
vt 0.366699994 0.563300014 0
vt 0.335900009 0.485499978 0
vt 0.340499997 0.528800011 0
vt 0.3213 0.521200001 0
vt 0.354999989 0.493300021 0
vt 0.356400013 0.468500018 0
vt 0.343100011 0.463 0
vt 0.37439999 0.424700022 0
vt 0.360300004 0.418900013 0
vt 0.378399998 0.405200005 0
vt 0.389400005 0.409699976 0
vt 0.0691 0.931999981 0
vt 0.0142000001 0.948400021 0
vt 0.0142000001 0.931999981 0
vt 0.0691 0.948499978 0
vt 0.1109 0.937099993 0
vt 0.1109 0.952600002 0
vt 0.136500001 0.941600025 0
vt 0.136500001 0.953499973 0
vt 0.155000001 0.953499973 0
vt 0.155000001 0.941600025 0
vt 0.180600002 0.952600002 0
vt 0.180600002 0.937099993 0
vt 0.222399995 0.948499978 0
vt 0.222399995 0.932099998 0
vt 0.2773 0.932099998 0
vt 0.277399987 0.948499978 0
vt 0.0932999998 0.907700002 0
vt 0.134499997 0.92049998 0
vt 0.115999997 0.92049998 0
vt 0.157100007 0.907700002 0
vt 0.0807000026 0.867599964 0
vt 0.169799998 0.867599964 0
vt 0.0372000001 0.833899975 0
vt 0.213200003 0.833899975 0
vt 0.213200003 0.770399988 0
vt 0.0372000001 0.770399988 0
vt 0.414700001 0.168200016 0
vt 0.428000003 0.122600019 0
vt 0.424100012 0.168900013 0
vt 0.407799989 0.120899975 0
vt 0.426600009 0.0881999731 0
vt 0.408699989 0.0867000222 0
vt 0.518299997 0.121299982 0
vt 0.530700028 0.167100012 0
vt 0.521399975 0.167699993 0
vt 0.538500011 0.119899988 0
vt 0.520200014 0.0868999958 0
vt 0.538100004 0.0856999755 0
vt 0.432500005 0.118099988 0
vt 0.497000009 0.16109997 0
vt 0.450199991 0.16109997 0
vt 0.514800012 0.118099988 0
vt 0.433400005 0.0837000012 0
vt 0.513800025 0.0837000012 0
vt 0.497200012 0.165899992 0
vt 0.450399995 0.175300002 0
vt 0.450399995 0.165899992 0
vt 0.497200012 0.175300002 0
vt 0.215200007 0.200399995 0
vt 0.236900002 0.17930001 0
vt 0.222499996 0.202000022 0
vt 0.231099993 0.174799979 0
vt 0.214399993 0.161599994 0
vt 0.159899995 0.200999975 0
vt 0.159899995 0.162199974 0
vt 0.1435 0.175700009 0
vt 0.137700006 0.180400014 0
vt 0.220300004 0.217000008 0
vt 0.2139 0.220300019 0
vt 0.187900007 0.234499991 0
vt 0.161599994 0.220899999 0
vt 0.155100003 0.217700005 0
vt 0.152600005 0.202700019 0
vt 0.326200008 0.172699988 0
vt 0.354499996 0.203999996 0
vt 0.343899995 0.209100008 0
vt 0.340999991 0.165499985 0
vt 0.293900013 0.109300017 0
vt 0.317200005 0.09799999 0
vt 0.0240000002 0.210699975 0
vt 0.0485000014 0.176400006 0
vt 0.0351000018 0.214600027 0
vt 0.0329999998 0.171000004 0
vt 0.0732999966 0.109700024 0
vt 0.0489000008 0.101100028 0
vt 0.0905999988 0.0249000192 0
vt 0.108999997 0.0544999838 0
vt 0.0907000005 0.0365999937 0
vt 0.108999997 0.0194000006 0
vt 0.187600002 0.0529999733 0
vt 0.1875 0.0191000104 0
vt 0.265899986 0.0188000202 0
vt 0.266200006 0.05400002 0
vt 0.284399986 0.0242000222 0
vt 0.284399986 0.0358999968 0
vt 0.323199987 0.0861999989 0
vt 0.335999995 0.0609999895 0
vt 0.347200006 0.076399982 0
vt 0.31099999 0.0708000064 0
vt 0.311800003 0.00970000029 0
vt 0.289799988 0.018599987 0
vt 0.0944999978 0.105199993 0
vt 0.114799999 0.148999989 0
vt 0.0890000015 0.144800007 0
vt 0.119099997 0.0995000005 0
vt 0.145199999 0.148199975 0
vt 0.0754999965 0.22359997 0
vt 0.0548 0.208000004 0
vt 0.187600002 0.0623000264 0
vt 0.1884 0.148199975 0
vt 0.2315 0.147400022 0
vt 0.256700009 0.0982000232 0
vt 0.261900008 0.147599995 0
vt 0.302599996 0.221499979 0
vt 0.323000014 0.20539999 0
vt 0.287600011 0.14289999 0
vt 0.281399995 0.103399992 0
vt 0.75819999 0.526600003 0
vt 0.754199982 0.525699973 0
vt 0.769400001 0.462300003 0
vt 0.789600015 0.467100024 0
vt 0.774500012 0.530499995 0
vt 0.555999994 0.462300003 0
vt 0.571099997 0.525699973 0
vt 0.567200005 0.526600003 0
vt 0.53579998 0.467100024 0
vt 0.550899982 0.530499995 0
vt 0.943400025 0.287800014 0
vt 0.986800015 0.300100029 0
vt 0.943199992 0.317099988 0
vt 0.986899972 0.279299974 0
vt 0.943400025 0.279200017 0
vt 0.617500007 0.300300002 0
vt 0.661000013 0.287899971 0
vt 0.66109997 0.317300022 0
vt 0.617399991 0.279500008 0
vt 0.660899997 0.279299974 0
vt 0.615999997 0.529999971 0
vt 0.581399977 0.551200032 0
vt 0.581399977 0.547199965 0
vt 0.615999997 0.559599996 0
vt 0.581399977 0.567999959 0
vt 0.615999997 0.567999959 0
vt 0.708299994 0.559599996 0
vt 0.708299994 0.567999959 0
vt 0.742799997 0.567999959 0
vt 0.742799997 0.551200032 0
vt 0.708299994 0.529999971 0
vt 0.742799997 0.547199965 0
vt 0.82889998 0.299600005 0
vt 0.77640003 0.287199974 0
vt 0.828999996 0.287199974 0
vt 0.776499987 0.299600005 0
vt 0.768899977 0.299600005 0
vt 0.668600023 0.287899971 0
vt 0.768899977 0.287199974 0
vt 0.66869998 0.317300022 0
vt 0.935800016 0.287800014 0
vt 0.835399985 0.299600005 0
vt 0.835500002 0.287199974 0
vt 0.935699999 0.317099988 0
vt 0.563000023 0.462300003 0
vt 0.615999997 0.518100023 0
vt 0.578199983 0.525699973 0
vt 0.598800004 0.432200015 0
vt 0.708299994 0.518100023 0
vt 0.725499988 0.432200015 0
vt 0.761200011 0.462300003 0
vt 0.746100008 0.525699973 0
vt 0.635900021 0.337400019 0
vt 0.688399971 0.337400019 0
vt 0.714299977 0.165199995 0
vt 0.710399985 0.187399983 0
vt 0.744899988 0.156099975 0
vt 0.75059998 0.195900023 0
vt 0.785600007 0.158299983 0
vt 0.797999978 0.192300022 0
vt 0.82190001 0.181999981 0
vt 0.708400011 0.199100018 0
vt 0.937600017 0.0299000144 0
vt 0.887099981 0.0317999721 0
vt 0.92930001 0.0494999886 0
vt 0.895399988 0.0120999813 0
vt 0.793900013 0.105499983 0
vt 0.733099997 0.0498999953 0
vt 0.741100013 0.0910000205 0
vt 0.802200019 0.0370000005 0
vt 0.863699973 0.100099981 0
vt 0.883700013 0.0414999723 0
vt 0.924899995 0.0582000017 0
vt 0.681400001 0.137600005 0
vt 0.722599983 0.116100013 0
vt 0.678300023 0.11559999 0
vt 0.722299993 0.138000011 0
vt 0.780300021 0.138700008 0
vt 0.780600011 0.11680001 0
vt 0.854399979 0.139599979 0
vt 0.854600012 0.117699981 0
vt 0.933000028 0.140500009 0
vt 0.933200002 0.118600011 0
vt 0.262800008 0.337899983 0
vt 0.299499989 0.293600023 0
vt 0.270200014 0.342400014 0
vt 0.278200001 0.280700028 0
vt 0.204699993 0.280700028 0
vt 0.256300002 0.337899983 0
vt 0.220100001 0.337899983 0
vt 0.271699995 0.280700028 0
vt 0.256300002 0.343900025 0
vt 0.220100001 0.352500021 0
vt 0.220100001 0.343900025 0
vt 0.256300002 0.352500021 0
vt 0.176400006 0.293600023 0
vt 0.213100001 0.337899983 0
vt 0.205699995 0.342400014 0
vt 0.197699994 0.280700028 0
vt 0.594399989 0.0174000263 0
vt 0.628799975 0.0209000111 0
vt 0.600399971 0.0209000111 0
vt 0.634899974 0.0174000263 0
vt 0.634199977 0.0611000061 0
vt 0.58950001 0.0769000053 0
vt 0.594900012 0.0611000061 0
vt 0.639599979 0.0769000053 0
vt 0.639599979 0.0795000196 0
vt 0.583500028 0.0861999989 0
vt 0.58950001 0.0795000196 0
vt 0.645699978 0.0861999989 0
vt 0.647000015 0.121100008 0
vt 0.579999983 0.127399981 0
vt 0.586000025 0.121100008 0
vt 0.652999997 0.127399981 0
vt 0.656199992 0.141499996 0
vt 0.654799998 0.158900023 0
vt 0.649399996 0.143100023 0
vt 0.663299978 0.155600011 0
vt 0.628799975 0.0224000216 0
vt 0.595000029 0.0382000208 0
vt 0.600399971 0.0224000216 0
vt 0.634199977 0.0382000208 0
vt 0.634199977 0.0399000049 0
vt 0.58890003 0.0467000008 0
vt 0.595000029 0.0399000049 0
vt 0.640299976 0.0467000008 0
vt 0.594900012 0.0587000251 0
vt 0.640200019 0.0551999807 0
vt 0.634199977 0.0587000251 0
vt 0.58890003 0.0551999807 0
vt 0.582400024 0.118499994 0
vt 0.580900013 0.101400018 0
vt 0.587800026 0.102900028 0
vt 0.574100018 0.11559999 0
vt 0.646099985 0.143100023 0
vt 0.57980001 0.158900023 0
vt 0.585200012 0.143100023 0
vt 0.651600003 0.158900023 0
vt 0.592400014 0.0382000208 0
vt 0.591000021 0.0207999945 0
vt 0.597800016 0.0224000216 0
vt 0.583899975 0.0350000262 0
vt 0.586300015 0.0769000053 0
vt 0.584900022 0.059499979 0
vt 0.591700017 0.0611000061 0
vt 0.577799976 0.0735999942 0
vt 0.65140003 0.101400018 0
vt 0.649999976 0.118499994 0
vt 0.644599974 0.102900028 0
vt 0.658299983 0.11559999 0
vt 0.657599986 0.167999983 0
vt 0.57980001 0.161199987 0
vt 0.651600003 0.161199987 0
vt 0.573700011 0.167999983 0
vt 0.579200029 0.137000024 0
vt 0.646099985 0.140500009 0
vt 0.585200012 0.140500009 0
vt 0.652199984 0.137000024 0
vt 0.638199985 0.0207999945 0
vt 0.636799991 0.0382000208 0
vt 0.631399989 0.0224000216 0
vt 0.645299971 0.0350000262 0
vt 0.644500017 0.059499979 0
vt 0.643100023 0.0769000053 0
vt 0.637600005 0.0611000061 0
vt 0.651600003 0.0735999942 0
vt 0.647000015 0.118499994 0
vt 0.591499984 0.102900028 0
vt 0.641499996 0.102900028 0
vt 0.586000025 0.118499994 0
vt 0.585399985 0.0964000225 0
vt 0.641499996 0.0999000072 0
vt 0.591499984 0.0999000072 0
vt 0.647599995 0.0964000225 0
vt 0.576499999 0.158900023 0
vt 0.575100005 0.141499996 0
vt 0.582000017 0.143100023 0
vt 0.568000019 0.155600011 0
vt 0.444499999 0.305499971 0
vt 0.406699985 0.373000026 0
vt 0.444499999 0.359799981 0
vt 0.406699985 0.2949 0
vt 0.372500002 0.304700017 0
vt 0.372500002 0.373399973 0
vt 0.372500002 0.294399977 0
vt 0.51639998 0.203299999 0
vt 0.444099993 0.21359998 0
vt 0.51639998 0.213500023 0
vt 0.444099993 0.203299999 0
vt 0.51639998 0.446099997 0
vt 0.448500007 0.412100017 0
vt 0.444000006 0.446099997 0
vt 0.51639998 0.412800014 0
vt 0.455799997 0.372799993 0
vt 0.51639998 0.372799993 0
vt 0.448500007 0.256699979 0
vt 0.51639998 0.2227 0
vt 0.444099993 0.2227 0
vt 0.51639998 0.255999982 0
vt 0.455799997 0.295300007 0
vt 0.51639998 0.295300007 0
vt 0.455799997 0.305499971 0
vt 0.51639998 0.359799981 0
vt 0.51639998 0.305499971 0
vt 0.455799997 0.359799981 0
vt 0.527199984 0.359799981 0
vt 0.564899981 0.294700027 0
vt 0.527199984 0.305499971 0
vt 0.564899981 0.373199999 0
vt 0.59829998 0.304700017 0
vt 0.59829998 0.294399977 0
vt 0.59829998 0.373399973 0
vt 0.265500009 0.897400022 0
vt 0.274800003 0.890699983 0
vt 0.265500009 0.894299984 0
vt 0.284000009 0.897400022 0
vt 0.284000009 0.890699983 0
vt 0.274800003 0.873700023 0
vt 0.265500009 0.8671 0
vt 0.265500009 0.870100021 0
vt 0.284000009 0.8671 0
vt 0.284000009 0.873700023 0
vt 0.264800012 0.888700008 0
vt 0.261799991 0.876399994 0
vt 0.261799991 0.888700008 0
vt 0.264800012 0.876399994 0
vt 0.274800003 0.876399994 0
vt 0.274800003 0.888700008 0
vt 0.284000009 0.876399994 0
vt 0.284000009 0.888700008 0
vt 0.791800022 0.71509999 0
vt 0.80250001 0.720700026 0
vt 0.798099995 0.694599986 0
vt 0.825299978 0.732499957 0
vt 0.867699981 0.694599986 0
vt 0.873199999 0.716500044 0
vt 0.877200007 0.732499957 0
vt 0.764100015 0.614499986 0
vt 0.776799977 0.655600011 0
vt 0.7852 0.603500009 0
vt 0.916000009 0.655600011 0
vt 0.831200004 0.579699993 0
vt 0.926999986 0.611799955 0
vt 0.935000002 0.579699993 0
vt 0.566299975 0.701900005 0
vt 0.592800021 0.68599999 0
vt 0.566699982 0.685099959 0
vt 0.592299998 0.703799963 0
vt 0.626299977 0.648499966 0
vt 0.601100028 0.631500006 0
vt 0.605199993 0.648699999 0
vt 0.629899979 0.631199956 0
vt 0.600399971 0.581099987 0
vt 0.733699977 0.680000007 0
vt 0.709900022 0.664200008 0
vt 0.709500015 0.680000007 0
vt 0.733699977 0.664200008 0
vt 0.776799977 0.664200008 0
vt 0.776799977 0.680000007 0
vt 0.916000009 0.664200008 0
vt 0.916000009 0.680000007 0
vt 0.961300015 0.664200008 0
vt 0.961300015 0.680000007 0
vt 0.567200005 0.654299974 0
vt 0.592700005 0.676499963 0
vt 0.593400002 0.655300021 0
vt 0.566600025 0.675500035 0
vt 0.559899986 0.631500006 0
vt 0.5352 0.648000002 0
vt 0.556200027 0.647799969 0
vt 0.531199992 0.631700039 0
vt 0.559300005 0.582000017 0
vt 0.567399979 0.582000017 0
vt 0.594099998 0.631500006 0
vt 0.593400002 0.581099987 0
vt 0.568000019 0.631500006 0
vt 0.593500018 0.649199963 0
vt 0.567300022 0.648200035 0
vt 0.4912 0.716400027 0
vt 0.42750001 0.671900034 0
vt 0.475199997 0.656899989 0
vt 0.468400002 0.799499989 0
vt 0.50880003 0.782000005 0
vt 0.487399995 0.812999964 0
vt 0.515200019 0.805299997 0
vt 0.589399993 0.805299997 0
vt 0.595799983 0.782000005 0
vt 0.617200017 0.812999964 0
vt 0.636200011 0.799499989 0
vt 0.613399982 0.716400027 0
vt 0.677100003 0.671900034 0
vt 0.629400015 0.656899989 0
vt 0.435400009 0.585000038 0
vt 0.42750001 0.661000013 0
vt 0.404399991 0.625499964 0
vt 0.475199997 0.646100044 0
vt 0.677100003 0.661000013 0
vt 0.669200003 0.585000038 0
vt 0.700200021 0.625499964 0
vt 0.629400015 0.646100044 0
vt 0.331 0.831699967 0
vt 0.46509999 0.87409997 0
vt 0.331 0.87409997 0
vt 0.46509999 0.831699967 0
vt 0.488000005 0.827800035 0
vt 0.488000005 0.878000021 0
vt 0.515200019 0.891200006 0
vt 0.515200019 0.818300009 0
vt 0.589399993 0.818300009 0
vt 0.589399993 0.891200006 0
vt 0.616599977 0.827800035 0
vt 0.616599977 0.878000021 0
vt 0.639599979 0.87409997 0
vt 0.639599979 0.831699967 0
vt 0.773599982 0.87409997 0
vt 0.773599982 0.831699967 0
vt 0.532700002 0.910600007 0
vt 0.508700013 0.913299978 0
vt 0.518100023 0.906499982 0
vt 0.523500025 0.944199979 0
vt 0.488299996 0.977100015 0
vt 0.512600005 0.984700024 0
vt 0.57889998 0.944199979 0
vt 0.569800019 0.910600007 0
vt 0.593800008 0.913299978 0
vt 0.614199996 0.977100015 0
vt 0.5898 0.984700024 0
vt 0.584299982 0.906499982 0
vt 0.0458000004 0.39319998 0
vt 0.0759000033 0.351000011 0
vt 0.0458000004 0.372500002 0
vt 0.0759999976 0.40200001 0
vt 0.146400005 0.37470001 0
vt 0.146400005 0.351000011 0
vt 0.146500006 0.40200001 0
vt 0.168899998 0.467999995 0
vt 0.158500001 0.416199982 0
vt 0.152799994 0.466099977 0
vt 0.185699999 0.419399977 0
vt 0.0759999976 0.416199982 0
vt 0.140799999 0.466099977 0
vt 0.146500006 0.416199982 0
vt 0.0715000033 0.458199978 0
vt 0.138999999 0.482200027 0
vt 0.0445999987 0.416700006 0
vt 0.0406000018 0.45450002 0
vt 0.0388999991 0.340699971 0
vt 0.0141000003 0.305100024 0
vt 0.0182000007 0.342899978 0
vt 0.0348000005 0.302900016 0
vt 0.0759000033 0.340600014 0
vt 0.0713 0.298600018 0
vt 0.140499994 0.290700018 0
vt 0.146400005 0.340600014 0
vt 0.138799995 0.262700021 0
vt 0.0713 0.285399973 0
vt 0.140499994 0.277499974 0
vt 0.0693000033 0.268100023 0
vt 0.0392000005 0.267400026 0
vt 0.0368000008 0.246800005 0
vt 0.0653999969 0.234700024 0
vt 0.417100012 0.0530999899 0
vt 0.425300002 0.0537999868 0
vt 0.41960001 0.0155000091 0
vt 0.530300021 0.0519999862 0
vt 0.522099972 0.0526000261 0
vt 0.528500021 0.0144000053 0
vt 0.512899995 0.049300015 0
vt 0.434300005 0.049300015 0
vt 0.494199991 0.0153999925 0
vt 0.453000009 0.0153999925 0
vt 0.951200008 0.156700015 0
vt 0.948499978 0.156700015 0
vt 0.946699977 0.158500016 0
vt 0.953000009 0.158500016 0
vt 0.946699977 0.16109997 0
vt 0.948499978 0.162899971 0
vt 0.953000009 0.16109997 0
vt 0.951200008 0.162899971 0
vt 0.961600006 0.162899971 0
vt 0.958999991 0.250800014 0
vt 0.961600006 0.250800014 0
vt 0.958999991 0.162899971 0
vt 0.956399977 0.250800014 0
vt 0.956399977 0.162899971 0
vt 0.953800023 0.250800014 0
vt 0.953800023 0.162899971 0
vt 0.951200008 0.250800014 0
vt 0.948599994 0.250800014 0
vt 0.945900023 0.250800014 0
vt 0.945900023 0.162899971 0
vt 0.943300009 0.250800014 0
vt 0.943300009 0.162899971 0
vt 0.940699995 0.250800014 0
vt 0.940699995 0.162899971 0
vt 0.810899973 0.449100018 0
vt 0.847500026 0.504899979 0
vt 0.845300019 0.447899997 0
vt 0.81309998 0.506099999 0
vt 0.911800027 0.508700013 0
vt 0.933700025 0.423500001 0
vt 0.89200002 0.425700009 0
vt 0.954699993 0.500200033 0
vt 0.95569998 0.505100012 0
vt 0.902100027 0.516299963 0
vt 0.850199997 0.5449 0
vt 0.898299992 0.550400019 0
vt 0.853999972 0.510800004 0
vt 0.970099986 0.413399994 0
vt 0.944700003 0.433099985 0
vt 0.973999977 0.427600026 0
vt 0.936999977 0.422399998 0
vt 0.957899988 0.499100029 0
vt 0.962700009 0.497799993 0
vt 0.855599999 0.504299998 0
vt 0.883899987 0.426800013 0
vt 0.853399992 0.447300017 0
vt 0.903699994 0.509799957 0
vt 0.853200018 0.387000024 0
vt 0.770500004 0.384299994 0
vt 0.822700024 0.407500029 0
vt 0.783299983 0.337800026 0
vt 0.870800018 0.34920001 0
vt 0.859000027 0.340300024 0
vt 0.858099997 0.393400013 0
vt 0.912 0.398599982 0
vt 0.892700016 0.370100021 0
vt 0.877399981 0.421899974 0
vt 0.846899986 0.442499995 0
vt 0.827600002 0.413999975 0
vt 0.305099994 0.737500012 0
vt 0.398499995 0.790600002 0
vt 0.392500013 0.737500012 0
vt 0.292199999 0.806400001 0
vt 0.301800013 0.816300035 0
vt 0.401499987 0.816699982 0
vt 0.261700004 0.767799973 0
vt 0.247600004 0.812999964 0
vt 0.269899994 0.837700009 0
vt 0.0614 0.723100007 0
vt 0.0282000005 0.692499995 0
vt 0.0282000005 0.723100007 0
vt 0.0614 0.692499995 0
vt 0.108499996 0.717499971 0
vt 0.108499996 0.697600007 0
vt 0.161400005 0.700299978 0
vt 0.161400005 0.715299964 0
vt 0.248799995 0.700299978 0
vt 0.248799995 0.715299964 0
vt 0.301600009 0.692499995 0
vt 0.301600009 0.72299999 0
vt 0.327899992 0.692499995 0
vt 0.327899992 0.72299999 0
vt 0.476000011 0.523299992 0
vt 0.524200022 0.539799988 0
vt 0.525699973 0.52670002 0
vt 0.468400002 0.531499982 0
vt 0.477499992 0.566300035 0
vt 0.521200001 0.566300035 0
vt 0.459899992 0.516299963 0
vt 0.448799998 0.528599977 0
vt 0.455799997 0.551200032 0
vt 0.0186000001 0.547299981 0
vt 0.0603 0.570899963 0
vt 0.0601999983 0.547199965 0
vt 0.0186000001 0.57099998 0
vt 0.0601999983 0.542199969 0
vt 0.0529999994 0.502699971 0
vt 0.0186000001 0.542299986 0
vt 0.0603 0.576699972 0
vt 0.0186000001 0.576799989 0
vt 0.053199999 0.61500001 0
vt 0.873199999 0.208000004 0
vt 0.824899971 0.227900028 0
vt 0.874599993 0.224399984 0
vt 0.822799981 0.20450002 0
vt 0.840900004 0.252799988 0
vt 0.874599993 0.230799973 0
vt 0.824899971 0.234399974 0
vt 0.89380002 0.244199991 0
vt 0.901899993 0.250100017 0
vt 0.879000008 0.226499975 0
vt 0.906099975 0.227900028 0
vt 0.888100028 0.212800026 0
vt 0.898100019 0.239899993 0
vt 0.907199979 0.244099975 0
vt 0.914300025 0.233500004 0
vt 0.815199971 0.234399974 0
vt 0.796299994 0.248399973 0
vt 0.831200004 0.252799988 0
vt 0.39410001 0.980599999 0
vt 0.411500007 0.962599993 0
vt 0.39410001 0.962599993 0
vt 0.411500007 0.980599999 0
vt 0.42899999 0.962599993 0
vt 0.42899999 0.980599999 0
vt 0.446500003 0.962599993 0
vt 0.446500003 0.980599999 0
vt 0.446500003 0.9023 0
vt 0.42899999 0.92019999 0
vt 0.446500003 0.92019999 0
vt 0.42899999 0.9023 0
vt 0.411500007 0.92019999 0
vt 0.411500007 0.9023 0
vt 0.39410001 0.92019999 0
vt 0.39410001 0.9023 0
vt 0.43779999 0.941900015 0
vt 0.411500007 0.957099974 0
vt 0.42899999 0.957099974 0
vt 0.402799994 0.941900015 0
vt 0.411500007 0.926800013 0
vt 0.42899999 0.926800013 0
vt 0.352400005 0.980499983 0
vt 0.369899988 0.962800026 0
vt 0.369899988 0.980499983 0
vt 0.352400005 0.962800026 0
vt 0.334899992 0.980499983 0
vt 0.334899992 0.962800026 0
vt 0.317499995 0.980499983 0
vt 0.317499995 0.962800026 0
vt 0.326200008 0.942600012 0
vt 0.352400005 0.957800031 0
vt 0.334899992 0.957800031 0
vt 0.361200005 0.942600012 0
vt 0.352400005 0.92750001 0
vt 0.334899992 0.92750001 0
vt 0.334899992 0.902899981 0
vt 0.317499995 0.920599997 0
vt 0.317499995 0.902899981 0
vt 0.334899992 0.92049998 0
vt 0.352400005 0.902899981 0
vt 0.352400005 0.92049998 0
vt 0.369899988 0.902899981 0
vt 0.369899988 0.92049998 0

# 2901 vertex normals
vn 0.0656434372 0.996993423 -0.0411702804
vn 0.0399987102 0.998886704 -0.0250070989
vn 0.0199448895 0.999712586 -0.0133077111
vn 0.110152662 0.991518319 -0.0689773783
vn 0.146714345 0.984765053 -0.0933418646
vn 0.161630541 0.98143208 -0.103279851
vn 0.16990234 0.979313493 -0.10990151
vn -0.476959944 -5.84088179e-17 -0.878925025
vn -0.582197905 -7.12963249e-17 -0.813047111
vn -0.582190037 -7.12953654e-17 -0.813052833
vn -0.532717645 -6.52369357e-17 -0.846293032
vn -0.16406256 -2.00912046e-17 -0.986449957
vn 0.220709115 0.00126226153 -0.975338817
vn 0.692480862 0.00183641992 -0.721433938
vn 0.738118052 0.00351794763 -0.67466253
vn 0.877831042 0.00169510487 -0.478967458
vn 0.905523181 1.1089094e-16 -0.424296886
vn 0.691939116 8.47353033e-17 0.721955955
vn 0.691941798 8.47356408e-17 0.721953273
vn 0.691930711 8.47342644e-17 0.721963942
vn 0.691936016 8.47349261e-17 0.721958816
vn 0.691930354 8.47342313e-17 0.72196424
vn 0.691913366 8.47321468e-17 0.721980631
vn 0.0200401228 -0.999659121 -0.0167315099
vn 0.0468440317 -0.998340547 -0.0334938653
vn -3.33509342e-05 -0.999994457 -0.00333509361
vn 0.0947701111 -0.993466437 -0.0635857731
vn 0.136924207 -0.986568928 -0.0890700519
vn 0.155144185 -0.982808411 -0.10008952
vn 0.166703463 -0.980220258 -0.106668875
vn 0.0774396062 0.996992528 0.00300781964
vn 0.047143437 0.998886287 0.00190346653
vn 0.0239805561 0.999712467 0.00026682124
vn 0.129882351 0.991516173 0.00512202783
vn 0.173816502 0.984762073 0.00560567714
vn 0.191738531 0.981428862 0.00580193009
vn 0.202302143 0.979310453 0.00500005297
vn 0.101571366 1.24384935e-17 -0.994828284
vn -0.0225010552 -2.7554933e-18 -0.999746859
vn 0.0371256396 4.54642908e-18 -0.999310553
vn 0.420627594 5.15103235e-17 -0.907233357
vn 0.732150435 0.00126226584 -0.681141675
vn 0.978655815 0.00185438863 -0.205497861
vn 0.989983499 0.00353518571 -0.14113836
vn 0.995062411 0.00172904553 0.0992355496
vn 0.987117827 3.38471327e-05 0.159995392
vn 0.164512515 2.01463048e-17 0.986375034
vn 0.164507076 2.01456414e-17 0.986375868
vn 0.164528728 2.01482917e-17 0.986372352
vn 0.164485469 2.0142996e-17 0.986379504
vn 0.16448006 2.01423343e-17 0.986380458
vn 0.164463863 2.01403474e-17 0.98638314
vn 0.026034249 -0.999657989 -0.00246998994
vn 0.0576291569 -0.998337388 -0.00120245758
vn 0.00190100342 -0.999994457 -0.00273477682
vn 0.114182599 -0.993459344 0.000956981734
vn 0.163364634 -0.986559093 0.00364787527
vn 0.184620634 -0.9827981 0.0048016198
vn 0.197868869 -0.98021102 0.00586673245
vn 0.020929588 0.99956429 0.0208101328
vn -0.00711521041 0.999933004 0.00913426001
vn -0.0282493699 0.999600768 -0.000533636252
vn 0.0695039779 0.996728897 0.0412405357
vn 0.110753112 0.99220264 0.0571636148
vn 0.127602443 0.98977977 0.0636683479
vn 0.1378676 0.988206744 0.0666337907
vn 0.443774641 0.0142436493 -0.89602524
vn 0.329491913 0.008000209 -0.94412452
vn 0.329506785 0.00800016429 -0.944119394
vn 0.38506937 0.0110199917 -0.922821879
vn 0.71141541 0.0296017714 -0.702147961
vn 0.923419058 0.0445525423 -0.381198794
vn 0.987152219 0.0532449707 0.150650114
vn 0.975093186 0.0548964441 0.214893967
vn 0.895667434 0.0511474423 0.441773385
vn 0.867027521 0.0485029034 0.495893955
vn -0.191966891 -0.000700000906 0.981401145
vn -0.191988289 -0.00069999788 0.981396973
vn -0.191999018 -0.000699996366 0.981394887
vn -0.192031115 -0.000699991942 0.981388569
vn 0.0758227706 -0.996993542 0.0159614589
vn 0.104846761 -0.994088113 0.0282110758
vn 0.0533644333 -0.998548627 0.00727090472
vn 0.156717181 -0.986376584 0.0500091314
vn 0.201405659 -0.977023125 0.0697252974
vn 0.220687538 -0.972202122 0.0782306045
vn 0.232572183 -0.968956232 0.08386866
vn 0.069504045 0.996729314 0.041229438
vn 0.110742331 0.992205143 0.0571415424
vn 0.12758632 0.989783943 0.0636352822
vn 0.13783522 0.98821342 0.0666009113
vn 0.443788618 0.0142435608 -0.896018326
vn 0.385097891 0.0110198427 -0.922809958
vn 0.711422503 0.0296015963 -0.702140927
vn -0.19197759 -0.000699999393 0.981399059
vn -0.19198294 -0.000699998636 0.981397986
vn 0.0758227557 -0.996993303 0.0159781352
vn 0.104857646 -0.994086623 0.0282221213
vn 0.0533644259 -0.998548388 0.00730425585
vn 0.156738743 -0.986373127 0.050008893
vn 0.201437637 -0.977016568 0.0697248131
vn 0.220719263 -0.972195029 0.0782300308
vn 0.232603699 -0.968948722 0.0838680044
vn 0.443760455 0.0142437229 -0.896032274
vn 0.329462171 0.00800029561 -0.944134891
vn 0.329477042 0.00800025184 -0.944129705
vn 0.385054827 0.0110200448 -0.922827959
vn -0.192009717 -0.000699994853 0.981392801
vn -0.192063212 -0.000699987402 0.98138231
vn 0.104857676 -0.994086981 0.0282109939
vn -0.0656434372 0.996993423 -0.0411702804
vn -0.0199448895 0.999712586 -0.0133077111
vn -0.0399987102 0.998886704 -0.0250070989
vn -0.110152662 0.991518319 -0.0689773783
vn -0.146714345 0.984765053 -0.0933418646
vn -0.161630541 0.98143208 -0.103279851
vn -0.16990234 0.979313493 -0.10990151
vn 0.476948023 5.84073554e-17 -0.878931582
vn 0.582167983 7.12926654e-17 -0.813068509
vn 0.58217597 7.12936316e-17 -0.813062906
vn 0.532706141 6.52355262e-17 -0.846300244
vn 0.16406256 2.00912046e-17 -0.986449957
vn -0.220709115 0.00126226153 -0.975338817
vn -0.692480862 0.00185437524 -0.721433938
vn -0.738117933 0.00353514357 -0.674662411
vn -0.877830923 0.0017290106 -0.478967458
vn -0.905523181 3.38462705e-05 -0.424296886
vn -0.691947341 -8.47363158e-17 0.721948028
vn -0.691958725 -8.47377054e-17 0.72193712
vn -0.691913366 -8.47321468e-17 0.721980631
vn -0.0200401228 -0.999659121 -0.0167315099
vn 3.33509342e-05 -0.999994457 -0.00333509361
vn -0.0468550287 -0.998339593 -0.0335049108
vn -0.0947919115 -0.99346298 -0.0636077374
vn -0.136956513 -0.986561537 -0.0891027302
vn -0.155176207 -0.982800066 -0.10012202
vn -0.166735262 -0.980211377 -0.10670124
vn -0.0774396062 0.996992528 0.00300781964
vn -0.0239805561 0.999712467 0.00026682124
vn -0.047143437 0.998886287 0.00190346653
vn -0.129882365 0.991516232 0.00511090038
vn -0.173816532 0.984762251 0.00558344182
vn -0.191738561 0.9814291 0.00576858781
vn -0.202302188 0.979310632 0.00496672047
vn -0.10155455 -1.24364347e-17 -0.994829953
vn 0.0225010552 2.7554933e-18 -0.999746859
vn 0.0225177146 2.75753334e-18 -0.999746501
vn -0.0370921753 -4.54233123e-18 -0.999311924
vn -0.420617521 -5.1509086e-17 -0.907238066
vn -0.732150435 0.00126226584 -0.681141675
vn -0.978655815 0.00185438863 -0.205497861
vn -0.989983499 0.00353518571 -0.14113836
vn -0.995062411 0.00172904553 0.0992355496
vn -0.987117827 3.38471327e-05 0.159995392
vn -0.164550319 -2.0150937e-17 0.986368716
vn -0.164534137 -2.01489534e-17 0.986371398
vn -0.164555743 -2.0151602e-17 0.986367762
vn -0.164532334 -2.01487334e-17 0.986371756
vn -0.164515197 -2.01466356e-17 0.986374617
vn -0.164463863 -2.01403474e-17 0.98638314
vn -0.026034249 -0.999657989 -0.00246998994
vn -0.00190100342 -0.999994457 -0.00273477682
vn -0.0576291569 -0.998337388 -0.00120245758
vn -0.114182599 -0.993459344 0.000956981734
vn -0.163364634 -0.986559093 0.00364787527
vn -0.184620634 -0.9827981 0.0048016198
vn -0.197868869 -0.98021102 0.00586673245
vn -0.020929588 0.99956429 0.0208101328
vn 0.0282493699 0.999600768 -0.000533636252
vn 0.00711521041 0.999933004 0.00913426001
vn -0.0695039779 0.996728897 0.0412405357
vn -0.110753112 0.99220264 0.0571636148
vn -0.127602443 0.98977977 0.0636683479
vn -0.1378676 0.988206744 0.0666337907
vn -0.443774641 0.0142436493 -0.89602524
vn -0.329506785 0.00800016429 -0.944119394
vn -0.329491913 0.008000209 -0.94412452
vn -0.38506937 0.0110199917 -0.922821879
vn -0.71141541 0.0296017714 -0.702147961
vn -0.923419058 0.0445525423 -0.381198794
vn -0.987151265 0.0532628708 0.150649682
vn -0.975092411 0.0549135953 0.214893639
vn -0.895665884 0.0511812605 0.44177261
vn -0.867026091 0.0485366732 0.49589318
vn 0.191934809 -0.000700005272 0.981407404
vn 0.191945508 -0.000700003817 0.981405318
vn 0.191988289 -0.00069999788 0.981396973
vn 0.192015067 -0.000699994096 0.981391728
vn 0.192063212 -0.000699987402 0.98138231
vn -0.0758227557 -0.996993303 0.0159781352
vn -0.0533644259 -0.998548388 0.00730425585
vn -0.104846738 -0.994087875 0.0282222014
vn -0.156717181 -0.986376584 0.0500091314
vn -0.201405659 -0.977023125 0.0697252974
vn -0.220687538 -0.972202122 0.0782306045
vn -0.232572183 -0.968956232 0.08386866
vn -0.069504045 0.996729314 0.041229438
vn -0.110742331 0.992205143 0.0571415424
vn -0.12758632 0.989783943 0.0636352822
vn -0.13783522 0.98821342 0.0666009113
vn -0.443788618 0.0142435608 -0.896018326
vn -0.385097891 0.0110198427 -0.922809958
vn -0.711422503 0.0296015963 -0.702140927
vn -0.987150371 0.0532453582 0.150661394
vn -0.975093186 0.0548964441 0.214893967
vn -0.895657241 0.0511478223 0.441794127
vn -0.867004573 0.0485035181 0.495934069
vn 0.191956192 -0.000700002362 0.981403232
vn 0.191999018 -0.000699996366 0.981394887
vn 0.192031115 -0.000699991942 0.981388569
vn -0.0757896081 -0.996996105 0.0159615055
vn -0.0533311777 -0.998550415 0.00727091776
vn -0.104835622 -0.994089365 0.0282110497
vn -0.15672785 -0.986374915 0.0500089563
vn -0.201437637 -0.977016568 0.0697248131
vn -0.220719263 -0.972195029 0.0782300308
vn -0.232603699 -0.968948722 0.0838680044
vn -0.0209296234 0.999564588 0.020799011
vn -0.0695041418 0.996730268 0.0412072279
vn -0.110742562 0.992206991 0.0571082905
vn -0.127586603 0.989786029 0.063602075
vn -0.137835518 0.988215685 0.066567719
vn -0.443755478 0.0142436028 -0.896034598
vn -0.329466671 0.00799999945 -0.944133341
vn -0.329451799 0.00800004415 -0.944138527
vn -0.385049731 0.0110199237 -0.922830045
vn -0.104859456 -0.994086504 0.0282227062
vn -0.156742841 -0.986372471 0.0500102714
vn -0.201444209 -0.977015018 0.0697270855
vn -0.22072643 -0.972193182 0.078232564
vn -0.232611209 -0.968946755 0.0838707089
vn -0.342315853 -0.075899817 0.936514318
vn -0.342354327 -0.0759441704 0.936496675
vn -0.342267215 -0.0758667886 0.936534822
vn -0.342397928 -0.0759828761 0.936477661
vn -0.342431396 -0.0760328993 0.936461329
vn 0.342338473 0.0758011416 -0.93651402
vn 0.342322916 0.0758347213 -0.93651706
vn 0.342307597 0.075857237 -0.936520815
vn 0.34229216 0.0758852959 -0.936524153
vn 0.34227702 0.0759022981 -0.936528325
vn -0.342306882 -0.0758848563 0.936518848
vn -0.342315674 -0.0759232342 0.93651247
vn -0.342308193 -0.075835146 0.936522365
vn -0.342319429 -0.0759672821 0.936507523
vn -0.342333257 -0.0759999827 0.936499894
vn 0.342240393 0.0757682249 -0.936552584
vn 0.342274278 0.0758016929 -0.936537445
vn 0.342328668 0.0758014321 -0.936517656
vn 0.342372805 0.075818032 -0.936500192
vn 0.342437446 0.0758009106 -0.936477959
vn 0.342229694 0.0757658631 -0.936556697
vn 0.342248857 0.0757997558 -0.936546922
vn 0.342288554 0.0757999346 -0.936532438
vn 0.342317969 0.0758169591 -0.936520278
vn 0.342367917 0.0758002773 -0.936503351
vn 0.584308743 -0.514953315 0.627221167
vn 0.650760651 -0.183411956 0.73679769
vn 0.655288279 -0.0899802968 0.750000656
vn 0.599199295 -0.479177475 0.641365111
vn 0.353435099 -0.875316799 0.33000645
vn 0.191153616 -0.970005929 0.150162309
vn 0.112050481 -0.99186188 0.0604531281
vn 0.0727820024 -0.997033298 0.0250500813
vn 0.584243596 -0.514990389 0.627251327
vn 0.650690436 -0.183445886 0.736851096
vn 0.655228555 -0.0900171027 0.750048399
vn 0.59912163 -0.479210347 0.641412973
vn 0.353385478 -0.875341654 0.329993427
vn 0.191129133 -0.97001636 0.150126517
vn 0.112034217 -0.991865873 0.0604199469
vn 0.0727820545 -0.997034132 0.0250167474
vn 0.584188044 -0.515049458 0.627254665
vn 0.650660098 -0.183521926 0.736858845
vn 0.655221522 -0.0900916383 0.750045538
vn 0.599060178 -0.479271531 0.641424716
vn 0.353323907 -0.875362158 0.330004781
vn 0.191080496 -0.970022619 0.150147736
vn 0.112000845 -0.991867542 0.0604536086
vn 0.0727488101 -0.997035742 0.0250501428
vn -0.339998215 -0.0756496117 -0.937378407
vn -0.340137124 -0.0758675113 -0.937310517
vn -0.339906782 -0.0756657049 -0.937410295
vn -0.339791626 -0.0755648017 -0.937460244
vn -0.339723945 -0.0756978989 -0.937474072
vn 0.339868218 0.0755003467 0.937437654
vn 0.339964062 0.075488314 0.937403917
vn 0.339898586 0.0754663572 0.937429428
vn 0.340011925 0.0754822791 0.93738699
vn 0.340094984 0.0755322203 0.937352836
vn -0.339951277 -0.0755502805 -0.93740344
vn -0.34010306 -0.0756340101 -0.93734169
vn -0.339900136 -0.0755444765 -0.937422514
vn -0.339798659 -0.0754996985 -0.937462926
vn -0.339797765 -0.0755328387 -0.937460601
vn 0.339996397 0.0750992075 0.937423408
vn 0.339925885 0.0751674846 0.937443495
vn 0.339899659 0.0752165914 0.937449098
vn 0.339890629 0.0752016231 0.937453508
vn 0.339978397 0.0750692636 0.937432349
vn 0.340024978 0.0751314983 0.937410414
vn 0.339954525 0.0751997754 0.937430561
vn 0.339928299 0.0752488822 0.937436044
vn 0.339919299 0.075233914 0.937440515
vn 0.340007037 0.0751015544 0.937419355
vn 0.575331688 -0.526143968 -0.626231492
vn 0.656745076 -0.0900313705 -0.748719156
vn 0.651775301 -0.184094593 -0.735729575
vn 0.582333982 -0.499932408 -0.641057491
vn 0.337620676 -0.883073449 -0.325873435
vn 0.206872478 -0.965877354 -0.155836225
vn 0.136670962 -0.988139093 -0.0700158998
vn 0.122384131 -0.991499126 -0.044177521
vn 0.575163603 -0.52615124 -0.626379907
vn 0.656359375 -0.0901730433 -0.749040246
vn 0.65147543 -0.184086576 -0.7359972
vn 0.582240164 -0.499856055 -0.641202211
vn 0.337601304 -0.883083403 -0.32586655
vn 0.206844062 -0.965887845 -0.155808091
vn 0.13665463 -0.98814255 -0.0699993074
vn 0.122351341 -0.991504669 -0.0441442803
vn 0.575053036 -0.52616632 -0.626468778
vn 0.656134546 -0.0901712626 -0.749237418
vn 0.65127492 -0.184110597 -0.736168683
vn 0.582094491 -0.499953955 -0.64125824
vn 0.337635458 -0.883062005 -0.325889349
vn 0.206975579 -0.965846181 -0.155892134
vn 0.136773437 -0.988120079 -0.0700838491
vn 0.122486815 -0.99148345 -0.0442453064
vn 0.158793718 0.0358430296 0.986661017
vn 0.158794269 0.0357487053 0.986664295
vn 0.158794537 0.0356987715 0.986666083
vn 0.158793166 0.0359428935 0.986657441
vn 0.158792734 0.0360150188 0.986654878
vn 0.158792838 0.0359983742 0.986655414
vn 0.961822152 0.224185869 -0.156967402
vn 0.918828726 0.213297933 -0.33205089
vn 0.869220138 0.199164256 -0.452537268
vn 0.961858869 0.224182501 0.156746894
vn 0.918896079 0.213296309 0.331865311
vn 0.869279861 0.199143738 0.452431589
vn 0.158794269 0.0357487053 -0.986664295
vn 0.158793718 0.0358430296 -0.986661017
vn 0.158794537 0.0356987715 -0.986666083
vn 0.158793166 0.0359428935 -0.986657441
vn 0.158792734 0.0360150188 -0.986654878
vn 0.158792838 0.0359983742 -0.986655414
vn 0.177726597 -0.983548582 -0.0323302187
vn 0.152875617 -0.988245487 0
vn 0.13156265 -0.991105258 -0.0200428758
vn 0.220638931 -0.975355506 1.1583647e-18
vn 0.177726597 -0.983548582 0.0323302187
vn 0.13156265 -0.991105258 0.0200428758
vn 0.243430257 -0.968528986 -0.0518974848
vn 0.259998649 -0.965609014 0
vn 0.243430257 -0.968528986 0.0518974848
vn 0.0629339665 0.991214037 0.116336115
vn 0.0937501043 0.98501426 0.144767761
vn 0.121265732 0.978194594 0.168611705
vn -0.0128953615 0.998592734 0.0514411591
vn -0.0291615464 0.998930335 0.0358870663
vn -0.059285976 0.998158455 0.0128375143
vn -0.608817518 -0.125070304 0.78338927
vn -0.607487798 -0.127104402 0.784093857
vn -0.610143423 -0.123035371 0.782679558
vn 0.369500816 0.0816537663 0.925635815
vn 0.422601163 0.094906278 0.901332915
vn 0.466925144 0.103472881 0.878222227
vn 0.321677834 0.0737634376 0.943971574
vn 0.471026003 0.104755633 0.875877142
vn 0.758501053 0.172982633 0.628293753
vn 0.9587816 0.227827713 -0.169800594
vn 0.949587703 0.229049683 -0.214055002
vn 0.713727653 0.173703745 -0.678542256
vn 0.582757652 0.139390722 -0.800602198
vn 0.459067762 0.10103862 0.882637024
vn 0.496048719 0.106257871 0.861768603
vn 0.539726138 0.113848217 0.834106922
vn 0.417690963 0.0960215107 0.903500974
vn 0.490657061 0.113707915 0.863901675
vn 0.648676038 0.145636335 0.747000217
vn 0.914565086 0.203696817 0.349397123
vn 0.913327456 0.200841144 0.354253918
vn 0.959938586 0.214119732 -0.180750474
vn 0.84514612 0.190411314 -0.499471277
vn 0.650183141 0.146453738 -0.745528758
vn 0.49344486 0.114457898 -0.862213075
vn 0.453527957 0.102887392 -0.885283291
vn 0.417983979 0.0964801311 -0.903316617
vn 0.488845348 0.108444318 -0.865603864
vn 0.525012791 0.116122447 -0.843135297
vn 0.250544637 -0.968080163 0.006943407
vn 0.270290554 -0.96275574 0.0066695679
vn 0.281821012 -0.959438264 0.00743388804
vn 0.205615431 -0.978622317 0.00453395164
vn 0.152678221 -0.98827064 0.00323119829
vn 0.10850551 -0.994095445 0.000789547397
vn 0.0796776488 -0.996820569 0.000541901216
vn 0.0742899254 -0.997236669 8.33431477e-05
vn 0.0700032786 -0.997546732 0
vn 0.501773596 0.110559717 0.857904375
vn 0.458169788 0.102683321 0.882913709
vn 0.550421 0.119211145 0.826332569
vn 0.409089446 0.0940049589 0.907639265
vn 0.480709851 0.109318703 0.870038688
vn 0.648541749 0.143821597 0.747468472
vn 0.914554417 0.202748984 0.349975735
vn 0.915134013 0.201617435 0.349113494
vn 0.961928189 0.214005128 -0.169988468
vn 0.848820508 0.189199179 -0.493667364
vn 0.650112212 0.143915817 -0.74608463
vn 0.483723789 0.108817026 -0.86842972
vn 0.444602132 0.0994589254 -0.89018929
vn 0.410944104 0.0933043659 -0.906873286
vn 0.483654022 0.107476689 -0.868635476
vn 0.514456153 0.113965645 -0.849909782
vn 0.124551602 0.992185652 0.00738632493
vn 0.103998005 0.994550645 0.00731117977
vn 0.134912267 0.990823328 0.00823408086
vn 0.0608747527 0.998137772 0.00389968022
vn -0.00674668048 0.999976099 0.00151406392
vn -0.0173231419 0.999849498 -0.00100121193
vn -0.055079475 0.99848187 0.00030009693
vn -0.0650305897 0.997883201 0.000300082029
vn -0.0700032786 0.997546732 0
vn 0.174136221 0.0372659191 -0.98401618
vn 0.138625801 0.0295716133 -0.989903271
vn 0.20115675 0.041792307 -0.9786672
vn 0.0747207254 0.0173231121 -0.99705404
vn 0.0384208746 0.0095902523 -0.999215662
vn 0.00974021293 0.0051036044 -0.99993962
vn 0.138625801 0.0295716133 0.989903271
vn 0.174136221 0.0372659191 0.98401618
vn 0.20115675 0.041792307 0.9786672
vn 0.0747207254 0.0173231121 0.99705404
vn 0.0384208746 0.0095902523 0.999215662
vn 0.00974021293 0.0051036044 0.99993962
vn -0.0911757722 0.995833814 -0.00137822283
vn -0.0809311718 0.996718705 -0.00138356583
vn -0.0729359463 0.997335672 -0.00140005013
vn -0.110660888 0.993857801 -0.000900389801
vn -0.121511444 0.992589772 -0.000666915323
vn -0.131375417 0.99133271 3.33355529e-05
vn 0.976125896 0.217205763 0
vn 0.238582358 -0.958920836 0.153458163
vn 0.207321078 -0.970462561 0.123371072
vn 0.266289383 -0.947184622 0.178693309
vn 0.129591584 -0.990064025 0.0545812845
vn 0.112616777 -0.992907822 0.0380979441
vn 0.0814619362 -0.996583164 0.0136381211
vn 0.708594739 0.174510479 -0.683695614
vn 0.956680119 0.234338224 -0.172768116
vn 0.585018456 0.139820203 -0.798876524
vn 0.946784556 0.232676074 -0.222398132
vn 0.757990718 0.183902442 0.62580353
vn 0.477222741 0.119371526 0.870637059
vn 0.380192876 0.0898635536 0.920531273
vn 0.329402894 0.0814715251 0.940667987
vn 0.429509729 0.0961027145 0.897934139
vn 0.481215537 0.106265061 0.870137632
vn -0.605918288 -0.145083681 0.782185376
vn -0.605174839 -0.142635256 0.783210576
vn -0.606657028 -0.147530988 0.781154215
vn 0.208591148 -0.966859519 -0.147215396
vn 0.23465468 -0.956288874 -0.174496233
vn 0.178402469 -0.977082014 -0.116117097
vn 0.117965676 -0.991786301 -0.0494369343
vn 0.101491041 -0.994297087 -0.0327524431
vn 0.0859036297 -0.996228695 -0.0122052524
vn 0.698346257 0.17995891 0.692767918
vn 0.537937224 0.11180979 0.835537076
vn 0.957341254 0.25414595 0.137504801
vn 0.950566471 0.280819446 0.132528439
vn 0.722106218 0.195630297 -0.663544595
vn 0.505594611 0.125268117 -0.853628755
vn 0.403840899 0.0968744308 -0.909685612
vn 0.396072924 0.0945670009 -0.913336337
vn 0.440407783 0.0987049788 -0.892355561
vn 0.474977732 0.105599172 -0.873638988
vn -0.603302479 -0.139483944 -0.785219848
vn -0.602725685 -0.13686493 -0.786123335
vn -0.603874564 -0.142101869 -0.784310281
vn -0.0357922651 0.992037952 0.1207463
vn -0.00758814532 0.984039366 0.17778866
vn -0.018335294 0.974643886 0.223008901
vn -0.0251190849 0.993875861 0.107609674
vn -0.0461449213 0.998862088 0.0120473746
vn -0.0386280455 0.993587554 -0.106261343
vn -0.0484265462 0.997582316 -0.04984295
vn -0.0262897257 0.994484663 -0.101533756
vn -0.00859230477 0.984799564 -0.17348206
vn -0.0412432998 0.975311756 0.216946885
vn -0.0556395166 0.98768276 0.14624317
vn -0.0550081022 0.998481691 0.00291623781
vn -0.0566434227 0.988258421 -0.141904131
vn -0.0422599688 0.976209342 -0.212672397
vn -0.019345846 0.975589097 -0.21875
vn 0.176698014 0.0403337665 0.983438373
vn 0.137018859 0.0323170871 0.990041077
vn 0.105600141 0.0274840537 0.994028807
vn 0.247544348 0.0533848256 0.967404842
vn 0.286553204 0.061385937 0.956095755
vn 0.317667514 0.0665490553 0.945863962
vn 0.13703531 0.0323170237 -0.990038872
vn 0.176674321 0.040333461 -0.983442664
vn 0.105633117 0.0274839569 -0.99402535
vn 0.24751018 0.0533846803 -0.967413425
vn 0.28650263 0.0613858588 -0.956110895
vn 0.317667514 0.0665490553 -0.945863962
vn 0.712990642 0.158714592 -0.682974398
vn 0.764909744 0.170281857 -0.621222377
vn 0.712988198 0.158664033 -0.682988703
vn 0.856020749 0.190582618 -0.48052752
vn 0.976104081 0.217303708 -7.36320953e-06
vn 0.976106822 0.217291072 0
vn 0.85602957 0.190584585 0.480511248
vn 0.764925778 0.170285434 0.621201575
vn 0.713006973 0.158718199 0.682956636
vn 0.71300447 0.158667669 0.682970941
vn -0.563264191 -0.125303164 0.816720665
vn -0.563267291 -0.125313714 0.816716969
vn -0.563252807 -0.125304356 0.816728294
vn -0.563268185 -0.125333667 0.816713214
vn -0.56326443 -0.125349492 0.816713393
vn -0.563255548 -0.125364199 0.816717267
vn 0.187934101 -0.780587971 -0.596123397
vn 0.214315474 -0.845692396 -0.488746494
vn 0.238150656 -0.722374916 -0.649198532
vn 0.15411292 -0.94436866 -0.290546
vn 0.149299979 -0.975769997 -0.159944937
vn 0.23123461 -0.883638978 -0.407078385
vn 0.269209117 -0.77467376 -0.572194874
vn 0.119906329 -0.992785156 0
vn 0.115003683 -0.993365109 0
vn 0.154975608 -0.975127876 0.158455938
vn 0.161829472 -0.943662226 0.288639873
vn 0.225691795 -0.844432771 0.485794872
vn 0.242433056 -0.882064819 0.403965175
vn 0.280209094 -0.773088098 0.569049776
vn 0.24922435 -0.721182227 0.646361768
vn 0.199310288 -0.779760718 0.593505323
vn 0.342315853 -0.075899817 0.936514318
vn 0.342267215 -0.0758667886 0.936534822
vn 0.342344552 -0.0759444684 0.936500192
vn 0.342383176 -0.0759833008 0.936482966
vn 0.342401981 -0.0760337636 0.936471999
vn -0.342298388 0.075799644 -0.936528862
vn -0.342277586 0.0758444071 -0.936532795
vn -0.342297494 0.0758327842 -0.936526537
vn -0.342267215 0.0758667886 -0.936534822
vn -0.342237741 0.0758676454 -0.936545491
vn 0.34225738 -0.0758849829 0.936536968
vn 0.342238665 -0.0758345127 0.936547875
vn 0.342263073 -0.0759238973 0.936531723
vn 0.342275321 -0.0759685785 0.936523616
vn 0.342274398 -0.0760017186 0.936521232
vn -0.342229694 0.0757658631 -0.936556697
vn -0.34231171 0.0758001432 -0.936523914
vn -0.342248857 0.0757997558 -0.936546922
vn -0.342352778 0.0758172795 -0.936507523
vn -0.342437446 0.0758009106 -0.936477959
vn 0.342336327 -0.075883992 0.936508179
vn 0.342337638 -0.0758342817 0.936511695
vn 0.3423585 -0.0759228691 0.936496913
vn 0.342368931 -0.0759671628 0.936489463
vn 0.342402846 -0.0760006309 0.936474383
vn -0.342240393 0.0757682249 -0.936552584
vn -0.342301905 0.0758004189 -0.936527491
vn -0.342254221 0.0758009329 -0.936544836
vn -0.342332721 0.075816527 -0.936514974
vn -0.342397362 0.075799413 -0.936492741
vn -0.584318995 -0.514986336 0.627184391
vn -0.655303478 -0.0900177136 0.749982834
vn -0.650783539 -0.183447331 0.736768603
vn -0.599214196 -0.479211479 0.641325772
vn -0.353419602 -0.875333726 0.329977959
vn -0.191139579 -0.970010996 0.150147706
vn -0.112033933 -0.991863847 0.0604533367
vn -0.0727820024 -0.997033298 0.0250500813
vn -0.584293962 -0.515054047 0.627152205
vn -0.655336142 -0.0900574997 0.749949455
vn -0.650782347 -0.183509767 0.736754
vn -0.599162281 -0.479294777 0.641312063
vn -0.353381962 -0.875367522 0.329928637
vn -0.191127121 -0.970020771 0.150100514
vn -0.112034217 -0.991865873 0.0604199469
vn -0.0727820545 -0.997034132 0.0250167474
vn -0.584275603 -0.515143216 0.627096117
vn -0.655362546 -0.0902024135 0.749909103
vn -0.650774717 -0.183633924 0.73672986
vn -0.599132538 -0.47937277 0.641281545
vn -0.353353888 -0.875394404 0.32988739
vn -0.191094682 -0.970028758 0.15008992
vn -0.112000845 -0.991867542 0.0604536086
vn -0.0727488101 -0.997035742 0.0250501428
vn 0.339992493 -0.0756649971 -0.937379241
vn 0.339902967 -0.0756759718 -0.937410891
vn 0.34012565 -0.0758982897 -0.937312186
vn 0.339791626 -0.0755648017 -0.937460244
vn 0.339723945 -0.0756978989 -0.937474072
vn -0.339837909 0.0755343512 0.937445939
vn -0.339868218 0.0755003467 0.937437654
vn -0.339943558 0.0755220279 0.937408626
vn -0.339996368 0.0755158514 0.93738991
vn -0.340094119 0.0755653605 0.937350512
vn 0.339951277 -0.0755502805 -0.93740344
vn 0.339910209 -0.0755331442 -0.937419772
vn 0.34010306 -0.0756340101 -0.93734169
vn 0.339813799 -0.0754827037 -0.937458754
vn 0.339828134 -0.0754988417 -0.937452257
vn -0.340007037 0.0751015544 0.937419355
vn -0.339904547 0.0752343386 0.937445879
vn -0.339925617 0.0751785338 0.93744272
vn -0.339884907 0.0752170235 0.937454343
vn -0.339967787 0.0750669166 0.937436342
vn 0.339950442 -0.0755834207 -0.937401116
vn 0.339909673 -0.0755552351 -0.937418222
vn 0.340102166 -0.0756671503 -0.937339306
vn 0.339813411 -0.0754992664 -0.937457621
vn -0.339965224 0.0751663446 0.937429309
vn -0.339898825 0.0752497315 0.937446713
vn -0.339935184 0.0751892924 0.937438428
vn -0.339920133 0.0752007738 0.937442839
vn -0.340007871 0.0750683993 0.937421739
vn -0.575356901 -0.526133835 -0.626217008
vn -0.651795626 -0.184090406 -0.735712707
vn -0.656765163 -0.0900292844 -0.748701692
vn -0.582358122 -0.499922216 -0.641043544
vn -0.337641627 -0.883066893 -0.325869352
vn -0.206883416 -0.96587503 -0.155835122
vn -0.136670962 -0.988139093 -0.0700158998
vn -0.122384131 -0.991499126 -0.044177521
vn -0.575160623 -0.52615881 -0.62637639
vn -0.651473105 -0.184104115 -0.735994816
vn -0.656319857 -0.0902077705 -0.749070704
vn -0.582278192 -0.499857008 -0.641166866
vn -0.337601632 -0.883083344 -0.325866401
vn -0.206832215 -0.9658885 -0.155820265
vn -0.13665463 -0.98814255 -0.0699993074
vn -0.122351341 -0.991504669 -0.0441442803
vn -0.575277865 -0.526044309 -0.626364708
vn -0.651453614 -0.183979213 -0.736043274
vn -0.656274021 -0.09009552 -0.749124289
vn -0.58235544 -0.499786526 -0.641151726
vn -0.3378039 -0.883013189 -0.325846881
vn -0.207039937 -0.965835631 -0.155871794
vn -0.136773437 -0.988120079 -0.0700838491
vn -0.122486815 -0.99148345 -0.0442453064
vn -0.158815369 0.0358428992 0.9866575
vn -0.158827037 0.0356985815 0.986660898
vn -0.158826739 0.035748519 0.98665905
vn -0.158803985 0.0359428339 0.986655712
vn -0.158792734 0.0360150188 0.986654878
vn -0.158792838 0.0359983742 0.986655414
vn -0.961835086 0.224172115 -0.156907812
vn -0.869285583 0.199155733 -0.452415377
vn -0.918868601 0.213286921 -0.331947356
vn -0.961867571 0.224167734 0.156714678
vn -0.918928385 0.213287711 0.331781358
vn -0.869345248 0.199135229 0.452309728
vn -0.158810511 0.0357486159 -0.986661673
vn -0.158827037 0.0356985815 -0.986660898
vn -0.158804551 0.0358429663 -0.986659288
vn -0.158793166 0.0359428935 -0.986657441
vn -0.158792734 0.0360150188 -0.986654878
vn -0.158792838 0.0359983742 -0.986655414
vn -0.177726597 -0.983548582 -0.0323302187
vn -0.13156265 -0.991105258 -0.0200428758
vn -0.152875617 -0.988245487 1.73541893e-18
vn -0.220639005 -0.975355625 -1.39358136e-07
vn -0.177737281 -0.983546734 0.0323300846
vn -0.13156265 -0.991105258 0.0200428758
vn -0.243414611 -0.968532801 -0.0518976524
vn -0.259983063 -0.965613186 -1.89099239e-07
vn -0.243446022 -0.968524933 0.0518972389
vn -0.0629339665 0.991214037 0.116336115
vn -0.121265732 0.978194594 0.168611705
vn -0.0937501043 0.98501426 0.144767761
vn 0.0128953615 0.998592734 0.0514411591
vn 0.0291615464 0.998930335 0.0358870663
vn 0.059285976 0.998158455 0.0128375143
vn 0.608834743 -0.125087067 0.783373177
vn 0.607524633 -0.127105147 0.784065127
vn 0.61014092 -0.123068191 0.782676399
vn -0.369487017 0.0816525668 0.925641537
vn -0.466911346 0.103469819 0.878229976
vn -0.422574192 0.0949040055 0.901345789
vn -0.321657062 0.073762551 0.943978727
vn -0.471026003 0.104755633 0.875877142
vn -0.758504033 0.172968894 0.628293931
vn -0.958784759 0.227831051 -0.169778958
vn -0.94959569 0.229025811 -0.214044958
vn -0.713752389 0.173733816 -0.678508699
vn -0.582800806 0.139457762 -0.800559103
vn -0.459067762 0.10103862 0.882637024
vn -0.539726138 0.113848217 0.834106922
vn -0.496048719 0.106257871 0.861768603
vn -0.417690963 0.0960215107 0.903500974
vn -0.490657061 0.113707915 0.863901675
vn -0.648676038 0.145636335 0.747000217
vn -0.914565086 0.203696817 0.349397123
vn -0.913327456 0.200841144 0.354253918
vn -0.959938586 0.214119732 -0.180750474
vn -0.84514612 0.190411314 -0.499471277
vn -0.650183141 0.146453738 -0.745528758
vn -0.49344486 0.114457898 -0.862213075
vn -0.453534305 0.102886938 -0.885280073
vn -0.417983979 0.0964801311 -0.903316617
vn -0.488857716 0.108443342 -0.86559689
vn -0.52503705 0.116120405 -0.843120575
vn -0.250544637 -0.968080163 0.006943407
vn -0.281821012 -0.959438264 0.00743388804
vn -0.270290554 -0.96275574 0.0066695679
vn -0.205615431 -0.978622317 0.00453395164
vn -0.152678221 -0.98827064 0.00323119829
vn -0.10850551 -0.994095445 0.000789547397
vn -0.0796776488 -0.996820569 0.000541901216
vn -0.0742899254 -0.997236669 8.33431477e-05
vn -0.0700032786 -0.997546732 0
vn -0.501781464 0.110561423 0.857899487
vn -0.550436258 0.119214438 0.826321959
vn -0.458175153 0.10268449 0.882910788
vn -0.409089446 0.0940049589 0.907639265
vn -0.480709851 0.109318703 0.870038688
vn -0.648541749 0.143821597 0.747468472
vn -0.914554417 0.202748984 0.349975735
vn -0.915134013 0.201617435 0.349113494
vn -0.961928189 0.214005128 -0.169988468
vn -0.848820508 0.189199179 -0.493667364
vn -0.650112212 0.143915817 -0.74608463
vn -0.483723789 0.108817026 -0.86842972
vn -0.444615185 0.0994580984 -0.890182674
vn -0.410957754 0.0933036655 -0.906867206
vn -0.483679682 0.107474923 -0.86862129
vn -0.514480829 0.113963671 -0.84989512
vn -0.124551602 0.992185652 0.00738632493
vn -0.134912267 0.990823328 0.00823408086
vn -0.103998005 0.994550645 0.00731117977
vn -0.0608747527 0.998137772 0.00389968022
vn 0.00674668048 0.999976099 0.00151406392
vn 0.0173231419 0.999849498 -0.00100121193
vn 0.055079475 0.99848187 0.00030009693
vn 0.0650305897 0.997883201 0.000300082029
vn 0.0700032786 0.997546732 0
vn -0.174136221 0.0372659191 -0.98401618
vn -0.20115675 0.041792307 -0.9786672
vn -0.138625801 0.0295716133 -0.989903271
vn -0.0747207254 0.0173231121 -0.99705404
vn -0.0384208746 0.0095902523 -0.999215662
vn -0.00974021293 0.0051036044 -0.99993962
vn -0.138625801 0.0295716133 0.989903271
vn -0.20115675 0.041792307 0.9786672
vn -0.174136221 0.0372659191 0.98401618
vn -0.0747207254 0.0173231121 0.99705404
vn -0.0384208746 0.0095902523 0.999215662
vn -0.00974021293 0.0051036044 0.99993962
vn 0.0911647826 0.995834887 -0.00137822435
vn 0.0729359463 0.997335672 -0.00140005013
vn 0.0809311718 0.996718705 -0.00138356583
vn 0.110638961 0.993860304 -0.000900391256
vn 0.121478587 0.992593884 -0.000666917826
vn 0.131342664 0.991337061 3.33356984e-05
vn -0.976125896 0.217205763 0
vn -0.238582358 -0.958920836 0.153458163
vn -0.266289383 -0.947184622 0.178693309
vn -0.207321078 -0.970462561 0.123371072
vn -0.129591584 -0.990064025 0.0545812845
vn -0.112616777 -0.992907822 0.0380979441
vn -0.0814619362 -0.996583164 0.0136381211
vn -0.708584845 0.174531743 -0.683700264
vn -0.585015416 0.139856845 -0.798872352
vn -0.956676066 0.234351665 -0.17277211
vn -0.946781218 0.232680216 -0.222407788
vn -0.757990718 0.183902442 0.62580353
vn -0.477222741 0.119371526 0.870637059
vn -0.380189627 0.089862816 0.920532763
vn -0.329417557 0.0814710259 0.940662801
vn -0.429503262 0.0961012617 0.897937357
vn -0.481175631 0.106263667 0.870159805
vn 0.605918288 -0.145083681 0.782185376
vn 0.605174839 -0.142635256 0.783210576
vn 0.606657028 -0.147530988 0.781154215
vn -0.208591729 -0.966861963 -0.147199109
vn -0.178402826 -0.977083266 -0.116106197
vn -0.234656036 -0.956294358 -0.174463853
vn -0.117965676 -0.991786301 -0.0494369343
vn -0.101491041 -0.994297087 -0.0327524431
vn -0.0859036297 -0.996228695 -0.0122052524
vn -0.698320389 0.180018857 0.692778409
vn -0.957330108 0.254184186 0.137512118
vn -0.537907541 0.111882493 0.835546434
vn -0.950558186 0.28084442 0.132535189
vn -0.722106218 0.195630297 -0.663544595
vn -0.505594611 0.125268117 -0.853628755
vn -0.403844535 0.0968752354 -0.909683883
vn -0.396072924 0.0945670009 -0.913336337
vn -0.440414906 0.0987065658 -0.892351866
vn -0.474991709 0.105602272 -0.87363106
vn 0.603318334 -0.139487594 -0.785207152
vn 0.60274148 -0.136868522 -0.78611058
vn 0.603890359 -0.142105594 -0.784297466
vn 0.0357922651 0.992037952 0.1207463
vn 0.018335294 0.974643886 0.223008901
vn 0.00758814532 0.984039366 0.17778866
vn 0.0251190849 0.993875861 0.107609674
vn 0.0461449213 0.998862088 0.0120473746
vn 0.0386280455 0.993587554 -0.106261343
vn 0.0484265462 0.997582316 -0.04984295
vn 0.0262897257 0.994484663 -0.101533756
vn 0.00859230477 0.984799564 -0.17348206
vn 0.0412432998 0.975311756 0.216946885
vn 0.0556395166 0.98768276 0.14624317
vn 0.0550081022 0.998481691 0.00291623781
vn 0.0566434227 0.988258421 -0.141904131
vn 0.0422599688 0.976209342 -0.212672397
vn 0.019345846 0.975589097 -0.21875
vn -0.176708624 0.0403671227 0.983435035
vn -0.10563302 0.0275172871 0.994024396
vn -0.137035161 0.0323504023 0.990037799
vn -0.247578099 0.0534072369 0.967394829
vn -0.286603421 0.061402712 0.956079602
vn -0.317767531 0.0665490404 0.945830345
vn -0.13703531 0.0323170237 -0.990038872
vn -0.105633117 0.0274839569 -0.99402535
vn -0.176708877 0.0403337032 -0.983436465
vn -0.247578368 0.0533849597 -0.96739608
vn -0.286603689 0.0613860376 -0.956080556
vn -0.317767531 0.0665490404 -0.945830345
vn -0.71298635 0.15868029 -0.682986915
vn -0.712991953 0.158631548 -0.682992339
vn -0.764903069 0.17024608 -0.621240377
vn -0.856010318 0.190556869 -0.480556369
vn -0.976106048 0.217294484 -8.8808406e-07
vn -0.976106822 0.217291072 2.86107546e-17
vn -0.856006682 0.190579504 0.480553836
vn -0.764898479 0.170279354 0.621236801
vn -0.712982535 0.158712789 0.682983279
vn -0.712988198 0.158664033 0.682988703
vn 0.563267946 -0.125300288 0.816718519
vn 0.563237548 -0.125300929 0.81673944
vn 0.563256979 -0.125311434 0.81672436
vn 0.563255429 -0.125333309 0.816722035
vn 0.563234031 -0.125350147 0.816734254
vn 0.563232839 -0.125366539 0.816732526
vn -0.187934101 -0.780587971 -0.596123397
vn -0.238150656 -0.722374916 -0.649198532
vn -0.214315474 -0.845692396 -0.488746494
vn -0.15411292 -0.94436866 -0.290546
vn -0.149299979 -0.975769997 -0.159944937
vn -0.23123461 -0.883638978 -0.407078385
vn -0.269209117 -0.77467376 -0.572194874
vn -0.119906329 -0.992785156 0
vn -0.115003683 -0.993365109 0
vn -0.154975608 -0.975127876 0.158455938
vn -0.161829472 -0.943662226 0.288639873
vn -0.225691795 -0.844432771 0.485794872
vn -0.242433056 -0.882064819 0.403965175
vn -0.280209094 -0.773088098 0.569049776
vn -0.24922435 -0.721182227 0.646361768
vn -0.199310288 -0.779760718 0.593505323
vn 0.970740259 1.18877461e-16 0.240132183
vn 0.970737696 1.18877157e-16 0.240142643
vn 0.97074157 1.1887762e-16 0.240126938
vn 0.970745385 1.18878096e-16 0.240111247
vn -0.970737696 -1.18877157e-16 0.240142643
vn -0.970740259 -1.18877461e-16 0.240132183
vn -0.97074157 -1.1887762e-16 0.240126938
vn -0.970745385 -1.18878096e-16 0.240111247
vn 0.676690578 8.28679596e-17 -0.736267567
vn 0.676696122 8.28686412e-17 -0.7362625
vn 0.676687837 8.28676221e-17 -0.73627007
vn 0.676679552 8.28666097e-17 -0.736277759
vn -0.676652431 -8.28632811e-17 -0.736302674
vn -0.676649392 -8.28629171e-17 -0.736305356
vn -0.676643372 -8.28621826e-17 -0.736310899
vn 0.0786653236 9.63340497e-18 0.996901035
vn 0.160114661 1.9607744e-17 0.987098336
vn 0.166660652 2.04093681e-17 0.986014307
vn 0.103054635 1.2620135e-17 0.994675696
vn 0.151928872 1.86053053e-17 0.988391399
vn 0.0391839184 4.79848797e-18 0.999231994
vn -0.0759816989 -9.30476611e-18 0.997109234
vn -0.0883368105 -1.08177812e-17 0.996090651
vn -0.149995118 -1.83684968e-17 0.9886868
vn -0.166725531 -2.04173156e-17 0.986003339
vn -0.0833732486 -1.02099416e-17 0.996518433
vn -0.149978772 -1.8366495e-17 0.988689244
vn 0 0 -1
vn -0.929109871 -1.13779381e-16 -0.369803935
vn 0.929109871 1.13779381e-16 -0.369803935
vn -0.328915298 -0.942211986 0.0636507422
vn -0.241728306 -0.968956113 0.0518799387
vn -0.380426019 -0.920735896 0.0867263004
vn -0.0667082965 -0.997711182 -0.0110668018
vn 0.158043861 -0.986984491 0.0297274534
vn 0.0914736614 -0.994094372 -0.0583865009
vn 0.306161344 -0.950464129 0.0536964051
vn 0.358163744 -0.929904878 0.0836408138
vn 0.0183928683 -0.992690384 -0.119279861
vn 0.036834836 -0.988858342 -0.144230798
vn -0.239556924 0.968360662 -0.0699304864
vn -0.239581004 0.968357027 -0.0698977038
vn -0.239578247 0.968356967 -0.069908008
vn -0.239590973 0.968355179 -0.0698890314
vn -0.239588886 0.968355179 -0.0698967576
vn -0.239597201 0.968355298 -0.0698658526
vn -0.968993723 -0.239715114 0.0598996133
vn -0.968997598 -0.239699408 0.059899848
vn -0.968989849 -0.23973082 0.0598993711
vn 0.239588886 -0.968355179 0.0698967576
vn 0.701524317 0.124716058 -0.701647699
vn 0.875351787 0.186326653 -0.446140826
vn 0.634647191 0.103479207 -0.765842736
vn 0.86709708 0.18319267 -0.463231146
vn 0.96993643 0.242817417 0.0162174273
vn 0.925441504 0.25016579 0.284561276
vn 0.823035359 0.240845323 0.514399052
vn 0.720419049 0.225337565 0.655911088
vn 0.658153117 0.214876413 0.721569657
vn 0.614487052 0.207036883 0.761276186
vn 0.239493534 0.968373775 -0.069964774
vn 0.239536166 0.968366504 -0.0699198022
vn 0.239559859 0.968361437 -0.069909133
vn 0.23958312 0.968357086 -0.0698891804
vn 0.239567757 0.96835959 -0.0699081868
vn 0.239572898 0.968357861 -0.0699136257
vn 0.239556924 0.968360662 -0.0699304864
vn 0.239628598 0.968347609 -0.0698652864
vn 0.968984962 -0.239746287 0.05991574
vn 0.968987823 -0.239730328 0.0599325821
vn 0.9689821 -0.239762217 0.0598988943
vn -0.239597008 -0.968354523 0.0698769018
vn -0.239597201 -0.968355298 0.0698658526
vn -0.239596829 -0.968353868 0.0698879585
vn -0.239596635 -0.968353093 0.0698990151
vn -0.701516688 0.124714814 -0.701655626
vn -0.634667754 0.103476927 -0.765825927
vn -0.87534374 0.186327159 -0.446156412
vn -0.867074847 0.183195636 -0.463271588
vn -0.969947636 0.242773607 0.0162035488
vn -0.92546612 0.250073522 0.2845622
vn -0.823078036 0.240707189 0.514395595
vn -0.720456719 0.225243926 0.655901968
vn -0.658191264 0.214804858 0.721556008
vn -0.614507854 0.207032636 0.761260569
vn 0.962666392 1.17888735e-16 0.27069056
vn 1.17562217e-16 -0.960000038 0.280000001
vn 0 0 1
vn -0.962679446 -1.17890337e-16 0.270644218
vn -0.962675154 -1.17889807e-16 0.270659655
vn -0.962683797 -1.17890866e-16 0.27062878
vn 1.13364322e-16 -0.925720513 -0.378208399
vn 0.580323577 -0.690673053 -0.431503594
vn 0.541410387 -0.711624146 -0.447734267
vn 0.617950559 -0.668190897 -0.414316475
vn 1.13363607e-16 -0.925714731 -0.378222644
vn 1.13362893e-16 -0.92570883 -0.378236949
vn -0.571340382 -0.703771949 -0.422226548
vn -0.5359658 -0.723360181 -0.435305268
vn -0.605682969 -0.682912588 -0.408385277
vn -0.571006 -0.700081885 -0.428762615
vn -0.528567731 -0.722845852 -0.445095599
vn -0.611967742 -0.675507665 -0.411320984
vn -0.580327451 -0.690678179 -0.431490093
vn -0.541418433 -0.711634815 -0.447707534
vn -0.617950559 -0.668190897 -0.414316475
vn 0.571340382 -0.703771949 -0.422226548
vn 0.5359658 -0.723360181 -0.435305268
vn 0.605682969 -0.682912588 -0.408385277
vn 0.571006 -0.700081885 -0.428762615
vn 0.528567731 -0.722845852 -0.445095599
vn 0.611967742 -0.675507665 -0.411320984
vn 0.580327451 -0.690678179 -0.431490093
vn 0.541418433 -0.711634815 -0.447707534
vn 1.14764812e-16 -0.937156737 -0.348908693
vn -0.580323577 -0.690673053 -0.431503594
vn -0.541410387 -0.711624146 -0.447734267
vn 0.443181545 -3.33393509e-05 -0.896431804
vn 0.429054648 -3.33417338e-05 -0.90327853
vn 0.449838579 5.50875156e-17 -0.893109918
vn 0.42073679 -6.66776759e-05 -0.907182753
vn 0.412552685 -4.44467732e-05 -0.910933733
vn 0.412044019 5.04591721e-17 -0.911163926
vn 0.408005714 -6.66675987e-05 -0.912979364
vn -0.960000038 -1.17562217e-16 -0.280000001
vn 0.0789143071 0.996677816 0.0201484375
vn 0.125694782 0.991497397 0.0336708724
vn 0.0435204841 0.999002099 0.0100457566
vn 0.207398683 0.976584494 0.0571709089
vn 0.253277242 0.964825332 0.0704463795
vn 0.287909985 0.954281747 0.0803384334
vn 0.107353032 -0.993762493 0.0301899053
vn 0.068715252 -0.997466028 0.0184327345
vn 0.0401752405 -0.99914223 0.0100438101
vn 0.174197704 -0.983427823 0.0502499789
vn 0.212284863 -0.975248277 0.0618530102
vn 0.240313366 -0.96816057 0.0701052994
vn 0.960000038 1.17562217e-16 0.280000001
vn -0.280000001 -3.4288979e-17 0.960000038
vn -0.443181545 -3.33393509e-05 -0.896431804
vn -0.449838579 -5.50875156e-17 -0.893109918
vn -0.429047793 -3.33417411e-05 -0.903281808
vn -0.420727551 -6.66779888e-05 -0.907187045
vn -0.412534207 -4.44470825e-05 -0.910942078
vn -0.412016302 -5.04557807e-17 -0.911176443
vn -0.407977939 -6.66685009e-05 -0.912991881
vn 0.960029542 1.17565817e-16 -0.279898882
vn -0.0789143071 0.996677816 0.0201484375
vn -0.0435204841 0.999002099 0.0100457566
vn -0.125705585 0.991496086 0.0336707644
vn -0.207419768 0.976580083 0.0571705662
vn -0.253308535 0.964817226 0.070445776
vn -0.287940592 0.954272568 0.0803376585
vn -0.107350945 -0.993761361 0.0302339643
vn -0.0401725359 -0.999141693 0.0101098651
vn -0.0687122047 -0.997465014 0.0184987448
vn -0.174196482 -0.983426809 0.0502719618
vn -0.212284863 -0.975248277 0.0618530102
vn -0.240313366 -0.96816057 0.0701052994
vn -0.959986567 -1.17560563e-16 0.280046076
vn -0.959982097 -1.1756002e-16 0.280061454
vn -0.959991038 -1.17561119e-16 0.280030727
vn 0.280015349 3.42908583e-17 0.959995568
vn 0.280000001 3.4288979e-17 0.960000038
vn 0.280023009 3.4291798e-17 0.959993303
vn 0.280020475 3.4291487e-17 0.959994078
vn 0.280030727 3.4292741e-17 0.959991038
vn 0.54190439 6.63619543e-17 0.840440094
vn 0.541521132 6.63150168e-17 0.840687215
vn 0.543077111 6.65055661e-17 0.839682817
vn 0.540742457 6.6219666e-17 0.841188312
vn 0.540754199 6.6221102e-17 0.841180623
vn 0.540777802 6.62239938e-17 0.841165483
vn 0.541560411 6.63198343e-17 0.840661883
vn 0.541951478 6.63677181e-17 0.840409756
vn 0.543124199 6.65113299e-17 0.839652479
vn 0.541927934 6.63648329e-17 0.840424895
vn 0.541544676 6.63179086e-17 0.840671957
vn 0.543100595 6.65084447e-17 0.839667678
vn 0.540766001 6.62225512e-17 0.841173053
vn -0.540777802 -6.62239938e-17 -0.841165483
vn -0.540769994 -6.62230277e-17 -0.841170609
vn -0.540766001 -6.62225512e-17 -0.841173053
vn -0.540754199 -6.6221102e-17 -0.841180623
vn -0.540762067 -6.62220681e-17 -0.841175616
vn 0.672594965 -0.596156955 -0.438420951
vn 0.800035 -0.294091076 -0.522928774
vn 0.82082051 -0.195048511 -0.536851823
vn 0.683479667 -0.578714013 -0.444910884
vn 0.353366077 -0.906993628 -0.229117662
vn 0.16799134 -0.979676545 -0.109603442
vn 0.0687555894 -0.996605396 -0.0452817678
vn 0.0334891118 -0.999164224 -0.0234390423
vn 0.0687223226 -0.996607721 -0.0452818945
vn 0.167958274 -0.979682028 -0.109604545
vn 0.0334557593 -0.999165356 -0.0234390683
vn 0.353338987 -0.907004774 -0.22911559
vn 0.673853576 -0.59617126 -0.436464489
vn 0.68427819 -0.578734159 -0.44365561
vn 0.802421272 -0.294101357 -0.51925379
vn 0.823988199 -0.195042819 -0.531979084
vn 0.353360176 -0.906996965 -0.229113847
vn 0.672587693 -0.596168637 -0.438416213
vn 0.683466136 -0.578736722 -0.444902122
vn 0.800031066 -0.294106364 -0.522926211
vn -0.54190439 -6.63619543e-17 0.840440094
vn -0.543077111 -6.65055661e-17 0.839682817
vn -0.541513324 -6.63140639e-17 0.840692222
vn -0.540730655 -6.62182168e-17 0.841195822
vn -0.540754199 -6.6221102e-17 0.841180623
vn -0.541544676 -6.63179086e-17 0.840671957
vn -0.541939735 -6.63662821e-17 0.840417325
vn -0.543124199 -6.65113299e-17 0.839652479
vn -0.541951478 -6.63677181e-17 0.840409756
vn -0.541552544 -6.63188681e-17 0.84066689
vn -0.540766001 -6.62225512e-17 0.841173053
vn 0.540769994 6.62230277e-17 -0.841170609
vn 0.540777802 6.62239938e-17 -0.841165483
vn 0.540766001 6.62225512e-17 -0.841173053
vn 0.540754199 6.6221102e-17 -0.841180623
vn 0.540730655 6.62182168e-17 -0.841195822
vn 0.540742457 6.6219666e-17 -0.841188312
vn 0.540762067 6.62220681e-17 -0.841175616
vn -0.672594965 -0.596156955 -0.438420951
vn -0.82082051 -0.195048511 -0.536851823
vn -0.800035 -0.294091076 -0.522928774
vn -0.683479667 -0.578714013 -0.444910884
vn -0.353366077 -0.906993628 -0.229117662
vn -0.16799134 -0.979676545 -0.109603442
vn -0.0687555894 -0.996605396 -0.0452817678
vn -0.0334891118 -0.999164224 -0.0234390423
vn -0.0687223226 -0.996607721 -0.0452818945
vn -0.0334557593 -0.999165356 -0.0234390683
vn -0.167958274 -0.979682028 -0.109604545
vn -0.353344947 -0.907001436 -0.229119435
vn -0.673864543 -0.596160352 -0.436462432
vn -0.68429172 -0.578711331 -0.443664312
vn -0.802432716 -0.294087857 -0.519243777
vn -0.824003458 -0.19504641 -0.531954229
vn -0.353360176 -0.906996965 -0.229113847
vn -0.672587693 -0.596168637 -0.438416213
vn -0.683466136 -0.578736722 -0.444902122
vn -0.800031066 -0.294106364 -0.522926211
vn -0.199835598 0.979144454 -0.0366337448
vn -0.199820161 0.979083717 -0.0383006744
vn -0.199814886 0.979062915 -0.0388562977
vn -0.199804097 0.979020119 -0.039975822
vn -0.199804038 0.979019701 -0.0399841443
vn -0.199804157 0.979020417 -0.0399674997
vn 0.199804425 -0.979021728 0.0399342179
vn 0.0283003934 0.999197841 -0.0283337254
vn 0.0299666859 0.999100566 -0.0300000198
vn 0.0266339444 0.999289572 -0.0266672764
vn -0.0216514599 0.0300019626 0.999315321
vn -0.0288591925 0.0288923848 0.999165833
vn -0.0166674033 0.0300013293 0.999410927
vn -0.0349536873 0.0283362698 0.998987198
vn -0.0432698801 0.0266686454 0.998707473
vn -0.250270307 -0.0863320306 -0.964319229
vn -0.659219801 -0.159523949 -0.734834194
vn -0.741970599 -0.172304809 -0.647912621
vn -0.317646474 -0.0995160267 -0.942972541
vn 0.537917674 0.0756507814 -0.839596093
vn 0.926381707 0.172224522 -0.334896505
vn 0.934145272 0.196697548 0.297796518
vn 0.677764952 0.161297575 0.717368662
vn 0.492036104 0.129387528 0.860906065
vn 0.357175797 0.105447367 0.928065956
vn 0.97976017 0.199925199 0.00999959372
vn 0.0232362896 -0.0289361272 -0.999311149
vn 0.0166002214 -0.0300336648 -0.999411047
vn 0.0133332582 -0.0299998317 -0.999460995
vn 0.0281871203 -0.0284031853 -0.999199092
vn 0.0365052074 -0.0267371461 -0.998975754
vn 0.247080266 -0.968165278 0.0400927924
vn 0.278648078 -0.959554017 0.0401409343
vn 0.223499909 -0.973880529 0.0400572121
vn 0.334223509 -0.941639364 0.0401242562
vn 0.365528613 -0.929937422 0.04006676
vn 0.389933199 -0.919974148 0.0399974212
vn 0.199835598 0.979144454 -0.0366337448
vn 0.199814886 0.979062915 -0.0388562977
vn 0.199820161 0.979083717 -0.0383006744
vn 0.199804097 0.979020119 -0.039975822
vn 0.199804038 0.979019701 -0.0399841443
vn 0.199804157 0.979020417 -0.0399674997
vn -0.199804425 -0.979021728 0.0399342179
vn -0.0282837786 0.999199748 -0.0282837786
vn -0.0299334396 0.999103606 -0.0299334396
vn -0.0266339667 0.999290407 -0.0266339667
vn 0.0216514636 0.0299853068 0.999315798
vn 0.0166674219 0.0299680252 0.999411941
vn 0.0288592 0.0288812798 0.999166131
vn 0.0349536873 0.0283362698 0.998987198
vn 0.0432698801 0.0266686454 0.998707473
vn 0.250275344 -0.0863564834 -0.964315712
vn 0.741987526 -0.172308743 -0.647892177
vn 0.659229398 -0.159526214 -0.734825134
vn 0.317646086 -0.0995357856 -0.942970574
vn -0.53792125 0.0756053329 -0.839597881
vn -0.926386595 0.172193795 -0.334898889
vn -0.934151411 0.196681276 0.297787905
vn -0.677787721 0.161293969 0.71734792
vn -0.49207601 0.129384205 0.860883713
vn -0.357235044 0.105444811 0.928043425
vn -0.97976017 0.199925199 0.00999959372
vn -0.0232362896 -0.0289361272 -0.999311149
vn -0.0133332582 -0.0299998317 -0.999460995
vn -0.0166002214 -0.0300336648 -0.999411047
vn -0.0281871203 -0.0284031853 -0.999199092
vn -0.0365052074 -0.0267371461 -0.998975754
vn -0.247080266 -0.968165278 0.0400927924
vn -0.223499909 -0.973880529 0.0400572121
vn -0.278648078 -0.959554017 0.0401409343
vn -0.334223509 -0.941639364 0.0401242562
vn -0.365528613 -0.929937422 0.04006676
vn -0.389933199 -0.919974148 0.0399974212
vn -0.193375558 -0.978939235 0.0654511005
vn -0.251726717 -0.965012848 0.0733754411
vn -0.246660724 -0.96656853 0.0700267032
vn -0.236162886 -0.969011724 0.072411634
vn -0.0916929692 -0.994263828 0.0550610013
vn -0.219089434 -0.973292053 0.0685743764
vn -0.128898814 -0.990463436 0.0486554056
vn 0.0641519129 -0.996766508 0.0483847037
vn 0.160063222 -0.985163033 0.0619157366
vn 0.227537051 -0.970983148 0.0736107156
vn 0.238663226 -0.968224406 0.0747082978
vn 0.143000245 -0.987767518 0.0621796846
vn 0.239117354 -0.968447387 0.0702318922
vn 0.234030426 -0.969926536 0.0668753684
vn -0.301163316 -3.3332959e-05 -0.953572571
vn -0.301198393 -3.33331518e-05 -0.953561544
vn -0.301128179 -3.33327625e-05 -0.953583717
vn 0.301163316 -3.3332959e-05 -0.953572571
vn 0.301198393 -3.33331518e-05 -0.953561544
vn 0.301128179 -3.33327625e-05 -0.953583717
vn -0.890443742 -1.09044308e-16 0.455093265
vn -0.738532007 -9.04411025e-17 0.674218357
vn -0.913199008 -1.11830941e-16 0.407513887
vn -0.764094174 -9.35714518e-17 0.645104706
vn -0.288313389 -3.53070398e-17 0.957536101
vn -0.250849575 -3.0719195e-17 0.968026042
vn -0.0102437278 -1.25445342e-18 0.999947488
vn 0.0420533493 5.14988008e-18 0.999115348
vn -0.00674771797 -8.26329754e-19 0.999977171
vn -0.00545139331 -6.67581025e-19 0.999985099
vn 0.275038064 3.36813354e-17 0.961433351
vn 0.226512238 2.77388335e-17 0.974008322
vn 0.653009236 7.99679306e-17 0.757349968
vn 0.828397214 1.01446046e-16 0.560141027
vn 0.898635626 1.10047493e-16 0.438695788
vn 0.927161336 1.13540756e-16 0.374662399
vn -0.145230249 0.982759893 0.114416875
vn -0.300061822 0.944791436 0.131651029
vn -0.311596602 0.934722722 0.170883134
vn -0.24467431 0.964585125 0.0985395387
vn -0.310535043 0.94509232 0.101825655
vn -0.303872317 0.948437929 0.0901511312
vn 0.17624253 0.979664803 0.0958923846
vn 0.233677968 0.963659167 0.129443511
vn 0.302040637 0.943861306 0.133780509
vn 0.293801367 0.95111835 0.0951556191
vn 0.287077785 0.954265594 0.0834485665
vn 0.330946892 0.92622304 0.180513442
vn 0.115202576 0.0601013489 0.991522193
vn 0.110228978 0.0601271689 0.992085874
vn 0.116869859 0.0601016358 0.991327047
vn 0.108014241 0.0601350889 0.992328942
vn 0.10470283 0.0601571836 0.992682457
vn 0.103603177 0.0601685122 0.992797136
vn -0.979766667 -0.199893191 -0.00999965984
vn -0.0861143321 0.973754048 -0.210682765
vn -0.109467022 0.902559638 -0.416416973
vn -0.16108495 0.968184054 -0.191497654
vn -0.0257040281 0.941457629 -0.336149752
vn -0.0632578135 0.693520606 -0.717654347
vn 0.0284389835 0.989753783 -0.139924273
vn 0.0605014786 0.988584757 -0.137985229
vn 0.983080566 -0.18276462 0.0122277653
vn 0.999923587 -0.0102417888 0.00692192651
vn 0.995224476 0.0975545123 0.0033697586
vn 0.875564277 -0.48264873 0.0209145509
vn 0.576428771 -0.816546619 0.0313311704
vn 0.532443941 -0.845892489 0.031132251
vn 0.349388272 -0.936307907 0.0354297832
vn 0.29993248 -0.953240037 0.0370661393
vn 0.0116666444 -0.0299999546 -0.999481857
vn 0.0133332321 -0.0299998261 -0.999460936
vn 0.00999999978 -0.0299999956 -0.999499857
vn 0.0174999535 -0.0299999006 -0.999396682
vn 0.0183330048 -0.0299994536 -0.999381781
vn 0.0199999958 -0.0299999956 -0.999349833
vn 0.0200003292 -0.0300004929 -0.999349833
vn -0.115202576 0.0601013489 0.991522193
vn -0.116869859 0.0601016358 0.991327047
vn -0.110228866 0.06014378 0.992084861
vn -0.108014092 0.0601572283 0.992327571
vn -0.104702614 0.0601903982 0.99268043
vn -0.103602976 0.0602017306 0.992795169
vn 0.979762733 -0.199912459 -0.0099997893
vn 0.979758799 -0.199931711 -0.00999991968
vn 0.979766667 -0.199893191 -0.00999965984
vn 0.0861143321 0.973754048 -0.210682765
vn 0.16108495 0.968184054 -0.191497654
vn 0.109467022 0.902559638 -0.416416973
vn 0.0257040281 0.941457629 -0.336149752
vn 0.0632578135 0.693520606 -0.717654347
vn -0.0284389835 0.989753783 -0.139924273
vn -0.0605014786 0.988584757 -0.137985229
vn -0.983083665 -0.182765529 0.011977233
vn -0.99522543 0.0975546017 0.00310018053
vn -0.999925435 -0.0102419145 0.00664743362
vn -0.87556684 -0.482649356 0.0207916293
vn -0.576428711 -0.816545308 0.0313639976
vn -0.532442331 -0.845889747 0.0312360469
vn -0.34938705 -0.936304629 0.0355308838
vn -0.299931377 -0.95323652 0.0371670946
vn -0.0116499802 -0.0299999621 -0.999482095
vn -0.00999999978 -0.0299999956 -0.999499857
vn -0.0133110154 -0.0299998391 -0.999461293
vn -0.0174662974 -0.0299994219 -0.999397337
vn -0.0182993505 -0.029998973 -0.999382436
vn -0.01996601 -0.0299990159 -0.999350548
vn -0.0199663434 -0.029999515 -0.999350548
vn 0.836606503 1.02451368e-16 0.547804296
vn -0.836606503 -1.02451368e-16 -0.547804296
vn -0.836591303 -1.02449495e-16 -0.547827601
vn -0.836598933 -1.02450435e-16 -0.547815919
vn -0.836601496 -1.02450753e-16 -0.547812104
vn 0.452043384 -0.561835051 -0.692819059
vn 0.527156293 -0.268621087 -0.806194127
vn 0.538697124 -0.178313777 -0.823413372
vn 0.459855944 -0.53896147 -0.70572871
vn 0.254252523 -0.884552181 -0.391053945
vn 0.12821494 -0.972203434 -0.195911974
vn 0.0587076284 -0.994308114 -0.088908352
vn 0.0300167557 -0.998608768 -0.0433538221
vn 0.452049375 -0.561841667 -0.692809701
vn 0.527163446 -0.268626064 -0.806187868
vn 0.459867775 -0.538974524 -0.705711186
vn 0.254254788 -0.88455534 -0.391045302
vn 0.452034771 -0.56184566 -0.6928159
vn 0.527151048 -0.268627644 -0.806195378
vn 0.538672745 -0.1783171 -0.82342869
vn 0.254243225 -0.884558022 -0.391046494
vn 0.128203422 -0.972204745 -0.195912972
vn -0.837885678 0.000133335925 0.545845687
vn -0.837754488 -3.33341777e-05 0.546047151
vn -0.837973177 0.00011111323 0.545711458
vn -0.838082492 0.000183336932 0.545543611
vn -0.838147998 6.66678243e-05 0.545442879
vn 0.838067174 -0.000233333471 -0.545566976
vn 0.837988138 -0.000244444615 -0.545688391
vn 0.838054657 -0.000266668329 -0.545586348
vn 0.83794868 -0.000250000186 -0.545749128
vn 0.83785516 -0.000199997259 -0.545892596
vn -0.83794868 0.000250000186 0.545749128
vn -0.83785516 0.000199997259 0.545892596
vn -0.837988138 0.000244444615 0.545688391
vn -0.838054657 0.000266668329 0.545586348
vn -0.838067174 0.000233333471 0.545566976
vn 0.837920606 -0.00059999089 -0.545791745
vn 0.837991416 -0.000488883001 -0.545683265
vn 0.83799392 -0.000466662226 -0.54567939
vn 0.838026762 -0.000433329056 -0.545629025
vn 0.83798629 -0.000533324608 -0.545691013
vn 0.837910712 -0.000566673931 -0.545807064
vn 0.837986588 -0.000477788679 -0.545690715
vn 0.837983966 -0.000450008403 -0.545694649
vn 0.838024437 -0.000433346024 -0.545632541
vn 0.837991595 -0.000533349172 -0.545682907
vn -0.44699499 -0.573491573 -0.686515033
vn -0.53707695 -0.178577662 -0.824414015
vn -0.52581799 -0.269475788 -0.806782663
vn -0.451393068 -0.561245561 -0.693720222
vn -0.245776385 -0.89254415 -0.378099203
vn -0.137701228 -0.96785301 -0.210473523
vn -0.0734183639 -0.991051793 -0.111472078
vn -0.0597603135 -0.994240344 -0.0889659822
vn -0.447140217 -0.573480427 -0.686429679
vn -0.537394524 -0.178683504 -0.82418406
vn -0.526080787 -0.269438297 -0.806623757
vn -0.451535046 -0.561152637 -0.693703055
vn -0.245775416 -0.892550349 -0.378085166
vn -0.13767311 -0.9678635 -0.210442975
vn -0.0734006986 -0.991055191 -0.111454025
vn -0.0597248897 -0.994245708 -0.0889297202
vn -0.4472619 -0.573420882 -0.686400175
vn -0.537652194 -0.178597137 -0.824034691
vn -0.526279628 -0.26937753 -0.806514442
vn -0.451585263 -0.561182559 -0.693646014
vn -0.245835155 -0.892495871 -0.378174812
vn -0.137803763 -0.967806041 -0.210621879
vn -0.0735201687 -0.991028965 -0.111607961
vn -0.0598624162 -0.994221985 -0.0891022533
vn 0.960000038 1.17562217e-16 -0.280000001
vn -0.102754794 -1.25834172e-17 -0.99470669
vn -0.217639357 -2.66522523e-17 -0.976029336
vn -0.303278506 -3.71396783e-17 -0.952901959
vn 0.102754794 1.25834172e-17 -0.99470669
vn 0.217639357 2.66522523e-17 -0.976029336
vn 0.303278506 3.71396783e-17 -0.952901959
vn -0.0313401893 -0.983793139 -0.17654705
vn 1.22199935e-16 -0.990784228 -0.135449961
vn -0.0200923365 -0.994069993 -0.106869876
vn 1.18773898e-16 -0.969894588 -0.243524849
vn 0.0313401893 -0.983793139 -0.17654705
vn 0.0200923365 -0.994069993 -0.106869876
vn -0.0485221334 -0.95805186 -0.28245759
vn 1.16538538e-16 -0.951640844 -0.307212889
vn 0.0485221334 -0.95805186 -0.28245759
vn 0.112206243 0.971763968 -0.207567871
vn 0.13935785 0.955898046 -0.258530974
vn 0.16070886 0.93990624 -0.3012456
vn 0.0521170683 0.994269609 -0.0933370441
vn 0.0367254578 0.997200847 -0.065127261
vn 0.0166162085 0.999508262 -0.0265926067
vn 0.583287835 0.00833336636 0.812222838
vn 0.584380448 0.00666682422 0.811452508
vn 0.58219254 0.00999987125 0.812989473
vn 0.841900766 1.03099706e-16 -0.539632201
vn 0.786296785 9.6290401e-17 -0.617849112
vn 0.740229368 9.06489565e-17 -0.672354579
vn 0.872530758 1.06850672e-16 -0.488559186
vn 0.805065513 9.85888316e-17 -0.593185902
vn 0.547369659 6.70312361e-17 -0.836890936
vn -0.162935331 -1.99531647e-17 -0.986636758
vn -0.221841618 -2.71668662e-17 -0.975082755
vn -0.609003186 -7.45789084e-17 -0.79316783
vn -0.708546758 -8.67690824e-17 -0.705663919
vn 0.755588949 9.2529899e-17 -0.655046105
vn 0.713339806 8.73560497e-17 -0.7008183
vn 0.66389811 8.13013854e-17 -0.747823119
vn 0.800124228 9.79837192e-17 -0.599834263
vn 0.759284616 9.29824793e-17 -0.650758743
vn 0.620965481 7.60438254e-17 -0.783837914
vn 0.270637721 3.31424669e-17 -0.962681234
vn 0.254432231 3.11579316e-17 -0.967090607
vn -0.125414073 -1.53582872e-17 -0.992104411
vn -0.383458316 -4.69585504e-17 -0.923558235
vn -0.619203269 -7.58280306e-17 -0.785230696
vn -0.757185876 -9.27254644e-17 -0.653199553
vn -0.768384933 -9.409691e-17 -0.639987886
vn -0.796125531 -9.74940349e-17 -0.605131567
vn -0.724591374 -8.87339209e-17 -0.689178646
vn -0.688287258 -8.42880964e-17 -0.725438297
vn 1.1812028e-16 -0.964557171 -0.263874024
vn 1.16758224e-16 -0.953434825 -0.301599026
vn 1.15764813e-16 -0.945322692 -0.326136649
vn 1.20211379e-16 -0.981632769 -0.19077988
vn 1.21696665e-16 -0.99376148 -0.111526661
vn 1.22285895e-16 -0.998573124 -0.0534000583
vn 1.22449783e-16 -0.999911308 -0.013316052
vn 1.22457909e-16 -0.999977708 -0.00666799955
vn 1.22460635e-16 -1 0
vn -1.16758224e-16 0.953434825 -0.301599026
vn -1.18190967e-16 0.965134382 -0.261754692
vn -1.15764813e-16 0.945322692 -0.326136649
vn -1.20262466e-16 0.982049942 -0.188620985
vn -1.2199576e-16 0.996203959 -0.0870497972
vn -1.22130001e-16 0.997300088 -0.0734347254
vn -1.22436191e-16 0.999800384 -0.0199773461
vn -1.22457922e-16 0.999977827 -0.00665851822
vn -1.22460635e-16 1 0
vn -0.955807447 -1.17048783e-16 -0.293993264
vn -0.972291291 -1.19067408e-16 -0.233772799
vn -0.940985322 -1.15233671e-16 -0.338447392
vn -0.992021084 -1.2148353e-16 -0.126072183
vn -0.999539852 -1.22404281e-16 0.0303339846
vn -0.999439538 -1.22391999e-16 0.0334775411
vn -0.981512785 -1.20196688e-16 0.191396639
vn -0.969631433 -1.18741684e-16 0.244570553
vn -0.946410656 -1.15898049e-16 0.32296592
vn 0.972291291 1.19067408e-16 -0.233772799
vn 0.955807447 1.17048783e-16 -0.293993264
vn 0.940985322 1.15233671e-16 -0.338447392
vn 0.992021084 1.2148353e-16 -0.126072183
vn 0.999539852 1.22404281e-16 0.0303339846
vn 0.999439538 1.22391999e-16 0.0334775411
vn 0.981512785 1.20196688e-16 0.191396639
vn 0.969631433 1.18741684e-16 0.244570553
vn 0.946410656 1.15898049e-16 0.32296592
vn -1.2233947e-16 0.999010623 0.0444728993
vn -1.22417146e-16 0.999644876 0.0266475715
vn -1.22449743e-16 0.999911129 0.0133357039
vn -1.22109726e-16 0.997134566 0.0756471753
vn -1.21525193e-16 0.992361248 0.123366162
vn -1.21549691e-16 0.9925614 0.121744916
vn -1.2058954e-16 0.984720826 0.174140632
vn -1.19717029e-16 0.977596104 0.210489586
vn -1.19154983e-16 0.973006427 0.230777949
vn -1.18708306e-16 0.969358921 0.245648697
vn 0.139340803 -0.955896199 -0.258547097
vn 0.112194881 -0.971763074 -0.207578719
vn 0.160674691 -0.939901888 -0.301277608
vn 0.0521170683 -0.994269609 -0.0933370441
vn 0.0367254578 -0.997200847 -0.065127261
vn 0.0166162085 -0.999508262 -0.0265926067
vn -0.609020174 -7.45809929e-17 -0.793154716
vn -0.162946001 -1.995447e-17 -0.986635029
vn -0.70856446 -8.67712595e-17 -0.705646157
vn -0.221850276 -2.71679267e-17 -0.975080848
vn 0.841906548 1.031004e-16 -0.539623439
vn 0.872535408 1.06851234e-16 -0.488550931
vn 0.786309659 9.62919826e-17 -0.617832601
vn 0.740244627 9.06508358e-17 -0.672337651
vn 0.583279908 -0.00833327696 0.81222856
vn 0.584364653 -0.00666664355 0.811463833
vn 0.58219254 -0.00999987125 0.812989473
vn -0.12808758 -0.964782774 -0.229755715
vn -0.151858196 -0.950479984 -0.271158576
vn -0.0996719673 -0.978674054 -0.179618165
vn -0.0438281447 -0.99566257 -0.0820680261
vn -0.0281826276 -0.998126388 -0.0543087907
vn -0.0144837825 -0.999414325 -0.0310033057
vn 0.616068959 0.0087994393 -0.787643075
vn 0.749329329 -0.01638823 -0.661994636
vn 0.124183923 0.0115407081 -0.99219209
vn 0.124883473 0.034033522 -0.99158752
vn -0.593964815 0.0109028229 -0.804417014
vn -0.786433756 0.00780645199 -0.617625237
vn -0.82745111 0.00950490963 -0.561457336
vn -0.834966421 0.0145910634 -0.550107479
vn -0.779144168 0.00324226939 -0.626836419
vn -0.744706631 -0.000408711581 -0.667391956
vn -0.586976945 -0.00315008406 0.809597492
vn -0.587899685 -0.00129999931 0.8089329
vn -0.586051464 -0.00500015449 0.810258448
vn 0.123314984 0.990577102 -0.059585195
vn 0.182031944 0.977097392 -0.110204704
vn 0.219101191 0.971521437 -0.0902259201
vn 0.118685186 0.989684999 -0.0802330524
vn 0.015571286 0.999114454 -0.039088089
vn -0.109717339 0.992528737 -0.0533746034
vn -0.0552004091 0.99779731 -0.036789313
vn -0.113765918 0.990523696 -0.0769424587
vn -0.17882289 0.978052914 -0.106934108
vn 0.215915442 0.975121081 -0.0501926579
vn 0.150552824 0.988191843 -0.0284733344
vn 0.00220092689 0.999636054 -0.0268872567
vn -0.147278652 0.988774955 -0.0251594726
vn -0.212697774 0.975992024 -0.0468959436
vn -0.215914071 0.972533047 -0.0869523659
vn 0.952214003 1.16608723e-16 -0.305431753
vn 0.969765902 1.18758148e-16 -0.244037136
vn 0.980461001 1.20067873e-16 -0.196713611
vn 0.912130713 1.11700114e-16 -0.409899294
vn 0.884238839 1.08284447e-16 -0.467034996
vn 0.860963166 1.05434095e-16 -0.508667409
vn -0.969765902 -1.18758148e-16 -0.244037136
vn -0.952226102 -1.16610219e-16 -0.305393934
vn -0.980461001 -1.20067873e-16 -0.196713611
vn -0.912147224 -1.11702126e-16 -0.409862757
vn -0.884266734 -1.08287868e-16 -0.466982126
vn -0.860963166 -1.05434095e-16 -0.508667409
vn -0.471078634 -5.76885884e-17 -0.882091224
vn -0.422818363 -5.17786079e-17 -0.906214416
vn -0.471091628 -5.76901766e-17 -0.88208437
vn -0.321198493 -3.93341686e-17 -0.947011888
vn -7.93387971e-06 -9.7158795e-22 -1
vn 0.321178913 3.93317731e-17 -0.947018445
vn 0.422790855 5.17752363e-17 -0.906227291
vn 0.471052736 5.7685412e-17 -0.882105052
vn 0.4710657 5.76870002e-17 -0.882098198
vn 0.628375113 7.69512227e-17 0.777910531
vn 0.628381848 7.69520433e-17 0.777905107
vn 0.628400743 7.69543528e-17 0.777889788
vn 0.628413558 7.69559211e-17 0.777879536
vn 0.628431797 7.69581512e-17 0.777864695
vn -0.574666023 -0.788349748 -0.219689891
vn -0.462440103 -0.848772228 -0.256388307
vn -0.607757092 -0.732331812 -0.307118088
vn -0.298800021 -0.942988634 -0.146597862
vn -0.161389977 -0.97714138 -0.138376489
vn -0.370274723 -0.884811699 -0.282851517
vn -0.524898827 -0.775574386 -0.350664377
vn 1.21995376e-16 -0.99620074 -0.087086834
vn 1.22071027e-16 -0.996818542 -0.0797041431
vn 0.161389977 -0.97714138 -0.138376489
vn 0.298800021 -0.942988634 -0.146597862
vn 0.462440103 -0.848772228 -0.256388307
vn 0.370274723 -0.884811699 -0.282851517
vn 0.524898827 -0.775574386 -0.350664377
vn 0.607757092 -0.732331812 -0.307118088
vn 0.574666023 -0.788349748 -0.219689891
vn 0.0969509929 -0.0736255124 -0.992562234
vn 0.220117524 -0.277706414 -0.935108244
vn 0.232616827 -0.342890054 -0.91011852
vn 0.262551308 -0.524555802 -0.809881568
vn -0.382462382 0.923971057 0
vn -0.559561551 0.828788817 0
vn -0.210947886 0.977497399 0
vn -0.828787506 0.559563577 0
vn -0.98174417 0.190206245 0
vn -0.98174417 -0.190206245 0
vn -0.828787506 -0.559563577 0
vn -0.561971664 -0.826060236 -0.0425743535
vn -0.192842543 -0.977515697 -0.0852918178
vn 0.162766144 -0.960746229 -0.224663705
vn 0.526113391 -0.802701712 -0.280846328
vn 0.788113177 -0.515809476 -0.335884154
vn 0.967186093 -0.161822215 -0.195868716
vn 0.972845793 0.210191622 -0.0969053954
vn 0.828787506 0.559563577 0
vn 0.559561551 0.828788817 0
vn 0.382462382 0.923971057 0
vn 0.210947886 0.977497399 0
vn -0.0969509929 -0.0736255124 -0.992562234
vn -0.220117524 -0.277706414 -0.935108244
vn -0.232616827 -0.342890054 -0.91011852
vn -0.262551308 -0.524555802 -0.809881568
vn 0.382462382 0.923971057 1.78738974e-05
vn 0.559561551 0.828788817 2.47053486e-05
vn 0.828787506 0.559563577 3.70539165e-05
vn 0.98174417 0.190206245 2.4698038e-05
vn 0.98174417 -0.190206245 1.23469836e-05
vn 0.828787506 -0.559563577 0
vn 0.561971664 -0.826060236 -0.0425743535
vn 0.192842543 -0.977515697 -0.0852918178
vn -0.162766144 -0.960746229 -0.224663705
vn -0.526110113 -0.802699506 -0.280858576
vn -0.788109541 -0.515807152 -0.335896313
vn -0.967183948 -0.161820427 -0.195881307
vn -0.972846925 0.210191861 -0.0968931392
vn -0.828787506 0.559563577 1.23526634e-05
vn -0.559561551 0.828788817 1.23526743e-05
vn 0.610676408 0.0399984568 -0.790869474
vn -0.513541698 0.819139004 -0.25551185
vn -0.351471752 0.921798587 -0.163569823
vn -0.242434308 0.964751959 -0.102368735
vn -0.630077899 0.706199348 -0.322930723
vn -0.764468372 0.503352284 -0.402771205
vn -0.683138013 -0.100505598 -0.723340213
vn -0.418987036 -0.0199993812 0.907772005
vn -0.418987155 -0.0199910533 0.907772124
vn -0.418987185 -0.0199827235 0.907772243
vn -0.418987364 -0.0199660622 0.907772541
vn -0.110403448 0.993430972 -0.0301009398
vn 0.110403448 -0.993430972 0.0301009398
vn 0.925677955 0.111889109 0.361387938
vn 0.867633402 0.1109787 0.484660715
vn 0.843921721 0.110958263 0.524866223
vn 0.926107883 0.11112424 0.360521168
vn 0.966533244 0.110722318 0.231417298
vn 0.975976706 0.110644527 0.18768914
vn -0.610646725 0.039933119 -0.7908957
vn -0.610656321 0.0399659909 -0.790886581
vn -0.610637069 0.0399002433 -0.79090476
vn 0.513535023 0.819142044 -0.255515277
vn 0.242434308 0.964751959 -0.102368735
vn 0.351471752 0.921798587 -0.163569823
vn 0.630068541 0.706205308 -0.322935939
vn 0.764452934 0.50336659 -0.402782679
vn 0.683146894 -0.100504451 -0.723332047
vn 0.683155775 -0.100503311 -0.723323762
vn 0.683138013 -0.100505598 -0.723340213
vn 0.418987036 -0.0199993812 0.907772005
vn 0.418987155 -0.0199910533 0.907772124
vn 0.418987185 -0.0199827235 0.907772243
vn 0.418987364 -0.0199660622 0.907772541
vn 0.110403553 0.993431985 -0.0300676338
vn -0.110370398 -0.993433595 0.0301343519
vn -0.110403448 -0.993430972 0.0301009398
vn -0.110386923 -0.993432283 0.0301176459
vn -0.110348381 -0.993435383 0.0301566292
vn -0.110337369 -0.993436217 0.0301677696
vn -0.925682127 0.111870587 0.361382723
vn -0.843921721 0.110958263 0.524866223
vn -0.867637277 0.110977083 0.484654218
vn -0.926114559 0.111104131 0.360510588
vn -0.966538191 0.110687323 0.231413722
vn -0.975980341 0.110611342 0.187689841
vn 0.092319034 -0.994968712 0.0389154032
vn 0.0600485653 -0.997922838 0.0233284328
vn 0.106735803 -0.993610263 0.0366904363
vn 0.0555864237 -0.998067558 0.0277708489
vn 0.0244113971 -0.999640763 0.0110717816
vn 0.0199755616 -0.99977845 0.00663628848
vn 0.0834137425 -0.995571375 0.0433576927
vn 0.0549694747 -0.998038113 0.0299697053
vn 0.0266127102 -0.999533951 0.0149571272
vn -0.585890293 -7.17484949e-17 0.810390294
vn -0.727350473 -8.9071801e-17 0.686266184
vn -0.803031862 -9.83397906e-17 0.59593612
vn -0.273359567 -3.34757843e-17 0.961911917
vn 0.274657995 3.36347949e-17 0.96154201
vn 0.298194408 3.6517076e-17 0.954505205
vn 0.726180613 8.89285399e-17 0.687503934
vn 0.934937716 1.1449306e-16 0.354811847
vn 0.991213381 1.21384612e-16 -0.13227272
vn 0.828474104 1.01455462e-16 -0.560027242
vn 0.591092288 7.23855365e-17 -0.806603909
vn 0.454516351 5.56603614e-17 -0.890738368
vn 0.410809577 5.03079966e-17 -0.91172123
vn 0.0244113803 0.999640226 0.0111162402
vn 0.060048487 0.997921646 0.0233784579
vn 0.0199755579 0.999778211 0.00666963495
vn 0.0544954687 0.998156667 0.0267137345
vn 0.0923286974 0.995008647 0.0378585309
vn 0.106735677 0.993609071 0.0367237404
vn 0.0249606445 0.999576032 0.0149897272
vn 0.0516833141 0.998261034 0.0283515304
vn 0.0817977041 0.995842278 0.0400899611
vn -0.092319034 -0.994968712 0.0389154032
vn -0.106735803 -0.993610263 0.0366904363
vn -0.0600485653 -0.997922838 0.0233284328
vn -0.0555975102 -0.998067021 0.0277708303
vn -0.0244113971 -0.999640763 0.0110717816
vn -0.0199755616 -0.99977845 0.00663628848
vn -0.0834303126 -0.995569944 0.0433576331
vn -0.0550027192 -0.998036325 0.0299696457
vn -0.0266293604 -0.999533415 0.0149571151
vn 0.585897505 7.17493816e-17 0.810385108
vn 0.803048015 9.83417626e-17 0.595914364
vn 0.727359712 8.90729326e-17 0.686256349
vn 0.273359567 3.34757843e-17 0.961911917
vn -0.274657995 -3.36347949e-17 0.96154201
vn -0.298194408 -3.6517076e-17 0.954505205
vn -0.726180613 -8.89285399e-17 0.687503934
vn -0.934937716 1.36045937e-05 0.354811847
vn -0.991213381 2.71535609e-05 -0.13227272
vn -0.828474104 3.86989232e-05 -0.560027242
vn -0.591072321 2.39842666e-05 -0.806618571
vn -0.454472035 1.13807364e-05 -0.890760899
vn -0.410741657 -5.02996818e-17 -0.911751807
vn -0.0244113803 0.999640226 0.0111162402
vn -0.0199755579 0.999778211 0.00666963495
vn -0.060048487 0.997921646 0.0233784579
vn -0.0544954687 0.998156667 0.0267137345
vn -0.0923286974 0.995008647 0.0378585309
vn -0.106735677 0.993609071 0.0367237404
vn -0.0249606445 0.999576032 0.0149897272
vn -0.0516833141 0.998261034 0.0283515304
vn -0.0817977041 0.995842278 0.0400899611
vn 0.99272716 1.21569993e-16 0.120386615
vn 0.992729068 1.21570232e-16 0.120370202
vn 0.992725134 1.21569742e-16 0.120403044
vn 0.279889345 -0.959563494 0.0299988594
vn 0.139992997 0.989950538 0.0199990012
vn -0.992725134 -1.21569742e-16 0.120403044
vn -0.279889345 -0.959563494 0.0299988594
vn -0.139992997 0.989950538 0.0199990012
vn 0.999799311 1.22436058e-16 0.0200333223
vn -0.0311715659 0.999474347 0.00890533905
vn 0.00833894685 0.999952674 0.00499497075
vn 0.0366092697 0.999329686 0
vn -0.0650420561 0.997793257 0.0133469515
vn -0.110012576 0.993790269 0.0166807286
vn 0.764602602 9.36337153e-17 0.644502163
vn 0.764678836 9.36430525e-17 0.644411564
vn 0.764671266 9.36421261e-17 0.644420564
vn 0.764755189 9.3652403e-17 0.644321024
vn 0.764770329 9.36542558e-17 0.644303024
vn -0.588724554 -7.20955865e-17 -0.808333755
vn -0.999799311 -1.22436058e-16 0.0200333223
vn -0.999798715 -1.22435979e-16 0.0200666394
vn -0.999800026 -1.22436138e-16 0.0199999996
vn 0.0311715659 0.999474347 0.00890533905
vn -0.0366092697 0.999329686 0
vn -0.00833894685 0.999952674 0.00499497075
vn 0.0650420561 0.997793257 0.0133469515
vn 0.110012576 0.993790269 0.0166807286
vn -0.764602602 -9.36337153e-17 0.644502163
vn -0.764693975 -9.36449186e-17 0.644393682
vn -0.764686406 -9.36439922e-17 0.644402564
vn -0.764785469 -9.36561087e-17 0.644285142
vn -0.764800608 -9.36579616e-17 0.644267142
vn 0.58878988 7.21035804e-17 -0.80828619
vn 0.301132977 -6.66667329e-05 -0.953582227
vn 0.301067591 -0.000100000303 -0.953602791
vn -0.301132977 -0.000199999748 -0.953582227
vn -0.3010979 -0.000199998598 -0.953593314
vn -0.301168054 -0.000200000941 -0.953571141
vn 0.239051089 -0.968466103 0.0701986626
vn 0.142973155 -0.987772286 0.0621661246
vn 0.233897731 -0.969963133 0.0668088645
vn -0.193393305 -0.978935182 0.065459758
vn -0.251761645 -0.965002358 0.0733925551
vn -0.246730745 -0.966548204 0.0700609908
vn 0.676696599 8.28687008e-17 -0.736262023
vn -0.676675975 -8.28661663e-17 -0.736280918
vn -0.676661432 -8.28643928e-17 -0.736294389
vn 0.0714589804 0.00085500523 0.997443259
vn 0.150630131 0.00115757983 0.988589525
vn 0.0919865444 -0.0028017005 0.995756328
vn 0.137673587 0.00173679832 0.990476191
vn 0.0295719132 0.00113870564 0.999562025
vn -0.0787434205 -0.000717626943 0.996894658
vn -0.0883368105 -3.34403449e-05 0.996090651
vn -0.149995118 -3.33767712e-05 0.9886868
vn -0.166725531 -3.33718053e-05 0.986003339
vn -0.0833732486 -3.34692777e-05 0.996518433
vn -0.149978772 -3.33768548e-05 0.988689244
vn -0.970735073 -1.18876826e-16 0.240153119
vn -0.970733762 -1.18876667e-16 0.240158364
vn 0.970726013 1.18875714e-16 0.240189776
vn 0.970724702 1.18875555e-16 0.240195006
vn 0.970729887 1.1887619e-16 0.24017407
vn 0.970722139 1.18875251e-16 0.240205482
vn -0.676722229 -8.28718374e-17 -0.73623842
vn -0.676730812 -8.2872883e-17 -0.736230552
vn -0.676704407 -8.28696537e-17 -0.736254811
vn -0.676678061 -8.28664244e-17 -0.73627907
vn 0.676687777 8.28676221e-17 -0.73627013
vn 0.676661432 8.28643928e-17 -0.736294389
vn 0.676719785 8.2871533e-17 -0.736240745
vn 0.676696837 8.28687272e-17 -0.736261845
vn -0.0750110596 0.0036721169 0.997175872
vn -0.166660652 -2.04093681e-17 0.986014307
vn -0.155307397 0.00487327529 0.987854183
vn -0.0923023671 0.00256735645 0.995727718
vn -0.144703165 0.00731217535 0.989448071
vn -0.0343087092 0.00489159767 0.999399304
vn 0.0786601678 0.000658933248 0.996901274
vn 0.0883368105 1.08177812e-17 0.996090651
vn 0.149995118 1.83684968e-17 0.9886868
vn 0.166725531 2.04173156e-17 0.986003339
vn 0.0833732486 1.02099416e-17 0.996518433
vn 0.149978772 1.8366495e-17 0.988689244
vn 0.328915298 -0.942211986 0.0636507422
vn 0.380426019 -0.920735896 0.0867263004
vn 0.2417285 -0.968957305 0.0518570095
vn 0.0667082518 -0.997710824 -0.0110918349
vn -0.158044443 -0.986986458 0.0296590999
vn -0.0914728642 -0.994094133 -0.0583921596
vn -0.306162506 -0.950467408 0.0536292791
vn -0.358165711 -0.929910064 0.0835742354
vn -0.0183918178 -0.992697001 -0.119224086
vn -0.0368327536 -0.98886925 -0.144155785
vn 0.970735073 1.18876826e-16 0.240153119
vn 0.970733762 1.18876667e-16 0.240158364
vn -0.970726013 -1.18875714e-16 0.240189776
vn -0.970724702 -1.18875555e-16 0.240195006
vn -0.970729887 -1.1887619e-16 0.24017407
vn -0.970722139 -1.18875251e-16 0.240205482
vn 0.676714242 8.28708514e-17 -0.736245871
vn -0.676705122 -8.28697331e-17 -0.736254156
vn -0.676696122 -8.28686412e-17 -0.7362625
vn -0.676696837 -8.28687272e-17 -0.736261845
vn -0.676679552 -8.28666097e-17 -0.736277759
vn 0.0747439042 -0.00367214298 0.997196019
vn 0.166628212 2.04053959e-17 0.98601979
vn 0.154945612 -0.00487351324 0.987910926
vn 0.144191921 -0.00731247989 0.989522636
vn 0.0339742191 -0.00489154877 0.999410808
vn -0.166709334 -2.04153304e-17 0.986006141
vn -0.0833567604 -1.02079224e-17 0.996519685
vn -0.149946168 -1.83625014e-17 0.988694191
vn -0.328915298 0.942211986 0.0636507422
vn -0.380426019 0.920735896 0.0867263004
vn -0.2417285 0.968957305 0.0518570095
vn -0.0667082518 0.997710824 -0.0110918349
vn 0.158044443 0.986986458 0.0296590999
vn 0.0914728642 0.994094133 -0.0583921596
vn 0.306162506 0.950467408 0.0536292791
vn 0.358165711 0.929910064 0.0835742354
vn 0.0183918178 0.992697001 -0.119224086
vn 0.0368327536 0.98886925 -0.144155785
vn -0.676748872 -8.28750932e-17 -0.736213982
vn -0.676722467 -8.28718639e-17 -0.736238241
vn 0.676757157 8.28761123e-17 -0.736206293
vn 0.676730812 8.2872883e-17 -0.736230552
vn 0.676766217 8.2877224e-17 -0.736198068
vn 0.676748872 8.28750932e-17 -0.736213982
vn -0.0715090185 -0.00108970853 0.997439325
vn -0.150684536 -0.00146921258 0.988580763
vn -0.166628212 -2.04053959e-17 0.98601979
vn -0.137788147 -0.00220436044 0.990459323
vn -0.0296718013 -0.00145128544 0.999558687
vn 0.0883036926 3.34404467e-05 0.996093571
vn 0.149978772 3.33768548e-05 0.988689244
vn 0.166709334 3.33718963e-05 0.986006141
vn 0.0833567604 3.34693214e-05 0.996519685
vn 0.149946168 3.33770222e-05 0.988694191
vn 0.328915298 0.942211986 0.0636507422
vn 0.2417285 0.968957305 0.0518570095
vn 0.380426019 0.920735896 0.0867263004
vn 0.0667082518 0.997710824 -0.0110918349
vn -0.158044443 0.986986458 0.0296590999
vn -0.0914728269 0.994094551 -0.0583838746
vn -0.306162506 0.950467408 0.0536292791
vn -0.358165711 0.929910064 0.0835742354
vn -0.0183918979 0.992698967 -0.119207658
vn -0.0368329361 0.988874078 -0.144123077
vn 1.13363899e-16 -0.925717115 -0.378216863
vn 1.13364904e-16 -0.925725341 -0.378196687
vn 0.571319461 -0.703800619 -0.422206968
vn 0.605642498 -0.682971358 -0.40834707
vn 1.13360034e-16 -0.925685525 -0.37829408
vn 0.571003258 -0.700095594 -0.428744048
vn 0.611962378 -0.675535083 -0.41128394
vn -0.571344674 -0.703776777 -0.42221269
vn -0.605691314 -0.682921946 -0.408357471
vn 1.14763978e-16 -0.937149942 -0.34892711
vn 0.301163316 -6.66660635e-05 -0.953572571
vn 0.3010979 -9.9999299e-05 -0.953593314
vn 0.301228702 -3.33328171e-05 -0.953551948
vn -0.17509532 -2.1442285e-17 0.984551489
vn -0.175097257 -2.14425199e-17 0.984551191
vn -0.175094381 -2.14421676e-17 0.984551728
vn -0.175091505 -2.14418152e-17 0.984552205
vn -0.175097257 -2.14425199e-17 -0.984551191
vn -0.17509532 -2.1442285e-17 -0.984551489
vn -0.175094381 -2.14421676e-17 -0.984551728
vn -0.175091505 -2.14418152e-17 -0.984552205
vn 0.613546669 1.11111303e-05 0.789658487
vn 0.613534391 1.66666941e-05 0.789668024
vn 0.613534391 3.33333883e-05 0.789668024
vn 0.613552868 7.51360774e-17 0.789653718
vn 0.613571346 7.5138334e-17 0.789639354
vn 0.613552868 1.66667942e-05 -0.789653718
vn 0.613559067 1.11111958e-05 -0.78964889
vn 0.613571346 3.33335884e-05 -0.789639354
vn 0.613552868 7.51360774e-17 -0.789653718
vn 0.613571346 7.5138334e-17 -0.789639354
vn -0.994680166 0.00028665585 0.103010602
vn -0.976746261 0.000378550525 0.214398444
vn -0.974728107 -0.000133689216 0.223394692
vn -0.990356863 0.000638288911 0.138538525
vn -0.978200316 0.000634889584 0.207662567
vn -0.998426914 0.000426543702 0.056067232
vn -0.994557738 0.000127027743 -0.104186855
vn -0.992822945 -1.21581733e-16 -0.119593397
vn -0.978605568 -1.1984067e-16 -0.205745429
vn -0.973554194 -6.68099165e-05 -0.228456512
vn -0.993690729 -6.69748333e-05 -0.112155437
vn -0.979138672 -0.00013368213 -0.203193501
vn 1 1.22460635e-16 0
vn 0.273400158 3.3480754e-17 -0.961900473
vn 0.273400158 3.3480754e-17 0.961900473
vn -0.0595797449 -0.904639006 -0.421993643
vn -0.0488451943 -0.950181246 -0.307847083
vn -0.0833350867 -0.867448568 -0.490498006
vn 0.0173285846 -0.99668324 -0.0795124769
vn -0.0244125072 -0.976605535 0.213648573
vn 0.0657900795 -0.990590572 0.120007709
vn -0.0480989181 -0.915012062 0.400548875
vn -0.0788310543 -0.879484117 0.469354182
vn 0.1259415 -0.991799414 0.0217419174
vn 0.148625851 -0.987997472 0.0420872606
vn 0.175084561 2.14409665e-17 0.984553456
vn 0.175097257 2.14425199e-17 0.984551191
vn 0.175078213 2.14401906e-17 0.984554589
vn 0.17505917 2.1437858e-17 0.984557927
vn 0.175129548 2.14464755e-17 -0.984545469
vn 0.175118774 2.1445157e-17 -0.984547317
vn 0.17511341 2.14444986e-17 -0.98454833
vn 0.175097257 2.14425199e-17 -0.984551191
vn -0.613534391 1.11111294e-05 0.789668024
vn -0.613534391 3.33333883e-05 0.789668024
vn -0.613534391 1.66666941e-05 0.789668024
vn -0.613534391 -7.5133801e-17 0.789668024
vn -0.613608241 1.66668906e-05 -0.789610684
vn -0.613608241 3.33337812e-05 -0.789610684
vn -0.613596022 1.11112604e-05 -0.789620161
vn -0.613589764 -7.51405972e-17 -0.789625049
vn -0.613571346 -7.5138334e-17 -0.789639354
vn 0.994682014 0.000286662049 0.10299395
vn 0.974728107 -0.000133689216 0.223394692
vn 0.976746261 0.000378550525 0.214398444
vn 0.990358591 0.000638298632 0.138525829
vn 0.978200316 0.000634889584 0.207662567
vn 0.998428881 0.000426552462 0.056032978
vn 0.994552135 0.000127032908 -0.104240656
vn 0.992814004 1.21580634e-16 -0.119667187
vn 0.978593409 1.19839161e-16 -0.205803171
vn 0.97354126 -6.68110806e-05 -0.228511453
vn 0.993684649 -6.69763176e-05 -0.112208486
vn 0.97912395 -0.000133684676 -0.203264192
vn -1 -1.22460635e-16 0
vn -0.273400158 -3.3480754e-17 -0.961900473
vn -0.273400158 -3.3480754e-17 0.961900473
vn 0.0595797449 -0.904639006 -0.421993643
vn 0.0833350867 -0.867448568 -0.490498006
vn 0.0488334261 -0.950181782 -0.307847172
vn -0.0173366778 -0.996683121 -0.0795124322
vn 0.0243776999 -0.976606309 0.21364893
vn -0.0657883286 -0.99059087 0.120007165
vn 0.0480650999 -0.915013552 0.40054965
vn 0.078797631 -0.879486442 0.469355404
vn -0.125904337 -0.991804123 0.0217413008
vn -0.14858824 -0.988003194 0.042086076
vn 0.836591303 1.02449495e-16 0.547827601
vn -0.836631775 -1.02454465e-16 -0.547765672
vn 0.836601496 1.02450753e-16 0.547812104
vn 0.836598933 1.02450435e-16 0.547815919
vn -0.83659637 -1.02450124e-16 -0.547819853
vn 0.836631775 1.02454465e-16 0.547765672
vn 0.452028751 -0.561839283 -0.692825019
vn 0.527143598 -0.268624336 -0.806201339
vn 0.459827989 -0.538969934 -0.705740392
vn 0.254241794 -0.884554088 -0.39105618
vn 0.452022105 -0.561839998 -0.692828894
vn 0.5271312 -0.268625915 -0.806208909
vn 0.451880604 -0.561933875 -0.692844987
vn 0.527021825 -0.268735141 -0.806244016
vn 0.538549602 -0.178425357 -0.823485792
vn 0.459718853 -0.539067924 -0.705736697
vn 0.254130363 -0.884589732 -0.391048193
vn 0.128147423 -0.972211957 -0.195913836
vn -0.837890625 0.000150003412 0.545838058
vn -0.837764382 -3.33332464e-05 0.546031892
vn -0.837976456 0.000122224883 0.545706391
vn -0.838082492 0.000200003939 0.545543611
vn 0.837993264 -0.000244445837 -0.545680583
vn 0.83795625 -0.00025000202 -0.545737386
vn 0.837870479 -0.000200000897 -0.545869112
vn -0.83795625 0.000233335275 0.545737386
vn -0.837870479 0.000166667422 0.545869112
vn -0.837993264 0.000233334664 0.545680583
vn 0.837895513 -0.000599996827 -0.545830369
vn 0.83797127 -0.000488891033 -0.54571408
vn 0.837968767 -0.000466666796 -0.545718014
vn 0.838009238 -0.000433338137 -0.545656025
vn 0.837976396 -0.000533339509 -0.545706272
vn -0.446982861 -0.57347846 -0.686533928
vn -0.537061691 -0.178572595 -0.824425042
vn -0.525803328 -0.269468337 -0.806794703
vn -0.451381475 -0.561231971 -0.693738759
vn -0.245773077 -0.892536759 -0.378118873
vn -0.137700245 -0.967850685 -0.210484147
vn -0.447190255 -0.57329011 -0.686556101
vn -0.537558615 -0.178416684 -0.824134827
vn -0.526192665 -0.269213855 -0.806625783
vn -0.451516002 -0.561052024 -0.693796694
vn -0.245803922 -0.89245069 -0.378301919
vn -0.137788787 -0.967794597 -0.210684597
vn -0.102744259 -1.25821268e-17 -0.994707882
vn -0.21762374 -2.66503415e-17 -0.976032734
vn -0.303247988 -3.71359427e-17 -0.952911735
vn 0.102744259 1.25821268e-17 -0.994707882
vn 0.21762374 2.66503415e-17 -0.976032734
vn 0.303247988 3.71359427e-17 -0.952911735
vn -8.3455152e-06 -0.990784168 -0.135449976
vn 0.0313290469 -0.983793497 -0.17654708
vn 0.0200589728 -0.994070709 -0.106869943
vn 0.112228304 0.971761644 -0.207567185
vn 0.139390722 0.955893576 -0.258529752
vn 0.160741389 0.939901233 -0.301243961
vn 0.0521254018 0.994269133 -0.0933368653
vn 0.583279908 0.00833327696 0.81222856
vn 0.584364653 0.00666664355 0.811463833
vn 0.841893673 1.03098832e-16 -0.539643466
vn 0.786280215 9.62883761e-17 -0.617870033
vn 0.74021244 9.06468786e-17 -0.672373176
vn 0.872523904 1.06849825e-16 -0.488571554
vn -0.968530834 -1.186069e-16 -0.248893574
vn 0.968530834 1.186069e-16 -0.248893574
vn -1.22362856e-16 0.999201477 0.0399547182
vn 0.84191674 1.03101651e-16 -0.539607406
vn 0.872542322 1.06852081e-16 -0.488538623
vn 0.786333144 9.62948612e-17 -0.61780262
vn 0.740276933 9.06547864e-17 -0.672302067
vn 0.616052091 0.00878148153 -0.787656486
vn 0.749311805 -0.0164224207 -0.66201371
vn 0.124173403 0.0115301684 -0.99219352
vn 0.124875002 0.0340328328 -0.991588652
vn -0.827451229 0.0094878478 -0.561457515
vn -0.8349666 0.0145740947 -0.550107658
vn -0.779144347 0.00320823607 -0.626836479
vn -0.744706511 -0.000442770892 -0.667391956
vn -0.586966038 -0.00315009709 0.809605479
vn -0.58787787 -0.0013000248 0.808948755
vn 0.912114322 1.11698102e-16 -0.409935832
vn 0.884210765 1.08281013e-16 -0.467088252
vn 0.860901952 1.05426598e-16 -0.508770943
vn -0.471038848 -5.76837179e-17 -0.882112503
vn -0.422777981 -5.17736614e-17 -0.906233251
vn -0.471051842 -5.76853061e-17 -0.882105529
vn -0.321170449 -3.93307374e-17 -0.947021365
vn 2.7037056e-06 3.31097493e-22 -1
vn 0.628320456 7.69445126e-17 0.777954698
vn 0.628277898 7.69393179e-17 0.777989089
vn 0.628338695 7.69467559e-17 0.777939916
vn 0.62824142 7.69348445e-17 0.778018534
vn 0.628211021 7.69311255e-17 0.778043091
vn 0.62822926 7.69333556e-17 0.778028309
vn -0.298799187 -0.942983747 -0.146631539
vn -0.161389187 -0.977133274 -0.138434663
vn 1.21994119e-16 -0.996190488 -0.0872033983
vn 1.2206973e-16 -0.996807933 -0.0798366368
vn 0.161389187 -0.977133274 -0.138434663
vn 0.298799187 -0.942983747 -0.146631539
vn -0.83660388 -1.02451044e-16 0.547808349
vn -0.836591303 -1.02449495e-16 0.547827601
vn -0.836599708 -1.02450528e-16 0.547814727
vn 0.836631775 1.02454465e-16 -0.547765672
vn 0.836615026 1.02452407e-16 -0.547791421
vn 0.836619198 1.0245291e-16 -0.547784984
vn 0.836606503 1.02451368e-16 -0.547804296
vn -0.836614251 -1.02452314e-16 0.547792673
vn -0.836621881 -1.02453247e-16 0.547780931
vn -0.836606503 -1.02451368e-16 0.547804296
vn -0.836598933 -1.02450435e-16 0.547815919
vn 0.836575985 1.02447629e-16 -0.547850966
vn 0.836608112 1.02451566e-16 -0.547801852
vn 0.83659631 1.02450111e-16 -0.547819972
vn 0.836624205 1.02453532e-16 -0.547777414
vn -0.836669803 -1.02459117e-16 0.547707796
vn -0.836682379 -1.02460659e-16 0.547688484
vn -0.83665204 -1.02456933e-16 0.547734916
vn -0.836636782 -1.02455074e-16 0.547758102
vn -0.836616576 -1.02452592e-16 0.547789037
vn -0.452028751 -0.561839283 -0.692825019
vn -0.538697124 -0.178313777 -0.823413372
vn -0.527143598 -0.268624336 -0.806201339
vn -0.459827989 -0.538969934 -0.705740392
vn -0.254241794 -0.884554088 -0.39105618
vn -0.12821494 -0.972203434 -0.195911974
vn -0.0587076284 -0.994308114 -0.088908352
vn -0.0300167557 -0.998608768 -0.0433538221
vn -0.451932788 -0.561898947 -0.692839324
vn -0.538601816 -0.178385377 -0.823460221
vn -0.527063966 -0.268696874 -0.806229174
vn -0.459755242 -0.539035201 -0.705737948
vn -0.254170954 -0.884575605 -0.391053975
vn -0.128173456 -0.972208023 -0.195916444
vn -0.451880604 -0.561933875 -0.692844987
vn -0.538549602 -0.178425357 -0.823485792
vn -0.527021825 -0.268735141 -0.806244016
vn -0.459718853 -0.539067924 -0.705736697
vn -0.254130363 -0.884589732 -0.391048193
vn -0.128147423 -0.972211957 -0.195913836
vn 0.837885678 0.000200004128 0.545845747
vn 0.837973177 0.000155558679 0.545711458
vn 0.837754488 3.33341777e-05 0.546047151
vn 0.838082492 0.000216670946 0.545543611
vn 0.838147998 6.66678243e-05 0.545442879
vn -0.838067174 -0.000233333471 -0.545566976
vn -0.838054657 -0.000266668329 -0.545586348
vn -0.837993264 -0.000244445837 -0.545680583
vn -0.83795625 -0.00025000202 -0.545737386
vn -0.837870479 -0.000200000897 -0.545869112
vn 0.83795625 0.000233335275 0.545737386
vn 0.837993264 0.000233334664 0.545680583
vn 0.837870479 0.000166667422 0.545869112
vn 0.838054657 0.000266668329 0.545586348
vn 0.838067174 0.000233333471 0.545566976
vn -0.837920666 -0.000566658098 -0.545791805
vn -0.83799392 -0.000466662488 -0.54567939
vn -0.837991416 -0.000499994145 -0.545683265
vn -0.838026762 -0.000466662139 -0.545629025
vn -0.83798629 -0.000566657342 -0.545691073
vn -0.837895513 -0.000599996827 -0.545830369
vn -0.837968767 -0.000466666796 -0.545718014
vn -0.83797127 -0.000477779802 -0.5457142
vn -0.838009238 -0.000416671304 -0.545656025
vn -0.837976396 -0.000500005786 -0.545706332
vn 0.446995705 -0.573450387 -0.686548948
vn 0.525807798 -0.269411296 -0.806810856
vn 0.53704381 -0.178509161 -0.824450433
vn 0.451406687 -0.561208665 -0.693741143
vn 0.245792955 -0.892531037 -0.37811923
vn 0.137725681 -0.967846215 -0.21048817
vn 0.0734518617 -0.991049349 -0.111471802
vn 0.0597939231 -0.994238377 -0.0889657959
vn 0.447135091 -0.573494077 -0.686421752
vn 0.526075959 -0.269470125 -0.806616306
vn 0.537391245 -0.178716853 -0.824179053
vn 0.451530099 -0.561165929 -0.693695366
vn 0.245775416 -0.892550349 -0.378085166
vn 0.13767311 -0.9678635 -0.210442975
vn 0.0734006986 -0.991055191 -0.111454025
vn 0.0597248897 -0.994245708 -0.0889297202
vn 0.447190255 -0.57329011 -0.686556101
vn 0.526192665 -0.269213855 -0.806625783
vn 0.537558615 -0.178416684 -0.824134827
vn 0.451516002 -0.561052024 -0.693796694
vn 0.245803922 -0.89245069 -0.378301919
vn 0.137788787 -0.967794597 -0.210684597
vn 0.0735201687 -0.991028965 -0.111607961
vn 0.0598624162 -0.994221985 -0.0891022533
vn 0.102791198 1.25878757e-17 -0.994702935
vn 0.303318679 3.7144595e-17 -0.952889204
vn 0.217676461 2.66567969e-17 -0.976020992
vn -0.102711193 -1.25780778e-17 -0.99471122
vn -0.217591614 -2.66464058e-17 -0.976039886
vn -0.30321753 -3.71322105e-17 -0.95292145
vn 0.959996998 1.17561847e-16 -0.280010253
vn 0.959995568 1.17561662e-16 -0.280015349
vn 0.959991038 1.17561119e-16 -0.280030727
vn -0.11221692 0.971760631 -0.207578018
vn -0.16070722 0.939896822 -0.301275939
vn -0.139373675 0.955891788 -0.258545846
vn -0.0521254018 0.994269133 -0.0933368653
vn -0.0367254578 0.997200847 -0.065127261
vn -0.0166162085 0.999508262 -0.0265926067
vn -0.583246648 0.00838351902 0.812251806
vn -0.584380329 0.00670015672 0.811452329
vn -0.582110226 0.0100668436 0.813047588
vn -0.841893673 -1.03098832e-16 -0.539643466
vn -0.74021244 -9.06468786e-17 -0.672373176
vn -0.786280215 -9.62883761e-17 -0.617870033
vn -0.872523904 -1.06849825e-16 -0.488571554
vn -0.805065513 -9.85888316e-17 -0.593185902
vn -0.547369659 -6.70312361e-17 -0.836890936
vn 0.162924677 1.99518594e-17 -0.986638546
vn 0.221832961 2.71658058e-17 -0.975084722
vn 0.60898608 7.45768239e-17 -0.793180943
vn 0.708528936 8.67669052e-17 -0.70568186
vn -0.755588949 -9.2529899e-17 -0.655046105
vn -0.66389811 -8.13013854e-17 -0.747823119
vn -0.713339806 -8.73560497e-17 -0.7008183
vn -0.800124228 -9.79837192e-17 -0.599834263
vn -0.759284616 -9.29824793e-17 -0.650758743
vn -0.620973647 -7.60448247e-17 -0.783831418
vn -0.270653903 -3.31444489e-17 -0.962676704
vn -0.254463762 -3.11617929e-17 -0.967082322
vn 0.125402972 1.53569274e-17 -0.992105842
vn 0.383458316 4.69585504e-17 -0.923558235
vn 0.619203269 7.58280306e-17 -0.785230696
vn 0.757185876 9.27254644e-17 -0.653199553
vn 0.768384933 9.409691e-17 -0.639987886
vn 0.796125531 9.74940349e-17 -0.605131567
vn 0.724591374 8.87339209e-17 -0.689178646
vn 0.688287258 8.42880964e-17 -0.725438297
vn -1.1675882e-16 0.953439593 -0.301584303
vn -1.15765674e-16 0.945329785 -0.326116115
vn -1.18191311e-16 0.965137124 -0.261744738
vn -1.20262532e-16 0.982050538 -0.18861796
vn -0.139324456 -0.955898404 -0.258547813
vn -0.160642132 -0.939906895 -0.301279157
vn -0.112183914 -0.971764147 -0.207579121
vn -0.0521170683 -0.994269609 -0.0933370441
vn -0.0367254578 -0.997200847 -0.065127261
vn -0.0166162085 -0.999508262 -0.0265926067
vn 0.609020174 7.45809929e-17 -0.793154716
vn 0.70856446 8.67712595e-17 -0.705646157
vn 0.162946001 1.995447e-17 -0.986635029
vn 0.221850276 2.71679267e-17 -0.975080848
vn -0.841903985 -1.03100096e-16 -0.539627492
vn -0.872530758 -1.06850672e-16 -0.488559186
vn -0.786303818 -9.62912613e-17 -0.617840052
vn -0.740244627 -9.06508358e-17 -0.672337651
vn -0.583279908 -0.00833327696 0.81222856
vn -0.584364653 -0.00666664355 0.811463833
vn -0.58219254 -0.00999987125 0.812989473
vn 0.128074855 -0.964778781 -0.229779825
vn 0.0996635407 -0.978671908 -0.179634407
vn 0.151830256 -0.950481594 -0.27116856
vn 0.0438288748 -0.995661676 -0.0820777714
vn 0.0281826276 -0.998126388 -0.0543087907
vn 0.0144837825 -0.999414325 -0.0310033057
vn -0.616052091 0.00878148153 -0.787656486
vn -0.124173403 0.0115301684 -0.99219352
vn -0.749311805 -0.0164224207 -0.66201371
vn -0.124875002 0.0340328328 -0.991588652
vn 0.593964815 0.0109028229 -0.804417014
vn 0.786433756 0.00780645199 -0.617625237
vn 0.82745111 0.00950490963 -0.561457336
vn 0.834966421 0.0145910634 -0.550107479
vn 0.779144168 0.00324226939 -0.626836419
vn 0.744706631 -0.000408711581 -0.667391956
vn 0.586947143 -0.00316674565 0.809619069
vn 0.58787787 -0.0013000248 0.808948755
vn 0.586013675 -0.00503345113 0.810285568
vn -0.123314984 0.990577102 -0.059585195
vn -0.219101191 0.971521437 -0.0902259201
vn -0.182031944 0.977097392 -0.110204704
vn -0.118685186 0.989684999 -0.0802330524
vn -0.015571286 0.999114454 -0.039088089
vn 0.109717339 0.992528737 -0.0533746034
vn 0.0552004091 0.99779731 -0.036789313
vn 0.113765918 0.990523696 -0.0769424587
vn 0.17882289 0.978052914 -0.106934108
vn -0.215915442 0.975121081 -0.0501926579
vn -0.150552824 0.988191843 -0.0284733344
vn -0.00220092689 0.999636054 -0.0268872567
vn 0.147278652 0.988774955 -0.0251594726
vn 0.212697774 0.975992024 -0.0468959436
vn 0.215914071 0.972533047 -0.0869523659
vn -0.952214003 -1.16608723e-16 -0.305431753
vn -0.912114322 -1.11698102e-16 -0.409935832
vn -0.884210765 -1.08281013e-16 -0.467088252
vn -0.860901952 -1.05426598e-16 -0.508770943
vn 0.952230632 1.16610774e-16 -0.305379808
vn 0.912159562 1.11703635e-16 -0.40983519
vn 0.884287834 1.08290449e-16 -0.466942161
vn 0.860986412 1.05436941e-16 -0.508628011
vn 0.422799706 5.17763216e-17 -0.906223118
vn 0.321188182 3.93329047e-17 -0.947015405
vn -3.82049166e-06 -4.67859847e-22 -1
vn 2.76128799e-06 3.38149051e-22 -1
vn -0.321197569 -3.93340561e-17 -0.947012246
vn -0.422828108 -5.17798024e-17 -0.906209946
vn -0.471097648 -5.76909177e-17 -0.882081151
vn -0.471117586 -5.76933596e-17 -0.882070482
vn -0.628314197 -7.69437582e-17 0.777959645
vn -0.628378987 -7.69516926e-17 0.777907312
vn -0.628273726 -7.69388018e-17 0.777992427
vn -0.628242731 -7.693501e-17 0.778017461
vn -0.628239334 -7.69345931e-17 0.778020144
vn -0.628285885 -7.69402973e-17 0.777982593
vn 0.161389291 -0.977134407 -0.138426378
vn 1.67034923e-05 -0.996192038 -0.0871868134
vn 1.66672198e-05 -0.996810615 -0.079803519
vn -0.161356494 -0.977139592 -0.138427332
vn -0.298768669 -0.942993104 -0.146633238
vn -0.462422192 -0.848781288 -0.256390691
vn -0.370259345 -0.884817541 -0.282853067
vn -0.607746661 -0.732339263 -0.307120651
vn -0.574643195 -0.788365066 -0.219694257
vn 0.83660388 1.02451044e-16 -0.547808349
vn 0.836591303 1.02449495e-16 -0.547827601
vn 0.836599708 1.02450528e-16 -0.547814727
vn -0.836631775 -1.02454465e-16 0.547765672
vn -0.836615026 -1.02452407e-16 0.547791421
vn -0.836619198 -1.0245291e-16 0.547784984
vn 0.836614251 1.02452314e-16 -0.547792673
vn 0.836621881 1.02453247e-16 -0.547780931
vn 0.836598933 1.02450435e-16 -0.547815919
vn -0.836575985 -1.02447629e-16 0.547850966
vn -0.836608112 -1.02451566e-16 0.547801852
vn -0.83659631 -1.02450111e-16 0.547819972
vn -0.836624205 -1.02453532e-16 0.547777414
vn 0.836669803 1.02459117e-16 -0.547707796
vn 0.836682379 1.02460659e-16 -0.547688484
vn 0.83665204 1.02456933e-16 -0.547734916
vn 0.836636782 1.02455074e-16 -0.547758102
vn 0.836616576 1.02452592e-16 -0.547789037
vn -0.836625218 -1.02453651e-16 0.547775865
vn -0.836634457 -1.02454789e-16 0.547761619
vn -0.836647153 -1.02456338e-16 0.547742307
vn 0.452028751 -0.561839283 0.692825019
vn 0.538697124 -0.178313777 0.823413372
vn 0.527143598 -0.268624336 0.806201339
vn 0.459827989 -0.538969934 0.705740392
vn 0.254241794 -0.884554088 0.39105618
vn 0.12821494 -0.972203434 0.195911974
vn 0.0587076284 -0.994308114 0.088908352
vn 0.0300167557 -0.998608768 0.0433538221
vn 0.451932788 -0.561898947 0.692839324
vn 0.538601816 -0.178385377 0.823460221
vn 0.527063966 -0.268696874 0.806229174
vn 0.459755242 -0.539035201 0.705737948
vn 0.254170954 -0.884575605 0.391053975
vn 0.128173456 -0.972208023 0.195916444
vn 0.451872259 -0.561956406 0.692832232
vn 0.538546264 -0.17845872 0.823480666
vn 0.527016938 -0.268766999 0.806236565
vn 0.459710419 -0.539092064 0.705723763
vn 0.254123569 -0.884596407 0.391037762
vn 0.128144443 -0.972213209 0.195909247
vn -0.837885678 0.000200004128 -0.545845747
vn -0.837973177 0.000155558679 -0.545711458
vn -0.837754488 3.33341777e-05 -0.546047151
vn -0.838082492 0.000216670946 -0.545543611
vn -0.838147998 6.66678243e-05 -0.545442879
vn 0.838067174 -0.000233333471 0.545566976
vn 0.838054657 -0.000266668329 0.545586348
vn 0.837993264 -0.000244445837 0.545680583
vn 0.83795625 -0.00025000202 0.545737386
vn 0.837870479 -0.000200000897 0.545869112
vn -0.83795625 0.000266668852 -0.545737386
vn -0.837993264 0.000266668154 -0.545680583
vn -0.837870479 0.000200000897 -0.545869112
vn -0.838054657 0.00030000179 -0.545586288
vn -0.838067174 0.000266666815 -0.545566976
vn 0.837910712 -0.000566673931 0.545807064
vn 0.837983966 -0.000466675556 0.545694649
vn 0.837981403 -0.000500008115 0.545698524
vn 0.838016808 -0.000466675177 0.545644283
vn 0.837976396 -0.000566673232 0.545706272
vn -0.83795625 0.000233335275 -0.545737386
vn -0.837993264 0.000233334664 -0.545680583
vn -0.837870479 0.000166667422 -0.545869112
vn -0.838054657 0.000266668329 -0.545586348
vn -0.838067174 0.000233333471 -0.545566976
vn 0.837895513 -0.000599996827 0.545830369
vn 0.837968767 -0.000466666796 0.545718014
vn 0.83797127 -0.000477779802 0.5457142
vn 0.838009238 -0.000416671304 0.545656025
vn 0.837976396 -0.000500005786 0.545706332
vn -0.446995705 -0.573450387 0.686548948
vn -0.525807798 -0.269411296 0.806810856
vn -0.53704381 -0.178509161 0.824450433
vn -0.451406687 -0.561208665 0.693741143
vn -0.245792955 -0.892531037 0.37811923
vn -0.137725681 -0.967846215 0.21048817
vn -0.0734518617 -0.991049349 0.111471802
vn -0.0597939231 -0.994238377 0.0889657959
vn -0.447135091 -0.573494077 0.686421752
vn -0.526075959 -0.269470125 0.806616306
vn -0.537391245 -0.178716853 0.824179053
vn -0.451530099 -0.561165929 0.693695366
vn -0.245775416 -0.892550349 0.378085166
vn -0.13767311 -0.9678635 0.210442975
vn -0.0734006986 -0.991055191 0.111454025
vn -0.0597248897 -0.994245708 0.0889297202
vn -0.447197437 -0.573293328 0.686548769
vn -0.526207387 -0.269221276 0.806613684
vn -0.537573874 -0.178421766 0.8241238
vn -0.451522559 -0.561056316 0.693789005
vn -0.245803922 -0.89245069 0.378301919
vn -0.137788787 -0.967794597 0.210684597
vn -0.0735201687 -0.991028965 0.111607961
vn -0.0598624162 -0.994221985 0.0891022533
vn -0.102791198 -1.25878757e-17 0.994702935
vn -0.303318679 -3.7144595e-17 0.952889204
vn -0.217676461 -2.66567969e-17 0.976020992
vn 0.102711193 1.25780778e-17 0.99471122
vn 0.217591614 2.66464058e-17 0.976039886
vn 0.30321753 3.71322105e-17 0.95292145
vn -0.960000038 -1.17562217e-16 0.280000001
vn -0.959996998 -1.17561847e-16 0.280010253
vn -0.959995568 -1.17561662e-16 0.280015349
vn -0.0313401893 -0.983793139 0.17654705
vn -0.0200923365 -0.994069993 0.106869876
vn 1.20464205e-16 -0.990784228 0.135449961
vn 1.18773898e-16 -0.969894588 0.243524849
vn 0.0313401893 -0.983793139 0.17654705
vn 0.0200923365 -0.994069993 0.106869876
vn -0.0485221334 -0.95805186 0.28245759
vn 1.16538538e-16 -0.951640844 0.307212889
vn 0.0485221334 -0.95805186 0.28245759
vn 0.11221692 0.971760631 0.207578018
vn 0.16070722 0.939896822 0.301275939
vn 0.139373675 0.955891788 0.258545846
vn 0.0521254018 0.994269133 0.0933368653
vn 0.0367254578 0.997200847 0.065127261
vn 0.0166162085 0.999508262 0.0265926067
vn 0.583246648 0.00838351902 -0.812251806
vn 0.584380329 0.00670015672 -0.811452329
vn 0.582110226 0.0100668436 -0.813047588
vn 0.841893673 1.03098832e-16 0.539643466
vn 0.74021244 9.06468786e-17 0.672373176
vn 0.786280215 9.62883761e-17 0.617870033
vn 0.872523904 1.06849825e-16 0.488571554
vn 0.805065513 9.85888316e-17 0.593185902
vn 0.547369659 6.70312361e-17 0.836890936
vn -0.162924677 -1.99518594e-17 0.986638546
vn -0.221832961 -2.71658058e-17 0.975084722
vn -0.60898608 -7.45768239e-17 0.793180943
vn -0.708528936 -8.67669052e-17 0.70568186
vn 0.755588949 9.2529899e-17 0.655046105
vn 0.66389811 8.13013854e-17 0.747823119
vn 0.713339806 8.73560497e-17 0.7008183
vn 0.800124228 9.79837192e-17 0.599834263
vn 0.759284616 9.29824793e-17 0.650758743
vn 0.620973647 7.60448247e-17 0.783831418
vn 0.270653903 3.31444489e-17 0.962676704
vn 0.254463762 3.11617929e-17 0.967082322
vn -0.125402972 -1.53569274e-17 0.992105842
vn -0.383458316 -4.69585504e-17 0.923558235
vn -0.619203269 -7.58280306e-17 0.785230696
vn -0.757185876 -9.27254644e-17 0.653199553
vn -0.768384933 -9.409691e-17 0.639987886
vn -0.796125531 -9.74940349e-17 0.605131567
vn -0.724591374 -8.87339209e-17 0.689178646
vn -0.688287258 -8.42880964e-17 0.725438297
vn 1.1812028e-16 -0.964557171 0.263874024
vn 1.15764813e-16 -0.945322692 0.326136649
vn 1.16758224e-16 -0.953434825 0.301599026
vn 1.20211379e-16 -0.981632769 0.19077988
vn 1.21696665e-16 -0.99376148 0.111526661
vn 1.22285895e-16 -0.998573124 0.0534000583
vn 1.22449783e-16 -0.999911308 0.013316052
vn 1.22457909e-16 -0.999977708 0.00666799955
vn -1.1675882e-16 0.953439593 0.301584303
vn -1.15765674e-16 0.945329785 0.326116115
vn -1.18191311e-16 0.965137124 0.261744738
vn -1.20262532e-16 0.982050538 0.18861796
vn -1.2199576e-16 0.996203959 0.0870497972
vn -1.22130001e-16 0.997300088 0.0734347254
vn -1.22436191e-16 0.999800384 0.0199773461
vn -1.22457922e-16 0.999977827 0.00665851822
vn -0.955807447 -1.17048783e-16 0.293993264
vn -0.940985322 -1.15233671e-16 0.338447392
vn -0.968530834 -1.186069e-16 0.248893574
vn 0.955807447 1.17048783e-16 0.293993264
vn 0.940985322 1.15233671e-16 0.338447392
vn 0.968530834 1.186069e-16 0.248893574
vn -1.22417146e-16 0.999644876 -0.0266475715
vn -1.22449743e-16 0.999911129 -0.0133357039
vn -1.22362856e-16 0.999201477 -0.0399547182
vn 0.139324456 -0.955898404 0.258547813
vn 0.160642132 -0.939906895 0.301279157
vn 0.112183914 -0.971764147 0.207579121
vn 0.0521170683 -0.994269609 0.0933370441
vn 0.0367254578 -0.997200847 0.065127261
vn 0.0166162085 -0.999508262 0.0265926067
vn -0.609020174 -7.45809929e-17 0.793154716
vn -0.70856446 -8.67712595e-17 0.705646157
vn -0.162946001 -1.995447e-17 0.986635029
vn -0.221850276 -2.71679267e-17 0.975080848
vn 0.841903985 1.03100096e-16 0.539627492
vn 0.872530758 1.06850672e-16 0.488559186
vn 0.786303818 9.62912613e-17 0.617840052
vn 0.740244627 9.06508358e-17 0.672337651
vn 0.583279908 -0.00833327696 -0.81222856
vn 0.584364653 -0.00666664355 -0.811463833
vn 0.58219254 -0.00999987125 -0.812989473
vn -0.128074855 -0.964778781 0.229779825
vn -0.0996635407 -0.978671908 0.179634407
vn -0.151830256 -0.950481594 0.27116856
vn -0.0438288748 -0.995661676 0.0820777714
vn -0.0281826276 -0.998126388 0.0543087907
vn -0.0144837825 -0.999414325 0.0310033057
vn 0.616052091 0.00878148153 0.787656486
vn 0.124173403 0.0115301684 0.99219352
vn 0.749311805 -0.0164224207 0.66201371
vn 0.124875002 0.0340328328 0.991588652
vn -0.593964815 0.0109028229 0.804417014
vn -0.786433756 0.00780645199 0.617625237
vn -0.82745111 0.00950490963 0.561457336
vn -0.834966421 0.0145910634 0.550107479
vn -0.779144168 0.00324226939 0.626836419
vn -0.744706631 -0.000408711581 0.667391956
vn -0.586958051 -0.00316673261 -0.809611201
vn -0.587899685 -0.00129999931 -0.8089329
vn -0.586013675 -0.00503345113 -0.810285568
vn 0.123314984 0.990577102 0.059585195
vn 0.219101191 0.971521437 0.0902259201
vn 0.182031944 0.977097392 0.110204704
vn 0.118685186 0.989684999 0.0802330524
vn 0.015571286 0.999114454 0.039088089
vn -0.109717339 0.992528737 0.0533746034
vn -0.0552004091 0.99779731 0.036789313
vn -0.113765918 0.990523696 0.0769424587
vn -0.17882289 0.978052914 0.106934108
vn 0.215915442 0.975121081 0.0501926579
vn 0.150552824 0.988191843 0.0284733344
vn 0.00220092689 0.999636054 0.0268872567
vn -0.147278652 0.988774955 0.0251594726
vn -0.212697774 0.975992024 0.0468959436
vn -0.215914071 0.972533047 0.0869523659
vn 0.952214003 1.16608723e-16 0.305431753
vn 0.980461001 1.20067873e-16 0.196713611
vn 0.969765902 1.18758148e-16 0.244037136
vn 0.912114322 1.11698102e-16 0.409935832
vn 0.884210765 1.08281013e-16 0.467088252
vn 0.860901952 1.05426598e-16 0.508770943
vn -0.969765902 -1.18758148e-16 0.244037136
vn -0.980461001 -1.20067873e-16 0.196713611
vn -0.952230632 -1.16610774e-16 0.305379808
vn -0.912159562 -1.11703635e-16 0.40983519
vn -0.884287834 -1.08290449e-16 0.466942161
vn -0.860986412 -1.05436941e-16 0.508628011
vn -0.4710657 -5.76870002e-17 0.882098198
vn -0.422799706 -5.17763216e-17 0.906223118
vn -0.321188182 -3.93329047e-17 0.947015405
vn 3.82049166e-06 4.67859847e-22 1
vn -2.76128799e-06 -3.38149051e-22 1
vn 0.321188331 3.93329245e-17 0.947015345
vn 0.422810286 5.17776186e-17 0.906218231
vn 0.47107172 5.76877414e-17 0.882094979
vn 0.471091628 5.76901766e-17 0.88208437
vn 0.628330529 7.69457501e-17 -0.777946532
vn 0.628395319 7.6953691e-17 -0.777894199
vn 0.628284574 7.69401319e-17 -0.777983665
vn 0.628248155 7.69356717e-17 -0.77801311
vn 0.628239334 7.69345931e-17 -0.778020144
vn 0.628285885 7.69402973e-17 -0.777982593
vn -0.574666023 -0.788349748 0.219689891
vn -0.607757092 -0.732331812 0.307118088
vn -0.462440103 -0.848772228 0.256388307
vn -0.298799187 -0.942983747 0.146631539
vn -0.161389291 -0.977134407 0.138426378
vn -0.370274723 -0.884811699 0.282851517
vn -0.524898827 -0.775574386 0.350664377
vn -1.67034923e-05 -0.996192038 0.0871868134
vn -1.66672198e-05 -0.996810615 0.079803519
vn 0.161356494 -0.977139592 0.138427332
vn 0.298768669 -0.942993104 0.146633238
vn 0.462422192 -0.848781288 0.256390691
vn 0.370259345 -0.884817541 0.282853067
vn 0.524898827 -0.775574386 0.350664377
vn 0.607746661 -0.732339263 0.307120651
vn 0.574643195 -0.788365066 0.219694257
vn -0.836586297 -1.02448886e-16 -0.547835231
vn -0.836584568 -1.02448681e-16 -0.547837794
vn -0.836566031 -1.02446405e-16 -0.547866225
vn -0.836593926 -1.02449813e-16 -0.547823608
vn -0.83658123 -1.02448271e-16 -0.54784286
vn 0.836611509 1.02451977e-16 0.547796607
vn 0.836604834 1.02451156e-16 0.547807038
vn -0.836614251 -1.02452314e-16 -0.547792673
vn -0.836621881 -1.02453247e-16 -0.547780931
vn 0.836566031 1.02446405e-16 0.547866225
vn 0.836624205 1.02453532e-16 0.547777414
vn -0.836677372 -1.02460037e-16 -0.547696114
vn -0.836653769 -1.02457158e-16 -0.547732174
vn -0.836697698 -1.02462525e-16 -0.547665119
vn 0.836619198 1.0245291e-16 0.547784984
vn 0.83664453 1.0245602e-16 0.54774636
vn 0.836657107 1.02457562e-16 0.547727048
vn -0.452066332 -0.561808467 0.692825556
vn -0.52717334 -0.268587589 0.806194007
vn -0.538724899 -0.17827712 0.82340318
vn -0.459864378 -0.538937271 0.705741644
vn -0.254270852 -0.884542763 0.391063154
vn -0.128229454 -0.972200751 0.195915565
vn -0.0587076284 -0.994308114 0.088908352
vn -0.0300167557 -0.998608768 0.0433538221
vn -0.451830328 -0.561980546 0.692839921
vn -0.527001798 -0.26878655 0.806239963
vn -0.538542986 -0.178492069 0.823475659
vn -0.459667832 -0.53910619 0.705740631
vn -0.254076302 -0.884608746 0.391040444
vn -0.128118411 -0.972217202 0.195906654
vn -0.451878935 -0.56195575 0.692828417
vn -0.527029335 -0.26876536 0.806229055
vn -0.538570762 -0.178455412 0.823465407
vn -0.459710419 -0.539092064 0.705723763
vn -0.254123569 -0.884596407 0.391037762
vn -0.128144443 -0.972213209 0.195909247
vn 0.837895572 0.000233331681 -0.545830429
vn 0.837764382 6.66664928e-05 -0.546031892
vn 0.837983072 0.000188887439 -0.545696199
vn 0.838092387 0.000249997887 -0.545528352
vn 0.838157952 9.99989643e-05 -0.54542768
vn -0.838067174 -0.000233333471 0.545566976
vn -0.837993264 -0.000222223447 0.545680583
vn -0.838054657 -0.000250001438 0.545586348
vn -0.837956309 -0.000216668428 0.545737386
vn -0.837870479 -0.000166667422 0.545869112
vn 0.83795625 0.000266668852 -0.545737386
vn 0.837870479 0.000200000897 -0.545869112
vn 0.837993264 0.000266668154 -0.545680583
vn 0.838054657 0.00030000179 -0.545586288
vn 0.838067174 0.000266666815 -0.545566976
vn -0.837910831 -0.00053334015 0.545807064
vn -0.837981522 -0.000488896912 0.545698524
vn -0.837983966 -0.000450008665 0.545694649
vn -0.838016808 -0.000466675177 0.545644283
vn -0.837976396 -0.000566673232 0.545706272
vn 0.83795625 0.000233335275 -0.545737386
vn 0.837870479 0.000166667422 -0.545869112
vn 0.837993264 0.000233334664 -0.545680583
vn 0.838054657 0.000266668329 -0.545586348
vn 0.838067174 0.000233333471 -0.545566976
vn -0.837895513 -0.000599996827 0.545830369
vn -0.83797127 -0.000477779802 0.5457142
vn -0.837968767 -0.000466666796 0.545718014
vn -0.838009238 -0.000416671304 0.545656025
vn -0.837976396 -0.000500005786 0.545706332
vn 0.446945846 -0.573449135 0.686582506
vn 0.537003994 -0.178507388 0.824476719
vn 0.525768101 -0.269408673 0.806837618
vn 0.451366335 -0.561203957 0.693771303
vn 0.245744541 -0.892533898 0.378144264
vn 0.137679279 -0.967850029 0.210501269
vn 0.0734183639 -0.991051793 0.111472078
vn 0.0597603135 -0.994240344 0.0889659822
vn 0.447135091 -0.573494077 0.686421752
vn 0.537391245 -0.178716853 0.824179053
vn 0.526075959 -0.269470125 0.806616306
vn 0.451530099 -0.561165929 0.693695366
vn 0.245775416 -0.892550349 0.378085166
vn 0.13767311 -0.9678635 0.210442975
vn 0.0734006986 -0.991055191 0.111454025
vn 0.0597248897 -0.994245708 0.0889297202
vn 0.447205991 -0.573293507 0.686543047
vn 0.537577212 -0.178388387 0.824128807
vn 0.526217043 -0.269209951 0.80661118
vn 0.451534182 -0.561069846 0.693770468
vn 0.245806023 -0.892454028 0.37829268
vn 0.137788787 -0.967794597 0.210684597
vn 0.0735201687 -0.991028965 0.111607961
vn 0.0598624162 -0.994221985 0.0891022533
vn -0.960002959 -1.17562575e-16 0.279989779
vn -0.960008979 -1.17563316e-16 0.279969305
vn -0.960013449 -1.17563859e-16 0.279953927
vn -0.960017979 -1.17564414e-16 0.279938579
vn 0.102806613 1.25897642e-17 0.994701326
vn 0.217699215 2.66595828e-17 0.976015985
vn 0.303358853 3.71495151e-17 0.952876389
vn -0.10270974 -1.25778999e-17 0.994711459
vn -0.217591614 -2.66464058e-17 0.976039886
vn -0.30321753 -3.71322105e-17 0.95292145
vn 0.959996998 1.17561847e-16 0.280010253
vn 0.959995568 1.17561662e-16 0.280015349
vn 0.959991038 1.17561119e-16 0.280030727
vn 0.0313290469 -0.983793497 0.17654708
vn -8.32758269e-06 -0.990783095 0.135458171
vn 0.0200589728 -0.994070709 0.106869943
vn -0.0313401408 -0.983791173 0.176557913
vn -0.0200922638 -0.994066477 0.106902868
vn -0.11221692 0.971760631 0.207578018
vn -0.139373675 0.955891788 0.258545846
vn -0.16070722 0.939896822 0.301275939
vn -0.0521254018 0.994269133 0.0933368653
vn -0.0367254578 0.997200847 0.065127261
vn -0.0166162085 0.999508262 0.0265926067
vn -0.583227694 0.00840014685 -0.812265277
vn -0.584380329 0.00670015672 -0.811452329
vn -0.582072198 0.0101000955 -0.81307441
vn -0.841888011 -1.03098137e-16 0.539652288
vn -0.78626734 -9.62868012e-17 0.617886543
vn -0.740197003 -9.06449926e-17 0.672390103
vn -0.872519255 -1.06849256e-16 0.48857981
vn -0.805065513 -9.85888316e-17 0.593185902
vn -0.547369659 -6.70312361e-17 0.836890936
vn 0.162899882 1.99488237e-17 0.986642659
vn 0.221809253 2.71629007e-17 0.975089967
vn 0.60894686 7.45720197e-17 0.793211043
vn 0.708493352 8.67625443e-17 0.705717444
vn -0.755609751 -9.25324467e-17 0.655022144
vn -0.713373125 -8.73601261e-17 0.700784385
vn -0.663933516 -8.13057132e-17 0.747791648
vn -0.800133765 -9.79848905e-17 0.599821627
vn -0.759284616 -9.29824793e-17 0.650758743
vn -0.620973647 -7.60448247e-17 0.783831418
vn -0.270653903 -3.31444489e-17 0.962676704
vn -0.254463762 -3.11617929e-17 0.967082322
vn 0.125402972 1.53569274e-17 0.992105842
vn 0.383458316 4.69585504e-17 0.923558235
vn 0.619203269 7.58280306e-17 0.785230696
vn 0.757185876 9.27254644e-17 0.653199553
vn 0.768384933 9.409691e-17 0.639987886
vn 0.796125531 9.74940349e-17 0.605131567
vn 0.724591374 8.87339209e-17 0.689178646
vn 0.688287258 8.42880964e-17 0.725438297
vn -0.713356435 -8.73580813e-17 0.700801432
vn -0.75559926 -9.25311629e-17 0.655034184
vn -0.800124228 -9.79837192e-17 0.599834263
vn 0.768392563 9.40978364e-17 0.639978826
vn 0.724607825 8.87359392e-17 0.689161479
vn 0.688321829 8.42923249e-17 0.725405455
vn -1.16759985e-16 0.95344907 0.301553905
vn -1.18192e-16 0.965142787 0.261724263
vn -1.15766944e-16 0.945340097 0.326086283
vn -1.2026277e-16 0.982052505 0.188607469
vn -0.139324456 -0.955898404 0.258547813
vn -0.112183914 -0.971764147 0.207579121
vn -0.160642132 -0.939906895 0.301279157
vn -0.0521170683 -0.994269609 0.0933370441
vn -0.0367254578 -0.997200847 0.065127261
vn -0.0166162085 -0.999508262 0.0265926067
vn 0.609020174 7.45809929e-17 0.793154716
vn 0.162946001 1.995447e-17 0.986635029
vn 0.70856446 8.67712595e-17 0.705646157
vn 0.221850276 2.71679267e-17 0.975080848
vn -0.84190017 -1.03099626e-16 0.539633453
vn -0.872523904 -1.06849825e-16 0.488571554
vn -0.786295056 -9.62901893e-17 0.617851138
vn -0.740244627 -9.06508358e-17 0.672337651
vn -0.583279908 -0.00833327696 -0.81222856
vn -0.584364653 -0.00666664355 -0.811463833
vn -0.58219254 -0.00999987125 -0.812989473
vn 0.128074855 -0.964778781 0.229779825
vn 0.151830256 -0.950481594 0.27116856
vn 0.0996635407 -0.978671908 0.179634407
vn 0.0438288748 -0.995661676 0.0820777714
vn 0.0281826276 -0.998126388 0.0543087907
vn 0.0144837825 -0.999414325 0.0310033057
vn -0.616069078 0.00878186058 0.787643194
vn -0.749329031 -0.016422797 0.661994338
vn -0.124183834 0.0115304645 0.992192209
vn -0.124883473 0.034033522 0.99158752
vn 0.593964815 0.0109028229 0.804417014
vn 0.786433756 0.00780645199 0.617625237
vn 0.827450931 0.00952197239 0.561457276
vn 0.834966183 0.0146080302 0.5501073
vn 0.779144108 0.00327630225 0.62683636
vn 0.744706631 -0.0003746523 0.667391956
vn 0.58695811 -0.0031500659 -0.809611201
vn 0.587899685 -0.00126666611 -0.8089329
vn 0.586013675 -0.00503345113 -0.810285568
vn -0.123314984 0.990577102 0.059585195
vn -0.182031944 0.977097392 0.110204704
vn -0.219101191 0.971521437 0.0902259201
vn -0.118685186 0.989684999 0.0802330524
vn -0.015571286 0.999114454 0.039088089
vn 0.109717339 0.992528737 0.0533746034
vn 0.0552004091 0.99779731 0.036789313
vn 0.113765918 0.990523696 0.0769424587
vn 0.17882289 0.978052914 0.106934108
vn -0.215915442 0.975121081 0.0501926579
vn -0.150552824 0.988191843 0.0284733344
vn -0.00220092689 0.999636054 0.0268872567
vn 0.147278652 0.988774955 0.0251594726
vn 0.212697774 0.975992024 0.0468959436
vn 0.215914071 0.972533047 0.0869523659
vn -0.952210665 -1.16608326e-16 0.305442154
vn -0.969761908 -1.18757659e-16 0.244053051
vn -0.980454564 -1.20067092e-16 0.196745723
vn -0.912114322 -1.11698102e-16 0.409935832
vn -0.884210765 -1.08281013e-16 0.467088252
vn -0.860901952 -1.05426598e-16 0.508770943
vn 0.969761908 1.18757659e-16 0.244053051
vn 0.952231765 1.16610907e-16 0.305376053
vn 0.980454564 1.20067092e-16 0.196745723
vn 0.9121719 1.11705143e-16 0.409807712
vn 0.884308994 1.08293037e-16 0.466902256
vn 0.861009717 1.05439793e-16 0.508588612
vn 0.47105965 5.76862657e-17 0.882101357
vn 0.422795624 5.17758187e-17 0.906225145
vn 0.471039742 5.76838304e-17 0.882112026
vn 0.321193099 3.93335102e-17 0.947013676
vn -1.44580617e-05 -1.77054335e-21 0.99999994
vn 2.76128799e-06 3.38149051e-22 1
vn -0.321230531 -3.93380927e-17 0.9470011
vn -0.422877967 -5.17859036e-17 0.90618664
vn -0.471151322 -5.76974889e-17 0.882052481
vn -0.47117117 -5.76999175e-17 0.882041812
vn -0.628312349 -7.69435266e-17 -0.777961254
vn -0.628272474 -7.69386496e-17 -0.777993381
vn -0.628395319 -7.6953691e-17 -0.777894199
vn -0.628253639 -7.69363335e-17 -0.778008699
vn -0.628265798 -7.69378224e-17 -0.777998805
vn -0.628338695 -7.69467559e-17 -0.777939916
vn 0.574666023 -0.788349748 0.219689891
vn 0.462440103 -0.848772228 0.256388307
vn 0.607757092 -0.732331812 0.307118088
vn 0.298799187 -0.942983747 0.146631539
vn 0.161389291 -0.977134407 0.138426378
vn 0.370274723 -0.884811699 0.282851517
vn 1.67858725e-05 -0.996190548 0.0872034803
vn 1.66716054e-05 -0.996809244 0.0798200667
vn -0.161355525 -0.977135122 0.138460696
vn -0.298767924 -0.942989826 0.146655798
vn -0.462421179 -0.848778427 0.256401598
vn -0.370257974 -0.88481313 0.28286916
vn -0.607746661 -0.732339263 0.307120651
vn -0.574643195 -0.788365066 0.219694257
vn 0.729160786 0.684342504 0
vn 0.586312473 0.810084939 0
vn 0.80510509 0.593132198 0
vn 0.230985433 0.972957134 0
vn -0.230992422 0.972955525 0
vn -0.586311579 0.810085714 0
vn -0.729159176 0.684344292 0
vn -0.805088937 0.593154132 0
vn -0.729175329 -0.684327006 0
vn -0.586324155 -0.810076594 0
vn -0.805117011 -0.593116164 0
vn -0.230992422 -0.972955525 0
vn 0.230985433 -0.972957134 0
vn 0.586305201 -0.810090184 0
vn 0.729151368 -0.684352338 0
vn 0.805088937 -0.593154132 0
vn -0.729151368 0.684352338 5.20367175e-05
vn -0.805088937 0.593154132 3.37690981e-05
vn -0.586305201 0.810090184 6.14343153e-05
vn -0.230985433 0.972957134 6.45354157e-05
vn 0.230999425 0.972953856 3.95413444e-05
vn 0.586325109 0.810075879 1.27542498e-05
vn 0.729176044 0.684326112 0
vn 0.729175329 -0.684327006 0
vn 0.805117011 -0.593116164 0
vn 0.586324155 -0.810076594 -1.27542708e-05
vn 0.230992422 -0.972955525 -2.63608017e-05
vn -0.230977118 -0.972959161 -3.88580011e-05
vn -0.586292326 -0.810099602 -2.48475189e-05
vn -0.729135454 -0.684369385 -1.75166151e-05
vn -0.805077136 -0.593170285 0
vn 0.586323321 0.810077071 3.65885062e-05
vn 0.729168355 0.684334278 3.45213193e-05
vn 0.80510509 0.593132198 3.37697675e-05
vn 0.230993092 0.972955346 1.24975977e-05
vn -0.230993092 0.972955346 -1.24975977e-05
vn -0.586323321 0.810077071 -3.65885062e-05
vn -0.729168355 0.684334278 -3.45213193e-05
vn -0.80510509 0.593132198 -3.37697675e-05
vn -0.586323321 -0.810077071 0
vn -0.729168355 -0.684334278 0
vn -0.80510509 -0.593132198 0
vn -0.230993092 -0.972955346 0
vn 0.230993092 -0.972955346 0
vn 0.586323321 -0.810077071 0
vn 0.729168355 -0.684334278 0
vn 0.80510509 -0.593132198 0
vn 1.99615953e-17 -0.16300419 -0.986625373
vn 1.193966e-16 -0.97497946 -0.222295314
vn -1.99615953e-17 0.16300419 0.986625373
vn 0.580341101 -0.751762986 -0.313139945
vn 0.541423559 -0.775084913 -0.325736105
vn 0.617971957 -0.726774335 -0.29984954
vn 1.19397923e-16 -0.974990249 -0.222247779
vn 1.1939836e-16 -0.974993885 -0.222231939
vn 1.19397486e-16 -0.974986613 -0.222263634
vn -0.571351707 -0.763164341 -0.301889986
vn -0.535974085 -0.784623563 -0.311605066
vn -0.605697215 -0.740326345 -0.291629523
vn -0.57101655 -0.760597408 -0.308920264
vn -0.528578699 -0.785716951 -0.321330905
vn -0.611977816 -0.733510971 -0.295710713
vn -0.580341101 -0.751762986 -0.313139945
vn -0.541423559 -0.775084913 -0.325736105
vn -0.617971957 -0.726774335 -0.29984954
vn 0.571351707 -0.763164341 -0.301889986
vn 0.535974085 -0.784623563 -0.311605066
vn 0.605697215 -0.740326345 -0.291629523
vn 0.57101655 -0.760597408 -0.308920264
vn 0.528578699 -0.785716951 -0.321330905
vn 0.611977816 -0.733510971 -0.295710713
vn 1.2019424e-16 -0.981492877 -0.191498607
vn 1.19401219e-16 -0.97501713 -0.222129658
vn 1.19402105e-16 -0.975024402 -0.222097963
vn 1.19400332e-16 -0.975009978 -0.222161353
vn 1.1939615e-16 -0.974975824 -0.222311154
vn 1.193957e-16 -0.974972188 -0.222326964
vn 0.580347896 -0.751756072 -0.313144088
vn 0.541437507 -0.775071621 -0.325744569
vn 1.20193869e-16 -0.981489778 -0.191514671
vn 1.20193472e-16 -0.981486678 -0.191530719
vn 1.99615953e-17 -0.16300419 0.986625373
vn 1.193966e-16 -0.97497946 0.222295314
vn -1.99615953e-17 0.16300419 -0.986625373
vn -0.580341101 -0.751762986 0.313139945
vn -0.541423559 -0.775084913 0.325736105
vn -0.617971957 -0.726774335 0.29984954
vn 1.19397923e-16 -0.974990249 0.222247779
vn 1.1939836e-16 -0.974993885 0.222231939
vn 1.19397486e-16 -0.974986613 0.222263634
vn 0.571351707 -0.763164341 0.301889986
vn 0.535974085 -0.784623563 0.311605066
vn 0.605697215 -0.740326345 0.291629523
vn 0.57101655 -0.760597408 0.308920264
vn 0.528578699 -0.785716951 0.321330905
vn 0.611977816 -0.733510971 0.295710713
vn 0.580341101 -0.751762986 0.313139945
vn 0.541423559 -0.775084913 0.325736105
vn 0.617971957 -0.726774335 0.29984954
vn -0.571351707 -0.763164341 0.301889986
vn -0.535974085 -0.784623563 0.311605066
vn -0.605697215 -0.740326345 0.291629523
vn -0.57101655 -0.760597408 0.308920264
vn -0.528578699 -0.785716951 0.321330905
vn -0.611977816 -0.733510971 0.295710713
vn 1.2019424e-16 -0.981492877 0.191498607
vn 0.580329657 -0.751770496 0.313143104
vn 0.541399896 -0.775098979 0.325742006
vn 1.1939615e-16 -0.974975824 0.222311154
vn 1.193957e-16 -0.974972188 0.222326964
vn 1.19394191e-16 -0.974959731 0.222381756
vn 1.19393741e-16 -0.974956036 0.222397581
vn 1.19394614e-16 -0.974963307 0.222365886
vn -0.571367562 -0.763145924 0.301906049
vn -0.535968482 -0.784615457 0.311635226
vn -0.605733335 -0.740296245 0.291630834
vn 0.571370423 -0.763149977 0.301890939
vn 0.605733335 -0.740296245 0.291630834
vn 0.571013868 -0.760593355 0.308935314
vn 0.528572977 -0.785708547 0.321360916
vn 1.20194637e-16 -0.981496036 0.191482574
vn 1.20195008e-16 -0.981499195 0.191466495
vn -0.580329657 -0.751770496 0.313143104
vn -0.541399896 -0.775098979 0.325742006

# Mesh 'Behemoth' with 3412 faces
g Behemoth
usemtl DefaultMaterial
f  1/1/1 2/2/2 3/3/3
f  4/2/2 5/1/1 6/4/4
f  7/5/5 8/4/4 9/1/1
f  10/4/4 11/5/5 12/6/6
f  13/7/7 14/6/6 15/5/5
f  16/8/8 17/9/9 18/10/10
f  19/9/9 20/8/8 21/11/11
f  22/8/8 23/12/12 24/11/11
f  25/12/12 26/8/8 27/13/13
f  28/13/13 29/14/14 30/12/12
f  31/14/14 32/13/13 33/15/15
f  34/16/16 35/14/14 36/15/15
f  37/14/14 38/16/16 39/17/17
f  40/18/18 41/19/19 42/20/20
f  43/19/19 44/18/18 45/21/21
f  46/21/21 47/22/22 48/19/19
f  49/22/22 50/21/21 51/23/23
f  52/24/24 53/25/25 54/26/26
f  55/25/25 56/24/24 57/27/27
f  58/27/27 59/28/28 60/25/25
f  61/28/28 62/27/27 63/29/29
f  64/30/30 65/28/28 66/29/29
f  67/1/31 68/2/32 69/3/33
f  70/2/32 71/1/31 72/4/34
f  73/5/35 74/4/34 75/1/31
f  76/4/34 77/5/35 78/6/36
f  79/7/37 80/6/36 81/5/35
f  82/8/38 83/9/39 84/10/39
f  85/9/39 86/8/38 87/11/40
f  88/8/38 89/12/41 90/11/40
f  91/12/41 92/8/38 93/13/42
f  94/13/42 95/14/43 96/12/41
f  97/14/43 98/13/42 99/15/44
f  100/16/45 101/14/43 102/15/44
f  103/14/43 104/16/45 105/17/46
f  106/18/47 107/19/48 108/20/49
f  109/19/48 110/18/47 111/21/50
f  112/21/50 113/22/51 114/19/48
f  115/22/51 116/21/50 117/23/52
f  118/24/53 119/25/54 120/26/55
f  121/25/54 122/24/53 123/27/56
f  124/27/56 125/28/57 126/25/54
f  127/28/57 128/27/56 129/29/58
f  130/30/59 131/28/57 132/29/58
f  133/1/60 134/2/61 135/3/62
f  136/2/61 137/1/60 138/4/63
f  139/5/64 140/4/63 141/1/60
f  142/4/63 143/5/64 144/6/65
f  145/7/66 146/6/65 147/5/64
f  148/8/67 149/9/68 150/10/69
f  151/9/68 152/8/67 153/11/70
f  154/8/67 155/12/71 156/11/70
f  157/12/71 158/8/67 159/13/72
f  160/13/72 161/14/73 162/12/71
f  163/14/73 164/13/72 165/15/74
f  166/16/75 167/14/73 168/15/74
f  169/14/73 170/16/75 171/17/76
f  172/18/77 173/19/77 174/20/77
f  175/19/77 176/18/77 177/21/78
f  178/21/78 179/22/79 180/19/77
f  181/22/79 182/21/78 183/23/80
f  184/24/81 185/25/82 186/26/83
f  187/25/82 188/24/81 189/27/84
f  190/27/84 191/28/85 192/25/82
f  193/28/85 194/27/84 195/29/86
f  196/30/87 197/28/85 198/29/86
f  199/1/60 200/2/61 201/3/62
f  202/2/61 203/1/60 204/4/88
f  205/5/89 206/4/88 207/1/60
f  208/4/88 209/5/89 210/6/90
f  211/7/91 212/6/90 213/5/89
f  214/8/92 215/9/69 216/10/69
f  217/9/69 218/8/92 219/11/93
f  220/8/92 221/12/94 222/11/93
f  223/12/94 224/8/92 225/13/72
f  226/13/72 227/14/73 228/12/94
f  229/14/73 230/13/72 231/15/74
f  232/16/75 233/14/73 234/15/74
f  235/14/73 236/16/75 237/17/76
f  238/18/77 239/19/77 240/20/77
f  241/19/77 242/18/77 243/21/95
f  244/21/95 245/22/96 246/19/77
f  247/22/96 248/21/95 249/23/79
f  250/24/97 251/25/98 252/26/99
f  253/25/98 254/24/97 255/27/100
f  256/27/100 257/28/101 258/25/98
f  259/28/101 260/27/100 261/29/102
f  262/30/103 263/28/101 264/29/102
f  265/1/60 266/2/61 267/3/62
f  268/2/61 269/1/60 270/4/88
f  271/5/89 272/4/88 273/1/60
f  274/4/88 275/5/89 276/6/90
f  277/7/91 278/6/90 279/5/89
f  280/8/104 281/9/105 282/10/106
f  283/9/105 284/8/104 285/11/107
f  286/8/104 287/12/71 288/11/107
f  289/12/71 290/8/104 291/13/72
f  292/13/72 293/14/73 294/12/71
f  295/14/73 296/13/72 297/15/74
f  298/16/75 299/14/73 300/15/74
f  301/14/73 302/16/75 303/17/76
f  304/18/77 305/19/95 306/20/77
f  307/19/95 308/18/77 309/21/108
f  310/21/108 311/22/80 312/19/95
f  313/22/80 314/21/108 315/23/109
f  316/24/81 317/25/110 318/26/83
f  319/25/110 320/24/81 321/27/100
f  322/27/100 323/28/101 324/25/110
f  325/28/101 326/27/100 327/29/102
f  328/30/103 329/28/101 330/29/102
f  331/1/111 332/3/112 333/2/113
f  334/2/113 335/4/114 336/1/111
f  337/5/115 338/1/111 339/4/114
f  340/4/114 341/6/116 342/5/115
f  343/7/117 344/5/115 345/6/116
f  346/8/118 347/10/119 348/9/120
f  349/9/120 350/11/121 351/8/118
f  352/8/118 353/11/121 354/12/122
f  355/12/122 356/13/123 357/8/118
f  358/13/123 359/12/122 360/14/124
f  361/14/124 362/15/125 363/13/123
f  364/16/126 365/15/125 366/14/124
f  367/14/124 368/17/127 369/16/126
f  370/18/128 371/20/128 372/19/129
f  373/19/129 374/21/128 375/18/128
f  376/21/128 377/19/129 378/22/128
f  379/22/128 380/23/130 381/21/128
f  382/24/131 383/26/132 384/25/133
f  385/25/133 386/27/134 387/24/131
f  388/27/134 389/25/133 390/28/135
f  391/28/135 392/29/136 393/27/134
f  394/30/137 395/29/136 396/28/135
f  397/1/138 398/3/139 399/2/140
f  400/2/140 401/4/141 402/1/138
f  403/5/142 404/1/138 405/4/141
f  406/4/141 407/6/143 408/5/142
f  409/7/144 410/5/142 411/6/143
f  412/8/145 413/10/146 414/9/147
f  415/9/147 416/11/148 417/8/145
f  418/8/145 419/11/148 420/12/149
f  421/12/149 422/13/150 423/8/145
f  424/13/150 425/12/149 426/14/151
f  427/14/151 428/15/152 429/13/150
f  430/16/153 431/15/152 432/14/151
f  433/14/151 434/17/154 435/16/153
f  436/18/155 437/20/156 438/19/157
f  439/19/157 440/21/158 441/18/155
f  442/21/158 443/19/157 444/22/159
f  445/22/159 446/23/160 447/21/158
f  448/24/161 449/26/162 450/25/163
f  451/25/163 452/27/164 453/24/161
f  454/27/164 455/25/163 456/28/165
f  457/28/165 458/29/166 459/27/164
f  460/30/167 461/29/166 462/28/165
f  463/1/168 464/3/169 465/2/170
f  466/2/170 467/4/171 468/1/168
f  469/5/172 470/1/168 471/4/171
f  472/4/171 473/6/173 474/5/172
f  475/7/174 476/5/172 477/6/173
f  478/8/175 479/10/176 480/9/177
f  481/9/177 482/11/178 483/8/175
f  484/8/175 485/11/178 486/12/179
f  487/12/179 488/13/180 489/8/175
f  490/13/180 491/12/179 492/14/181
f  493/14/181 494/15/182 495/13/180
f  496/16/183 497/15/182 498/14/181
f  499/14/181 500/17/184 501/16/183
f  502/18/185 503/20/185 504/19/186
f  505/19/186 506/21/187 507/18/185
f  508/21/187 509/19/186 510/22/188
f  511/22/188 512/23/189 513/21/187
f  514/24/190 515/26/191 516/25/192
f  517/25/192 518/27/193 519/24/190
f  520/27/193 521/25/192 522/28/194
f  523/28/194 524/29/195 525/27/193
f  526/30/196 527/29/195 528/28/194
f  529/1/168 530/3/169 531/2/170
f  532/2/170 533/4/197 534/1/168
f  535/5/198 536/1/168 537/4/197
f  538/4/197 539/6/199 540/5/198
f  541/7/200 542/5/198 543/6/199
f  544/8/201 545/10/176 546/9/176
f  547/9/176 548/11/202 549/8/201
f  550/8/201 551/11/202 552/12/203
f  553/12/203 554/13/180 555/8/201
f  556/13/180 557/12/203 558/14/204
f  559/14/204 560/15/205 561/13/180
f  562/16/206 563/15/205 564/14/204
f  565/14/204 566/17/207 567/16/206
f  568/18/185 569/20/185 570/19/208
f  571/19/208 572/21/209 573/18/185
f  574/21/209 575/19/208 576/22/210
f  577/22/210 578/23/189 579/21/209
f  580/24/211 581/26/212 582/25/213
f  583/25/213 584/27/214 585/24/211
f  586/27/214 587/25/213 588/28/215
f  589/28/215 590/29/216 591/27/214
f  592/30/217 593/29/216 594/28/215
f  595/1/218 596/3/169 597/2/170
f  598/2/170 599/4/219 600/1/218
f  601/5/220 602/1/218 603/4/219
f  604/4/219 605/6/221 606/5/220
f  607/7/222 608/5/220 609/6/221
f  610/8/223 611/10/224 612/9/225
f  613/9/225 614/11/226 615/8/223
f  616/8/223 617/11/226 618/12/179
f  619/12/179 620/13/180 621/8/223
f  622/13/180 623/12/179 624/14/181
f  625/14/181 626/15/182 627/13/180
f  628/16/183 629/15/182 630/14/181
f  631/14/181 632/17/184 633/16/183
f  634/18/185 635/20/185 636/19/208
f  637/19/208 638/21/187 639/18/185
f  640/21/187 641/19/208 642/22/188
f  643/22/188 644/23/210 645/21/187
f  646/24/190 647/26/191 648/25/227
f  649/25/227 650/27/228 651/24/190
f  652/27/228 653/25/227 654/28/229
f  655/28/229 656/29/230 657/27/228
f  658/30/231 659/29/230 660/28/229
f  661/31/232 662/32/233 663/33/234
f  664/34/235 665/32/233 666/31/232
f  667/34/235 668/35/236 669/32/233
f  670/36/237 671/37/238 672/38/239
f  673/38/239 674/37/238 675/39/240
f  676/39/240 677/40/241 678/38/239
f  679/31/242 680/32/243 681/33/244
f  682/34/245 683/32/243 684/31/242
f  685/34/245 686/35/246 687/32/243
f  688/36/247 689/37/248 690/38/249
f  691/38/249 692/37/248 693/39/250
f  694/39/250 695/40/251 696/38/249
f  697/31/242 698/32/243 699/33/244
f  700/34/245 701/32/243 702/31/242
f  703/34/245 704/35/246 705/32/243
f  706/36/252 707/37/253 708/38/254
f  709/38/254 710/37/253 711/39/255
f  712/39/255 713/40/256 714/38/254
f  715/41/257 716/42/258 717/43/259
f  718/42/258 719/41/257 720/44/260
f  721/41/257 722/45/261 723/44/260
f  724/45/261 725/41/257 726/46/262
f  727/46/262 728/47/263 729/45/261
f  730/47/263 731/46/262 732/48/264
f  733/41/265 734/42/266 735/43/267
f  736/42/266 737/41/265 738/44/268
f  739/41/265 740/45/269 741/44/268
f  742/45/269 743/41/265 744/46/270
f  745/46/270 746/47/271 747/45/269
f  748/47/271 749/46/270 750/48/272
f  751/41/273 752/42/274 753/43/275
f  754/42/274 755/41/273 756/44/276
f  757/41/273 758/45/277 759/44/276
f  760/45/277 761/41/273 762/46/278
f  763/46/278 764/47/279 765/45/277
f  766/47/279 767/46/278 768/48/280
f  769/31/281 770/33/282 771/32/283
f  772/34/284 773/31/281 774/32/283
f  775/34/284 776/32/283 777/35/285
f  778/36/286 779/38/287 780/37/288
f  781/38/287 782/39/289 783/37/288
f  784/39/289 785/38/287 786/40/290
f  787/31/291 788/33/292 789/32/293
f  790/34/294 791/31/291 792/32/293
f  793/34/294 794/32/293 795/35/295
f  796/36/296 797/38/297 798/37/298
f  799/38/297 800/39/299 801/37/298
f  802/39/299 803/38/297 804/40/300
f  805/31/291 806/33/292 807/32/293
f  808/34/294 809/31/291 810/32/293
f  811/34/294 812/32/293 813/35/295
f  814/36/301 815/38/302 816/37/303
f  817/38/302 818/39/304 819/37/303
f  820/39/304 821/38/302 822/40/305
f  823/41/306 824/43/307 825/42/308
f  826/42/308 827/44/309 828/41/306
f  829/41/306 830/44/309 831/45/310
f  832/45/310 833/46/311 834/41/306
f  835/46/311 836/45/310 837/47/312
f  838/47/312 839/48/313 840/46/311
f  841/41/314 842/43/315 843/42/316
f  844/42/316 845/44/317 846/41/314
f  847/41/314 848/44/317 849/45/318
f  850/45/318 851/46/319 852/41/314
f  853/46/319 854/45/318 855/47/320
f  856/47/320 857/48/321 858/46/319
f  859/41/322 860/43/323 861/42/324
f  862/42/324 863/44/325 864/41/322
f  865/41/322 866/44/325 867/45/326
f  868/45/326 869/46/327 870/41/322
f  871/46/327 872/45/326 873/47/328
f  874/47/328 875/48/329 876/46/327
f  877/49/330 878/50/331 879/51/332
f  880/50/331 881/49/330 882/52/333
f  883/53/334 884/52/333 885/49/330
f  886/52/333 887/53/334 888/54/335
f  889/55/336 890/56/337 891/57/338
f  892/56/337 893/55/336 894/58/339
f  895/59/340 896/58/339 897/55/336
f  898/58/339 899/59/340 900/60/341
f  901/61/342 902/62/343 903/63/344
f  904/62/343 905/61/342 906/64/345
f  907/64/345 908/65/346 909/62/343
f  910/65/346 911/64/345 912/66/347
f  913/67/348 914/68/349 915/69/350
f  916/68/349 917/67/348 918/70/351
f  919/71/352 920/68/349 921/70/351
f  922/68/349 923/71/352 924/72/353
f  925/73/354 926/70/351 927/67/348
f  928/70/351 929/73/354 930/74/355
f  931/75/356 932/70/351 933/74/355
f  934/70/351 935/75/356 936/71/352
f  937/76/357 938/77/358 939/78/359
f  940/77/358 941/76/357 942/79/360
f  943/79/360 944/76/357 945/80/361
f  946/79/360 947/80/361 948/81/362
f  949/82/362 950/79/360 951/81/362
f  952/83/363 953/84/363 954/85/364
f  955/84/363 956/83/363 957/86/365
f  958/87/366 959/88/367 960/89/368
f  961/88/367 962/87/366 963/90/369
f  964/87/366 965/91/370 966/90/369
f  967/91/370 968/87/366 969/92/371
f  970/92/371 971/93/372 972/91/370
f  973/93/372 974/92/371 975/94/373
f  976/95/374 977/93/372 978/94/373
f  979/93/372 980/95/374 981/96/375
f  982/97/376 983/98/377 984/99/378
f  985/98/377 986/97/376 987/100/379
f  988/101/380 989/100/379 990/97/376
f  991/100/379 992/101/380 993/102/381
f  994/103/382 995/102/381 996/101/380
f  997/102/381 998/103/382 999/104/383
f  1000/103/382 1001/105/384 1002/104/383
f  1003/105/384 1004/103/382 1005/106/385
f  1006/106/385 1007/107/386 1008/105/384
f  1009/107/386 1010/106/385 1011/108/387
f  1012/108/387 1013/109/388 1014/107/386
f  1015/109/388 1016/108/387 1017/110/389
f  1018/111/390 1019/109/388 1020/110/389
f  1021/109/388 1022/111/390 1023/112/391
f  1024/113/392 1025/114/393 1026/115/394
f  1027/114/393 1028/113/392 1029/116/395
f  1030/117/396 1031/116/395 1032/113/392
f  1033/116/395 1034/117/396 1035/118/397
f  1036/119/398 1037/118/397 1038/117/396
f  1039/118/397 1040/119/398 1041/120/399
f  1042/119/398 1043/121/400 1044/120/399
f  1045/121/400 1046/119/398 1047/122/400
f  1048/98/401 1049/97/402 1050/99/403
f  1051/97/402 1052/98/401 1053/100/404
f  1054/100/404 1055/101/405 1056/97/402
f  1057/101/405 1058/100/404 1059/102/406
f  1060/102/406 1061/103/407 1062/101/405
f  1063/103/407 1064/102/406 1065/104/408
f  1066/105/409 1067/103/407 1068/104/408
f  1069/103/407 1070/105/409 1071/106/410
f  1072/107/411 1073/106/410 1074/105/409
f  1075/106/410 1076/107/411 1077/108/412
f  1078/109/413 1079/108/412 1080/107/411
f  1081/108/412 1082/109/413 1083/110/414
f  1084/109/413 1085/111/415 1086/110/414
f  1087/111/415 1088/109/413 1089/112/416
f  1090/114/417 1091/113/418 1092/115/419
f  1093/113/418 1094/114/417 1095/116/420
f  1096/116/420 1097/117/421 1098/113/418
f  1099/117/421 1100/116/420 1101/118/422
f  1102/120/423 1103/117/421 1104/118/422
f  1105/117/421 1106/120/423 1107/119/424
f  1108/121/425 1109/119/424 1110/120/423
f  1111/119/424 1112/121/425 1113/122/425
f  1114/123/426 1115/124/427 1116/125/428
f  1117/124/427 1118/123/426 1119/126/429
f  1120/126/429 1121/127/430 1122/124/427
f  1123/127/430 1124/126/429 1125/128/431
f  1126/129/432 1127/130/433 1128/131/434
f  1129/130/433 1130/129/432 1131/132/435
f  1132/133/436 1133/132/435 1134/129/432
f  1135/132/435 1136/133/436 1137/134/437
f  1138/135/438 1139/136/439 1140/137/440
f  1141/136/439 1142/135/438 1143/138/441
f  1144/139/442 1145/138/441 1146/135/438
f  1147/138/441 1148/139/442 1149/140/443
f  1150/141/444 1151/142/444 1152/143/444
f  1153/142/444 1154/141/444 1155/144/444
f  1156/77/445 1157/76/446 1158/78/447
f  1159/76/446 1160/77/445 1161/79/448
f  1162/76/446 1163/79/448 1164/80/449
f  1165/80/449 1166/79/448 1167/81/450
f  1168/79/448 1169/82/450 1170/81/450
f  1171/95/451 1172/93/452 1173/96/453
f  1174/93/452 1175/95/451 1176/94/454
f  1177/92/455 1178/93/452 1179/94/454
f  1180/93/452 1181/92/455 1182/91/456
f  1183/87/457 1184/91/456 1185/92/455
f  1186/91/456 1187/87/457 1188/90/458
f  1189/87/457 1190/88/459 1191/90/458
f  1192/88/459 1193/87/457 1194/89/460
f  1195/84/461 1196/83/461 1197/85/462
f  1198/83/461 1199/84/461 1200/86/463
f  1201/77/464 1202/78/465 1203/76/466
f  1204/76/466 1205/79/467 1206/77/464
f  1207/76/466 1208/80/468 1209/79/467
f  1210/80/468 1211/81/469 1212/79/467
f  1213/79/467 1214/81/469 1215/82/469
f  1216/95/470 1217/96/471 1218/93/472
f  1219/93/472 1220/94/473 1221/95/470
f  1222/92/474 1223/94/473 1224/93/472
f  1225/93/472 1226/91/475 1227/92/474
f  1228/87/476 1229/92/474 1230/91/475
f  1231/91/475 1232/90/477 1233/87/476
f  1234/87/476 1235/90/477 1236/88/478
f  1237/88/478 1238/89/479 1239/87/476
f  1240/84/480 1241/85/481 1242/83/480
f  1243/83/480 1244/86/482 1245/84/480
f  1246/145/483 1247/146/484 1248/147/485
f  1249/146/484 1250/145/483 1251/148/486
f  1252/149/487 1253/148/486 1254/145/483
f  1255/150/488 1256/149/487 1257/145/483
f  1258/149/487 1259/150/488 1260/151/489
f  1261/150/488 1262/152/490 1263/151/489
f  1264/150/488 1265/153/491 1266/152/490
f  1267/154/492 1268/145/483 1269/147/485
f  1270/145/483 1271/154/492 1272/155/493
f  1273/145/483 1274/155/493 1275/156/494
f  1276/156/494 1277/150/488 1278/145/483
f  1279/150/488 1280/156/494 1281/157/495
f  1282/158/496 1283/150/488 1284/157/495
f  1285/150/488 1286/158/496 1287/159/497
f  1288/153/491 1289/150/488 1290/159/497
f  1291/160/498 1292/161/499 1293/162/500
f  1294/161/499 1295/160/498 1296/163/501
f  1297/164/502 1298/163/501 1299/160/498
f  1300/163/501 1301/164/502 1302/165/503
f  1303/166/504 1304/167/505 1305/168/506
f  1306/167/505 1307/166/504 1308/169/507
f  1309/169/507 1310/170/508 1311/167/505
f  1312/170/508 1313/169/507 1314/171/509
f  1315/172/510 1316/173/511 1317/174/512
f  1318/173/511 1319/172/510 1320/175/513
f  1321/175/513 1322/176/514 1323/173/511
f  1324/176/514 1325/175/513 1326/177/515
f  1327/178/516 1328/176/514 1329/177/515
f  1330/176/514 1331/178/516 1332/179/517
f  1333/180/518 1334/179/517 1335/178/516
f  1336/179/517 1337/180/518 1338/181/519
f  1339/182/520 1340/183/521 1341/184/522
f  1342/183/521 1343/182/520 1344/185/523
f  1345/185/523 1346/186/524 1347/183/521
f  1348/186/524 1349/185/523 1350/187/525
f  1351/188/526 1352/189/527 1353/190/528
f  1354/189/527 1355/188/526 1356/191/529
f  1357/192/530 1358/189/527 1359/191/529
f  1360/192/530 1361/193/531 1362/189/527
f  1363/194/532 1364/189/527 1365/193/531
f  1366/189/527 1367/194/532 1368/190/528
f  1369/192/530 1370/191/529 1371/195/533
f  1372/196/534 1373/192/530 1374/195/533
f  1375/197/535 1376/196/534 1377/195/533
f  1378/195/533 1379/198/536 1380/197/535
f  1381/199/537 1382/197/535 1383/198/536
f  1384/200/538 1385/197/535 1386/199/537
f  1387/199/537 1388/201/539 1389/200/538
f  1390/201/539 1391/199/537 1392/202/540
f  1393/199/537 1394/203/541 1395/202/540
f  1396/203/541 1397/199/537 1398/198/536
f  1399/31/542 1400/33/543 1401/32/544
f  1402/34/545 1403/31/542 1404/32/544
f  1405/34/545 1406/32/544 1407/35/546
f  1408/36/547 1409/38/548 1410/37/549
f  1411/38/548 1412/39/550 1413/37/549
f  1414/39/550 1415/38/548 1416/40/551
f  1417/31/552 1418/33/553 1419/32/554
f  1420/34/555 1421/31/552 1422/32/554
f  1423/34/555 1424/32/554 1425/35/556
f  1426/36/557 1427/38/558 1428/37/559
f  1429/38/558 1430/39/560 1431/37/559
f  1432/39/560 1433/38/558 1434/40/561
f  1435/31/562 1436/33/563 1437/32/564
f  1438/34/565 1439/31/562 1440/32/564
f  1441/34/565 1442/32/564 1443/35/566
f  1444/36/567 1445/38/568 1446/37/569
f  1447/38/568 1448/39/570 1449/37/569
f  1450/39/570 1451/38/568 1452/40/571
f  1453/41/572 1454/43/573 1455/42/574
f  1456/42/574 1457/44/575 1458/41/572
f  1459/41/572 1460/44/575 1461/45/576
f  1462/45/576 1463/46/577 1464/41/572
f  1465/46/577 1466/45/576 1467/47/578
f  1468/47/578 1469/48/579 1470/46/577
f  1471/41/580 1472/43/581 1473/42/582
f  1474/42/582 1475/44/583 1476/41/580
f  1477/41/580 1478/44/583 1479/45/584
f  1480/45/584 1481/46/585 1482/41/580
f  1483/46/585 1484/45/584 1485/47/586
f  1486/47/586 1487/48/587 1488/46/585
f  1489/41/588 1490/43/589 1491/42/590
f  1492/42/590 1493/44/591 1494/41/588
f  1495/41/588 1496/44/591 1497/45/592
f  1498/45/592 1499/46/593 1500/41/588
f  1501/46/593 1502/45/592 1503/47/594
f  1504/47/594 1505/48/595 1506/46/593
f  1507/31/596 1508/32/597 1509/33/598
f  1510/34/599 1511/32/597 1512/31/596
f  1513/34/599 1514/35/600 1515/32/597
f  1516/36/601 1517/37/602 1518/38/603
f  1519/38/603 1520/37/602 1521/39/604
f  1522/39/604 1523/40/605 1524/38/603
f  1525/31/606 1526/32/607 1527/33/608
f  1528/34/609 1529/32/607 1530/31/606
f  1531/34/609 1532/35/610 1533/32/607
f  1534/36/611 1535/37/612 1536/38/613
f  1537/38/613 1538/37/612 1539/39/614
f  1540/39/614 1541/40/615 1542/38/613
f  1543/31/616 1544/32/617 1545/33/618
f  1546/34/619 1547/32/617 1548/31/616
f  1549/34/619 1550/35/610 1551/32/617
f  1552/36/620 1553/37/621 1554/38/622
f  1555/38/622 1556/37/621 1557/39/623
f  1558/39/623 1559/40/624 1560/38/622
f  1561/41/625 1562/42/626 1563/43/627
f  1564/42/626 1565/41/625 1566/44/628
f  1567/41/625 1568/45/629 1569/44/628
f  1570/45/629 1571/41/625 1572/46/630
f  1573/46/630 1574/47/631 1575/45/629
f  1576/47/631 1577/46/630 1578/48/632
f  1579/41/633 1580/42/634 1581/43/635
f  1582/42/634 1583/41/633 1584/44/636
f  1585/41/633 1586/45/637 1587/44/636
f  1588/45/637 1589/41/633 1590/46/638
f  1591/46/638 1592/47/639 1593/45/637
f  1594/47/639 1595/46/638 1596/48/640
f  1597/41/641 1598/42/642 1599/43/643
f  1600/42/642 1601/41/641 1602/44/644
f  1603/41/641 1604/45/645 1605/44/644
f  1606/45/645 1607/41/641 1608/46/646
f  1609/46/646 1610/47/647 1611/45/645
f  1612/47/647 1613/46/646 1614/48/648
f  1615/49/649 1616/51/650 1617/50/651
f  1618/50/651 1619/52/652 1620/49/649
f  1621/53/653 1622/49/649 1623/52/652
f  1624/52/652 1625/54/654 1626/53/653
f  1627/55/655 1628/57/656 1629/56/657
f  1630/56/657 1631/58/658 1632/55/655
f  1633/59/659 1634/55/655 1635/58/658
f  1636/58/658 1637/60/660 1638/59/659
f  1639/61/661 1640/63/662 1641/62/663
f  1642/62/663 1643/64/664 1644/61/661
f  1645/64/664 1646/62/663 1647/65/665
f  1648/65/665 1649/66/666 1650/64/664
f  1651/67/667 1652/69/668 1653/68/669
f  1654/68/669 1655/70/670 1656/67/667
f  1657/71/671 1658/70/670 1659/68/669
f  1660/68/669 1661/72/672 1662/71/671
f  1663/73/673 1664/67/667 1665/70/670
f  1666/70/670 1667/74/674 1668/73/673
f  1669/75/675 1670/74/674 1671/70/670
f  1672/70/670 1673/71/671 1674/75/675
f  1675/76/676 1676/78/677 1677/77/678
f  1678/77/678 1679/79/679 1680/76/676
f  1681/79/679 1682/80/680 1683/76/676
f  1684/79/679 1685/81/681 1686/80/680
f  1687/82/681 1688/81/681 1689/79/679
f  1690/83/682 1691/85/683 1692/84/682
f  1693/84/682 1694/86/684 1695/83/682
f  1696/87/685 1697/89/686 1698/88/687
f  1699/88/687 1700/90/688 1701/87/685
f  1702/87/685 1703/90/688 1704/91/689
f  1705/91/689 1706/92/690 1707/87/685
f  1708/92/690 1709/91/689 1710/93/691
f  1711/93/691 1712/94/692 1713/92/690
f  1714/95/693 1715/94/692 1716/93/691
f  1717/93/691 1718/96/694 1719/95/693
f  1720/97/695 1721/99/696 1722/98/697
f  1723/98/697 1724/100/698 1725/97/695
f  1726/101/699 1727/97/695 1728/100/698
f  1729/100/698 1730/102/700 1731/101/699
f  1732/103/701 1733/101/699 1734/102/700
f  1735/102/700 1736/104/702 1737/103/701
f  1738/103/701 1739/104/702 1740/105/703
f  1741/105/703 1742/106/704 1743/103/701
f  1744/106/704 1745/105/703 1746/107/705
f  1747/107/705 1748/108/706 1749/106/704
f  1750/108/706 1751/107/705 1752/109/707
f  1753/109/707 1754/110/708 1755/108/706
f  1756/111/709 1757/110/708 1758/109/707
f  1759/109/707 1760/112/710 1761/111/709
f  1762/113/711 1763/115/712 1764/114/713
f  1765/114/713 1766/116/714 1767/113/711
f  1768/117/715 1769/113/711 1770/116/714
f  1771/116/714 1772/118/716 1773/117/715
f  1774/119/717 1775/117/715 1776/118/716
f  1777/118/716 1778/120/718 1779/119/717
f  1780/119/717 1781/120/718 1782/121/719
f  1783/121/719 1784/122/719 1785/119/717
f  1786/98/720 1787/99/721 1788/97/722
f  1789/97/722 1790/100/723 1791/98/720
f  1792/100/723 1793/97/722 1794/101/724
f  1795/101/724 1796/102/725 1797/100/723
f  1798/102/725 1799/101/724 1800/103/726
f  1801/103/726 1802/104/727 1803/102/725
f  1804/105/728 1805/104/727 1806/103/726
f  1807/103/726 1808/106/729 1809/105/728
f  1810/107/730 1811/105/728 1812/106/729
f  1813/106/729 1814/108/731 1815/107/730
f  1816/109/732 1817/107/730 1818/108/731
f  1819/108/731 1820/110/733 1821/109/732
f  1822/109/732 1823/110/733 1824/111/734
f  1825/111/734 1826/112/735 1827/109/732
f  1828/114/736 1829/115/737 1830/113/738
f  1831/113/738 1832/116/739 1833/114/736
f  1834/116/739 1835/113/738 1836/117/740
f  1837/117/740 1838/118/741 1839/116/739
f  1840/120/742 1841/118/741 1842/117/740
f  1843/117/740 1844/119/743 1845/120/742
f  1846/121/744 1847/120/742 1848/119/743
f  1849/119/743 1850/122/744 1851/121/744
f  1852/123/745 1853/125/746 1854/124/747
f  1855/124/747 1856/126/748 1857/123/745
f  1858/126/748 1859/124/747 1860/127/749
f  1861/127/749 1862/128/750 1863/126/748
f  1864/129/751 1865/131/752 1866/130/753
f  1867/130/753 1868/132/754 1869/129/751
f  1870/133/755 1871/129/751 1872/132/754
f  1873/132/754 1874/134/756 1875/133/755
f  1876/135/757 1877/137/758 1878/136/759
f  1879/136/759 1880/138/760 1881/135/757
f  1882/139/761 1883/135/757 1884/138/760
f  1885/138/760 1886/140/762 1887/139/761
f  1888/141/763 1889/143/763 1890/142/763
f  1891/142/763 1892/144/763 1893/141/763
f  1894/77/764 1895/78/765 1896/76/766
f  1897/76/766 1898/79/767 1899/77/764
f  1900/76/766 1901/80/768 1902/79/767
f  1903/80/768 1904/81/769 1905/79/767
f  1906/79/767 1907/81/769 1908/82/769
f  1909/95/770 1910/96/771 1911/93/772
f  1912/93/772 1913/94/773 1914/95/770
f  1915/92/774 1916/94/773 1917/93/772
f  1918/93/772 1919/91/775 1920/92/774
f  1921/87/776 1922/92/774 1923/91/775
f  1924/91/775 1925/90/777 1926/87/776
f  1927/87/776 1928/90/777 1929/88/778
f  1930/88/778 1931/89/779 1932/87/776
f  1933/84/780 1934/85/781 1935/83/780
f  1936/83/780 1937/86/782 1938/84/780
f  1939/77/783 1940/76/784 1941/78/785
f  1942/76/784 1943/77/783 1944/79/786
f  1945/76/784 1946/79/786 1947/80/787
f  1948/80/787 1949/79/786 1950/81/788
f  1951/79/786 1952/82/788 1953/81/788
f  1954/95/789 1955/93/790 1956/96/791
f  1957/93/790 1958/95/789 1959/94/792
f  1960/92/793 1961/93/790 1962/94/792
f  1963/93/790 1964/92/793 1965/91/794
f  1966/87/795 1967/91/794 1968/92/793
f  1969/91/794 1970/87/795 1971/90/796
f  1972/87/795 1973/88/797 1974/90/796
f  1975/88/797 1976/87/795 1977/89/798
f  1978/84/799 1979/83/799 1980/85/800
f  1981/83/799 1982/84/799 1983/86/801
f  1984/145/802 1985/147/803 1986/146/804
f  1987/146/804 1988/148/805 1989/145/802
f  1990/149/806 1991/145/802 1992/148/805
f  1993/150/807 1994/145/802 1995/149/806
f  1996/149/806 1997/151/808 1998/150/807
f  1999/150/807 2000/151/808 2001/152/809
f  2002/150/807 2003/152/809 2004/153/810
f  2005/154/811 2006/147/803 2007/145/802
f  2008/145/802 2009/155/812 2010/154/811
f  2011/145/802 2012/156/813 2013/155/812
f  2014/156/813 2015/145/802 2016/150/807
f  2017/150/807 2018/157/814 2019/156/813
f  2020/158/815 2021/157/814 2022/150/807
f  2023/150/807 2024/159/816 2025/158/815
f  2026/153/810 2027/159/816 2028/150/807
f  2029/160/817 2030/162/818 2031/161/819
f  2032/161/819 2033/163/820 2034/160/817
f  2035/164/821 2036/160/817 2037/163/820
f  2038/163/820 2039/165/822 2040/164/821
f  2041/166/823 2042/168/824 2043/167/825
f  2044/167/825 2045/169/826 2046/166/823
f  2047/169/826 2048/167/825 2049/170/827
f  2050/170/827 2051/171/828 2052/169/826
f  2053/172/829 2054/174/830 2055/173/831
f  2056/173/831 2057/175/832 2058/172/829
f  2059/175/832 2060/173/831 2061/176/833
f  2062/176/833 2063/177/834 2064/175/832
f  2065/178/835 2066/177/834 2067/176/833
f  2068/176/833 2069/179/836 2070/178/835
f  2071/180/837 2072/178/835 2073/179/836
f  2074/179/836 2075/181/838 2076/180/837
f  2077/182/839 2078/184/840 2079/183/841
f  2080/183/841 2081/185/842 2082/182/839
f  2083/185/842 2084/183/841 2085/186/843
f  2086/186/843 2087/187/844 2088/185/842
f  2089/188/845 2090/190/846 2091/189/847
f  2092/189/847 2093/191/848 2094/188/845
f  2095/192/849 2096/191/848 2097/189/847
f  2098/192/849 2099/189/847 2100/193/850
f  2101/194/851 2102/193/850 2103/189/847
f  2104/189/847 2105/190/846 2106/194/851
f  2107/192/849 2108/195/852 2109/191/848
f  2110/196/853 2111/195/852 2112/192/849
f  2113/197/854 2114/195/852 2115/196/853
f  2116/195/852 2117/197/854 2118/198/855
f  2119/199/856 2120/198/855 2121/197/854
f  2122/200/857 2123/199/856 2124/197/854
f  2125/199/856 2126/200/857 2127/201/858
f  2128/201/858 2129/202/859 2130/199/856
f  2131/199/856 2132/202/859 2133/203/860
f  2134/203/860 2135/198/855 2136/199/856
f  2137/204/861 2138/205/862 2139/206/862
f  2140/207/863 2141/204/861 2142/206/862
f  2143/207/863 2144/208/864 2145/204/861
f  2146/209/865 2147/210/865 2148/211/866
f  2149/209/865 2150/211/866 2151/212/867
f  2152/211/866 2153/213/868 2154/212/867
f  2155/214/869 2156/215/870 2157/216/870
f  2158/214/869 2159/217/871 2160/215/870
f  2161/214/869 2162/218/872 2163/217/871
f  2164/219/873 2165/220/874 2166/221/875
f  2167/219/873 2168/222/873 2169/220/874
f  2170/222/873 2171/223/875 2172/220/874
f  2173/224/876 2174/225/877 2175/226/878
f  2176/225/877 2177/224/876 2178/227/879
f  2179/227/879 2180/228/880 2181/225/877
f  2182/228/880 2183/227/879 2184/229/881
f  2185/230/882 2186/229/881 2187/227/879
f  2188/229/881 2189/230/882 2190/231/883
f  2191/230/882 2192/232/884 2193/231/883
f  2194/232/884 2195/230/882 2196/233/885
f  2197/224/876 2198/230/882 2199/227/879
f  2200/230/882 2201/224/876 2202/234/886
f  2203/235/887 2204/230/882 2205/234/886
f  2206/230/882 2207/235/887 2208/233/885
f  2209/236/888 2210/237/888 2211/238/888
f  2212/237/888 2213/236/888 2214/239/888
f  2215/240/889 2216/241/889 2217/242/889
f  2218/241/889 2219/240/889 2220/243/889
f  2221/244/890 2222/245/890 2223/246/890
f  2224/245/890 2225/244/890 2226/247/890
f  2227/248/891 2228/249/892 2229/250/893
f  2230/249/892 2231/248/891 2232/251/894
f  2233/251/894 2234/252/895 2235/249/892
f  2236/252/895 2237/251/894 2238/253/896
f  2239/254/897 2240/252/895 2241/253/896
f  2242/252/895 2243/254/897 2244/255/898
f  2245/256/899 2246/253/896 2247/251/894
f  2248/253/896 2249/256/899 2250/257/900
f  2251/258/901 2252/259/902 2253/260/903
f  2254/260/903 2255/259/902 2256/261/904
f  2257/261/904 2258/262/905 2259/260/903
f  2260/262/905 2261/261/904 2262/263/905
f  2263/263/905 2264/264/905 2265/262/905
f  2266/259/902 2267/265/906 2268/261/904
f  2269/266/907 2270/267/907 2271/268/908
f  2272/267/907 2273/266/907 2274/269/909
f  2275/270/910 2276/271/910 2277/272/910
f  2278/271/910 2279/270/910 2280/273/910
f  2281/274/910 2282/273/910 2283/270/910
f  2284/273/910 2285/274/910 2286/275/910
f  2287/274/910 2288/276/910 2289/275/910
f  2290/277/911 2291/278/912 2292/279/913
f  2293/278/912 2294/277/911 2295/280/914
f  2296/281/915 2297/278/912 2298/280/914
f  2299/278/912 2300/281/915 2301/282/916
f  2302/283/917 2303/282/916 2304/281/915
f  2305/282/916 2306/283/917 2307/284/918
f  2308/285/919 2309/284/918 2310/283/917
f  2311/284/918 2312/285/919 2313/286/920
f  2314/258/921 2315/260/922 2316/259/923
f  2317/260/922 2318/261/924 2319/259/923
f  2320/261/924 2321/260/922 2322/262/925
f  2323/262/925 2324/263/926 2325/261/924
f  2326/263/926 2327/262/925 2328/264/927
f  2329/259/923 2330/261/924 2331/265/928
f  2332/266/929 2333/268/930 2334/267/929
f  2335/267/929 2336/269/931 2337/266/929
f  2338/270/932 2339/272/933 2340/271/933
f  2341/271/933 2342/273/934 2343/270/932
f  2344/274/935 2345/270/932 2346/273/934
f  2347/273/934 2348/275/935 2349/274/935
f  2350/274/935 2351/275/935 2352/276/935
f  2353/277/936 2354/279/937 2355/278/938
f  2356/278/938 2357/280/939 2358/277/936
f  2359/281/940 2360/280/939 2361/278/938
f  2362/278/938 2363/282/941 2364/281/940
f  2365/283/942 2366/281/940 2367/282/941
f  2368/282/941 2369/284/943 2370/283/942
f  2371/285/944 2372/283/942 2373/284/943
f  2374/284/943 2375/286/945 2376/285/944
f  2377/287/946 2378/288/946 2379/289/946
f  2380/288/946 2381/287/946 2382/290/946
f  2383/291/947 2384/292/947 2385/293/947
f  2386/292/947 2387/291/947 2388/294/947
f  2389/295/948 2390/296/948 2391/297/948
f  2392/296/948 2393/295/948 2394/298/948
f  2395/299/949 2396/300/949 2397/301/950
f  2398/300/949 2399/299/949 2400/302/951
f  2401/303/888 2402/304/888 2403/305/888
f  2404/304/888 2405/303/888 2406/306/888
f  2407/307/952 2408/308/952 2409/309/952
f  2410/308/952 2411/307/952 2412/310/952
f  2413/311/948 2414/312/948 2415/313/948
f  2416/312/948 2417/311/948 2418/314/948
f  2419/315/948 2420/316/948 2421/317/948
f  2422/316/948 2423/315/948 2424/318/948
f  2425/319/953 2426/320/953 2427/321/954
f  2428/320/953 2429/319/953 2430/322/955
f  2431/323/956 2432/324/956 2433/325/952
f  2434/324/956 2435/323/956 2436/326/957
f  2437/327/948 2438/328/948 2439/329/948
f  2440/328/948 2441/327/948 2442/330/948
f  2443/331/888 2444/332/888 2445/333/888
f  2446/332/888 2447/331/888 2448/334/888
f  2449/335/958 2450/336/958 2451/337/959
f  2452/336/958 2453/335/958 2454/338/960
f  2455/339/952 2456/340/952 2457/341/952
f  2458/340/952 2459/339/952 2460/342/952
f  2461/343/961 2462/344/961 2463/345/962
f  2464/344/961 2465/343/961 2466/346/963
f  2467/347/964 2468/348/964 2469/349/965
f  2470/348/964 2471/347/964 2472/350/966
f  2473/351/967 2474/352/967 2475/353/968
f  2476/352/967 2477/351/967 2478/354/969
f  2479/355/948 2480/356/948 2481/357/948
f  2482/356/948 2483/355/948 2484/358/948
f  2485/359/888 2486/360/888 2487/361/888
f  2488/360/888 2489/359/888 2490/362/888
f  2491/363/970 2492/364/970 2493/365/971
f  2494/364/970 2495/363/970 2496/366/972
f  2497/367/973 2498/368/973 2499/369/974
f  2500/368/973 2501/367/973 2502/370/955
f  2503/371/975 2504/372/975 2505/373/975
f  2506/372/975 2507/371/975 2508/374/975
f  2509/375/888 2510/376/888 2511/377/888
f  2512/376/888 2513/375/888 2514/378/888
f  2515/379/976 2516/380/976 2517/381/977
f  2518/380/976 2519/379/976 2520/382/966
f  2521/383/978 2522/384/979 2523/385/980
f  2524/384/979 2525/383/978 2526/386/981
f  2527/386/981 2528/387/982 2529/384/979
f  2530/387/982 2531/388/983 2532/384/979
f  2533/389/984 2534/387/982 2535/386/981
f  2536/390/985 2537/391/985 2538/392/985
f  2539/391/985 2540/390/985 2541/393/985
f  2542/394/986 2543/395/987 2544/396/988
f  2545/395/987 2546/394/986 2547/397/989
f  2548/397/989 2549/398/990 2550/395/987
f  2551/398/990 2552/397/989 2553/399/991
f  2554/400/992 2555/401/993 2556/402/994
f  2557/401/993 2558/400/992 2559/403/995
f  2560/404/996 2561/403/995 2562/400/992
f  2563/403/995 2564/404/996 2565/405/997
f  2566/406/998 2567/407/998 2568/408/998
f  2569/407/998 2570/406/998 2571/409/998
f  2572/410/999 2573/411/999 2574/412/999
f  2575/411/999 2576/410/999 2577/413/999
f  2578/414/999 2579/411/999 2580/413/999
f  2581/415/999 2582/411/999 2583/414/999
f  2584/416/999 2585/414/999 2586/413/999
f  2587/383/1000 2588/385/1001 2589/384/1002
f  2590/384/1002 2591/386/1003 2592/383/1000
f  2593/386/1003 2594/384/1002 2595/387/1004
f  2596/387/1004 2597/384/1002 2598/388/1005
f  2599/389/1006 2600/386/1003 2601/387/1004
f  2602/390/1007 2603/392/1007 2604/391/1007
f  2605/391/1007 2606/393/1007 2607/390/1007
f  2608/394/1008 2609/396/1009 2610/395/1010
f  2611/395/1010 2612/397/1011 2613/394/1008
f  2614/397/1011 2615/395/1010 2616/398/1012
f  2617/398/1012 2618/399/1013 2619/397/1011
f  2620/400/1014 2621/402/1015 2622/401/1016
f  2623/401/1016 2624/403/1017 2625/400/1014
f  2626/404/1018 2627/400/1014 2628/403/1017
f  2629/403/1017 2630/405/1019 2631/404/1018
f  2632/406/1020 2633/408/1021 2634/407/1020
f  2635/407/1020 2636/409/1022 2637/406/1020
f  2638/410/1023 2639/412/1024 2640/411/1025
f  2641/411/1025 2642/413/1026 2643/410/1023
f  2644/414/1026 2645/413/1026 2646/411/1025
f  2647/415/1027 2648/414/1026 2649/411/1025
f  2650/416/1024 2651/413/1026 2652/414/1026
f  2653/417/1028 2654/418/1029 2655/419/1030
f  2656/417/1028 2657/420/1031 2658/418/1029
f  2659/420/1031 2660/421/1032 2661/418/1029
f  2662/417/1033 2663/418/1034 2664/419/1033
f  2665/417/1033 2666/420/1035 2667/418/1034
f  2668/420/1035 2669/421/1036 2670/418/1034
f  2671/417/1037 2672/418/1038 2673/419/1039
f  2674/417/1037 2675/420/1040 2676/418/1038
f  2677/420/1040 2678/421/1033 2679/418/1038
f  2680/417/1037 2681/418/1038 2682/419/1039
f  2683/417/1037 2684/420/1040 2685/418/1038
f  2686/420/1040 2687/421/1033 2688/418/1038
f  2689/422/1041 2690/423/1041 2691/424/1041
f  2692/423/1041 2693/422/1041 2694/425/1041
f  2695/426/1041 2696/425/1041 2697/422/1041
f  2698/422/1042 2699/423/1043 2700/424/1044
f  2701/423/1043 2702/422/1042 2703/425/1041
f  2704/426/1041 2705/425/1041 2706/422/1042
f  2707/422/1045 2708/423/1044 2709/424/1044
f  2710/423/1044 2711/422/1045 2712/425/1043
f  2713/426/1041 2714/425/1043 2715/422/1045
f  2716/422/1045 2717/423/1044 2718/424/1044
f  2719/423/1044 2720/422/1045 2721/425/1043
f  2722/426/1041 2723/425/1043 2724/422/1045
f  2725/427/1046 2726/428/1047 2727/429/1048
f  2728/428/1047 2729/427/1046 2730/430/1049
f  2731/427/1046 2732/431/1050 2733/430/1049
f  2734/431/1050 2735/427/1046 2736/432/1051
f  2737/432/1051 2738/433/1052 2739/431/1050
f  2740/433/1052 2741/432/1051 2742/434/1053
f  2743/433/1054 2744/432/1055 2745/434/1056
f  2746/432/1055 2747/433/1054 2748/431/1057
f  2749/431/1057 2750/427/1058 2751/432/1055
f  2752/427/1058 2753/431/1057 2754/430/1059
f  2755/428/1060 2756/427/1058 2757/430/1059
f  2758/427/1058 2759/428/1060 2760/429/1061
f  2761/433/1052 2762/432/1051 2763/434/1053
f  2764/432/1051 2765/433/1052 2766/431/1062
f  2767/431/1062 2768/427/1063 2769/432/1051
f  2770/427/1063 2771/431/1062 2772/430/1064
f  2773/428/1065 2774/427/1063 2775/430/1064
f  2776/427/1063 2777/428/1065 2778/429/1048
f  2779/433/1052 2780/432/1051 2781/434/1053
f  2782/432/1051 2783/433/1052 2784/431/1062
f  2785/431/1062 2786/427/1063 2787/432/1051
f  2788/427/1063 2789/431/1062 2790/430/1064
f  2791/428/1065 2792/427/1063 2793/430/1064
f  2794/427/1063 2795/428/1065 2796/429/1048
f  2797/417/1066 2798/419/1067 2799/418/1068
f  2800/417/1066 2801/418/1068 2802/420/1069
f  2803/420/1069 2804/418/1068 2805/421/1069
f  2806/417/1070 2807/419/1070 2808/418/1071
f  2809/417/1070 2810/418/1071 2811/420/1072
f  2812/420/1072 2813/418/1071 2814/421/1073
f  2815/417/1074 2816/419/1073 2817/418/1075
f  2818/417/1074 2819/418/1075 2820/420/1076
f  2821/420/1076 2822/418/1075 2823/421/1070
f  2824/417/1074 2825/419/1073 2826/418/1075
f  2827/417/1074 2828/418/1075 2829/420/1076
f  2830/420/1076 2831/418/1075 2832/421/1070
f  2833/422/1077 2834/424/1078 2835/423/1078
f  2836/423/1078 2837/425/1079 2838/422/1077
f  2839/426/1080 2840/422/1077 2841/425/1079
f  2842/422/1080 2843/424/1081 2844/423/1082
f  2845/423/1082 2846/425/1079 2847/422/1080
f  2848/426/1078 2849/422/1080 2850/425/1079
f  2851/422/1080 2852/424/1081 2853/423/1082
f  2854/423/1082 2855/425/1079 2856/422/1080
f  2857/426/1078 2858/422/1080 2859/425/1079
f  2860/422/1083 2861/424/1080 2862/423/1080
f  2863/423/1080 2864/425/1079 2865/422/1083
f  2866/426/1078 2867/422/1083 2868/425/1079
f  2869/427/1084 2870/429/1085 2871/428/1086
f  2872/428/1086 2873/430/1087 2874/427/1084
f  2875/427/1084 2876/430/1087 2877/431/1088
f  2878/431/1088 2879/432/1089 2880/427/1084
f  2881/432/1089 2882/431/1088 2883/433/1090
f  2884/433/1090 2885/434/1091 2886/432/1089
f  2887/433/1092 2888/434/1093 2889/432/1094
f  2890/432/1094 2891/431/1095 2892/433/1092
f  2893/431/1095 2894/432/1094 2895/427/1096
f  2896/427/1096 2897/430/1097 2898/431/1095
f  2899/428/1098 2900/430/1097 2901/427/1096
f  2902/427/1096 2903/429/1099 2904/428/1098
f  2905/433/1090 2906/434/1091 2907/432/1089
f  2908/432/1089 2909/431/1100 2910/433/1090
f  2911/431/1100 2912/432/1089 2913/427/1101
f  2914/427/1101 2915/430/1102 2916/431/1100
f  2917/428/1103 2918/430/1102 2919/427/1101
f  2920/427/1101 2921/429/1085 2922/428/1103
f  2923/433/1090 2924/434/1091 2925/432/1089
f  2926/432/1089 2927/431/1100 2928/433/1090
f  2929/431/1100 2930/432/1089 2931/427/1101
f  2932/427/1101 2933/430/1102 2934/431/1100
f  2935/428/1103 2936/430/1102 2937/427/1101
f  2938/427/1101 2939/429/1085 2940/428/1103
f  2941/435/1104 2942/436/1105 2943/437/1106
f  2944/438/1107 2945/437/1106 2946/436/1105
f  2947/439/1108 2948/437/1106 2949/438/1107
f  2950/440/1108 2951/439/1108 2952/438/1107
f  2953/441/1109 2954/440/1108 2955/438/1107
f  2956/442/1110 2957/443/1110 2958/444/1110
f  2959/444/1110 2960/443/1110 2961/445/1110
f  2962/446/1110 2963/444/1110 2964/445/1110
f  2965/445/1110 2966/447/1110 2967/446/1110
f  2968/447/1110 2969/448/1110 2970/446/1110
f  2971/449/1111 2972/450/1111 2973/451/1112
f  2974/450/1111 2975/449/1111 2976/452/1113
f  2977/453/1114 2978/454/1115 2979/455/1116
f  2980/454/1115 2981/453/1114 2982/456/1117
f  2983/456/1117 2984/457/1118 2985/454/1115
f  2986/458/1119 2987/459/1120 2988/460/1121
f  2989/459/1120 2990/458/1119 2991/461/1122
f  2992/458/1119 2993/462/1123 2994/461/1122
f  2995/462/1123 2996/458/1119 2997/463/1124
f  2998/463/1124 2999/464/1125 3000/462/1123
f  3001/464/1125 3002/463/1124 3003/465/1126
f  3004/465/1126 3005/466/1127 3006/464/1125
f  3007/466/1127 3008/465/1126 3009/467/1128
f  3010/468/1129 3011/469/1129 3012/470/1129
f  3013/469/1129 3014/468/1129 3015/471/1129
f  3016/472/1130 3017/473/1131 3018/474/1132
f  3019/473/1131 3020/472/1130 3021/475/1133
f  3022/476/1134 3023/475/1133 3024/472/1130
f  3025/477/1135 3026/478/1136 3027/479/1137
f  3028/478/1136 3029/477/1135 3030/480/1138
f  3031/480/1138 3032/481/1139 3033/478/1136
f  3034/481/1139 3035/480/1138 3036/482/1140
f  3037/435/1141 3038/437/1142 3039/436/1143
f  3040/438/1144 3041/436/1143 3042/437/1142
f  3043/439/1145 3044/438/1144 3045/437/1142
f  3046/440/1145 3047/438/1144 3048/439/1145
f  3049/441/1146 3050/438/1144 3051/440/1145
f  3052/442/1147 3053/444/1147 3054/443/1147
f  3055/444/1147 3056/445/1147 3057/443/1147
f  3058/446/1147 3059/445/1147 3060/444/1147
f  3061/445/1147 3062/446/1147 3063/447/1147
f  3064/447/1147 3065/446/1147 3066/448/1147
f  3067/449/1148 3068/451/1149 3069/450/1148
f  3070/450/1148 3071/452/1150 3072/449/1148
f  3073/453/1151 3074/455/1152 3075/454/1153
f  3076/454/1153 3077/456/1154 3078/453/1151
f  3079/456/1154 3080/454/1153 3081/457/1155
f  3082/458/1156 3083/460/1157 3084/459/1158
f  3085/459/1158 3086/461/1159 3087/458/1156
f  3088/458/1156 3089/461/1159 3090/462/1160
f  3091/462/1160 3092/463/1161 3093/458/1156
f  3094/463/1161 3095/462/1160 3096/464/1162
f  3097/464/1162 3098/465/1163 3099/463/1161
f  3100/465/1163 3101/464/1162 3102/466/1164
f  3103/466/1164 3104/467/1165 3105/465/1163
f  3106/468/1166 3107/470/1166 3108/469/1166
f  3109/469/1166 3110/471/1166 3111/468/1166
f  3112/472/1167 3113/474/1168 3114/473/1169
f  3115/473/1169 3116/475/1170 3117/472/1167
f  3118/476/1171 3119/472/1167 3120/475/1170
f  3121/477/1172 3122/479/1173 3123/478/1174
f  3124/478/1174 3125/480/1175 3126/477/1172
f  3127/480/1175 3128/478/1174 3129/481/1176
f  3130/481/1176 3131/482/1177 3132/480/1175
f  3133/483/1178 3134/484/1179 3135/485/1180
f  3136/483/1178 3137/486/1181 3138/484/1179
f  3139/483/1178 3140/487/1182 3141/486/1181
f  3142/487/1182 3143/488/1183 3144/486/1181
f  3145/488/1183 3146/487/1182 3147/489/1184
f  3148/487/1182 3149/490/1185 3150/489/1184
f  3151/490/1185 3152/487/1182 3153/491/1186
f  3154/491/1186 3155/492/1187 3156/490/1185
f  3157/492/1187 3158/491/1186 3159/493/1188
f  3160/494/1189 3161/487/1182 3162/483/1178
f  3163/487/1182 3164/494/1189 3165/491/1186
f  3166/493/1188 3167/491/1186 3168/494/1189
f  3169/493/1188 3170/494/1189 3171/495/1190
f  3172/495/1190 3173/494/1189 3174/496/1191
f  3175/497/1192 3176/498/1192 3177/499/1193
f  3178/498/1192 3179/497/1192 3180/500/1194
f  3181/501/1195 3182/502/1195 3183/503/1196
f  3184/502/1195 3185/501/1195 3186/504/1197
f  3187/505/1198 3188/506/1199 3189/507/1200
f  3190/506/1199 3191/505/1198 3192/508/1201
f  3193/509/1202 3194/506/1199 3195/508/1201
f  3196/506/1199 3197/509/1202 3198/510/1203
f  3199/509/1202 3200/511/1204 3201/510/1203
f  3202/511/1204 3203/509/1202 3204/512/1205
f  3205/513/1206 3206/511/1204 3207/512/1205
f  3208/511/1204 3209/513/1206 3210/514/1207
f  3211/515/1208 3212/514/1207 3213/513/1206
f  3214/514/1207 3215/515/1208 3216/516/1209
f  3217/515/1208 3218/517/1210 3219/516/1209
f  3220/517/1210 3221/515/1208 3222/518/1211
f  3223/518/1211 3224/519/1212 3225/517/1210
f  3226/519/1212 3227/518/1211 3228/520/1213
f  3229/521/1214 3230/522/1215 3231/523/1216
f  3232/522/1215 3233/521/1214 3234/524/1217
f  3235/522/1215 3236/524/1217 3237/525/1218
f  3238/524/1217 3239/526/1219 3240/525/1218
f  3241/521/1214 3242/527/1220 3243/524/1217
f  3244/527/1220 3245/521/1214 3246/528/1221
f  3247/528/1221 3248/529/1222 3249/527/1220
f  3250/527/1220 3251/529/1222 3252/530/1223
f  3253/531/1224 3254/527/1220 3255/530/1223
f  3256/529/1222 3257/528/1221 3258/532/1225
f  3259/533/1226 3260/534/1227 3261/535/1228
f  3262/534/1227 3263/533/1226 3264/536/1229
f  3265/537/1230 3266/534/1227 3267/536/1229
f  3268/538/1231 3269/534/1227 3270/537/1230
f  3271/539/1231 3272/537/1230 3273/536/1229
f  3274/540/1232 3275/541/1232 3276/542/1232
f  3277/541/1232 3278/540/1232 3279/543/1232
f  3280/544/1233 3281/545/1234 3282/546/1235
f  3283/545/1234 3284/544/1233 3285/547/1236
f  3286/547/1236 3287/548/1237 3288/545/1234
f  3289/549/1238 3290/547/1236 3291/544/1233
f  3292/547/1236 3293/549/1238 3294/550/1239
f  3295/551/1240 3296/552/1241 3297/553/1242
f  3298/552/1241 3299/551/1240 3300/554/1243
f  3301/555/1244 3302/554/1243 3303/551/1240
f  3304/554/1243 3305/555/1244 3306/556/1245
f  3307/555/1244 3308/557/1246 3309/556/1245
f  3310/557/1246 3311/555/1244 3312/558/1247
f  3313/559/1248 3314/560/1249 3315/561/1250
f  3316/560/1249 3317/559/1248 3318/562/1251
f  3319/562/1251 3320/563/1252 3321/560/1249
f  3322/563/1252 3323/562/1251 3324/564/1253
f  3325/564/1253 3326/562/1251 3327/565/1254
f  3328/533/1255 3329/535/1256 3330/534/1257
f  3331/534/1257 3332/536/1258 3333/533/1255
f  3334/537/1259 3335/536/1258 3336/534/1257
f  3337/538/1260 3338/537/1259 3339/534/1257
f  3340/539/1260 3341/536/1258 3342/537/1259
f  3343/540/1261 3344/542/1262 3345/541/1261
f  3346/541/1261 3347/543/1263 3348/540/1261
f  3349/544/1264 3350/546/1265 3351/545/1266
f  3352/545/1266 3353/547/1267 3354/544/1264
f  3355/547/1267 3356/545/1266 3357/548/1268
f  3358/549/1269 3359/544/1264 3360/547/1267
f  3361/547/1267 3362/550/1270 3363/549/1269
f  3364/551/1271 3365/553/1272 3366/552/1273
f  3367/552/1273 3368/554/1274 3369/551/1271
f  3370/555/1275 3371/551/1271 3372/554/1274
f  3373/554/1274 3374/556/1276 3375/555/1275
f  3376/555/1275 3377/556/1276 3378/557/1277
f  3379/557/1277 3380/558/1278 3381/555/1275
f  3382/559/1279 3383/561/1280 3384/560/1281
f  3385/560/1281 3386/562/1282 3387/559/1279
f  3388/562/1282 3389/560/1281 3390/563/1283
f  3391/563/1283 3392/564/1284 3393/562/1282
f  3394/564/1284 3395/565/1285 3396/562/1282
f  3397/31/1286 3398/32/1286 3399/33/1286
f  3400/34/1286 3401/32/1286 3402/31/1286
f  3403/34/1286 3404/35/1286 3405/32/1286
f  3406/36/1287 3407/37/1287 3408/38/1287
f  3409/38/1287 3410/37/1287 3411/39/1287
f  3412/39/1287 3413/40/1287 3414/38/1287
f  3415/31/1286 3416/32/1286 3417/33/1286
f  3418/34/1286 3419/32/1286 3420/31/1286
f  3421/34/1286 3422/35/1286 3423/32/1286
f  3424/36/1287 3425/37/1287 3426/38/1287
f  3427/38/1287 3428/37/1287 3429/39/1287
f  3430/39/1287 3431/40/1287 3432/38/1287
f  3433/31/1286 3434/32/1286 3435/33/1286
f  3436/34/1286 3437/32/1286 3438/31/1286
f  3439/34/1286 3440/35/1286 3441/32/1286
f  3442/36/1288 3443/37/1289 3444/38/1290
f  3445/38/1290 3446/37/1289 3447/39/1287
f  3448/39/1287 3449/40/1287 3450/38/1290
f  3451/41/1291 3452/42/1292 3453/43/1293
f  3454/42/1292 3455/41/1291 3456/44/1294
f  3457/41/1291 3458/45/1295 3459/44/1294
f  3460/45/1295 3461/41/1291 3462/46/1296
f  3463/46/1296 3464/47/1297 3465/45/1295
f  3466/47/1297 3467/46/1296 3468/48/1298
f  3469/41/1299 3470/42/1300 3471/43/1293
f  3472/42/1300 3473/41/1299 3474/44/1301
f  3475/41/1299 3476/45/1302 3477/44/1301
f  3478/45/1302 3479/41/1299 3480/46/1296
f  3481/46/1296 3482/47/1297 3483/45/1302
f  3484/47/1297 3485/46/1296 3486/48/1298
f  3487/41/1303 3488/42/1304 3489/43/1305
f  3490/42/1304 3491/41/1303 3492/44/1301
f  3493/41/1303 3494/45/1306 3495/44/1301
f  3496/45/1306 3497/41/1303 3498/46/1307
f  3499/46/1307 3500/47/1297 3501/45/1306
f  3502/47/1297 3503/46/1307 3504/48/1298
f  3505/31/1308 3506/33/1309 3507/32/1310
f  3508/34/1311 3509/31/1308 3510/32/1310
f  3511/34/1311 3512/32/1310 3513/35/1312
f  3514/36/1313 3515/38/1314 3516/37/1315
f  3517/38/1314 3518/39/1316 3519/37/1315
f  3520/39/1316 3521/38/1314 3522/40/1317
f  3523/31/1318 3524/33/1319 3525/32/1320
f  3526/34/1321 3527/31/1318 3528/32/1320
f  3529/34/1321 3530/32/1320 3531/35/1322
f  3532/36/1323 3533/38/1324 3534/37/1325
f  3535/38/1324 3536/39/1326 3537/37/1325
f  3538/39/1326 3539/38/1324 3540/40/1327
f  3541/31/1318 3542/33/1319 3543/32/1320
f  3544/34/1321 3545/31/1318 3546/32/1320
f  3547/34/1321 3548/32/1320 3549/35/1322
f  3550/36/1328 3551/38/1329 3552/37/1330
f  3553/38/1329 3554/39/1331 3555/37/1330
f  3556/39/1331 3557/38/1329 3558/40/1332
f  3559/41/1333 3560/43/1334 3561/42/1335
f  3562/42/1335 3563/44/1336 3564/41/1333
f  3565/41/1333 3566/44/1336 3567/45/1337
f  3568/45/1337 3569/46/1338 3570/41/1333
f  3571/46/1338 3572/45/1337 3573/47/1339
f  3574/47/1339 3575/48/1340 3576/46/1338
f  3577/41/1341 3578/43/1342 3579/42/1343
f  3580/42/1343 3581/44/1344 3582/41/1341
f  3583/41/1341 3584/44/1344 3585/45/1345
f  3586/45/1345 3587/46/1346 3588/41/1341
f  3589/46/1346 3590/45/1345 3591/47/1347
f  3592/47/1347 3593/48/1348 3594/46/1346
f  3595/41/1349 3596/43/1350 3597/42/1351
f  3598/42/1351 3599/44/1352 3600/41/1349
f  3601/41/1349 3602/44/1352 3603/45/1353
f  3604/45/1353 3605/46/1354 3606/41/1349
f  3607/46/1354 3608/45/1353 3609/47/1355
f  3610/47/1355 3611/48/1356 3612/46/1354
f  3613/49/1357 3614/50/1357 3615/51/1357
f  3616/50/1357 3617/49/1357 3618/52/1357
f  3619/53/1357 3620/52/1357 3621/49/1357
f  3622/52/1357 3623/53/1357 3624/54/1357
f  3625/55/1358 3626/56/1359 3627/57/1360
f  3628/56/1359 3629/55/1358 3630/58/1361
f  3631/59/1362 3632/58/1361 3633/55/1358
f  3634/58/1361 3635/59/1362 3636/60/1363
f  3637/61/985 3638/62/985 3639/63/985
f  3640/62/985 3641/61/985 3642/64/985
f  3643/64/985 3644/65/985 3645/62/985
f  3646/65/985 3647/64/985 3648/66/985
f  3649/67/1364 3650/68/1365 3651/69/1366
f  3652/68/1365 3653/67/1364 3654/70/1367
f  3655/71/1368 3656/68/1365 3657/70/1367
f  3658/68/1365 3659/71/1368 3660/72/1369
f  3661/73/1370 3662/70/1367 3663/67/1364
f  3664/70/1367 3665/73/1370 3666/74/1371
f  3667/75/1372 3668/70/1367 3669/74/1371
f  3670/70/1367 3671/75/1372 3672/71/1368
f  3673/76/1373 3674/77/1374 3675/78/1375
f  3676/77/1374 3677/76/1373 3678/79/1376
f  3679/79/1376 3680/76/1373 3681/80/1377
f  3682/79/1376 3683/80/1377 3684/81/1378
f  3685/82/1378 3686/79/1376 3687/81/1378
f  3688/83/1379 3689/84/1379 3690/85/1380
f  3691/84/1379 3692/83/1379 3693/86/1381
f  3694/87/1382 3695/88/1383 3696/89/1384
f  3697/88/1383 3698/87/1382 3699/90/1385
f  3700/87/1382 3701/91/1386 3702/90/1385
f  3703/91/1386 3704/87/1382 3705/92/1387
f  3706/92/1387 3707/93/1388 3708/91/1386
f  3709/93/1388 3710/92/1387 3711/94/1389
f  3712/95/1390 3713/93/1388 3714/94/1389
f  3715/93/1388 3716/95/1390 3717/96/1391
f  3718/97/1392 3719/98/1393 3720/99/1394
f  3721/98/1393 3722/97/1392 3723/100/1395
f  3724/101/1396 3725/100/1395 3726/97/1392
f  3727/100/1395 3728/101/1396 3729/102/1397
f  3730/103/1398 3731/102/1397 3732/101/1396
f  3733/102/1397 3734/103/1398 3735/104/1399
f  3736/103/1398 3737/105/1400 3738/104/1399
f  3739/105/1400 3740/103/1398 3741/106/1401
f  3742/106/1401 3743/107/1402 3744/105/1400
f  3745/107/1402 3746/106/1401 3747/108/1403
f  3748/108/1403 3749/109/1404 3750/107/1402
f  3751/109/1404 3752/108/1403 3753/110/1405
f  3754/111/1406 3755/109/1404 3756/110/1405
f  3757/109/1404 3758/111/1406 3759/112/1407
f  3760/113/1408 3761/114/1409 3762/115/1410
f  3763/114/1409 3764/113/1408 3765/116/1411
f  3766/117/1412 3767/116/1411 3768/113/1408
f  3769/116/1411 3770/117/1412 3771/118/1413
f  3772/119/1414 3773/118/1413 3774/117/1412
f  3775/118/1413 3776/119/1414 3777/120/1415
f  3778/119/1414 3779/121/1416 3780/120/1415
f  3781/121/1416 3782/119/1414 3783/122/1416
f  3784/98/1393 3785/97/1392 3786/99/1394
f  3787/97/1392 3788/98/1393 3789/100/1395
f  3790/100/1395 3791/101/1396 3792/97/1392
f  3793/101/1396 3794/100/1395 3795/102/1397
f  3796/102/1397 3797/103/1398 3798/101/1396
f  3799/103/1398 3800/102/1397 3801/104/1399
f  3802/105/1400 3803/103/1398 3804/104/1399
f  3805/103/1398 3806/105/1400 3807/106/1401
f  3808/107/1402 3809/106/1401 3810/105/1400
f  3811/106/1401 3812/107/1402 3813/108/1403
f  3814/109/1404 3815/108/1403 3816/107/1402
f  3817/108/1403 3818/109/1404 3819/110/1405
f  3820/109/1404 3821/111/1406 3822/110/1405
f  3823/111/1406 3824/109/1404 3825/112/1407
f  3826/114/1417 3827/113/1418 3828/115/1419
f  3829/113/1418 3830/114/1417 3831/116/1420
f  3832/116/1420 3833/117/1421 3834/113/1418
f  3835/117/1421 3836/116/1420 3837/118/1422
f  3838/120/1423 3839/117/1421 3840/118/1422
f  3841/117/1421 3842/120/1423 3843/119/1424
f  3844/121/1425 3845/119/1424 3846/120/1423
f  3847/119/1424 3848/121/1425 3849/122/1425
f  3850/123/1426 3851/124/1427 3852/125/1428
f  3853/124/1427 3854/123/1426 3855/126/1429
f  3856/126/1429 3857/127/1430 3858/124/1427
f  3859/127/1430 3860/126/1429 3861/128/1431
f  3862/566/1432 3863/127/1430 3864/128/1431
f  3865/127/1430 3866/566/1432 3867/567/1433
f  3868/568/1434 3869/567/1433 3870/566/1432
f  3871/129/1435 3872/130/1436 3873/131/1437
f  3874/130/1436 3875/129/1435 3876/132/1438
f  3877/133/1439 3878/132/1438 3879/129/1435
f  3880/132/1438 3881/133/1439 3882/134/1440
f  3883/133/1439 3884/569/1441 3885/134/1440
f  3886/569/1441 3887/133/1439 3888/570/1442
f  3889/569/1441 3890/570/1442 3891/571/1443
f  3892/135/1444 3893/136/1445 3894/137/1446
f  3895/136/1445 3896/135/1444 3897/138/1447
f  3898/139/1448 3899/138/1447 3900/135/1444
f  3901/138/1447 3902/139/1448 3903/140/1449
f  3904/139/1448 3905/572/1450 3906/140/1449
f  3907/572/1450 3908/139/1448 3909/573/1451
f  3910/573/1451 3911/574/1452 3912/572/1450
f  3913/574/1452 3914/573/1451 3915/575/1453
f  3916/141/888 3917/142/888 3918/143/888
f  3919/142/888 3920/141/888 3921/144/888
f  3922/77/1454 3923/76/1455 3924/78/1456
f  3925/76/1455 3926/77/1454 3927/79/1457
f  3928/76/1455 3929/79/1457 3930/80/1458
f  3931/80/1458 3932/79/1457 3933/81/1459
f  3934/79/1457 3935/82/1459 3936/81/1459
f  3937/95/1460 3938/93/1461 3939/96/1462
f  3940/93/1461 3941/95/1460 3942/94/1463
f  3943/92/1387 3944/93/1461 3945/94/1463
f  3946/93/1461 3947/92/1387 3948/91/1386
f  3949/87/1464 3950/91/1386 3951/92/1387
f  3952/91/1386 3953/87/1464 3954/90/1465
f  3955/87/1464 3956/88/1466 3957/90/1465
f  3958/88/1466 3959/87/1464 3960/89/1467
f  3961/84/1468 3962/83/1468 3963/85/1469
f  3964/83/1468 3965/84/1468 3966/86/1470
f  3967/77/1471 3968/78/1472 3969/76/1473
f  3970/76/1473 3971/79/1474 3972/77/1471
f  3973/76/1473 3974/80/1475 3975/79/1474
f  3976/80/1475 3977/81/1476 3978/79/1474
f  3979/79/1474 3980/81/1476 3981/82/1476
f  3982/95/1477 3983/96/1478 3984/93/1479
f  3985/93/1479 3986/94/1480 3987/95/1477
f  3988/92/1481 3989/94/1480 3990/93/1479
f  3991/93/1479 3992/91/1482 3993/92/1481
f  3994/87/1483 3995/92/1481 3996/91/1482
f  3997/91/1482 3998/90/1484 3999/87/1483
f  4000/87/1483 4001/90/1484 4002/88/1485
f  4003/88/1485 4004/89/1486 4005/87/1483
f  4006/84/1487 4007/85/1488 4008/83/1487
f  4009/83/1487 4010/86/1489 4011/84/1487
f  4012/145/1490 4013/146/1491 4014/147/1492
f  4015/146/1491 4016/145/1490 4017/148/1493
f  4018/149/1494 4019/148/1493 4020/145/1490
f  4021/150/1495 4022/149/1494 4023/145/1490
f  4024/149/1494 4025/150/1495 4026/151/1496
f  4027/150/1495 4028/152/1497 4029/151/1496
f  4030/150/1495 4031/153/1498 4032/152/1497
f  4033/154/1499 4034/145/1490 4035/147/1492
f  4036/145/1490 4037/154/1499 4038/155/1500
f  4039/145/1490 4040/155/1500 4041/156/1501
f  4042/156/1501 4043/150/1495 4044/145/1490
f  4045/150/1495 4046/156/1501 4047/157/1502
f  4048/158/1503 4049/150/1495 4050/157/1502
f  4051/150/1495 4052/158/1503 4053/159/1504
f  4054/153/1498 4055/150/1495 4056/159/1504
f  4057/160/1505 4058/161/1506 4059/162/1507
f  4060/161/1506 4061/160/1505 4062/163/1508
f  4063/164/1509 4064/163/1508 4065/160/1505
f  4066/163/1508 4067/164/1509 4068/165/1510
f  4069/166/1511 4070/167/1512 4071/168/1513
f  4072/167/1512 4073/166/1511 4074/169/1514
f  4075/169/1514 4076/170/1515 4077/167/1512
f  4078/170/1515 4079/169/1514 4080/171/1516
f  4081/172/1517 4082/173/1518 4083/174/1519
f  4084/173/1518 4085/172/1517 4086/175/1520
f  4087/175/1520 4088/176/1521 4089/173/1518
f  4090/176/1521 4091/175/1520 4092/177/888
f  4093/178/1522 4094/176/1521 4095/177/888
f  4096/176/1521 4097/178/1522 4098/179/1523
f  4099/180/1524 4100/179/1523 4101/178/1522
f  4102/179/1523 4103/180/1524 4104/181/1525
f  4105/182/1526 4106/183/1527 4107/184/1526
f  4108/183/1527 4109/182/1526 4110/185/1528
f  4111/185/1528 4112/186/1529 4113/183/1527
f  4114/186/1529 4115/185/1528 4116/187/1530
f  4117/188/1531 4118/189/1532 4119/190/1533
f  4120/189/1532 4121/188/1531 4122/191/1534
f  4123/192/1535 4124/189/1532 4125/191/1534
f  4126/192/1535 4127/193/1536 4128/189/1532
f  4129/194/1537 4130/189/1532 4131/193/1536
f  4132/189/1532 4133/194/1537 4134/190/1533
f  4135/192/1535 4136/191/1534 4137/195/1538
f  4138/196/1539 4139/192/1535 4140/195/1538
f  4141/197/1540 4142/196/1539 4143/195/1538
f  4144/195/1538 4145/198/1541 4146/197/1540
f  4147/199/1542 4148/197/1540 4149/198/1541
f  4150/200/1543 4151/197/1540 4152/199/1542
f  4153/199/1542 4154/201/1544 4155/200/1543
f  4156/201/1544 4157/199/1542 4158/202/1545
f  4159/199/1542 4160/203/1546 4161/202/1545
f  4162/203/1546 4163/199/1542 4164/198/1541
f  4165/576/888 4166/577/888 4167/578/888
f  4168/578/888 4169/579/1547 4170/576/888
f  4171/579/1547 4172/578/888 4173/580/1547
f  4174/581/1548 4175/579/1547 4176/580/1547
f  4177/579/1547 4178/581/1548 4179/582/1549
f  4180/581/1548 4181/583/1550 4182/582/1549
f  4183/584/1551 4184/585/1552 4185/586/1553
f  4186/585/1552 4187/584/1551 4188/587/1554
f  4189/587/1554 4190/588/1555 4191/585/1552
f  4192/588/1555 4193/587/1554 4194/589/1556
f  4195/589/1556 4196/590/1557 4197/588/1555
f  4198/590/1557 4199/589/1556 4200/591/1558
f  4201/591/1558 4202/592/1559 4203/590/1557
f  4204/592/1559 4205/591/1558 4206/583/1560
f  4207/583/1560 4208/593/1561 4209/592/1559
f  4210/593/1561 4211/583/1560 4212/581/1562
f  4213/581/1562 4214/594/1563 4215/593/1561
f  4216/594/1563 4217/581/1562 4218/595/1564
f  4219/595/1564 4220/596/1565 4221/594/1563
f  4222/596/1565 4223/595/1564 4224/597/1566
f  4225/597/1566 4226/598/1567 4227/596/1565
f  4228/598/1567 4229/597/1566 4230/599/1568
f  4231/576/888 4232/578/888 4233/577/888
f  4234/578/888 4235/576/888 4236/579/1569
f  4237/579/1569 4238/580/1569 4239/578/888
f  4240/581/1570 4241/580/1569 4242/579/1569
f  4243/579/1569 4244/582/1571 4245/581/1570
f  4246/581/1570 4247/582/1571 4248/583/1572
f  4249/584/1573 4250/586/1568 4251/585/1574
f  4252/585/1574 4253/587/1575 4254/584/1573
f  4255/587/1575 4256/585/1574 4257/588/1576
f  4258/588/1576 4259/589/1577 4260/587/1575
f  4261/589/1577 4262/588/1576 4263/590/1578
f  4264/590/1578 4265/591/1579 4266/589/1577
f  4267/591/1579 4268/590/1578 4269/592/1580
f  4270/592/1580 4271/583/1581 4272/591/1579
f  4273/583/1581 4274/592/1580 4275/593/1582
f  4276/593/1582 4277/581/1583 4278/583/1581
f  4279/581/1583 4280/593/1582 4281/594/1584
f  4282/594/1584 4283/595/1585 4284/581/1583
f  4285/595/1585 4286/594/1584 4287/596/1586
f  4288/596/1586 4289/597/1587 4290/595/1585
f  4291/597/1587 4292/596/1586 4293/598/1551
f  4294/598/1551 4295/599/1553 4296/597/1587
f  4297/600/1588 4298/601/1588 4299/602/1588
f  4300/601/1588 4301/600/1588 4302/603/1588
f  4303/604/1589 4304/605/1590 4305/606/1591
f  4306/605/1590 4307/604/1589 4308/607/1592
f  4309/604/1589 4310/608/1593 4311/607/1592
f  4312/609/1594 4313/610/1594 4314/611/1594
f  4315/610/1594 4316/609/1594 4317/612/1594
f  4318/613/1595 4319/614/1596 4320/615/1595
f  4321/614/1596 4322/613/1595 4323/616/1595
f  4324/617/1597 4325/614/1596 4326/616/1595
f  4327/614/1596 4328/617/1597 4329/618/1598
f  4330/619/1599 4331/620/1599 4332/621/1599
f  4333/620/1599 4334/619/1599 4335/622/1599
f  4336/623/1600 4337/624/1600 4338/625/1600
f  4339/624/1600 4340/623/1600 4341/626/1600
f  4342/623/1600 4343/627/1600 4344/626/1600
f  4345/627/1600 4346/628/1600 4347/626/1600
f  4348/629/1601 4349/630/1602 4350/631/1603
f  4351/630/1602 4352/629/1601 4353/632/1604
f  4354/629/1601 4355/633/1605 4356/632/1604
f  4357/633/1605 4358/629/1601 4359/634/1606
f  4360/600/1607 4361/602/1608 4362/601/1607
f  4363/601/1607 4364/603/1609 4365/600/1607
f  4366/604/1610 4367/606/1611 4368/605/1612
f  4369/605/1612 4370/607/1613 4371/604/1610
f  4372/604/1610 4373/607/1613 4374/608/1614
f  4375/609/1615 4376/611/1616 4377/610/1615
f  4378/610/1615 4379/612/1617 4380/609/1615
f  4381/613/1618 4382/615/1618 4383/614/1619
f  4384/614/1619 4385/616/1618 4386/613/1618
f  4387/617/1620 4388/616/1618 4389/614/1619
f  4390/614/1619 4391/618/1621 4392/617/1620
f  4393/619/1622 4394/621/1622 4395/620/1622
f  4396/620/1622 4397/622/1622 4398/619/1622
f  4399/623/1623 4400/625/1624 4401/624/1625
f  4402/624/1625 4403/626/1626 4404/623/1623
f  4405/623/1623 4406/626/1626 4407/627/1627
f  4408/627/1627 4409/626/1626 4410/628/1627
f  4411/629/1628 4412/631/1629 4413/630/1630
f  4414/630/1630 4415/632/1631 4416/629/1628
f  4417/629/1628 4418/632/1631 4419/633/1632
f  4420/633/1632 4421/634/1633 4422/629/1628
f  4423/635/1634 4424/636/1635 4425/637/1636
f  4426/636/1635 4427/635/1634 4428/638/1637
f  4429/639/1638 4430/636/1635 4431/638/1637
f  4432/636/1635 4433/639/1638 4434/640/1639
f  4435/641/1640 4436/638/1637 4437/635/1634
f  4438/638/1637 4439/641/1640 4440/642/1641
f  4441/643/1642 4442/638/1637 4443/642/1641
f  4444/638/1637 4445/643/1642 4446/639/1638
f  4447/644/1643 4448/645/1644 4449/646/1645
f  4450/645/1644 4451/644/1643 4452/647/1646
f  4453/648/1647 4454/647/1646 4455/644/1643
f  4456/647/1646 4457/648/1647 4458/649/1648
f  4459/648/1647 4460/650/1649 4461/649/1648
f  4462/650/1649 4463/648/1647 4464/651/1650
f  4465/651/1650 4466/652/1651 4467/650/1649
f  4468/652/1651 4469/651/1650 4470/653/1652
f  4471/653/1652 4472/654/1653 4473/652/1651
f  4474/654/1653 4475/653/1652 4476/655/1654
f  4477/655/1654 4478/656/1655 4479/654/1653
f  4480/656/1655 4481/655/1654 4482/657/1655
f  4483/658/1656 4484/659/1657 4485/660/1658
f  4486/659/1657 4487/658/1656 4488/661/1659
f  4489/662/1660 4490/659/1657 4491/661/1659
f  4492/659/1657 4493/662/1660 4494/663/1661
f  4495/664/1662 4496/661/1659 4497/658/1656
f  4498/661/1659 4499/664/1662 4500/665/1663
f  4501/666/1664 4502/661/1659 4503/665/1663
f  4504/661/1659 4505/666/1664 4506/662/1660
f  4507/635/1665 4508/637/1666 4509/636/1667
f  4510/636/1667 4511/638/1668 4512/635/1665
f  4513/639/1669 4514/638/1668 4515/636/1667
f  4516/636/1667 4517/640/1670 4518/639/1669
f  4519/641/1671 4520/635/1665 4521/638/1668
f  4522/638/1668 4523/642/1672 4524/641/1671
f  4525/643/1673 4526/642/1672 4527/638/1668
f  4528/638/1668 4529/639/1669 4530/643/1673
f  4531/644/1674 4532/646/1675 4533/645/1676
f  4534/645/1676 4535/647/1677 4536/644/1674
f  4537/648/1678 4538/644/1674 4539/647/1677
f  4540/647/1677 4541/649/1679 4542/648/1678
f  4543/648/1678 4544/649/1679 4545/650/1680
f  4546/650/1680 4547/651/1681 4548/648/1678
f  4549/651/1681 4550/650/1680 4551/652/1682
f  4552/652/1682 4553/653/1683 4554/651/1681
f  4555/653/1683 4556/652/1682 4557/654/1684
f  4558/654/1684 4559/655/1685 4560/653/1683
f  4561/655/1685 4562/654/1684 4563/656/1686
f  4564/656/1686 4565/657/1686 4566/655/1685
f  4567/658/1687 4568/660/1688 4569/659/1689
f  4570/659/1689 4571/661/1690 4572/658/1687
f  4573/662/1691 4574/661/1690 4575/659/1689
f  4576/659/1689 4577/663/1692 4578/662/1691
f  4579/664/1693 4580/658/1687 4581/661/1690
f  4582/661/1690 4583/665/1694 4584/664/1693
f  4585/666/1695 4586/665/1694 4587/661/1690
f  4588/661/1690 4589/662/1691 4590/666/1695
f  4591/667/1696 4592/668/1696 4593/669/1697
f  4594/668/1696 4595/667/1696 4596/670/1698
f  4597/671/1699 4598/672/1699 4599/673/1699
f  4600/674/1700 4601/675/1700 4602/676/1700
f  4603/667/1701 4604/669/1701 4605/668/1701
f  4606/668/1701 4607/670/1701 4608/667/1701
f  4609/671/1702 4610/673/1702 4611/672/1702
f  4612/674/1703 4613/676/1703 4614/675/1703
f  4615/677/1704 4616/678/1704 4617/679/1704
f  4618/678/1704 4619/677/1704 4620/680/1704
f  4621/681/1705 4622/682/1706 4623/683/1707
f  4624/682/1706 4625/681/1705 4626/684/1708
f  4627/684/1708 4628/681/1705 4629/685/1709
f  4630/686/1710 4631/687/1711 4632/688/1710
f  4633/687/1711 4634/686/1710 4635/689/1712
f  4636/690/1713 4637/687/1711 4638/689/1712
f  4639/687/1711 4640/690/1713 4641/691/1714
f  4642/692/1715 4643/693/1715 4644/694/1715
f  4645/677/1716 4646/679/1717 4647/678/1716
f  4648/678/1716 4649/680/1718 4650/677/1716
f  4651/681/1719 4652/683/1720 4653/682/1721
f  4654/682/1721 4655/684/1722 4656/681/1719
f  4657/684/1722 4658/685/1723 4659/681/1719
f  4660/686/1724 4661/688/1724 4662/687/1725
f  4663/687/1725 4664/689/1726 4665/686/1724
f  4666/690/1727 4667/689/1726 4668/687/1725
f  4669/687/1725 4670/691/1728 4671/690/1727
f  4672/692/1729 4673/694/1729 4674/693/1729
f  4675/529/1222 4676/528/1221 4677/532/1225
f  4678/531/1224 4679/527/1220 4680/530/1223
f  4681/527/1220 4682/529/1222 4683/530/1223
f  4684/528/1221 4685/529/1222 4686/527/1220
f  4687/527/1220 4688/521/1214 4689/528/1221
f  4690/521/1214 4691/527/1220 4692/524/1217
f  4693/524/1217 4694/526/1219 4695/525/1218
f  4696/522/1215 4697/524/1217 4698/525/1218
f  4699/522/1215 4700/521/1214 4701/524/1217
f  4702/521/1214 4703/522/1215 4704/523/1216
f  4705/519/1212 4706/518/1211 4707/520/1213
f  4708/518/1211 4709/519/1212 4710/517/1210
f  4711/517/1210 4712/515/1208 4713/518/1211
f  4714/515/1208 4715/517/1210 4716/516/1209
f  4717/514/1207 4718/515/1208 4719/516/1209
f  4720/515/1208 4721/514/1207 4722/513/1206
f  4723/511/1204 4724/513/1206 4725/514/1207
f  4726/513/1206 4727/511/1204 4728/512/1205
f  4729/511/1204 4730/509/1202 4731/512/1205
f  4732/509/1202 4733/511/1204 4734/510/1203
f  4735/506/1199 4736/509/1202 4737/510/1203
f  4738/509/1202 4739/506/1199 4740/508/1201
f  4741/506/1199 4742/505/1198 4743/508/1201
f  4744/505/1198 4745/506/1199 4746/507/1200
f  4747/502/1730 4748/501/1730 4749/504/1731
f  4750/501/1730 4751/502/1730 4752/503/1196
f  4753/498/1732 4754/497/1732 4755/500/1733
f  4756/497/1732 4757/498/1732 4758/499/1734
f  4759/495/1735 4760/494/1736 4761/496/1737
f  4762/493/1188 4763/494/1736 4764/495/1735
f  4765/493/1188 4766/491/1186 4767/494/1736
f  4768/487/1182 4769/494/1736 4770/491/1186
f  4771/494/1736 4772/487/1182 4773/483/1738
f  4774/492/1187 4775/491/1186 4776/493/1188
f  4777/491/1186 4778/492/1187 4779/490/1185
f  4780/490/1185 4781/487/1182 4782/491/1186
f  4783/487/1182 4784/490/1185 4785/489/1184
f  4786/488/1183 4787/487/1182 4788/489/1184
f  4789/487/1182 4790/488/1183 4791/486/1181
f  4792/483/1738 4793/487/1182 4794/486/1181
f  4795/483/1738 4796/486/1181 4797/484/1739
f  4798/483/1738 4799/484/1739 4800/485/1740
f  4801/483/1178 4802/484/1179 4803/485/1180
f  4804/483/1178 4805/486/1181 4806/484/1179
f  4807/483/1178 4808/487/1182 4809/486/1181
f  4810/487/1182 4811/488/1183 4812/486/1181
f  4813/488/1183 4814/487/1182 4815/489/1184
f  4816/487/1182 4817/490/1185 4818/489/1184
f  4819/490/1185 4820/487/1182 4821/491/1186
f  4822/491/1186 4823/492/1187 4824/490/1185
f  4825/492/1187 4826/491/1186 4827/493/1188
f  4828/494/1189 4829/487/1182 4830/483/1178
f  4831/487/1182 4832/494/1189 4833/491/1186
f  4834/493/1188 4835/491/1186 4836/494/1189
f  4837/493/1188 4838/494/1189 4839/495/1190
f  4840/495/1190 4841/494/1189 4842/496/1191
f  4843/497/1192 4844/498/1192 4845/499/1193
f  4846/498/1192 4847/497/1192 4848/500/1194
f  4849/501/1195 4850/502/1195 4851/503/1196
f  4852/502/1195 4853/501/1195 4854/504/1197
f  4855/505/1198 4856/506/1199 4857/507/1200
f  4858/506/1199 4859/505/1198 4860/508/1201
f  4861/509/1202 4862/506/1199 4863/508/1201
f  4864/506/1199 4865/509/1202 4866/510/1203
f  4867/509/1202 4868/511/1204 4869/510/1203
f  4870/511/1204 4871/509/1202 4872/512/1205
f  4873/513/1206 4874/511/1204 4875/512/1205
f  4876/511/1204 4877/513/1206 4878/514/1207
f  4879/515/1208 4880/514/1207 4881/513/1206
f  4882/514/1207 4883/515/1208 4884/516/1209
f  4885/515/1208 4886/517/1210 4887/516/1209
f  4888/517/1210 4889/515/1208 4890/518/1211
f  4891/518/1211 4892/519/1212 4893/517/1210
f  4894/519/1212 4895/518/1211 4896/520/1213
f  4897/521/1214 4898/522/1215 4899/523/1216
f  4900/522/1215 4901/521/1214 4902/524/1217
f  4903/522/1215 4904/524/1217 4905/525/1218
f  4906/524/1217 4907/526/1219 4908/525/1218
f  4909/521/1214 4910/527/1220 4911/524/1217
f  4912/527/1220 4913/521/1214 4914/528/1221
f  4915/528/1221 4916/529/1222 4917/527/1220
f  4918/527/1220 4919/529/1222 4920/530/1223
f  4921/531/1224 4922/527/1220 4923/530/1223
f  4924/529/1222 4925/528/1221 4926/532/1225
f  4927/529/1222 4928/528/1221 4929/532/1225
f  4930/531/1224 4931/527/1220 4932/530/1223
f  4933/527/1220 4934/529/1222 4935/530/1223
f  4936/528/1221 4937/529/1222 4938/527/1220
f  4939/527/1220 4940/521/1214 4941/528/1221
f  4942/521/1214 4943/527/1220 4944/524/1217
f  4945/524/1217 4946/526/1219 4947/525/1218
f  4948/522/1215 4949/524/1217 4950/525/1218
f  4951/522/1215 4952/521/1214 4953/524/1217
f  4954/521/1214 4955/522/1215 4956/523/1216
f  4957/519/1212 4958/518/1211 4959/520/1213
f  4960/518/1211 4961/519/1212 4962/517/1210
f  4963/517/1210 4964/515/1208 4965/518/1211
f  4966/515/1208 4967/517/1210 4968/516/1209
f  4969/514/1207 4970/515/1208 4971/516/1209
f  4972/515/1208 4973/514/1207 4974/513/1206
f  4975/511/1204 4976/513/1206 4977/514/1207
f  4978/513/1206 4979/511/1204 4980/512/1205
f  4981/511/1204 4982/509/1202 4983/512/1205
f  4984/509/1202 4985/511/1204 4986/510/1203
f  4987/506/1199 4988/509/1202 4989/510/1203
f  4990/509/1202 4991/506/1199 4992/508/1201
f  4993/506/1199 4994/505/1198 4995/508/1201
f  4996/505/1198 4997/506/1199 4998/507/1200
f  4999/502/1730 5000/501/1730 5001/504/1731
f  5002/501/1730 5003/502/1730 5004/503/1196
f  5005/498/1732 5006/497/1732 5007/500/1733
f  5008/497/1732 5009/498/1732 5010/499/1734
f  5011/495/1735 5012/494/1736 5013/496/1737
f  5014/493/1188 5015/494/1736 5016/495/1735
f  5017/493/1188 5018/491/1186 5019/494/1736
f  5020/487/1182 5021/494/1736 5022/491/1186
f  5023/494/1736 5024/487/1182 5025/483/1738
f  5026/492/1187 5027/491/1186 5028/493/1188
f  5029/491/1186 5030/492/1187 5031/490/1185
f  5032/490/1185 5033/487/1182 5034/491/1186
f  5035/487/1182 5036/490/1185 5037/489/1184
f  5038/488/1183 5039/487/1182 5040/489/1184
f  5041/487/1182 5042/488/1183 5043/486/1181
f  5044/483/1738 5045/487/1182 5046/486/1181
f  5047/483/1738 5048/486/1181 5049/484/1739
f  5050/483/1738 5051/484/1739 5052/485/1740
f  5053/204/861 5054/205/862 5055/206/862
f  5056/207/863 5057/204/861 5058/206/862
f  5059/207/863 5060/208/864 5061/204/861
f  5062/209/865 5063/210/865 5064/211/866
f  5065/209/865 5066/211/866 5067/212/867
f  5068/211/866 5069/213/868 5070/212/867
f  5071/214/1741 5072/215/870 5073/216/870
f  5074/214/1741 5075/217/871 5076/215/870
f  5077/214/1741 5078/218/872 5079/217/871
f  5080/219/873 5081/220/1742 5082/221/875
f  5083/219/873 5084/222/1743 5085/220/1742
f  5086/222/1743 5087/223/1743 5088/220/1742
f  5089/224/1744 5090/225/1745 5091/226/878
f  5092/225/1745 5093/224/1744 5094/227/1746
f  5095/227/1746 5096/228/1747 5097/225/1745
f  5098/228/1747 5099/227/1746 5100/229/1748
f  5101/230/1749 5102/229/1748 5103/227/1746
f  5104/229/1748 5105/230/1749 5106/231/1750
f  5107/230/1749 5108/232/1751 5109/231/1750
f  5110/232/1751 5111/230/1749 5112/233/1752
f  5113/224/1744 5114/230/1749 5115/227/1746
f  5116/230/1749 5117/224/1744 5118/234/1753
f  5119/235/1754 5120/230/1749 5121/234/1753
f  5122/230/1749 5123/235/1754 5124/233/1752
f  5125/236/888 5126/237/888 5127/238/888
f  5128/237/888 5129/236/888 5130/239/888
f  5131/240/889 5132/241/889 5133/242/889
f  5134/241/889 5135/240/889 5136/243/889
f  5137/244/890 5138/245/890 5139/246/890
f  5140/245/890 5141/244/890 5142/247/890
f  5143/248/891 5144/249/892 5145/250/893
f  5146/249/892 5147/248/891 5148/251/894
f  5149/251/894 5150/252/895 5151/249/892
f  5152/252/895 5153/251/894 5154/253/896
f  5155/254/897 5156/252/895 5157/253/896
f  5158/252/895 5159/254/897 5160/255/898
f  5161/256/899 5162/253/896 5163/251/894
f  5164/253/896 5165/256/899 5166/257/900
f  5167/204/1755 5168/206/1756 5169/205/865
f  5170/207/1756 5171/206/1756 5172/204/1755
f  5173/207/1756 5174/204/1755 5175/208/865
f  5176/209/1757 5177/211/1758 5178/210/1759
f  5179/209/1757 5180/212/1760 5181/211/1758
f  5182/211/1758 5183/212/1760 5184/213/1760
f  5185/214/1761 5186/216/1762 5187/215/1762
f  5188/214/1761 5189/215/1762 5190/217/1763
f  5191/214/1761 5192/217/1763 5193/218/1764
f  5194/219/1765 5195/221/1766 5196/220/1767
f  5197/219/1765 5198/220/1767 5199/222/1768
f  5200/222/1768 5201/220/1767 5202/223/872
f  5203/224/1769 5204/226/1770 5205/225/1771
f  5206/225/1771 5207/227/1772 5208/224/1769
f  5209/227/1772 5210/225/1771 5211/228/1773
f  5212/228/1773 5213/229/1774 5214/227/1772
f  5215/230/1775 5216/227/1772 5217/229/1774
f  5218/229/1774 5219/231/1776 5220/230/1775
f  5221/230/1775 5222/231/1776 5223/232/1777
f  5224/232/1777 5225/233/1778 5226/230/1775
f  5227/224/1769 5228/227/1772 5229/230/1775
f  5230/230/1775 5231/234/1779 5232/224/1769
f  5233/235/1780 5234/234/1779 5235/230/1775
f  5236/230/1775 5237/233/1778 5238/235/1780
f  5239/236/888 5240/238/888 5241/237/888
f  5242/237/888 5243/239/888 5244/236/888
f  5245/240/890 5246/242/890 5247/241/890
f  5248/241/890 5249/243/890 5250/240/890
f  5251/244/889 5252/246/889 5253/245/889
f  5254/245/889 5255/247/889 5256/244/889
f  5257/248/1781 5258/250/1782 5259/249/1783
f  5260/249/1783 5261/251/1784 5262/248/1781
f  5263/251/1784 5264/249/1783 5265/252/1785
f  5266/252/1785 5267/253/1786 5268/251/1784
f  5269/254/1787 5270/253/1786 5271/252/1785
f  5272/252/1785 5273/255/1788 5274/254/1787
f  5275/256/1789 5276/251/1784 5277/253/1786
f  5278/253/1786 5279/257/1790 5280/256/1789
f  5281/204/1791 5282/206/1792 5283/205/862
f  5284/207/1792 5285/206/1792 5286/204/1791
f  5287/207/1792 5288/204/1791 5289/208/862
f  5290/209/1793 5291/211/1794 5292/210/1795
f  5293/209/1793 5294/212/1796 5295/211/1794
f  5296/211/1794 5297/212/1796 5298/213/1796
f  5299/214/1741 5300/216/1797 5301/215/1797
f  5302/214/1741 5303/215/1797 5304/217/1768
f  5305/214/1741 5306/217/1768 5307/218/872
f  5308/219/1798 5309/221/1799 5310/220/1742
f  5311/219/1798 5312/220/1742 5313/222/1800
f  5314/222/1800 5315/220/1742 5316/223/1801
f  5317/224/1802 5318/226/1803 5319/225/1804
f  5320/225/1804 5321/227/1746 5322/224/1802
f  5323/227/1746 5324/225/1804 5325/228/1805
f  5326/228/1805 5327/229/1806 5328/227/1746
f  5329/230/1749 5330/227/1746 5331/229/1806
f  5332/229/1806 5333/231/883 5334/230/1749
f  5335/230/1749 5336/231/883 5337/232/884
f  5338/232/884 5339/233/1807 5340/230/1749
f  5341/224/1802 5342/227/1746 5343/230/1749
f  5344/230/1749 5345/234/1808 5346/224/1802
f  5347/235/1809 5348/234/1808 5349/230/1749
f  5350/230/1749 5351/233/1807 5352/235/1809
f  5353/236/888 5354/238/888 5355/237/888
f  5356/237/888 5357/239/888 5358/236/888
f  5359/240/889 5360/242/889 5361/241/889
f  5362/241/889 5363/243/889 5364/240/889
f  5365/244/890 5366/246/890 5367/245/890
f  5368/245/890 5369/247/890 5370/244/890
f  5371/248/1810 5372/250/1811 5373/249/1812
f  5374/249/1812 5375/251/1813 5376/248/1810
f  5377/251/1813 5378/249/1812 5379/252/1814
f  5380/252/1814 5381/253/1815 5382/251/1813
f  5383/254/1816 5384/253/1815 5385/252/1814
f  5386/252/1814 5387/255/1817 5388/254/1816
f  5389/256/1818 5390/251/1813 5391/253/1815
f  5392/253/1815 5393/257/1819 5394/256/1818
f  5395/204/1755 5396/205/865 5397/206/1756
f  5398/207/1756 5399/204/1755 5400/206/1756
f  5401/207/1756 5402/208/865 5403/204/1755
f  5404/209/1757 5405/210/1759 5406/211/1758
f  5407/209/1757 5408/211/1758 5409/212/1760
f  5410/211/1758 5411/213/1760 5412/212/1760
f  5413/214/1761 5414/215/1820 5415/216/1820
f  5416/214/1761 5417/217/1821 5418/215/1820
f  5419/214/1761 5420/218/1799 5421/217/1821
f  5422/219/1822 5423/220/1767 5424/221/1823
f  5425/219/1822 5426/222/1824 5427/220/1767
f  5428/222/1824 5429/223/1825 5430/220/1767
f  5431/224/1826 5432/225/1827 5433/226/1828
f  5434/225/1827 5435/224/1826 5436/227/1772
f  5437/227/1772 5438/228/1829 5439/225/1827
f  5440/228/1829 5441/227/1772 5442/229/1830
f  5443/230/1775 5444/229/1830 5445/227/1772
f  5446/229/1830 5447/230/1775 5448/231/1831
f  5449/230/1775 5450/232/1832 5451/231/1831
f  5452/232/1832 5453/230/1775 5454/233/1833
f  5455/224/1826 5456/230/1775 5457/227/1772
f  5458/230/1775 5459/224/1826 5460/234/1834
f  5461/235/1835 5462/230/1775 5463/234/1834
f  5464/230/1775 5465/235/1835 5466/233/1833
f  5467/236/888 5468/237/888 5469/238/888
f  5470/237/888 5471/236/888 5472/239/888
f  5473/240/890 5474/241/890 5475/242/890
f  5476/241/890 5477/240/890 5478/243/890
f  5479/244/889 5480/245/889 5481/246/889
f  5482/245/889 5483/244/889 5484/247/889
f  5485/248/1836 5486/249/1837 5487/250/1838
f  5488/249/1837 5489/248/1836 5490/251/1839
f  5491/251/1839 5492/252/1840 5493/249/1837
f  5494/252/1840 5495/251/1839 5496/253/1841
f  5497/254/1842 5498/252/1840 5499/253/1841
f  5500/252/1840 5501/254/1842 5502/255/1843
f  5503/256/1844 5504/253/1841 5505/251/1839
f  5506/253/1841 5507/256/1844 5508/257/1845
f  5509/303/888 5510/304/888 5511/305/888
f  5512/304/888 5513/303/888 5514/306/888
f  5515/307/952 5516/308/952 5517/309/952
f  5518/308/952 5519/307/952 5520/310/952
f  5521/311/948 5522/312/948 5523/313/948
f  5524/312/948 5525/311/948 5526/314/948
f  5527/315/948 5528/316/948 5529/317/948
f  5530/316/948 5531/315/948 5532/318/948
f  5533/319/953 5534/320/953 5535/321/954
f  5536/320/953 5537/319/953 5538/322/955
f  5539/323/956 5540/324/956 5541/325/952
f  5542/324/956 5543/323/956 5544/326/957
f  5545/327/948 5546/328/948 5547/329/948
f  5548/328/948 5549/327/948 5550/330/948
f  5551/331/888 5552/332/888 5553/333/888
f  5554/332/888 5555/331/888 5556/334/888
f  5557/335/958 5558/336/958 5559/337/959
f  5560/336/958 5561/335/958 5562/338/960
f  5563/339/952 5564/340/952 5565/341/952
f  5566/340/952 5567/339/952 5568/342/952
f  5569/343/961 5570/344/961 5571/345/962
f  5572/344/961 5573/343/961 5574/346/963
f  5575/347/964 5576/348/964 5577/349/965
f  5578/348/964 5579/347/964 5580/350/966
f  5581/351/967 5582/352/967 5583/353/968
f  5584/352/967 5585/351/967 5586/354/969
f  5587/355/948 5588/356/948 5589/357/948
f  5590/356/948 5591/355/948 5592/358/948
f  5593/359/888 5594/360/888 5595/361/888
f  5596/360/888 5597/359/888 5598/362/888
f  5599/363/970 5600/364/970 5601/365/971
f  5602/364/970 5603/363/970 5604/366/972
f  5605/367/973 5606/368/973 5607/369/974
f  5608/368/973 5609/367/973 5610/370/955
f  5611/371/975 5612/372/975 5613/373/975
f  5614/372/975 5615/371/975 5616/374/975
f  5617/375/888 5618/376/888 5619/377/888
f  5620/376/888 5621/375/888 5622/378/888
f  5623/379/976 5624/380/976 5625/381/977
f  5626/380/976 5627/379/976 5628/382/966
f  5629/303/888 5630/305/888 5631/304/888
f  5632/304/888 5633/306/888 5634/303/888
f  5635/307/1846 5636/309/1847 5637/308/1846
f  5638/308/1846 5639/310/957 5640/307/1846
f  5641/311/948 5642/313/948 5643/312/948
f  5644/312/948 5645/314/948 5646/311/948
f  5647/315/948 5648/317/948 5649/316/948
f  5650/316/948 5651/318/948 5652/315/948
f  5653/319/976 5654/321/977 5655/320/976
f  5656/320/976 5657/322/966 5658/319/976
f  5659/323/957 5660/325/957 5661/324/957
f  5662/324/957 5663/326/957 5664/323/957
f  5665/327/948 5666/329/948 5667/328/948
f  5668/328/948 5669/330/948 5670/327/948
f  5671/331/888 5672/333/888 5673/332/888
f  5674/332/888 5675/334/888 5676/331/888
f  5677/335/1848 5678/337/968 5679/336/1848
f  5680/336/1848 5681/338/1849 5682/335/1848
f  5683/339/1850 5684/341/1850 5685/340/1850
f  5686/340/1850 5687/342/1850 5688/339/1850
f  5689/343/1851 5690/345/971 5691/344/1851
f  5692/344/1851 5693/346/1852 5694/343/1851
f  5695/347/973 5696/349/974 5697/348/973
f  5698/348/973 5699/350/955 5700/347/973
f  5701/351/1853 5702/353/959 5703/352/1853
f  5704/352/1853 5705/354/1854 5706/351/1853
f  5707/355/948 5708/357/948 5709/356/948
f  5710/356/948 5711/358/948 5712/355/948
f  5713/359/888 5714/361/888 5715/360/888
f  5716/360/888 5717/362/888 5718/359/888
f  5719/363/961 5720/365/962 5721/364/961
f  5722/364/961 5723/366/963 5724/363/961
f  5725/367/964 5726/369/965 5727/368/964
f  5728/368/964 5729/370/966 5730/367/964
f  5731/371/1855 5732/373/1855 5733/372/1855
f  5734/372/1855 5735/374/1855 5736/371/1855
f  5737/375/888 5738/377/888 5739/376/888
f  5740/376/888 5741/378/888 5742/375/888
f  5743/379/953 5744/381/954 5745/380/953
f  5746/380/953 5747/382/955 5748/379/953
f  5749/529/1222 5750/528/1221 5751/532/1225
f  5752/531/1224 5753/527/1220 5754/530/1223
f  5755/527/1220 5756/529/1222 5757/530/1223
f  5758/528/1221 5759/529/1222 5760/527/1220
f  5761/527/1220 5762/521/1214 5763/528/1221
f  5764/521/1214 5765/527/1220 5766/524/1217
f  5767/524/1217 5768/526/1219 5769/525/1218
f  5770/522/1215 5771/524/1217 5772/525/1218
f  5773/522/1215 5774/521/1214 5775/524/1217
f  5776/521/1214 5777/522/1215 5778/523/1216
f  5779/519/1212 5780/518/1211 5781/520/1213
f  5782/518/1211 5783/519/1212 5784/517/1210
f  5785/517/1210 5786/515/1208 5787/518/1211
f  5788/515/1208 5789/517/1210 5790/516/1209
f  5791/514/1207 5792/515/1208 5793/516/1209
f  5794/515/1208 5795/514/1207 5796/513/1206
f  5797/511/1204 5798/513/1206 5799/514/1207
f  5800/513/1206 5801/511/1204 5802/512/1205
f  5803/511/1204 5804/509/1202 5805/512/1205
f  5806/509/1202 5807/511/1204 5808/510/1203
f  5809/506/1199 5810/509/1202 5811/510/1203
f  5812/509/1202 5813/506/1199 5814/508/1201
f  5815/506/1199 5816/505/1198 5817/508/1201
f  5818/505/1198 5819/506/1199 5820/507/1200
f  5821/502/1730 5822/501/1730 5823/504/1731
f  5824/501/1730 5825/502/1730 5826/503/1196
f  5827/498/1732 5828/497/1732 5829/500/1733
f  5830/497/1732 5831/498/1732 5832/499/1734
f  5833/495/1735 5834/494/1736 5835/496/1737
f  5836/493/1188 5837/494/1736 5838/495/1735
f  5839/493/1188 5840/491/1186 5841/494/1736
f  5842/487/1182 5843/494/1736 5844/491/1186
f  5845/494/1736 5846/487/1182 5847/483/1738
f  5848/492/1187 5849/491/1186 5850/493/1188
f  5851/491/1186 5852/492/1187 5853/490/1185
f  5854/490/1185 5855/487/1182 5856/491/1186
f  5857/487/1182 5858/490/1185 5859/489/1184
f  5860/488/1183 5861/487/1182 5862/489/1184
f  5863/487/1182 5864/488/1183 5865/486/1181
f  5866/483/1738 5867/487/1182 5868/486/1181
f  5869/483/1738 5870/486/1181 5871/484/1739
f  5872/483/1738 5873/484/1739 5874/485/1740
f  5875/483/1178 5876/484/1179 5877/485/1180
f  5878/483/1178 5879/486/1181 5880/484/1179
f  5881/483/1178 5882/487/1182 5883/486/1181
f  5884/487/1182 5885/488/1183 5886/486/1181
f  5887/488/1183 5888/487/1182 5889/489/1184
f  5890/487/1182 5891/490/1185 5892/489/1184
f  5893/490/1185 5894/487/1182 5895/491/1186
f  5896/491/1186 5897/492/1187 5898/490/1185
f  5899/492/1187 5900/491/1186 5901/493/1188
f  5902/494/1189 5903/487/1182 5904/483/1178
f  5905/487/1182 5906/494/1189 5907/491/1186
f  5908/493/1188 5909/491/1186 5910/494/1189
f  5911/493/1188 5912/494/1189 5913/495/1190
f  5914/495/1190 5915/494/1189 5916/496/1191
f  5917/497/1192 5918/498/1192 5919/499/1193
f  5920/498/1192 5921/497/1192 5922/500/1194
f  5923/501/1195 5924/502/1195 5925/503/1196
f  5926/502/1195 5927/501/1195 5928/504/1197
f  5929/505/1198 5930/506/1199 5931/507/1200
f  5932/506/1199 5933/505/1198 5934/508/1201
f  5935/509/1202 5936/506/1199 5937/508/1201
f  5938/506/1199 5939/509/1202 5940/510/1203
f  5941/509/1202 5942/511/1204 5943/510/1203
f  5944/511/1204 5945/509/1202 5946/512/1205
f  5947/513/1206 5948/511/1204 5949/512/1205
f  5950/511/1204 5951/513/1206 5952/514/1207
f  5953/515/1208 5954/514/1207 5955/513/1206
f  5956/514/1207 5957/515/1208 5958/516/1209
f  5959/515/1208 5960/517/1210 5961/516/1209
f  5962/517/1210 5963/515/1208 5964/518/1211
f  5965/518/1211 5966/519/1212 5967/517/1210
f  5968/519/1212 5969/518/1211 5970/520/1213
f  5971/521/1214 5972/522/1215 5973/523/1216
f  5974/522/1215 5975/521/1214 5976/524/1217
f  5977/522/1215 5978/524/1217 5979/525/1218
f  5980/524/1217 5981/526/1219 5982/525/1218
f  5983/521/1214 5984/527/1220 5985/524/1217
f  5986/527/1220 5987/521/1214 5988/528/1221
f  5989/528/1221 5990/529/1222 5991/527/1220
f  5992/527/1220 5993/529/1222 5994/530/1223
f  5995/531/1224 5996/527/1220 5997/530/1223
f  5998/529/1222 5999/528/1221 6000/532/1225
f  6001/529/1222 6002/528/1221 6003/532/1225
f  6004/531/1224 6005/527/1220 6006/530/1223
f  6007/527/1220 6008/529/1222 6009/530/1223
f  6010/528/1221 6011/529/1222 6012/527/1220
f  6013/527/1220 6014/521/1214 6015/528/1221
f  6016/521/1214 6017/527/1220 6018/524/1217
f  6019/524/1217 6020/526/1219 6021/525/1218
f  6022/522/1215 6023/524/1217 6024/525/1218
f  6025/522/1215 6026/521/1214 6027/524/1217
f  6028/521/1214 6029/522/1215 6030/523/1216
f  6031/519/1212 6032/518/1211 6033/520/1213
f  6034/518/1211 6035/519/1212 6036/517/1210
f  6037/517/1210 6038/515/1208 6039/518/1211
f  6040/515/1208 6041/517/1210 6042/516/1209
f  6043/514/1207 6044/515/1208 6045/516/1209
f  6046/515/1208 6047/514/1207 6048/513/1206
f  6049/511/1204 6050/513/1206 6051/514/1207
f  6052/513/1206 6053/511/1204 6054/512/1205
f  6055/511/1204 6056/509/1202 6057/512/1205
f  6058/509/1202 6059/511/1204 6060/510/1203
f  6061/506/1199 6062/509/1202 6063/510/1203
f  6064/509/1202 6065/506/1199 6066/508/1201
f  6067/506/1199 6068/505/1198 6069/508/1201
f  6070/505/1198 6071/506/1199 6072/507/1200
f  6073/502/1856 6074/501/1856 6075/504/1857
f  6076/501/1856 6077/502/1856 6078/503/1858
f  6079/498/1732 6080/497/1732 6081/500/1733
f  6082/497/1732 6083/498/1732 6084/499/1734
f  6085/495/1735 6086/494/1736 6087/496/1737
f  6088/493/1188 6089/494/1736 6090/495/1735
f  6091/493/1188 6092/491/1186 6093/494/1736
f  6094/487/1182 6095/494/1736 6096/491/1186
f  6097/494/1736 6098/487/1182 6099/483/1738
f  6100/492/1187 6101/491/1186 6102/493/1188
f  6103/491/1186 6104/492/1187 6105/490/1185
f  6106/490/1185 6107/487/1182 6108/491/1186
f  6109/487/1182 6110/490/1185 6111/489/1184
f  6112/488/1183 6113/487/1182 6114/489/1184
f  6115/487/1182 6116/488/1183 6117/486/1181
f  6118/483/1738 6119/487/1182 6120/486/1181
f  6121/483/1738 6122/486/1181 6123/484/1739
f  6124/483/1738 6125/484/1739 6126/485/1740
f  6127/529/1222 6128/528/1221 6129/532/1225
f  6130/531/1224 6131/527/1220 6132/530/1223
f  6133/527/1220 6134/529/1222 6135/530/1223
f  6136/528/1221 6137/529/1222 6138/527/1220
f  6139/527/1220 6140/521/1214 6141/528/1221
f  6142/521/1214 6143/527/1220 6144/524/1217
f  6145/524/1217 6146/526/1219 6147/525/1218
f  6148/522/1215 6149/524/1217 6150/525/1218
f  6151/522/1215 6152/521/1214 6153/524/1217
f  6154/521/1214 6155/522/1215 6156/523/1216
f  6157/519/1212 6158/518/1211 6159/520/1213
f  6160/518/1211 6161/519/1212 6162/517/1210
f  6163/517/1210 6164/515/1208 6165/518/1211
f  6166/515/1208 6167/517/1210 6168/516/1209
f  6169/514/1207 6170/515/1208 6171/516/1209
f  6172/515/1208 6173/514/1207 6174/513/1206
f  6175/511/1204 6176/513/1206 6177/514/1207
f  6178/513/1206 6179/511/1204 6180/512/1205
f  6181/511/1204 6182/509/1202 6183/512/1205
f  6184/509/1202 6185/511/1204 6186/510/1203
f  6187/506/1199 6188/509/1202 6189/510/1203
f  6190/509/1202 6191/506/1199 6192/508/1201
f  6193/506/1199 6194/505/1198 6195/508/1201
f  6196/505/1198 6197/506/1199 6198/507/1200
f  6199/502/1730 6200/501/1730 6201/504/1731
f  6202/501/1730 6203/502/1730 6204/503/1196
f  6205/498/1732 6206/497/1732 6207/500/1733
f  6208/497/1732 6209/498/1732 6210/499/1734
f  6211/495/1735 6212/494/1736 6213/496/1737
f  6214/493/1188 6215/494/1736 6216/495/1735
f  6217/493/1188 6218/491/1186 6219/494/1736
f  6220/487/1182 6221/494/1736 6222/491/1186
f  6223/494/1736 6224/487/1182 6225/483/1738
f  6226/492/1187 6227/491/1186 6228/493/1188
f  6229/491/1186 6230/492/1187 6231/490/1185
f  6232/490/1185 6233/487/1182 6234/491/1186
f  6235/487/1182 6236/490/1185 6237/489/1184
f  6238/488/1183 6239/487/1182 6240/489/1184
f  6241/487/1182 6242/488/1183 6243/486/1181
f  6244/483/1738 6245/487/1182 6246/486/1181
f  6247/483/1738 6248/486/1181 6249/484/1739
f  6250/483/1738 6251/484/1739 6252/485/1740
f  6253/483/1178 6254/484/1179 6255/485/1180
f  6256/483/1178 6257/486/1181 6258/484/1179
f  6259/483/1178 6260/487/1182 6261/486/1181
f  6262/487/1182 6263/488/1183 6264/486/1181
f  6265/488/1183 6266/487/1182 6267/489/1184
f  6268/487/1182 6269/490/1185 6270/489/1184
f  6271/490/1185 6272/487/1182 6273/491/1186
f  6274/491/1186 6275/492/1187 6276/490/1185
f  6277/492/1187 6278/491/1186 6279/493/1188
f  6280/494/1189 6281/487/1182 6282/483/1178
f  6283/487/1182 6284/494/1189 6285/491/1186
f  6286/493/1188 6287/491/1186 6288/494/1189
f  6289/493/1188 6290/494/1189 6291/495/1190
f  6292/495/1190 6293/494/1189 6294/496/1191
f  6295/497/1192 6296/498/1192 6297/499/1193
f  6298/498/1192 6299/497/1192 6300/500/1194
f  6301/501/1195 6302/502/1195 6303/503/1196
f  6304/502/1195 6305/501/1195 6306/504/1197
f  6307/505/1198 6308/506/1199 6309/507/1200
f  6310/506/1199 6311/505/1198 6312/508/1201
f  6313/509/1202 6314/506/1199 6315/508/1201
f  6316/506/1199 6317/509/1202 6318/510/1203
f  6319/509/1202 6320/511/1204 6321/510/1203
f  6322/511/1204 6323/509/1202 6324/512/1205
f  6325/513/1206 6326/511/1204 6327/512/1205
f  6328/511/1204 6329/513/1206 6330/514/1207
f  6331/515/1208 6332/514/1207 6333/513/1206
f  6334/514/1207 6335/515/1208 6336/516/1209
f  6337/515/1208 6338/517/1210 6339/516/1209
f  6340/517/1210 6341/515/1208 6342/518/1211
f  6343/518/1211 6344/519/1212 6345/517/1210
f  6346/519/1212 6347/518/1211 6348/520/1213
f  6349/521/1214 6350/522/1215 6351/523/1216
f  6352/522/1215 6353/521/1214 6354/524/1217
f  6355/522/1215 6356/524/1217 6357/525/1218
f  6358/524/1217 6359/526/1219 6360/525/1218
f  6361/521/1214 6362/527/1220 6363/524/1217
f  6364/527/1220 6365/521/1214 6366/528/1221
f  6367/528/1221 6368/529/1222 6369/527/1220
f  6370/527/1220 6371/529/1222 6372/530/1223
f  6373/531/1224 6374/527/1220 6375/530/1223
f  6376/529/1222 6377/528/1221 6378/532/1225
f  6379/529/1222 6380/528/1221 6381/532/1225
f  6382/531/1224 6383/527/1220 6384/530/1223
f  6385/527/1220 6386/529/1222 6387/530/1223
f  6388/528/1221 6389/529/1222 6390/527/1220
f  6391/527/1220 6392/521/1214 6393/528/1221
f  6394/521/1214 6395/527/1220 6396/524/1217
f  6397/524/1217 6398/526/1219 6399/525/1218
f  6400/522/1215 6401/524/1217 6402/525/1218
f  6403/522/1215 6404/521/1214 6405/524/1217
f  6406/521/1214 6407/522/1215 6408/523/1216
f  6409/519/1212 6410/518/1211 6411/520/1213
f  6412/518/1211 6413/519/1212 6414/517/1210
f  6415/517/1210 6416/515/1208 6417/518/1211
f  6418/515/1208 6419/517/1210 6420/516/1209
f  6421/514/1207 6422/515/1208 6423/516/1209
f  6424/515/1208 6425/514/1207 6426/513/1206
f  6427/511/1204 6428/513/1206 6429/514/1207
f  6430/513/1206 6431/511/1204 6432/512/1205
f  6433/511/1204 6434/509/1202 6435/512/1205
f  6436/509/1202 6437/511/1204 6438/510/1203
f  6439/506/1199 6440/509/1202 6441/510/1203
f  6442/509/1202 6443/506/1199 6444/508/1201
f  6445/506/1199 6446/505/1198 6447/508/1201
f  6448/505/1198 6449/506/1199 6450/507/1200
f  6451/502/1730 6452/501/1730 6453/504/1731
f  6454/501/1730 6455/502/1730 6456/503/1196
f  6457/498/1732 6458/497/1732 6459/500/1733
f  6460/497/1732 6461/498/1732 6462/499/1734
f  6463/495/1735 6464/494/1736 6465/496/1737
f  6466/493/1188 6467/494/1736 6468/495/1735
f  6469/493/1188 6470/491/1186 6471/494/1736
f  6472/487/1182 6473/494/1736 6474/491/1186
f  6475/494/1736 6476/487/1182 6477/483/1738
f  6478/492/1187 6479/491/1186 6480/493/1188
f  6481/491/1186 6482/492/1187 6483/490/1185
f  6484/490/1185 6485/487/1182 6486/491/1186
f  6487/487/1182 6488/490/1185 6489/489/1184
f  6490/488/1183 6491/487/1182 6492/489/1184
f  6493/487/1182 6494/488/1183 6495/486/1181
f  6496/483/1738 6497/487/1182 6498/486/1181
f  6499/483/1738 6500/486/1181 6501/484/1739
f  6502/483/1738 6503/484/1739 6504/485/1740
f  6505/204/1859 6506/205/1860 6507/206/1860
f  6508/207/1861 6509/204/1859 6510/206/1860
f  6511/207/1861 6512/208/1862 6513/204/1859
f  6514/209/1863 6515/210/1863 6516/211/1864
f  6517/209/1863 6518/211/1864 6519/212/1865
f  6520/211/1864 6521/213/1866 6522/212/1865
f  6523/214/1867 6524/215/1868 6525/216/1869
f  6526/214/1867 6527/217/1870 6528/215/1868
f  6529/214/1867 6530/218/1871 6531/217/1870
f  6532/219/1872 6533/220/1873 6534/221/1874
f  6535/219/1872 6536/222/1875 6537/220/1873
f  6538/222/1875 6539/223/1876 6540/220/1873
f  6541/224/1877 6542/225/1878 6543/226/1879
f  6544/225/1878 6545/224/1877 6546/227/1880
f  6547/227/1880 6548/228/1881 6549/225/1878
f  6550/228/1881 6551/227/1880 6552/229/1882
f  6553/230/1883 6554/229/1882 6555/227/1880
f  6556/229/1882 6557/230/1883 6558/231/1884
f  6559/230/1883 6560/232/1885 6561/231/1884
f  6562/232/1885 6563/230/1883 6564/233/1886
f  6565/224/1877 6566/230/1883 6567/227/1880
f  6568/230/1883 6569/224/1877 6570/234/1887
f  6571/235/1888 6572/230/1883 6573/234/1887
f  6574/230/1883 6575/235/1888 6576/233/1886
f  6577/236/1889 6578/237/1889 6579/238/1889
f  6580/237/1889 6581/236/1889 6582/239/1889
f  6583/240/1890 6584/241/1890 6585/242/1890
f  6586/241/1890 6587/240/1890 6588/243/1890
f  6589/244/1891 6590/245/1891 6591/246/1891
f  6592/245/1891 6593/244/1891 6594/247/1891
f  6595/248/1892 6596/249/1893 6597/250/1894
f  6598/249/1893 6599/248/1892 6600/251/1895
f  6601/251/1895 6602/252/1896 6603/249/1893
f  6604/252/1896 6605/251/1895 6606/253/1897
f  6607/254/1898 6608/252/1896 6609/253/1897
f  6610/252/1896 6611/254/1898 6612/255/1899
f  6613/256/1900 6614/253/1897 6615/251/1895
f  6616/253/1897 6617/256/1900 6618/257/1901
f  6619/204/1902 6620/206/1903 6621/205/1903
f  6622/207/1904 6623/206/1903 6624/204/1902
f  6625/207/1904 6626/204/1902 6627/208/1905
f  6628/209/1906 6629/211/1907 6630/210/1906
f  6631/209/1906 6632/212/1908 6633/211/1907
f  6634/211/1907 6635/212/1908 6636/213/1909
f  6637/214/1910 6638/216/1911 6639/215/1912
f  6640/214/1910 6641/215/1912 6642/217/1913
f  6643/214/1910 6644/217/1913 6645/218/1913
f  6646/219/1914 6647/221/1915 6648/220/1916
f  6649/219/1914 6650/220/1916 6651/222/1917
f  6652/222/1917 6653/220/1916 6654/223/1918
f  6655/224/1919 6656/226/1920 6657/225/1921
f  6658/225/1921 6659/227/1922 6660/224/1919
f  6661/227/1922 6662/225/1921 6663/228/1923
f  6664/228/1923 6665/229/1924 6666/227/1922
f  6667/230/1925 6668/227/1922 6669/229/1924
f  6670/229/1924 6671/231/1926 6672/230/1925
f  6673/230/1925 6674/231/1926 6675/232/1927
f  6676/232/1927 6677/233/1928 6678/230/1925
f  6679/224/1919 6680/227/1922 6681/230/1925
f  6682/230/1925 6683/234/1929 6684/224/1919
f  6685/235/1930 6686/234/1929 6687/230/1925
f  6688/230/1925 6689/233/1928 6690/235/1930
f  6691/236/1931 6692/238/1931 6693/237/1931
f  6694/237/1931 6695/239/1931 6696/236/1931
f  6697/240/1932 6698/242/1932 6699/241/1932
f  6700/241/1932 6701/243/1932 6702/240/1932
f  6703/244/1933 6704/246/1933 6705/245/1933
f  6706/245/1933 6707/247/1933 6708/244/1933
f  6709/248/1934 6710/250/1935 6711/249/1936
f  6712/249/1936 6713/251/1937 6714/248/1934
f  6715/251/1937 6716/249/1936 6717/252/1938
f  6718/252/1938 6719/253/1939 6720/251/1937
f  6721/254/1940 6722/253/1939 6723/252/1938
f  6724/252/1938 6725/255/1941 6726/254/1940
f  6727/256/1942 6728/251/1937 6729/253/1939
f  6730/253/1939 6731/257/1943 6732/256/1942
f  6733/31/1944 6734/32/1944 6735/33/1944
f  6736/34/1944 6737/32/1944 6738/31/1944
f  6739/34/1944 6740/35/1944 6741/32/1944
f  6742/36/1945 6743/37/1945 6744/38/1945
f  6745/38/1945 6746/37/1945 6747/39/1945
f  6748/39/1945 6749/40/1945 6750/38/1945
f  6751/31/1286 6752/32/1946 6753/33/1286
f  6754/34/1947 6755/32/1946 6756/31/1286
f  6757/34/1947 6758/35/1944 6759/32/1946
f  6760/36/1288 6761/37/1288 6762/38/1948
f  6763/38/1948 6764/37/1288 6765/39/1289
f  6766/39/1289 6767/40/1287 6768/38/1948
f  6769/31/1949 6770/32/1949 6771/33/1949
f  6772/34/1949 6773/32/1949 6774/31/1949
f  6775/34/1949 6776/35/1949 6777/32/1949
f  6778/36/1287 6779/37/1287 6780/38/1287
f  6781/38/1287 6782/37/1287 6783/39/1287
f  6784/39/1287 6785/40/1287 6786/38/1287
f  6787/41/1950 6788/42/1951 6789/43/1293
f  6790/42/1951 6791/41/1950 6792/44/1952
f  6793/41/1950 6794/45/1953 6795/44/1952
f  6796/45/1953 6797/41/1950 6798/46/1296
f  6799/46/1296 6800/47/1297 6801/45/1953
f  6802/47/1297 6803/46/1296 6804/48/1298
f  6805/41/1954 6806/42/1955 6807/43/1305
f  6808/42/1955 6809/41/1954 6810/44/1952
f  6811/41/1954 6812/45/1953 6813/44/1952
f  6814/45/1953 6815/41/1954 6816/46/1296
f  6817/46/1296 6818/47/1297 6819/45/1953
f  6820/47/1297 6821/46/1296 6822/48/1298
f  6823/41/1956 6824/42/1957 6825/43/1958
f  6826/42/1957 6827/41/1956 6828/44/1959
f  6829/41/1956 6830/45/1960 6831/44/1959
f  6832/45/1960 6833/41/1956 6834/46/1961
f  6835/46/1961 6836/47/1297 6837/45/1960
f  6838/47/1297 6839/46/1961 6840/48/1298
f  6841/31/1962 6842/33/1963 6843/32/1964
f  6844/34/1965 6845/31/1962 6846/32/1964
f  6847/34/1965 6848/32/1964 6849/35/1312
f  6850/36/1313 6851/38/1966 6852/37/1315
f  6853/38/1966 6854/39/1967 6855/37/1315
f  6856/39/1967 6857/38/1966 6858/40/1968
f  6859/31/1969 6860/33/1970 6861/32/1971
f  6862/34/1321 6863/31/1969 6864/32/1971
f  6865/34/1321 6866/32/1971 6867/35/1322
f  6868/36/1323 6869/38/1324 6870/37/1325
f  6871/38/1324 6872/39/1326 6873/37/1325
f  6874/39/1326 6875/38/1324 6876/40/1327
f  6877/31/1318 6878/33/1319 6879/32/1320
f  6880/34/1321 6881/31/1318 6882/32/1320
f  6883/34/1321 6884/32/1320 6885/35/1322
f  6886/36/1972 6887/38/1973 6888/37/1974
f  6889/38/1973 6890/39/1975 6891/37/1974
f  6892/39/1975 6893/38/1973 6894/40/1976
f  6895/41/1977 6896/43/1978 6897/42/1979
f  6898/42/1979 6899/44/1980 6900/41/1977
f  6901/41/1977 6902/44/1980 6903/45/1981
f  6904/45/1981 6905/46/1982 6906/41/1977
f  6907/46/1982 6908/45/1981 6909/47/1339
f  6910/47/1339 6911/48/1340 6912/46/1982
f  6913/41/1341 6914/43/1342 6915/42/1343
f  6916/42/1343 6917/44/1344 6918/41/1341
f  6919/41/1341 6920/44/1344 6921/45/1345
f  6922/45/1345 6923/46/1346 6924/41/1341
f  6925/46/1346 6926/45/1345 6927/47/1347
f  6928/47/1347 6929/48/1348 6930/46/1346
f  6931/41/1983 6932/43/1984 6933/42/1985
f  6934/42/1985 6935/44/1986 6936/41/1983
f  6937/41/1983 6938/44/1986 6939/45/1987
f  6940/45/1987 6941/46/1988 6942/41/1983
f  6943/46/1988 6944/45/1987 6945/47/1355
f  6946/47/1355 6947/48/1356 6948/46/1988
f  6949/49/1357 6950/50/1357 6951/51/1357
f  6952/50/1357 6953/49/1357 6954/52/1357
f  6955/53/1357 6956/52/1357 6957/49/1357
f  6958/52/1357 6959/53/1357 6960/54/1357
f  6961/55/1989 6962/56/1990 6963/57/1991
f  6964/56/1990 6965/55/1989 6966/58/1992
f  6967/59/1993 6968/58/1992 6969/55/1989
f  6970/58/1992 6971/59/1993 6972/60/1994
f  6973/61/985 6974/62/985 6975/63/985
f  6976/62/985 6977/61/985 6978/64/985
f  6979/64/985 6980/65/985 6981/62/985
f  6982/65/985 6983/64/985 6984/66/985
f  6985/67/1364 6986/68/1995 6987/69/1366
f  6988/68/1995 6989/67/1364 6990/70/1367
f  6991/71/1996 6992/68/1995 6993/70/1367
f  6994/68/1995 6995/71/1996 6996/72/1997
f  6997/73/1370 6998/70/1367 6999/67/1364
f  7000/70/1367 7001/73/1370 7002/74/1371
f  7003/75/1372 7004/70/1367 7005/74/1371
f  7006/70/1367 7007/75/1372 7008/71/1996
f  7009/76/1998 7010/77/1999 7011/78/2000
f  7012/77/1999 7013/76/1998 7014/79/2001
f  7015/79/2001 7016/76/1998 7017/80/1377
f  7018/79/2001 7019/80/1377 7020/81/1378
f  7021/82/1378 7022/79/2001 7023/81/1378
f  7024/83/2002 7025/84/2002 7026/85/2003
f  7027/84/2002 7028/83/2002 7029/86/1381
f  7030/87/2004 7031/88/2005 7032/89/2006
f  7033/88/2005 7034/87/2004 7035/90/2007
f  7036/87/2004 7037/91/1386 7038/90/2007
f  7039/91/1386 7040/87/2004 7041/92/1387
f  7042/92/1387 7043/93/1388 7044/91/1386
f  7045/93/1388 7046/92/1387 7047/94/1389
f  7048/95/1390 7049/93/1388 7050/94/1389
f  7051/93/1388 7052/95/1390 7053/96/1391
f  7054/97/1392 7055/98/1393 7056/99/1394
f  7057/98/1393 7058/97/1392 7059/100/1395
f  7060/101/1396 7061/100/1395 7062/97/1392
f  7063/100/1395 7064/101/1396 7065/102/1397
f  7066/103/1398 7067/102/1397 7068/101/1396
f  7069/102/1397 7070/103/1398 7071/104/1399
f  7072/103/1398 7073/105/1400 7074/104/1399
f  7075/105/1400 7076/103/1398 7077/106/1401
f  7078/106/1401 7079/107/1402 7080/105/1400
f  7081/107/1402 7082/106/1401 7083/108/1403
f  7084/108/1403 7085/109/1404 7086/107/1402
f  7087/109/1404 7088/108/1403 7089/110/1405
f  7090/111/1406 7091/109/1404 7092/110/1405
f  7093/109/1404 7094/111/1406 7095/112/1407
f  7096/113/1408 7097/114/1409 7098/115/1410
f  7099/114/1409 7100/113/1408 7101/116/1411
f  7102/117/1412 7103/116/1411 7104/113/1408
f  7105/116/1411 7106/117/1412 7107/118/1413
f  7108/119/1414 7109/118/1413 7110/117/1412
f  7111/118/1413 7112/119/1414 7113/120/1415
f  7114/119/1414 7115/121/1416 7116/120/1415
f  7117/121/1416 7118/119/1414 7119/122/1416
f  7120/98/1393 7121/97/1392 7122/99/1394
f  7123/97/1392 7124/98/1393 7125/100/1395
f  7126/100/1395 7127/101/1396 7128/97/1392
f  7129/101/1396 7130/100/1395 7131/102/1397
f  7132/102/1397 7133/103/1398 7134/101/1396
f  7135/103/1398 7136/102/1397 7137/104/1399
f  7138/105/1400 7139/103/1398 7140/104/1399
f  7141/103/1398 7142/105/1400 7143/106/1401
f  7144/107/1402 7145/106/1401 7146/105/1400
f  7147/106/1401 7148/107/1402 7149/108/1403
f  7150/109/1404 7151/108/1403 7152/107/1402
f  7153/108/1403 7154/109/1404 7155/110/1405
f  7156/109/1404 7157/111/1406 7158/110/1405
f  7159/111/1406 7160/109/1404 7161/112/1407
f  7162/114/1417 7163/113/1418 7164/115/1419
f  7165/113/1418 7166/114/1417 7167/116/1420
f  7168/116/1420 7169/117/1421 7170/113/1418
f  7171/117/1421 7172/116/1420 7173/118/1422
f  7174/120/1423 7175/117/1421 7176/118/1422
f  7177/117/1421 7178/120/1423 7179/119/1424
f  7180/121/1425 7181/119/1424 7182/120/1423
f  7183/119/1424 7184/121/1425 7185/122/1425
f  7186/123/1426 7187/124/1426 7188/125/1428
f  7189/124/1426 7190/123/1426 7191/126/2008
f  7192/129/1436 7193/130/1436 7194/131/1437
f  7195/130/1436 7196/129/1436 7197/132/2009
f  7198/135/1445 7199/136/1445 7200/137/1446
f  7201/136/1445 7202/135/1445 7203/138/2010
f  7204/141/888 7205/142/888 7206/143/888
f  7207/142/888 7208/141/888 7209/144/888
f  7210/77/1454 7211/76/1455 7212/78/1456
f  7213/76/1455 7214/77/1454 7215/79/1457
f  7216/76/1455 7217/79/1457 7218/80/1458
f  7219/80/1458 7220/79/1457 7221/81/1459
f  7222/79/1457 7223/82/1459 7224/81/1459
f  7225/95/1460 7226/93/1461 7227/96/1462
f  7228/93/1461 7229/95/1460 7230/94/1463
f  7231/92/1387 7232/93/1461 7233/94/1463
f  7234/93/1461 7235/92/1387 7236/91/1386
f  7237/87/2011 7238/91/1386 7239/92/1387
f  7240/91/1386 7241/87/2011 7242/90/2012
f  7243/87/2011 7244/88/2013 7245/90/2012
f  7246/88/2013 7247/87/2011 7248/89/2014
f  7249/84/1468 7250/83/1468 7251/85/1469
f  7252/83/1468 7253/84/1468 7254/86/1470
f  7255/77/1471 7256/78/1472 7257/76/1473
f  7258/76/1473 7259/79/1474 7260/77/1471
f  7261/76/1473 7262/80/1475 7263/79/1474
f  7264/80/1475 7265/81/1476 7266/79/1474
f  7267/79/1474 7268/81/1476 7269/82/1476
f  7270/95/2015 7271/96/2016 7272/93/2017
f  7273/93/2017 7274/94/2018 7275/95/2015
f  7276/92/1481 7277/94/2018 7278/93/2017
f  7279/93/2017 7280/91/1482 7281/92/1481
f  7282/87/2019 7283/92/1481 7284/91/1482
f  7285/91/1482 7286/90/2020 7287/87/2019
f  7288/87/2019 7289/90/2020 7290/88/2021
f  7291/88/2021 7292/89/2022 7293/87/2019
f  7294/84/2023 7295/85/2024 7296/83/2023
f  7297/83/2023 7298/86/1489 7299/84/2023
f  7300/145/1490 7301/146/1491 7302/147/1492
f  7303/146/1491 7304/145/1490 7305/148/1493
f  7306/149/1494 7307/148/1493 7308/145/1490
f  7309/150/1495 7310/149/1494 7311/145/1490
f  7312/149/1494 7313/150/1495 7314/151/1496
f  7315/150/1495 7316/152/1497 7317/151/1496
f  7318/150/1495 7319/153/1498 7320/152/1497
f  7321/154/1499 7322/145/1490 7323/147/1492
f  7324/145/1490 7325/154/1499 7326/155/1500
f  7327/145/1490 7328/155/1500 7329/156/1501
f  7330/156/1501 7331/150/1495 7332/145/1490
f  7333/150/1495 7334/156/1501 7335/157/1502
f  7336/158/1503 7337/150/1495 7338/157/1502
f  7339/150/1495 7340/158/1503 7341/159/1504
f  7342/153/1498 7343/150/1495 7344/159/1504
f  7345/160/1505 7346/161/1506 7347/162/1507
f  7348/161/1506 7349/160/1505 7350/163/2025
f  7351/164/2026 7352/163/2025 7353/160/1505
f  7354/163/2025 7355/164/2026 7356/165/2027
f  7357/166/1511 7358/167/1512 7359/168/1513
f  7360/167/1512 7361/166/1511 7362/169/1514
f  7363/169/1514 7364/170/1515 7365/167/1512
f  7366/170/1515 7367/169/1514 7368/171/1516
f  7369/172/2028 7370/173/2029 7371/174/2030
f  7372/173/2029 7373/172/2028 7374/175/2031
f  7375/175/2031 7376/176/2032 7377/173/2029
f  7378/176/2032 7379/175/2031 7380/177/888
f  7381/178/1522 7382/176/2032 7383/177/888
f  7384/176/2032 7385/178/1522 7386/179/1523
f  7387/180/1524 7388/179/1523 7389/178/1522
f  7390/179/1523 7391/180/1524 7392/181/1525
f  7393/182/2033 7394/183/2034 7395/184/2035
f  7396/183/2034 7397/182/2033 7398/185/2036
f  7399/185/2036 7400/186/2037 7401/183/2034
f  7402/186/2037 7403/185/2036 7404/187/2038
f  7405/188/1531 7406/189/1532 7407/190/1533
f  7408/189/1532 7409/188/1531 7410/191/2039
f  7411/192/2040 7412/189/1532 7413/191/2039
f  7414/192/2040 7415/193/1536 7416/189/1532
f  7417/194/1537 7418/189/1532 7419/193/1536
f  7420/189/1532 7421/194/1537 7422/190/1533
f  7423/192/2040 7424/191/2039 7425/195/2041
f  7426/196/2042 7427/192/2040 7428/195/2041
f  7429/197/2043 7430/196/2042 7431/195/2041
f  7432/195/2041 7433/198/2044 7434/197/2043
f  7435/199/1542 7436/197/2043 7437/198/2044
f  7438/200/1543 7439/197/2043 7440/199/1542
f  7441/199/1542 7442/201/1544 7443/200/1543
f  7444/201/1544 7445/199/1542 7446/202/1545
f  7447/199/1542 7448/203/1546 7449/202/1545
f  7450/203/1546 7451/199/1542 7452/198/2044
f  7453/31/2045 7454/33/2046 7455/32/2047
f  7456/34/2045 7457/31/2045 7458/32/2047
f  7459/34/2045 7460/32/2047 7461/35/2046
f  7462/36/2048 7463/38/2049 7464/37/2050
f  7465/38/2049 7466/39/2051 7467/37/2050
f  7468/39/2051 7469/38/2049 7470/40/2051
f  7471/31/2052 7472/33/2053 7473/32/2054
f  7474/34/2055 7475/31/2052 7476/32/2054
f  7477/34/2055 7478/32/2054 7479/35/2046
f  7480/36/2056 7481/38/2057 7482/37/2058
f  7483/38/2057 7484/39/2059 7485/37/2058
f  7486/39/2059 7487/38/2057 7488/40/2048
f  7489/31/2060 7490/33/2061 7491/32/2062
f  7492/34/2063 7493/31/2060 7494/32/2062
f  7495/34/2063 7496/32/2062 7497/35/2064
f  7498/36/2051 7499/38/2049 7500/37/2051
f  7501/38/2049 7502/39/2050 7503/37/2051
f  7504/39/2050 7505/38/2049 7506/40/2048
f  7507/41/2065 7508/43/2066 7509/42/2067
f  7510/42/2067 7511/44/2068 7512/41/2065
f  7513/41/2065 7514/44/2068 7515/45/2069
f  7516/45/2069 7517/46/2070 7518/41/2065
f  7519/46/2070 7520/45/2069 7521/47/2071
f  7522/47/2071 7523/48/2072 7524/46/2070
f  7525/41/2073 7526/43/2074 7527/42/2075
f  7528/42/2075 7529/44/2076 7530/41/2073
f  7531/41/2073 7532/44/2076 7533/45/2077
f  7534/45/2077 7535/46/2078 7536/41/2073
f  7537/46/2078 7538/45/2077 7539/47/2071
f  7540/47/2071 7541/48/2072 7542/46/2078
f  7543/41/2079 7544/43/2080 7545/42/2081
f  7546/42/2081 7547/44/2082 7548/41/2079
f  7549/41/2079 7550/44/2082 7551/45/2083
f  7552/45/2083 7553/46/2084 7554/41/2079
f  7555/46/2084 7556/45/2083 7557/47/2071
f  7558/47/2071 7559/48/2072 7560/46/2084
f  7561/31/2085 7562/32/2086 7563/33/2087
f  7564/34/2088 7565/32/2086 7566/31/2085
f  7567/34/2088 7568/35/2089 7569/32/2086
f  7570/36/2090 7571/37/2091 7572/38/2092
f  7573/38/2092 7574/37/2091 7575/39/2093
f  7576/39/2093 7577/40/2094 7578/38/2092
f  7579/31/2095 7580/32/2096 7581/33/2097
f  7582/34/2098 7583/32/2096 7584/31/2095
f  7585/34/2098 7586/35/2099 7587/32/2096
f  7588/36/2100 7589/37/2101 7590/38/2102
f  7591/38/2102 7592/37/2101 7593/39/2103
f  7594/39/2103 7595/40/2104 7596/38/2102
f  7597/31/2095 7598/32/2096 7599/33/2097
f  7600/34/2098 7601/32/2096 7602/31/2095
f  7603/34/2098 7604/35/2099 7605/32/2096
f  7606/36/2105 7607/37/2106 7608/38/2107
f  7609/38/2107 7610/37/2106 7611/39/2108
f  7612/39/2108 7613/40/2109 7614/38/2107
f  7615/41/2110 7616/42/2111 7617/43/2112
f  7618/42/2111 7619/41/2110 7620/44/2113
f  7621/41/2110 7622/45/2114 7623/44/2113
f  7624/45/2114 7625/41/2110 7626/46/2115
f  7627/46/2115 7628/47/2116 7629/45/2114
f  7630/47/2116 7631/46/2115 7632/48/2117
f  7633/41/2118 7634/42/2119 7635/43/2120
f  7636/42/2119 7637/41/2118 7638/44/2121
f  7639/41/2118 7640/45/2122 7641/44/2121
f  7642/45/2122 7643/41/2118 7644/46/2123
f  7645/46/2123 7646/47/2124 7647/45/2122
f  7648/47/2124 7649/46/2123 7650/48/2125
f  7651/41/2126 7652/42/2127 7653/43/2128
f  7654/42/2127 7655/41/2126 7656/44/2129
f  7657/41/2126 7658/45/2130 7659/44/2129
f  7660/45/2130 7661/41/2126 7662/46/2131
f  7663/46/2131 7664/47/2132 7665/45/2130
f  7666/47/2132 7667/46/2131 7668/48/2133
f  7669/49/985 7670/51/985 7671/50/985
f  7672/50/985 7673/52/985 7674/49/985
f  7675/53/985 7676/49/985 7677/52/985
f  7678/52/985 7679/54/985 7680/53/985
f  7681/55/2134 7682/57/2135 7683/56/2136
f  7684/56/2136 7685/58/2137 7686/55/2134
f  7687/59/2138 7688/55/2134 7689/58/2137
f  7690/58/2137 7691/60/2139 7692/59/2138
f  7693/61/1357 7694/63/1357 7695/62/1357
f  7696/62/1357 7697/64/2140 7698/61/1357
f  7699/64/2140 7700/62/1357 7701/65/2141
f  7702/65/2141 7703/66/2142 7704/64/2140
f  7705/67/1368 7706/69/1369 7707/68/1365
f  7708/68/1365 7709/70/1367 7710/67/1368
f  7711/71/1364 7712/70/1367 7713/68/1365
f  7714/68/1365 7715/72/1366 7716/71/1364
f  7717/73/1372 7718/67/1368 7719/70/1367
f  7720/70/1367 7721/74/1371 7722/73/1372
f  7723/75/1370 7724/74/1371 7725/70/1367
f  7726/70/1367 7727/71/1364 7728/75/1370
f  7729/76/2143 7730/78/2144 7731/77/2145
f  7732/77/2145 7733/79/2146 7734/76/2143
f  7735/79/2146 7736/80/2147 7737/76/2143
f  7738/79/2146 7739/81/2148 7740/80/2147
f  7741/82/2148 7742/81/2148 7743/79/2146
f  7744/83/2149 7745/85/2150 7746/84/2149
f  7747/84/2149 7748/86/2151 7749/83/2149
f  7750/87/2152 7751/89/2153 7752/88/2154
f  7753/88/2154 7754/90/2155 7755/87/2152
f  7756/87/2152 7757/90/2155 7758/91/2156
f  7759/91/2156 7760/92/2157 7761/87/2152
f  7762/92/2157 7763/91/2156 7764/93/2158
f  7765/93/2158 7766/94/2159 7767/92/2157
f  7768/95/2160 7769/94/2159 7770/93/2158
f  7771/93/2158 7772/96/2161 7773/95/2160
f  7774/97/2162 7775/99/2163 7776/98/2164
f  7777/98/2164 7778/100/2165 7779/97/2162
f  7780/101/2166 7781/97/2162 7782/100/2165
f  7783/100/2165 7784/102/2167 7785/101/2166
f  7786/103/2168 7787/101/2166 7788/102/2167
f  7789/102/2167 7790/104/2169 7791/103/2168
f  7792/103/2168 7793/104/2169 7794/105/2170
f  7795/105/2170 7796/106/2171 7797/103/2168
f  7798/106/2171 7799/105/2170 7800/107/2172
f  7801/107/2172 7802/108/2173 7803/106/2171
f  7804/108/2173 7805/107/2172 7806/109/2174
f  7807/109/2174 7808/110/2175 7809/108/2173
f  7810/111/2176 7811/110/2175 7812/109/2174
f  7813/109/2174 7814/112/2177 7815/111/2176
f  7816/113/1408 7817/115/1410 7818/114/1409
f  7819/114/1409 7820/116/1411 7821/113/1408
f  7822/117/1412 7823/113/1408 7824/116/1411
f  7825/116/1411 7826/118/1413 7827/117/1412
f  7828/119/1414 7829/117/1412 7830/118/1413
f  7831/118/1413 7832/120/1415 7833/119/1414
f  7834/119/1414 7835/120/1415 7836/121/1416
f  7837/121/1416 7838/122/1416 7839/119/1414
f  7840/98/2164 7841/99/2163 7842/97/2162
f  7843/97/2162 7844/100/2165 7845/98/2164
f  7846/100/2165 7847/97/2162 7848/101/2166
f  7849/101/2166 7850/102/2167 7851/100/2165
f  7852/102/2167 7853/101/2166 7854/103/2168
f  7855/103/2168 7856/104/2169 7857/102/2167
f  7858/105/2170 7859/104/2169 7860/103/2168
f  7861/103/2168 7862/106/2171 7863/105/2170
f  7864/107/2172 7865/105/2170 7866/106/2171
f  7867/106/2171 7868/108/2173 7869/107/2172
f  7870/109/2174 7871/107/2172 7872/108/2173
f  7873/108/2173 7874/110/2175 7875/109/2174
f  7876/109/2174 7877/110/2175 7878/111/2176
f  7879/111/2176 7880/112/2177 7881/109/2174
f  7882/114/2178 7883/115/2179 7884/113/2180
f  7885/113/2180 7886/116/2181 7887/114/2178
f  7888/116/2181 7889/113/2180 7890/117/1421
f  7891/117/1421 7892/118/1422 7893/116/2181
f  7894/120/1423 7895/118/1422 7896/117/1421
f  7897/117/1421 7898/119/1424 7899/120/1423
f  7900/121/1425 7901/120/1423 7902/119/1424
f  7903/119/1424 7904/122/1425 7905/121/1425
f  7906/123/1436 7907/125/1437 7908/124/1436
f  7909/124/1436 7910/126/2009 7911/123/1436
f  7912/129/1426 7913/131/1428 7914/130/1426
f  7915/130/1426 7916/132/2008 7917/129/1426
f  7918/135/1445 7919/137/1446 7920/136/1445
f  7921/136/1445 7922/138/2010 7923/135/1445
f  7924/141/888 7925/143/888 7926/142/888
f  7927/142/888 7928/144/888 7929/141/888
f  7930/77/2182 7931/78/2183 7932/76/2184
f  7933/76/2184 7934/79/2185 7935/77/2182
f  7936/76/2184 7937/80/2186 7938/79/2185
f  7939/80/2186 7940/81/2187 7941/79/2185
f  7942/79/2185 7943/81/2187 7944/82/2187
f  7945/95/2188 7946/96/2189 7947/93/2190
f  7948/93/2190 7949/94/2191 7950/95/2188
f  7951/92/2157 7952/94/2191 7953/93/2190
f  7954/93/2190 7955/91/2156 7956/92/2157
f  7957/87/2192 7958/92/2157 7959/91/2156
f  7960/91/2156 7961/90/2193 7962/87/2192
f  7963/87/2192 7964/90/2193 7965/88/2194
f  7966/88/2194 7967/89/2195 7968/87/2192
f  7969/84/2196 7970/85/2197 7971/83/2196
f  7972/83/2196 7973/86/2198 7974/84/2196
f  7975/77/2199 7976/76/2200 7977/78/2201
f  7978/76/2200 7979/77/2199 7980/79/2202
f  7981/76/2200 7982/79/2202 7983/80/2203
f  7984/80/2203 7985/79/2202 7986/81/2204
f  7987/79/2202 7988/82/2204 7989/81/2204
f  7990/95/2205 7991/93/2206 7992/96/2207
f  7993/93/2206 7994/95/2205 7995/94/2208
f  7996/92/2209 7997/93/2206 7998/94/2208
f  7999/93/2206 8000/92/2209 8001/91/2210
f  8002/87/2211 8003/91/2210 8004/92/2209
f  8005/91/2210 8006/87/2211 8007/90/2212
f  8008/87/2211 8009/88/2213 8010/90/2212
f  8011/88/2213 8012/87/2211 8013/89/2214
f  8014/84/2215 8015/83/2215 8016/85/2216
f  8017/83/2215 8018/84/2215 8019/86/2217
f  8020/145/2218 8021/147/2219 8022/146/2220
f  8023/146/2220 8024/148/2221 8025/145/2218
f  8026/149/2222 8027/145/2218 8028/148/2221
f  8029/150/2223 8030/145/2218 8031/149/2222
f  8032/149/2222 8033/151/2224 8034/150/2223
f  8035/150/2223 8036/151/2224 8037/152/2225
f  8038/150/2223 8039/152/2225 8040/153/2226
f  8041/154/2227 8042/147/2219 8043/145/2218
f  8044/145/2218 8045/155/2228 8046/154/2227
f  8047/145/2218 8048/156/2229 8049/155/2228
f  8050/156/2229 8051/145/2218 8052/150/2223
f  8053/150/2223 8054/157/2230 8055/156/2229
f  8056/158/2231 8057/157/2230 8058/150/2223
f  8059/150/2223 8060/159/2232 8061/158/2231
f  8062/153/2226 8063/159/2232 8064/150/2223
f  8065/160/2233 8066/162/1513 8067/161/1511
f  8068/161/1511 8069/163/2234 8070/160/2233
f  8071/164/2235 8072/160/2233 8073/163/2234
f  8074/163/2234 8075/165/2236 8076/164/2235
f  8077/166/1506 8078/168/1507 8079/167/2237
f  8080/167/2237 8081/169/2238 8082/166/1506
f  8083/169/2238 8084/167/2237 8085/170/2239
f  8086/170/2239 8087/171/2240 8088/169/2238
f  8089/172/1525 8090/174/1525 8091/173/2241
f  8092/173/2241 8093/175/2242 8094/172/1525
f  8095/175/2242 8096/173/2241 8097/176/2243
f  8098/176/2243 8099/177/2244 8100/175/2242
f  8101/178/2245 8102/177/2244 8103/176/2243
f  8104/176/2243 8105/179/2246 8106/178/2245
f  8107/180/2247 8108/178/2245 8109/179/2246
f  8110/179/2246 8111/181/2248 8112/180/2247
f  8113/182/2249 8114/184/2250 8115/183/2251
f  8116/183/2251 8117/185/2252 8118/182/2249
f  8119/185/2252 8120/183/2251 8121/186/2253
f  8122/186/2253 8123/187/2254 8124/185/2252
f  8125/188/1546 8126/190/1545 8127/189/1542
f  8128/189/1542 8129/191/2044 8130/188/1546
f  8131/192/2255 8132/191/2044 8133/189/1542
f  8134/192/2255 8135/189/1542 8136/193/1543
f  8137/194/1544 8138/193/1543 8139/189/1542
f  8140/189/1542 8141/190/1545 8142/194/1544
f  8143/192/2255 8144/195/2256 8145/191/2044
f  8146/196/2257 8147/195/2256 8148/192/2255
f  8149/197/2258 8150/195/2256 8151/196/2257
f  8152/195/2256 8153/197/2258 8154/198/2259
f  8155/199/2260 8156/198/2259 8157/197/2258
f  8158/200/2261 8159/199/2260 8160/197/2258
f  8161/199/2260 8162/200/2261 8163/201/1537
f  8164/201/1537 8165/202/2262 8166/199/2260
f  8167/199/2260 8168/202/2262 8169/203/2263
f  8170/203/2263 8171/198/2259 8172/199/2260
f  8173/31/2264 8174/33/2265 8175/32/2266
f  8176/34/2264 8177/31/2264 8178/32/2266
f  8179/34/2264 8180/32/2266 8181/35/2265
f  8182/36/2267 8183/38/2268 8184/37/2269
f  8185/38/2268 8186/39/2054 8187/37/2269
f  8188/39/2054 8189/38/2268 8190/40/2054
f  8191/31/2270 8192/33/2271 8193/32/2051
f  8194/34/2272 8195/31/2270 8196/32/2051
f  8197/34/2272 8198/32/2051 8199/35/2265
f  8200/36/2273 8201/38/2274 8202/37/2275
f  8203/38/2274 8204/39/2276 8205/37/2275
f  8206/39/2276 8207/38/2274 8208/40/2267
f  8209/31/2277 8210/33/2278 8211/32/2279
f  8212/34/2280 8213/31/2277 8214/32/2279
f  8215/34/2280 8216/32/2279 8217/35/2281
f  8218/36/2054 8219/38/2282 8220/37/2052
f  8221/38/2282 8222/39/2283 8223/37/2052
f  8224/39/2283 8225/38/2282 8226/40/2284
f  8227/41/2285 8228/43/2286 8229/42/2287
f  8230/42/2287 8231/44/2288 8232/41/2285
f  8233/41/2285 8234/44/2288 8235/45/2289
f  8236/45/2289 8237/46/2290 8238/41/2285
f  8239/46/2290 8240/45/2289 8241/47/2291
f  8242/47/2291 8243/48/2292 8244/46/2290
f  8245/41/2293 8246/43/2294 8247/42/2295
f  8248/42/2295 8249/44/2296 8250/41/2293
f  8251/41/2293 8252/44/2296 8253/45/2297
f  8254/45/2297 8255/46/2298 8256/41/2293
f  8257/46/2298 8258/45/2297 8259/47/2291
f  8260/47/2291 8261/48/2292 8262/46/2298
f  8263/41/2299 8264/43/2300 8265/42/2301
f  8266/42/2301 8267/44/2302 8268/41/2299
f  8269/41/2299 8270/44/2302 8271/45/2303
f  8272/45/2303 8273/46/2304 8274/41/2299
f  8275/46/2304 8276/45/2303 8277/47/2291
f  8278/47/2291 8279/48/2292 8280/46/2304
f  8281/31/2305 8282/32/2306 8283/33/2307
f  8284/34/2308 8285/32/2306 8286/31/2305
f  8287/34/2308 8288/35/2309 8289/32/2306
f  8290/36/2310 8291/37/2311 8292/38/2312
f  8293/38/2312 8294/37/2311 8295/39/2313
f  8296/39/2313 8297/40/2314 8298/38/2312
f  8299/31/2315 8300/32/2316 8301/33/2317
f  8302/34/2318 8303/32/2316 8304/31/2315
f  8305/34/2318 8306/35/2319 8307/32/2316
f  8308/36/2320 8309/37/2321 8310/38/2322
f  8311/38/2322 8312/37/2321 8313/39/2323
f  8314/39/2323 8315/40/2324 8316/38/2322
f  8317/31/2325 8318/32/2326 8319/33/2327
f  8320/34/2328 8321/32/2326 8322/31/2325
f  8323/34/2328 8324/35/2329 8325/32/2326
f  8326/36/2330 8327/37/2331 8328/38/2332
f  8329/38/2332 8330/37/2331 8331/39/2333
f  8332/39/2333 8333/40/2334 8334/38/2332
f  8335/41/2335 8336/42/2336 8337/43/2337
f  8338/42/2336 8339/41/2335 8340/44/2338
f  8341/41/2335 8342/45/2339 8343/44/2338
f  8344/45/2339 8345/41/2335 8346/46/2340
f  8347/46/2340 8348/47/2341 8349/45/2339
f  8350/47/2341 8351/46/2340 8352/48/2342
f  8353/41/2343 8354/42/2344 8355/43/2345
f  8356/42/2344 8357/41/2343 8358/44/2346
f  8359/41/2343 8360/45/2347 8361/44/2346
f  8362/45/2347 8363/41/2343 8364/46/2348
f  8365/46/2348 8366/47/2349 8367/45/2347
f  8368/47/2349 8369/46/2348 8370/48/2350
f  8371/41/2351 8372/42/2352 8373/43/2353
f  8374/42/2352 8375/41/2351 8376/44/2354
f  8377/41/2351 8378/45/2355 8379/44/2354
f  8380/45/2355 8381/41/2351 8382/46/2356
f  8383/46/2356 8384/47/2357 8385/45/2355
f  8386/47/2357 8387/46/2356 8388/48/2358
f  8389/49/998 8390/51/998 8391/50/998
f  8392/50/998 8393/52/998 8394/49/998
f  8395/53/998 8396/49/998 8397/52/998
f  8398/52/998 8399/54/998 8400/53/998
f  8401/55/2359 8402/57/2360 8403/56/2361
f  8404/56/2361 8405/58/2362 8406/55/2359
f  8407/59/2363 8408/55/2359 8409/58/2362
f  8410/58/2362 8411/60/2364 8412/59/2363
f  8413/61/2365 8414/63/2365 8415/62/2365
f  8416/62/2365 8417/64/2366 8418/61/2365
f  8419/64/2366 8420/62/2365 8421/65/2367
f  8422/65/2367 8423/66/1022 8424/64/2366
f  8425/67/2368 8426/69/2369 8427/68/2370
f  8428/68/2370 8429/70/2371 8430/67/2368
f  8431/71/2372 8432/70/2371 8433/68/2370
f  8434/68/2370 8435/72/2373 8436/71/2372
f  8437/73/2374 8438/67/2368 8439/70/2371
f  8440/70/2371 8441/74/2375 8442/73/2374
f  8443/75/2376 8444/74/2375 8445/70/2371
f  8446/70/2371 8447/71/2372 8448/75/2376
f  8449/76/2377 8450/78/2378 8451/77/2379
f  8452/77/2379 8453/79/2380 8454/76/2377
f  8455/79/2380 8456/80/2381 8457/76/2377
f  8458/79/2380 8459/81/2382 8460/80/2381
f  8461/82/2382 8462/81/2382 8463/79/2380
f  8464/83/2383 8465/85/2384 8466/84/2383
f  8467/84/2383 8468/86/2385 8469/83/2383
f  8470/87/2386 8471/89/2387 8472/88/2388
f  8473/88/2388 8474/90/2389 8475/87/2386
f  8476/87/2386 8477/90/2389 8478/91/2390
f  8479/91/2390 8480/92/2391 8481/87/2386
f  8482/92/2391 8483/91/2390 8484/93/2392
f  8485/93/2392 8486/94/2393 8487/92/2391
f  8488/95/2394 8489/94/2393 8490/93/2392
f  8491/93/2392 8492/96/2395 8493/95/2394
f  8494/97/2396 8495/99/2397 8496/98/2398
f  8497/98/2398 8498/100/2399 8499/97/2396
f  8500/101/2400 8501/97/2396 8502/100/2399
f  8503/100/2399 8504/102/2401 8505/101/2400
f  8506/103/2402 8507/101/2400 8508/102/2401
f  8509/102/2401 8510/104/2403 8511/103/2402
f  8512/103/2402 8513/104/2403 8514/105/2404
f  8515/105/2404 8516/106/2405 8517/103/2402
f  8518/106/2405 8519/105/2404 8520/107/2406
f  8521/107/2406 8522/108/2407 8523/106/2405
f  8524/108/2407 8525/107/2406 8526/109/2408
f  8527/109/2408 8528/110/2409 8529/108/2407
f  8530/111/2410 8531/110/2409 8532/109/2408
f  8533/109/2408 8534/112/2411 8535/111/2410
f  8536/113/2412 8537/115/2413 8538/114/2414
f  8539/114/2414 8540/116/2415 8541/113/2412
f  8542/117/2416 8543/113/2412 8544/116/2415
f  8545/116/2415 8546/118/2417 8547/117/2416
f  8548/119/2418 8549/117/2416 8550/118/2417
f  8551/118/2417 8552/120/2419 8553/119/2418
f  8554/119/2418 8555/120/2419 8556/121/1416
f  8557/121/1416 8558/122/1416 8559/119/2418
f  8560/98/2398 8561/99/2397 8562/97/2396
f  8563/97/2396 8564/100/2399 8565/98/2398
f  8566/100/2399 8567/97/2396 8568/101/2400
f  8569/101/2400 8570/102/2401 8571/100/2399
f  8572/102/2401 8573/101/2400 8574/103/2402
f  8575/103/2402 8576/104/2403 8577/102/2401
f  8578/105/2404 8579/104/2403 8580/103/2402
f  8581/103/2402 8582/106/2405 8583/105/2404
f  8584/107/2406 8585/105/2404 8586/106/2405
f  8587/106/2405 8588/108/2407 8589/107/2406
f  8590/109/2408 8591/107/2406 8592/108/2407
f  8593/108/2407 8594/110/2409 8595/109/2408
f  8596/109/2408 8597/110/2409 8598/111/2410
f  8599/111/2410 8600/112/2411 8601/109/2408
f  8602/114/2420 8603/115/2421 8604/113/2422
f  8605/113/2422 8606/116/2423 8607/114/2420
f  8608/116/2423 8609/113/2422 8610/117/2424
f  8611/117/2424 8612/118/2425 8613/116/2423
f  8614/120/2426 8615/118/2425 8616/117/2424
f  8617/117/2424 8618/119/2427 8619/120/2426
f  8620/121/1425 8621/120/2426 8622/119/2427
f  8623/119/2427 8624/122/1425 8625/121/1425
f  8626/123/2428 8627/125/2429 8628/124/2428
f  8629/124/2428 8630/126/2430 8631/123/2428
f  8632/129/2431 8633/131/2432 8634/130/2431
f  8635/130/2431 8636/132/2433 8637/129/2431
f  8638/135/2434 8639/137/2435 8640/136/2434
f  8641/136/2434 8642/138/2436 8643/135/2434
f  8644/141/948 8645/143/948 8646/142/948
f  8647/142/948 8648/144/948 8649/141/948
f  8650/77/2437 8651/78/2438 8652/76/2439
f  8653/76/2439 8654/79/2440 8655/77/2437
f  8656/76/2439 8657/80/2441 8658/79/2440
f  8659/80/2441 8660/81/2442 8661/79/2440
f  8662/79/2440 8663/81/2442 8664/82/2442
f  8665/95/2443 8666/96/2444 8667/93/2445
f  8668/93/2445 8669/94/2446 8670/95/2443
f  8671/92/2391 8672/94/2446 8673/93/2445
f  8674/93/2445 8675/91/2390 8676/92/2391
f  8677/87/2447 8678/92/2391 8679/91/2390
f  8680/91/2390 8681/90/2448 8682/87/2447
f  8683/87/2447 8684/90/2448 8685/88/2449
f  8686/88/2449 8687/89/2450 8688/87/2447
f  8689/84/2451 8690/85/2452 8691/83/2451
f  8692/83/2451 8693/86/2453 8694/84/2451
f  8695/77/2454 8696/76/2455 8697/78/2456
f  8698/76/2455 8699/77/2454 8700/79/2457
f  8701/76/2455 8702/79/2457 8703/80/2458
f  8704/80/2458 8705/79/2457 8706/81/2459
f  8707/79/2457 8708/82/2459 8709/81/2459
f  8710/95/2460 8711/93/2461 8712/96/2462
f  8713/93/2461 8714/95/2460 8715/94/2463
f  8716/92/2464 8717/93/2461 8718/94/2463
f  8719/93/2461 8720/92/2464 8721/91/2465
f  8722/87/2466 8723/91/2465 8724/92/2464
f  8725/91/2465 8726/87/2466 8727/90/2467
f  8728/87/2466 8729/88/2468 8730/90/2467
f  8731/88/2468 8732/87/2466 8733/89/2469
f  8734/84/2470 8735/83/2470 8736/85/2471
f  8737/83/2470 8738/84/2470 8739/86/2472
f  8740/145/2473 8741/147/2474 8742/146/2475
f  8743/146/2475 8744/148/2476 8745/145/2473
f  8746/149/2477 8747/145/2473 8748/148/2476
f  8749/150/2478 8750/145/2473 8751/149/2477
f  8752/149/2477 8753/151/2479 8754/150/2478
f  8755/150/2478 8756/151/2479 8757/152/2480
f  8758/150/2478 8759/152/2480 8760/153/2481
f  8761/154/2482 8762/147/2474 8763/145/2473
f  8764/145/2473 8765/155/2483 8766/154/2482
f  8767/145/2473 8768/156/2484 8769/155/2483
f  8770/156/2484 8771/145/2473 8772/150/2478
f  8773/150/2478 8774/157/2485 8775/156/2484
f  8776/158/2486 8777/157/2485 8778/150/2478
f  8779/150/2478 8780/159/2487 8781/158/2486
f  8782/153/2481 8783/159/2487 8784/150/2478
f  8785/160/2488 8786/162/2489 8787/161/2490
f  8788/161/2490 8789/163/2491 8790/160/2488
f  8791/164/2492 8792/160/2488 8793/163/2491
f  8794/163/2491 8795/165/2493 8796/164/2492
f  8797/166/2494 8798/168/2495 8799/167/2496
f  8800/167/2496 8801/169/2497 8802/166/2494
f  8803/169/2497 8804/167/2496 8805/170/2498
f  8806/170/2498 8807/171/2499 8808/169/2497
f  8809/172/2500 8810/174/2500 8811/173/2501
f  8812/173/2501 8813/175/2502 8814/172/2500
f  8815/175/2502 8816/173/2501 8817/176/2503
f  8818/176/2503 8819/177/2504 8820/175/2502
f  8821/178/2505 8822/177/2504 8823/176/2503
f  8824/176/2503 8825/179/2506 8826/178/2505
f  8827/180/2507 8828/178/2505 8829/179/2506
f  8830/179/2506 8831/181/2508 8832/180/2507
f  8833/182/2509 8834/184/2510 8835/183/2511
f  8836/183/2511 8837/185/2512 8838/182/2509
f  8839/185/2512 8840/183/2511 8841/186/2513
f  8842/186/2513 8843/187/2514 8844/185/2512
f  8845/188/2515 8846/190/2516 8847/189/2517
f  8848/189/2517 8849/191/2518 8850/188/2515
f  8851/192/2519 8852/191/2518 8853/189/2517
f  8854/192/2519 8855/189/2517 8856/193/2520
f  8857/194/2521 8858/193/2520 8859/189/2517
f  8860/189/2517 8861/190/2516 8862/194/2521
f  8863/192/2519 8864/195/2522 8865/191/2518
f  8866/196/2523 8867/195/2522 8868/192/2519
f  8869/197/2524 8870/195/2522 8871/196/2523
f  8872/195/2522 8873/197/2524 8874/198/2525
f  8875/199/2526 8876/198/2525 8877/197/2524
f  8878/200/2527 8879/199/2526 8880/197/2524
f  8881/199/2526 8882/200/2527 8883/201/2528
f  8884/201/2528 8885/202/2529 8886/199/2526
f  8887/199/2526 8888/202/2529 8889/203/2530
f  8890/203/2530 8891/198/2525 8892/199/2526
f  8893/31/2531 8894/32/2532 8895/33/2533
f  8896/34/2534 8897/32/2532 8898/31/2531
f  8899/34/2534 8900/35/2535 8901/32/2532
f  8902/36/1949 8903/37/2536 8904/38/2537
f  8905/38/2537 8906/37/2536 8907/39/1944
f  8908/39/1944 8909/40/1944 8910/38/2537
f  8911/31/2538 8912/32/1287 8913/33/2539
f  8914/34/1289 8915/32/1287 8916/31/2538
f  8917/34/1289 8918/35/1288 8919/32/1287
f  8920/36/2540 8921/37/1944 8922/38/2537
f  8923/38/2537 8924/37/1944 8925/39/2541
f  8926/39/2541 8927/40/1949 8928/38/2537
f  8929/31/2542 8930/32/2543 8931/33/2544
f  8932/34/1945 8933/32/2543 8934/31/2542
f  8935/34/1945 8936/35/1287 8937/32/2543
f  8938/36/1286 8939/37/2545 8940/38/1949
f  8941/38/1949 8942/37/2545 8943/39/2546
f  8944/39/2546 8945/40/2547 8946/38/1949
f  8947/41/2548 8948/42/2549 8949/43/2550
f  8950/42/2549 8951/41/2548 8952/44/2551
f  8953/41/2548 8954/45/2552 8955/44/2551
f  8956/45/2552 8957/41/2548 8958/46/2553
f  8959/46/2553 8960/47/2554 8961/45/2552
f  8962/47/2554 8963/46/2553 8964/48/2555
f  8965/41/2556 8966/42/2557 8967/43/2558
f  8968/42/2557 8969/41/2556 8970/44/2559
f  8971/41/2556 8972/45/2560 8973/44/2559
f  8974/45/2560 8975/41/2556 8976/46/2561
f  8977/46/2561 8978/47/2554 8979/45/2560
f  8980/47/2554 8981/46/2561 8982/48/2555
f  8983/41/2562 8984/42/2563 8985/43/2564
f  8986/42/2563 8987/41/2562 8988/44/2565
f  8989/41/2562 8990/45/2566 8991/44/2565
f  8992/45/2566 8993/41/2562 8994/46/2567
f  8995/46/2567 8996/47/2554 8997/45/2566
f  8998/47/2554 8999/46/2567 9000/48/2555
f  9001/31/2568 9002/33/2569 9003/32/2570
f  9004/34/2571 9005/31/2568 9006/32/2570
f  9007/34/2571 9008/32/2570 9009/35/2572
f  9010/36/2573 9011/38/2574 9012/37/2575
f  9013/38/2574 9014/39/2576 9015/37/2575
f  9016/39/2576 9017/38/2574 9018/40/2577
f  9019/31/2578 9020/33/2579 9021/32/2580
f  9022/34/2581 9023/31/2578 9024/32/2580
f  9025/34/2581 9026/32/2580 9027/35/2582
f  9028/36/2583 9029/38/2584 9030/37/2585
f  9031/38/2584 9032/39/2586 9033/37/2585
f  9034/39/2586 9035/38/2584 9036/40/2587
f  9037/31/2588 9038/33/2589 9039/32/2590
f  9040/34/2591 9041/31/2588 9042/32/2590
f  9043/34/2591 9044/32/2590 9045/35/2592
f  9046/36/2593 9047/38/2594 9048/37/2595
f  9049/38/2594 9050/39/2596 9051/37/2595
f  9052/39/2596 9053/38/2594 9054/40/2597
f  9055/41/2598 9056/43/2599 9057/42/2600
f  9058/42/2600 9059/44/2601 9060/41/2598
f  9061/41/2598 9062/44/2601 9063/45/2602
f  9064/45/2602 9065/46/2603 9066/41/2598
f  9067/46/2603 9068/45/2602 9069/47/2604
f  9070/47/2604 9071/48/2605 9072/46/2603
f  9073/41/2606 9074/43/2607 9075/42/2608
f  9076/42/2608 9077/44/2609 9078/41/2606
f  9079/41/2606 9080/44/2609 9081/45/2610
f  9082/45/2610 9083/46/2611 9084/41/2606
f  9085/46/2611 9086/45/2610 9087/47/2612
f  9088/47/2612 9089/48/2613 9090/46/2611
f  9091/41/2614 9092/43/2615 9093/42/2616
f  9094/42/2616 9095/44/2617 9096/41/2614
f  9097/41/2614 9098/44/2617 9099/45/2618
f  9100/45/2618 9101/46/2619 9102/41/2614
f  9103/46/2619 9104/45/2618 9105/47/2620
f  9106/47/2620 9107/48/2621 9108/46/2619
f  9109/49/2622 9110/50/2365 9111/51/2365
f  9112/50/2365 9113/49/2622 9114/52/2623
f  9115/53/2624 9116/52/2623 9117/49/2622
f  9118/52/2623 9119/53/2624 9120/54/2625
f  9121/55/2626 9122/56/2627 9123/57/2628
f  9124/56/2627 9125/55/2626 9126/58/2629
f  9127/59/2630 9128/58/2629 9129/55/2626
f  9130/58/2629 9131/59/2630 9132/60/2631
f  9133/61/998 9134/62/998 9135/63/998
f  9136/62/998 9137/61/998 9138/64/2632
f  9139/64/2632 9140/65/2633 9141/62/998
f  9142/65/2633 9143/64/2632 9144/66/2634
f  9145/67/2635 9146/68/2636 9147/69/2637
f  9148/68/2636 9149/67/2635 9150/70/2371
f  9151/71/2638 9152/68/2636 9153/70/2371
f  9154/68/2636 9155/71/2638 9156/72/2639
f  9157/73/2376 9158/70/2371 9159/67/2635
f  9160/70/2371 9161/73/2376 9162/74/2375
f  9163/75/2374 9164/70/2371 9165/74/2375
f  9166/70/2371 9167/75/2374 9168/71/2638
f  9169/76/2640 9170/77/2641 9171/78/2642
f  9172/77/2641 9173/76/2640 9174/79/2643
f  9175/79/2643 9176/76/2640 9177/80/2644
f  9178/79/2643 9179/80/2644 9180/81/2645
f  9181/82/2645 9182/79/2643 9183/81/2645
f  9184/83/2646 9185/84/2646 9186/85/2647
f  9187/84/2646 9188/83/2646 9189/86/2648
f  9190/87/2649 9191/88/2650 9192/89/2651
f  9193/88/2650 9194/87/2649 9195/90/2652
f  9196/87/2649 9197/91/2653 9198/90/2652
f  9199/91/2653 9200/87/2649 9201/92/2654
f  9202/92/2654 9203/93/2655 9204/91/2653
f  9205/93/2655 9206/92/2654 9207/94/2656
f  9208/95/2657 9209/93/2655 9210/94/2656
f  9211/93/2655 9212/95/2657 9213/96/2658
f  9214/97/2659 9215/98/2660 9216/99/2661
f  9217/98/2660 9218/97/2659 9219/100/2662
f  9220/101/2663 9221/100/2662 9222/97/2659
f  9223/100/2662 9224/101/2663 9225/102/2664
f  9226/103/2665 9227/102/2664 9228/101/2663
f  9229/102/2664 9230/103/2665 9231/104/2666
f  9232/103/2665 9233/105/2667 9234/104/2666
f  9235/105/2667 9236/103/2665 9237/106/2668
f  9238/106/2668 9239/107/2669 9240/105/2667
f  9241/107/2669 9242/106/2668 9243/108/2670
f  9244/108/2670 9245/109/2671 9246/107/2669
f  9247/109/2671 9248/108/2670 9249/110/2672
f  9250/111/2673 9251/109/2671 9252/110/2672
f  9253/109/2671 9254/111/2673 9255/112/2674
f  9256/113/2412 9257/114/2414 9258/115/2413
f  9259/114/2414 9260/113/2412 9261/116/2415
f  9262/117/2416 9263/116/2415 9264/113/2412
f  9265/116/2415 9266/117/2416 9267/118/2417
f  9268/119/2418 9269/118/2417 9270/117/2416
f  9271/118/2417 9272/119/2418 9273/120/2419
f  9274/119/2418 9275/121/1416 9276/120/2419
f  9277/121/1416 9278/119/2418 9279/122/1416
f  9280/98/2675 9281/97/2676 9282/99/2661
f  9283/97/2676 9284/98/2675 9285/100/2677
f  9286/100/2677 9287/101/2663 9288/97/2676
f  9289/101/2663 9290/100/2677 9291/102/2664
f  9292/102/2664 9293/103/2665 9294/101/2663
f  9295/103/2665 9296/102/2664 9297/104/2666
f  9298/105/2667 9299/103/2665 9300/104/2666
f  9301/103/2665 9302/105/2667 9303/106/2668
f  9304/107/2669 9305/106/2668 9306/105/2667
f  9307/106/2668 9308/107/2669 9309/108/2670
f  9310/109/2678 9311/108/2670 9312/107/2669
f  9313/108/2670 9314/109/2678 9315/110/2672
f  9316/109/2678 9317/111/2679 9318/110/2672
f  9319/111/2679 9320/109/2678 9321/112/2680
f  9322/114/2681 9323/113/2682 9324/115/2683
f  9325/113/2682 9326/114/2681 9327/116/2684
f  9328/116/2684 9329/117/2424 9330/113/2682
f  9331/117/2424 9332/116/2684 9333/118/2425
f  9334/120/2426 9335/117/2424 9336/118/2425
f  9337/117/2424 9338/120/2426 9339/119/2427
f  9340/121/1425 9341/119/2427 9342/120/2426
f  9343/119/2427 9344/121/1425 9345/122/1425
f  9346/123/2431 9347/124/2431 9348/125/2432
f  9349/124/2431 9350/123/2431 9351/126/2433
f  9352/129/2428 9353/130/2428 9354/131/2429
f  9355/130/2428 9356/129/2428 9357/132/2430
f  9358/135/2434 9359/136/2434 9360/137/2435
f  9361/136/2434 9362/135/2434 9363/138/2436
f  9364/141/948 9365/142/948 9366/143/948
f  9367/142/948 9368/141/948 9369/144/948
f  9370/77/2685 9371/76/2686 9372/78/2687
f  9373/76/2686 9374/77/2685 9375/79/2688
f  9376/76/2686 9377/79/2688 9378/80/2689
f  9379/80/2689 9380/79/2688 9381/81/2690
f  9382/79/2688 9383/82/2690 9384/81/2690
f  9385/95/2691 9386/93/2692 9387/96/2693
f  9388/93/2692 9389/95/2691 9390/94/2694
f  9391/92/2654 9392/93/2692 9393/94/2694
f  9394/93/2692 9395/92/2654 9396/91/2653
f  9397/87/2695 9398/91/2653 9399/92/2654
f  9400/91/2653 9401/87/2695 9402/90/2696
f  9403/87/2695 9404/88/2697 9405/90/2696
f  9406/88/2697 9407/87/2695 9408/89/2698
f  9409/84/2699 9410/83/2699 9411/85/2700
f  9412/83/2699 9413/84/2699 9414/86/2701
f  9415/77/2702 9416/78/2703 9417/76/2704
f  9418/76/2704 9419/79/2705 9420/77/2702
f  9421/76/2704 9422/80/2706 9423/79/2705
f  9424/80/2706 9425/81/2707 9426/79/2705
f  9427/79/2705 9428/81/2707 9429/82/2707
f  9430/95/2708 9431/96/2709 9432/93/2710
f  9433/93/2710 9434/94/2711 9435/95/2708
f  9436/92/2712 9437/94/2711 9438/93/2710
f  9439/93/2710 9440/91/2713 9441/92/2712
f  9442/87/2714 9443/92/2712 9444/91/2713
f  9445/91/2713 9446/90/2715 9447/87/2714
f  9448/87/2714 9449/90/2715 9450/88/2716
f  9451/88/2716 9452/89/2717 9453/87/2714
f  9454/84/2718 9455/85/2719 9456/83/2718
f  9457/83/2718 9458/86/2720 9459/84/2718
f  9460/145/2721 9461/146/2722 9462/147/2723
f  9463/146/2722 9464/145/2721 9465/148/2724
f  9466/149/2725 9467/148/2724 9468/145/2721
f  9469/150/2726 9470/149/2725 9471/145/2721
f  9472/149/2725 9473/150/2726 9474/151/2727
f  9475/150/2726 9476/152/2728 9477/151/2727
f  9478/150/2726 9479/153/2729 9480/152/2728
f  9481/154/2730 9482/145/2721 9483/147/2723
f  9484/145/2721 9485/154/2730 9486/155/2731
f  9487/145/2721 9488/155/2731 9489/156/2732
f  9490/156/2732 9491/150/2726 9492/145/2721
f  9493/150/2726 9494/156/2732 9495/157/2733
f  9496/158/2734 9497/150/2726 9498/157/2733
f  9499/150/2726 9500/158/2734 9501/159/2735
f  9502/153/2729 9503/150/2726 9504/159/2735
f  9505/160/2736 9506/161/2737 9507/162/2738
f  9508/161/2737 9509/160/2736 9510/163/2739
f  9511/164/2740 9512/163/2739 9513/160/2736
f  9514/163/2739 9515/164/2740 9516/165/2741
f  9517/166/2742 9518/167/2743 9519/168/2744
f  9520/167/2743 9521/166/2742 9522/169/2745
f  9523/169/2745 9524/170/2746 9525/167/2743
f  9526/170/2746 9527/169/2745 9528/171/2747
f  9529/172/2748 9530/173/2749 9531/174/2750
f  9532/173/2749 9533/172/2748 9534/175/2751
f  9535/175/2751 9536/176/2752 9537/173/2749
f  9538/176/2752 9539/175/2751 9540/177/2753
f  9541/178/2754 9542/176/2752 9543/177/2753
f  9544/176/2752 9545/178/2754 9546/179/2755
f  9547/180/2756 9548/179/2755 9549/178/2754
f  9550/179/2755 9551/180/2756 9552/181/2757
f  9553/182/2758 9554/183/2759 9555/184/2760
f  9556/183/2759 9557/182/2758 9558/185/2761
f  9559/185/2761 9560/186/2762 9561/183/2759
f  9562/186/2762 9563/185/2761 9564/187/2763
f  9565/188/2764 9566/189/2765 9567/190/2766
f  9568/189/2765 9569/188/2764 9570/191/2767
f  9571/192/2768 9572/189/2765 9573/191/2767
f  9574/192/2768 9575/193/2769 9576/189/2765
f  9577/194/2528 9578/189/2765 9579/193/2769
f  9580/189/2765 9581/194/2528 9582/190/2766
f  9583/192/2768 9584/191/2767 9585/195/2770
f  9586/196/2771 9587/192/2768 9588/195/2770
f  9589/197/2772 9590/196/2771 9591/195/2770
f  9592/195/2770 9593/198/2773 9594/197/2772
f  9595/199/2774 9596/197/2772 9597/198/2773
f  9598/200/2775 9599/197/2772 9600/199/2774
f  9601/199/2774 9602/201/2521 9603/200/2775
f  9604/201/2521 9605/199/2774 9606/202/2776
f  9607/199/2774 9608/203/2777 9609/202/2776
f  9610/203/2777 9611/199/2774 9612/198/2773
f  9613/695/2778 9614/696/2779 9615/697/2780
f  9616/696/2779 9617/695/2778 9618/698/2781
f  9619/698/2781 9620/699/2782 9621/696/2779
f  9622/699/2782 9623/698/2781 9624/700/2783
f  9625/700/2783 9626/701/2784 9627/699/2782
f  9628/701/2784 9629/700/2783 9630/702/2785
f  9631/703/2786 9632/704/2787 9633/705/2788
f  9634/704/2787 9635/703/2786 9636/706/2789
f  9637/706/2789 9638/707/2790 9639/704/2787
f  9640/707/2790 9641/706/2789 9642/708/2791
f  9643/708/2791 9644/709/2792 9645/707/2790
f  9646/709/2792 9647/708/2791 9648/710/2793
f  9649/711/948 9650/712/948 9651/713/948
f  9652/712/948 9653/711/948 9654/714/948
f  9655/711/948 9656/715/948 9657/714/948
f  9658/715/948 9659/711/948 9660/716/948
f  9661/695/2794 9662/697/2795 9663/696/2796
f  9664/696/2796 9665/698/2797 9666/695/2794
f  9667/698/2797 9668/696/2796 9669/699/2798
f  9670/699/2798 9671/700/2799 9672/698/2797
f  9673/700/2799 9674/699/2798 9675/701/2800
f  9676/701/2800 9677/702/2780 9678/700/2799
f  9679/703/2801 9680/705/2802 9681/704/2803
f  9682/704/2803 9683/706/2804 9684/703/2801
f  9685/706/2804 9686/704/2803 9687/707/2805
f  9688/707/2805 9689/708/2806 9690/706/2804
f  9691/708/2806 9692/707/2805 9693/709/2807
f  9694/709/2807 9695/710/2808 9696/708/2806
f  9697/711/948 9698/713/948 9699/712/948
f  9700/712/948 9701/714/948 9702/711/948
f  9703/711/948 9704/714/948 9705/715/948
f  9706/715/948 9707/716/948 9708/711/948
f  9709/717/2809 9710/718/2810 9711/719/2811
f  9712/718/2810 9713/717/2809 9714/720/2812
f  9715/721/2813 9716/720/2812 9717/717/2809
f  9718/720/2812 9719/721/2813 9720/722/2814
f  9721/723/2815 9722/722/2814 9723/721/2813
f  9724/722/2814 9725/723/2815 9726/724/2816
f  9727/725/948 9728/726/948 9729/727/948
f  9730/726/948 9731/725/948 9732/728/948
f  9733/725/948 9734/729/948 9735/728/948
f  9736/729/948 9737/725/948 9738/730/948
f  9739/731/2817 9740/732/2818 9741/733/2819
f  9742/732/2818 9743/731/2817 9744/734/2820
f  9745/735/2821 9746/734/2820 9747/731/2817
f  9748/734/2820 9749/735/2821 9750/736/2822
f  9751/737/2823 9752/736/2822 9753/735/2821
f  9754/736/2822 9755/737/2823 9756/738/2824
f  9757/303/2825 9758/304/2825 9759/305/2825
f  9760/304/2825 9761/303/2825 9762/306/2825
f  9763/307/2826 9764/308/2826 9765/309/2826
f  9766/308/2826 9767/307/2826 9768/310/2826
f  9769/311/2827 9770/312/2827 9771/313/2827
f  9772/312/2827 9773/311/2827 9774/314/2827
f  9775/315/2827 9776/316/2827 9777/317/2827
f  9778/316/2827 9779/315/2827 9780/318/2827
f  9781/319/2828 9782/320/2828 9783/321/2829
f  9784/320/2828 9785/319/2828 9786/322/2830
f  9787/323/2831 9788/324/2831 9789/325/2832
f  9790/324/2831 9791/323/2831 9792/326/2833
f  9793/327/2827 9794/328/2827 9795/329/2827
f  9796/328/2827 9797/327/2827 9798/330/2827
f  9799/331/2825 9800/332/2825 9801/333/2825
f  9802/332/2825 9803/331/2825 9804/334/2825
f  9805/335/2834 9806/336/2834 9807/337/2835
f  9808/336/2834 9809/335/2834 9810/338/2836
f  9811/339/2826 9812/340/2826 9813/341/2826
f  9814/340/2826 9815/339/2826 9816/342/2826
f  9817/343/2837 9818/344/2837 9819/345/2838
f  9820/344/2837 9821/343/2837 9822/346/2839
f  9823/347/2840 9824/348/2840 9825/349/2841
f  9826/348/2840 9827/347/2840 9828/350/2842
f  9829/351/2843 9830/352/2843 9831/353/2844
f  9832/352/2843 9833/351/2843 9834/354/2845
f  9835/355/2827 9836/356/2827 9837/357/2827
f  9838/356/2827 9839/355/2827 9840/358/2827
f  9841/359/2825 9842/360/2825 9843/361/2825
f  9844/360/2825 9845/359/2825 9846/362/2825
f  9847/363/2846 9848/364/2846 9849/365/2847
f  9850/364/2846 9851/363/2846 9852/366/2848
f  9853/367/2828 9854/368/2828 9855/369/2829
f  9856/368/2828 9857/367/2828 9858/370/2830
f  9859/371/2849 9860/372/2849 9861/373/2849
f  9862/372/2849 9863/371/2849 9864/374/2849
f  9865/375/2825 9866/376/2825 9867/377/2825
f  9868/376/2825 9869/375/2825 9870/378/2825
f  9871/379/2840 9872/380/2840 9873/381/2841
f  9874/380/2840 9875/379/2840 9876/382/2842
f  9877/303/2825 9878/305/2825 9879/304/2825
f  9880/304/2825 9881/306/2825 9882/303/2825
f  9883/307/2831 9884/309/2832 9885/308/2831
f  9886/308/2831 9887/310/2833 9888/307/2831
f  9889/311/2827 9890/313/2827 9891/312/2827
f  9892/312/2827 9893/314/2827 9894/311/2827
f  9895/315/2827 9896/317/2827 9897/316/2827
f  9898/316/2827 9899/318/2827 9900/315/2827
f  9901/319/2840 9902/321/2841 9903/320/2840
f  9904/320/2840 9905/322/2842 9906/319/2840
f  9907/323/2850 9908/325/2851 9909/324/2850
f  9910/324/2850 9911/326/2852 9912/323/2850
f  9913/327/2827 9914/329/2827 9915/328/2827
f  9916/328/2827 9917/330/2827 9918/327/2827
f  9919/331/2825 9920/333/2825 9921/332/2825
f  9922/332/2825 9923/334/2825 9924/331/2825
f  9925/335/2843 9926/337/2844 9927/336/2843
f  9928/336/2843 9929/338/2845 9930/335/2843
f  9931/339/2853 9932/341/2826 9933/340/2853
f  9934/340/2853 9935/342/2854 9936/339/2853
f  9937/343/2846 9938/345/2847 9939/344/2846
f  9940/344/2846 9941/346/2848 9942/343/2846
f  9943/347/2855 9944/349/2856 9945/348/2855
f  9946/348/2855 9947/350/2830 9948/347/2855
f  9949/351/2834 9950/353/2835 9951/352/2834
f  9952/352/2834 9953/354/2836 9954/351/2834
f  9955/355/2827 9956/357/2827 9957/356/2827
f  9958/356/2827 9959/358/2827 9960/355/2827
f  9961/359/2825 9962/361/2825 9963/360/2825
f  9964/360/2825 9965/362/2825 9966/359/2825
f  9967/363/2837 9968/365/2838 9969/364/2837
f  9970/364/2837 9971/366/2839 9972/363/2837
f  9973/367/2840 9974/369/2841 9975/368/2840
f  9976/368/2840 9977/370/2842 9978/367/2840
f  9979/371/2857 9980/373/2849 9981/372/2857
f  9982/372/2857 9983/374/2858 9984/371/2857
f  9985/375/2825 9986/377/2825 9987/376/2825
f  9988/376/2825 9989/378/2825 9990/375/2825
f  9991/379/2828 9992/381/2829 9993/380/2828
f  9994/380/2828 9995/382/2830 9996/379/2828
f  9997/303/2859 9998/304/2859 9999/305/2859
f  10000/304/2859 10001/303/2859 10002/306/2859
f  10003/307/2860 10004/308/2860 10005/309/2860
f  10006/308/2860 10007/307/2860 10008/310/2860
f  10009/311/2861 10010/312/2861 10011/313/2861
f  10012/312/2861 10013/311/2861 10014/314/2861
f  10015/315/2861 10016/316/2861 10017/317/2861
f  10018/316/2861 10019/315/2861 10020/318/2861
f  10021/319/2862 10022/320/2862 10023/321/2863
f  10024/320/2862 10025/319/2862 10026/322/2864
f  10027/323/2865 10028/324/2865 10029/325/2866
f  10030/324/2865 10031/323/2865 10032/326/2867
f  10033/327/2861 10034/328/2861 10035/329/2861
f  10036/328/2861 10037/327/2861 10038/330/2861
f  10039/331/2859 10040/332/2859 10041/333/2859
f  10042/332/2859 10043/331/2859 10044/334/2859
f  10045/335/2868 10046/336/2868 10047/337/2869
f  10048/336/2868 10049/335/2868 10050/338/2870
f  10051/339/2860 10052/340/2860 10053/341/2860
f  10054/340/2860 10055/339/2860 10056/342/2860
f  10057/343/2871 10058/344/2871 10059/345/2872
f  10060/344/2871 10061/343/2871 10062/346/2873
f  10063/347/2874 10064/348/2874 10065/349/2875
f  10066/348/2874 10067/347/2874 10068/350/2876
f  10069/351/2877 10070/352/2877 10071/353/2878
f  10072/352/2877 10073/351/2877 10074/354/2879
f  10075/355/2861 10076/356/2861 10077/357/2861
f  10078/356/2861 10079/355/2861 10080/358/2861
f  10081/359/2859 10082/360/2859 10083/361/2859
f  10084/360/2859 10085/359/2859 10086/362/2859
f  10087/363/2880 10088/364/2880 10089/365/2881
f  10090/364/2880 10091/363/2880 10092/366/2882
f  10093/367/2862 10094/368/2862 10095/369/2863
f  10096/368/2862 10097/367/2862 10098/370/2864
f  10099/371/2883 10100/372/2883 10101/373/2883
f  10102/372/2883 10103/371/2883 10104/374/2883
f  10105/375/2859 10106/376/2859 10107/377/2859
f  10108/376/2859 10109/375/2859 10110/378/2859
f  10111/379/2884 10112/380/2884 10113/381/2885
f  10114/380/2884 10115/379/2884 10116/382/2876
f  10117/303/2859 10118/305/2859 10119/304/2859
f  10120/304/2859 10121/306/2859 10122/303/2859
f  10123/307/2886 10124/309/2860 10125/308/2886
f  10126/308/2886 10127/310/2887 10128/307/2886
f  10129/311/2861 10130/313/2861 10131/312/2861
f  10132/312/2861 10133/314/2861 10134/311/2861
f  10135/315/2861 10136/317/2861 10137/316/2861
f  10138/316/2861 10139/318/2861 10140/315/2861
f  10141/319/2884 10142/321/2885 10143/320/2884
f  10144/320/2884 10145/322/2876 10146/319/2884
f  10147/323/2888 10148/325/2889 10149/324/2888
f  10150/324/2888 10151/326/2890 10152/323/2888
f  10153/327/2861 10154/329/2861 10155/328/2861
f  10156/328/2861 10157/330/2861 10158/327/2861
f  10159/331/2859 10160/333/2859 10161/332/2859
f  10162/332/2859 10163/334/2859 10164/331/2859
f  10165/335/2891 10166/337/2892 10167/336/2891
f  10168/336/2891 10169/338/2893 10170/335/2891
f  10171/339/2865 10172/341/2866 10173/340/2865
f  10174/340/2865 10175/342/2867 10176/339/2865
f  10177/343/2880 10178/345/2881 10179/344/2880
f  10180/344/2880 10181/346/2882 10182/343/2880
f  10183/347/2862 10184/349/2863 10185/348/2862
f  10186/348/2862 10187/350/2864 10188/347/2862
f  10189/351/2894 10190/353/2869 10191/352/2894
f  10192/352/2894 10193/354/2895 10194/351/2894
f  10195/355/2861 10196/357/2861 10197/356/2861
f  10198/356/2861 10199/358/2861 10200/355/2861
f  10201/359/2859 10202/361/2859 10203/360/2859
f  10204/360/2859 10205/362/2859 10206/359/2859
f  10207/363/2896 10208/365/2897 10209/364/2896
f  10210/364/2896 10211/366/2873 10212/363/2896
f  10213/367/2874 10214/369/2875 10215/368/2874
f  10216/368/2874 10217/370/2876 10218/367/2874
f  10219/371/2898 10220/373/2899 10221/372/2898
f  10222/372/2898 10223/374/2883 10224/371/2898
f  10225/375/2859 10226/377/2859 10227/376/2859
f  10228/376/2859 10229/378/2859 10230/375/2859
f  10231/379/2900 10232/381/2901 10233/380/2900
f  10234/380/2900 10235/382/2864 10236/379/2900

