# File produced by Open Asset Import Library (http://www.assimp.sf.net)
# (assimp v6.0.0)

mtllib ship09c.mtl

# 2715 vertex positions
v 133.790009 -97.6100006 45
v 133.790009 -97.6100006 -6.99999571
v 90.2400055 -66.0599976 49.090004
v -133.790009 -97.6100006 -6.99999571
v -133.790009 -97.6100006 45
v -90.2400055 -66.0599976 49.090004
v 126.460007 78.4899979 -3.23000336
v 132.089996 32.7700005 -3.23000145
v 85.8199997 65.4899979 2.61999726
v 126.460007 78.4899979 -29.4200039
v 85.8199997 65.4899979 -41.6200027
v 132.089996 32.7700005 -29.4200001
v -132.089996 32.7700005 -3.23000145
v -126.460007 78.4899979 -3.23000336
v -85.8199997 65.4899979 2.61999726
v -85.8199997 65.4899979 -41.6200027
v -126.460007 78.4899979 -29.4200039
v -132.089996 32.7700005 -29.4200001
v 103.220001 81.1600037 25.4699974
v 157.579987 46.8200035 67.1199951
v 95.2000046 78.9399948 44.1699982
v 157.579987 46.8200035 67.1199951
v 103.220001 81.1600037 25.4699974
v 165.610001 49.0500031 48.4199982
v 165.610001 49.0500031 48.4199982
v 234.430008 -12.4199963 93.0599976
v 157.579987 46.8200035 67.1199951
v 234.430008 -12.4199963 93.0599976
v 165.610001 49.0500031 48.4199982
v 242.459991 -10.1999969 74.3600006
v 252.320007 -37.2299957 75.3799973
v 234.430008 -12.4199963 93.0599976
v 242.459991 -10.1999969 74.3600006
v 234.430008 -12.4199963 93.0599976
v 252.320007 -37.2299957 75.3799973
v 244.300003 -39.4499969 94.090004
v 252.320007 -37.2299957 75.3799973
v 190.559998 -95.9300003 64.3300018
v 244.300003 -39.4499969 94.090004
v 190.559998 -95.9300003 64.3300018
v 252.320007 -37.2299957 75.3799973
v 198.580002 -93.7099991 45.6200027
v 147.029999 -127.389999 19.510006
v 190.559998 -95.9300003 64.3300018
v 198.580002 -93.7099991 45.6200027
v 190.559998 -95.9300003 64.3300018
v 147.029999 -127.389999 19.510006
v 139 -129.610001 38.2100029
v 126.520004 100.100006 9.86999607
v 153.059998 112.020004 -23.8700047
v 126.520004 100.100006 -23.8700047
v 153.059998 112.020004 -23.8700047
v 126.520004 100.100006 9.86999607
v 153.059998 112.020004 9.86999512
v 153.059998 112.020004 9.86999512
v 206.320007 135.940002 -15.2800055
v 153.059998 112.020004 -23.8700047
v 206.320007 135.940002 -15.2800055
v 153.059998 112.020004 9.86999512
v 206.320007 135.940002 1.27999401
v 206.320007 135.940002 1.27999401
v 177.049988 228 -15.2800102
v 206.320007 135.940002 -15.2800055
v 177.049988 228 -15.2800102
v 206.320007 135.940002 1.27999401
v 177.049988 228 1.27998996
v 177.049988 228 1.27998996
v 130.680008 263.600006 -17.7800121
v 177.049988 228 -15.2800102
v 130.680008 263.600006 -17.7800121
v 177.049988 228 1.27998996
v 130.680008 263.600006 4.27998877
v 78.6800003 263.339996 9.8699894
v 130.680008 263.600006 -17.7800121
v 130.680008 263.600006 4.27998877
v 130.680008 263.600006 -17.7800121
v 78.6800003 263.339996 9.8699894
v 78.6800003 263.339996 -23.8700123
v 60.2299995 231.62999 9.8699894
v 78.6800003 263.339996 -23.8700123
v 78.6800003 263.339996 9.8699894
v 78.6800003 263.339996 -23.8700123
v 60.2299995 231.62999 9.8699894
v 60.2299995 231.62999 -23.8700104
v 153.059998 112.020004 9.86999512
v 177.049988 228 1.27998996
v 206.320007 135.940002 1.27999401
v 177.049988 228 1.27998996
v 153.059998 112.020004 9.86999512
v 98.0199966 224 9.86999035
v 98.0199966 224 9.86999035
v 130.680008 263.600006 4.27998877
v 177.049988 228 1.27998996
v 130.680008 263.600006 4.27998877
v 98.0199966 224 9.86999035
v 78.6800003 263.339996 9.8699894
v 98.0199966 224 9.86999035
v 60.2299995 231.62999 9.8699894
v 78.6800003 263.339996 9.8699894
v 60.2299995 231.62999 9.8699894
v 98.0199966 224 9.86999035
v 85.8899994 202.290009 9.8699913
v 153.059998 112.020004 9.86999512
v 85.8899994 202.290009 9.8699913
v 98.0199966 224 9.86999035
v 85.8899994 202.290009 9.8699913
v 153.059998 112.020004 9.86999512
v 126.520004 100.100006 9.86999607
v -190.559998 -95.9300003 64.3300018
v -95.2000046 78.9399948 44.1699982
v -139 -129.610001 38.2100029
v -95.2000046 78.9399948 44.1699982
v -190.559998 -95.9300003 64.3300018
v -157.579987 46.8200035 67.1199951
v -244.300003 -39.4499969 94.090004
v -157.579987 46.8200035 67.1199951
v -190.559998 -95.9300003 64.3300018
v -157.579987 46.8200035 67.1199951
v -244.300003 -39.4499969 94.090004
v -234.430008 -12.4199963 93.0599976
v -93.4499969 205.229996 -23.8700085
v -153.059998 112.020004 -23.8700047
v -126.520004 100.100006 -23.8700047
v -153.059998 112.020004 -23.8700047
v -93.4499969 205.229996 -23.8700085
v -100.629997 218.699997 -23.8700085
v -177.049988 228 -15.2800102
v -153.059998 112.020004 -23.8700047
v -100.629997 218.699997 -23.8700085
v -153.059998 112.020004 -23.8700047
v -177.049988 228 -15.2800102
v -206.320007 135.940002 -15.2800055
v -60.2299995 231.62999 -23.8700104
v -100.629997 218.699997 -23.8700085
v -93.4499969 205.229996 -23.8700085
v -100.629997 218.699997 -23.8700085
v -60.2299995 231.62999 -23.8700104
v -78.6800003 263.339996 -23.8700123
v -130.680008 263.600006 -17.7800121
v -100.629997 218.699997 -23.8700085
v -78.6800003 263.339996 -23.8700123
v -100.629997 218.699997 -23.8700085
v -130.680008 263.600006 -17.7800121
v -177.049988 228 -15.2800102
v 171.279999 -125.699997 42.7900047
v 215.809982 -101.240005 30.090004
v 174.139999 -125.810005 17.9800072
v 215.809982 -101.240005 30.090004
v 171.279999 -125.699997 42.7900047
v 209.87001 -102.940002 54.0000076
v 205.209991 -37.7999954 57.4800034
v 215.809982 -101.240005 30.090004
v 209.87001 -102.940002 54.0000076
v 215.809982 -101.240005 30.090004
v 205.209991 -37.7999954 57.4800034
v 211.150009 -36.0999985 33.5700035
v 172.199997 38.8800011 54.7299995
v 211.150009 -36.0999985 33.5700035
v 205.209991 -37.7999954 57.4800034
v 211.150009 -36.0999985 33.5700035
v 172.199997 38.8800011 54.7299995
v 178.139999 40.5800018 30.8199978
v 102.629997 92.0599976 41.2199974
v 178.139999 40.5800018 30.8199978
v 172.199997 38.8800011 54.7299995
v 178.139999 40.5800018 30.8199978
v 102.629997 92.0599976 41.2199974
v 108.580002 93.7600021 17.3099957
v 173.860001 -103.229996 7.27000475
v 142.209991 -67.5499954 43.2300034
v 146.330002 -66.2999954 5.48000288
v 142.209991 -67.5499954 43.2300034
v 173.860001 -103.229996 7.27000475
v 169.75 -104.480003 45.010006
v 173.860001 -103.229996 7.27000475
v 173.940002 -144.949997 44.140007
v 169.75 -104.480003 45.010006
v 173.940002 -144.949997 44.140007
v 173.860001 -103.229996 7.27000475
v 178.059998 -143.699997 6.39000607
v 173.860001 -103.229996 7.27000475
v 128.559998 -182.270004 -0.279992014
v 178.059998 -143.699997 6.39000607
v 128.559998 -182.270004 -0.279992014
v 173.860001 -103.229996 7.27000475
v 90.090004 -145.360001 -3.25999379
v 173.860001 -103.229996 7.27000475
v 146.330002 -66.2999954 5.48000288
v 90.090004 -145.360001 -3.25999379
v 146.330002 -66.2999954 5.48000288
v 131.649994 -73.0799942 3.66000342
v 90.090004 -145.360001 -3.25999379
v 124.440002 -183.519989 37.4700089
v 169.75 -104.480003 45.010006
v 173.940002 -144.949997 44.140007
v 169.75 -104.480003 45.010006
v 124.440002 -183.519989 37.4700089
v 85.9700012 -146.610001 34.4900055
v -174.139999 -125.810005 17.9800072
v -211.150009 -36.0999985 33.5700035
v -215.809982 -101.240005 30.090004
v -211.150009 -36.0999985 33.5700035
v -174.139999 -125.810005 17.9800072
v -133.199997 -52.7800026 13.0000029
v -133.199997 -52.7800026 13.0000029
v -178.139999 40.5800018 30.8199978
v -211.150009 -36.0999985 33.5700035
v -178.139999 40.5800018 30.8199978
v -133.199997 -52.7800026 13.0000029
v -106.32 40.9000015 12.9899979
v -108.580002 93.7600021 17.3099957
v -178.139999 40.5800018 30.8199978
v -106.32 40.9000015 12.9899979
v -106.32 40.9000015 12.9899979
v -102.629997 92.0599976 41.2199974
v -108.580002 93.7600021 17.3099957
v -102.629997 92.0599976 41.2199974
v -106.32 40.9000015 12.9899979
v -100.380005 39.2000008 36.8999939
v -142.209991 -67.5499954 43.2300034
v -85.9700012 -146.610001 34.4900055
v -169.75 -104.480003 45.010006
v -85.9700012 -146.610001 34.4900055
v -142.209991 -67.5499954 43.2300034
v -62.8799973 -104.169998 33.3800049
v -63.4800034 -103.989998 27.9000072
v -85.9700012 -146.610001 34.4900055
v -62.8799973 -104.169998 33.3800049
v -124.440002 -183.519989 37.4700089
v -178.059998 -143.699997 6.39000607
v -173.940002 -144.949997 44.140007
v -178.059998 -143.699997 6.39000607
v -124.440002 -183.519989 37.4700089
v -128.559998 -182.270004 -0.279992014
v -133.790009 -97.6100006 45
v -131.73999 12.6200008 10.4899998
v -131.73999 12.6200018 46.7999992
v -131.73999 12.6200008 10.4899998
v -133.790009 -97.6100006 45
v -133.790009 -97.6100006 -6.99999571
v -120.560005 -90.8600006 43.8800049
v -88 -117.999992 21.0600052
v -120.760002 -90.6999969 21.0600052
v -88 -117.999992 21.0600052
v -120.560005 -90.8600006 43.8800049
v -88 -117.999992 43.8800049
v -87 -144 34.8800049
v -88 -117.999992 21.0600052
v -88 -117.999992 43.8800049
v -88 -117.999992 21.0600052
v -87 -144 34.8800049
v -87 -144 18.9000053
v -41 -169 34.8800049
v -87 -144 18.9000053
v -87 -144 34.8800049
v -87 -144 18.9000053
v -41 -169 34.8800049
v -41 -169 18.0000076
v -41 -169 34.8800049
v -30.0000019 -150.5 30.7800064
v -41 -169 18.0000076
v -30.0000019 -150.5 30.7800064
v -41 -169 34.8800049
v -30.0000019 -150.5 43.8800049
v 41.9000015 -16.8500042 -67.5999985
v 57.9000015 -11.0200033 -67.5999985
v 49.2999992 -5.44000292 -67.5999985
v 57.9000015 -11.0200033 -67.5999985
v 41.9000015 -16.8500042 -67.5999985
v 50.4899979 -22.4300022 -67.5999985
v 50.4899979 -22.4300022 -67.5999985
v 66.5 -16.6100025 -63.5999985
v 57.9000015 -11.0200033 -67.5999985
v 66.5 -16.6100025 -63.5999985
v 50.4899979 -22.4300022 -67.5999985
v 59.0900002 -28.0100021 -63.5999985
v 59.0900002 -28.0100021 -60.2500038
v 66.5 -16.6100025 -63.5999985
v 59.0900002 -28.0100021 -63.5999985
v 66.5 -16.6100025 -63.5999985
v 59.0900002 -28.0100021 -60.2500038
v 66.5 -16.6100025 -60.2500038
v 51.8999977 2.7499969 -67.5999985
v 67.9000015 8.57999706 -67.5999985
v 59.2999992 14.159997 -67.5999985
v 67.9000015 8.57999706 -67.5999985
v 51.8999977 2.7499969 -67.5999985
v 60.4900017 -2.83000302 -67.5999985
v 60.4900017 -2.83000302 -67.5999985
v 76.5 2.98999715 -63.5999985
v 67.9000015 8.57999706 -67.5999985
v 76.5 2.98999715 -63.5999985
v 60.4900017 -2.83000302 -67.5999985
v 69.090004 -8.41000271 -63.5999985
v 69.090004 -8.41000271 -60.2500038
v 76.5 2.98999715 -63.5999985
v 69.090004 -8.41000271 -63.5999985
v 76.5 2.98999715 -63.5999985
v 69.090004 -8.41000271 -60.2500038
v 76.5 2.98999739 -60.2500038
v 71.9199982 42.0099983 -67.5999985
v 87.9300003 47.829998 -67.5999985
v 79.3299942 53.420002 -67.5999985
v 87.9300003 47.829998 -67.5999985
v 71.9199982 42.0099983 -67.5999985
v 80.5199966 36.4299965 -67.5999985
v 80.5199966 36.4299965 -67.5999985
v 96.5200043 42.25 -63.5999985
v 87.9300003 47.829998 -67.5999985
v 96.5200043 42.25 -63.5999985
v 80.5199966 36.4299965 -67.5999985
v 89.1200027 30.8499966 -63.5999985
v 89.1200027 30.8499966 -60.2500038
v 96.5200043 42.25 -63.5999985
v 89.1200027 30.8499966 -63.5999985
v 96.5200043 42.25 -63.5999985
v 89.1200027 30.8499966 -60.2500038
v 96.5200043 42.25 -60.2500038
v 78.4899979 -103.410004 -42.3999939
v 67.0999985 -110.839996 -39.6999969
v 78.4899979 -103.410004 -39.6999969
v 67.0999985 -110.839996 -39.6999969
v 78.4899979 -103.410004 -42.3999939
v 67.0999985 -110.839996 -42.3999939
v 78.4899979 -103.410004 -42.3999939
v 62.9199982 -104.429993 -46.3999939
v 67.0999985 -110.839996 -42.3999939
v 62.9199982 -104.429993 -46.3999939
v 78.4899979 -103.410004 -42.3999939
v 74.3099976 -97.0100021 -46.3999939
v 74.3099976 -97.0100021 -46.3999939
v 57.9799995 -96.8499985 -46.3999939
v 62.9199982 -104.429993 -46.3999939
v 57.9799995 -96.8499985 -46.3999939
v 74.3099976 -97.0100021 -46.3999939
v 69.3700027 -89.4200058 -46.3999939
v -59.0900002 -28.0100021 -60.2500038
v -50.4899979 -22.4300022 -67.5999985
v -59.0900002 -28.0100021 -63.5999985
v -50.4899979 -22.4300022 -67.5999985
v -59.0900002 -28.0100021 -60.2500038
v -41.9000015 -16.8500042 -60.2500038
v -41.9000015 -16.8500042 -60.2500038
v -41.9000015 -16.8500042 -67.5999985
v -50.4899979 -22.4300022 -67.5999985
v -69.090004 -8.41000271 -60.2500038
v -60.4900017 -2.83000302 -67.5999985
v -69.090004 -8.41000271 -63.5999985
v -60.4900017 -2.83000302 -67.5999985
v -69.090004 -8.41000271 -60.2500038
v -51.8999977 2.74999738 -60.2500038
v -51.8999977 2.74999738 -60.2500038
v -51.8999977 2.7499969 -67.5999985
v -60.4900017 -2.83000302 -67.5999985
v -89.1200027 30.8499966 -60.2500038
v -80.5199966 36.4299965 -67.5999985
v -89.1200027 30.8499966 -63.5999985
v -80.5199966 36.4299965 -67.5999985
v -89.1200027 30.8499966 -60.2500038
v -71.9199982 42.0099983 -60.2500038
v -71.9199982 42.0099983 -60.2500038
v -71.9199982 42.0099983 -67.5999985
v -80.5199966 36.4299965 -67.5999985
v 21.5599995 247 -1.07967135e-05
v 50.7200012 247 16.8299904
v 31.2799988 247 16.8299904
v 50.7200012 247 16.8299904
v 21.5599995 247 -1.07967135e-05
v 60.4300003 247 -1.07967135e-05
v 21.5599995 247 -1.07967135e-05
v 50.7200012 247 -16.8300114
v 60.4300003 247 -1.07967135e-05
v 50.7200012 247 -16.8300114
v 21.5599995 247 -1.07967135e-05
v 31.2799988 247 -16.8300114
v 21.5599995 227.049988 -9.92467085e-06
v 31.2799988 247 -16.8300114
v 21.5599995 247 -1.07967135e-05
v 31.2799988 247 -16.8300114
v 21.5599995 227.049988 -9.92467085e-06
v 31.2799988 227.049988 -16.8300114
v 31.2799988 227.049988 -16.8300114
v 50.7200012 247 -16.8300114
v 31.2799988 247 -16.8300114
v 50.7200012 247 -16.8300114
v 31.2799988 227.049988 -16.8300114
v 50.7200012 227.049988 -16.8300114
v 50.7200012 227.049988 -16.8300114
v 60.4300003 247 -1.07967135e-05
v 50.7200012 247 -16.8300114
v 60.4300003 247 -1.07967135e-05
v 50.7200012 227.049988 -16.8300114
v 60.4300003 227.049988 -9.92467085e-06
v 120.560005 -90.8600006 -40.0799942
v 94.4000015 -71.8700027 -17.2599964
v 94.4000015 -71.8700027 -40.0799942
v 94.4000015 -71.8700027 -17.2599964
v 120.560005 -90.8600006 -40.0799942
v 120.760002 -90.6999969 -17.2599964
v 30.0000019 -150.5 -26.9799957
v 41 -169 -31.0799923
v 30.0000019 -150.5 -40.0799942
v 41 -169 -31.0799923
v 30.0000019 -150.5 -26.9799957
v 41 -169 -14.1999931
v 87 -144 -15.0999937
v 41 -169 -31.0799923
v 41 -169 -14.1999931
v 41 -169 -31.0799923
v 87 -144 -15.0999937
v 87 -144 -31.0799923
v 88 -117.999992 -17.2599964
v 87 -144 -31.0799923
v 87 -144 -15.0999937
v 87 -144 -31.0799923
v 88 -117.999992 -17.2599964
v 88 -117.999992 -40.0799942
v 88 -117.999992 -17.2599964
v 120.560005 -90.8600006 -40.0799942
v 88 -117.999992 -40.0799942
v 120.560005 -90.8600006 -40.0799942
v 88 -117.999992 -17.2599964
v 120.760002 -90.6999969 -17.2599964
v 87 -144 -31.0799923
v 30.0000019 -150.5 -40.0799942
v 41 -169 -31.0799923
v 30.0000019 -150.5 -40.0799942
v 87 -144 -31.0799923
v 88 -117.999992 -40.0799942
v 30.0000019 -150.5 -40.0799942
v 88 -117.999992 -40.0799942
v 22.9699993 -124.969994 -40.0799942
v 22.9699993 -124.969994 -40.0799942
v 88 -117.999992 -40.0799942
v 94.4000015 -71.8700027 -40.0799942
v 88 -117.999992 -40.0799942
v 120.560005 -90.8600006 -40.0799942
v 94.4000015 -71.8700027 -40.0799942
v 124.979996 183.610001 12.9999924
v 84.9899979 171.87999 -59.0000038
v 124.979996 183.610001 -47.0000076
v 84.9899979 171.87999 -59.0000038
v 124.979996 183.610001 12.9999924
v 84.9899979 171.87999 27.8399906
v 49.6599998 161.51001 -47.9500046
v 84.9899979 171.87999 -59.0000038
v 84.9899979 171.87999 27.8399906
v 49.6599998 161.51001 -59.3000069
v 84.9899979 171.87999 -59.0000038
v 49.6599998 161.51001 -47.9500046
v 49.6599998 161.51001 27.9999943
v 49.6599998 161.51001 -47.9500046
v 84.9899979 171.87999 27.8399906
v 143.839996 119.32 -47.0000076
v 124.979996 183.610001 12.9999924
v 124.979996 183.610001 -47.0000076
v 124.979996 183.610001 12.9999924
v 143.839996 119.32 -47.0000076
v 143.839996 119.32 12.9999933
v 14 -16.0000019 -60.0000038
v 120.760002 43.8399963 -61.1599998
v 79 84 -60.0000076
v 120.760002 43.8399963 -61.1599998
v 14 -16.0000019 -60.0000038
v 62.5400009 -50.5599976 -60.8899994
v 62.5400009 -50.5599976 -60.8899994
v 182.930008 -15.9600019 -44.5900002
v 120.760002 43.8399963 -61.1599998
v 182.930008 -15.9600019 -44.5900002
v 62.5400009 -50.5599976 -60.8899994
v 131.860001 -99.9100037 -44.1699982
v 161 -83.7100067 -40.9499969
v 182.930008 -15.9600019 -44.5900002
v 131.860001 -99.9100037 -44.1699982
v 183.01001 -16.0100002 -0.429999322
v 120.760002 43.8399963 -61.1599998
v 182.930008 -15.9600019 -44.5900002
v 120.760002 43.8399963 -61.1599998
v 183.01001 -16.0100002 -0.429999322
v 120.760002 43.8400002 16.9999981
v 120.760002 43.8400002 16.9999981
v 79 84 -60.0000076
v 120.760002 43.8399963 -61.1599998
v 79 84 -60.0000076
v 120.760002 43.8400002 16.9999981
v 79 84 16.9999981
v 62.4000015 -273.600006 13.2200127
v 59.7700005 -177.600006 12.1300068
v 62.4000015 -177.600006 13.2200079
v 59.7700005 -177.600006 12.1300068
v 62.4000015 -273.600006 13.2200127
v 59.7700005 -273.600006 12.1300116
v 59.7700005 -273.600006 12.1300116
v 58.6799965 -177.600006 9.50000763
v 59.7700005 -177.600006 12.1300068
v 58.6799965 -177.600006 9.50000763
v 59.7700005 -273.600006 12.1300116
v 58.6799965 -273.600006 9.50001144
v 58.6799965 -273.600006 9.50001144
v 59.7700005 -177.600006 6.87000751
v 58.6799965 -177.600006 9.50000763
v 59.7700005 -177.600006 6.87000751
v 58.6799965 -273.600006 9.50001144
v 59.7700005 -273.600006 6.87001181
v 59.7700005 -273.600006 6.87001181
v 62.4000015 -177.600006 5.78000784
v 59.7700005 -177.600006 6.87000751
v 62.4000015 -177.600006 5.78000784
v 59.7700005 -273.600006 6.87001181
v 62.4000015 -273.600006 5.78001165
v 62.4000015 -273.600006 5.78001165
v 65.0299988 -177.600006 6.87000751
v 62.4000015 -177.600006 5.78000784
v 65.0299988 -177.600006 6.87000751
v 62.4000015 -273.600006 5.78001165
v 65.0299988 -273.600006 6.87001181
v 65.0299988 -273.600006 6.87001181
v 66.1199951 -177.600006 9.50000763
v 65.0299988 -177.600006 6.87000751
v 66.1199951 -177.600006 9.50000763
v 65.0299988 -273.600006 6.87001181
v 66.1199951 -273.600006 9.50001144
v 66.1199951 -273.600006 9.50001144
v 65.0299988 -177.600006 12.1300068
v 66.1199951 -177.600006 9.50000763
v 65.0299988 -177.600006 12.1300068
v 66.1199951 -273.600006 9.50001144
v 65.0299988 -273.600006 12.1300116
v 65.0299988 -273.600006 12.1300116
v 62.4000015 -177.600006 13.2200079
v 65.0299988 -177.600006 12.1300068
v 62.4000015 -177.600006 13.2200079
v 65.0299988 -273.600006 12.1300116
v 62.4000015 -273.600006 13.2200127
v -59.7700005 -187 12.1300077
v -62.4000015 -283 13.2200127
v -62.4000015 -187 13.2200079
v -62.4000015 -283 13.2200127
v -59.7700005 -187 12.1300077
v -59.7700005 -283 12.1300125
v -58.6799965 -187 9.50000763
v -59.7700005 -283 12.1300125
v -59.7700005 -187 12.1300077
v -59.7700005 -283 12.1300125
v -58.6799965 -187 9.50000763
v -58.6799965 -283 9.5000124
v -59.7700005 -187 6.87000847
v -58.6799965 -283 9.5000124
v -58.6799965 -187 9.50000763
v -58.6799965 -283 9.5000124
v -59.7700005 -187 6.87000847
v -59.7700005 -283 6.87001276
v -62.4000015 -187 5.78000784
v -59.7700005 -283 6.87001276
v -59.7700005 -187 6.87000847
v -59.7700005 -283 6.87001276
v -62.4000015 -187 5.78000784
v -62.4000015 -283 5.78001213
v -65.0299988 -187 6.87000847
v -62.4000015 -283 5.78001213
v -62.4000015 -187 5.78000784
v -62.4000015 -283 5.78001213
v -65.0299988 -187 6.87000847
v -65.0299988 -283 6.87001276
v -66.1199951 -187 9.50000763
v -65.0299988 -283 6.87001276
v -65.0299988 -187 6.87000847
v -65.0299988 -283 6.87001276
v -66.1199951 -187 9.50000763
v -66.1199951 -283 9.5000124
v -65.0299988 -187 12.1300077
v -66.1199951 -283 9.5000124
v -66.1199951 -187 9.50000763
v -66.1199951 -283 9.5000124
v -65.0299988 -187 12.1300077
v -65.0299988 -283 12.1300125
v -62.4000015 -187 13.2200079
v -65.0299988 -283 12.1300125
v -65.0299988 -187 12.1300077
v -65.0299988 -283 12.1300125
v -62.4000015 -187 13.2200079
v -62.4000015 -283 13.2200127
v -39.6800003 7.03999615 -82.9400024
v -40.0299988 -9.09000301 -72.4700012
v -33.6800003 -9.09000301 -76.3700027
v -40.0299988 -9.09000301 -72.4700012
v -39.6800003 7.03999615 -82.9400024
v -46.3800011 7.0399971 -75.4400024
v -34.079998 -25.2200031 -69.4899979
v 27.6800003 -25.2200031 -73.3899994
v -27.6800003 -25.2200031 -73.3899994
v 27.6800003 -25.2200031 -73.3899994
v -34.079998 -25.2200031 -69.4899979
v 34.079998 -25.2200031 -69.4899979
v 33.6800003 -9.09000301 -79.4700012
v -27.6800003 -25.2200031 -73.3899994
v 27.6800003 -25.2200031 -73.3899994
v -27.6800003 -25.2200031 -73.3899994
v 33.6800003 -9.09000301 -79.4700012
v -33.6800003 -9.09000301 -79.4700012
v 28.0800018 -41.3600044 -66.5199966
v 27.6800003 -25.2200031 -76.9900055
v 21.6800003 -41.3600044 -70.4200058
v 27.6800003 -25.2200031 -76.9900055
v 28.0800018 -41.3600044 -66.5199966
v 34.3800011 -25.2200031 -69.4899979
v 22.3800011 -57.4899979 -63.5400009
v 21.6800003 -41.3600044 -74.0199966
v 15.6800003 -57.4899979 -67.4399948
v 21.6800003 -41.3600044 -74.0199966
v 22.3800011 -57.4899979 -63.5400009
v 28.3800011 -41.3600044 -66.5199966
v -88 -117.999992 -17.2599964
v -120.560005 -90.8600006 -40.0799942
v -120.760002 -90.6999969 -17.2599964
v -120.560005 -90.8600006 -40.0799942
v -88 -117.999992 -17.2599964
v -88 -117.999992 -40.0799942
v -88 -117.999992 -17.2599964
v -87 -144 -31.0799923
v -88 -117.999992 -40.0799942
v -87 -144 -31.0799923
v -88 -117.999992 -17.2599964
v -87 -144 -15.0999937
v -87 -144 -15.0999937
v -41 -169 -31.0799923
v -87 -144 -31.0799923
v -41 -169 -31.0799923
v -87 -144 -15.0999937
v -41 -169 -14.1999931
v -30.0000019 -150.5 -26.9799957
v -41 -169 -31.0799923
v -41 -169 -14.1999931
v -41 -169 -31.0799923
v -30.0000019 -150.5 -26.9799957
v -30.0000019 -150.5 -40.0799942
v -50.7200012 247 16.8299904
v -21.5599995 247 -1.07967135e-05
v -31.2799988 247 16.8299904
v -21.5599995 247 -1.07967135e-05
v -50.7200012 247 16.8299904
v -60.4300003 247 -1.07967135e-05
v -50.7200012 247 -16.8300114
v -21.5599995 247 -1.07967135e-05
v -60.4300003 247 -1.07967135e-05
v -21.5599995 247 -1.07967135e-05
v -50.7200012 247 -16.8300114
v -31.2799988 247 -16.8300114
v -50.7200012 227.049988 -16.8300114
v -60.4300003 247 -1.07967135e-05
v -60.4300003 227.049988 -9.92467085e-06
v -60.4300003 247 -1.07967135e-05
v -50.7200012 227.049988 -16.8300114
v -50.7200012 247 -16.8300114
v -31.2799988 227.049988 -16.8300114
v -50.7200012 247 -16.8300114
v -50.7200012 227.049988 -16.8300114
v -50.7200012 247 -16.8300114
v -31.2799988 227.049988 -16.8300114
v -31.2799988 247 -16.8300114
v -21.5599995 227.049988 -9.92467085e-06
v -31.2799988 247 -16.8300114
v -31.2799988 227.049988 -16.8300114
v -31.2799988 247 -16.8300114
v -21.5599995 227.049988 -9.92467085e-06
v -21.5599995 247 -1.07967135e-05
v -9.72000027 227.349991 -42.3300095
v -19.4300003 247 -25.5000114
v -19.4300003 227.349991 -25.5000076
v -19.4300003 247 -25.5000114
v -9.72000027 227.349991 -42.3300095
v -9.72000027 247 -42.3300133
v 9.72000027 227.349991 -42.3300095
v -9.72000027 247 -42.3300133
v -9.72000027 227.349991 -42.3300095
v -9.72000027 247 -42.3300133
v 9.72000027 227.349991 -42.3300095
v 9.72000027 247 -42.3300133
v 19.4300003 227.349991 -25.5000076
v 9.72000027 247 -42.3300133
v 9.72000027 227.349991 -42.3300095
v 9.72000027 247 -42.3300133
v 19.4300003 227.349991 -25.5000076
v 19.4300003 247 -25.5000114
v -77.9000015 28.1799965 -67.5999985
v -61.9000015 22.3499966 -67.5999985
v -69.3000031 33.7599945 -67.5999985
v -61.9000015 22.3499966 -67.5999985
v -77.9000015 28.1799965 -67.5999985
v -70.4900055 16.7699966 -67.5999985
v -86.5 22.5899963 -63.5999985
v -70.4900055 16.7699966 -67.5999985
v -77.9000015 28.1799965 -67.5999985
v -70.4900055 16.7699966 -67.5999985
v -86.5 22.5899963 -63.5999985
v -79.0899963 11.1899967 -63.5999985
v -86.5 22.5899963 -63.5999985
v -79.0899963 11.1899967 -60.2500038
v -79.0899963 11.1899967 -63.5999985
v -79.0899963 11.1899967 -60.2500038
v -86.5 22.5899963 -63.5999985
v -86.5 22.5899963 -60.2500038
v 35.25 -152.25 -44.359993
v -10.25 -165.449997 -39.359993
v 10.25 -165.449997 -39.359993
v -10.25 -165.449997 -39.359993
v 35.25 -152.25 -44.359993
v -35.25 -152.25 -44.359993
v 49.25 -108.25 -49.859993
v -35.25 -152.25 -44.359993
v 35.25 -152.25 -44.359993
v -35.25 -152.25 -44.359993
v 49.25 -108.25 -49.859993
v -49.25 -108.25 -49.859993
v 97.25 -71 -49.8599968
v -49.25 -108.25 -49.859993
v 49.25 -108.25 -49.859993
v -49.25 -108.25 -49.859993
v 97.25 -71 -49.8599968
v -97.25 -71 -49.8599968
v 97.25 -71 -49.8599968
v -97.25 -0.750002146 -49.8600006
v -97.25 -71 -49.8599968
v -97.25 -0.750002146 -49.8600006
v 97.25 -71 -49.8599968
v 97.25 -0.750002146 -49.8600006
v -37 130 -49.4700089
v -20 190.600006 -59.0000038
v -20 190.600006 -49.4700089
v -20 190.600006 -59.0000038
v -37 130 -49.4700089
v -37 130 -77.0000076
v -41 228 30.8099899
v -90.4700012 221 11.9299908
v -70 235.999985 16.269989
v -90.4700012 221 11.9299908
v -41 228 30.8099899
v -61.2200012 153.660004 30.8099918
v -90.4700012 221 11.9299908
v -61.2200012 153.660004 30.8099918
v -136 80 11.9299965
v -61.2200012 153.660004 30.8099918
v -85.3899994 64 30.8099957
v -136 80 11.9299965
v -41 228 30.8099899
v 61.2200012 153.660004 30.8099918
v -61.2200012 153.660004 30.8099918
v 61.2200012 153.660004 30.8099918
v -41 228 30.8099899
v 41 228 30.8099899
v 41 228 30.8099899
v 90.4700012 221 11.9299908
v 61.2200012 153.660004 30.8099918
v 61.2200012 153.660004 30.8099918
v 90.4700012 221 11.9299908
v 136 80 11.9299965
v 85.3899994 64 30.8099957
v 61.2200012 153.660004 30.8099918
v 136 80 11.9299965
v 90.4700012 221 11.9299908
v 41 228 30.8099899
v 70 235.999985 16.269989
v 50 -116 59.0000038
v -50 -116 38.9400063
v -50 -116 59.0000038
v -50 -116 38.9400063
v 50 -116 59.0000038
v 50 -116 38.9400063
v -105.459999 67.4899979 -63
v -51 130 -82.0000076
v -88.4599991 137.490005 -63.0000038
v -51 130 -82.0000076
v -105.459999 67.4899979 -63
v -70 34.9999962 -82
v -70 34.9999962 -82
v 51 130 -82.0000076
v -51 130 -82.0000076
v 51 130 -82.0000076
v -70 34.9999962 -82
v 70 34.9999962 -82
v 105.459999 67.4899979 -63
v 51 130 -82.0000076
v 70 34.9999962 -82
v 51 130 -82.0000076
v 105.459999 67.4899979 -63
v 88.4599991 137.490005 -63.0000038
v -29 -68 -63
v 70 34.9999962 -82
v -70 34.9999962 -82
v 70 34.9999962 -82
v -29 -68 -63
v 29 -68 -63
v -136 80 -34.9300041
v -90.4700012 221 11.9299908
v -136 80 11.9299965
v -90.4700012 221 11.9299908
v -136 80 -34.9300041
v -90.4700012 221 -34.9300079
v -70 235.999985 -39.2700081
v -90.4700012 221 11.9299908
v -90.4700012 221 -34.9300079
v -90.4700012 221 11.9299908
v -70 235.999985 -39.2700081
v -70 235.999985 16.269989
v -70 235.999985 -39.2700081
v -41 228 30.8099899
v -70 235.999985 16.269989
v -41 228 30.8099899
v -70 235.999985 -39.2700081
v -41 228 -49.810009
v 41 228 -49.810009
v -41 228 30.8099899
v -41 228 -49.810009
v -41 228 30.8099899
v 41 228 -49.810009
v 41 228 30.8099899
v 70 235.999985 -39.2700081
v 41 228 30.8099899
v 41 228 -49.810009
v 41 228 30.8099899
v 70 235.999985 -39.2700081
v 70 235.999985 16.269989
v 70 235.999985 -39.2700081
v 90.4700012 221 11.9299908
v 70 235.999985 16.269989
v 90.4700012 221 11.9299908
v 70 235.999985 -39.2700081
v 90.4700012 221 -34.9300079
v 90.4700012 221 -34.9300079
v 136 80 11.9299965
v 90.4700012 221 11.9299908
v 136 80 11.9299965
v 90.4700012 221 -34.9300079
v 136 80 -34.9300041
v -88 -23.9999962 58.9999962
v 50 -116 59.0000038
v -50 -116 59.0000038
v 50 -116 59.0000038
v -88 -23.9999962 58.9999962
v 88 -23.9999962 58.9999962
v -86 49.0000038 49.9999962
v 88 -23.9999962 58.9999962
v -88 -23.9999962 58.9999962
v 88 -23.9999962 58.9999962
v -86 49.0000038 49.9999962
v 86 49.0000038 49.9999962
v -86 49.0000038 49.9999962
v 84 122 40.9999924
v 86 49.0000038 49.9999962
v 84 122 40.9999924
v -86 49.0000038 49.9999962
v -84 122 40.9999924
v -84 122 40.9999924
v 44 192 21.9999905
v 84 122 40.9999924
v 44 192 21.9999905
v -84 122 40.9999924
v -44 192 21.9999905
v -59.170002 -168.380005 -26.659996
v 0 -158.070007 -27.9999943
v -65.2000046 -147.990005 -28.1899929
v 0 -158.070007 -27.9999943
v -59.170002 -168.380005 -26.659996
v 0 -187.399994 -26.3099899
v 59.170002 -168.380005 -26.659996
v 0 -158.070007 -27.9999943
v 0 -187.399994 -26.3099899
v 0 -158.070007 -27.9999943
v 59.170002 -168.380005 -26.659996
v 65.2000046 -147.990005 -28.1899929
v -51 -196 -16.4099922
v 0 -187.399994 -26.3099899
v -59.170002 -168.380005 -26.659996
v 0 -187.399994 -26.3099899
v -51 -196 -16.4099922
v 0 -217 -16.4099922
v 51 -196 -16.4099922
v 0 -187.399994 -26.3099899
v 0 -217 -16.4099922
v 0 -187.399994 -26.3099899
v 51 -196 -16.4099922
v 59.170002 -168.380005 -26.659996
v -143.839996 119.32 -47.0000076
v -84.9899979 171.87999 -59.0000038
v -124.979996 183.610001 -47.0000076
v -84.9899979 171.87999 -59.0000038
v -143.839996 119.32 -47.0000076
v -106.809998 100.049995 -58.7900047
v -106.809998 100.049995 -58.7900047
v -49.6599998 161.51001 -59.3000069
v -84.9899979 171.87999 -59.0000038
v -49.6599998 161.51001 -59.3000069
v -106.809998 100.049995 -58.7900047
v -72.1800003 84.75 -59.3000069
v -84.9899979 171.87999 27.8399906
v -143.839996 119.32 12.9999933
v -124.979996 183.610001 12.9999924
v -143.839996 119.32 12.9999933
v -84.9899979 171.87999 27.8399906
v -106.809998 100.049995 27.5899982
v -49.6599998 161.51001 27.9999943
v -106.809998 100.049995 27.5899982
v -84.9899979 171.87999 27.8399906
v -106.809998 100.049995 27.5899982
v -49.6599998 161.51001 27.9999943
v -72.1800003 84.75 27.9999962
v -14 -16.0000019 -60.0000038
v -62.5400009 -50.5599976 -47.6499977
v -14 -16.0000019 -46.6800003
v -62.5400009 -50.5599976 -47.6499977
v -14 -16.0000019 -60.0000038
v -62.5400009 -50.5599976 -60.8899994
v -131.860001 -99.9100037 -44.1699982
v -62.5400009 -50.5599976 -47.6499977
v -62.5400009 -50.5599976 -60.8899994
v -62.5400009 -50.5599976 -47.6499977
v -131.860001 -99.9100037 -44.1699982
v -132 -100 -0.509995639
v -161 -83.7100067 -40.9499969
v -132 -100 -0.509995639
v -131.860001 -99.9100037 -44.1699982
v -132 -100 -0.509995639
v -161 -83.7100067 -40.9499969
v -160.619995 -83.4700012 -3.75999618
v -161 -83.7100067 -40.9499969
v -183.01001 -16.0100002 -0.429999322
v -160.619995 -83.4700012 -3.75999618
v -183.01001 -16.0100002 -0.429999322
v -161 -83.7100067 -40.9499969
v -182.930008 -15.9600019 -44.5900002
v 143.720001 -89.5500031 24.760004
v 127.830002 -76.7300034 1.32000339
v 143.720001 -89.5500031 -3.65999603
v 127.830002 -76.7300034 1.32000339
v 143.720001 -89.5500031 24.760004
v 127.550003 -76.5100021 30.7600021
v 127.550003 -76.5100021 30.7600021
v 79.4000015 -37.6500015 4.59000111
v 127.830002 -76.7300034 1.32000339
v 79.4000015 -37.6500015 4.59000111
v 127.550003 -76.5100021 30.7600021
v 79.4000015 -37.6500015 30.7600021
v -94 -199 23.2600098
v -76.2600021 -208.439987 -9.38999176
v -94 -199 10.3800087
v -76.2600021 -208.439987 -9.38999176
v -94 -199 23.2600098
v -76.1399994 -208.5 29.2600098
v -76.1399994 -208.5 29.2600098
v 0 -249 -7.99998856
v -76.2600021 -208.439987 -9.38999176
v 0 -249 -7.99998856
v -76.1399994 -208.5 29.2600098
v 0 -249 29.2600117
v 76.1399994 -208.5 29.2600098
v 0 -249 -7.99998856
v 0 -249 29.2600117
v 0 -249 -7.99998856
v 76.1399994 -208.5 29.2600098
v 76.2600021 -208.439987 -9.38999176
v 94 -199 23.2600098
v 76.2600021 -208.439987 -9.38999176
v 76.1399994 -208.5 29.2600098
v 76.2600021 -208.439987 -9.38999176
v 94 -199 23.2600098
v 94 -199 10.3800087
v -94 -199 10.3800087
v -100.849998 -155 23.2600079
v -94 -199 23.2600098
v -100.849998 -155 23.2600079
v -94 -199 10.3800087
v -100.849998 -155 5.25000668
v -100.849998 -155 5.25000668
v -143.720001 -89.5500031 24.760004
v -100.849998 -155 23.2600079
v -143.720001 -89.5500031 24.760004
v -100.849998 -155 5.25000668
v -143.720001 -89.5500031 -3.65999603
v 165.610001 49.0500031 48.4199982
v 252.320007 -37.2299957 75.3799973
v 242.459991 -10.1999969 74.3600006
v 252.320007 -37.2299957 75.3799973
v 165.610001 49.0500031 48.4199982
v 198.580002 -93.7099991 45.6200027
v 103.220001 81.1600037 25.4699974
v 198.580002 -93.7099991 45.6200027
v 165.610001 49.0500031 48.4199982
v 198.580002 -93.7099991 45.6200027
v 103.220001 81.1600037 25.4699974
v 147.029999 -127.389999 19.510006
v 244.300003 -39.4499969 94.090004
v 157.579987 46.8200035 67.1199951
v 234.430008 -12.4199963 93.0599976
v 157.579987 46.8200035 67.1199951
v 244.300003 -39.4499969 94.090004
v 190.559998 -95.9300003 64.3300018
v 190.559998 -95.9300003 64.3300018
v 95.2000046 78.9399948 44.1699982
v 157.579987 46.8200035 67.1199951
v 95.2000046 78.9399948 44.1699982
v 190.559998 -95.9300003 64.3300018
v 139 -129.610001 38.2100029
v -157.579987 46.8200035 67.1199951
v -103.220001 81.1600037 25.4699974
v -95.2000046 78.9399948 44.1699982
v -103.220001 81.1600037 25.4699974
v -157.579987 46.8200035 67.1199951
v -165.610001 49.0500031 48.4199982
v -234.430008 -12.4199963 93.0599976
v -165.610001 49.0500031 48.4199982
v -157.579987 46.8200035 67.1199951
v -165.610001 49.0500031 48.4199982
v -234.430008 -12.4199963 93.0599976
v -242.459991 -10.1999969 74.3600006
v -234.430008 -12.4199963 93.0599976
v -252.320007 -37.2299957 75.3799973
v -242.459991 -10.1999969 74.3600006
v -252.320007 -37.2299957 75.3799973
v -234.430008 -12.4199963 93.0599976
v -244.300003 -39.4499969 94.090004
v -190.559998 -95.9300003 64.3300018
v -252.320007 -37.2299957 75.3799973
v -244.300003 -39.4499969 94.090004
v -252.320007 -37.2299957 75.3799973
v -190.559998 -95.9300003 64.3300018
v -198.580002 -93.7099991 45.6200027
v -190.559998 -95.9300003 64.3300018
v -147.029999 -127.389999 19.510006
v -198.580002 -93.7099991 45.6200027
v -147.029999 -127.389999 19.510006
v -190.559998 -95.9300003 64.3300018
v -139 -129.610001 38.2100029
v -153.059998 112.020004 -23.8700047
v -126.520004 100.100006 9.86999607
v -126.520004 100.100006 -23.8700047
v -126.520004 100.100006 9.86999607
v -153.059998 112.020004 -23.8700047
v -153.059998 112.020004 9.86999512
v -206.320007 135.940002 -15.2800055
v -153.059998 112.020004 9.86999512
v -153.059998 112.020004 -23.8700047
v -153.059998 112.020004 9.86999512
v -206.320007 135.940002 -15.2800055
v -206.320007 135.940002 1.27999401
v -177.049988 228 -15.2800102
v -206.320007 135.940002 1.27999401
v -206.320007 135.940002 -15.2800055
v -206.320007 135.940002 1.27999401
v -177.049988 228 -15.2800102
v -177.049988 228 1.27998996
v -130.680008 263.600006 -17.7800121
v -177.049988 228 1.27998996
v -177.049988 228 -15.2800102
v -177.049988 228 1.27998996
v -130.680008 263.600006 -17.7800121
v -130.680008 263.600006 4.27998877
v -130.680008 263.600006 -17.7800121
v -78.6800003 263.339996 9.8699894
v -130.680008 263.600006 4.27998877
v -78.6800003 263.339996 9.8699894
v -130.680008 263.600006 -17.7800121
v -78.6800003 263.339996 -23.8700123
v -78.6800003 263.339996 -23.8700123
v -60.2299995 231.62999 9.8699894
v -78.6800003 263.339996 9.8699894
v -60.2299995 231.62999 9.8699894
v -78.6800003 263.339996 -23.8700123
v -60.2299995 231.62999 -23.8700104
v -177.049988 228 1.27998996
v -153.059998 112.020004 9.86999512
v -206.320007 135.940002 1.27999401
v -153.059998 112.020004 9.86999512
v -177.049988 228 1.27998996
v -98.0199966 224 9.86999035
v -85.8899994 202.290009 9.8699913
v -153.059998 112.020004 9.86999512
v -98.0199966 224 9.86999035
v -153.059998 112.020004 9.86999512
v -85.8899994 202.290009 9.8699913
v -126.520004 100.100006 9.86999607
v -130.680008 263.600006 4.27998877
v -98.0199966 224 9.86999035
v -177.049988 228 1.27998996
v -98.0199966 224 9.86999035
v -130.680008 263.600006 4.27998877
v -78.6800003 263.339996 9.8699894
v -60.2299995 231.62999 9.8699894
v -98.0199966 224 9.86999035
v -78.6800003 263.339996 9.8699894
v -98.0199966 224 9.86999035
v -60.2299995 231.62999 9.8699894
v -85.8899994 202.290009 9.8699913
v 146.330002 -66.2999954 5.48000288
v 130.480011 -73.0599976 36.5500031
v 131.649994 -73.0799942 3.66000342
v 130.480011 -73.0599976 36.5500031
v 146.330002 -66.2999954 5.48000288
v 142.209991 -67.5499954 43.2300034
v 62.8799973 -104.169998 33.3800049
v 130.480011 -73.0599976 36.5500031
v 142.209991 -67.5499954 43.2300034
v 130.480011 -73.0599976 36.5500031
v 62.8799973 -104.169998 33.3800049
v 63.4800034 -103.989998 27.9000072
v 131.73999 12.6200018 46.7999992
v 98.5 52.0499992 16.1999969
v 131.73999 12.6200008 10.4899998
v 98.5 52.0499992 16.1999969
v 131.73999 12.6200018 46.7999992
v 98.5 52.0499992 47.9999962
v 84.3600006 68.8300018 44.4999962
v 98.5 52.0499992 16.1999969
v 98.5 52.0499992 47.9999962
v 98.5 52.0499992 16.1999969
v 84.3600006 68.8300018 44.4999962
v 84.3000031 68.9000015 16.4299965
v 90.2400055 -66.0599976 49.090004
v 131.73999 12.6200018 46.7999992
v 133.790009 -97.6100006 45
v 131.73999 12.6200018 46.7999992
v 90.2400055 -66.0599976 49.090004
v 98.5 52.0499992 47.9999962
v 98.5 52.0499992 47.9999962
v 90.2400055 -66.0599976 49.090004
v 84.3600006 68.8300018 44.4999962
v -215.809982 -101.240005 30.090004
v -171.279999 -125.699997 42.7900047
v -174.139999 -125.810005 17.9800072
v -171.279999 -125.699997 42.7900047
v -215.809982 -101.240005 30.090004
v -209.87001 -102.940002 54.0000076
v -215.809982 -101.240005 30.090004
v -205.209991 -37.7999954 57.4800034
v -209.87001 -102.940002 54.0000076
v -205.209991 -37.7999954 57.4800034
v -215.809982 -101.240005 30.090004
v -211.150009 -36.0999985 33.5700035
v -211.150009 -36.0999985 33.5700035
v -172.199997 38.8800011 54.7299995
v -205.209991 -37.7999954 57.4800034
v -172.199997 38.8800011 54.7299995
v -211.150009 -36.0999985 33.5700035
v -178.139999 40.5800018 30.8199978
v -178.139999 40.5800018 30.8199978
v -102.629997 92.0599976 41.2199974
v -172.199997 38.8800011 54.7299995
v -102.629997 92.0599976 41.2199974
v -178.139999 40.5800018 30.8199978
v -108.580002 93.7600021 17.3099957
v -142.209991 -67.5499954 43.2300034
v -173.860001 -103.229996 7.27000475
v -146.330002 -66.2999954 5.48000288
v -173.860001 -103.229996 7.27000475
v -142.209991 -67.5499954 43.2300034
v -169.75 -104.480003 45.010006
v -173.940002 -144.949997 44.140007
v -173.860001 -103.229996 7.27000475
v -169.75 -104.480003 45.010006
v -173.860001 -103.229996 7.27000475
v -173.940002 -144.949997 44.140007
v -178.059998 -143.699997 6.39000607
v -128.559998 -182.270004 -0.279992014
v -173.860001 -103.229996 7.27000475
v -178.059998 -143.699997 6.39000607
v -173.860001 -103.229996 7.27000475
v -128.559998 -182.270004 -0.279992014
v -90.090004 -145.360001 -3.25999379
v -146.330002 -66.2999954 5.48000288
v -173.860001 -103.229996 7.27000475
v -90.090004 -145.360001 -3.25999379
v -131.649994 -73.0799942 3.66000342
v -146.330002 -66.2999954 5.48000288
v -90.090004 -145.360001 -3.25999379
v -169.75 -104.480003 45.010006
v -124.440002 -183.519989 37.4700089
v -173.940002 -144.949997 44.140007
v -124.440002 -183.519989 37.4700089
v -169.75 -104.480003 45.010006
v -85.9700012 -146.610001 34.4900055
v 88 -117.999992 21.0600052
v 120.560005 -90.8600006 43.8800049
v 120.760002 -90.6999969 21.0600052
v 120.560005 -90.8600006 43.8800049
v 88 -117.999992 21.0600052
v 88 -117.999992 43.8800049
v 88 -117.999992 21.0600052
v 87 -144 34.8800049
v 88 -117.999992 43.8800049
v 87 -144 34.8800049
v 88 -117.999992 21.0600052
v 87 -144 18.9000053
v 87 -144 18.9000053
v 41 -169 34.8800049
v 87 -144 34.8800049
v 41 -169 34.8800049
v 87 -144 18.9000053
v 41 -169 18.0000076
v 30.0000019 -150.5 30.7800064
v 41 -169 34.8800049
v 41 -169 18.0000076
v 41 -169 34.8800049
v 30.0000019 -150.5 30.7800064
v 30.0000019 -150.5 43.8800049
v -120.560005 -90.8600006 43.8800049
v -94.4000015 -71.8700027 21.0600033
v -94.4000015 -71.8700027 43.8800049
v -94.4000015 -71.8700027 21.0600033
v -120.560005 -90.8600006 43.8800049
v -120.760002 -90.6999969 21.0600052
v -87 -144 34.8800049
v -30.0000019 -150.5 43.8800049
v -41 -169 34.8800049
v -30.0000019 -150.5 43.8800049
v -87 -144 34.8800049
v -88 -117.999992 43.8800049
v -30.0000019 -150.5 43.8800049
v -88 -117.999992 43.8800049
v -22.9699993 -124.969994 43.8800049
v -22.9699993 -124.969994 43.8800049
v -88 -117.999992 43.8800049
v -94.4000015 -71.8700027 43.8800049
v -88 -117.999992 43.8800049
v -120.560005 -90.8600006 43.8800049
v -94.4000015 -71.8700027 43.8800049
v -10.25 -165.449997 43.1600075
v 35.25 -152.25 48.1600037
v 10.25 -165.449997 43.1600075
v 35.25 -152.25 48.1600037
v -10.25 -165.449997 43.1600075
v -35.25 -152.25 48.1600037
v -35.25 -152.25 48.1600037
v 49.25 -108.25 53.6600037
v 35.25 -152.25 48.1600037
v 49.25 -108.25 53.6600037
v -35.25 -152.25 48.1600037
v -49.25 -108.25 53.6600037
v -97.25 -71 53.6600037
v 49.25 -108.25 53.6600037
v -49.25 -108.25 53.6600037
v 49.25 -108.25 53.6600037
v -97.25 -71 53.6600037
v 97.25 -71 53.6600037
v -97.25 -0.749997675 53.6599998
v 97.25 -71 53.6600037
v -97.25 -71 53.6600037
v 97.25 -71 53.6600037
v -97.25 -0.749997675 53.6599998
v 97.25 -0.749997675 53.6599998
v 60.2299995 -115.32 -42.3999939
v 48.829998 -122.75 -39.6999969
v 60.2299995 -115.32 -39.6999969
v 48.829998 -122.75 -39.6999969
v 60.2299995 -115.32 -42.3999939
v 48.829998 -122.75 -42.3999939
v 60.2299995 -115.32 -42.3999939
v 44.6599998 -116.340004 -46.3999939
v 48.829998 -122.75 -42.3999939
v 44.6599998 -116.340004 -46.3999939
v 60.2299995 -115.32 -42.3999939
v 56.0500031 -108.910004 -46.3999939
v 56.0500031 -108.910004 -46.3999939
v 39.7099991 -108.760002 -46.3999939
v 44.6599998 -116.340004 -46.3999939
v 39.7099991 -108.760002 -46.3999939
v 56.0500031 -108.910004 -46.3999939
v 51.1100006 -101.329994 -46.3999939
v 86.5 22.5899963 -63.5999985
v 79.0899963 11.1899967 -60.2500038
v 86.5 22.5899963 -60.2500038
v 79.0899963 11.1899967 -60.2500038
v 86.5 22.5899963 -63.5999985
v 79.0899963 11.1899967 -63.5999985
v 86.5 22.5899963 -63.5999985
v 70.4900055 16.7699966 -67.5999985
v 79.0899963 11.1899967 -63.5999985
v 70.4900055 16.7699966 -67.5999985
v 86.5 22.5899963 -63.5999985
v 77.9000015 28.1799965 -67.5999985
v 77.9000015 28.1799965 -67.5999985
v 61.9000015 22.3499966 -67.5999985
v 70.4900055 16.7699966 -67.5999985
v 61.9000015 22.3499966 -67.5999985
v 77.9000015 28.1799965 -67.5999985
v 69.3000031 33.7599945 -67.5999985
v -57.9000015 -11.0200033 -67.5999985
v -41.9000015 -16.8500042 -67.5999985
v -49.2999992 -5.44000292 -67.5999985
v -41.9000015 -16.8500042 -67.5999985
v -57.9000015 -11.0200033 -67.5999985
v -50.4899979 -22.4300022 -67.5999985
v -66.5 -16.6100025 -63.5999985
v -50.4899979 -22.4300022 -67.5999985
v -57.9000015 -11.0200033 -67.5999985
v -50.4899979 -22.4300022 -67.5999985
v -66.5 -16.6100025 -63.5999985
v -59.0900002 -28.0100021 -63.5999985
v -66.5 -16.6100025 -63.5999985
v -59.0900002 -28.0100021 -60.2500038
v -59.0900002 -28.0100021 -63.5999985
v -59.0900002 -28.0100021 -60.2500038
v -66.5 -16.6100025 -63.5999985
v -66.5 -16.6100025 -60.2500038
v -67.9000015 8.57999706 -67.5999985
v -51.8999977 2.7499969 -67.5999985
v -59.2999992 14.159997 -67.5999985
v -51.8999977 2.7499969 -67.5999985
v -67.9000015 8.57999706 -67.5999985
v -60.4900017 -2.83000302 -67.5999985
v -76.5 2.98999715 -63.5999985
v -60.4900017 -2.83000302 -67.5999985
v -67.9000015 8.57999706 -67.5999985
v -60.4900017 -2.83000302 -67.5999985
v -76.5 2.98999715 -63.5999985
v -69.090004 -8.41000271 -63.5999985
v -76.5 2.98999715 -63.5999985
v -69.090004 -8.41000271 -60.2500038
v -69.090004 -8.41000271 -63.5999985
v -69.090004 -8.41000271 -60.2500038
v -76.5 2.98999715 -63.5999985
v -76.5 2.98999739 -60.2500038
v -87.9300003 47.829998 -67.5999985
v -71.9199982 42.0099983 -67.5999985
v -79.3299942 53.420002 -67.5999985
v -71.9199982 42.0099983 -67.5999985
v -87.9300003 47.829998 -67.5999985
v -80.5199966 36.4299965 -67.5999985
v -96.5200043 42.25 -63.5999985
v -80.5199966 36.4299965 -67.5999985
v -87.9300003 47.829998 -67.5999985
v -80.5199966 36.4299965 -67.5999985
v -96.5200043 42.25 -63.5999985
v -89.1200027 30.8499966 -63.5999985
v -96.5200043 42.25 -63.5999985
v -89.1200027 30.8499966 -60.2500038
v -89.1200027 30.8499966 -63.5999985
v -89.1200027 30.8499966 -60.2500038
v -96.5200043 42.25 -63.5999985
v -96.5200043 42.25 -60.2500038
v 60.4300003 227.049988 -9.92467085e-06
v 50.7200012 247 16.8299904
v 60.4300003 247 -1.07967135e-05
v 50.7200012 247 16.8299904
v 60.4300003 227.049988 -9.92467085e-06
v 50.7200012 227.049988 16.8299904
v 50.7200012 227.049988 16.8299904
v 31.2799988 247 16.8299904
v 50.7200012 247 16.8299904
v 31.2799988 247 16.8299904
v 50.7200012 227.049988 16.8299904
v 31.2799988 227.049988 16.8299904
v 31.2799988 227.049988 16.8299904
v 21.5599995 247 -1.07967135e-05
v 31.2799988 247 16.8299904
v 21.5599995 247 -1.07967135e-05
v 31.2799988 227.049988 16.8299904
v 21.5599995 227.049988 -9.92467085e-06
v 106.809998 100.049995 -58.7900047
v 49.6599998 161.51001 -59.3000069
v 72.1800003 84.75 -59.3000069
v 49.6599998 161.51001 -59.3000069
v 106.809998 100.049995 -58.7900047
v 84.9899979 171.87999 -59.0000038
v 143.839996 119.32 -47.0000076
v 84.9899979 171.87999 -59.0000038
v 106.809998 100.049995 -58.7900047
v 84.9899979 171.87999 -59.0000038
v 143.839996 119.32 -47.0000076
v 124.979996 183.610001 -47.0000076
v 49.6599998 161.51001 27.9999943
v 106.809998 100.049995 27.5899982
v 72.1800003 84.75 27.9999962
v 106.809998 100.049995 27.5899982
v 49.6599998 161.51001 27.9999943
v 84.9899979 171.87999 27.8399906
v 84.9899979 171.87999 27.8399906
v 143.839996 119.32 12.9999933
v 106.809998 100.049995 27.5899982
v 143.839996 119.32 12.9999933
v 84.9899979 171.87999 27.8399906
v 124.979996 183.610001 12.9999924
v -40.0299988 -9.09000301 -72.4700012
v 33.6800003 -9.09000301 -76.3700027
v -33.6800003 -9.09000301 -76.3700027
v 33.6800003 -9.09000301 -76.3700027
v -40.0299988 -9.09000301 -72.4700012
v 40.0299988 -9.09000301 -72.4700012
v 46.3800011 7.0399971 -75.4400024
v -39.6800003 7.03999615 -82.9400024
v 39.6800003 7.03999615 -82.9400024
v -39.6800003 7.03999615 -82.9400024
v 46.3800011 7.0399971 -75.4400024
v -46.3800011 7.0399971 -75.4400024
v 34.079998 -25.2200031 -69.4899979
v 33.6800003 -9.09000301 -79.4700012
v 27.6800003 -25.2200031 -73.3899994
v 33.6800003 -9.09000301 -79.4700012
v 34.079998 -25.2200031 -69.4899979
v 40.3800011 -9.09000301 -72.4700012
v -27.6800003 -25.2200031 -76.9900055
v -28.0800018 -41.3600044 -66.5199966
v -21.6800003 -41.3600044 -70.4200058
v -28.0800018 -41.3600044 -66.5199966
v -27.6800003 -25.2200031 -76.9900055
v -34.3800011 -25.2200031 -69.4899979
v -21.6800003 -41.3600044 -74.0199966
v -22.3800011 -57.4899979 -63.5400009
v -15.6800003 -57.4899979 -67.4399948
v -22.3800011 -57.4899979 -63.5400009
v -21.6800003 -41.3600044 -74.0199966
v -28.3800011 -41.3600044 -66.5199966
v -94.4000015 -71.8700027 -17.2599964
v -120.560005 -90.8600006 -40.0799942
v -94.4000015 -71.8700027 -40.0799942
v -120.560005 -90.8600006 -40.0799942
v -94.4000015 -71.8700027 -17.2599964
v -120.760002 -90.6999969 -17.2599964
v -30.0000019 -150.5 -40.0799942
v -87 -144 -31.0799923
v -41 -169 -31.0799923
v -87 -144 -31.0799923
v -30.0000019 -150.5 -40.0799942
v -88 -117.999992 -40.0799942
v -88 -117.999992 -40.0799942
v -30.0000019 -150.5 -40.0799942
v -22.9699993 -124.969994 -40.0799942
v -88 -117.999992 -40.0799942
v -22.9699993 -124.969994 -40.0799942
v -94.4000015 -71.8700027 -40.0799942
v -120.560005 -90.8600006 -40.0799942
v -88 -117.999992 -40.0799942
v -94.4000015 -71.8700027 -40.0799942
v -19.4300003 247 -25.5000114
v 9.72000027 247 -8.67001057
v -9.72000027 247 -8.67001057
v 9.72000027 247 -8.67001057
v -19.4300003 247 -25.5000114
v 19.4300003 247 -25.5000114
v -19.4300003 247 -25.5000114
v 9.72000027 247 -42.3300133
v 19.4300003 247 -25.5000114
v 9.72000027 247 -42.3300133
v -19.4300003 247 -25.5000114
v -9.72000027 247 -42.3300133
v -31.2799988 227.049988 16.8299904
v -21.5599995 247 -1.07967135e-05
v -21.5599995 227.049988 -9.92467085e-06
v -21.5599995 247 -1.07967135e-05
v -31.2799988 227.049988 16.8299904
v -31.2799988 247 16.8299904
v -50.7200012 227.049988 16.8299904
v -31.2799988 247 16.8299904
v -31.2799988 227.049988 16.8299904
v -31.2799988 247 16.8299904
v -50.7200012 227.049988 16.8299904
v -50.7200012 247 16.8299904
v -60.4300003 227.049988 -9.92467085e-06
v -50.7200012 247 16.8299904
v -50.7200012 227.049988 16.8299904
v -50.7200012 247 16.8299904
v -60.4300003 227.049988 -9.92467085e-06
v -60.4300003 247 -1.07967135e-05
v 9.72000027 227.349991 -8.67000961
v 19.4300003 247 -25.5000114
v 19.4300003 227.349991 -25.5000076
v 19.4300003 247 -25.5000114
v 9.72000027 227.349991 -8.67000961
v 9.72000027 247 -8.67001057
v -9.72000027 227.349991 -8.67000961
v 9.72000027 247 -8.67001057
v 9.72000027 227.349991 -8.67000961
v 9.72000027 247 -8.67001057
v -9.72000027 227.349991 -8.67000961
v -9.72000027 247 -8.67001057
v -19.4300003 227.349991 -25.5000076
v -9.72000027 247 -8.67001057
v -9.72000027 227.349991 -8.67000961
v -9.72000027 247 -8.67001057
v -19.4300003 227.349991 -25.5000076
v -19.4300003 247 -25.5000114
v -67.0999985 -110.839996 -39.6999969
v -78.4899979 -103.410004 -42.3999939
v -78.4899979 -103.410004 -39.6999969
v -78.4899979 -103.410004 -42.3999939
v -67.0999985 -110.839996 -39.6999969
v -67.0999985 -110.839996 -42.3999939
v -62.9199982 -104.429993 -46.3999939
v -78.4899979 -103.410004 -42.3999939
v -67.0999985 -110.839996 -42.3999939
v -78.4899979 -103.410004 -42.3999939
v -62.9199982 -104.429993 -46.3999939
v -74.3099976 -97.0100021 -46.3999939
v -57.9799995 -96.8499985 -46.3999939
v -74.3099976 -97.0100021 -46.3999939
v -62.9199982 -104.429993 -46.3999939
v -74.3099976 -97.0100021 -46.3999939
v -57.9799995 -96.8499985 -46.3999939
v -69.3700027 -89.4200058 -46.3999939
v 49.25 -108.25 -49.859993
v 97.25 -71 -31.6699982
v 97.25 -71 -49.8599968
v 97.25 -71 -31.6699982
v 49.25 -108.25 -49.859993
v 49.25 -108.25 -31.6699944
v 35.25 -152.25 -44.359993
v 49.25 -108.25 -31.6699944
v 49.25 -108.25 -49.859993
v 49.25 -108.25 -31.6699944
v 35.25 -152.25 -44.359993
v 35.25 -152.25 -27.2299938
v 10.25 -165.449997 -39.359993
v 35.25 -152.25 -27.2299938
v 35.25 -152.25 -44.359993
v 35.25 -152.25 -27.2299938
v 10.25 -165.449997 -39.359993
v 10.25 -165.449997 -26.2299957
v 10.25 -165.449997 -39.359993
v -10.25 -165.449997 -26.2299957
v 10.25 -165.449997 -26.2299957
v -10.25 -165.449997 -26.2299957
v 10.25 -165.449997 -39.359993
v -10.25 -165.449997 -39.359993
v -10.25 -165.449997 -39.359993
v -35.25 -152.25 -27.2299938
v -10.25 -165.449997 -26.2299957
v -35.25 -152.25 -27.2299938
v -10.25 -165.449997 -39.359993
v -35.25 -152.25 -44.359993
v -35.25 -152.25 -44.359993
v -49.25 -108.25 -31.6699944
v -35.25 -152.25 -27.2299938
v -49.25 -108.25 -31.6699944
v -35.25 -152.25 -44.359993
v -49.25 -108.25 -49.859993
v -97.25 -71 -49.8599968
v -49.25 -108.25 -31.6699944
v -49.25 -108.25 -49.859993
v -49.25 -108.25 -31.6699944
v -97.25 -71 -49.8599968
v -97.25 -71 -31.6699982
v 20 190.600006 -59.0000038
v -20 190.600006 -49.4700089
v -20 190.600006 -59.0000038
v -20 190.600006 -49.4700089
v 20 190.600006 -59.0000038
v 20 190.600006 -49.4700089
v 70 34.9999962 -49.5600014
v 29 -68 -63
v 29 -68 -49.2899971
v 29 -68 -63
v 70 34.9999962 -49.5600014
v 70 34.9999962 -82
v 136 80 -34.9300041
v 85.3899994 64 30.8099957
v 136 80 11.9299965
v 85.3899994 64 30.8099957
v 136 80 -34.9300041
v 85.25 64 -49.8100052
v -72.1800003 84.75 -59.3000069
v -49.6599998 161.51001 -47.9500046
v -49.6599998 161.51001 -59.3000069
v -49.6599998 161.51001 -47.9500046
v -72.1800003 84.75 -59.3000069
v -72.1800003 84.75 -47.9500008
v -106.809998 100.049995 27.5899982
v -143.839996 119.32 -47.0000076
v -143.839996 119.32 12.9999933
v -143.839996 119.32 -47.0000076
v -106.809998 100.049995 27.5899982
v -106.809998 100.049995 -58.7900047
v -72.1800003 84.75 -47.9500008
v -106.809998 100.049995 -58.7900047
v -106.809998 100.049995 27.5899982
v -72.1800003 84.75 -47.9500008
v -72.1800003 84.75 -59.3000069
v -106.809998 100.049995 -58.7900047
v -72.1800003 84.75 27.9999962
v -72.1800003 84.75 -47.9500008
v -106.809998 100.049995 27.5899982
v -14 -16 17
v -120.760002 43.8400002 16.9999981
v -79 84 16.9999981
v -120.760002 43.8400002 16.9999981
v -14 -16 17
v -62.5400009 -50.5599976 17.0000019
v -62.5400009 -50.5599976 17.0000019
v -183.01001 -16.0100002 -0.429999322
v -120.760002 43.8400002 16.9999981
v -183.01001 -16.0100002 -0.429999322
v -62.5400009 -50.5599976 17.0000019
v -132 -100 -0.509995639
v -132 -100 -0.509995639
v -160.619995 -83.4700012 -3.75999618
v -183.01001 -16.0100002 -0.429999322
v -127.830002 -76.7300034 1.32000339
v -143.720001 -89.5500031 24.760004
v -143.720001 -89.5500031 -3.65999603
v -143.720001 -89.5500031 24.760004
v -127.830002 -76.7300034 1.32000339
v -127.550003 -76.5100021 30.7600021
v -79.4000015 -37.6500015 4.59000111
v -127.550003 -76.5100021 30.7600021
v -127.830002 -76.7300034 1.32000339
v -127.550003 -76.5100021 30.7600021
v -79.4000015 -37.6500015 4.59000111
v -79.4000015 -37.6500015 30.7600021
v 100.849998 -155 23.2600079
v 94 -199 10.3800087
v 94 -199 23.2600098
v 94 -199 10.3800087
v 100.849998 -155 23.2600079
v 100.849998 -155 5.25000668
v 143.720001 -89.5500031 24.760004
v 100.849998 -155 5.25000668
v 100.849998 -155 23.2600079
v 100.849998 -155 5.25000668
v 143.720001 -89.5500031 24.760004
v 143.720001 -89.5500031 -3.65999603
v 177.049988 228 -15.2800102
v 153.059998 112.020004 -23.8700047
v 206.320007 135.940002 -15.2800055
v 153.059998 112.020004 -23.8700047
v 177.049988 228 -15.2800102
v 100.629997 218.699997 -23.8700085
v 93.4499969 205.229996 -23.8700085
v 153.059998 112.020004 -23.8700047
v 100.629997 218.699997 -23.8700085
v 153.059998 112.020004 -23.8700047
v 93.4499969 205.229996 -23.8700085
v 126.520004 100.100006 -23.8700047
v 130.680008 263.600006 -17.7800121
v 100.629997 218.699997 -23.8700085
v 177.049988 228 -15.2800102
v 100.629997 218.699997 -23.8700085
v 130.680008 263.600006 -17.7800121
v 78.6800003 263.339996 -23.8700123
v 60.2299995 231.62999 -23.8700104
v 100.629997 218.699997 -23.8700085
v 78.6800003 263.339996 -23.8700123
v 100.629997 218.699997 -23.8700085
v 60.2299995 231.62999 -23.8700104
v 93.4499969 205.229996 -23.8700085
v -252.320007 -37.2299957 75.3799973
v -165.610001 49.0500031 48.4199982
v -242.459991 -10.1999969 74.3600006
v -165.610001 49.0500031 48.4199982
v -252.320007 -37.2299957 75.3799973
v -198.580002 -93.7099991 45.6200027
v -198.580002 -93.7099991 45.6200027
v -103.220001 81.1600037 25.4699974
v -165.610001 49.0500031 48.4199982
v -103.220001 81.1600037 25.4699974
v -198.580002 -93.7099991 45.6200027
v -147.029999 -127.389999 19.510006
v 85.9700012 -146.610001 34.4900055
v 128.559998 -182.270004 -0.279992014
v 90.090004 -145.360001 -3.25999379
v 128.559998 -182.270004 -0.279992014
v 85.9700012 -146.610001 34.4900055
v 124.440002 -183.519989 37.4700089
v -145.529999 -228.500015 23.5300102
v -142.900009 -132.5 24.6200047
v -142.900009 -228.500015 24.6200104
v -142.900009 -132.5 24.6200047
v -145.529999 -228.500015 23.5300102
v -145.529999 -132.5 23.5300064
v -146.619995 -228.500015 20.9000111
v -145.529999 -132.5 23.5300064
v -145.529999 -228.500015 23.5300102
v -145.529999 -132.5 23.5300064
v -146.619995 -228.500015 20.9000111
v -146.619995 -132.5 20.9000072
v -145.529999 -228.500015 18.27001
v -146.619995 -132.5 20.9000072
v -146.619995 -228.500015 20.9000111
v -146.619995 -132.5 20.9000072
v -145.529999 -228.500015 18.27001
v -145.529999 -132.5 18.2700062
v -142.900009 -228.500015 17.1800098
v -145.529999 -132.5 18.2700062
v -145.529999 -228.500015 18.27001
v -145.529999 -132.5 18.2700062
v -142.900009 -228.500015 17.1800098
v -142.900009 -132.5 17.180006
v -140.269989 -228.500015 18.27001
v -142.900009 -132.5 17.180006
v -142.900009 -228.500015 17.1800098
v -142.900009 -132.5 17.180006
v -140.269989 -228.500015 18.27001
v -140.269989 -132.5 18.2700062
v -139.180008 -228.500015 20.9000111
v -140.269989 -132.5 18.2700062
v -140.269989 -228.500015 18.27001
v -140.269989 -132.5 18.2700062
v -139.180008 -228.500015 20.9000111
v -139.180008 -132.5 20.9000072
v -140.269989 -228.500015 23.5300102
v -139.180008 -132.5 20.9000072
v -139.180008 -228.500015 20.9000111
v -139.180008 -132.5 20.9000072
v -140.269989 -228.500015 23.5300102
v -140.269989 -132.5 23.5300064
v -142.900009 -228.500015 24.6200104
v -140.269989 -132.5 23.5300064
v -140.269989 -228.500015 23.5300102
v -140.269989 -132.5 23.5300064
v -142.900009 -228.500015 24.6200104
v -142.900009 -132.5 24.6200047
v -130.480011 -73.0599976 36.5500031
v -146.330002 -66.2999954 5.48000288
v -131.649994 -73.0799942 3.66000342
v -146.330002 -66.2999954 5.48000288
v -130.480011 -73.0599976 36.5500031
v -142.209991 -67.5499954 43.2300034
v -130.480011 -73.0599976 36.5500031
v -62.8799973 -104.169998 33.3800049
v -142.209991 -67.5499954 43.2300034
v -62.8799973 -104.169998 33.3800049
v -130.480011 -73.0599976 36.5500031
v -63.4800034 -103.989998 27.9000072
v -98.5 52.0499992 16.1999969
v -131.73999 12.6200018 46.7999992
v -131.73999 12.6200008 10.4899998
v -131.73999 12.6200018 46.7999992
v -98.5 52.0499992 16.1999969
v -98.5 52.0499992 47.9999962
v -98.5 52.0499992 16.1999969
v -84.3600006 68.8300018 44.4999962
v -98.5 52.0499992 47.9999962
v -84.3600006 68.8300018 44.4999962
v -98.5 52.0499992 16.1999969
v -84.3000031 68.9000015 16.4299965
v -131.73999 12.6200018 46.7999992
v -90.2400055 -66.0599976 49.090004
v -133.790009 -97.6100006 45
v -90.2400055 -66.0599976 49.090004
v -131.73999 12.6200018 46.7999992
v -98.5 52.0499992 47.9999962
v -90.2400055 -66.0599976 49.090004
v -98.5 52.0499992 47.9999962
v -84.3600006 68.8300018 44.4999962
v 94.4000015 -71.8700027 21.0600033
v 120.560005 -90.8600006 43.8800049
v 94.4000015 -71.8700027 43.8800049
v 120.560005 -90.8600006 43.8800049
v 94.4000015 -71.8700027 21.0600033
v 120.760002 -90.6999969 21.0600052
v 30.0000019 -150.5 43.8800049
v 87 -144 34.8800049
v 41 -169 34.8800049
v 87 -144 34.8800049
v 30.0000019 -150.5 43.8800049
v 88 -117.999992 43.8800049
v 88 -117.999992 43.8800049
v 30.0000019 -150.5 43.8800049
v 22.9699993 -124.969994 43.8800049
v 88 -117.999992 43.8800049
v 22.9699993 -124.969994 43.8800049
v 94.4000015 -71.8700027 43.8800049
v 120.560005 -90.8600006 43.8800049
v 88 -117.999992 43.8800049
v 94.4000015 -71.8700027 43.8800049
v 97.25 -71 35.4700012
v 49.25 -108.25 53.6600037
v 97.25 -71 53.6600037
v 49.25 -108.25 53.6600037
v 97.25 -71 35.4700012
v 49.25 -108.25 35.470005
v 49.25 -108.25 35.470005
v 35.25 -152.25 48.1600037
v 49.25 -108.25 53.6600037
v 35.25 -152.25 48.1600037
v 49.25 -108.25 35.470005
v 35.25 -152.25 31.0300045
v 35.25 -152.25 31.0300045
v 10.25 -165.449997 43.1600075
v 35.25 -152.25 48.1600037
v 10.25 -165.449997 43.1600075
v 35.25 -152.25 31.0300045
v 10.25 -165.449997 30.0300064
v -10.25 -165.449997 30.0300064
v 10.25 -165.449997 43.1600075
v 10.25 -165.449997 30.0300064
v 10.25 -165.449997 43.1600075
v -10.25 -165.449997 30.0300064
v -10.25 -165.449997 43.1600075
v -35.25 -152.25 31.0300045
v -10.25 -165.449997 43.1600075
v -10.25 -165.449997 30.0300064
v -10.25 -165.449997 43.1600075
v -35.25 -152.25 31.0300045
v -35.25 -152.25 48.1600037
v -49.25 -108.25 35.470005
v -35.25 -152.25 48.1600037
v -35.25 -152.25 31.0300045
v -35.25 -152.25 48.1600037
v -49.25 -108.25 35.470005
v -49.25 -108.25 53.6600037
v -49.25 -108.25 35.470005
v -97.25 -71 53.6600037
v -49.25 -108.25 53.6600037
v -97.25 -71 53.6600037
v -49.25 -108.25 35.470005
v -97.25 -71 35.4700012
v 96.8399963 -91.4599991 -42.3999977
v 85.4399948 -98.8799973 -39.6999969
v 96.8399963 -91.4599991 -39.6999969
v 85.4399948 -98.8799973 -39.6999969
v 96.8399963 -91.4599991 -42.3999977
v 85.4399948 -98.8799973 -42.3999977
v 96.8399963 -91.4599991 -42.3999977
v 81.2699966 -92.4700012 -46.3999939
v 85.4399948 -98.8799973 -42.3999977
v 81.2699966 -92.4700012 -46.3999939
v 96.8399963 -91.4599991 -42.3999977
v 92.659996 -85.0499954 -46.3999939
v 92.659996 -85.0499954 -46.3999939
v 76.3199997 -84.8899994 -46.3999939
v 81.2699966 -92.4700012 -46.3999939
v 76.3199997 -84.8899994 -46.3999939
v 92.659996 -85.0499954 -46.3999939
v 87.7200012 -77.4700012 -46.3999939
v 70.4900055 16.7699966 -67.5999985
v 79.0899963 11.1899967 -60.2500038
v 79.0899963 11.1899967 -63.5999985
v 79.0899963 11.1899967 -60.2500038
v 70.4900055 16.7699966 -67.5999985
v 61.9000015 22.3499966 -60.2500038
v 61.9000015 22.3499966 -67.5999985
v 61.9000015 22.3499966 -60.2500038
v 70.4900055 16.7699966 -67.5999985
v -48.829998 -122.75 -39.6999969
v -60.2299995 -115.32 -42.3999939
v -60.2299995 -115.32 -39.6999969
v -60.2299995 -115.32 -42.3999939
v -48.829998 -122.75 -39.6999969
v -48.829998 -122.75 -42.3999939
v -44.6599998 -116.340004 -46.3999939
v -60.2299995 -115.32 -42.3999939
v -48.829998 -122.75 -42.3999939
v -60.2299995 -115.32 -42.3999939
v -44.6599998 -116.340004 -46.3999939
v -56.0500031 -108.910004 -46.3999939
v -39.7099991 -108.760002 -46.3999939
v -56.0500031 -108.910004 -46.3999939
v -44.6599998 -116.340004 -46.3999939
v -56.0500031 -108.910004 -46.3999939
v -39.7099991 -108.760002 -46.3999939
v -51.1100006 -101.329994 -46.3999939
v 62.5400009 -50.5599976 -47.6499977
v 14 -16.0000019 -60.0000038
v 14 -16.0000019 -46.6800003
v 14 -16.0000019 -60.0000038
v 62.5400009 -50.5599976 -47.6499977
v 62.5400009 -50.5599976 -60.8899994
v 62.5400009 -50.5599976 -47.6499977
v 131.860001 -99.9100037 -44.1699982
v 62.5400009 -50.5599976 -60.8899994
v 131.860001 -99.9100037 -44.1699982
v 62.5400009 -50.5599976 -47.6499977
v 132 -100 -0.509995639
v 132 -100 -0.509995639
v 161 -83.7100067 -40.9499969
v 131.860001 -99.9100037 -44.1699982
v 161 -83.7100067 -40.9499969
v 132 -100 -0.509995639
v 160.619995 -83.4700012 -3.75999618
v 183.01001 -16.0100002 -0.429999322
v 161 -83.7100067 -40.9499969
v 160.619995 -83.4700012 -3.75999618
v 161 -83.7100067 -40.9499969
v 183.01001 -16.0100002 -0.429999322
v 182.930008 -15.9600019 -44.5900002
v 33.6800003 -9.09000301 -76.3700027
v -39.6800003 7.03999615 -82.9400024
v -33.6800003 -9.09000301 -76.3700027
v -39.6800003 7.03999615 -82.9400024
v 33.6800003 -9.09000301 -76.3700027
v 39.6800003 7.03999615 -82.9400024
v -33.6800003 -9.09000301 -79.4700012
v -34.079998 -25.2200031 -69.4899979
v -27.6800003 -25.2200031 -73.3899994
v -34.079998 -25.2200031 -69.4899979
v -33.6800003 -9.09000301 -79.4700012
v -40.3800011 -9.09000301 -72.4700012
v -21.6800003 -41.3600044 -70.4200058
v 28.0800018 -41.3600044 -66.5199966
v 21.6800003 -41.3600044 -70.4200058
v 28.0800018 -41.3600044 -66.5199966
v -21.6800003 -41.3600044 -70.4200058
v -28.0800018 -41.3600044 -66.5199966
v 21.6800003 -41.3600044 -74.0199966
v -28.3800011 -41.3600044 -66.5199966
v -21.6800003 -41.3600044 -74.0199966
v -28.3800011 -41.3600044 -66.5199966
v 21.6800003 -41.3600044 -74.0199966
v 28.3800011 -41.3600044 -66.5199966
v 15.6800003 -57.4899979 -67.4399948
v -21.6800003 -41.3600044 -74.0199966
v -15.6800003 -57.4899979 -67.4399948
v -21.6800003 -41.3600044 -74.0199966
v 15.6800003 -57.4899979 -67.4399948
v 21.6800003 -41.3600044 -74.0199966
v -126.460007 78.4899979 -3.23000336
v -132.089996 32.7700005 -29.4200001
v -126.460007 78.4899979 -29.4200039
v -132.089996 32.7700005 -29.4200001
v -126.460007 78.4899979 -3.23000336
v -132.089996 32.7700005 -3.23000145
v -37 130 -77.0000076
v 20 190.600006 -59.0000038
v -20 190.600006 -59.0000038
v 20 190.600006 -59.0000038
v -37 130 -77.0000076
v 37 130 -77.0000076
v -29 -68 -63
v -70 34.9999962 -49.5600014
v -29 -68 -49.2899971
v -70 34.9999962 -49.5600014
v -29 -68 -63
v -70 34.9999962 -82
v 88 -23.9999962 58.9999962
v 50 -116 38.9400063
v 50 -116 59.0000038
v 50 -116 38.9400063
v 88 -23.9999962 58.9999962
v 88 -24 15.6300011
v 86 49.0000038 49.9999962
v 88 -24 15.6300011
v 88 -23.9999962 58.9999962
v 88 -24 15.6300011
v 86 49.0000038 49.9999962
v 86 49 11.4999981
v 86 49.0000038 49.9999962
v 84 122 23.3699951
v 86 49 11.4999981
v 84 122 23.3699951
v 86 49.0000038 49.9999962
v 84 122 40.9999924
v 84 122 23.3699951
v 84 122 40.9999924
v 44 192 21.9999905
v -65.2000046 -147.990005 -5.4999938
v -59.170002 -168.380005 -26.659996
v -65.2000046 -147.990005 -28.1899929
v -59.170002 -168.380005 -26.659996
v -65.2000046 -147.990005 -5.4999938
v -59.170002 -168.380005 -5.49999237
v -59.170002 -168.380005 -5.49999237
v -51 -196 -16.4099922
v -59.170002 -168.380005 -26.659996
v -51 -196 -16.4099922
v -59.170002 -168.380005 -5.49999237
v -51 -196 -5.49999142
v -84.9899979 171.87999 -59.0000038
v -124.979996 183.610001 12.9999924
v -124.979996 183.610001 -47.0000076
v -124.979996 183.610001 12.9999924
v -84.9899979 171.87999 -59.0000038
v -84.9899979 171.87999 27.8399906
v -84.9899979 171.87999 -59.0000038
v -49.6599998 161.51001 -47.9500046
v -84.9899979 171.87999 27.8399906
v -49.6599998 161.51001 -47.9500046
v -49.6599998 161.51001 27.9999943
v -84.9899979 171.87999 27.8399906
v -84.9899979 171.87999 -59.0000038
v -49.6599998 161.51001 -59.3000069
v -49.6599998 161.51001 -47.9500046
v -124.979996 183.610001 12.9999924
v -143.839996 119.32 -47.0000076
v -124.979996 183.610001 -47.0000076
v -143.839996 119.32 -47.0000076
v -124.979996 183.610001 12.9999924
v -143.839996 119.32 12.9999933
v -120.760002 43.8399963 -61.1599998
v -14 -16.0000019 -60.0000038
v -79 84 -60.0000076
v -14 -16.0000019 -60.0000038
v -120.760002 43.8399963 -61.1599998
v -62.5400009 -50.5599976 -60.8899994
v -182.930008 -15.9600019 -44.5900002
v -62.5400009 -50.5599976 -60.8899994
v -120.760002 43.8399963 -61.1599998
v -62.5400009 -50.5599976 -60.8899994
v -182.930008 -15.9600019 -44.5900002
v -131.860001 -99.9100037 -44.1699982
v -182.930008 -15.9600019 -44.5900002
v -161 -83.7100067 -40.9499969
v -131.860001 -99.9100037 -44.1699982
v -120.760002 43.8399963 -61.1599998
v -183.01001 -16.0100002 -0.429999322
v -182.930008 -15.9600019 -44.5900002
v -183.01001 -16.0100002 -0.429999322
v -120.760002 43.8399963 -61.1599998
v -120.760002 43.8400002 16.9999981
v -79 84 -60.0000076
v -120.760002 43.8400002 16.9999981
v -120.760002 43.8399963 -61.1599998
v -120.760002 43.8400002 16.9999981
v -79 84 -60.0000076
v -79 84 16.9999981
v 0 -217 -5.49999046
v -51 -196 -16.4099922
v -51 -196 -5.49999142
v -51 -196 -16.4099922
v 0 -217 -5.49999046
v 0 -217 -16.4099922
v 51 -196 -5.49999142
v 0 -217 -16.4099922
v 0 -217 -5.49999046
v 0 -217 -16.4099922
v 51 -196 -5.49999142
v 51 -196 -16.4099922
v 211.150009 -36.0999985 33.5700035
v 174.139999 -125.810005 17.9800072
v 215.809982 -101.240005 30.090004
v 174.139999 -125.810005 17.9800072
v 211.150009 -36.0999985 33.5700035
v 133.199997 -52.7800026 13.0000029
v 178.139999 40.5800018 30.8199978
v 133.199997 -52.7800026 13.0000029
v 211.150009 -36.0999985 33.5700035
v 133.199997 -52.7800026 13.0000029
v 178.139999 40.5800018 30.8199978
v 106.32 40.9000015 12.9899979
v 178.139999 40.5800018 30.8199978
v 108.580002 93.7600021 17.3099957
v 106.32 40.9000015 12.9899979
v 102.629997 92.0599976 41.2199974
v 106.32 40.9000015 12.9899979
v 108.580002 93.7600021 17.3099957
v 106.32 40.9000015 12.9899979
v 102.629997 92.0599976 41.2199974
v 100.380005 39.2000008 36.8999939
v 85.9700012 -146.610001 34.4900055
v 142.209991 -67.5499954 43.2300034
v 169.75 -104.480003 45.010006
v 142.209991 -67.5499954 43.2300034
v 85.9700012 -146.610001 34.4900055
v 62.8799973 -104.169998 33.3800049
v 85.9700012 -146.610001 34.4900055
v 63.4800034 -103.989998 27.9000072
v 62.8799973 -104.169998 33.3800049
v 178.059998 -143.699997 6.39000607
v 124.440002 -183.519989 37.4700089
v 173.940002 -144.949997 44.140007
v 124.440002 -183.519989 37.4700089
v 178.059998 -143.699997 6.39000607
v 128.559998 -182.270004 -0.279992014
v 131.73999 12.6200008 10.4899998
v 133.790009 -97.6100006 45
v 131.73999 12.6200018 46.7999992
v 133.790009 -97.6100006 45
v 131.73999 12.6200008 10.4899998
v 133.790009 -97.6100006 -6.99999571
v -128.559998 -182.270004 -0.279992014
v -85.9700012 -146.610001 34.4900055
v -90.090004 -145.360001 -3.25999379
v -85.9700012 -146.610001 34.4900055
v -128.559998 -182.270004 -0.279992014
v -124.440002 -183.519989 37.4700089
v 132.089996 32.7700005 -29.4200001
v 126.460007 78.4899979 -3.23000336
v 126.460007 78.4899979 -29.4200039
v 126.460007 78.4899979 -3.23000336
v 132.089996 32.7700005 -29.4200001
v 132.089996 32.7700005 -3.23000145
v 50.4899979 -22.4300022 -67.5999985
v 59.0900002 -28.0100021 -60.2500038
v 59.0900002 -28.0100021 -63.5999985
v 59.0900002 -28.0100021 -60.2500038
v 50.4899979 -22.4300022 -67.5999985
v 41.9000015 -16.8500042 -60.2500038
v 41.9000015 -16.8500042 -67.5999985
v 41.9000015 -16.8500042 -60.2500038
v 50.4899979 -22.4300022 -67.5999985
v 60.4900017 -2.83000302 -67.5999985
v 69.090004 -8.41000271 -60.2500038
v 69.090004 -8.41000271 -63.5999985
v 69.090004 -8.41000271 -60.2500038
v 60.4900017 -2.83000302 -67.5999985
v 51.8999977 2.74999738 -60.2500038
v 51.8999977 2.7499969 -67.5999985
v 51.8999977 2.74999738 -60.2500038
v 60.4900017 -2.83000302 -67.5999985
v 80.5199966 36.4299965 -67.5999985
v 89.1200027 30.8499966 -60.2500038
v 89.1200027 30.8499966 -63.5999985
v 89.1200027 30.8499966 -60.2500038
v 80.5199966 36.4299965 -67.5999985
v 71.9199982 42.0099983 -60.2500038
v 71.9199982 42.0099983 -67.5999985
v 71.9199982 42.0099983 -60.2500038
v 80.5199966 36.4299965 -67.5999985
v -85.4399948 -98.8799973 -39.6999969
v -96.8399963 -91.4599991 -42.3999977
v -96.8399963 -91.4599991 -39.6999969
v -96.8399963 -91.4599991 -42.3999977
v -85.4399948 -98.8799973 -39.6999969
v -85.4399948 -98.8799973 -42.3999977
v -81.2699966 -92.4700012 -46.3999939
v -96.8399963 -91.4599991 -42.3999977
v -85.4399948 -98.8799973 -42.3999977
v -96.8399963 -91.4599991 -42.3999977
v -81.2699966 -92.4700012 -46.3999939
v -92.659996 -85.0499954 -46.3999939
v -76.3199997 -84.8899994 -46.3999939
v -92.659996 -85.0499954 -46.3999939
v -81.2699966 -92.4700012 -46.3999939
v -92.659996 -85.0499954 -46.3999939
v -76.3199997 -84.8899994 -46.3999939
v -87.7200012 -77.4700012 -46.3999939
v 49.6599998 161.51001 -47.9500046
v 72.1800003 84.75 -59.3000069
v 49.6599998 161.51001 -59.3000069
v 72.1800003 84.75 -59.3000069
v 49.6599998 161.51001 -47.9500046
v 72.1800003 84.75 -47.9500008
v 143.839996 119.32 -47.0000076
v 106.809998 100.049995 27.5899982
v 143.839996 119.32 12.9999933
v 106.809998 100.049995 27.5899982
v 143.839996 119.32 -47.0000076
v 106.809998 100.049995 -58.7900047
v 106.809998 100.049995 -58.7900047
v 72.1800003 84.75 -47.9500008
v 106.809998 100.049995 27.5899982
v 72.1800003 84.75 -47.9500008
v 72.1800003 84.75 27.9999962
v 106.809998 100.049995 27.5899982
v 72.1800003 84.75 -59.3000069
v 72.1800003 84.75 -47.9500008
v 106.809998 100.049995 -58.7900047
v 120.760002 43.8400002 16.9999981
v 14 -16 17
v 79 84 16.9999981
v 14 -16 17
v 120.760002 43.8400002 16.9999981
v 62.5400009 -50.5599976 17.0000019
v 183.01001 -16.0100002 -0.429999322
v 62.5400009 -50.5599976 17.0000019
v 120.760002 43.8400002 16.9999981
v 62.5400009 -50.5599976 17.0000019
v 183.01001 -16.0100002 -0.429999322
v 132 -100 -0.509995639
v 160.619995 -83.4700012 -3.75999618
v 132 -100 -0.509995639
v 183.01001 -16.0100002 -0.429999322
v 40.0299988 -9.09000301 -72.4700012
v 39.6800003 7.03999615 -82.9400024
v 33.6800003 -9.09000301 -76.3700027
v 39.6800003 7.03999615 -82.9400024
v 40.0299988 -9.09000301 -72.4700012
v 46.3800011 7.0399971 -75.4400024
v 33.6800003 -9.09000301 -79.4700012
v -40.3800011 -9.09000301 -72.4700012
v -33.6800003 -9.09000301 -79.4700012
v -40.3800011 -9.09000301 -72.4700012
v 33.6800003 -9.09000301 -79.4700012
v 40.3800011 -9.09000301 -72.4700012
v 27.6800003 -25.2200031 -76.9900055
v -34.3800011 -25.2200031 -69.4899979
v -27.6800003 -25.2200031 -76.9900055
v -34.3800011 -25.2200031 -69.4899979
v 27.6800003 -25.2200031 -76.9900055
v 34.3800011 -25.2200031 -69.4899979
v 21.6800003 -41.3600044 -70.4200058
v -27.6800003 -25.2200031 -76.9900055
v -21.6800003 -41.3600044 -70.4200058
v -27.6800003 -25.2200031 -76.9900055
v 21.6800003 -41.3600044 -70.4200058
v 27.6800003 -25.2200031 -76.9900055
v -22.3800011 -57.4899979 -63.5400009
v 15.6800003 -57.4899979 -67.4399948
v -15.6800003 -57.4899979 -67.4399948
v 15.6800003 -57.4899979 -67.4399948
v -22.3800011 -57.4899979 -63.5400009
v 22.3800011 -57.4899979 -63.5400009
v -79.0899963 11.1899967 -60.2500038
v -70.4900055 16.7699966 -67.5999985
v -79.0899963 11.1899967 -63.5999985
v -70.4900055 16.7699966 -67.5999985
v -79.0899963 11.1899967 -60.2500038
v -61.9000015 22.3499966 -60.2500038
v -61.9000015 22.3499966 -60.2500038
v -61.9000015 22.3499966 -67.5999985
v -70.4900055 16.7699966 -67.5999985
v 20 190.600006 -59.0000038
v 37 130 -49.4700089
v 20 190.600006 -49.4700089
v 37 130 -49.4700089
v 20 190.600006 -59.0000038
v 37 130 -77.0000076
v 29 -68 -63
v -29 -68 -49.2899971
v 29 -68 -49.2899971
v -29 -68 -49.2899971
v 29 -68 -63
v -29 -68 -63
v -85.3899994 64 30.8099957
v -136 80 -34.9300041
v -136 80 11.9299965
v -136 80 -34.9300041
v -85.3899994 64 30.8099957
v -85.25 64 -49.8100052
v -50 -116 38.9400063
v -88 -23.9999962 58.9999962
v -50 -116 59.0000038
v -88 -23.9999962 58.9999962
v -50 -116 38.9400063
v -88 -24 15.6300011
v -88 -24 15.6300011
v -86 49.0000038 49.9999962
v -88 -23.9999962 58.9999962
v -86 49.0000038 49.9999962
v -88 -24 15.6300011
v -86 49 11.4999981
v -84 122 23.3699951
v -86 49.0000038 49.9999962
v -86 49 11.4999981
v -86 49.0000038 49.9999962
v -84 122 23.3699951
v -84 122 40.9999924
v -44 192 21.9999905
v -84 122 40.9999924
v -84 122 23.3699951
v -51 130 -82.0000076
v -88.4599991 137.490005 -58.5200081
v -88.4599991 137.490005 -63.0000038
v -88.4599991 137.490005 -58.5200081
v -51 130 -82.0000076
v -51 130 -49.2400055
v -51 130 -49.2400055
v -88.4599991 137.490005 -40.0000076
v -88.4599991 137.490005 -58.5200081
v -88.4599991 137.490005 -40.0000076
v -51 130 -49.2400055
v -51 130 -40.0000076
v 51 130 -49.2400055
v -51 130 -40.0000076
v -51 130 -49.2400055
v -51 130 -40.0000076
v 51 130 -49.2400055
v 51 130 -40.0000076
v 51 130 -49.2400055
v 88.4599991 137.490005 -40.0000076
v 51 130 -40.0000076
v 88.4599991 137.490005 -40.0000076
v 51 130 -49.2400055
v 88.4599991 137.490005 -58.5200081
v -51 130 -82.0000076
v 51 130 -49.2400055
v -51 130 -49.2400055
v 51 130 -49.2400055
v -51 130 -82.0000076
v 51 130 -82.0000076
v 88.4599991 137.490005 -63.0000038
v 51 130 -49.2400055
v 51 130 -82.0000076
v 51 130 -49.2400055
v 88.4599991 137.490005 -63.0000038
v 88.4599991 137.490005 -58.5200081
v 59.170002 -168.380005 -26.659996
v 65.2000046 -147.990005 -5.4999938
v 65.2000046 -147.990005 -28.1899929
v 65.2000046 -147.990005 -5.4999938
v 59.170002 -168.380005 -26.659996
v 59.170002 -168.380005 -5.49999237
v 51 -196 -16.4099922
v 59.170002 -168.380005 -5.49999237
v 59.170002 -168.380005 -26.659996
v 59.170002 -168.380005 -5.49999237
v 51 -196 -16.4099922
v 51 -196 -5.49999142
v 209.87001 -102.940002 54.0000076
v 171.279999 -125.699997 42.7900047
v 205.209991 -37.7999954 57.4800034
v 205.209991 -37.7999954 57.4800034
v 171.279999 -125.699997 42.7900047
v 127.25 -54.4799995 36.920002
v 127.25 -54.4799995 36.920002
v 172.199997 38.8800011 54.7299995
v 205.209991 -37.7999954 57.4800034
v 172.199997 38.8800011 54.7299995
v 127.25 -54.4799995 36.920002
v 100.380005 39.2000008 36.8999939
v 100.380005 39.2000008 36.8999939
v 102.629997 92.0599976 41.2199974
v 172.199997 38.8800011 54.7299995
v 171.279999 -125.699997 42.7900047
v 151.100006 -137.600006 36.9300079
v 127.25 -54.4799995 36.920002
v -145.529999 -228.500015 23.5300102
v -142.900009 -228.500015 24.6200104
v -140.269989 -228.500015 23.5300102
v -139.180008 -228.500015 20.9000111
v -145.529999 -228.500015 23.5300102
v -140.269989 -228.500015 23.5300102
v -145.529999 -228.500015 23.5300102
v -139.180008 -228.500015 20.9000111
v -146.619995 -228.500015 20.9000111
v -139.180008 -228.500015 20.9000111
v -145.529999 -228.500015 18.27001
v -146.619995 -228.500015 20.9000111
v -145.529999 -228.500015 18.27001
v -139.180008 -228.500015 20.9000111
v -140.269989 -228.500015 18.27001
v -140.269989 -228.500015 18.27001
v -142.900009 -228.500015 17.1800098
v -145.529999 -228.500015 18.27001
v -171.279999 -125.699997 42.7900047
v -209.87001 -102.940002 54.0000076
v -205.209991 -37.7999954 57.4800034
v -171.279999 -125.699997 42.7900047
v -205.209991 -37.7999954 57.4800034
v -127.25 -54.4799995 36.920002
v -151.100006 -137.600006 36.9300079
v -171.279999 -125.699997 42.7900047
v -127.25 -54.4799995 36.920002
v -172.199997 38.8800011 54.7299995
v -127.25 -54.4799995 36.920002
v -205.209991 -37.7999954 57.4800034
v -127.25 -54.4799995 36.920002
v -172.199997 38.8800011 54.7299995
v -100.380005 39.2000008 36.8999939
v -102.629997 92.0599976 41.2199974
v -100.380005 39.2000008 36.8999939
v -172.199997 38.8800011 54.7299995
v 76.3199997 -84.8899994 -46.3999939
v 76.3199997 -84.8899994 -39.6999969
v 81.2699966 -92.4700012 -46.3999939
v 81.2699966 -92.4700012 -46.3999939
v 76.3199997 -84.8899994 -39.6999969
v 85.4399948 -98.8799973 -39.6999969
v 85.4399948 -98.8799973 -39.6999969
v 85.4399948 -98.8799973 -42.3999977
v 81.2699966 -92.4700012 -46.3999939
v 96.8399963 -91.4599991 -39.6999969
v 92.659996 -85.0499954 -46.3999939
v 96.8399963 -91.4599991 -42.3999977
v 87.7200012 -77.4700012 -39.6999969
v 92.659996 -85.0499954 -46.3999939
v 96.8399963 -91.4599991 -39.6999969
v 87.7200012 -77.4700012 -39.6999969
v 87.7200012 -77.4700012 -46.3999939
v 92.659996 -85.0499954 -46.3999939
v 39.7099991 -108.760002 -46.3999939
v 39.7099991 -108.760002 -39.6999969
v 44.6599998 -116.340004 -46.3999939
v 44.6599998 -116.340004 -46.3999939
v 39.7099991 -108.760002 -39.6999969
v 48.829998 -122.75 -39.6999969
v 48.829998 -122.75 -39.6999969
v 48.829998 -122.75 -42.3999939
v 44.6599998 -116.340004 -46.3999939
v 60.2299995 -115.32 -39.6999969
v 56.0500031 -108.910004 -46.3999939
v 60.2299995 -115.32 -42.3999939
v 51.1100006 -101.329994 -39.6999969
v 56.0500031 -108.910004 -46.3999939
v 60.2299995 -115.32 -39.6999969
v 51.1100006 -101.329994 -39.6999969
v 51.1100006 -101.329994 -46.3999939
v 56.0500031 -108.910004 -46.3999939
v 66.5 -16.6100025 -60.2500038
v 57.9000015 -11.0200033 -67.5999985
v 66.5 -16.6100025 -63.5999985
v 66.5 -16.6100025 -60.2500038
v 49.2999992 -5.44000244 -60.2500038
v 57.9000015 -11.0200033 -67.5999985
v 49.2999992 -5.44000244 -60.2500038
v 49.2999992 -5.44000292 -67.5999985
v 57.9000015 -11.0200033 -67.5999985
v 76.5 2.98999739 -60.2500038
v 67.9000015 8.57999706 -67.5999985
v 76.5 2.98999715 -63.5999985
v 76.5 2.98999739 -60.2500038
v 59.2999992 14.159997 -60.2500038
v 67.9000015 8.57999706 -67.5999985
v 59.2999992 14.159997 -60.2500038
v 59.2999992 14.159997 -67.5999985
v 67.9000015 8.57999706 -67.5999985
v 96.5200043 42.25 -60.2500038
v 87.9300003 47.829998 -67.5999985
v 96.5200043 42.25 -63.5999985
v 96.5200043 42.25 -60.2500038
v 79.3299942 53.420002 -60.2500038
v 87.9300003 47.829998 -67.5999985
v 79.3299942 53.420002 -60.2500038
v 79.3299942 53.420002 -67.5999985
v 87.9300003 47.829998 -67.5999985
v 57.9799995 -96.8499985 -46.3999939
v 57.9799995 -96.8499985 -39.6999969
v 62.9199982 -104.429993 -46.3999939
v 62.9199982 -104.429993 -46.3999939
v 57.9799995 -96.8499985 -39.6999969
v 67.0999985 -110.839996 -39.6999969
v 67.0999985 -110.839996 -39.6999969
v 67.0999985 -110.839996 -42.3999939
v 62.9199982 -104.429993 -46.3999939
v 78.4899979 -103.410004 -39.6999969
v 74.3099976 -97.0100021 -46.3999939
v 78.4899979 -103.410004 -42.3999939
v 69.3700027 -89.4200058 -39.6999969
v 74.3099976 -97.0100021 -46.3999939
v 78.4899979 -103.410004 -39.6999969
v 69.3700027 -89.4200058 -39.6999969
v 69.3700027 -89.4200058 -46.3999939
v 74.3099976 -97.0100021 -46.3999939
v 86.5 22.5899963 -60.2500038
v 77.9000015 28.1799965 -67.5999985
v 86.5 22.5899963 -63.5999985
v 86.5 22.5899963 -60.2500038
v 69.3000031 33.7599945 -60.2500038
v 77.9000015 28.1799965 -67.5999985
v 69.3000031 33.7599945 -60.2500038
v 69.3000031 33.7599945 -67.5999985
v 77.9000015 28.1799965 -67.5999985
v -76.3199997 -84.8899994 -39.6999969
v -76.3199997 -84.8899994 -46.3999939
v -81.2699966 -92.4700012 -46.3999939
v -76.3199997 -84.8899994 -39.6999969
v -81.2699966 -92.4700012 -46.3999939
v -85.4399948 -98.8799973 -39.6999969
v -85.4399948 -98.8799973 -42.3999977
v -85.4399948 -98.8799973 -39.6999969
v -81.2699966 -92.4700012 -46.3999939
v -92.659996 -85.0499954 -46.3999939
v -96.8399963 -91.4599991 -39.6999969
v -96.8399963 -91.4599991 -42.3999977
v -92.659996 -85.0499954 -46.3999939
v -87.7200012 -77.4700012 -39.6999969
v -96.8399963 -91.4599991 -39.6999969
v -87.7200012 -77.4700012 -46.3999939
v -87.7200012 -77.4700012 -39.6999969
v -92.659996 -85.0499954 -46.3999939
v -39.7099991 -108.760002 -39.6999969
v -39.7099991 -108.760002 -46.3999939
v -44.6599998 -116.340004 -46.3999939
v -39.7099991 -108.760002 -39.6999969
v -44.6599998 -116.340004 -46.3999939
v -48.829998 -122.75 -39.6999969
v -48.829998 -122.75 -42.3999939
v -48.829998 -122.75 -39.6999969
v -44.6599998 -116.340004 -46.3999939
v -56.0500031 -108.910004 -46.3999939
v -60.2299995 -115.32 -39.6999969
v -60.2299995 -115.32 -42.3999939
v -56.0500031 -108.910004 -46.3999939
v -51.1100006 -101.329994 -39.6999969
v -60.2299995 -115.32 -39.6999969
v -51.1100006 -101.329994 -46.3999939
v -51.1100006 -101.329994 -39.6999969
v -56.0500031 -108.910004 -46.3999939
v -57.9000015 -11.0200033 -67.5999985
v -66.5 -16.6100025 -60.2500038
v -66.5 -16.6100025 -63.5999985
v -49.2999992 -5.44000244 -60.2500038
v -66.5 -16.6100025 -60.2500038
v -57.9000015 -11.0200033 -67.5999985
v -49.2999992 -5.44000292 -67.5999985
v -49.2999992 -5.44000244 -60.2500038
v -57.9000015 -11.0200033 -67.5999985
v -67.9000015 8.57999706 -67.5999985
v -76.5 2.98999739 -60.2500038
v -76.5 2.98999715 -63.5999985
v -59.2999992 14.159997 -60.2500038
v -76.5 2.98999739 -60.2500038
v -67.9000015 8.57999706 -67.5999985
v -59.2999992 14.159997 -67.5999985
v -59.2999992 14.159997 -60.2500038
v -67.9000015 8.57999706 -67.5999985
v -87.9300003 47.829998 -67.5999985
v -96.5200043 42.25 -60.2500038
v -96.5200043 42.25 -63.5999985
v -79.3299942 53.420002 -60.2500038
v -96.5200043 42.25 -60.2500038
v -87.9300003 47.829998 -67.5999985
v -79.3299942 53.420002 -67.5999985
v -79.3299942 53.420002 -60.2500038
v -87.9300003 47.829998 -67.5999985
v 59.7700005 -273.600006 12.1300116
v 62.4000015 -273.600006 13.2200127
v 65.0299988 -273.600006 12.1300116
v 65.0299988 -273.600006 12.1300116
v 58.6799965 -273.600006 9.50001144
v 59.7700005 -273.600006 12.1300116
v 58.6799965 -273.600006 9.50001144
v 65.0299988 -273.600006 12.1300116
v 66.1199951 -273.600006 9.50001144
v 65.0299988 -273.600006 6.87001181
v 58.6799965 -273.600006 9.50001144
v 66.1199951 -273.600006 9.50001144
v 58.6799965 -273.600006 9.50001144
v 65.0299988 -273.600006 6.87001181
v 59.7700005 -273.600006 6.87001181
v 65.0299988 -273.600006 6.87001181
v 62.4000015 -273.600006 5.78001165
v 59.7700005 -273.600006 6.87001181
v -65.0299988 -283 12.1300125
v -62.4000015 -283 13.2200127
v -59.7700005 -283 12.1300125
v -58.6799965 -283 9.5000124
v -65.0299988 -283 12.1300125
v -59.7700005 -283 12.1300125
v -65.0299988 -283 12.1300125
v -58.6799965 -283 9.5000124
v -66.1199951 -283 9.5000124
v -58.6799965 -283 9.5000124
v -65.0299988 -283 6.87001276
v -66.1199951 -283 9.5000124
v -65.0299988 -283 6.87001276
v -58.6799965 -283 9.5000124
v -59.7700005 -283 6.87001276
v -59.7700005 -283 6.87001276
v -62.4000015 -283 5.78001213
v -65.0299988 -283 6.87001276
v -57.9799995 -96.8499985 -39.6999969
v -57.9799995 -96.8499985 -46.3999939
v -62.9199982 -104.429993 -46.3999939
v -57.9799995 -96.8499985 -39.6999969
v -62.9199982 -104.429993 -46.3999939
v -67.0999985 -110.839996 -39.6999969
v -67.0999985 -110.839996 -42.3999939
v -67.0999985 -110.839996 -39.6999969
v -62.9199982 -104.429993 -46.3999939
v -74.3099976 -97.0100021 -46.3999939
v -78.4899979 -103.410004 -39.6999969
v -78.4899979 -103.410004 -42.3999939
v -74.3099976 -97.0100021 -46.3999939
v -69.3700027 -89.4200058 -39.6999969
v -78.4899979 -103.410004 -39.6999969
v -69.3700027 -89.4200058 -46.3999939
v -69.3700027 -89.4200058 -39.6999969
v -74.3099976 -97.0100021 -46.3999939
v -77.9000015 28.1799965 -67.5999985
v -86.5 22.5899963 -60.2500038
v -86.5 22.5899963 -63.5999985
v -69.3000031 33.7599945 -60.2500038
v -86.5 22.5899963 -60.2500038
v -77.9000015 28.1799965 -67.5999985
v -69.3000031 33.7599945 -67.5999985
v -69.3000031 33.7599945 -60.2500038
v -77.9000015 28.1799965 -67.5999985
v -105.459999 67.4899979 -63
v -70 34.9999962 -49.5600014
v -70 34.9999962 -82
v -105.459999 67.4899979 -63
v -105.459999 67.4899979 -40.0000038
v -70 34.9999962 -49.5600014
v -105.459999 67.4899979 -40.0000038
v -70 34.9999962 -40.0000038
v -70 34.9999962 -49.5600014
v 70 34.9999962 -49.5600014
v 105.459999 67.4899979 -63
v 70 34.9999962 -82
v 70 34.9999962 -49.5600014
v 105.459999 67.4899979 -40.0000038
v 105.459999 67.4899979 -63
v 70 34.9999962 -49.5600014
v 70 34.9999962 -40.0000038
v 105.459999 67.4899979 -40.0000038
v -67.5800018 129.690002 -49.810009
v -136 80 -34.9300041
v -85.25 64 -49.8100052
v -67.5800018 129.690002 -49.810009
v -90.4700012 221 -34.9300079
v -136 80 -34.9300041
v -67.5800018 129.690002 -49.810009
v -48.0600014 202.290009 -49.810009
v -90.4700012 221 -34.9300079
v -48.0600014 202.290009 -49.810009
v -70 235.999985 -39.2700081
v -90.4700012 221 -34.9300079
v -70 235.999985 -39.2700081
v -48.0600014 202.290009 -49.810009
v -41 228 -49.810009
v -48.0600014 202.290009 -49.810009
v 41 228 -49.810009
v -41 228 -49.810009
v 41 228 -49.810009
v -48.0600014 202.290009 -49.810009
v 48.0600014 202.290009 -49.810009
v 48.0600014 202.290009 -49.810009
v 70 235.999985 -39.2700081
v 41 228 -49.810009
v 70 235.999985 -39.2700081
v 48.0600014 202.290009 -49.810009
v 90.4700012 221 -34.9300079
v 67.5800018 129.690002 -49.810009
v -48.0600014 202.290009 -49.810009
v -67.5800018 129.690002 -49.810009
v -48.0600014 202.290009 -49.810009
v 67.5800018 129.690002 -49.810009
v 48.0600014 202.290009 -49.810009
v 90.4700012 221 -34.9300079
v 48.0600014 202.290009 -49.810009
v 67.5800018 129.690002 -49.810009
v 90.4700012 221 -34.9300079
v 67.5800018 129.690002 -49.810009
v 136 80 -34.9300041
v 136 80 -34.9300041
v 67.5800018 129.690002 -49.810009
v 85.25 64 -49.8100052
v -105.459999 67.4899979 -63
v -88.4599991 137.490005 -63.0000038
v -88.4599991 137.490005 -58.5200081
v -105.459999 67.4899979 -63
v -88.4599991 137.490005 -58.5200081
v -105.459999 67.4899979 -40.0000038
v -88.4599991 137.490005 -58.5200081
v -88.4599991 137.490005 -40.0000076
v -105.459999 67.4899979 -40.0000038
v 88.4599991 137.490005 -58.5200081
v 88.4599991 137.490005 -63.0000038
v 105.459999 67.4899979 -63
v 105.459999 67.4899979 -40.0000038
v 88.4599991 137.490005 -58.5200081
v 105.459999 67.4899979 -63
v 105.459999 67.4899979 -40.0000038
v 88.4599991 137.490005 -40.0000076
v 88.4599991 137.490005 -58.5200081
v 80.4899979 -150.610001 29.260006
v 143.720001 -89.5500031 24.760004
v 100.849998 -155 23.2600079
v 143.720001 -89.5500031 24.760004
v 80.4899979 -150.610001 29.260006
v 127.550003 -76.5100021 30.7600021
v 79.4000015 -37.6500015 30.7600021
v 127.550003 -76.5100021 30.7600021
v 80.4899979 -150.610001 29.260006
v -80.4899979 -150.610001 29.260006
v 79.4000015 -37.6500015 30.7600021
v 80.4899979 -150.610001 29.260006
v 79.4000015 -37.6500015 30.7600021
v -80.4899979 -150.610001 29.260006
v -79.4000015 -37.6500015 30.7600021
v -80.4899979 -150.610001 29.260006
v -127.550003 -76.5100021 30.7600021
v -79.4000015 -37.6500015 30.7600021
v -80.4899979 -150.610001 29.260006
v -143.720001 -89.5500031 24.760004
v -127.550003 -76.5100021 30.7600021
v 94 -199 23.2600098
v 80.4899979 -150.610001 29.260006
v 100.849998 -155 23.2600079
v 80.4899979 -150.610001 29.260006
v 94 -199 23.2600098
v 76.1399994 -208.5 29.2600098
v 80.4899979 -150.610001 29.260006
v 76.1399994 -208.5 29.2600098
v 0 -249 29.2600117
v 0 -249 29.2600117
v -80.4899979 -150.610001 29.260006
v 80.4899979 -150.610001 29.260006
v -80.4899979 -150.610001 29.260006
v 0 -249 29.2600117
v -76.1399994 -208.5 29.2600098
v -94 -199 23.2600098
v -80.4899979 -150.610001 29.260006
v -76.1399994 -208.5 29.2600098
v -80.4899979 -150.610001 29.260006
v -94 -199 23.2600098
v -100.849998 -155 23.2600079
v -143.720001 -89.5500031 24.760004
v -80.4899979 -150.610001 29.260006
v -100.849998 -155 23.2600079
v -94 -199 10.3800087
v -80.75 -154.800003 -14.8499918
v -100.849998 -155 5.25000668
v -80.75 -154.800003 -14.8499918
v -94 -199 10.3800087
v -76.2600021 -208.439987 -9.38999176
v -47.7600021 -154.470001 -14.8499918
v -80.75 -154.800003 -14.8499918
v -76.2600021 -208.439987 -9.38999176
v -47.7600021 -154.470001 -14.8499918
v -128.069992 -76.9300003 -23.7599964
v -80.75 -154.800003 -14.8499918
v -143.720001 -89.5500031 -3.65999603
v -80.75 -154.800003 -14.8499918
v -128.069992 -76.9300003 -23.7599964
v -80.75 -154.800003 -14.8499918
v -143.720001 -89.5500031 -3.65999603
v -100.849998 -155 5.25000668
v -47.7600021 -154.470001 -14.8499918
v -76.2600021 -208.439987 -9.38999176
v 0 -249 -7.99998856
v 0 -154 -14.8499918
v -47.7600021 -154.470001 -14.8499918
v 0 -249 -7.99998856
v 47.7600021 -154.470001 -14.8499918
v 0 -154 -14.8499918
v 0 -249 -7.99998856
v 0 -249 -7.99998856
v 76.2600021 -208.439987 -9.38999176
v 47.7600021 -154.470001 -14.8499918
v 80.75 -154.800003 -14.8499918
v 47.7600021 -154.470001 -14.8499918
v 76.2600021 -208.439987 -9.38999176
v 128.069992 -76.9300003 -23.7599964
v 47.7600021 -154.470001 -14.8499918
v 80.75 -154.800003 -14.8499918
v 80.75 -154.800003 -14.8499918
v 143.720001 -89.5500031 -3.65999603
v 128.069992 -76.9300003 -23.7599964
v 143.720001 -89.5500031 -3.65999603
v 80.75 -154.800003 -14.8499918
v 100.849998 -155 5.25000668
v 80.75 -154.800003 -14.8499918
v 94 -199 10.3800087
v 100.849998 -155 5.25000668
v 94 -199 10.3800087
v 80.75 -154.800003 -14.8499918
v 76.2600021 -208.439987 -9.38999176

# 687 UV coordinates
vt 0.815199971 0.765599996 0
vt 0.796299994 0.751599997 0
vt 0.831200004 0.747200012 0
vt 0.0603 0.423300028 0
vt 0.0186000001 0.423200011 0
vt 0.053199999 0.38499999 0
vt 0.0601999983 0.457799971 0
vt 0.0529999994 0.497300029 0
vt 0.0186000001 0.457700014 0
vt 0.971599996 0.09890002 0
vt 0.904799998 0.080299973 0
vt 0.971599996 0.080299973 0
vt 0.904799998 0.09890002 0
vt 0.81400001 0.080299973 0
vt 0.81400001 0.09890002 0
vt 0.787899971 0.09890002 0
vt 0.787899971 0.080299973 0
vt 0.712400019 0.080299973 0
vt 0.712400019 0.09890002 0
vt 0.651799977 0.09890002 0
vt 0.651799977 0.080299973 0
vt 0.327899992 0.307500005 0
vt 0.301600009 0.27700001 0
vt 0.327899992 0.27700001 0
vt 0.301600009 0.307500005 0
vt 0.248799995 0.284699976 0
vt 0.248799995 0.299700022 0
vt 0.161400005 0.284699976 0
vt 0.161400005 0.299700022 0
vt 0.108499996 0.282500029 0
vt 0.108499996 0.302399993 0
vt 0.0614 0.307500005 0
vt 0.0614 0.276899993 0
vt 0.0282000005 0.307500005 0
vt 0.0282000005 0.276899993 0
vt 0.524200022 0.460200012 0
vt 0.477499992 0.433700025 0
vt 0.521200001 0.433700025 0
vt 0.468400002 0.468500018 0
vt 0.455799997 0.448800027 0
vt 0.448799998 0.471400023 0
vt 0.459899992 0.483699977 0
vt 0.476000011 0.476700008 0
vt 0.525699973 0.47329998 0
vt 0.686100006 0.212899983 0
vt 0.775399983 0.197700024 0
vt 0.680000007 0.183300018 0
vt 0.751800001 0.221400023 0
vt 0.701499999 0.247399986 0
vt 0.71450001 0.247300029 0
vt 0.301800013 0.183700025 0
vt 0.398499995 0.209399998 0
vt 0.401499987 0.183300018 0
vt 0.292199999 0.193599999 0
vt 0.305099994 0.262499988 0
vt 0.392500013 0.262499988 0
vt 0.269899994 0.162299991 0
vt 0.247600004 0.186999977 0
vt 0.261700004 0.232200027 0
vt 0.681400001 0.862399995 0
vt 0.722599983 0.883900002 0
vt 0.678300023 0.884400003 0
vt 0.722299993 0.862000003 0
vt 0.780300021 0.861300007 0
vt 0.780600011 0.883199997 0
vt 0.854399979 0.860400006 0
vt 0.854600012 0.882299997 0
vt 0.933000028 0.859500006 0
vt 0.933200002 0.881399997 0
vt 0.858099997 0.606599987 0
vt 0.912 0.601399988 0
vt 0.892700016 0.629900008 0
vt 0.877399981 0.578099996 0
vt 0.846899986 0.557500005 0
vt 0.827600002 0.585999995 0
vt 0.853200018 0.613000005 0
vt 0.770500004 0.615700006 0
vt 0.822700024 0.592500001 0
vt 0.783299983 0.662200004 0
vt 0.870800018 0.65079999 0
vt 0.859000027 0.659700006 0
vt 0.855599999 0.495700002 0
vt 0.883899987 0.573199987 0
vt 0.853399992 0.552700013 0
vt 0.903699994 0.490199983 0
vt 0.733099997 0.950100001 0
vt 0.793900013 0.894500002 0
vt 0.741100013 0.909000002 0
vt 0.802200019 0.963 0
vt 0.863699973 0.899899997 0
vt 0.883700013 0.958500002 0
vt 0.924899995 0.941799998 0
vt 0.887099981 0.968199998 0
vt 0.937600017 0.970100001 0
vt 0.92930001 0.9505 0
vt 0.895399988 0.9879 0
vt 0.933700025 0.576499999 0
vt 0.911800027 0.491299987 0
vt 0.89200002 0.574299991 0
vt 0.954699993 0.499800026 0
vt 0.95569998 0.494899988 0
vt 0.847500026 0.495100021 0
vt 0.810899973 0.550900012 0
vt 0.845300019 0.552100003 0
vt 0.81309998 0.493900001 0
vt 0.824899971 0.772100002 0
vt 0.873199999 0.791999996 0
vt 0.874599993 0.775600001 0
vt 0.822799981 0.795499995 0
vt 0.340499997 0.471199989 0
vt 0.335900009 0.514499992 0
vt 0.3213 0.478799999 0
vt 0.354999989 0.506700009 0
vt 0.356400013 0.531500012 0
vt 0.343100011 0.537 0
vt 0.37439999 0.575300008 0
vt 0.360300004 0.581099987 0
vt 0.378399998 0.594799995 0
vt 0.389400005 0.590299994 0
vt 0.284000009 0.123600006 0
vt 0.274800003 0.111299992 0
vt 0.284000009 0.111299992 0
vt 0.274800003 0.123600006 0
vt 0.264800012 0.111299992 0
vt 0.264800012 0.123600006 0
vt 0.261799991 0.123600006 0
vt 0.261799991 0.111299992 0
vt 0.228400007 0.110099971 0
vt 0.225899994 0.122399986 0
vt 0.225899994 0.110099971 0
vt 0.228300005 0.122399986 0
vt 0.236100003 0.122399986 0
vt 0.236100003 0.110099971 0
vt 0.244299993 0.122399986 0
vt 0.244299993 0.110099971 0
vt 0.265500009 0.1329 0
vt 0.274800003 0.126299977 0
vt 0.265500009 0.129899979 0
vt 0.284000009 0.1329 0
vt 0.284000009 0.126299977 0
vt 0.43779999 0.058099985 0
vt 0.411500007 0.042900026 0
vt 0.42899999 0.042900026 0
vt 0.402799994 0.058099985 0
vt 0.411500007 0.073199987 0
vt 0.42899999 0.073199987 0
vt 0.446500003 0.0977 0
vt 0.42899999 0.07980001 0
vt 0.446500003 0.07980001 0
vt 0.42899999 0.0977 0
vt 0.411500007 0.07980001 0
vt 0.411500007 0.0977 0
vt 0.39410001 0.07980001 0
vt 0.39410001 0.0977 0
vt 0.369700015 0.457099974 0
vt 0.395700008 0.432600021 0
vt 0.398600012 0.453000009 0
vt 0.366699994 0.436699986 0
vt 0.372700006 0.530900002 0
vt 0.416900009 0.559300005 0
vt 0.398900002 0.5704 0
vt 0.384200007 0.5088 0
vt 0.433299989 0.541900009 0
vt 0.398600012 0.469200015 0
vt 0.369700015 0.47329998 0
vt 0.527199984 0.640199989 0
vt 0.564899981 0.705300003 0
vt 0.527199984 0.694499999 0
vt 0.564899981 0.626800001 0
vt 0.59829998 0.695300013 0
vt 0.59829998 0.705599993 0
vt 0.59829998 0.626599997 0
vt 0.455799997 0.694499999 0
vt 0.51639998 0.640199989 0
vt 0.51639998 0.694499999 0
vt 0.455799997 0.640199989 0
vt 0.204899997 0.561300009 0
vt 0.300599992 0.505600005 0
vt 0.312700003 0.556600004 0
vt 0.200299993 0.507600009 0
vt 0.282400012 0.428200006 0
vt 0.193499997 0.429499984 0
vt 0.219500005 0.413900018 0
vt 0.268900007 0.341099977 0
vt 0.336299986 0.408800006 0
vt 0.262100011 0.380500019 0
vt 0.3486 0.339100003 0
vt 0.388099998 0.416800022 0
vt 0.400200009 0.348200023 0
vt 0.961600006 0.837099999 0
vt 0.958999991 0.749199986 0
vt 0.961600006 0.749199986 0
vt 0.958999991 0.837099999 0
vt 0.956399977 0.749199986 0
vt 0.956399977 0.837099999 0
vt 0.953800023 0.749199986 0
vt 0.953800023 0.837099999 0
vt 0.951200008 0.749199986 0
vt 0.951200008 0.837099999 0
vt 0.948599994 0.749199986 0
vt 0.948499978 0.837099999 0
vt 0.945900023 0.749199986 0
vt 0.945900023 0.837099999 0
vt 0.943300009 0.749199986 0
vt 0.943300009 0.837099999 0
vt 0.940699995 0.749199986 0
vt 0.940699995 0.837099999 0
vt 0.576499999 0.841100007 0
vt 0.575100005 0.858500004 0
vt 0.582000017 0.856900007 0
vt 0.568000019 0.844400004 0
vt 0.585399985 0.9036 0
vt 0.641499996 0.9001 0
vt 0.591499984 0.9001 0
vt 0.647599995 0.9036 0
vt 0.647000015 0.881499998 0
vt 0.591499984 0.897100002 0
vt 0.641499996 0.897100002 0
vt 0.586000025 0.881499998 0
vt 0.644500017 0.940499999 0
vt 0.643100023 0.923100002 0
vt 0.637600005 0.938900001 0
vt 0.651600003 0.926399998 0
vt 0.638199985 0.9792 0
vt 0.636799991 0.961800002 0
vt 0.631399989 0.977600001 0
vt 0.645299971 0.965 0
vt 0.334899992 0.097100019 0
vt 0.317499995 0.079400003 0
vt 0.317499995 0.097100019 0
vt 0.334899992 0.07950002 0
vt 0.352400005 0.097100019 0
vt 0.352400005 0.07950002 0
vt 0.369899988 0.097100019 0
vt 0.369899988 0.07950002 0
vt 0.0932999998 0.092299998 0
vt 0.134499997 0.07950002 0
vt 0.115999997 0.07950002 0
vt 0.157100007 0.092299998 0
vt 0.0807000026 0.132399976 0
vt 0.169799998 0.132399976 0
vt 0.0372000001 0.166100025 0
vt 0.213200003 0.166100025 0
vt 0.213200003 0.229600012 0
vt 0.0372000001 0.229600012 0
vt 0.176400006 0.706400007 0
vt 0.213100001 0.662099987 0
vt 0.205699995 0.657599986 0
vt 0.197699994 0.719300002 0
vt 0.532700002 0.089399993 0
vt 0.508700013 0.086700022 0
vt 0.518100023 0.093500018 0
vt 0.523500025 0.055800021 0
vt 0.488299996 0.022899985 0
vt 0.512600005 0.015299976 0
vt 0.57889998 0.055800021 0
vt 0.569800019 0.089399993 0
vt 0.593800008 0.086700022 0
vt 0.614199996 0.022899985 0
vt 0.5898 0.015299976 0
vt 0.584299982 0.093500018 0
vt 0.497200012 0.834099993 0
vt 0.450399995 0.824699998 0
vt 0.450399995 0.834099993 0
vt 0.497200012 0.824699998 0
vt 0.563000023 0.537699997 0
vt 0.615999997 0.481899977 0
vt 0.578199983 0.474300027 0
vt 0.598800004 0.567799985 0
vt 0.708299994 0.481899977 0
vt 0.725499988 0.567799985 0
vt 0.761200011 0.537699997 0
vt 0.746100008 0.474300027 0
vt 0.635900021 0.662600011 0
vt 0.688399971 0.662600011 0
vt 0.331 0.168299973 0
vt 0.46509999 0.125899971 0
vt 0.331 0.125899971 0
vt 0.46509999 0.168299973 0
vt 0.488000005 0.172200024 0
vt 0.488000005 0.121999979 0
vt 0.515200019 0.108799994 0
vt 0.515200019 0.181699991 0
vt 0.589399993 0.181699991 0
vt 0.589399993 0.108799994 0
vt 0.616599977 0.172200024 0
vt 0.616599977 0.121999979 0
vt 0.639599979 0.125899971 0
vt 0.639599979 0.168299973 0
vt 0.773599982 0.125899971 0
vt 0.773599982 0.168299973 0
vt 0.432500005 0.881899998 0
vt 0.497000009 0.8389 0
vt 0.450199991 0.8389 0
vt 0.514800012 0.881899998 0
vt 0.433400005 0.916299999 0
vt 0.513800025 0.916299999 0
vt 0.512899995 0.9507 0
vt 0.434300005 0.9507 0
vt 0.494199991 0.9846 0
vt 0.453000009 0.9846 0
vt 0.574899971 0.753199995 0
vt 0.628600001 0.741299987 0
vt 0.568000019 0.735300004 0
vt 0.628600001 0.767800003 0
vt 0.682200015 0.753199995 0
vt 0.689100027 0.735300004 0
vt 0.581900001 0.779799998 0
vt 0.628600001 0.795200005 0
vt 0.675199986 0.779899999 0
vt 0.455799997 0.704699993 0
vt 0.51639998 0.743999988 0
vt 0.51639998 0.704699993 0
vt 0.448500007 0.743299991 0
vt 0.51639998 0.7773 0
vt 0.444099993 0.7773 0
vt 0.51639998 0.587199986 0
vt 0.455799997 0.627200007 0
vt 0.51639998 0.627200007 0
vt 0.448500007 0.587900013 0
vt 0.51639998 0.553900003 0
vt 0.444000006 0.553900003 0
vt 0.0203000009 0.34920001 0
vt 0.0754000023 0.347800016 0
vt 0.0225000009 0.337300003 0
vt 0.0732000023 0.359600008 0
vt 0.151700005 0.358500004 0
vt 0.158899993 0.319599986 0
vt 0.181899995 0.361000001 0
vt 0.187700003 0.327899992 0
vt 0.251599997 0.336000025 0
vt 0.2447 0.375400007 0
vt 0.323199987 0.913800001 0
vt 0.335999995 0.938999999 0
vt 0.347200006 0.923600003 0
vt 0.31099999 0.929200001 0
vt 0.311800003 0.9903 0
vt 0.289799988 0.9814 0
vt 0.0905999988 0.9751 0
vt 0.108999997 0.945500001 0
vt 0.0907000005 0.963399999 0
vt 0.108999997 0.980599999 0
vt 0.187600002 0.947000001 0
vt 0.1875 0.980900001 0
vt 0.265899986 0.9812 0
vt 0.266200006 0.945999999 0
vt 0.284399986 0.9758 0
vt 0.284399986 0.9641 0
vt 0.0240000002 0.789299995 0
vt 0.0485000014 0.823599994 0
vt 0.0351000018 0.785400003 0
vt 0.0329999998 0.828999996 0
vt 0.0732999966 0.890299998 0
vt 0.0489000008 0.898900002 0
vt 0.928200006 0.171299994 0
vt 0.826799989 0.120599985 0
vt 0.852900028 0.120400012 0
vt 0.796899974 0.189899981 0
vt 0.975799978 0.218100011 0
vt 0.785600007 0.24940002 0
vt 0.970099986 0.586600006 0
vt 0.944700003 0.566900015 0
vt 0.973999977 0.572400004 0
vt 0.936999977 0.577600002 0
vt 0.957899988 0.5009 0
vt 0.962700009 0.502200007 0
vt 0.879000008 0.773499995 0
vt 0.906099975 0.772100002 0
vt 0.888100028 0.787200004 0
vt 0.898100019 0.760100007 0
vt 0.907199979 0.755899996 0
vt 0.914300025 0.766499996 0
vt 0.840900004 0.747200012 0
vt 0.874599993 0.769199997 0
vt 0.824899971 0.765599996 0
vt 0.89380002 0.755799994 0
vt 0.901899993 0.749900013 0
vt 0.39410001 0.019400001 0
vt 0.411500007 0.037400007 0
vt 0.39410001 0.037400007 0
vt 0.411500007 0.019400001 0
vt 0.42899999 0.037400007 0
vt 0.42899999 0.019400001 0
vt 0.446500003 0.037400007 0
vt 0.446500003 0.019400001 0
vt 0.579200029 0.863000005 0
vt 0.646099985 0.859500006 0
vt 0.585200012 0.859500006 0
vt 0.652199984 0.863000005 0
vt 0.657599986 0.832000002 0
vt 0.57980001 0.838799998 0
vt 0.651600003 0.838799998 0
vt 0.573700011 0.832000002 0
vt 0.65140003 0.898599997 0
vt 0.649999976 0.881499998 0
vt 0.644599974 0.897100002 0
vt 0.658299983 0.884400003 0
vt 0.586300015 0.923100002 0
vt 0.584900022 0.940499999 0
vt 0.591700017 0.938900001 0
vt 0.577799976 0.926399998 0
vt 0.592400014 0.961800002 0
vt 0.591000021 0.9792 0
vt 0.597800016 0.977600001 0
vt 0.583899975 0.965 0
vt 0.326200008 0.057399988 0
vt 0.352400005 0.042200029 0
vt 0.334899992 0.042200029 0
vt 0.361200005 0.057399988 0
vt 0.352400005 0.07249999 0
vt 0.334899992 0.07249999 0
vt 0.352400005 0.019500017 0
vt 0.369899988 0.037199974 0
vt 0.369899988 0.019500017 0
vt 0.352400005 0.037199974 0
vt 0.334899992 0.019500017 0
vt 0.334899992 0.037199974 0
vt 0.317499995 0.019500017 0
vt 0.317499995 0.037199974 0
vt 0.0691 0.068000019 0
vt 0.0142000001 0.051599979 0
vt 0.0142000001 0.068000019 0
vt 0.0691 0.051500022 0
vt 0.1109 0.062900007 0
vt 0.1109 0.047399998 0
vt 0.136500001 0.058399975 0
vt 0.136500001 0.046500027 0
vt 0.155000001 0.046500027 0
vt 0.155000001 0.058399975 0
vt 0.180600002 0.047399998 0
vt 0.180600002 0.062900007 0
vt 0.222399995 0.051500022 0
vt 0.222399995 0.067900002 0
vt 0.2773 0.067900002 0
vt 0.277399987 0.051500022 0
vt 0.256300002 0.656100005 0
vt 0.220100001 0.647500008 0
vt 0.220100001 0.656100005 0
vt 0.256300002 0.647500008 0
vt 0.935800016 0.712199986 0
vt 0.835399985 0.700399995 0
vt 0.835500002 0.712799996 0
vt 0.935699999 0.682900012 0
vt 0.677100003 0.338999987 0
vt 0.669200003 0.415000021 0
vt 0.700200021 0.374499977 0
vt 0.629400015 0.353900015 0
vt 0.444099993 0.786400005 0
vt 0.51639998 0.796700001 0
vt 0.51639998 0.786500007 0
vt 0.444099993 0.796700001 0
vt 0.406699985 0.627000004 0
vt 0.444499999 0.694499999 0
vt 0.444499999 0.640199989 0
vt 0.406699985 0.7051 0
vt 0.372500002 0.695300013 0
vt 0.372500002 0.705599993 0
vt 0.372500002 0.626599997 0
vt 0.125300005 0.403800011 0
vt 0.160999998 0.446099997 0
vt 0.175300002 0.424199998 0
vt 0.114100002 0.428300023 0
vt 0.139500007 0.479700029 0
vt 0.0978000015 0.46420002 0
vt 0.107500002 0.475600004 0
vt 0.0346000008 0.932899997 0
vt 0.0507000014 0.909699999 0
vt 0.0255999994 0.916000001 0
vt 0.0606000014 0.926700003 0
vt 0.0513999984 0.9871 0
vt 0.074500002 0.9812 0
vt 0.326200008 0.827299997 0
vt 0.354499996 0.796000004 0
vt 0.343899995 0.790900007 0
vt 0.340999991 0.8345 0
vt 0.293900013 0.890699998 0
vt 0.317200005 0.902000003 0
vt 0.902100027 0.483699977 0
vt 0.850199997 0.4551 0
vt 0.898299992 0.449599981 0
vt 0.853999972 0.489199996 0
vt 0.646099985 0.856900007 0
vt 0.57980001 0.841100007 0
vt 0.585200012 0.856900007 0
vt 0.651600003 0.841100007 0
vt 0.582400024 0.881499998 0
vt 0.580900013 0.898599997 0
vt 0.587800026 0.897100002 0
vt 0.574100018 0.884400003 0
vt 0.594900012 0.941300001 0
vt 0.640200019 0.944800001 0
vt 0.634199977 0.941300001 0
vt 0.58890003 0.944800001 0
vt 0.634199977 0.960099999 0
vt 0.58890003 0.953299999 0
vt 0.595000029 0.960099999 0
vt 0.640299976 0.953299999 0
vt 0.628799975 0.977600001 0
vt 0.595000029 0.961800002 0
vt 0.600399971 0.977600001 0
vt 0.634199977 0.961800002 0
vt 0.0603 0.429099977 0
vt 0.0186000001 0.452700019 0
vt 0.0601999983 0.452799976 0
vt 0.0186000001 0.42900002 0
vt 0.204699993 0.719300002 0
vt 0.256300002 0.662099987 0
vt 0.220100001 0.662099987 0
vt 0.271699995 0.719300002 0
vt 0.768899977 0.700399995 0
vt 0.668600023 0.712099999 0
vt 0.768899977 0.712799996 0
vt 0.66869998 0.682700008 0
vt 0.518299997 0.878700003 0
vt 0.530700028 0.832900003 0
vt 0.521399975 0.832300007 0
vt 0.538500011 0.880099997 0
vt 0.520200014 0.913099997 0
vt 0.538100004 0.914300002 0
vt 0.530300021 0.947999999 0
vt 0.522099972 0.9474 0
vt 0.528500021 0.9856 0
vt 0.543600023 0.745400012 0
vt 0.569000006 0.753199995 0
vt 0.562099993 0.735300004 0
vt 0.552900016 0.762899995 0
vt 0.575999975 0.779799998 0
vt 0.567600012 0.785099998 0
vt 0.628400028 0.810000002 0
vt 0.581900001 0.784700006 0
vt 0.578999996 0.794200003 0
vt 0.628600001 0.800099999 0
vt 0.678300023 0.794499993 0
vt 0.675199986 0.784700006 0
vt 0.656199992 0.858500004 0
vt 0.654799998 0.841100007 0
vt 0.649399996 0.856900007 0
vt 0.663299978 0.844400004 0
vt 0.647000015 0.878899999 0
vt 0.579999983 0.872600004 0
vt 0.586000025 0.878899999 0
vt 0.652999997 0.872600004 0
vt 0.639599979 0.920500003 0
vt 0.583500028 0.913800001 0
vt 0.58950001 0.920500003 0
vt 0.645699978 0.913800001 0
vt 0.634199977 0.938900001 0
vt 0.58950001 0.923100002 0
vt 0.594900012 0.938900001 0
vt 0.639599979 0.923100002 0
vt 0.594399989 0.9826 0
vt 0.628799975 0.9791 0
vt 0.600399971 0.9791 0
vt 0.634899974 0.9826 0
vt 0.262800008 0.662099987 0
vt 0.299499989 0.706400007 0
vt 0.270200014 0.657599986 0
vt 0.278200001 0.719300002 0
vt 0.82889998 0.700399995 0
vt 0.77640003 0.712799996 0
vt 0.828999996 0.712799996 0
vt 0.776499987 0.700399995 0
vt 0.435400009 0.415000021 0
vt 0.42750001 0.338999987 0
vt 0.404399991 0.374499977 0
vt 0.475199997 0.353900015 0
vt 0.414700001 0.831799999 0
vt 0.428000003 0.877400003 0
vt 0.424100012 0.831100002 0
vt 0.407799989 0.879100002 0
vt 0.426600009 0.911799997 0
vt 0.408699989 0.9133 0
vt 0.417100012 0.946899999 0
vt 0.425300002 0.946199998 0
vt 0.41960001 0.9845 0
vt 0.615999997 0.470000029 0
vt 0.581399977 0.448800027 0
vt 0.581399977 0.452799976 0
vt 0.615999997 0.440400004 0
vt 0.581399977 0.431999981 0
vt 0.615999997 0.431999981 0
vt 0.708299994 0.440400004 0
vt 0.708299994 0.431999981 0
vt 0.742799997 0.431999981 0
vt 0.742799997 0.448800027 0
vt 0.708299994 0.470000029 0
vt 0.742799997 0.452799976 0
vt 0.687099993 0.753199995 0
vt 0.712499976 0.745400012 0
vt 0.694000006 0.735300004 0
vt 0.703199983 0.762899995 0
vt 0.680100024 0.779899999 0
vt 0.688499987 0.7852 0
vt 0.714299977 0.834800005 0
vt 0.710399985 0.812600002 0
vt 0.744899988 0.843899995 0
vt 0.75059998 0.804100007 0
vt 0.785600007 0.841700003 0
vt 0.797999978 0.807699993 0
vt 0.82190001 0.818000004 0
vt 0.708400011 0.800899997 0
vt 0.946699977 0.841499999 0
vt 0.948499978 0.8433 0
vt 0.951200008 0.8433 0
vt 0.953000009 0.841499999 0
vt 0.946699977 0.8389 0
vt 0.953000009 0.8389 0
vt 0.244299993 0.125100017 0
vt 0.244200006 0.131200016 0
vt 0.236100003 0.125100017 0
vt 0.229200006 0.131200016 0
vt 0.229200006 0.128700018 0
vt 0.229300007 0.101999998 0
vt 0.236100003 0.108099997 0
vt 0.229300007 0.104399979 0
vt 0.244299993 0.101999998 0
vt 0.244299993 0.108099997 0
vt 0.265500009 0.102599978 0
vt 0.274800003 0.109300017 0
vt 0.265500009 0.105700016 0
vt 0.284000009 0.102599978 0
vt 0.284000009 0.109300017 0
vt 0.617500007 0.699699998 0
vt 0.661000013 0.712099999 0
vt 0.66109997 0.682700008 0
vt 0.617399991 0.720499992 0
vt 0.660899997 0.720699996 0
vt 0.943400025 0.712199986 0
vt 0.986800015 0.699900001 0
vt 0.943199992 0.682900012 0
vt 0.986899972 0.720699996 0
vt 0.943400025 0.720800012 0
vt 0.4912 0.283599973 0
vt 0.42750001 0.328100026 0
vt 0.475199997 0.343100011 0
vt 0.468400002 0.200500011 0
vt 0.50880003 0.217999995 0
vt 0.487399995 0.186999977 0
vt 0.515200019 0.194700003 0
vt 0.589399993 0.194700003 0
vt 0.595799983 0.217999995 0
vt 0.617200017 0.186999977 0
vt 0.636200011 0.200500011 0
vt 0.613399982 0.283599973 0
vt 0.677100003 0.328100026 0
vt 0.629400015 0.343100011 0
vt 0.555999994 0.537699997 0
vt 0.571099997 0.474300027 0
vt 0.567200005 0.473399997 0
vt 0.53579998 0.532900006 0
vt 0.550899982 0.469500005 0
vt 0.75819999 0.473399997 0
vt 0.754199982 0.474300027 0
vt 0.769400001 0.537699997 0
vt 0.789600015 0.532900006 0
vt 0.774500012 0.469500005 0
vt 0.215200007 0.799600005 0
vt 0.236900002 0.820700005 0
vt 0.222499996 0.797999993 0
vt 0.231099993 0.825200006 0
vt 0.214399993 0.838400006 0
vt 0.159899995 0.798999995 0
vt 0.159899995 0.837799996 0
vt 0.1435 0.824300006 0
vt 0.137700006 0.819600001 0
vt 0.220300004 0.783000007 0
vt 0.2139 0.779699996 0
vt 0.187900007 0.765499994 0
vt 0.161599994 0.779100001 0
vt 0.155100003 0.782299995 0
vt 0.152600005 0.797299996 0
vt 0.0944999978 0.8948 0
vt 0.114799999 0.850999996 0
vt 0.0890000015 0.855199993 0
vt 0.119099997 0.9005 0
vt 0.145199999 0.851799995 0
vt 0.0754999965 0.7764 0
vt 0.0548 0.791999996 0
vt 0.187600002 0.9377 0
vt 0.1884 0.851799995 0
vt 0.2315 0.852599993 0
vt 0.256700009 0.901799999 0
vt 0.261900008 0.852400005 0
vt 0.302599996 0.778500006 0
vt 0.323000014 0.794599995 0
vt 0.287600011 0.857099995 0
vt 0.281399995 0.896600001 0

# 696 vertex normals
vn -0.586702108 -0.80980283 3.53976084e-08
vn 0.586702108 -0.80980283 3.53976084e-08
vn 0.137199894 0.0169000272 0.990399241
vn 0.277294189 0.0340992436 -0.960179806
vn -0.137199894 0.0169000272 0.990399241
vn -0.277294189 0.0340992436 -0.960179806
vn 0.36361137 0.893828034 0.262408197
vn 0.414101392 0.865803003 0.280900925
vn 0.363813579 0.893833399 0.262109786
vn 0.46329537 0.83449173 0.298297018
vn 0.714169741 0.589974999 0.37668407
vn 0.714303017 0.589802563 0.376701623
vn 0.902287424 -0.239496648 0.358494967
vn 0.902359962 -0.239389375 0.358384073
vn 0.583211958 -0.797316432 0.155403227
vn 0.502288103 -0.857179642 0.113797329
vn 0.502207577 -0.857212901 0.113901749
vn 0.409707606 -0.912216842 3.98742657e-08
vn 0.758811712 -0.651310027 2.8469664e-08
vn 0.991369724 -0.131095976 5.73038816e-09
vn 0.873859942 0.486177683 -2.12515001e-08
vn 0.75431478 0.656512916 -2.86970909e-08
vn 0.319196135 0.94768858 -4.14247836e-08
vn -0.329784691 0.944056153 -4.12660057e-08
vn -0.65389061 0.756589115 -3.30715615e-08
vn -0.864333332 0.502919376 -2.19833023e-08
vn 0.0614013635 0.0241005793 0.997822165
vn 0.116701499 0.0499006771 0.991912663
vn 0.139601648 0.0444005691 0.989211679
vn 0.0528975464 0.0262988228 0.998253644
vn 0.105896696 0.0528983958 0.992969096
vn 0.0533018522 0.0262009539 0.998234689
vn 0 4.37113883e-08 1
vn 0.391984373 -0.108395651 0.913563669
vn 0.391899794 -0.108399905 0.913599551
vn 0.391904026 -0.108301073 0.913609385
vn 0.391819358 -0.10830532 0.913645208
vn 0 -4.37113883e-08 -1
vn -0.061401356 0.0241004918 -0.997822046
vn -0.0542003289 0.029100135 -0.998106003
vn -0.116196275 0.053798236 -0.991768241
vn -0.139601648 0.0444004759 -0.989211679
vn -0.0580005497 0.0285002291 -0.997909606
vn -0.109698378 0.0610990487 -0.992085278
vn 0.49381727 -0.867430329 0.0609021634
vn 0.860177875 -0.47728774 0.179695383
vn 0.49382031 -0.867435694 0.0608025417
vn 0.860162437 -0.477279156 0.179792166
vn 0.953486025 0.169897527 0.248996377
vn 0.925976038 0.282792658 0.250193506
vn 0.805497706 0.542398512 0.238699302
vn 0.696919322 0.682018876 0.221706092
vn 0.570589721 0.79688561 0.198496401
vn 0.570612431 0.796817482 0.198704332
vn 0.925313652 0.362005353 0.11290165
vn 0.794702053 0.597601533 0.106400236
vn 0.794693589 0.597595096 0.106499106
vn 0.925324082 0.362009376 0.112802923
vn 0.98875618 0.100095578 0.111095071
vn 0.988732934 0.10020335 0.111203693
vn 0.108396344 0.032798849 -0.993566573
vn 0.108297527 0.0327992067 -0.993577361
vn 0.108198337 0.0328994505 -0.993584812
vn 0.107901134 0.0331003033 -0.993610442
vn -0.108397059 -0.0325990729 0.99357307
vn -0.108495876 -0.0325987153 0.993562281
vn -0.108297877 -0.032699313 0.99358052
vn -0.240711868 0.0689033493 -0.968147814
vn -0.240688592 0.0688966811 -0.968154073
vn -0.240690202 0.0687971637 -0.968160689
vn 0.969662786 0.0606976599 -0.236790895
vn 0.969604969 0.0608003028 -0.237001225
vn 0.969714582 0.0606009066 -0.236603558
vn 0.108198337 -0.0328994505 0.993584812
vn 0.486720085 -0.242809981 0.839134574
vn 0.108198687 -0.0327995606 0.99358803
vn 0.693102419 -0.360701203 0.624102175
vn 0.871733129 -0.477218211 -0.111104213
vn -0.610712409 -0.790816069 0.0405008569
vn -0.999826908 0.0186005011 -8.13053624e-10
vn -0.640204072 -0.768204808 0.000100034202
vn -0.897268832 -0.44148466 0.000100015815
vn -0.640204132 -0.768204868 0.000200034861
vn -0.897308409 -0.441404134 1.92943883e-08
vn -0.93294543 -0.360017568 1.57368678e-08
vn -0.736373246 -0.676575482 2.95740517e-08
vn 0.265105337 -0.964219391 4.214737e-08
vn 0.859515667 -0.511109293 2.23412968e-08
vn 0.103101224 -0.0670008436 -0.992411733
vn 0.206294 -0.133996144 -0.969271779
vn 0.692296207 -0.449897557 -0.564196885
vn 0.692304134 -0.45000267 -0.564103365
vn 0.838425338 -0.545016468 2.38234268e-08
vn 0.10319946 -0.0670996979 -0.992394745
vn 0.206502706 -0.134101808 -0.969212711
vn 0.692584813 -0.449590176 -0.564087629
vn 0.838772476 -0.544482052 2.38000677e-08
vn 0.467284739 -0.71647656 -0.51798296
vn 0.54636538 -0.837546885 3.66103379e-08
vn 0.467293918 -0.716390669 -0.518093228
vn 0.173199624 -0.265599489 -0.948398054
vn 0.0866033211 -0.132905155 -0.987337947
vn 0.544411719 -0.838818133 0.000200040988
vn 0.544527769 -0.838742793 0.000100041769
vn 0.544295728 -0.838893414 3.66691957e-08
vn 0.544598103 -0.838697135 0.000200035953
vn 0.544714093 -0.838621736 3.6657319e-08
vn 0 1 -4.37113883e-08
vn -0.865975678 -2.18594529e-08 -0.50008601
vn -0.654587865 -3.30451932e-08 -0.755985916
vn -0.32730633 -4.13036823e-08 -0.944918156
vn 0.327395648 -4.13023393e-08 -0.9448874
vn 0.654801071 -3.3037125e-08 -0.755801201
vn 0.866198838 -2.18425527e-08 -0.499699354
vn 0.584375203 0.811465561 -0.00539980689
vn 0.587463975 0.809250295 -3.53734606e-08
vn 0.581194818 0.813692749 -0.0107999379
vn -0.859515667 -0.511109293 2.23412968e-08
vn -0.265105337 -0.964219391 4.214737e-08
vn 0.736373246 -0.676575482 2.95740517e-08
vn 0.93294543 -0.360017568 1.57368678e-08
vn 0.897268832 -0.44148466 -9.9977231e-05
vn 0.897308409 -0.441404134 1.92943883e-08
vn 0.640204072 -0.768204808 -9.99670447e-05
vn 0.640204132 -0.768204868 -0.00019996769
vn 0.184003353 -0.333506078 -0.924616814
vn 0.124794327 -0.226189762 -0.966056108
vn 0.184297293 -0.339195013 -0.922486365
vn 0.0465977266 -0.0830959901 -0.99545151
vn -0.281489551 0.959564328 -4.19438919e-08
vn -0.281608611 0.95952934 -4.19423607e-08
vn 0.959564328 0.281489551 -1.23042998e-08
vn -0.015600659 0.00850031525 -0.999842227
vn 0.044000715 -0.0288005099 -0.998616219
vn -0.0170998666 0.0110998685 -0.999792159
vn 0.104197599 -0.0672984943 -0.992277086
vn 0.164307863 -0.104605041 -0.980846941
vn 0.165201932 -0.105401285 -0.980611503
vn 0.167799503 -0.106999733 -0.979997158
vn 0.693172634 0.720771611 -0.000200023627
vn 0.693172634 0.720771611 -0.000100027566
vn 0.693274438 0.720673442 -0.000400016695
vn 0.693120718 0.7208215 -3.15081046e-08
vn 0.693172634 0.720771611 -3.15059268e-08
vn -0.136799842 4.33004459e-08 0.990598738
vn -0.603817225 3.48433424e-08 0.797122777
vn 0.136799842 4.33004459e-08 0.990598738
vn -0.797122777 2.63936872e-08 0.603817225
vn -0.990598738 5.9797105e-09 0.136799842
vn -0.990598738 -5.9797105e-09 -0.136799842
vn -0.797122777 -2.63936872e-08 -0.603817225
vn -0.603817225 -3.48433424e-08 -0.797122777
vn -0.136799842 -4.33004459e-08 -0.990598738
vn 0.128898039 -0.336594909 -0.93278569
vn 0.603817225 -3.48433424e-08 -0.797122777
vn 0.543703079 -0.731304169 -0.411802322
vn 0.990598738 -5.9797105e-09 -0.136799842
vn 0.990598738 5.9797105e-09 0.136799842
vn 0.797122777 2.63936872e-08 0.603817225
vn 0.603817225 3.48433424e-08 0.797122777
vn 0.797122777 -2.63936872e-08 -0.603817225
vn 0.136799842 -4.33004459e-08 -0.990598738
vn -0.128898039 -0.336594909 -0.93278569
vn -0.543703079 -0.731304169 -0.411802322
vn -0.580106914 -0.434605181 -0.6889081
vn -0.46021235 -0.476312816 -0.749220014
vn -0.68847692 -0.384287208 -0.615079522
vn 0 -1 4.37113883e-08
vn 0 -0.352712095 -0.935731947
vn 0.579292834 -0.433494627 -0.690291405
vn 0.457672268 -0.475871205 -0.751054406
vn 0.689108431 -0.382304668 -0.6156075
vn 0.574194968 -0.428396285 -0.697693884
vn 0.442694306 -0.474893898 -0.760590196
vn 0.692280293 -0.371789426 -0.618482411
vn -0.897268832 -0.44148466 -9.9977231e-05
vn -0.640204072 -0.768204808 -9.99670447e-05
vn -0.640204132 -0.768204868 -0.00019996769
vn -0.654801071 -3.3037125e-08 -0.755801201
vn -0.866198838 -2.18425527e-08 -0.499699354
vn -0.327395648 -4.13023393e-08 -0.9448874
vn 0.32730633 -4.13036823e-08 -0.944918156
vn 0.654587865 -3.30451932e-08 -0.755985916
vn 0.865975678 -2.18594529e-08 -0.50008601
vn -0.103101224 -0.0670008436 -0.992411733
vn -0.206294 -0.133996144 -0.969271779
vn -0.692296207 -0.449897557 -0.564196885
vn -0.692304134 -0.45000267 -0.564103365
vn -0.838425338 -0.545016468 2.38234268e-08
vn 0 -0.279208839 -0.960230291
vn 0 -0.354190022 -0.935173512
vn 0 -0.201997206 -0.979386151
vn 0 -0.0827972516 -0.996566355
vn 0 -0.0414018072 -0.999142587
vn -0.962829888 0.270108342 -1.18068106e-08
vn -0.190396249 0.0909982473 0.97748071
vn -0.363720268 0.156008735 0.918351114
vn -0.376085341 0.255490065 0.890665293
vn -0.26230517 0.0756015331 0.962018847
vn -0.334512234 0.0994036719 0.937134266
vn -0.323796719 0.0872991681 0.942090511
vn 0.210597113 0.0606992096 0.97568661
vn 0.253294706 0.121097498 0.959779799
vn 0.363720268 0.156008735 0.918351114
vn 0.334512234 0.0994036719 0.937134266
vn 0.323796719 0.0872991681 0.942090511
vn 0.376085341 0.255490065 0.890665293
vn -0.422097653 0.0936994329 -0.901695013
vn -0.287788004 0.0638972893 -0.955560148
vn -0.433013171 0.105203167 -0.895227253
vn -0.105005249 -0.0253013074 -0.994149745
vn 0.216405109 0.0480010919 -0.975122988
vn 0.105205812 -0.0718040094 -0.991854787
vn 0.422097653 0.0936994329 -0.901695013
vn 0.433013171 0.105203167 -0.895227253
vn 0 -0.18140173 -0.983409107
vn -0.951611459 0.307303697 -1.34326701e-08
vn -0.810729325 0.585421205 -2.55895714e-08
vn -0.180592299 0.983557999 -4.2992685e-08
vn 0.134193912 0.990954995 -4.3316021e-08
vn -0.0893996283 0.995995879 -4.35363638e-08
vn -0.178700611 0.983903468 -4.3007784e-08
vn 0.180592299 0.983557999 -4.2992685e-08
vn 0.743279159 0.668981314 -2.92421003e-08
vn 0.868851662 0.495072454 -2.16403055e-08
vn 0.951611459 0.307303697 -1.34326701e-08
vn 0 0.0408985391 0.99916327
vn 0 0.0816965327 0.996657252
vn 0 0.122397721 0.992481172
vn 0 0.169294119 0.985565543
vn 0 0.215903297 0.97641468
vn 0 0.261991948 0.965070128
vn -0.0461982042 -0.17229335 -0.983961761
vn 0 -0.0675013438 -0.997719169
vn -0.00909955334 -0.0774962381 -0.996951044
vn 0 -0.252991766 -0.967468381
vn 0.0461982042 -0.17229335 -0.983961761
vn 0.00909955334 -0.0774962381 -0.996951044
vn -0.122405753 -0.345116258 -0.930543721
vn 0 -0.317187607 -0.948362768
vn 0.122405753 -0.345116258 -0.930543721
vn -0.265489429 0.0778968558 -0.960961759
vn -0.181307375 0.0522020757 -0.982039928
vn -0.0964960083 0.0272988267 -0.994958818
vn -0.0108004333 0.00180002837 -0.999940038
vn -0.0130001074 0.00379998772 -0.999908268
vn -0.219091445 0.0630975887 0.973661959
vn -0.321913868 0.094504118 0.942040563
vn -0.321886569 0.0943961143 0.942060769
vn -0.113896273 0.0322989859 0.992967427
vn -0.00779976137 0.000600025407 0.999969423
vn -0.0105004208 0.00310016843 0.999940097
vn 0.580007792 -0.814610898 3.56077727e-08
vn 0.259908706 -0.965632379 -0.00119999796
vn -0.157502294 -0.987514436 0.00290008541
vn -0.773895621 -0.63329643 0.00460000196
vn -0.775289774 -0.631491661 0.0119998688
vn -0.950132132 -0.311810523 0.00480017578
vn -0.951356292 -0.308085829 -0.00209989003
vn 0.627836525 0.778345227 9.99717886e-05
vn 0.627897084 0.778296351 9.99655094e-05
vn 0.627897084 0.778296351 -3.40204132e-08
vn 0.628006577 0.778208077 9.99670301e-05
vn 0.628006577 0.778208077 -3.40165549e-08
vn -0.469710827 -0.882820368 3.8589306e-08
vn -0.469710827 -0.882820368 0.000100040888
vn -0.46978873 -0.882778823 3.85874905e-08
vn -0.469591379 -0.882883787 0.000100036756
vn 0.469591379 -0.882883787 0.000100036756
vn 0.469710827 -0.882820368 0.000100040888
vn 0.469710827 -0.882820368 3.8589306e-08
vn 0.46978873 -0.882778823 3.85874905e-08
vn -0.988101959 -0.153800294 6.72282452e-09
vn -0.956721008 -0.291006386 1.27202942e-08
vn -0.905156076 -0.425079376 1.8580808e-08
vn -0.836530685 -0.547920167 2.39503493e-08
vn 0.391895473 0.108498707 -0.913589537
vn 0.391980171 0.108494468 -0.913553774
vn 0.392015904 0.10850437 -0.913537204
vn 0.391899794 0.108399905 -0.913599551
vn -0.391904026 -0.108301073 0.913609385
vn -0.391899794 -0.108399905 0.913599551
vn -0.391819358 -0.10830532 0.913645208
vn -0.391984373 -0.108395651 0.913563669
vn -0.414101392 0.865803003 0.280900925
vn -0.36361137 0.893828034 0.262408197
vn -0.363813579 0.893833399 0.262109786
vn -0.46329537 0.83449173 0.298297018
vn -0.714169741 0.589974999 0.37668407
vn -0.714303017 0.589802563 0.376701623
vn -0.902287424 -0.239496648 0.358494967
vn -0.902359962 -0.239389375 0.358384073
vn -0.583211958 -0.797316432 0.155403227
vn -0.502288103 -0.857179642 0.113797329
vn -0.502207577 -0.857212901 0.113901749
vn -0.409707606 -0.912216842 3.98742657e-08
vn -0.758811712 -0.651310027 2.8469664e-08
vn -0.991369724 -0.131095976 5.73038816e-09
vn -0.873859942 0.486177683 -2.12515001e-08
vn -0.75431478 0.656512916 -2.86970909e-08
vn -0.319196135 0.94768858 -4.14247836e-08
vn 0.329784691 0.944056153 -4.12660057e-08
vn 0.65389061 0.756589115 -3.30715615e-08
vn 0.864333332 0.502919376 -2.19833023e-08
vn -0.116701499 0.0499006771 0.991912663
vn -0.0614013635 0.0241005793 0.997822165
vn -0.139601648 0.0444005691 0.989211679
vn -0.0528975464 0.0262988228 0.998253644
vn -0.105896696 0.0528983958 0.992969096
vn -0.0533018522 0.0262009539 0.998234689
vn -0.417802602 0.908405602 -0.0155001348
vn -0.417597562 0.908494711 -0.0157999452
vn -0.417682707 0.908462405 -0.015399402
vn -0.417596191 0.90849179 -0.0159998946
vn -0.417391837 0.908582211 -0.016199721
vn -0.417393833 0.908586562 -0.0158998054
vn 0.764602482 0.644502103 -2.81720816e-08
vn 0.76469326 0.644394338 -2.81673724e-08
vn -0.0292987451 0.00519982073 0.999557197
vn 0.0631994605 -0.00429992005 0.997991621
vn 0.0829040781 -0.014700681 0.996449113
vn -0.0857004151 0.0152001185 0.996204972
vn -0.213394269 0.0238994025 0.976673782
vn -0.860177875 -0.47728774 0.179695383
vn -0.49381727 -0.867430329 0.0609021634
vn -0.49382031 -0.867435694 0.0608025417
vn -0.860162437 -0.477279156 0.179792166
vn -0.953486025 0.169897527 0.248996377
vn -0.925976038 0.282792658 0.250193506
vn -0.805497706 0.542398512 0.238699302
vn -0.696919322 0.682018876 0.221706092
vn -0.570589721 0.79688561 0.198496401
vn -0.570612431 0.796817482 0.198704332
vn -0.794702053 0.597601533 0.106400236
vn -0.925313652 0.362005353 0.11290165
vn -0.794693589 0.597595096 0.106499106
vn -0.925324082 0.362009376 0.112802923
vn -0.98875618 0.100095578 0.111095071
vn -0.988732934 0.10020335 0.111203693
vn -0.108396344 0.032798849 -0.993566573
vn -0.108297527 0.0327992067 -0.993577361
vn -0.108198337 0.0328994505 -0.993584812
vn -0.107901134 0.0331003033 -0.993610442
vn 0.108397059 -0.0325990729 0.99357307
vn 0.108495876 -0.0325987153 0.993562281
vn 0.108297877 -0.032699313 0.99358052
vn 0.897268832 -0.44148466 0.000100015815
vn 0.640204072 -0.768204808 0.000100034202
vn 0.640204132 -0.768204868 0.000200034861
vn -0.584375203 0.811465561 0.00539973611
vn -0.587463975 0.809250295 -3.53734606e-08
vn -0.581194818 0.813692749 0.010799868
vn -0.184003368 -0.333506078 0.924616933
vn -0.124794327 -0.226189688 0.966056108
vn -0.184297293 -0.339194953 0.922486365
vn -0.0465977266 -0.0830959007 0.99545151
vn 0 -0.354189903 0.935173452
vn 0 -0.279208809 0.96023041
vn 0 -0.201997116 0.979386151
vn 0 -0.0620980933 0.998070061
vn 0.467094868 -0.716592073 -0.517994285
vn 0.545993149 -0.837789595 3.66209392e-08
vn 0.467119068 -0.716629267 -0.51792109
vn 0.0865970775 -0.132695571 -0.987366617
vn -0.10319946 -0.0670996979 -0.992394745
vn -0.206502706 -0.134101808 -0.969212711
vn -0.692584813 -0.449590176 -0.564087629
vn -0.838772476 -0.544482052 2.38000677e-08
vn 0.866198838 2.18425527e-08 0.499699354
vn 0.654801071 3.3037125e-08 0.755801201
vn 0.327395648 4.13023393e-08 0.9448874
vn -0.32730633 4.13036823e-08 0.944918156
vn -0.654587865 3.30451932e-08 0.755985916
vn -0.865975678 2.18594529e-08 0.50008601
vn 0.0964960083 0.0272988267 -0.994958818
vn 0.0108004333 0.00180002837 -0.999940038
vn 0.0130001074 0.00379998772 -0.999908268
vn 0.181307375 0.0522020757 -0.982039928
vn 0.265489429 0.0778968558 -0.960961759
vn 0.00779976137 0.000600025407 0.999969423
vn 0.113896273 0.0322989859 0.992967427
vn 0.0105004208 0.00310016843 0.999940097
vn 0.219091445 0.0630975887 0.973661959
vn 0.321913868 0.094504118 0.942040563
vn 0.321886569 0.0943961143 0.942060769
vn 0.56999743 -0.421998084 -0.704996765
vn 0.462515146 -0.458215028 -0.759024858
vn 0.668409646 -0.379305482 -0.639809251
vn -0.579292834 -0.433494627 -0.690291405
vn -0.457672268 -0.475871205 -0.751054406
vn -0.689108431 -0.382304668 -0.6156075
vn -0.574194968 -0.428396285 -0.697693884
vn -0.442694306 -0.474893898 -0.760590196
vn -0.692280293 -0.371789426 -0.618482411
vn -0.584375203 0.811465561 -0.00539980689
vn -0.581194818 0.813692749 -0.0107999379
vn -0.124794327 -0.226189762 -0.966056108
vn -0.184003353 -0.333506078 -0.924616814
vn -0.184297293 -0.339195013 -0.922486365
vn -0.0465977266 -0.0830959901 -0.99545151
vn 0.654587865 3.30451932e-08 0.755985916
vn 0.865975678 2.18594529e-08 0.50008601
vn 0.32730633 4.13036823e-08 0.944918156
vn -0.327395648 4.13023393e-08 0.9448874
vn -0.654801071 3.3037125e-08 0.755801201
vn -0.866198838 2.18425527e-08 0.499699354
vn -0.54636538 -0.837546885 3.66103379e-08
vn -0.467284739 -0.71647656 -0.51798296
vn -0.467293918 -0.716390669 -0.518093228
vn -0.173199624 -0.265599489 -0.948398054
vn -0.0866033211 -0.132905155 -0.987337947
vn 0.756589115 -0.65389061 2.85824662e-08
vn 0.613102615 -0.790003359 3.4532146e-08
vn 0.874576807 -0.484887123 2.11950884e-08
vn 0.846760094 -0.531974912 2.32533619e-08
vn 0.673284769 -0.73938328 3.23194698e-08
vn 0.240511462 -0.970646262 4.24282902e-08
vn -0.159807786 -0.987148106 4.31496154e-08
vn -0.319585592 -0.94755733 4.14190424e-08
vn -0.673284769 -0.73938328 3.23194698e-08
vn -0.846760094 -0.531974912 2.32533619e-08
vn -0.819982886 -0.572388053 2.50198759e-08
vn -0.613102615 -0.790003359 3.4532146e-08
vn 0.929109752 -0.369803905 1.6164643e-08
vn 0.30109781 -0.953593194 -0.000299956184
vn 0.30139938 -0.953497946 4.16787174e-08
vn 0.30079627 -0.953688264 -0.000499952177
vn 0.959564328 -0.281489551 1.23042998e-08
vn -0.433117867 -0.901337266 3.93986994e-08
vn -0.461595178 -0.887090683 3.87759655e-08
vn -0.423498541 -0.905896842 3.95980067e-08
vn -0.404105455 -0.914712369 3.99833411e-08
vn -0.0576002784 -0.0356001258 0.997704744
vn -0.115201801 -0.0708010644 0.990815639
vn -0.172098666 -0.105699144 0.979392529
vn -0.172007114 -0.105404317 0.979440451
vn -0.172102317 -0.105501384 0.979413211
vn -0.627897084 0.778296351 9.99655094e-05
vn -0.627836525 0.778345227 9.99717886e-05
vn -0.627897084 0.778296351 -3.40204132e-08
vn -0.628006577 0.778208077 9.99670301e-05
vn -0.628006577 0.778208077 -3.40165549e-08
vn 0.956721008 -0.291006386 1.27202942e-08
vn 0.988101959 -0.153800294 6.72282452e-09
vn 0.905156076 -0.425079376 1.8580808e-08
vn 0.836530685 -0.547920167 2.39503493e-08
vn 0.116196275 0.053798236 -0.991768241
vn 0.061401356 0.0241004918 -0.997822046
vn 0.139601648 0.0444004759 -0.989211679
vn 0.0542003289 0.029100135 -0.998106003
vn 0.109698378 0.0610990487 -0.992085278
vn 0.0580005497 0.0285002291 -0.997909606
vn -0.391980171 0.108494468 -0.913553774
vn -0.391895473 0.108498707 -0.913589537
vn -0.392015904 0.10850437 -0.913537204
vn -0.391899794 0.108399905 -0.913599551
vn -0.684963644 -0.721861601 -0.0986947343
vn 0.417597562 0.908494711 -0.0157999452
vn 0.417802602 0.908405602 -0.0155001348
vn 0.417682707 0.908462405 -0.015399402
vn 0.417596191 0.90849179 -0.0159998946
vn 0.417391837 0.908582211 -0.016199721
vn 0.417393833 0.908586562 -0.0158998054
vn -0.764602482 0.644502103 -2.81720816e-08
vn -0.76469326 0.644394338 -2.81673724e-08
vn -0.0631994605 -0.00429992005 0.997991621
vn 0.0292987451 0.00519982073 0.999557197
vn -0.0829040781 -0.014700681 0.996449113
vn 0.0857004151 0.0152001185 0.996204972
vn 0.213394269 0.0238994025 0.976673782
vn 0.584375203 0.811465561 0.00539973611
vn 0.581194818 0.813692749 0.010799868
vn 0.124794327 -0.226189688 0.966056108
vn 0.184003368 -0.333506078 0.924616933
vn 0.184297293 -0.339194953 0.922486365
vn 0.0465977266 -0.0830959007 0.99545151
vn 0.466681659 -0.716871858 -0.517979622
vn 0.545504928 -0.838107586 3.66348445e-08
vn 0.466627598 -0.71694243 -0.517930567
vn 0.173001021 -0.265701622 -0.948405683
vn 0.0864966661 -0.132794932 -0.987361968
vn -0.544527769 -0.838742793 0.000100041769
vn -0.544411719 -0.838818133 0.000200040988
vn -0.544295728 -0.838893414 3.66691957e-08
vn -0.544598103 -0.838697135 0.000200035953
vn -0.544714093 -0.838621736 3.6657319e-08
vn -0.545993149 -0.837789595 3.66209392e-08
vn -0.467094868 -0.716592073 -0.517994285
vn -0.467119068 -0.716629267 -0.51792109
vn -0.0865970775 -0.132695571 -0.987366617
vn -0.580007792 -0.814610898 3.56077727e-08
vn -0.259908706 -0.965632379 -0.00119999796
vn 0.157502294 -0.987514436 0.00290008541
vn 0.773895621 -0.63329643 0.00460000196
vn 0.775289774 -0.631491661 0.0119998688
vn 0.950132132 -0.311810523 0.00480017578
vn 0.951356292 -0.308085829 -0.00209989003
vn 0 -0.377211094 -0.926127195
vn -0.56999743 -0.421998084 -0.704996765
vn -0.462515146 -0.458215028 -0.759024858
vn -0.668409646 -0.379305482 -0.639809251
vn 0 -0.377709836 -0.925924003
vn -0.992505431 0.122200668 -5.34156097e-09
vn 0 0.284704566 -0.958615303
vn -0.929109752 -0.369803905 1.6164643e-08
vn 0.968194544 -0.250198603 1.09365281e-08
vn 0.924252987 -0.381780535 1.66881584e-08
vn 0.993798018 -0.111199789 4.86069673e-09
vn 0.99962455 0.0274006724 -1.19772148e-09
vn 0.982033491 0.188706458 -8.24862045e-09
vn 0.962889135 0.269896984 -1.17975709e-08
vn 0.868249238 0.496128142 -2.168645e-08
vn -0.958939195 -0.283611596 1.23970558e-08
vn -0.958912015 -0.283703566 1.24010757e-08
vn 0.281608611 0.95952934 -4.19423607e-08
vn 0.281489551 0.959564328 -4.19438919e-08
vn -0.959564328 0.281489551 -1.23042998e-08
vn -0.044000715 -0.0288005099 -0.998616219
vn 0.015600659 0.00850031525 -0.999842227
vn 0.0170998666 0.0110998685 -0.999792159
vn -0.104197599 -0.0672984943 -0.992277086
vn -0.164307863 -0.104605041 -0.980846941
vn -0.165201932 -0.105401285 -0.980611503
vn -0.167799503 -0.106999733 -0.979997158
vn -0.693172634 0.720771611 -0.000100027566
vn -0.693172634 0.720771611 -0.000200023627
vn -0.693274438 0.720673442 -0.000400016695
vn -0.693120718 0.7208215 -3.15081046e-08
vn -0.693172634 0.720771611 -3.15059268e-08
vn -0.136001199 -0.990708649 4.33052527e-08
vn -0.380699486 -0.92469877 4.04198666e-08
vn 0.136001199 -0.990708649 4.33052527e-08
vn 0.380699486 -0.92469877 4.04198666e-08
vn 0.240711868 0.0689033493 -0.968147814
vn 0.240688592 0.0688966811 -0.968154073
vn 0.240690202 0.0687971637 -0.968160689
vn -0.969662786 0.0606976599 -0.236790895
vn -0.969604969 0.0608003028 -0.237001225
vn -0.969714582 0.0606009066 -0.236603558
vn -0.486720085 -0.242809981 0.839134574
vn -0.108198337 -0.0328994505 0.993584812
vn -0.108198687 -0.0327995606 0.99358803
vn -0.693102419 -0.360701203 0.624102175
vn -0.871733129 -0.477218211 -0.111104213
vn 0.610712409 -0.790816069 0.0405008569
vn 0.999826908 0.0186005011 -8.13053624e-10
vn 0.684963644 -0.721861601 -0.0986947343
vn 0.992505431 0.122200668 -5.34156097e-09
vn -0.545504928 -0.838107586 3.66348445e-08
vn -0.466681659 -0.716871858 -0.517979622
vn -0.466627598 -0.71694243 -0.517930567
vn -0.173001021 -0.265701622 -0.948405683
vn -0.0864966661 -0.132794932 -0.987361968
vn -0.959564328 -0.281489551 1.23042998e-08
vn 0.461595178 -0.887090683 3.87759655e-08
vn 0.433117867 -0.901337266 3.93986994e-08
vn 0.423498541 -0.905896842 3.95980067e-08
vn 0.404105455 -0.914712369 3.99833411e-08
vn 0.0576002784 -0.0356001258 0.997704744
vn 0.115201801 -0.0708010644 0.990815639
vn 0.172098666 -0.105699144 0.979392529
vn 0.172007114 -0.105404317 0.979440451
vn 0.172102317 -0.105501384 0.979413211
vn 0.580106914 -0.434605181 -0.6889081
vn 0.46021235 -0.476312816 -0.749220014
vn 0.68847692 -0.384287208 -0.615079522
vn 0 -0.377004623 -0.926211298
vn 0.962829888 0.270108342 -1.18068106e-08
vn -0.30109781 -0.953593194 -0.000299956184
vn -0.30139938 -0.953497946 4.16787174e-08
vn -0.30079627 -0.953688264 -0.000499952177
vn -0.924252987 -0.381780535 1.66881584e-08
vn -0.968194544 -0.250198603 1.09365281e-08
vn -0.993798018 -0.111199789 4.86069673e-09
vn -0.99962455 0.0274006724 -1.19772148e-09
vn -0.982033491 0.188706458 -8.24862045e-09
vn -0.962889135 0.269896984 -1.17975709e-08
vn -0.868249238 0.496128142 -2.168645e-08
vn 0.0985036343 0.995136738 -4.34988081e-08
vn 0.196096897 0.980584443 -4.28627054e-08
vn 0.118198805 0.992989957 -4.34049703e-08
vn 0.0656030104 0.997845829 -4.36172272e-08
vn -0.0985036343 0.995136738 -4.34988081e-08
vn -0.196096897 0.980584443 -4.28627054e-08
vn 0.958939195 -0.283611596 1.23970558e-08
vn 0.958912015 -0.283703566 1.24010757e-08
vn -0.240594342 -0.0688983351 0.968177319
vn -0.240688592 -0.0688966811 0.968154073
vn -0.240500167 -0.068900004 0.968200684
vn 0.240594342 -0.0688983351 0.968177319
vn 0.240500167 -0.068900004 0.968200684
vn 0.240688592 -0.0688966811 0.968154073
vn -0.837274134 -0.546783149 2.39006486e-08
vn -0.837516904 -0.546411097 -0.000499986287
vn -0.837713897 -0.54610908 -0.00039998276
vn -0.837986171 -0.545691013 -0.000499967951
vn -0.838228762 -0.545318723 2.38366393e-08
vn 0.8376683 0.546179295 -0.000100020086
vn 0.837714076 0.54610914 -0.000100025551
vn 0.837638438 0.546225011 -2.38762539e-08
vn 0.837743878 0.546063364 -0.000100017161
vn 0.837789595 0.545993149 -2.3866118e-08
vn 0.544784486 0.838576019 0.000299954787
vn 0.544598103 0.838697135 0.00019996264
vn 0.545016468 0.838425338 -3.66487356e-08
vn 0.544482052 0.838772416 0.000299953477
vn 0.544295728 0.838893414 -3.66691957e-08
vn 0.544784486 0.838576138 -0.000100033809
vn 0.544900477 0.838500738 -0.000100036727
vn 0.544714093 0.838621736 -3.6657319e-08
vn -0.837789595 -0.545993149 2.3866118e-08
vn -0.837743878 -0.546063364 0.000100017161
vn -0.837714076 -0.54610914 0.000100025551
vn -0.8376683 -0.546179295 0.000100020086
vn -0.837638438 -0.546225011 2.38762539e-08
vn 0.837471128 0.546481192 -0.000500006659
vn 0.837713957 0.54610914 -0.000300028885
vn 0.837244332 0.546828985 -2.39026523e-08
vn 0.837910771 0.545807004 -0.00050003035
vn 0.838107586 0.545504928 -2.38447786e-08
vn 0.837516904 -0.546411097 -0.000499986287
vn 0.837274134 -0.546783149 2.39006486e-08
vn 0.837713897 -0.54610908 -0.00039998276
vn 0.837986171 -0.545691013 -0.000499967951
vn 0.838228762 -0.545318723 2.38366393e-08
vn -0.837714076 0.54610914 -0.000100025551
vn -0.8376683 0.546179295 -0.000100020086
vn -0.837638438 0.546225011 -2.38762539e-08
vn -0.837743878 0.546063364 -0.000100017161
vn -0.837789595 0.545993149 -2.3866118e-08
vn -0.544598103 0.838697135 0.00019996264
vn -0.544784486 0.838576019 0.000299954787
vn -0.545016468 0.838425338 -3.66487356e-08
vn -0.544482052 0.838772416 0.000299953477
vn -0.544295728 0.838893414 -3.66691957e-08
vn -0.544900477 0.838500738 -0.000100036727
vn -0.544784486 0.838576138 -0.000100033809
vn -0.544714093 0.838621736 -3.6657319e-08
vn 0.837743878 -0.546063364 0.000100017161
vn 0.837789595 -0.545993149 2.3866118e-08
vn 0.837714076 -0.54610914 0.000100025551
vn 0.8376683 -0.546179295 0.000100020086
vn 0.837638438 -0.546225011 2.38762539e-08
vn -0.837713957 0.54610914 -0.000300028885
vn -0.837471128 0.546481192 -0.000500006659
vn -0.837244332 0.546828985 -2.39026523e-08
vn -0.837910771 0.545807004 -0.00050003035
vn -0.838107586 0.545504928 -2.38447786e-08
vn -0.675584257 -0.737282693 3.22276534e-08
vn 0.675584257 -0.737282693 3.22276534e-08
vn -0.20939742 0.0599992201 -0.97598803
vn -0.266286522 0.0789959654 -0.960651398
vn -0.260296732 0.069999069 -0.96298784
vn -0.285012633 0.0936041027 -0.953942299
vn -0.130403861 0.0406011567 -0.990629256
vn -0.301709622 0.100103147 -0.948130131
vn -0.161706477 0.0444017313 -0.985839427
vn 0.107595041 0.02959859 -0.993754089
vn 0.182590172 0.0567968972 -0.981547236
vn 0.301709622 0.100103147 -0.948130131
vn 0.285012633 0.0936041027 -0.953942299
vn 0.167904943 0.048101373 -0.984628975
vn 0.266286522 0.0789959654 -0.960651398
vn 0.260296732 0.069999069 -0.96298784
vn -0.971755683 0.235989228 -1.0315417e-08
vn 0.971755683 0.235989228 -1.0315417e-08
vn 0.134201348 -0.0553005077 0.989409864
vn 0.233692005 -0.171494082 0.957067251
vn 0.258598238 -0.111799195 0.959493518
vn 0.10840261 -0.0889020935 0.990123868
vn -0.00360001833 -0.013300024 0.999905109
vn -0.119296223 -0.0505983531 0.991568625
vn 0.00539998338 -0.0132999141 0.999896884
vn -0.10840261 -0.0889020935 0.990123868
vn -0.233692005 -0.171494082 0.957067251
vn 0.302213997 -0.0337015241 0.952644169
vn 0.167498603 -0.0125998519 0.985791743
vn -0.167498603 -0.0125998519 0.985791743
vn -0.302213997 -0.0337015241 0.952644169
vn -0.258598238 -0.111799195 0.959493518
vn -0.731864095 -0.158892244 -0.662667513
vn -0.477488428 -0.260993719 -0.838979721
vn -0.662632763 -0.342516959 -0.66603291
vn -0.288410813 -0.11450433 -0.950635612
vn -0.00620023115 -0.0931035131 -0.995637119
vn -0.301714659 -0.287414014 -0.909044147
vn -0.59139353 -0.45669499 -0.664592624
vn 0 -0.0789980441 -0.99687475
vn 0 -0.0719009042 -0.997411788
vn 0.00620023115 -0.0931035131 -0.995637119
vn 0.288410813 -0.11450433 -0.950635612
vn 0.477488428 -0.260993719 -0.838979721
vn 0.301714659 -0.287414014 -0.909044147
vn 0.59139353 -0.45669499 -0.664592624
vn 0.662632763 -0.342516959 -0.66603291
vn 0.731864095 -0.158892244 -0.662667513

# Mesh 'PipelineFBX' with 905 faces
g PipelineFBX
usemtl DefaultMaterial
f  1/1/1 2/2/1 3/3/1
f  4/2/2 5/1/2 6/3/2
f  7/4/3 8/5/3 9/6/3
f  10/7/4 11/8/4 12/9/4
f  13/5/5 14/4/5 15/6/5
f  16/8/6 17/7/6 18/9/6
f  19/10/7 20/11/8 21/12/9
f  22/11/8 23/10/7 24/13/10
f  25/13/10 26/14/11 27/11/8
f  28/14/11 29/13/10 30/15/12
f  31/16/13 32/14/11 33/15/12
f  34/14/11 35/16/13 36/17/14
f  37/16/13 38/18/15 39/17/14
f  40/18/15 41/16/13 42/19/15
f  43/20/16 44/18/15 45/19/15
f  46/18/15 47/20/16 48/21/17
f  49/22/18 50/23/18 51/24/18
f  52/23/18 53/22/18 54/25/18
f  55/25/18 56/26/19 57/23/18
f  58/26/19 59/25/18 60/27/20
f  61/27/20 62/28/21 63/26/19
f  64/28/21 65/27/20 66/29/22
f  67/29/22 68/30/23 69/28/21
f  70/30/23 71/29/22 72/31/23
f  73/32/24 74/30/23 75/31/23
f  76/30/23 77/32/24 78/33/25
f  79/34/26 80/33/25 81/32/24
f  82/33/25 83/34/26 84/35/26
f  85/36/27 86/37/28 87/38/29
f  88/37/28 89/36/27 90/39/30
f  91/39/30 92/40/31 93/37/28
f  94/40/31 95/39/30 96/41/32
f  97/39/30 98/42/33 99/41/32
f  100/42/33 101/39/30 102/43/33
f  103/36/27 104/43/33 105/39/30
f  106/43/33 107/36/27 108/44/33
f  109/45/34 110/46/34 111/47/34
f  112/46/34 113/45/34 114/48/35
f  115/49/36 116/48/35 117/45/34
f  118/48/35 119/49/36 120/50/37
f  121/51/38 122/52/39 123/53/38
f  124/52/39 125/51/38 126/54/40
f  127/55/41 128/52/39 129/54/40
f  130/52/39 131/55/41 132/56/42
f  133/57/38 134/54/40 135/51/38
f  136/54/40 137/57/38 138/58/43
f  139/59/44 140/54/40 141/58/43
f  142/54/40 143/59/44 144/55/41
f  145/60/45 146/61/46 147/62/47
f  148/61/46 149/60/45 150/63/48
f  151/64/49 152/61/46 153/63/48
f  154/61/46 155/64/49 156/65/50
f  157/66/51 158/65/50 159/64/49
f  160/65/50 161/66/51 162/67/52
f  163/68/53 164/67/52 165/66/51
f  166/67/52 167/68/53 168/69/54
f  169/70/55 170/71/56 171/72/57
f  172/71/56 173/70/55 174/73/58
f  175/70/55 176/74/59 177/73/58
f  178/74/59 179/70/55 180/75/60
f  181/76/61 182/77/61 183/78/62
f  184/77/61 185/76/61 186/79/62
f  187/76/61 188/80/63 189/79/62
f  190/80/63 191/81/64 192/79/62
f  193/82/65 194/83/65 195/84/66
f  196/83/65 197/82/65 198/85/67
f  199/86/68 200/87/68 201/88/68
f  202/87/68 203/86/68 204/89/68
f  205/89/68 206/90/69 207/87/68
f  208/90/69 209/89/68 210/91/69
f  211/92/70 212/90/69 213/91/69
f  214/93/71 215/94/71 216/95/72
f  217/94/71 218/93/71 219/96/73
f  220/97/74 221/98/75 222/99/76
f  223/98/75 224/97/74 225/100/77
f  226/101/78 227/98/75 228/100/77
f  229/102/79 230/103/79 231/104/79
f  232/103/79 233/102/79 234/105/79
f  235/106/80 236/107/80 237/108/80
f  238/107/80 239/106/80 240/109/80
f  241/110/81 242/111/82 243/112/83
f  244/111/82 245/110/81 246/113/84
f  247/114/85 248/111/82 249/113/84
f  250/111/82 251/114/85 252/115/86
f  253/116/87 254/115/86 255/114/85
f  256/115/86 257/116/87 258/117/87
f  259/116/87 260/118/88 261/117/87
f  262/118/88 263/116/87 264/119/88
f  265/120/38 266/121/89 267/122/38
f  268/121/89 269/120/38 270/123/90
f  271/123/90 272/124/91 273/121/89
f  274/124/91 275/123/90 276/125/92
f  277/126/93 278/124/91 279/125/92
f  280/124/91 281/126/93 282/127/93
f  283/120/38 284/121/89 285/122/38
f  286/121/89 287/120/38 288/123/90
f  289/123/90 290/124/91 291/121/89
f  292/124/91 293/123/90 294/125/92
f  295/126/93 296/124/91 297/125/92
f  298/124/91 299/126/93 300/127/93
f  301/120/38 302/121/94 303/122/38
f  304/121/94 305/120/38 306/123/95
f  307/123/95 308/124/96 309/121/94
f  310/124/96 311/123/95 312/125/96
f  313/126/97 314/124/96 315/125/96
f  316/124/96 317/126/97 318/127/97
f  319/128/98 320/129/99 321/130/99
f  322/129/99 323/128/98 324/131/100
f  325/128/98 326/132/101 327/131/100
f  328/132/101 329/128/98 330/133/102
f  331/133/102 332/134/38 333/132/101
f  334/134/38 335/133/102 336/135/38
f  337/136/103 338/137/104 339/138/105
f  340/137/104 341/136/103 342/139/106
f  343/139/106 344/140/107 345/137/104
f  346/136/103 347/137/104 348/138/105
f  349/137/104 350/136/103 351/139/106
f  352/139/106 353/140/107 354/137/104
f  355/136/105 356/137/105 357/138/105
f  358/137/105 359/136/105 360/139/105
f  361/139/105 362/140/105 363/137/105
f  364/141/108 365/142/108 366/143/108
f  367/142/108 368/141/108 369/144/108
f  370/141/108 371/145/108 372/144/108
f  373/145/108 374/141/108 375/146/108
f  376/147/109 377/148/110 378/149/109
f  379/148/110 380/147/109 381/150/111
f  382/150/111 383/151/112 384/148/110
f  385/151/112 386/150/111 387/152/113
f  388/152/113 389/153/114 390/151/112
f  391/153/114 392/152/113 393/154/114
f  394/155/115 395/156/115 396/157/116
f  397/156/115 398/155/115 399/158/117
f  400/118/118 401/116/119 402/119/118
f  403/116/119 404/118/118 405/117/119
f  406/115/120 407/116/119 408/117/119
f  409/116/119 410/115/120 411/114/121
f  412/111/122 413/114/121 414/115/120
f  415/114/121 416/111/122 417/113/123
f  418/111/122 419/110/124 420/113/123
f  421/110/124 422/111/122 423/112/125
f  424/159/126 425/160/127 426/161/128
f  427/160/127 428/159/126 429/162/129
f  430/160/127 431/162/129 432/163/38
f  433/163/38 434/162/129 435/164/38
f  436/162/129 437/165/38 438/164/38
f  439/166/130 440/167/131 441/168/130
f  442/167/131 443/166/130 444/169/131
f  445/170/131 446/167/131 447/169/131
f  448/171/131 449/167/131 450/170/131
f  451/172/131 452/170/131 453/169/131
f  454/173/132 455/174/132 456/175/132
f  457/174/132 458/173/132 459/176/132
f  460/177/133 461/178/134 462/179/135
f  463/178/134 464/177/133 465/180/136
f  466/180/136 467/181/137 468/178/134
f  469/181/137 470/180/136 471/182/138
f  472/183/139 473/181/137 474/182/138
f  475/184/140 476/185/141 477/186/142
f  478/185/141 479/184/140 480/187/143
f  481/187/143 482/188/144 483/185/141
f  484/188/144 485/187/143 486/189/144
f  487/190/145 488/191/146 489/192/147
f  490/191/146 491/190/145 492/193/148
f  493/193/148 494/194/149 495/191/146
f  496/194/149 497/193/148 498/195/150
f  499/195/150 500/196/151 501/194/149
f  502/196/151 503/195/150 504/197/152
f  505/197/152 506/198/153 507/196/151
f  508/198/153 509/197/152 510/199/154
f  511/199/154 512/200/155 513/198/153
f  514/200/155 515/199/154 516/201/156
f  517/201/156 518/202/157 519/200/155
f  520/202/157 521/201/156 522/203/158
f  523/203/158 524/204/159 525/202/157
f  526/204/159 527/203/158 528/205/160
f  529/205/160 530/206/147 531/204/159
f  532/206/147 533/205/160 534/207/145
f  535/191/160 536/190/147 537/192/145
f  538/190/147 539/191/160 540/193/159
f  541/194/158 542/193/159 543/191/160
f  544/193/159 545/194/158 546/195/157
f  547/196/161 548/195/157 549/194/158
f  550/195/157 551/196/161 552/197/155
f  553/198/162 554/197/155 555/196/161
f  556/197/155 557/198/162 558/199/163
f  559/200/152 560/199/163 561/198/162
f  562/199/163 563/200/152 564/201/164
f  565/202/150 566/201/164 567/200/152
f  568/201/164 569/202/150 570/203/149
f  571/204/148 572/203/149 573/202/150
f  574/203/149 575/204/148 576/205/146
f  577/206/145 578/205/146 579/204/148
f  580/205/146 581/206/145 582/207/147
f  583/208/165 584/209/165 585/210/166
f  586/209/165 587/208/165 588/211/167
f  589/212/168 590/213/168 591/214/168
f  592/213/168 593/212/168 594/215/168
f  595/216/169 596/217/169 597/218/169
f  598/217/169 599/216/169 600/219/169
f  601/220/170 602/221/170 603/222/171
f  604/221/170 605/220/170 606/223/172
f  607/224/173 608/225/173 609/226/174
f  610/225/173 611/224/173 612/227/175
f  613/111/176 614/110/177 615/112/178
f  616/110/177 617/111/176 618/113/84
f  619/111/176 620/114/85 621/113/84
f  622/114/85 623/111/176 624/115/86
f  625/115/86 626/116/87 627/114/85
f  628/116/87 629/115/86 630/117/87
f  631/118/88 632/116/87 633/117/87
f  634/116/87 635/118/88 636/119/88
f  637/142/108 638/141/108 639/143/108
f  640/141/108 641/142/108 642/144/108
f  643/145/108 644/141/108 645/144/108
f  646/141/108 647/145/108 648/146/108
f  649/152/179 650/153/180 651/154/180
f  652/153/180 653/152/179 654/151/181
f  655/150/182 656/151/181 657/152/179
f  658/151/181 659/150/182 660/148/183
f  661/147/184 662/148/183 663/150/182
f  664/148/183 665/147/184 666/149/184
f  667/228/179 668/229/180 669/230/180
f  670/229/180 671/228/179 672/231/181
f  673/232/112 674/231/181 675/228/179
f  676/231/181 677/232/112 678/233/113
f  679/234/114 680/233/113 681/232/112
f  682/233/113 683/234/114 684/235/114
f  685/121/185 686/120/38 687/122/38
f  688/120/38 689/121/185 690/123/186
f  691/124/187 692/123/186 693/121/185
f  694/123/186 695/124/187 696/125/188
f  697/124/187 698/126/189 699/125/188
f  700/126/189 701/124/187 702/127/189
f  703/236/190 704/237/191 705/238/191
f  706/237/191 707/236/190 708/239/192
f  709/240/193 710/239/192 711/236/190
f  712/239/192 713/240/193 714/241/194
f  715/242/38 716/241/194 717/240/193
f  718/241/194 719/242/38 720/243/38
f  721/242/38 722/244/38 723/243/38
f  724/244/38 725/242/38 726/245/38
f  727/246/195 728/247/195 729/248/195
f  730/247/195 731/246/195 732/249/195
f  733/250/196 734/251/197 735/252/198
f  736/251/197 737/250/196 738/253/199
f  739/251/197 740/253/199 741/254/200
f  742/253/199 743/255/201 744/254/200
f  745/250/196 746/256/202 747/253/199
f  748/256/202 749/250/196 750/257/203
f  751/257/203 752/258/204 753/256/202
f  754/256/202 755/258/204 756/259/205
f  757/260/206 758/256/202 759/259/205
f  760/258/204 761/257/203 762/261/207
f  763/262/168 764/263/168 765/264/168
f  766/263/168 767/262/168 768/265/168
f  769/266/208 770/267/209 771/268/210
f  772/267/209 773/266/208 774/269/211
f  775/269/211 776/270/212 777/267/209
f  778/270/212 779/269/211 780/271/213
f  781/272/214 782/270/212 783/271/213
f  784/270/212 785/272/214 786/273/215
f  787/274/216 788/271/213 789/269/211
f  790/271/213 791/274/216 792/275/216
f  793/276/217 794/277/218 795/278/217
f  796/277/218 797/276/217 798/279/218
f  799/280/219 800/277/218 801/279/218
f  802/277/218 803/280/219 804/281/219
f  805/280/219 806/282/220 807/281/219
f  808/282/220 809/280/219 810/283/220
f  811/284/221 812/282/220 813/283/220
f  814/282/220 815/284/221 816/285/222
f  817/286/223 818/285/222 819/284/221
f  820/285/222 821/286/223 822/287/223
f  823/286/223 824/288/224 825/287/223
f  826/288/224 827/286/223 828/289/225
f  829/289/225 830/290/226 831/288/224
f  832/290/226 833/289/225 834/291/226
f  835/292/227 836/293/33 837/294/33
f  838/293/33 839/292/227 840/295/228
f  841/296/229 842/295/228 843/292/227
f  844/295/228 845/296/229 846/297/229
f  847/296/229 848/298/230 849/297/229
f  850/298/230 851/296/229 852/299/231
f  853/299/231 854/300/232 855/298/230
f  856/300/232 857/299/231 858/301/232
f  859/302/233 860/303/234 861/304/235
f  862/303/234 863/302/233 864/305/236
f  865/306/237 866/303/234 867/305/236
f  868/303/234 869/306/237 870/307/238
f  871/308/239 872/305/236 873/302/233
f  874/305/236 875/308/239 876/309/240
f  877/310/241 878/305/236 879/309/240
f  880/305/236 881/310/241 882/306/237
f  883/311/242 884/312/243 885/313/242
f  886/312/243 887/311/242 888/314/244
f  889/314/244 890/315/245 891/312/243
f  892/315/245 893/314/244 894/316/246
f  895/317/247 896/318/248 897/319/249
f  898/318/248 899/317/247 900/320/250
f  901/321/251 902/320/250 903/317/247
f  904/320/250 905/321/251 906/322/252
f  907/323/253 908/324/253 909/325/253
f  910/324/253 911/323/253 912/326/253
f  913/327/254 914/324/253 915/326/253
f  916/324/253 917/327/254 918/328/255
f  919/329/256 920/328/255 921/327/254
f  922/328/255 923/329/256 924/330/257
f  925/329/256 926/331/258 927/330/257
f  928/331/258 929/329/256 930/332/259
f  931/333/260 932/334/261 933/335/262
f  934/334/261 935/333/260 936/336/261
f  937/336/261 938/337/263 939/334/261
f  940/337/263 941/336/261 942/338/264
f  943/339/265 944/340/266 945/341/267
f  946/340/266 947/339/265 948/342/268
f  949/342/268 950/343/168 951/340/266
f  952/343/168 953/342/268 954/344/168
f  955/345/269 956/343/168 957/344/168
f  958/343/168 959/345/269 960/346/270
f  961/347/271 962/346/270 963/345/269
f  964/346/270 965/347/271 966/348/272
f  967/349/273 968/350/274 969/351/273
f  970/350/274 971/349/273 972/352/275
f  973/352/275 974/353/276 975/350/274
f  976/353/276 977/352/275 978/354/276
f  979/355/277 980/356/278 981/357/279
f  982/356/278 983/355/277 984/358/280
f  985/359/280 986/358/280 987/355/277
f  988/358/280 989/359/280 990/360/280
f  991/49/281 992/48/282 993/50/283
f  994/48/282 995/49/281 996/45/284
f  997/45/284 998/46/284 999/48/282
f  1000/46/284 1001/45/284 1002/47/284
f  1003/11/285 1004/10/286 1005/12/287
f  1006/10/286 1007/11/285 1008/13/288
f  1009/14/289 1010/13/288 1011/11/285
f  1012/13/288 1013/14/289 1014/15/290
f  1015/14/289 1016/16/291 1017/15/290
f  1018/16/291 1019/14/289 1020/17/292
f  1021/18/293 1022/16/291 1023/17/292
f  1024/16/291 1025/18/293 1026/19/293
f  1027/18/293 1028/20/294 1029/19/293
f  1030/20/294 1031/18/293 1032/21/295
f  1033/23/296 1034/22/296 1035/24/296
f  1036/22/296 1037/23/296 1038/25/296
f  1039/26/297 1040/25/296 1041/23/296
f  1042/25/296 1043/26/297 1044/27/298
f  1045/28/299 1046/27/298 1047/26/297
f  1048/27/298 1049/28/299 1050/29/300
f  1051/30/301 1052/29/300 1053/28/299
f  1054/29/300 1055/30/301 1056/31/301
f  1057/30/301 1058/32/302 1059/31/301
f  1060/32/302 1061/30/301 1062/33/303
f  1063/33/303 1064/34/304 1065/32/302
f  1066/34/304 1067/33/303 1068/35/304
f  1069/37/305 1070/36/306 1071/38/307
f  1072/36/306 1073/37/305 1074/39/308
f  1075/43/33 1076/36/306 1077/39/308
f  1078/36/306 1079/43/33 1080/44/33
f  1081/40/309 1082/39/308 1083/37/305
f  1084/39/308 1085/40/309 1086/41/310
f  1087/42/33 1088/39/308 1089/41/310
f  1090/39/308 1091/42/33 1092/43/33
f  1093/361/311 1094/362/312 1095/363/313
f  1096/362/312 1097/361/311 1098/364/314
f  1099/365/315 1100/362/312 1101/364/314
f  1102/362/312 1103/365/315 1104/366/316
f  1105/367/317 1106/368/317 1107/369/317
f  1108/368/317 1109/367/317 1110/370/317
f  1111/371/318 1112/368/317 1113/370/317
f  1114/368/317 1115/371/318 1116/372/318
f  1117/373/319 1118/374/320 1119/375/321
f  1120/374/320 1121/373/319 1122/376/322
f  1123/376/322 1124/373/319 1125/377/323
f  1126/61/324 1127/60/325 1128/62/326
f  1129/60/325 1130/61/324 1131/63/327
f  1132/61/324 1133/64/328 1134/63/327
f  1135/64/328 1136/61/324 1137/65/329
f  1138/65/329 1139/66/330 1140/64/328
f  1141/66/330 1142/65/329 1143/67/331
f  1144/67/331 1145/68/332 1146/66/330
f  1147/68/332 1148/67/331 1149/69/333
f  1150/71/334 1151/70/335 1152/72/336
f  1153/70/335 1154/71/334 1155/73/337
f  1156/74/338 1157/70/335 1158/73/337
f  1159/70/335 1160/74/338 1161/75/339
f  1162/77/340 1163/76/340 1164/78/341
f  1165/76/340 1166/77/340 1167/79/341
f  1168/80/342 1169/76/340 1170/79/341
f  1171/81/343 1172/80/342 1173/79/341
f  1174/83/344 1175/82/344 1176/84/345
f  1177/82/344 1178/83/344 1179/85/346
f  1180/111/347 1181/110/348 1182/112/349
f  1183/110/348 1184/111/347 1185/113/123
f  1186/111/347 1187/114/121 1188/113/123
f  1189/114/121 1190/111/347 1191/115/120
f  1192/115/120 1193/116/119 1194/114/121
f  1195/116/119 1196/115/120 1197/117/119
f  1198/118/118 1199/116/119 1200/117/119
f  1201/116/119 1202/118/118 1203/119/118
f  1204/155/350 1205/156/350 1206/157/351
f  1207/156/350 1208/155/350 1209/158/352
f  1210/159/353 1211/160/354 1212/161/355
f  1213/160/354 1214/159/353 1215/162/356
f  1216/160/354 1217/162/356 1218/163/33
f  1219/163/33 1220/162/356 1221/164/33
f  1222/162/356 1223/165/33 1224/164/33
f  1225/237/357 1226/236/358 1227/238/357
f  1228/236/358 1229/237/357 1230/239/359
f  1231/239/359 1232/240/360 1233/236/358
f  1234/240/360 1235/239/359 1236/241/360
f  1237/243/33 1238/240/360 1239/241/360
f  1240/240/360 1241/243/33 1242/242/33
f  1243/244/33 1244/242/33 1245/243/33
f  1246/242/33 1247/244/33 1248/245/33
f  1249/128/361 1250/129/362 1251/130/362
f  1252/129/362 1253/128/361 1254/131/363
f  1255/128/361 1256/132/101 1257/131/363
f  1258/132/101 1259/128/361 1260/133/364
f  1261/133/364 1262/134/38 1263/132/101
f  1264/134/38 1265/133/364 1266/135/38
f  1267/124/91 1268/126/93 1269/127/93
f  1270/126/93 1271/124/91 1272/125/92
f  1273/124/91 1274/123/90 1275/125/92
f  1276/123/90 1277/124/91 1278/121/89
f  1279/121/89 1280/120/38 1281/123/90
f  1282/120/38 1283/121/89 1284/122/38
f  1285/121/185 1286/120/38 1287/122/38
f  1288/120/38 1289/121/185 1290/123/186
f  1291/124/187 1292/123/186 1293/121/185
f  1294/123/186 1295/124/187 1296/125/188
f  1297/124/187 1298/126/189 1299/125/188
f  1300/126/189 1301/124/187 1302/127/189
f  1303/121/185 1304/120/38 1305/122/38
f  1306/120/38 1307/121/185 1308/123/186
f  1309/124/187 1310/123/186 1311/121/185
f  1312/123/186 1313/124/187 1314/125/188
f  1315/124/187 1316/126/189 1317/125/188
f  1318/126/189 1319/124/187 1320/127/189
f  1321/121/365 1322/120/38 1323/122/38
f  1324/120/38 1325/121/365 1326/123/366
f  1327/124/367 1328/123/366 1329/121/365
f  1330/123/366 1331/124/367 1332/125/367
f  1333/124/367 1334/126/368 1335/125/367
f  1336/126/368 1337/124/367 1338/127/368
f  1339/378/369 1340/379/370 1341/380/369
f  1342/379/370 1343/378/369 1344/381/371
f  1345/381/371 1346/382/372 1347/379/370
f  1348/382/372 1349/381/371 1350/383/373
f  1351/383/373 1352/384/374 1353/382/372
f  1354/384/374 1355/383/373 1356/385/374
f  1357/314/375 1358/315/376 1359/316/377
f  1360/315/376 1361/314/375 1362/312/378
f  1363/311/379 1364/312/378 1365/314/375
f  1366/312/378 1367/311/379 1368/313/379
f  1369/321/380 1370/320/381 1371/322/382
f  1372/320/381 1373/321/380 1374/317/383
f  1375/317/383 1376/318/384 1377/320/381
f  1378/318/384 1379/317/383 1380/319/385
f  1381/386/168 1382/387/168 1383/388/168
f  1384/387/168 1385/386/168 1386/389/168
f  1387/390/108 1388/391/108 1389/392/108
f  1390/391/108 1391/390/108 1392/393/108
f  1393/394/386 1394/395/386 1395/396/387
f  1396/395/386 1397/394/386 1398/397/388
f  1399/398/389 1400/399/389 1401/400/390
f  1402/399/389 1403/398/389 1404/401/391
f  1405/402/392 1406/403/392 1407/404/393
f  1408/403/392 1409/402/392 1410/405/394
f  1411/156/395 1412/155/395 1413/157/351
f  1414/155/395 1415/156/395 1416/158/396
f  1417/160/397 1418/159/398 1419/161/399
f  1420/159/398 1421/160/397 1422/162/400
f  1423/162/400 1424/160/397 1425/163/38
f  1426/162/400 1427/163/38 1428/164/38
f  1429/165/38 1430/162/400 1431/164/38
f  1432/406/108 1433/407/108 1434/408/108
f  1435/407/108 1436/406/108 1437/409/108
f  1438/406/108 1439/410/108 1440/409/108
f  1441/410/108 1442/406/108 1443/411/108
f  1444/383/401 1445/384/402 1446/385/402
f  1447/384/402 1448/383/401 1449/382/403
f  1450/381/404 1451/382/403 1452/383/401
f  1453/382/403 1454/381/404 1455/379/405
f  1456/378/406 1457/379/405 1458/381/404
f  1459/379/405 1460/378/406 1461/380/406
f  1462/412/370 1463/413/369 1464/414/369
f  1465/413/369 1466/412/370 1467/415/371
f  1468/416/404 1469/415/371 1470/412/370
f  1471/415/371 1472/416/404 1473/417/405
f  1474/418/406 1475/417/405 1476/416/404
f  1477/417/405 1478/418/406 1479/419/406
f  1480/129/407 1481/128/408 1482/130/407
f  1483/128/408 1484/129/407 1485/131/409
f  1486/132/410 1487/128/408 1488/131/409
f  1489/128/408 1490/132/410 1491/133/411
f  1492/134/38 1493/133/411 1494/132/410
f  1495/133/411 1496/134/38 1497/135/38
f  1498/420/412 1499/421/413 1500/422/413
f  1501/421/413 1502/420/412 1503/423/414
f  1504/424/415 1505/423/414 1506/420/412
f  1507/423/414 1508/424/415 1509/425/416
f  1510/426/417 1511/425/416 1512/424/415
f  1513/425/416 1514/426/417 1515/427/417
f  1516/426/417 1517/428/418 1518/427/417
f  1519/428/418 1520/426/417 1521/429/419
f  1522/429/419 1523/430/420 1524/428/418
f  1525/430/420 1526/429/419 1527/431/421
f  1528/431/421 1529/432/422 1530/430/420
f  1531/432/422 1532/431/421 1533/433/422
f  1534/434/423 1535/432/422 1536/433/422
f  1537/432/422 1538/434/423 1539/435/423
f  1540/436/108 1541/437/108 1542/438/108
f  1543/437/108 1544/436/108 1545/439/108
f  1546/440/424 1547/441/424 1548/442/424
f  1549/441/424 1550/440/424 1551/443/424
f  1552/444/425 1553/445/425 1554/446/426
f  1555/445/425 1556/444/425 1557/447/427
f  1558/448/428 1559/449/428 1560/450/428
f  1561/449/428 1562/448/428 1563/451/428
f  1564/452/429 1565/453/430 1566/454/430
f  1567/453/430 1568/452/429 1569/455/431
f  1570/456/432 1571/455/431 1572/452/429
f  1573/456/432 1574/457/432 1575/455/431
f  1576/458/432 1577/456/432 1578/452/429
f  1579/459/33 1580/460/433 1581/461/33
f  1582/460/433 1583/459/33 1584/462/434
f  1585/462/434 1586/463/435 1587/460/433
f  1588/463/435 1589/462/434 1590/464/436
f  1591/464/436 1592/465/437 1593/463/435
f  1594/466/438 1595/467/439 1596/468/440
f  1597/467/439 1598/466/438 1599/469/438
f  1600/470/441 1601/469/438 1602/466/438
f  1603/469/438 1604/470/441 1605/471/442
f  1606/472/443 1607/473/444 1608/474/444
f  1609/473/444 1610/472/443 1611/475/445
f  1612/476/446 1613/475/445 1614/472/443
f  1615/475/445 1616/476/446 1617/477/446
f  1618/55/447 1619/52/448 1620/56/449
f  1621/52/448 1622/55/447 1623/54/450
f  1624/51/38 1625/52/448 1626/54/450
f  1627/52/448 1628/51/38 1629/53/38
f  1630/59/451 1631/54/450 1632/55/447
f  1633/54/450 1634/59/451 1635/58/452
f  1636/57/38 1637/54/450 1638/58/452
f  1639/54/450 1640/57/38 1641/51/38
f  1642/356/453 1643/355/454 1644/357/455
f  1645/355/454 1646/356/453 1647/358/456
f  1648/358/456 1649/359/456 1650/355/454
f  1651/359/456 1652/358/456 1653/360/456
f  1654/478/457 1655/479/457 1656/480/457
f  1657/479/457 1658/478/457 1659/481/457
f  1660/205/146 1661/206/145 1662/207/147
f  1663/206/145 1664/205/146 1665/204/148
f  1666/203/149 1667/204/148 1668/205/146
f  1669/204/148 1670/203/149 1671/202/150
f  1672/201/164 1673/202/150 1674/203/149
f  1675/202/150 1676/201/164 1677/200/152
f  1678/199/163 1679/200/152 1680/201/164
f  1681/200/152 1682/199/163 1683/198/162
f  1684/197/155 1685/198/162 1686/199/163
f  1687/198/162 1688/197/155 1689/196/161
f  1690/195/157 1691/196/161 1692/197/155
f  1693/196/161 1694/195/157 1695/194/158
f  1696/193/159 1697/194/158 1698/195/157
f  1699/194/158 1700/193/159 1701/191/160
f  1702/190/147 1703/191/160 1704/193/159
f  1705/191/160 1706/190/147 1707/192/145
f  1708/362/458 1709/361/459 1710/363/460
f  1711/361/459 1712/362/458 1713/364/461
f  1714/362/458 1715/365/462 1716/364/461
f  1717/365/462 1718/362/458 1719/366/463
f  1720/368/464 1721/367/464 1722/369/464
f  1723/367/464 1724/368/464 1725/370/464
f  1726/368/464 1727/371/465 1728/370/464
f  1729/371/465 1730/368/464 1731/372/465
f  1732/374/466 1733/373/467 1734/375/468
f  1735/373/467 1736/374/466 1737/376/469
f  1738/373/467 1739/376/469 1740/377/470
f  1741/156/471 1742/155/471 1743/157/116
f  1744/155/471 1745/156/471 1746/158/472
f  1747/160/473 1748/159/474 1749/161/475
f  1750/159/474 1751/160/473 1752/162/476
f  1753/162/476 1754/160/473 1755/163/33
f  1756/162/476 1757/163/33 1758/164/33
f  1759/165/33 1760/162/476 1761/164/33
f  1762/421/413 1763/420/412 1764/422/413
f  1765/420/412 1766/421/413 1767/423/414
f  1768/423/414 1769/424/415 1770/420/412
f  1771/424/415 1772/423/414 1773/425/416
f  1774/425/416 1775/426/417 1776/424/415
f  1777/426/417 1778/425/416 1779/427/417
f  1780/428/418 1781/426/417 1782/427/417
f  1783/426/417 1784/428/418 1785/429/419
f  1786/430/420 1787/429/419 1788/428/418
f  1789/429/419 1790/430/420 1791/431/421
f  1792/432/422 1793/431/421 1794/430/420
f  1795/431/421 1796/432/422 1797/433/422
f  1798/432/422 1799/434/423 1800/433/422
f  1801/434/423 1802/432/422 1803/435/423
f  1804/128/477 1805/129/478 1806/130/478
f  1807/129/478 1808/128/477 1809/131/479
f  1810/128/477 1811/132/480 1812/131/479
f  1813/132/480 1814/128/477 1815/133/481
f  1816/133/481 1817/134/38 1818/132/480
f  1819/134/38 1820/133/481 1821/135/38
f  1822/137/482 1823/136/483 1824/138/484
f  1825/136/483 1826/137/482 1827/139/485
f  1828/140/486 1829/139/485 1830/137/482
f  1831/129/487 1832/128/488 1833/130/487
f  1834/128/488 1835/129/487 1836/131/489
f  1837/132/410 1838/128/488 1839/131/489
f  1840/128/488 1841/132/410 1842/133/490
f  1843/134/38 1844/133/490 1845/132/410
f  1846/133/490 1847/134/38 1848/135/38
f  1849/324/491 1850/323/491 1851/325/491
f  1852/323/491 1853/324/491 1854/326/491
f  1855/324/491 1856/327/492 1857/326/491
f  1858/327/492 1859/324/491 1860/328/493
f  1861/328/493 1862/329/494 1863/327/492
f  1864/329/494 1865/328/493 1866/330/495
f  1867/331/496 1868/329/494 1869/330/495
f  1870/329/494 1871/331/496 1872/332/497
f  1873/482/498 1874/483/498 1875/484/498
f  1876/483/498 1877/482/498 1878/485/498
f  1879/486/499 1880/487/499 1881/488/500
f  1882/487/499 1883/486/499 1884/489/501
f  1885/490/168 1886/491/168 1887/492/168
f  1888/491/168 1889/490/168 1890/493/168
f  1891/494/108 1892/495/108 1893/496/108
f  1894/495/108 1895/494/108 1896/497/108
f  1897/498/502 1898/499/502 1899/500/502
f  1900/499/502 1901/498/502 1902/501/502
f  1903/502/503 1904/503/503 1905/504/503
f  1906/503/503 1907/502/503 1908/505/503
f  1909/506/504 1910/507/504 1911/508/504
f  1912/507/504 1913/506/504 1914/509/504
f  1915/510/505 1916/511/505 1917/512/505
f  1918/511/505 1919/510/505 1920/513/505
f  1921/514/506 1922/515/507 1923/516/507
f  1924/515/507 1925/514/506 1926/517/508
f  1927/518/509 1928/517/508 1929/514/506
f  1930/517/508 1931/518/509 1932/519/509
f  1933/518/509 1934/520/510 1935/519/509
f  1936/520/510 1937/518/509 1938/521/511
f  1939/520/510 1940/521/511 1941/522/512
f  1942/523/513 1943/524/513 1944/525/513
f  1945/524/513 1946/523/513 1947/526/513
f  1948/526/513 1949/527/514 1950/524/513
f  1951/527/514 1952/526/513 1953/528/514
f  1954/167/515 1955/166/516 1956/168/516
f  1957/166/516 1958/167/515 1959/169/515
f  1960/167/515 1961/170/515 1962/169/515
f  1963/170/515 1964/172/515 1965/169/515
f  1966/167/515 1967/171/515 1968/170/515
f  1969/174/517 1970/173/517 1971/175/517
f  1972/173/517 1973/174/517 1974/176/517
f  1975/178/518 1976/177/519 1977/179/520
f  1978/177/519 1979/178/518 1980/180/521
f  1981/181/522 1982/180/521 1983/178/518
f  1984/180/521 1985/181/522 1986/182/523
f  1987/181/522 1988/183/524 1989/182/523
f  1990/185/525 1991/184/526 1992/186/527
f  1993/184/526 1994/185/525 1995/187/528
f  1996/188/529 1997/187/528 1998/185/525
f  1999/187/528 2000/188/529 2001/189/529
f  2002/529/530 2003/530/531 2004/531/531
f  2005/530/531 2006/529/530 2007/532/532
f  2008/533/533 2009/532/532 2010/529/530
f  2011/532/532 2012/533/533 2013/534/533
f  2014/87/534 2015/86/534 2016/88/534
f  2017/86/534 2018/87/534 2019/89/534
f  2020/90/535 2021/89/534 2022/87/534
f  2023/89/534 2024/90/535 2025/91/535
f  2026/90/535 2027/92/536 2028/91/535
f  2029/94/537 2030/93/537 2031/95/538
f  2032/93/537 2033/94/537 2034/96/539
f  2035/98/540 2036/97/541 2037/99/542
f  2038/97/541 2039/98/540 2040/100/543
f  2041/98/540 2042/101/544 2043/100/543
f  2044/103/545 2045/102/545 2046/104/545
f  2047/102/545 2048/103/545 2049/105/545
f  2050/107/546 2051/106/546 2052/108/546
f  2053/106/546 2054/107/546 2055/109/546
f  2056/479/547 2057/478/547 2058/480/547
f  2059/478/547 2060/479/547 2061/481/547
f  2062/503/548 2063/502/548 2064/504/548
f  2065/502/548 2066/503/548 2067/505/548
f  2068/137/482 2069/136/483 2070/138/484
f  2071/136/483 2072/137/482 2073/139/485
f  2074/140/486 2075/139/485 2076/137/482
f  2077/137/482 2078/136/483 2079/138/484
f  2080/136/483 2081/137/482 2082/139/485
f  2083/140/486 2084/139/485 2085/137/482
f  2086/137/484 2087/136/484 2088/138/484
f  2089/136/484 2090/137/484 2091/139/484
f  2092/140/484 2093/139/484 2094/137/484
f  2095/129/549 2096/128/550 2097/130/549
f  2098/128/550 2099/129/549 2100/131/551
f  2101/132/552 2102/128/550 2103/131/551
f  2104/128/550 2105/132/552 2106/133/553
f  2107/134/38 2108/133/553 2109/132/552
f  2110/133/553 2111/134/38 2112/135/38
f  2113/449/554 2114/448/554 2115/450/554
f  2116/448/554 2117/449/554 2118/451/554
f  2119/453/555 2120/452/556 2121/454/555
f  2122/452/556 2123/453/555 2124/455/557
f  2125/455/557 2126/456/558 2127/452/556
f  2128/456/558 2129/458/558 2130/452/556
f  2131/457/558 2132/456/558 2133/455/557
f  2134/460/559 2135/459/33 2136/461/33
f  2137/459/33 2138/460/559 2139/462/560
f  2140/463/561 2141/462/560 2142/460/559
f  2143/462/560 2144/463/561 2145/464/562
f  2146/465/563 2147/464/562 2148/463/561
f  2149/535/564 2150/536/564 2151/537/565
f  2152/536/564 2153/535/564 2154/538/566
f  2155/539/108 2156/540/108 2157/541/108
f  2158/540/108 2159/539/108 2160/542/108
f  2161/543/108 2162/544/108 2163/545/108
f  2164/544/108 2165/543/108 2166/546/108
f  2167/547/567 2168/548/567 2169/549/567
f  2170/548/567 2171/547/567 2172/550/567
f  2173/551/168 2174/552/168 2175/553/168
f  2176/552/168 2177/551/168 2178/554/168
f  2179/136/103 2180/137/104 2181/138/105
f  2182/137/104 2183/136/103 2184/139/106
f  2185/139/106 2186/140/107 2187/137/104
f  2188/555/568 2189/556/568 2190/557/568
f  2191/556/568 2192/555/568 2193/558/568
f  2194/559/168 2195/560/168 2196/561/168
f  2197/560/168 2198/559/168 2199/562/168
f  2200/563/569 2201/564/569 2202/565/570
f  2203/564/569 2204/563/569 2205/566/571
f  2206/567/572 2207/568/573 2208/569/572
f  2209/568/573 2210/567/572 2211/570/574
f  2212/570/574 2213/571/575 2214/568/573
f  2215/571/575 2216/570/574 2217/572/575
f  2218/573/576 2219/571/575 2220/572/575
f  2221/571/575 2222/573/576 2223/574/577
f  2224/575/578 2225/574/577 2226/573/576
f  2227/576/579 2228/577/580 2229/578/580
f  2230/577/580 2231/576/579 2232/579/581
f  2233/579/581 2234/580/580 2235/577/580
f  2236/580/580 2237/579/581 2238/581/582
f  2239/582/583 2240/581/582 2241/579/581
f  2242/581/582 2243/582/583 2244/583/583
f  2245/582/583 2246/584/584 2247/583/583
f  2248/584/584 2249/582/583 2250/585/584
f  2251/576/579 2252/582/583 2253/579/581
f  2254/582/583 2255/576/579 2256/586/583
f  2257/587/584 2258/582/583 2259/586/583
f  2260/582/583 2261/587/584 2262/585/584
f  2263/588/585 2264/589/585 2265/590/585
f  2266/589/585 2267/588/585 2268/591/585
f  2269/592/586 2270/591/585 2271/588/585
f  2272/591/585 2273/592/586 2274/593/586
f  2275/594/587 2276/595/587 2277/596/587
f  2278/596/587 2279/595/587 2280/597/587
f  2281/597/587 2282/598/587 2283/596/587
f  2284/598/587 2285/597/587 2286/599/588
f  2287/599/588 2288/600/588 2289/598/587
f  2290/595/587 2291/601/589 2292/597/587
f  2293/602/168 2294/603/168 2295/604/168
f  2296/605/168 2297/602/168 2298/604/168
f  2299/602/168 2300/605/168 2301/606/168
f  2302/605/168 2303/201/164 2304/606/168
f  2305/201/164 2306/605/168 2307/607/168
f  2308/607/168 2309/199/163 2310/201/164
f  2311/595/590 2312/594/590 2313/596/590
f  2314/595/590 2315/596/590 2316/597/590
f  2317/601/591 2318/595/590 2319/597/590
f  2320/598/590 2321/597/590 2322/596/590
f  2323/597/590 2324/598/590 2325/599/592
f  2326/600/592 2327/599/592 2328/598/590
f  2329/608/593 2330/609/594 2331/610/595
f  2332/610/595 2333/609/594 2334/611/596
f  2335/611/596 2336/612/597 2337/610/595
f  2338/613/598 2339/614/599 2340/615/600
f  2341/616/601 2342/614/599 2343/613/598
f  2344/616/601 2345/617/602 2346/614/599
f  2347/608/593 2348/609/594 2349/610/595
f  2350/610/595 2351/609/594 2352/611/596
f  2353/611/596 2354/612/597 2355/610/595
f  2356/613/598 2357/614/599 2358/615/600
f  2359/616/601 2360/614/599 2361/613/598
f  2362/616/601 2363/617/602 2364/614/599
f  2365/618/603 2366/619/604 2367/620/605
f  2368/618/603 2369/621/606 2370/619/604
f  2371/621/606 2372/622/607 2373/619/604
f  2374/618/603 2375/619/604 2376/620/605
f  2377/618/603 2378/621/606 2379/619/604
f  2380/621/606 2381/622/607 2382/619/604
f  2383/618/608 2384/619/609 2385/620/610
f  2386/618/608 2387/621/609 2388/619/609
f  2389/621/609 2390/622/605 2391/619/609
f  2392/608/611 2393/609/612 2394/610/613
f  2395/610/613 2396/609/612 2397/611/614
f  2398/611/614 2399/612/615 2400/610/613
f  2401/613/616 2402/614/617 2403/615/618
f  2404/616/619 2405/614/617 2406/613/616
f  2407/616/619 2408/617/620 2409/614/617
f  2410/618/603 2411/619/604 2412/620/605
f  2413/618/603 2414/621/606 2415/619/604
f  2416/621/606 2417/622/607 2418/619/604
f  2419/609/621 2420/608/622 2421/610/623
f  2422/609/621 2423/610/623 2424/611/624
f  2425/612/625 2426/611/624 2427/610/623
f  2428/614/626 2429/613/627 2430/615/628
f  2431/614/626 2432/616/629 2433/613/627
f  2434/617/630 2435/616/629 2436/614/626
f  2437/609/621 2438/608/622 2439/610/623
f  2440/609/621 2441/610/623 2442/611/624
f  2443/612/625 2444/611/624 2445/610/623
f  2446/614/626 2447/613/627 2448/615/628
f  2449/614/626 2450/616/629 2451/613/627
f  2452/617/630 2453/616/629 2454/614/626
f  2455/619/631 2456/618/632 2457/620/633
f  2458/621/634 2459/618/632 2460/619/631
f  2461/622/635 2462/621/634 2463/619/631
f  2464/619/631 2465/618/632 2466/620/633
f  2467/621/634 2468/618/632 2469/619/631
f  2470/622/635 2471/621/634 2472/619/631
f  2473/619/636 2474/618/637 2475/620/638
f  2476/621/636 2477/618/637 2478/619/636
f  2479/622/633 2480/621/636 2481/619/636
f  2482/604/168 2483/603/168 2484/602/168
f  2485/602/168 2486/605/168 2487/604/168
f  2488/605/168 2489/602/168 2490/606/168
f  2491/201/156 2492/605/168 2493/606/168
f  2494/605/168 2495/201/156 2496/607/168
f  2497/201/156 2498/199/154 2499/607/168
f  2500/602/168 2501/603/168 2502/604/168
f  2503/605/168 2504/602/168 2505/604/168
f  2506/602/168 2507/605/168 2508/606/168
f  2509/605/168 2510/201/164 2511/606/168
f  2512/201/164 2513/605/168 2514/607/168
f  2515/607/168 2516/199/163 2517/201/164
f  2518/609/639 2519/608/640 2520/610/641
f  2521/609/639 2522/610/641 2523/611/642
f  2524/612/643 2525/611/642 2526/610/641
f  2527/614/644 2528/613/645 2529/615/646
f  2530/614/644 2531/616/647 2532/613/645
f  2533/617/648 2534/616/647 2535/614/644
f  2536/619/631 2537/618/632 2538/620/633
f  2539/621/634 2540/618/632 2541/619/631
f  2542/622/635 2543/621/634 2544/619/631
f  2545/623/649 2546/624/649 2547/625/649
f  2548/623/649 2549/626/649 2550/624/649
f  2551/626/649 2552/627/649 2553/624/649
f  2554/628/650 2555/629/650 2556/630/650
f  2557/628/650 2558/631/650 2559/629/650
f  2560/628/650 2561/632/650 2562/631/650
f  2563/633/651 2564/634/652 2565/635/653
f  2566/633/651 2567/636/654 2568/634/652
f  2569/633/651 2570/637/655 2571/636/654
f  2572/637/655 2573/638/656 2574/636/654
f  2575/638/656 2576/637/655 2577/639/657
f  2578/637/655 2579/640/658 2580/639/657
f  2581/640/658 2582/637/655 2583/641/659
f  2584/641/659 2585/642/660 2586/640/658
f  2587/642/660 2588/641/659 2589/643/661
f  2590/644/662 2591/637/655 2592/633/651
f  2593/637/655 2594/644/662 2595/641/659
f  2596/643/661 2597/641/659 2598/644/662
f  2599/643/661 2600/644/662 2601/645/663
f  2602/645/663 2603/644/662 2604/646/664
f  2605/647/665 2606/648/665 2607/649/665
f  2608/647/665 2609/649/665 2610/650/665
f  2611/649/665 2612/651/665 2613/650/665
f  2614/652/666 2615/653/666 2616/654/666
f  2617/655/666 2618/652/666 2619/654/666
f  2620/655/666 2621/656/666 2622/652/666
f  2623/657/667 2624/658/668 2625/659/669
f  2626/658/668 2627/657/667 2628/660/670
f  2629/661/671 2630/660/670 2631/657/667
f  2632/662/672 2633/661/671 2634/657/667
f  2635/661/671 2636/662/672 2637/663/673
f  2638/662/672 2639/664/674 2640/663/673
f  2641/662/672 2642/665/675 2643/664/674
f  2644/666/676 2645/657/667 2646/659/669
f  2647/657/667 2648/666/676 2649/667/677
f  2650/657/667 2651/667/677 2652/668/33
f  2653/668/33 2654/662/672 2655/657/667
f  2656/662/672 2657/668/33 2658/669/678
f  2659/670/679 2660/662/672 2661/669/678
f  2662/662/672 2663/670/679 2664/671/680
f  2665/665/675 2666/662/672 2667/671/680
f  2668/672/681 2669/673/682 2670/674/683
f  2671/673/682 2672/672/681 2673/675/684
f  2674/676/685 2675/673/682 2676/675/684
f  2677/676/685 2678/677/686 2679/673/682
f  2680/678/687 2681/673/682 2682/677/686
f  2683/673/682 2684/678/687 2685/674/683
f  2686/676/685 2687/675/684 2688/679/688
f  2689/680/689 2690/676/685 2691/679/688
f  2692/681/690 2693/680/689 2694/679/688
f  2695/679/688 2696/682/691 2697/681/690
f  2698/683/692 2699/681/690 2700/682/691
f  2701/684/693 2702/681/690 2703/683/692
f  2704/683/692 2705/685/694 2706/684/693
f  2707/685/694 2708/683/692 2709/686/695
f  2710/683/692 2711/687/696 2712/686/695
f  2713/687/696 2714/683/692 2715/682/691

